t,x,y,z
0.0,1.0,1.0,1.0
0.01,1.0335223951892807,1.2293376214211391,0.981499716768517
0.02,1.1349095216306009,1.5267565135608365,0.9671341229784504
0.03,1.3069637381837922,1.907705423063864,0.9590055257952333
0.04,1.5568079235566636,2.3930860456855854,0.9608293428022108
0.05,1.8953478145016622,3.007618743878007,0.9780042645846468
0.06,2.340247533256475,3.7848419712549037,1.0194711288623295
0.07,2.9138813737359768,4.7648798855818875,1.0994708739476493
0.08,3.6456584736090516,5.997442270733805,1.240015775611353
0.09,4.572444814607373,7.542136284814216,1.476068005315991
0.1,5.739665864220168,9.468379951426858,1.8626907689391514
0.11,7.200525920966029,11.850617424061317,2.484732685893175
0.12,9.014219821863268,14.758359768609541,3.4709844406948642
0.13,11.239453809868175,18.232635724020152,5.011050969402093
0.14,13.919767240921267,22.23992668600506,7.369724007237375
0.15,17.05454503405011,26.5919269628896,10.883551046048648
0.16,20.547818897995814,30.827031373825164,15.903574173683367
0.17,24.137055980936125,34.09449110429511,22.63775325849794
0.18,27.319877090740704,35.14917654162945,30.85878976927669
0.19,29.345211401058762,32.68087002293067,39.568336250911685
0.2,29.382369718913935,26.030478229193566,47.052931512083795
0.21,26.86410096740883,15.900336652459163,51.585914355226016
0.22,21.796646532995844,4.1621416971206315,52.52853480038198
0.23,14.791115545182407,-7.12291894140449,50.74595921277763
0.24,6.782649144993921,-16.616183608038746,48.025492181028085
0.25,-1.309036720204591,-23.801578512650714,46.11463738459781
0.26,-8.74581674794895,-28.474925153069634,46.11589827604666
0.27,-14.930226026939426,-30.286306549590133,48.270401600018864
0.28,-19.306563737566734,-28.734230618634875,51.92976418699707
0.29,-21.358658055996607,-23.580280542004296,55.74679181483593
0.3,-20.788338573655246,-15.416932917501128,58.22687513711046
0.31,-17.68421537596261,-5.633115892605261,58.54628849863505
0.32,-12.58416734622628,4.082218213136054,56.957485254154804
0.33,-6.3145517918221294,12.411146801698017,54.5302534967363
0.34,0.2460534490205856,18.647910047012253,52.48755831319976
0.35000000000000003,6.339995905074383,22.484158907697218,51.649622087685636
0.36,11.36512914987845,23.731437336522003,52.197382671802735
0.37,14.847917731729801,22.270343153553355,53.688934124011084
0.38,16.45706170944761,18.236094966558497,55.286440928552636
0.39,16.069751771170562,12.204104769544777,56.132617589781695
0.4,13.827767993271518,5.120211951062373,55.77369121863331
0.41000000000000003,10.136174033807889,-1.9582983853281857,54.32670608767402
0.42,5.563249845412262,-8.17617637706706,52.34223687359578
0.43,0.7119488865623897,-13.01430689765586,50.48511497703256
0.44,-3.884289559927092,-16.225248482260938,49.24487036734062
0.45,-7.801031973824183,-17.70339353002977,48.79535203058381
0.46,-10.720435566620765,-17.426187009722046,48.98838362029312
0.47000000000000003,-12.422338678316029,-15.476127839765308,49.44897161075123
0.48,-12.82702081904688,-12.151000844771799,49.7287963940037
0.49,-11.972048011549921,-7.883361356955484,49.498496451919216
0.5,-10.035293333693623,-3.2168736702925838,48.64687383935668
0.51,-7.302250597759861,1.3266925558389269,47.29651410698304
0.52,-4.109171360426747,5.345295917535616,45.71759404031708
0.53,-0.7893888391387889,8.589153257636376,44.20653398391221
0.54,2.369021790207541,10.934078226556604,42.98642683566457
0.55,5.139407491710804,12.333390415155995,42.158873864134534
0.56,7.354199039895923,12.785578294461208,41.70080236382669
0.5700000000000001,8.90449975892852,12.336477005151567,41.487595904626595
0.58,9.729509279952206,11.073189320649055,41.348619821147615
0.59,9.837638488808844,9.165892139002034,41.10985386633898
0.6,9.275154618474708,6.8032820756544785,40.65213252649262
0.61,8.138875059157614,4.204559897407699,39.92603529248514
0.62,6.563391453030487,1.5820939848682705,38.95738762336415
0.63,4.699986820028472,-0.8926907743082045,37.82736319950275
0.64,2.696067514873511,-3.09836038445591,36.63916646860776
0.65,0.6851915440722203,-4.961512157551535,35.49240290430845
0.66,-1.2236547457407543,-6.449953344720362,34.462528064348476
0.67,-2.948824829503378,-7.5569715376751025,33.59211083018872
0.68,-4.43190277531864,-8.289540302266483,32.89217519569118
0.6900000000000001,-5.636882436140173,-8.665363022969805,32.34502463825898
0.7000000000000001,-6.5415257448331285,-8.707092458544881,31.91416212206108
0.71,-7.1436292236888335,-8.448599127007272,31.552800396070925
0.72,-7.452829720712696,-7.935182463850804,31.211427325355487
0.73,-7.483591016678077,-7.207403823256679,30.84742094481622
0.74,-7.264998277709328,-6.319695452755619,30.42757236412893
0.75,-6.82996655708443,-5.322507699767342,29.932548399199575
0.76,-6.220200767241588,-4.269538415759835,29.3560095761734
0.77,-5.476552918363722,-3.20383559155276,28.7036032202551
0.78,-4.641766313034619,-2.1640445745942296,27.988808867739472
0.79,-3.753963042889129,-1.1757769134680671,27.2307525339024
0.8,-2.8477060138281507,-0.25797544598505273,26.44942583658835
0.81,-1.9499556217289147,0.5818343914858328,25.664287033318686
0.8200000000000001,-1.082406985844649,1.3407902526134168,24.89197802445759
0.8300000000000001,-0.2585004005896783,2.0237796507289194,24.145726159761942
0.84,0.5124673692616193,2.6372814099384807,23.435695035882276
0.85,1.227851988261866,3.1915595957672984,22.768549028157143
0.86,1.887918327084706,3.6973190761440806,22.148911640901233
0.87,2.496515122360123,4.165387801795506,21.579462761583777
0.88,3.0595353408805903,4.607275663718765,21.061768850306137
0.89,3.5848268292757925,5.033265608762353,20.596552285667435
0.9,4.078682829085216,5.451802535802506,20.185692787975928
0.91,4.551815080461367,5.873282347417668,19.828838158154994
0.92,5.011710915792182,6.304113356103525,19.528178437191393
0.93,5.4635277760568215,6.748968070939972,19.28735638914266
0.9400000000000001,5.919308092199104,7.216480259031118,19.106988847220645
0.9500000000000001,6.384416917422447,7.708182935395147,18.991392058145014
0.96,6.859374192417777,8.221799940116695,18.94725139281375
0.97,7.3458763545523995,8.75580425073947,18.9809757407147
0.98,7.85154635163253,9.310154595513458,19.096567141082158
0.99,8.372821022215545,9.873657312123102,19.29887037278654
1.0,8.904905290014563,10.434019900756885,19.593624119401074
1.01,9.446186346516221,10.978745072075778,19.986267141574423
1.02,9.981920317068266,11.48246523240559,20.473314933070785
1.03,10.496130297197082,11.918216566833562,21.05123224513956
1.04,10.97492031157911,12.25848661648729,21.715624667690154
1.05,11.392962071826837,12.471362599812117,22.442331245187273
1.06,11.723760706255923,12.522988826166776,23.207343521031472
1.07,11.943181076036797,12.386623628901507,23.98245278849069
1.08,12.026630195361577,12.049258872664597,24.722062506891724
1.09,11.946181734953376,11.491193820173361,25.386515952241524
1.1,11.693004838248688,10.729215636724035,25.937590061071894
1.11,11.26472348588213,9.793274403851504,26.335306035098153
1.12,10.659420118831271,8.70789378022292,26.55647667112519
1.1300000000000001,9.898250996141007,7.5227944924504975,26.594861342417126
1.1400000000000001,9.000302837590667,6.280733796945226,26.449840576302382
1.1500000000000001,7.9996568612912835,5.027908271053644,26.141585664415828
1.16,6.928808983431066,3.803645277776103,25.692793860242052
1.17,5.820978326638278,2.634949187828699,25.135291363605855
1.18,4.7078725941920085,1.5432485070104511,24.500774611766857
1.19,3.6136575445467307,0.53590406295707,23.81918085660873
1.2,2.559623021310239,-0.3839465265979465,23.118229875548263
1.21,1.5575535892288104,-1.2223606340929585,22.419026349912055
1.22,0.6155950511267029,-1.9882014413535996,21.74004757882866
1.23,-0.2649336533367516,-2.6937186292183264,21.09402269255348
1.24,-1.0863257111762612,-3.3527818069455355,20.4912976712489
1.25,-1.854713933517155,-3.9792950479424993,19.939097103904107
1.26,-2.577883568186364,-4.587240628427358,19.443623441869413
1.27,-3.2667079468980287,-5.190256869284736,19.009506142736488
1.28,-3.9302823259414974,-5.7995975533592885,18.64260353481598
1.29,-4.582090866334038,-6.427748113842679,18.34690020732363
1.3,-5.230701702457392,-7.0818063893604695,18.13022861604774
1.31,-5.885632063702477,-7.769365017534383,18.000422146264704
1.32,-6.560489713498754,-8.497371875901568,17.964390941641817
1.33,-7.256086140980365,-9.260251891299909,18.035108867065958
1.34,-7.972569852696068,-10.05180362030299,18.22599733051254
1.35,-8.71676754266912,-10.866445776143216,18.54862781837397
1.36,-9.481609421113328,-11.680778648208108,19.01218057766289
1.37,-10.257077373633168,-12.467797594624658,19.627595903052622
1.3800000000000001,-11.029880245721854,-13.191534057565399,20.399785978604534
1.3900000000000001,-11.768342564110416,-13.798849170321821,21.316459776930678
1.4000000000000001,-12.443378427016405,-14.234574403761064,22.36869750615868
1.41,-13.013220336580869,-14.44127901410302,23.515592577041545
1.42,-13.429195805567819,-14.35837536600347,24.705564853317586
1.43,-13.646781081505095,-13.94448806791763,25.875813953106814
1.44,-13.621132975312658,-13.179947873844615,26.94053355111983
1.45,-13.316308661118546,-12.062168658825415,27.82892407455594
1.46,-12.730107303442443,-10.654195900618154,28.471885317014383
1.47,-11.860227613551775,-9.011522583859648,28.82339106033003
1.48,-10.74003853584008,-7.223552106060443,28.877492640257078
1.49,-9.409307718572414,-5.373189432041817,28.648734617056913
1.5,-7.929385674095651,-3.5441229763836066,28.183540289284682
1.51,-6.3574191427979425,-1.7947864843998604,27.538585323011045
1.52,-4.75288242573695,-0.16842982642001325,26.779446651842846
1.53,-3.163512562765578,1.3164671413824662,25.96675164408175
1.54,-1.628938138228322,2.6536686400745624,25.15427407358275
1.55,-0.17406872001429707,3.8520961307379737,24.383768955766016
1.56,1.1846445974472526,4.924138556575553,23.68701995620769
1.57,2.4419716808000884,5.887277253155334,23.085279581067727
1.58,3.598155770012397,6.757228530721228,22.592575008032203
1.59,4.656829290884416,7.546182253834604,22.216712175788903
1.6,5.628276484263656,8.26767620673842,21.961246895149916
1.61,6.518425226996072,8.924324397040657,21.824893680912304
1.62,7.326478641635482,9.512879746288426,21.8072466519923
1.6300000000000001,8.057037363861363,10.03132510905516,21.905018907984648
1.6400000000000001,8.715205129690927,10.472310626615222,22.105998781272184
1.6500000000000001,9.292821846291806,10.821157460322983,22.3982427762895
1.6600000000000001,9.78658394372641,11.063192520109046,22.768388417546262
1.67,10.18821889468752,11.184170399278404,23.19377886148933
1.68,10.484090705248574,11.169336533929203,23.649169012768013
1.69,10.662802352401267,11.001911040972725,24.10990595083956
1.7,10.716587042735291,10.683484016867212,24.54509532875682
1.71,10.637775875726605,10.219406007041176,24.92249283132131
1.72,10.41901192882765,9.612113419112749,25.21527908815549
1.73,10.067292668520196,8.885453343115103,25.40536944572023
1.74,9.590346390561516,8.065676287426934,25.475264512825635
1.75,8.998235771704392,7.176157394063705,25.41841614936613
1.76,8.314780073432813,6.252557882578391,25.23992765958769
1.77,7.558952525608106,5.322549168735928,24.945033007576725
1.78,6.7537391510952185,4.4091208842512,24.549717034045745
1.79,5.923621131993554,3.5348226355026977,24.071803223263625
1.8,5.087833607989535,2.7117014542007425,23.52877830427695
1.81,4.265592511314348,1.94896405681328,22.940695383561398
1.82,3.471354794025755,1.2502387598170397,22.323484129600402
1.83,2.714366840361108,0.6131915083809015,21.691787667888107
1.84,2.00221807065653,0.034245106112286705,21.058470876000236
1.85,1.3373776841892184,-0.49369150842198145,20.43246557370365
1.86,0.7198303597019519,-0.9790921183892858,19.821387844515858
1.87,0.14665356338716012,-1.4315592883258468,19.230662992389952
1.8800000000000001,-0.38730049181346615,-1.861446004405005,18.664447060088744
1.8900000000000001,-0.888207375663802,-2.279036102545482,18.126029906936246
1.9000000000000001,-1.3641894167693653,-2.695224206987619,17.618038811183713
1.9100000000000001,-1.8236250237481353,-3.1206166353296383,17.143062339836373
1.92,-2.2762704464652463,-3.5662607134785653,16.703804459053224
1.93,-2.7310792630541236,-4.042725217491243,16.303862307834212
1.94,-3.1991782618033002,-4.561434841805259,15.947076133979115
1.95,-3.6898395176497956,-5.133187054261791,15.64006817633087
1.96,-4.2146091749543135,-5.769546648512497,15.388880885289677
1.97,-4.784109066363653,-6.481184959167445,15.204595858506918
1.98,-5.408210574680936,-7.278565141209309,15.099892099213045
1.99,-6.099601117757766,-8.171727434603184,15.089053898818904
2.0,-6.8654668927426705,-9.163497983214668,15.195372892866125
2.0100000000000002,-7.7136496400672865,-10.256994130199901,15.443248709144653
2.02,-8.651700634592602,-11.446899398508002,15.861382121846551
2.0300000000000002,-9.67376112721103,-12.707128024328858,16.483142283771915
2.04,-10.775450811670657,-14.008660319495506,17.345020261068978
2.05,-11.933551453516836,-15.28745883650243,18.474765142079583
2.06,-13.113931467737393,-16.460556862103495,19.8957920819974
2.07,-14.25985393033615,-17.412682762226403,21.600582142607035
2.08,-15.29701593943442,-18.00531907170968,23.559614409473035
2.09,-16.12639782777703,-18.097226994170033,25.674099763065907
2.1,-16.638826367748887,-17.552748858353013,27.816627194825248
2.11,-16.729288441207714,-16.30994623893401,29.796325483237794
2.12,-16.308542658779633,-14.361367291283191,31.432526263223355
2.13,-15.347342953724949,-11.837245889879398,32.558524758764776
2.14,-13.855548139105746,-8.902848976044622,33.096633153602546
2.15,-11.900737860402337,-5.773848717800087,33.05242256232424
2.16,-9.600490501207796,-2.6600072324157,32.525357207603534
2.17,-7.084560802225383,0.2824540971409111,31.664985606112584
2.18,-4.484259541212488,2.9519195850545774,30.640605392927053
2.19,-1.9136649150108642,5.300796128133908,29.609693292519257
2.2,0.5396065727106674,7.31969004797126,28.697671302156202
2.21,2.81439391947589,9.016515425536607,27.99035105905605
2.22,4.869656540512338,10.400771281750757,27.536937226730796
2.23,6.678648348745705,11.47403492056942,27.353318394139336
2.24,8.221272407364959,12.230071256281226,27.421273737869488
2.25,9.48141085639496,12.646785159631932,27.707514496665993
2.2600000000000002,10.43930491727814,12.71270020943544,28.142086316430994
2.27,11.073657647475985,12.41944551017936,28.648449427294825
2.2800000000000002,11.37283137218145,11.76197796756142,29.145036006025364
2.29,11.34076636621464,10.781932982533393,29.551192975264613
2.3000000000000003,10.98018461362425,9.519141284941332,29.79601039795526
2.31,10.321060483671776,8.047807167095844,29.839910607623207
2.32,9.396935893049493,6.4419458397471505,29.661035014422065
2.33,8.264460354479395,4.78529027403505,29.2736739212891
2.34,6.977993009786128,3.1454977129679893,28.705824936959363
2.35,5.599010384179612,1.5787655101689184,28.004373794119836
2.36,4.180619687066602,0.1199927562923763,27.218084083483458
2.37,2.7711073500011305,-1.2097066181945384,26.396200945780404
2.38,1.4055517947943263,-2.4067577573569676,25.580111419070448
2.39,0.11089485643992303,-3.4744713769084266,24.80393279754807
2.4,-1.0990512951992928,-4.425727265179281,24.09148424691864
2.41,-2.216043714295214,-5.273752940673291,23.460219645811232
2.42,-3.239929740234224,-6.0335035037389355,22.92005459414296
2.43,-4.175389642873933,-6.719396435144654,22.4761298723493
2.44,-5.02713379656705,-7.340358769793616,22.13028161744115
2.45,-5.8015077946154685,-7.905468048778883,21.883341519971836
2.46,-6.511889441464226,-8.423195477437288,21.73010090916288
2.47,-7.158484100416421,-8.890616655343855,21.667505811944245
2.48,-7.739659269238272,-9.30363954757825,21.693111583229438
2.49,-8.261211239412566,-9.66049890139467,21.800778261144604
2.5,-8.72700272285117,-9.955826824046309,21.978242468149396
2.5100000000000002,-9.129696906256168,-10.179003171199959,22.214687819405903
2.52,-9.464434492650321,-10.31939913076079,22.49909617474895
2.5300000000000002,-9.728987486142879,-10.368690245610766,22.815737997193164
2.54,-9.91480525654933,-10.320654941658695,23.14530256962018
2.5500000000000003,-10.012801080613691,-10.167382194806843,23.468678064511472
2.56,-10.016612902984262,-9.90220666452607,23.7678804978617
2.57,-9.925924978165575,-9.535055430237852,24.024204316443463
2.58,-9.740835733043083,-9.07731369683339,24.218819987926718
2.59,-9.460006643363313,-8.536261470579674,24.33566050880241
2.6,-9.090740852004943,-7.927487650735987,24.368386042813572
2.61,-8.645070664278292,-7.273386789915586,24.312537324728
2.62,-8.131450253934016,-6.5899868628136415,24.164869992132054
2.63,-7.566020762504821,-5.897028261657942,23.93216804138792
2.64,-6.965731550203173,-5.214523228664604,23.622011140995934
2.65,-6.343981064286926,-4.555023066823642,23.242474195351473
2.66,-5.716583586476414,-3.930453901336687,22.806779202193397
2.67,-5.0976562091585365,-3.3504999773612925,22.32608743587321
2.68,-4.497319439465772,-2.8187929863492664,21.810998718885255
2.69,-3.9252618647345683,-2.338009766946935,21.27302197919142
2.7,-3.3887953335522125,-1.9086349082559655,20.720785566807834
2.71,-2.891085798544916,-1.527837359338286,20.161036623271173
2.72,-2.4348829340806177,-1.19249478682998,19.600540003422367
2.73,-2.0209489270315,-0.8984486947996977,19.044303132774708
2.74,-1.6480330059054225,-0.640892820592867,18.495310501226733
2.75,-1.31447555393758,-0.4149393510472194,17.956400108885827
2.7600000000000002,-1.0167983941054815,-0.21519887568768936,17.42933878232819
2.77,-0.7516712869873541,-0.036762147206853196,16.915338658209095
2.7800000000000002,-0.5148157327727054,0.1254407990782371,16.41516016615273
2.79,-0.3019011918790641,0.27620426408886395,15.92923525973762
2.8000000000000003,-0.10846273624637995,0.4201702354185758,15.457774137910683
2.81,0.06985584099403461,0.561801169745352,15.00085581182393
2.82,0.2375975825280733,0.7056098466165492,14.558490525255719
2.83,0.3991751946167499,0.8560876262736935,14.130683223036874
2.84,0.5591134347344449,1.0179420360514138,13.71748703736983
2.85,0.722121021129445,1.1961816094440638,13.319046791426276
2.86,0.8928034577677726,1.396177173954076,12.935688353698179
2.87,1.0764058149767564,1.624034900858634,12.567975214225232
2.88,1.2781963220075607,1.8865730403197887,12.216812064012856
2.89,1.5043787166377132,2.1916083575515177,11.883564909783583
2.9,1.7616537142654487,2.548520405508309,11.570346811722501
2.91,2.057636368835672,2.967472937970741,11.279971794803973
2.92,2.4014748034387106,3.4617052070370473,11.017017277835464
2.93,2.8028815419970194,4.044641570709718,10.786984055189796
2.94,3.274396334559091,4.73430493130637,10.599305895434401
2.95,3.828902533113828,5.548555431325492,10.464703468080707
2.96,4.482755590230916,6.509625927946532,10.401722333034591
2.97,5.253162158347939,7.640233060167694,10.431569159079844
2.98,6.1592587600306645,8.962194574237815,10.588705992464588
2.99,7.221936467711119,10.498144070278768,10.914817946741891
3.0,8.458864956157868,12.256082384255961,11.469015210600954
3.0100000000000002,9.884992270270226,14.232871577841106,12.326420070763481
3.02,11.504695103998504,16.39140305475768,13.576520735150684
3.0300000000000002,13.301698566644117,18.64505671844073,15.320957057173361
3.04,15.228399290802844,20.833817392271495,17.651204278284073
3.0500000000000003,17.19290277314139,22.710224250395,20.627710110752673
3.06,19.03611468014919,23.926228125378373,24.20972845195031
3.0700000000000003,20.53877097475491,24.088880430483513,28.215930686510557
3.08,21.427399456358728,22.83189898417847,32.28638482513819
3.09,21.428530796166918,19.985628352146627,35.900723171684334
3.1,20.356873085873683,15.694421164417145,38.55403774727149
3.11,18.161806734647328,10.38622818920362,39.91525076916844
3.12,14.969338928052531,4.663281435249192,39.97887785712376
3.13,11.0435357009365,-0.9038083336016509,39.04845040869921
3.14,6.7150257401839015,-5.913782080728318,37.60735889523164
3.15,2.302400530715886,-10.161830606467602,36.15339661660801
3.16,-1.9315468860044076,-13.574061708244509,35.08053994252961
3.17,-5.788765564905032,-16.12196181567218,34.62810439676657
3.18,-9.117818436427964,-17.753703824547802,34.87176765798565
3.19,-11.79077164276134,-18.381607902312226,35.732019368469544
3.2,-13.692052073019063,-17.92821184284437,36.98179810503161
3.21,-14.71235585379491,-16.34430788023429,38.315337470088885
3.22,-14.808720798171752,-13.760819533412363,39.39407653901277
3.23,-13.98256461802075,-10.387434341150893,39.95748043853834
3.24,-12.324061926662429,-6.552473143646058,39.88296940986652
3.25,-9.998530834945408,-2.608779239349336,39.21281281020982
3.2600000000000002,-7.221720358893251,1.1426467369851685,38.12122727347417
3.27,-4.216351333022253,4.4937290937432435,36.8413161920848
3.2800000000000002,-1.1883510704566782,7.3274342195357995,35.60219841588498
3.29,1.694601201097797,9.597093247287836,34.579463883772476
3.3000000000000003,4.306294320448087,11.287783487592902,33.87531081261551
3.31,6.553478068445594,12.391988424486259,33.51905724834696
3.3200000000000003,8.371136096361324,12.907778508184267,33.46945501638276
3.33,9.70833508434896,12.829512228237691,33.63971072642142
3.34,10.542115888267363,12.1946151398798,33.90315955354076
3.35,10.85643920358967,11.042002628863461,34.13330783209963
3.36,10.671407124737215,9.467586737073683,34.21733760448844
3.37,10.024149727008805,7.58127644168615,34.07918536415492
3.38,8.97898170605813,5.515778210487765,33.685692395284036
3.39,7.624134485744968,3.40075146609335,33.05628146926944
3.4,6.051790904254234,1.343659298228939,32.240079459120786
3.41,4.357462343606135,-0.5736320280880745,31.30821656334456
3.42,2.626339282298739,-2.3023214307483446,30.335319960848246
3.43,0.9291134417354151,-3.817987484315377,29.38750385771895
3.44,-0.6801393430176912,-5.114959308429741,28.516007575192774
3.45,-2.1639902703397773,-6.200597567699496,27.755316942963226
3.46,-3.4987559510849797,-7.086086457002515,27.123228965602763
3.47,-4.670853889519677,-7.783116042978789,26.623710950753363
3.48,-5.675679393136486,-8.305092497339539,26.249266127236513
3.49,-6.5122688483685724,-8.659831230195692,25.984588645735357
3.5,-7.182578067439613,-8.857193042509625,25.80805822734615
3.5100000000000002,-7.6888703959140665,-8.90730115680367,25.69727601415639
3.52,-8.037271890343003,-8.816371280478274,25.62391187204183
3.5300000000000002,-8.236300124539058,-8.598379736799652,25.56438134184393
3.54,-8.294165918669085,-8.26880391693227,25.496377936986832
3.5500000000000003,-8.22033757248934,-7.840639044539444,25.396809369254267
3.56,-8.029848427824467,-7.334971738669943,25.25335668186984
3.5700000000000003,-7.7371676291771525,-6.772579667039409,25.054178479074952
3.58,-7.357474754486001,-6.171648038612849,24.792913571016488
3.59,-6.910322930146989,-5.5538458841668605,24.47179872805963
3.6,-6.4127733452434015,-4.937023441259944,24.09141794760995
3.61,-5.881754607897073,-4.3349896728598125,23.65886962656345
3.62,-5.334657677814103,-3.7612764172203104,23.18287676655306
3.63,-4.785313436227723,-3.2242316850962927,22.67075169818164
3.64,-4.2457465897805,-2.7290133315030163,22.132534141257274
3.65,-3.7271775552618545,-2.279869290521603,21.576564787530238
3.66,-3.2360217582652844,-1.8765813992467582,21.009561991537435
3.67,-2.777409046550076,-1.5177967051290004,20.438560577243848
3.68,-2.355162336413081,-1.2013921333524904,19.868983141048073
3.69,-1.9699964642506114,-0.923655214251579,19.304286754130462
3.7,-1.622095595203399,-0.6806321332868123,18.74785654408798
3.71,-1.309893280158747,-0.4677072001680859,18.20210463591547
3.72,-1.031169765002865,-0.28047072987704624,17.66844897046034
3.73,-0.7829320191882241,-0.1143044896396804,17.148049434628835
3.74,-0.5616874556058764,0.03523870393753617,16.641523236960897
3.75,-0.36362753172760803,0.17251114514726787,16.149235253167745
3.7600000000000002,-0.18490145295556706,0.30164609792365304,15.671331428821443
3.77,-0.021587359253734298,0.42665887246945045,15.207821909711909
3.7800000000000002,0.13028934100009792,0.551513990010311,14.758642580559966
3.79,0.27468219517394205,0.6801658650056511,14.3237028549316
3.8000000000000003,0.4155873976334722,0.8166552743498621,13.902921898134126
3.81,0.5569389981172846,0.9652207067657111,13.4962978856432
3.8200000000000003,0.7029659888379405,1.1304218794209413,13.103901925233062
3.83,0.8578324307345039,1.3173018160544883,12.726007614200674
3.84,1.0263044488588335,1.531467231245435,12.36305100799452
3.85,1.213333762747212,1.7795515488819968,12.015876256540514
3.86,1.4245584295799307,2.0687527054528076,11.68560479311975
3.87,1.6664937142793073,2.408349582795838,11.374241460708493
3.88,1.9461429475458643,2.8078855644539025,11.084177122001542
3.89,2.272447257945505,3.280368739126697,10.819711626208182
3.9,2.654655930879949,3.8389127351540564,10.585722362927802
3.91,3.104888931927528,4.500980819330244,10.390885065452895
3.92,3.6359336509549447,5.284799406208628,10.245187869720004
3.93,4.263551413923568,6.211993363164575,10.165411280434293
3.94,5.005214886971649,7.306350706003454,10.171919593921642
3.95,5.879944436225356,8.590539943443666,10.296013561622738
3.96,6.909230881149721,10.089115883917717,10.578178081674611
3.97,8.11245943911404,11.815271551854414,11.073555724764345
3.98,9.506927290707432,13.771526540764352,11.855930521457429
3.99,11.102978870234583,15.93409724879518,13.013769432128997
4.0,12.886665378244777,18.222680392424802,14.650270964197654
4.01,14.825523150982958,20.50409663135547,16.870077267983273
4.0200000000000005,16.83381487653137,22.540583146421234,19.745323695443904
4.03,18.768556123086704,23.9990944579891,23.268365264773646
4.04,20.420256439578075,24.472731879907695,27.303833506147523
4.05,21.51149460051267,23.559740143987494,31.510608690051132
4.0600000000000005,21.756205951494035,21.026821457160363,35.3822403899405
4.07,20.92802238372499,16.92783375259293,38.37543334363063
4.08,18.937609761987577,11.65864574514438,40.07794994838264
4.09,15.877599450524055,5.826622689692805,40.41049881790621
4.1,11.995430592885718,0.04850006098373605,39.63057901572755
4.11,7.627563887069024,-5.21536036455462,38.22083156510301
4.12,3.1117128815610977,-9.715222159135335,36.71051669153967
4.13,-1.2654066432688738,-13.354539664746138,35.53855942812925
4.14,-5.28619078708541,-16.10098599415354,34.98378197031685
4.15,-8.784884214498897,-17.903734030235363,35.15279757160471
4.16,-11.623707605181702,-18.6742049337928,35.98247665289883
4.17,-13.678120195930406,-18.323722103080115,37.25336744291806
4.18,-14.829153238765546,-16.792229136874806,38.64819586766713
4.19,-15.023373574317093,-14.199843792541554,39.80907615979935
4.2,-14.25377191799578,-10.758188860782676,40.44880308479711
4.21,-12.607543009621116,-6.809589171507334,40.42528575617727
4.22,-10.252916771141752,-2.728456734201661,39.772982713385346
4.23,-7.414380270232167,1.1617420173446134,38.671183370366485
4.24,-4.326738514538961,4.63556744240289,37.36648428936096
4.25,-1.2084015190707504,7.565779426195177,36.10321502351351
4.26,1.761896459866581,9.900584372498702,35.06879917417049
4.2700000000000005,4.449082146003534,11.622334771673215,34.37131940489496
4.28,6.752883853764738,12.721066328278022,34.039209498816476
4.29,8.602163444659265,13.192416776041641,34.02599731528545
4.3,9.94495741879139,13.036727868689002,34.231923086042876
4.3100000000000005,10.751610585884194,12.28791342183454,34.52052862419623
4.32,11.012303489909229,11.000936379694062,34.75760865219483
4.33,10.744474269177175,9.27729192964336,34.821621494932195
4.34,9.997165298234455,7.247576865193801,34.640669142145825
4.3500000000000005,8.840714043350443,5.052570879076644,34.18902366717576
4.36,7.37283367837281,2.8335902673842206,33.4945673538777
4.37,5.695206402518301,0.7009586887412942,32.61989473954364
4.38,3.9081158878638407,-1.2646296811731363,31.64399614493447
4.39,2.101596567444463,-3.015286910390392,30.647481567098772
4.4,0.348856373721002,-4.529768015687898,29.699157741552504
4.41,-1.2968098562316952,-5.806993486645041,28.848350182393894
4.42,-2.79742495708557,-6.8539606923757805,28.126362489782913
4.43,-4.129121288206948,-7.682157686468326,27.54670351542024
4.44,-5.2802765989287295,-8.304700861380336,27.105862704822655
4.45,-6.244255510709764,-8.730933884564376,26.791476510183728
4.46,-7.020941604196194,-8.971401204556827,26.579848850257836
4.47,-7.611871863141558,-9.038967295960907,26.445190934049144
4.48,-8.02080100368548,-8.940800467783847,26.356194452617558
4.49,-8.256728603972293,-8.693044145636373,26.284606872430672
4.5,-8.328998170303317,-8.314415389350147,26.203525513246085
4.51,-8.248230561608143,-7.821147629826428,26.086871913231626
4.5200000000000005,-8.032196214393975,-7.239229659015328,25.920150345342066
4.53,-7.696961795266666,-6.5923070223874705,25.688643996633733
4.54,-7.26223561623431,-5.903777363162181,25.38838464782907
4.55,-6.750783886918691,-5.199317197100239,25.02093007317851
4.5600000000000005,-6.18206645212498,-4.498011019247146,24.588802345705965
4.57,-5.577294118206114,-3.8169076054801443,24.102387968590193
4.58,-4.955723249161757,-3.1702125962700256,23.570552219065867
4.59,-4.332702331239905,-2.5653173566499343,23.004327396089444
4.6000000000000005,-3.7230270338547724,-2.008449036095421,22.415113648454415
4.61,-3.1367917699595296,-1.5011180067227232,21.811533965519715
4.62,-2.580816215140342,-1.041637808978709,21.20239036610696
4.63,-2.0607231937974433,-0.6276072871531299,20.594957472712014
4.64,-1.5781853809501902,-0.25420269057049494,19.99414956845311
4.65,-1.1335262727552604,0.08413595192225548,19.404449057940898
4.66,-0.7248931991072824,0.3937706539128062,18.828853463823283
4.67,-0.34906744933957734,0.6814856211945987,18.269621274117004
4.68,-0.0016789224126157465,0.9543148867502518,17.72834345180949
4.69,0.322273151276301,1.2192975120352345,17.20618351266294
4.7,0.628562776227571,1.4836814447285975,16.704054217209215
4.71,0.9233089395827715,1.7547749087043218,16.222794780196008
4.72,1.2132809752885163,2.0402312936864977,15.763300656010859
4.73,1.5050490306944797,2.347754955485213,15.326750967148554
4.74,1.8062541747493839,2.6858477901254316,14.914684743694949
4.75,2.12403286452984,3.0633188644294043,14.529410987289882
4.76,2.467040998997113,3.4898816240653012,14.173687676414518
4.7700000000000005,2.84372119783198,3.9765139823618845,13.852293045944966
4.78,3.263587920045739,4.534402851696647,13.57007811112792
4.79,3.7372666048221777,5.17689807238659,13.335986598690113
4.8,4.275616622576406,5.917805965404535,13.159839098614889
4.8100000000000005,4.891096014605831,6.771100714787442,13.055930430642013
4.82,5.59633340131497,7.751657784972249,13.044635384411261
4.83,6.405313341347396,8.87352821300187,13.147856244474287
4.84,7.329263865192286,10.142479295405419,13.401225635938093
4.8500000000000005,8.379402159837584,11.56303154829152,13.844348560246216
4.86,9.562648911140638,13.122858404502477,14.525907754513103
4.87,10.87234753500033,14.783128999255108,15.502287328831033
4.88,12.297258866804256,16.486099054996867,16.83401412874653
4.89,13.794019120576435,18.116115013610518,18.566607880122074
4.9,15.30132263802157,19.520597521352517,20.728915363644866
4.91,16.714902162743964,20.487847360640302,23.292607954144117
4.92,17.897184637964024,20.785913244491795,26.147875137479463
4.93,18.67973029955523,20.1838696182718,29.101008342065636
4.94,18.89116160328668,18.551845793504736,31.855498169087383
4.95,18.392209478804546,15.889033309188198,34.10896829289687
4.96,17.11539972062705,12.383226806063899,35.59134624728858
4.97,15.08985860011979,8.34397690903954,36.19492308173632
4.98,12.435000663457133,4.12779736592751,35.97831558206538
4.99,9.336507442881283,0.05440471846400052,35.14468881680189
5.0,6.0044403847879515,-3.65594369997204,33.97607691617082
5.01,2.6345031209907166,-6.887452511454114,32.75533202495552
5.0200000000000005,-0.6131540281641339,-9.598794898700605,31.714867613801726
5.03,-3.6205694802065227,-11.784641835860295,31.011290709456663
5.04,-6.3027688845902805,-13.439113361273911,30.72397434398024
5.05,-8.596013072115174,-14.541000252750807,30.854945109832023
5.0600000000000005,-10.445508232933589,-15.047155598195143,31.349605964497396
5.07,-11.802052628268353,-14.931336168281883,32.07986741680697
5.08,-12.613880801540526,-14.157663436866478,32.89584506829493
5.09,-12.8649601635803,-12.779588771735169,33.62949487692307
5.1000000000000005,-12.549070985091294,-10.878655928414473,34.123629406336214
5.11,-11.702559402744376,-8.590252241789381,34.28403762981885
5.12,-10.38897334880375,-6.074995843243588,34.0712326855409
5.13,-8.710850971288025,-3.5056350434160413,33.51657812409074
5.14,-6.780875038402959,-1.0200148061473657,32.70071792857213
5.15,-4.714380787963268,1.279755713234339,31.728918536871163
5.16,-2.617120574364759,3.3330148151122807,30.710584736630587
5.17,-0.5760227454128688,5.1130647602950114,29.74047089827115
5.18,1.3454426656013558,6.6181999519609,28.88753331437779
5.19,3.101834346071664,7.8552842258004185,28.19625541730634
5.2,4.664101909487886,8.835029976566153,27.687035406915133
5.21,6.0160584562921215,9.567353516901221,27.356837037264185
5.22,7.147167996165974,10.055230398938074,27.190144687943256
5.23,8.051948381422239,10.30449622474129,27.15238492441346
5.24,8.725706361576202,10.322508598729723,27.20537067870968
5.25,9.167697559946388,10.110769243438023,27.304011503588846
5.26,9.384650372513915,9.690231025964135,27.404593537615636
5.2700000000000005,9.382557617344602,9.082107479871194,27.46365513002619
5.28,9.174477485500852,8.31301956152737,27.447577487246797
5.29,8.782410072988657,7.423578426874574,27.333020806098855
5.3,8.227373266503902,6.4485853672023286,27.104785523778233
5.3100000000000005,7.542714565706465,5.431176053111506,26.765302199207884
5.32,6.757619934281838,4.40621473227661,26.319436365792075
5.33,5.905123699823361,3.4033890047292634,25.784885611489216
5.34,5.01557975228264,2.4468750454541643,25.17960025980791
5.3500000000000005,4.115142391302264,1.5501641814908358,24.525107727249
5.36,3.2274505010131476,0.7229843064847428,23.841560916017393
5.37,2.3678678849430543,-0.03468665940567206,23.14634551706357
5.38,1.5494066709772052,-0.7251538726237409,22.45547239325022
5.39,0.7779887132757806,-1.3555662860484863,21.780157234736485
5.4,0.056296064399366186,-1.9352430542177284,21.13014363088882
5.41,-0.6171289892079939,-2.4747931168723323,20.512065802061517
5.42,-1.2462767089810112,-2.985721376863132,19.931225712719446
5.43,-1.8379739312400225,-3.4799614490345094,19.391414418861153
5.44,-2.399572005097226,-3.9688382157962554,18.896214843512915
5.45,-2.941171321763785,-4.464347724554384,18.448346510931955
5.46,-3.4710777295655495,-4.976529455609266,18.052181304003334
5.47,-4.000522533420925,-5.516623268893235,17.71093268043067
5.48,-4.539177808367699,-6.093655019802439,17.43070082165168
5.49,-5.094970234130903,-6.715460777220606,17.21907859374767
5.5,-5.680735775300965,-7.39167149010355,17.082416946898316
5.51,-6.30217394671552,-8.124466405263039,17.03350408541149
5.5200000000000005,-6.963449329797225,-8.914787378117435,17.086337669091478
5.53,-7.674546250606403,-9.765477735805044,17.254516381045754
5.54,-8.434464741857163,-10.663528754789239,17.55482919434729
5.55,-9.238255767717254,-11.591630525563644,18.005340244464573
5.5600000000000005,-10.08327363582866,-12.528707772521619,18.62449909742733
5.57,-10.949251046238352,-13.430217608474644,19.421252223558728
5.58,-11.814869778667383,-14.247043194087814,20.405667688914942
5.59,-12.643616653568582,-14.912105173443877,21.565732031501547
5.6000000000000005,-13.389736015116704,-15.347504066668554,22.879591571565403
5.61,-13.998434399075355,-15.477146822462972,24.295488188209433
5.62,-14.404759800222964,-15.225370443297864,25.737362215709485
5.63,-14.550852035808498,-14.547835755434734,27.115364206046173
5.64,-14.382028192240321,-13.43183181424934,28.316927710042293
5.65,-13.867001790054575,-11.907727475516865,29.253808184257732
5.66,-13.00288629137323,-10.060007606590188,29.847684452329098
5.67,-11.810773079199267,-7.987024912497869,30.07253106476443
5.68,-10.338248733333746,-5.807190896221744,29.936400290964077
5.69,-8.65743185578044,-3.630965244176245,29.494658727907822
5.7,-6.84277682322228,-1.5448910428075635,28.821087604445395
5.71,-4.971853473958564,0.3907246164330058,28.004542445143784
5.72,-3.1093544125397337,2.1469177113984816,27.128254612784012
5.73,-1.3082534241996817,3.7139188892515187,26.265070438035327
5.74,0.394820283278714,5.099233254540004,25.472137985560042
5.75,1.977845558426348,6.316744552756494,24.788607032164773
5.76,3.429310864477548,7.383573171949398,24.241526955956314
5.7700000000000005,4.745643586342036,8.312263518991553,23.84336331249025
5.78,5.9316157722253,9.115510738958644,23.599918598709234
5.79,6.989289372739547,9.793827364352559,23.504655942593384
5.8,7.912692634621984,10.340799925261106,23.547515756460673
5.8100000000000005,8.698981484441427,10.749771922125838,23.716932316365664
5.82,9.354074816335544,11.01150927301199,23.987610170868827
5.83,9.86837760009421,11.115414269185802,24.3288790236449
5.84,10.23095309479671,11.049428206788301,24.709920079148173
5.8500000000000005,10.436971545996641,10.803087189371924,25.09601874845371
5.86,10.484007117256875,10.387080012547747,25.451029513946583
5.87,10.369010240817904,9.813372902339994,25.73902703938166
5.88,10.092188144240051,9.09340671814709,25.931474442889414
5.89,9.667896154246243,8.259847309286696,26.01126324596739
5.9,9.107616851730816,7.341739564326069,25.962693851767266
5.91,8.43252902159173,6.371759955856801,25.78684818433472
5.92,7.669370075011819,5.386752504429285,25.490745601355314
5.93,6.841004154476456,4.412188565444058,25.086061598389794
5.94,5.975615774739005,3.4730523787594274,24.59331273344786
5.95,5.0965690756199455,2.586301202228578,24.030928739983274
5.96,4.224595523539673,1.7612041709047812,23.420217583385444
5.97,3.3779473095346315,1.0038215280782232,22.77997110482208
5.98,2.5672806194372013,0.3118557691610204,22.12571041515785
5.99,1.8014738914394939,-0.31865411452053727,21.47205505305943
6.0,1.0841382975909568,-0.8950219937364332,20.829057835537718
6.01,0.41561924405382616,-1.4265908902206919,20.20521641510118
6.0200000000000005,-0.20698227066249042,-1.923832496148036,19.606602464414273
6.03,-0.7886737056694935,-2.397860939041929,19.037994719019785
6.04,-1.3366891376769048,-2.8601687800653295,18.50301380647662
6.05,-1.8589501572010914,-3.3220771968569953,18.004925258344425
6.0600000000000005,-2.3652262864795026,-3.7952436197266164,17.54677708255023
6.07,-2.8646366306659123,-4.2906157735764205,17.132249965273793
6.08,-3.3685767489722163,-4.819821547167629,16.76517221950359
6.09,-3.8860407205379692,-5.393064202105726,16.451996483980388
6.1000000000000005,-4.429063264261749,-6.021697856684129,16.198253323542662
6.11,-5.0075188683168985,-6.714850477931389,16.014427708267306
6.12,-5.630332674674196,-7.481181941670636,15.91241285180208
6.13,-6.310358836163648,-8.329797175400769,15.9045518683962
6.140000000000001,-7.052594321241621,-9.259939724896919,16.011617297654677
6.15,-7.861272670912108,-10.26998275336447,16.255559505069975
6.16,-8.74381044179743,-11.355128978783144,16.660117459385052
6.17,-9.692822876121074,-12.48771932474187,17.251120930345106
6.18,-10.700114524174525,-13.636542913964913,18.056705419584933
6.19,-11.745106527624298,-14.745924765509892,19.096752165137556
6.2,-12.792284334962432,-15.739280797161925,20.381640297841795
6.21,-13.793878440791202,-16.5218996985452,21.90184314563975
6.22,-14.681731279376743,-16.97861454127526,23.618143453516815
6.23,-15.3768931682171,-16.999152166769633,25.45244442596529
6.24,-15.78690633540378,-16.47970543327167,27.28760425314945
6.25,-15.832698068794526,-15.377942700646091,28.980472441386734
6.26,-15.441216824063085,-13.691825566564473,30.37550402146992
6.2700000000000005,-14.592104765491948,-11.51842499312273,31.354263353806182
6.28,-13.290159861631473,-8.98781905582187,31.841278234583363
6.29,-11.594809644921481,-6.275255694730804,31.838632414766852
6.3,-9.593163399793777,-3.5420141649723664,31.41246802023516
6.3100000000000005,-7.3916837482959155,-0.9247956400866459,30.672528666659055
6.32,-5.099549988071523,1.4858547029177651,29.751543512680236
6.33,-2.811541412321895,3.6441074009748924,28.775864773387585
6.34,-0.603504943856761,5.53559389084027,27.851940705599457
6.3500000000000005,1.4693962673770327,7.166128432207239,27.060957334777648
6.36,3.373586968991906,8.550265978521317,26.45324591981876
6.37,5.087277651213887,9.698619289183682,26.056388487051183
6.38,6.599979715024116,10.617419772238355,25.877529449995087
6.390000000000001,7.904019925152294,11.300847658580894,25.902340652894317
6.4,8.985500950582033,11.739207267997866,26.098340246377727
6.41,9.833458354964558,11.916349003480676,26.429688620812637
6.42,10.442084992715099,11.819283442841758,26.84178712117943
6.43,10.801072723738454,11.455287100879898,27.272843626536943
6.44,10.90065891767956,10.828799694546518,27.66126419779316
6.45,10.745989564791548,9.96191781842867,27.95536210568471
6.46,10.35127371783746,8.90071355539579,28.11153911877476
6.47,9.73303808201248,7.6885134389614365,28.101646588779772
6.48,8.926012405153017,6.386514088846493,27.91852400308276
6.49,7.964311527112968,5.04567737803853,27.567907146442924
6.5,6.893648865970037,3.7182900555987732,27.073975766278945
6.51,5.7539137166998175,2.4408786762518555,26.46507622785962
6.5200000000000005,4.586275969774733,1.2414766488068183,25.777083979558896
6.53,3.423170497587085,0.13408395549991203,25.04244722454666
6.54,2.292505222842162,-0.8756920594849572,24.292874114142137
6.55,1.2121356881745458,-1.7913687325703203,23.552501822623352
6.5600000000000005,0.19371748487332308,-2.6220809200856925,22.84208352199685
6.57,-0.7575277714942477,-3.37920121466494,22.176157445092606
6.58,-1.6421665000297812,-4.076938604516222,21.56554749121977
6.59,-2.464806614801126,-4.72952359130339,21.017599122117712
6.6000000000000005,-3.2317534758312516,-5.349558036121038,20.538153894007767
6.61,-3.952847568978471,-5.95077241067575,20.13094291463751
6.62,-4.637807764579235,-6.5430787186596815,19.799483357447095
6.63,-5.293744002599865,-7.13385086504782,19.548825374093923
6.640000000000001,-5.935143617604809,-7.73336465118665,19.380467757525874
6.65,-6.56662048200153,-8.341535684878014,19.299940476627715
6.66,-7.1891435221150255,-8.95544065452534,19.314371522641125
6.67,-7.809882110156019,-9.574833732421157,19.428764363850966
6.68,-8.431182991355046,-10.19086031990846,19.64561611216195
6.69,-9.045912908373365,-10.787111367473248,19.968606421580002
6.7,-9.652494980665228,-11.34877821406001,20.401910763164516
6.71,-10.237083808999442,-11.849087068458385,20.939078910815034
6.72,-10.780527010617762,-12.25694421153034,21.571003778191113
6.73,-11.26685173793161,-12.541013090766457,22.2884748205149
6.74,-11.669504562409879,-12.669502472226815,23.06071925144672
6.75,-11.95980266338466,-12.60844417920389,23.855904357533685
6.76,-12.112890265640361,-12.334015436303906,24.63885137840259
6.7700000000000005,-12.106469514098677,-11.841629277655276,25.358733868543613
6.78,-11.916015653825093,-11.121993243491067,25.971840436877063
6.79,-11.538966490716064,-10.203221750911629,26.441727355160968
6.8,-10.976727174738906,-9.121101963987414,26.733483044972207
6.8100000000000005,-10.238737288012882,-7.913072856374427,26.834171888886885
6.82,-9.351772360186215,-6.634365954726793,26.743285581018984
6.83,-8.342507612951385,-5.328723258171238,26.47301115566891
6.84,-7.250151664818397,-4.043341846349266,26.050568372948028
6.8500000000000005,-6.107888787125416,-2.8097056201670374,25.505264695903676
6.86,-4.951087913305299,-1.6519674821156052,24.873263492893706
6.87,-3.8076571395162597,-0.5823767394161414,24.1862708279671
6.88,-2.700557177329149,0.3959567810018656,23.47512375308401
6.890000000000001,-1.645981636399278,1.2860241665228291,22.76414450676945
6.9,-0.6514936575761376,2.0982313936028776,22.072646495513837
6.91,0.2783492142246793,2.84408067615227,21.416600748727102
6.92,1.1456509449411902,3.537459004168588,20.80658573713768
6.93,1.9556529987351636,4.193293030932338,20.251166545388024
6.94,2.7164114131974566,4.825377116735049,19.756629022779126
6.95,3.437221624741249,5.447272177726399,19.3285559135556
6.96,4.130063999467203,6.071563901002829,18.971337043200887
6.97,4.803197952595416,6.707059777529466,18.691771374275092
6.98,5.4707619610729825,7.365044955309546,18.493984140344644
6.99,6.140369005876127,8.04882155003588,18.386139983221874
7.0,6.815704130828657,8.758519039516717,18.378555087684557
7.01,7.507764875211857,9.497284554700586,18.479410519392868
7.0200000000000005,8.217418531814525,10.254798929729183,18.697861131342844
7.03,8.939294232079696,11.015176074867314,19.044432335557115
7.04,9.673167825140943,11.762701877842623,19.529102020275143
7.05,10.403861053349036,12.464058291750712,20.15256907337473
7.0600000000000005,11.113188421016243,13.081632342982758,20.915906127945096
7.07,11.778694264365525,13.571380987278232,21.809747099677118
7.08,12.362714003953503,13.88048946231938,22.802956758716633
7.09,12.829512609883903,13.954922537472406,23.86731077132447
7.1000000000000005,13.138890239036881,13.756948472951072,24.943956896504087
7.11,13.246480735068484,13.247403255599458,25.970140409774324
7.12,13.122472277260878,12.423509219220083,26.881044825331834
7.13,12.746462635836895,11.309844291161555,27.60400669388827
7.140000000000001,12.108850697985988,9.941176672035834,28.09307326545781
7.15,11.227399457942878,8.390873456202051,28.318335726278562
7.16,10.126577468037148,6.726228736492831,28.276357720787477
7.17,8.856010793618907,5.03019110840248,27.990860058018324
7.18,7.4624316467400345,3.3628503057861665,27.500530234914727
7.19,6.001503867707386,1.777245238143147,26.858710611883073
7.2,4.520327390973358,0.3026295670729579,26.11922733334742
7.21,3.062038134374845,-1.043510911391963,25.33470141631478
7.22,1.6564422616819143,-2.2614838190949587,24.548677655390698
7.23,0.3264701670915189,-3.357404496394567,23.79764889757479
7.24,-0.9182211248201788,-4.3462035331497475,23.106814181427435
7.25,-2.0727435994626138,-5.2436268590136805,22.496115740141615
7.26,-3.1394652793418145,-6.064975529940338,21.977457606147823
7.2700000000000005,-4.125255463473755,-6.826419635236733,21.559280346733594
7.28,-5.038146551041304,-7.538111528217182,21.245753156244994
7.29,-5.8831590245152725,-8.206207590236986,21.041617566495056
7.3,-6.676986250056743,-8.841406666943785,20.946294862880368
7.3100000000000005,-7.4225831822623665,-9.439117706246824,20.958365120837527
7.32,-8.11431703228146,-9.988382680053551,21.078161964631178
7.33,-8.748163575046336,-10.478817516041111,21.305516045944024
7.34,-9.331033366867588,-10.901719092183493,21.63115688872346
7.3500000000000005,-9.85313908557453,-11.238212396938028,22.040253428959563
7.36,-10.30164803417904,-11.467160489470439,22.51896293896825
7.37,-10.666946266562746,-11.568709879986878,23.04944820532928
7.38,-10.932226487898287,-11.527558686953032,23.601852386037766
7.390000000000001,-11.079395350079118,-11.325794569376033,24.14696339064838
7.4,-11.095480373960468,-10.954488043803506,24.65622040707579
7.41,-10.97414760700586,-10.425342723687592,25.09536764531091
7.42,-10.707317506605781,-9.746867043843075,25.43228976081753
7.43,-10.296304088886469,-8.937121001408588,25.64841952766757
7.44,-9.75405308438504,-8.030993498755365,25.729478022743518
7.45,-9.09023823986875,-7.055197115852394,25.667427157381326
7.46,-8.330097520029971,-6.046817182847123,25.47082831074068
7.47,-7.496955993523408,-5.038671687599689,25.14911168614864
7.48,-6.615006275334103,-4.05446174659853,24.720728147142978
7.49,-5.71118428734642,-3.117485871371612,24.20762284031295
7.5,-4.806302505775198,-2.2397859819227257,23.63013107844411
7.51,-3.9202818493336116,-1.429267675469422,23.010683860028312
7.5200000000000005,-3.067910021935849,-0.6881181824844933,22.367110019941634
7.53,-2.257943206902693,-0.012120912194555578,21.71507638601898
7.54,-1.4972829698927492,0.6041985282339992,21.068233530747374
7.55,-0.7871274042217378,1.1698065066544585,20.435807040898982
7.5600000000000005,-0.1262412527205714,1.694935210198582,19.825745067968256
7.57,0.4898107230485459,2.1907325189290665,19.2435512789495
7.58,1.0674018261795335,2.668919215227011,18.693679652749243
7.59,1.6144263451986578,3.1411389952480633,18.179779409589358
7.6000000000000005,2.140256264248488,3.6193469834213343,17.70495989820251
7.61,2.6544953227588737,4.114971373650344,17.273026149523968
7.62,3.1675523159100094,4.639544600632204,16.887689154048743
7.63,3.690536070330245,5.2043947464921985,16.554270196173146
7.640000000000001,4.232911408693152,5.819917848083197,16.279796359051154
7.65,4.8074224042839555,6.4973261475798925,16.07131065870864
7.66,5.422756748800964,7.244514515559288,15.941686610084897
7.67,6.089205287094408,8.07058330396423,15.903579164629674
7.68,6.818166232644807,8.981104894931535,15.972924896925496
7.69,7.612092312879005,9.97106334023818,16.172968956026125
7.7,8.474657828575147,11.035962185635821,16.527539442797973
7.71,9.408976476700518,12.1612629030721,17.062191135989075
7.72,10.40213026739478,13.30992606998965,17.802002775861464
7.73,11.442031546396672,14.439996840979791,18.77448901499022
7.74,12.494132289932567,15.476562745043102,19.987947211474836
7.75,13.51822192654045,16.3319353024302,21.448611906780776
7.76,14.448271064423643,16.896260387013772,23.11507104635965
7.7700000000000005,15.207466984063615,17.049265878282977,24.92914690594498
7.78,15.710304571535849,16.695847692645636,26.778418307590716
7.79,15.864365396325864,15.75309552428901,28.529435151230352
7.8,15.605720087292555,14.232159531609494,30.026508102898774
7.8100000000000005,14.883768529143923,12.179023586847032,31.13265600987203
7.82,13.707276203333862,9.733538753403932,31.762922435805763
7.83,12.11486540597731,7.051636863874423,31.896433239397805
7.84,10.18672997075766,4.305927483292997,31.5788994835568
7.8500000000000005,8.029504956471676,1.6429729979654608,30.91484147644344
7.86,5.750248569629162,-0.8355477566945984,30.030914605343487
7.87,3.450048108976661,-3.069724451897889,29.05782046530232
7.88,1.211873576056719,-5.037266451213217,28.11054311021054
7.890000000000001,-0.9057912122137414,-6.741852528356267,27.275075581478177
7.9,-2.861543583009234,-8.194398868602466,26.612276009532078
7.91,-4.631860113660846,-9.40920474870991,26.156052442047763
7.92,-6.202103482698244,-10.39157734892059,25.915793594047475
7.930000000000001,-7.564252899429009,-11.141962455738195,25.886338860631874
7.94,-8.711113725444784,-11.649346804413959,26.041262583843828
7.95,-9.628003545866976,-11.90277525797864,26.33907193195035
7.96,-10.302901611319568,-11.884009595729623,26.734198372852504
7.97,-10.730240304539539,-11.58863147618701,27.16708161463821
7.98,-10.903916073048453,-11.032698446898424,27.57550239464782
7.99,-10.818494901401012,-10.227445363191347,27.900109350520232
8.0,-10.487450135714047,-9.211936244873538,28.098731606659268
8.01,-9.926864698570954,-8.033833695675087,28.135247191621126
8.02,-9.16492474674067,-6.745771742643898,27.99872293755959
8.03,-8.240984816236852,-5.409188203211751,27.69216318953882
8.040000000000001,-7.193237688584477,-4.070538613375083,27.233380141454067
8.05,-6.066993049951774,-2.774834891651409,26.652054797225386
8.06,-4.90085443745502,-1.5496429720401674,25.980945642097566
8.07,-3.7321936489348113,-0.41508872442346467,25.25540902999318
8.08,-2.5880585711659188,0.623188668491647,24.506030448413927
8.09,-1.491390855152371,1.5648870212137873,23.761008396257708
8.1,-0.45386719119257535,2.418416620813567,23.040328406805546
8.11,0.5172665255344332,3.19535736662902,22.361210733908578
8.120000000000001,1.4209913756930277,3.9085454522301655,21.73496062572149
8.13,2.2606191449977886,4.572376678657993,21.170132954505892
8.14,3.043365934276804,5.201044861899204,20.672183665538213
8.15,3.77633694390199,5.805965771538586,20.24626421561051
8.16,4.470421502300034,6.3999400709914855,19.895408824219782
8.17,5.135588448470027,6.991446736569919,19.622952168340092
8.18,5.777580776962866,7.585328922998729,19.434552577454173
8.19,6.411417056998491,8.1913600124406,19.33212568067483
8.2,7.041732180666468,8.807475912588298,19.32045518923911
8.21,7.665994760758906,9.42578401585854,19.406793959713323
8.22,8.283349855857658,10.039233990861058,19.598038589690734
8.23,8.899920030405944,10.640643217719488,19.89601299864022
8.24,9.506211849858266,11.208817073715503,20.299774772789334
8.25,10.092426680084367,11.721457042562328,20.810048345774426
8.26,10.646921659605999,12.152265336191064,21.420760329984954
8.27,11.145634533658956,12.46747942716572,22.112803171464616
8.28,11.56650841232503,12.631977547283233,22.870389742946948
8.290000000000001,11.884964794224151,12.617698527969875,23.661483644189563
8.3,12.072182449705362,12.399438713206594,24.44343504282718
8.31,12.10141420061961,11.95432069115712,25.178897263495447
8.32,11.958630712518726,11.29345180830654,25.820048682057827
8.33,11.628553400980831,10.427248812699851,26.321181194464902
8.34,11.110552948782882,9.383408289233742,26.655588640640147
8.35,10.417585029826892,8.209554766222624,26.801533015232003
8.36,9.565125249275335,6.946871240206557,26.754262344917596
8.370000000000001,8.588476772136259,5.6513120275539634,26.527249406017084
8.38,7.517392113567633,4.363880089804449,26.139202795608664
8.39,6.390027110439137,3.121383711175879,25.62305829900224
8.4,5.239531586335967,1.9496500035001834,25.010558382795683
8.41,4.096040417535095,0.8627563035387691,24.336302228984064
8.42,2.984209114553278,-0.1325456748096865,23.630230623800053
8.43,1.9199871047315962,-1.0401118370392475,22.91806428021948
8.44,0.9155902490530012,-1.866447170104623,22.22143624588346
8.45,-0.02581991152703056,-2.6238261634026565,21.555351223865323
8.46,-0.9039795237268027,-3.325816399435812,20.932640389762767
8.47,-1.7236980503539274,-3.986524537221258,20.361713865532025
8.48,-2.4919059003473634,-4.6203897248151025,19.849697186798146
8.49,-3.2189052719753137,-5.241420950487964,19.401617730574827
8.5,-3.9135172365772846,-5.861118487467078,19.02343381527763
8.51,-4.589150312220546,-6.492276263107663,18.718917181244922
8.52,-5.254398133644695,-7.141938704391963,18.495254050934772
8.53,-5.918371603358044,-7.817293916195601,18.359836699843065
8.540000000000001,-6.59534254480573,-8.525697173214228,18.318293234686735
8.55,-7.285736479334021,-9.261005913423785,18.382070172294124
8.56,-7.988645811484639,-10.015964014352251,18.563203538420034
8.57,-8.710371764415887,-10.785049137478815,18.871683570951223
8.58,-9.445338685593669,-11.546640925776067,19.31390065302858
8.59,-10.182210668220636,-12.273590641139588,19.897311724191983
8.6,-10.90961940429781,-12.933577494811605,20.6257440394696
8.61,-11.597942093135426,-13.478207000012919,21.484633921195247
8.620000000000001,-12.21875835064605,-13.856816090079844,22.461988548749456
8.63,-12.736042687058676,-14.019495682147085,23.521827695071746
8.64,-13.105520528224641,-13.915436488684973,24.61229693810562
8.65,-13.287003135686492,-13.505662075221627,25.679513207746115
8.66,-13.245382634310017,-12.782784029063519,26.646175189920264
8.67,-12.947155733365793,-11.7422780347031,27.44728458788784
8.68,-12.390997595134735,-10.437111234751383,28.026857915802587
8.69,-11.57649392258386,-8.918937742764925,28.342464079190865
8.700000000000001,-10.533750034828463,-7.2659605694179685,28.38838569995256
8.71,-9.298068085351677,-5.552448465310002,28.17460804277913
8.72,-7.924134622262261,-3.8517683213510345,27.74145028913872
8.73,-6.463032383602473,-2.2184898252050838,27.136363221685084
8.74,-4.968308569574644,-0.691721348772419,26.417185102909553
8.75,-3.483220842471564,0.709316579386545,25.636663798432764
8.76,-2.0447360197422144,1.9777543870268497,24.844163098484398
8.77,-0.6756398546907003,3.1203594572992146,24.076908838991198
8.78,0.6080408217793098,4.148944809618981,23.366047311509284
8.790000000000001,1.8011503008910181,5.078997700750746,22.731530339060736
8.8,2.9040942258009284,5.9278526722512375,22.18861934856952
8.81,3.921953270683298,6.709237935112929,21.74575575195072
8.82,4.860631513297392,7.4350658629956685,21.40981053565485
8.83,5.733239948463317,8.117591035788381,21.18216344548866
8.84,6.543643493864594,8.7572459308699,21.06443789291335
8.85,7.293214497994079,9.352351180486453,21.059039720144927
8.86,7.991698191980394,9.90256742155346,21.16274223022996
8.870000000000001,8.637849944975983,10.396826531427394,21.36926262422205
8.88,9.226668034286165,10.82120305898963,21.673209904779583
8.89,9.756014343816545,11.16088646999402,22.063992334278556
8.9,10.212257410960992,11.39598492532893,22.523697105547626
8.91,10.582710929612125,11.504673937403647,23.03560379585355
8.92,10.854857221843506,11.470745603653132,23.574764496297405
8.93,11.01257222709883,11.284175687567155,24.10816080542302
8.94,11.038328703376132,10.929539439763833,24.605457896655178
8.950000000000001,10.924955391563469,10.411386923658174,25.038110474344677
8.96,10.672156499943505,9.750531521211641,25.375558519365587
8.97,10.27699116718929,8.962184487697838,25.591438025606635
8.98,9.748646319301592,8.072221587720044,25.675856172668258
8.99,9.104241736488106,7.116855868280194,25.622396462602026
9.0,8.359788591151641,6.12431223263569,25.43294112814535
9.01,7.542910315661069,5.12924611753083,25.121890554518473
9.02,6.676622112031024,4.157696595969346,24.703392293142464
9.03,5.785722332016765,3.2290898049120607,24.199369651092866
9.040000000000001,4.8936808675397945,2.3596235000299037,23.63088872772601
9.05,4.017843521977575,1.5550482998518746,23.017793646656813
9.06,3.1742404566127638,0.8186624473845933,22.37983617665371
9.07,2.372538867536234,0.14771470836277967,21.731650411825285
9.08,1.6186226713889782,-0.4639577385797522,21.08648310010028
9.09,0.9149355322735411,-1.0243713563105334,20.454302695736313
9.1,0.26015951599728515,-1.5435298434330544,19.842632253979463
9.11,-0.3497386483735003,-2.0324081096097957,19.257239255348846
9.120000000000001,-0.9205360149182136,-2.502170319895363,18.702545409142434
9.13,-1.4602608901380665,-2.9646199167393266,18.18202225001572
9.14,-1.9774437134263545,-3.4311706189732805,17.698926239082997
9.15,-2.4823474021641454,-3.91363987809233,17.256365433593572
9.16,-2.9841668549244775,-4.42296739653514,16.85855517734679
9.17,-3.494690463217932,-4.970970255813958,16.50947669957321
9.18,-4.023368769315983,-5.568055208479963,16.21639927265501
9.19,-4.581628879586652,-6.225427081197684,15.985925073041612
9.200000000000001,-5.180555822172325,-6.952633210306127,15.828844304098233
9.21,-5.828320245947764,-7.757284815687248,15.7594044321579
9.22,-6.538147303870655,-8.649394065952878,15.790975124249073
9.23,-7.315587570131924,-9.626821860362119,15.945606983728819
9.24,-8.16244589263484,-10.683284176354006,16.248058947703232
9.25,-9.084549843807014,-11.812276555967976,16.72456930533665
9.26,-10.074564260016263,-12.98245822133718,17.401732321796413
9.27,-11.118608345583404,-14.152593173176705,18.307250247671522
9.28,-12.193194532032745,-15.260397868075174,19.461031869514894
9.290000000000001,-13.25549742616854,-16.217064219649288,20.867489211532856
9.3,-14.251313995925942,-16.917870849121805,22.51058943856943
9.31,-15.100665331922526,-17.239269372572654,24.328160946136176
9.32,-15.71978220656505,-17.06761785882506,26.23349650665478
9.33,-16.012402095926554,-16.31354489494495,28.08389054287777
9.34,-15.899482059787262,-14.94665282645005,29.73104580112426
9.35,-15.322551774448531,-13.008330649485357,31.012894206070595
9.36,-14.270400416631896,-10.611891230342346,31.828095558225087
9.370000000000001,-12.76881616739522,-7.915821503776263,32.12578090502662
9.38,-10.894270306882591,-5.104155884844614,31.937778818903514
9.39,-8.74733653122222,-2.3356980668053535,31.356240178358
9.4,-6.44125659514947,0.2661785634339169,30.508988653774836
9.41,-4.085411002028653,2.626906809934193,29.53549939402969
9.42,-1.7709971475443058,4.71472032079435,28.561135480806186
9.43,0.43347153105604863,6.525865132272645,27.684182365002176
9.44,2.4795266097496027,8.070605806672349,26.975982897238662
9.450000000000001,4.338450478441569,9.36271565846578,26.476725952717015
9.46,5.991750277857079,10.408611393820358,26.202452229384715
9.47,7.428449365234541,11.209187148946448,26.148572172386988
9.48,8.640818725623475,11.753391500325685,26.29218543600662
9.49,9.613614430139386,12.029849890195354,26.588738833484157
9.5,10.332350804865778,12.021579423781311,26.990250562478742
9.51,10.790087163071858,11.719373874082805,27.434948498910856
9.52,10.981509139357406,11.142042903061276,27.856716678294926
9.53,10.901062739653081,10.304272153197283,28.191821536769684
9.540000000000001,10.561234739432791,9.24435239223406,28.395040176333787
9.55,9.9808799492401,8.015466349375084,28.429324636864855
9.56,9.18902394479743,6.672945660779277,28.282628762730372
9.57,8.227951142382915,5.282169163628347,27.959533505036518
9.58,7.138535027194907,3.8925787839207926,27.47984682164393
9.59,5.968604573419303,2.5510792810228304,26.87573545123957
9.6,4.759132161001507,1.2861472818501902,26.182746470560584
9.61,3.5491551672148467,0.11808971188254325,25.438279973058183
9.620000000000001,2.3668970456191243,-0.9480893503231764,24.674821226126763
9.63,1.2359825192797167,-1.9126356774944464,23.921522443317933
9.64,0.16799309451726696,-2.7851573441317488,23.19899516258364
9.65,-0.8294400758892485,-3.5775818127025802,22.5248442395437
9.66,-1.7559326503766237,-4.303324475179821,21.910052544534533
9.67,-2.615011038254565,-4.977236266187975,21.36308154205772
9.68,-3.4140641177107303,-5.612959484037249,20.888915835477693
9.69,-4.159787527838632,-6.221373315530417,20.492553719470965
9.700000000000001,-4.864076337760723,-6.815192491021223,20.175984564215025
9.71,-5.535378088092063,-7.4007829752039855,19.942282464853818
9.72,-6.178452585705181,-7.98142601261479,19.79640418411648
9.73,-6.807327038341167,-8.56486322368795,19.73957118823663
9.74,-7.425151694520457,-9.146862192612975,19.774543083599582
9.75,-8.028150848218008,-9.71778286868973,19.905995095800588
9.76,-8.615487368979519,-10.269337355593523,20.138047327100328
9.77,-9.190225788301122,-10.791187901406452,20.468982410206152
9.78,-9.740237349804996,-11.261311054627285,20.893725891056782
9.790000000000001,-10.255052729091402,-11.657469903251826,21.408962617957712
9.8,-10.721765525760548,-11.955141063652789,22.00280112850915
9.81,-11.117731043311982,-12.126415270439104,22.651744579188318
9.82,-11.42192554361889,-12.141590441063975,23.335795585512795
9.83,-11.614450931016084,-11.982778303264073,24.02286206638963
9.84,-11.673564892521672,-11.63787649658411,24.67214824500258
9.85,-11.576916915685748,-11.091937146994715,25.249627517503914
9.86,-11.320763236365604,-10.366108742164506,25.720506226673034
9.870000000000001,-10.9034459883079,-9.486304701138836,26.04980881958818
9.88,-10.325636735634664,-8.475264092358408,26.219303549049496
9.89,-9.607986577802112,-7.378101569227024,26.22386600847237
9.9,-8.768076111111906,-6.231957548688902,26.063170987087673
9.91,-7.837020920595867,-5.077557093778262,25.75522103325172
9.92,-6.844162398336292,-3.949750655591952,25.319518962730726
9.93,-5.818761427571261,-2.871975577115647,24.783379025256735
9.94,-4.789597629318861,-1.8638777499521058,24.1746228815303
9.950000000000001,-3.777972610810715,-0.9322338718003684,23.518796554147617
9.96,-2.8029395356203146,-0.08003507966728052,22.840607225887677
9.97,-1.8757554294069818,0.6971526038666374,22.15869387976073
9.98,-1.0036679355713563,1.407168671309552,21.489466528298337
9.99,-0.1883138944600314,2.0608132319250285,20.84460268305411
10.0,0.5722036938629589,2.670593094951029,20.23351783152323
10.01,1.2833081493867595,3.2495143008669936,19.662894582243343
10.02,1.9523359556607103,3.810980866539552,19.13829492122844
10.03,2.588972559629145,4.368106391705795,18.664207160136602
10.040000000000001,3.2028938714426167,4.933219927510539,18.245267638365586
10.05,3.8062456841248835,5.5186605187264,17.8858137940609
10.06,4.407939543260468,6.134021888676073,17.592834063804325
10.07,5.021343335133622,6.79069193597326,17.37158987604089
10.08,5.6552410574546625,7.494737560809487,17.232272110355805
10.09,6.3164960969116,8.25085700702766,17.18680187104312
10.1,7.02008085310597,9.067778526309109,17.24547828895403
10.11,7.766431140991184,9.936046044895143,17.424908314423575
10.120000000000001,8.551570130394673,10.841789097948313,17.743270683064683
10.13,9.37467985737037,11.771996364016042,18.218842369182827
10.14,10.231129647048393,12.699337017794486,18.86502711305289
10.15,11.100499586681204,13.579283914239268,19.691198017795372
10.16,11.962455749043253,14.361548210547577,20.70603437219183
10.17,12.77365288276179,14.974077604501607,21.88770796107768
10.18,13.489399368636072,15.339561862668099,23.214483995782388
10.19,14.053326190546679,15.385783078067686,24.624822915693272
10.200000000000001,14.401303874936742,15.039729363688746,26.04218510213513
10.21,14.47903903477612,14.269475051229394,27.371840667765603
10.22,14.234651908540318,13.067803409458984,28.50458856088123
10.23,13.646053938601126,11.480106020937365,29.35775687271317
10.24,12.713318161859242,9.591704949275671,29.861660216547172
10.25,11.466522482116368,7.507627862516255,30.001049007086582
10.26,9.955730825244682,5.341616228981838,29.79232568731833
10.27,8.255794551596214,3.2005217759764744,29.29627879508042
10.28,6.4401165413096155,1.162300940190267,28.589072899803313
10.290000000000001,4.583574303138901,-0.7190540321094168,27.757777310462878
10.3,2.7475878026743974,-2.420311207342692,26.882806698790887
10.31,0.9807233610234141,-3.935767699256166,26.032216813504323
10.32,-0.683766617807626,-5.274883555911304,25.259255972922006
10.33,-2.227013890629457,-6.452415416784872,24.599292942785677
10.34,-3.63965363577877,-7.485317996212727,24.076692997692916
10.35,-4.919497929021122,-8.385385481733207,23.701738296197842
10.36,-6.07193255190181,-9.164657113510469,23.479110129543784
10.370000000000001,-7.10115666196821,-9.824046061883122,23.401680504903535
10.38,-8.000243716579744,-10.355520744079389,23.45837798933034
10.39,-8.763388450287795,-10.750943990666153,23.637642559204885
10.4,-9.39708301412164,-11.001004763388677,23.916315085851934
10.41,-9.894483676015087,-11.095966810655577,24.262748056179515
10.42,-10.244031066913747,-11.025830249474534,24.645564997800818
10.43,-10.438167874946188,-10.777253973842335,25.031117239657988
10.44,-10.475642584135151,-10.359303512145148,25.38469811733224
10.450000000000001,-10.355650374908155,-9.788063718025976,25.672003715655926
10.46,-10.076831864574746,-9.074895516721954,25.862734245957938
10.47,-9.651677827768227,-8.247880813251257,25.941101372244955
10.48,-9.095352114043393,-7.340297796330096,25.89395178642238
10.49,-8.424915147636566,-6.380898637452235,25.719165809823423
10.5,-7.66816100020805,-5.406146002373976,25.426185729117186
10.51,-6.847913605613637,-4.442774673722185,25.025372422052833
10.52,-5.990734875285516,-3.5134217856610945,24.53682566045933
10.53,-5.120915614166684,-2.6364191139647657,23.979433337241296
10.540000000000001,-4.2578440273332285,-1.8200550388849432,23.37307427337212
10.55,-3.4198888036790214,-1.0704617902593383,22.737239112012492
10.56,-2.6180398994432577,-0.38613019950110683,22.08675616966053
10.57,-1.86008121235459,0.23762862614232327,21.43572101730184
10.58,-1.1504868615000625,0.8074205266968779,20.79476941739811
10.59,-0.4892106156060907,1.3325284097970755,20.17179236130633
10.6,0.12632211717645903,1.82324349428272,19.57308628852195
10.61,0.7010169020209405,2.2903760226012633,19.00325222429074
10.620000000000001,1.2419971814467847,2.7454029439471883,18.465880773067592
10.63,1.7570246981568847,3.199418091703077,17.964205941162326
10.64,2.255868804336567,3.6641015090856235,17.501001819083182
10.65,2.747378477193715,4.150228869075668,17.080089058735282
10.66,3.2427818958248595,4.669425324101103,16.704809876554805
10.67,3.7516762158138963,5.23222161754571,16.381344133438148
10.68,4.284625190558914,5.849506623535228,16.115703837302103
10.69,4.853215379896079,6.531616004460182,15.916650721293179
10.700000000000001,5.46567994282945,7.286732600928001,15.79698965467984
10.71,6.134634742391448,8.125297685894251,15.76828738820503
10.72,6.867621050266884,9.049041059595707,15.849966936442733
10.73,7.668158891809273,10.055467579069738,16.06487407754046
10.74,8.543889937807952,11.142957463215865,16.43695036351745
10.75,9.49185430714507,12.28877956342626,16.99283160301873
10.76,10.502072016731411,13.460418584474667,17.760656759309647
10.77,11.560162052160466,14.61061009530473,18.766384838860255
10.78,12.630006425853876,15.66189175122639,20.020503717619125
10.790000000000001,13.669094541706441,16.523236687338454,21.524776663221555
10.8,14.608822323021316,17.078090991620485,23.24038111140897
10.81,15.372139242948947,17.207925609804644,25.104228977946047
10.82,15.864357020538662,16.804966654519678,26.995376032282152
10.83,15.99873051757928,15.802719027206503,28.77722415250907
10.84,15.698666725159665,14.196753295662637,30.281746109420975
10.85,14.928555158081815,12.060443298976873,31.380959412843687
10.86,13.687833861050809,9.52775720229088,31.980764756338292
10.870000000000001,12.029232468122771,6.7743512443516165,32.072403467380575
10.88,10.035520469521899,3.9707237630240275,31.710853493712534
10.89,7.816812550972171,1.267799815773461,31.005689891550887
10.9,5.486048951986546,-1.234058820357375,30.093328364127963
10.91,3.14424482403152,-3.4797541639139227,29.107194896962902
10.92,0.8741625112533997,-5.449303795102873,28.16253689178288
10.93,-1.2640048305229472,-7.14693956788592,27.34757441151103
10.94,-3.231985938131721,-8.585764241391246,26.718235668148353
10.950000000000001,-5.004866709004528,-9.776791557802271,26.306189357951656
10.96,-6.569597302100768,-10.725907604218246,26.119625306791043
10.97,-7.917100297074077,-11.427056482920005,26.14539583720079
10.98,-9.032715249583694,-11.870266344309035,26.34891561290667
10.99,-9.904213593648688,-12.03853182230918,26.691911818584625
11.0,-10.52444955313614,-11.91871099122326,27.11674168765093
11.01,-10.882919054587456,-11.519479961721446,27.55796703885955
11.02,-10.969810107183195,-10.846168452481049,27.950646381697535
11.03,-10.79170033976745,-9.925298956478068,28.24136287033429
11.040000000000001,-10.363285165369971,-8.805441465450823,28.3845990827969
11.05,-9.704386502721025,-7.5347863262468895,28.354014053512156
11.06,-8.851523864529524,-6.177756475280261,28.142931652278868
11.07,-7.842551296035925,-4.7880632965286285,27.76134973420237
11.08,-6.725260685234341,-3.419865962937121,27.23536715245341
11.09,-5.5418158802528925,-2.1092802127984633,26.597164535366417
11.1,-4.3348965580532965,-0.8845952654754246,25.88434922430756
11.11,-3.137389883843877,0.24226399840646878,25.13142379043071
11.120000000000001,-1.977888980004452,1.2661258711528935,24.370801151989482
11.13,-0.8730379380706405,2.192956107443303,23.62686386387482
11.14,0.1649760666094362,3.0320196558555685,22.920670023563183
11.15,1.1326099733355348,3.7960574403548053,22.265867671508122
11.16,2.030646194389892,4.499788950132266,21.673238597426018
11.17,2.8643317500011327,5.156955169020659,21.149370422751097
11.18,3.6399652753177105,5.78018185227864,20.699960026758056
11.19,4.368736510542068,6.382993000179568,20.327534668738846
11.200000000000001,5.05831952722571,6.972977943346875,20.03600387014523
11.21,5.716707223302112,7.557513218465975,19.82933705066143
11.22,6.3584000088778225,8.145125620051594,19.70796991962487
11.23,6.984553472288877,8.732143533709792,19.676960756986862
11.24,7.594435029904737,9.313486729126433,19.742107397678716
11.25,8.194594215880931,9.886955324765928,19.90646431668493
11.26,8.785212969226261,10.441171043513707,20.1692118720356
11.27,9.357316572982672,10.958022763116741,20.53027845357825
11.28,9.907110499630702,11.420545299189271,20.9899557001624
11.290000000000001,10.419374035289032,11.803010082355819,21.53649937213377
11.3,10.874558328662701,12.076638224569754,22.1555427426892
11.31,11.256012275442737,12.213090604530828,22.832657833837512
11.32,11.540668906090112,12.189730038017524,23.534616263935828
11.33,11.703452360334213,11.981838069987356,24.227601973469906
11.34,11.72443095523959,11.575413404513483,24.878600948451552
11.35,11.59141112974229,10.980099039960178,25.44460971745215
11.36,11.289526746116728,10.200417788801342,25.88799829230394
11.370000000000001,10.821622863200284,9.264358154664984,26.18573931394947
11.38,10.197269380249757,8.210529742445388,26.316911556041404
11.39,9.42970983267425,7.073439873735264,26.2766995746961
11.4,8.549902910037423,5.902122561086398,26.075061654097844
11.41,7.582911834466405,4.732366179696166,25.72548022282118
11.42,6.561714691211861,3.596596938071922,25.25506073908219
11.43,5.5160992772284025,2.519974387592954,24.690042450514945
11.44,4.47223678956364,1.5157152473303654,24.05939317530821
11.450000000000001,3.4537335265044513,0.5926826621877173,23.389869772684282
11.46,2.4751583013972014,-0.25115912678893126,22.70352140124632
11.47,1.5485691469131422,-1.020358051295777,22.020630451313945
11.48,0.6785955273432904,-1.7243476554752302,21.355167136728607
11.49,-0.1338339114741901,-2.3748672573716036,20.719072879561075
11.5,-0.8920531593168697,-2.9847750412232683,20.120665020345598
11.51,-1.601829128728566,-3.567396593184305,19.56665122242166
11.52,-2.272094620582301,-4.136510508880047,19.061982416935997
11.53,-2.9117121170024047,-4.70455545058097,18.61170321825497
11.540000000000001,-3.532736798621765,-5.28471654424099,18.21967332791728
11.55,-4.144568294399577,-5.887173779508619,17.89223447791471
11.56,-4.759142512650643,-6.523145064889391,17.63468949938737
11.57,-5.387618094243766,-7.200859508970296,17.45482830633035
11.58,-6.0361875810999335,-7.924657345300513,17.364035423670035
11.59,-6.719040272208631,-8.703995460556218,17.37144134673717
11.6,-7.441052158364309,-9.534740742054895,17.491048386626854
11.61,-8.199038765636917,-10.404730792982622,17.739978403390488
11.620000000000001,-8.991639589792989,-11.30261303567751,18.13542014474424
11.63,-9.819290804006432,-12.209387251659976,18.691501980246382
11.64,-10.664411420177444,-13.085459083881824,19.417167033741162
11.65,-11.511424422887893,-13.888832354018032,20.324800254062133
11.66,-12.325080990495907,-14.55629099294885,21.401335612454073
11.67,-13.063184810487963,-15.016395867169965,22.62710013312713
11.68,-13.678322661488764,-15.198201002617779,23.961869700924517
11.69,-14.110130914833213,-15.032563899698108,25.3329123788345
11.700000000000001,-14.302633214241819,-14.466925027249546,26.663721511483114
11.71,-14.206601006098682,-13.491307614126352,27.848233573661297
11.72,-13.782722603195701,-12.11463694800478,28.79977842255895
11.73,-13.028987243959218,-10.415454053657134,29.442680665631407
11.74,-11.95387508256717,-8.474537341534116,29.738016575373116
11.75,-10.602247922448884,-6.406146100535324,29.686954096290847
11.76,-9.032780461051622,-4.310942665759921,29.328847798549223
11.77,-7.317509290812497,-2.2806685002062,28.727830510048832
11.78,-5.5286968777404315,-0.3762467534677847,27.964209080920146
11.790000000000001,-3.730674861700214,1.3656784122170005,27.116452527974506
11.8,-1.9775501943764675,2.9309546645783007,26.257028071603216
11.81,-0.30663610754589954,4.323558444345345,25.442450211979374
11.82,1.2559784644960077,5.5546396568164855,24.716451632027553
11.83,2.6985434538821087,6.641731224355606,24.10722261385466
11.84,4.015987134957672,7.5996669517922015,23.63263361887889
11.85,5.209237641885114,8.440643557228489,23.30068508573286
11.86,6.287536219491922,9.175544837563988,23.112411419861612
11.870000000000001,7.24951204398719,9.800720232072438,23.06061662473965
11.88,8.090116954232027,10.309763278823427,23.1376121959616
11.89,8.811611252788367,10.696355806181536,23.331444694671518
11.9,9.416588253583031,10.950735233148578,23.616901293804904
11.91,9.893846478530168,11.060591375233471,23.967798559424
11.92,10.234398464900584,11.01123900232252,24.357038736084842
11.93,10.434255388374167,10.796784834398414,24.752059603881634
11.94,10.487645215701312,10.423671893250074,25.11836984012841
11.950000000000001,10.388114229081685,9.895592485534738,25.42225434760943
11.96,10.137917161032558,9.22611136283828,25.638835344491323
11.97,9.747953334950381,8.445041190436683,25.74821564409122
11.98,9.225239815287734,7.574888721775329,25.734017368620123
11.99,8.591374777488964,6.6494666227317065,25.59715642754824
12.0,7.869362615617828,5.703150343340007,25.34088216268819
12.01,7.0801916376843606,4.760076626207735,24.975598160029218
12.02,6.250969200177012,3.8461289491771993,24.519750167314644
12.030000000000001,5.403720253177806,2.9784793521383732,23.99001150545504
12.040000000000001,4.559169179758033,2.1678971107730614,23.406910228194207
12.05,3.735545308066862,1.4218033422813776,22.788445860511967
12.06,2.9441643748561166,0.739371735800558,22.150097989288916
12.07,2.194654645311591,0.11810359291388306,21.506524452113187
12.08,1.4917078833580935,-0.448038505323324,20.86809785176514
12.09,0.8367215136163426,-0.9672148166204279,20.243520251741856
12.1,0.22786494982635086,-1.448993906940108,19.639157692071045
12.11,-0.3391870477361223,-1.9038381771365995,19.0598705175568
12.120000000000001,-0.8701728095533501,-2.3422960168884903,18.509435350524072
12.13,-1.3729182669473965,-2.7755366622333675,17.990816930163046
12.14,-1.855691035537398,-3.2144258566251054,17.50682099851587
12.15,-2.3282788569569077,-3.6702353620758,17.06023593861011
12.16,-2.7996131653706993,-4.153599398926911,16.654763158000257
12.17,-3.2809627249090645,-4.676007634372324,16.29413671987325
12.18,-3.781523217367486,-5.247977755583208,15.98498966195776
12.19,-4.312758927875797,-5.8808663740733085,15.733240518807408
12.200000000000001,-4.885284758973701,-6.584783387861173,15.549498842307727
12.21,-5.508242460413197,-7.369116675018012,15.446552730470811
12.22,-6.194485337085242,-8.243875454170139,15.437543703198708
12.23,-6.9504590436383005,-9.210209436814267,15.544686854074932
12.24,-7.781742590740984,-10.26825869133801,15.791783113748817
12.25,-8.696415219803868,-11.414175486136372,16.205261812716127
12.26,-9.687940692608503,-12.620578131518304,16.815170243297736
12.27,-10.749317631272898,-13.856461494960072,17.654176153617797
12.280000000000001,-11.859545642039214,-15.062646036452945,18.747250384960903
12.290000000000001,-12.982569144495796,-16.15740849496959,20.110844603371874
12.3,-14.06649592432831,-17.035344186661224,21.73777634907902
12.31,-15.038482051230048,-17.567413589093864,23.59211969847749
12.32,-15.809342555988906,-17.62697862415227,25.58575333462881
12.33,-16.276118195261244,-17.091090194779017,27.594493955720854
12.34,-16.346951934905036,-15.910001673396774,29.449164227495366
12.35,-15.934631213393896,-14.069617737058039,30.979034684632257
12.36,-15.02072656962589,-11.696368583339408,32.042153475426296
12.370000000000001,-13.609552008572646,-8.936798812631844,32.55681431328002
12.38,-11.767509157540415,-5.989937831022214,32.530640447143284
12.39,-9.596520080690835,-3.0406799760815337,32.04747273450004
12.4,-7.21633304545108,-0.23806235717170826,31.238408986063448
12.41,-4.74902764855661,2.32053087317125,30.256995417004745
12.42,-2.300298555784869,4.588655394022929,29.247395770978983
12.43,0.04824440657319817,6.555500482716095,28.326009178780026
12.44,2.237325542633876,8.226995236219041,27.577494860978117
12.450000000000001,4.229764187070575,9.61690592472889,27.0526227632666
12.46,6.00159379131941,10.731454349217604,26.771455884827382
12.47,7.538362233194344,11.567820334933042,26.732923581222888
12.48,8.823864284677398,12.115190479585236,26.902758591928663
12.49,9.841722473364777,12.357744146516536,27.239552855559637
12.5,10.580669992091444,12.27550756652513,27.68308138730399
12.51,11.028676189207749,11.877143972528206,28.15841694944575
12.52,11.173734999151426,11.169229724150048,28.590700181895663
12.530000000000001,11.020526014962346,10.179196776201879,28.91682879814099
12.540000000000001,10.584710579350618,8.9621536111418,29.08312448601051
12.55,9.888812492712272,7.574576821185424,29.058706918178924
12.56,8.97310378813306,6.090049974164159,28.834805798497253
12.57,7.882343353221544,4.571760786010758,28.4250737247771
12.58,6.669907957718179,3.0811647369572714,27.85915384204315
12.59,5.385287714173177,1.6594196284200338,27.176700160806092
12.6,4.076093559445734,0.33750555898419665,26.42047668978704
12.61,2.780444949208946,-0.8718616897368471,25.63140936469444
12.620000000000001,1.5291637682219308,-1.9643644828224713,24.84489711171621
12.63,0.3416310598450488,-2.9472783193401555,24.089146342317783
12.64,-0.7693105290472695,-3.830555132852825,23.385693769617852
12.65,-1.7999850246114717,-4.628956041084474,22.74915037070161
12.66,-2.7510917700457904,-5.35696598339426,22.189630630180936
12.67,-3.627187024816933,-6.027604994046894,21.713269770709378
12.68,-4.436733401751669,-6.654868069878238,21.32354856352235
12.69,-5.188231107095252,-7.24751694449137,21.02186707458522
12.700000000000001,-5.886406204670775,-7.810539386739631,20.811156129267655
12.71,-6.546159365033604,-8.353763184743977,20.689902162514393
12.72,-7.1728715437721196,-8.875948783019485,20.656784774280275
12.73,-7.762630407361141,-9.368987844544291,20.71305853864611
12.74,-8.31193776602104,-9.824958594388102,20.859869935723353
12.75,-8.82788407622868,-10.239330136115575,21.092629851649612
12.76,-9.306154982014434,-10.598734379174878,21.401753217427515
12.77,-9.735914051804661,-10.886168208301541,21.778297596623542
12.780000000000001,-10.110946628105049,-11.085181206936277,22.21353641756508
12.790000000000001,-10.418671444804914,-11.180240963997376,22.687830940527075
12.8,-10.643465328689501,-11.155539360538823,23.178833880379944
12.81,-10.771290706286655,-10.993562466491346,23.666992360973474
12.82,-10.792665046189573,-10.693579020042371,24.125416781788537
12.83,-10.698541253628651,-10.258916467838512,24.524816632427957
12.84,-10.479062892181895,-9.689457759596326,24.84155643349104
12.85,-10.138781269261775,-9.006103632486163,25.0589470323501
12.86,-9.684159684241886,-8.233292690916171,25.160685108504563
12.870000000000001,-9.12223828036587,-7.391292959682818,25.139741361577638
12.88,-8.473154877953249,-6.512250417705396,24.999516793030697
12.89,-7.753218304843668,-5.621580396845529,24.743940405516145
12.9,-6.984325493251465,-4.742534640398691,24.38771886832804
12.91,-6.189172066208821,-3.897453921218935,23.94678555304613
12.92,-5.385829665176815,-3.098645651710858,23.437347977691488
12.93,-4.593022190699239,-2.356285229220272,22.878548293593827
12.94,-3.8251145198818945,-1.6751918183110104,22.285671404386235
12.950000000000001,-3.091660658412441,-1.0542682845843407,21.673053867492527
12.96,-2.400855262973722,-0.49127248658886924,21.05362465709049
12.97,-1.7558697401042742,0.019710918216402362,20.4362715386277
12.98,-1.157660518528051,0.48599677184211826,19.82889592904365
12.99,-0.604107318740172,0.9161783976743157,19.236915255317378
13.0,-0.09145562818273184,1.3194606845059682,18.66474424339936
13.01,0.38602725701962076,1.705518533852809,18.11546958150054
13.02,0.8351403615513038,2.084223723046467,17.59160775661133
13.030000000000001,1.2635678989288295,2.46551844720034,17.095342094367712
13.040000000000001,1.6801008663511166,2.8596728766336086,16.62866613275764
13.05,2.093162645084383,3.2767644106743106,16.194267620003544
13.06,2.5127526045019923,3.727498908710549,15.79475299430818
13.07,2.9480761100014763,4.22266985585475,15.434743653327928
13.08,3.4094937107680754,4.773453895845166,15.118713657563921
13.09,3.907849494771344,5.391630758978836,14.854399367990943
13.1,4.453223495875153,6.088988742380762,14.65118590705709
13.11,5.058026892286329,6.877439541041455,14.520108550873898
13.120000000000001,5.732388970195209,7.767000619760893,14.479439247683189
13.13,6.488259751787625,8.768959859446737,14.547470760360682
13.14,7.335943220121026,9.886715762931587,14.750276790018315
13.15,8.279234777373395,11.114151941093791,15.121437455219974
13.16,9.324477511001765,12.444683290015774,15.696774895949222
13.17,10.465542184197044,13.843130497185074,16.51575528062352
13.18,11.686348653613853,15.257329213126036,17.61916286750191
13.19,12.957402609813347,16.605247732827824,19.039186865646773
13.200000000000001,14.224872777094653,17.767928437945912,20.78825993455171
13.21,15.41314290000249,18.59795617105127,22.841678179717732
13.22,16.42071100615586,18.922227021786412,25.131589528023106
13.23,17.125320009203325,18.586734967743727,27.508952287779362
13.24,17.39860425086308,17.466539689241436,29.7892990745821
13.25,17.134155118439445,15.552307629217456,31.736674055310342
13.26,16.26634335348597,12.92555991446328,33.15972337701118
13.27,14.792276118773575,9.781886264308127,33.925810754953204
13.280000000000001,12.779226217036614,6.370465425164633,34.02591591046536
13.290000000000001,10.345067182028625,2.935148553352339,33.55453210850772
13.3,7.640071116788818,-0.3236182610451049,32.681929124873314
13.31,4.818163977399036,-3.2777014983214308,31.609948421890373
13.32,2.0146546866260673,-5.864921023420807,30.528085912243775
13.33,-0.6655018125686336,-8.070316797588193,29.586487594683078
13.34,-3.146271151987459,-9.89736139362843,28.88782051498627
13.35,-5.376003398869714,-11.352843136401829,28.488104006340553
13.36,-7.319547387332719,-12.433061951626712,28.399981270847736
13.370000000000001,-8.948087415897728,-13.120097208305145,28.594722435384238
13.38,-10.233337946943054,-13.394523991775431,29.01114386133551
13.39,-11.149902707124882,-13.225919461085283,29.56856219501852
13.4,-11.680462269469654,-12.628651686209858,30.159138543765543
13.41,-11.807927611493092,-11.616219862843154,30.676088312887114
13.42,-11.542316458640187,-10.245277821066129,31.033093638502024
13.43,-10.902910299768397,-8.594285296704824,31.159442239629644
13.44,-9.93627498039173,-6.763962755713851,31.029315740393216
13.450000000000001,-8.698425271615859,-4.853366527018899,30.6453671522194
13.46,-7.264603811648453,-2.9580179253401258,30.047581957102853
13.47,-5.706350474422563,-1.147401508790051,29.291339947170233
13.48,-4.094687107359167,0.5279401929300871,28.441647633084767
13.49,-2.4890103161343267,2.043585181836007,27.56101007639358
13.5,-0.9360959773440743,3.3912042675619514,26.70227723063392
13.51,0.529692583104616,4.574888137527278,25.90763714654674
13.52,1.8889314563943953,5.607382064788064,25.204581661311106
13.530000000000001,3.129826946144698,6.502332119142687,24.61150495033344
13.540000000000001,4.249639961324043,7.274084360700098,24.136505655272252
13.55,5.250820772159491,7.9341666629695595,23.78024932901309
13.56,6.13478213127752,8.488517161786042,23.537920604609035
13.57,6.905226638731311,8.943051737828338,23.40330030922411
13.58,7.573294638108855,9.301111444975026,23.361770291312464
13.59,8.136243921347514,9.559363161945866,23.39842315559686
13.6,8.589588580150505,9.713972360369073,23.498783712455765
13.61,8.932352489510821,9.760538024169326,23.64586327229676
13.620000000000001,9.171726357074245,9.69796038996275,23.81550136576437
13.63,9.306899172080948,9.531266317808537,23.987882914760178
13.64,9.33645677776255,9.265724756542289,24.143583319796427
13.65,9.260314186866824,8.905345384336316,24.26258335938093
13.66,9.085557238329342,8.460361500757118,24.329725968742256
13.67,8.821584185507776,7.94891599610188,24.335081350819646
13.68,8.475226539619062,7.385324673754059,24.267846355401815
13.69,8.057682372374526,6.785441201481102,24.125657657987976
13.700000000000001,7.585033599353876,6.16999630058653,23.911416836370364
13.71,7.070108913614606,5.55492717463593,23.62645346745329
13.72,6.52701740405675,4.95315133653558,23.278381382796844
13.73,5.971475247808972,4.378433504057008,22.87714519338035
13.74,5.415942345106454,3.8398045647145937,22.430358545162925
13.75,4.8714397233381295,3.3427502048169844,21.94833048973056
13.76,4.348764312458064,2.8923326017922806,21.44101463846589
13.77,3.855024878048015,2.4898680646024784,20.91549618646464
13.780000000000001,3.395121201744073,2.1345809515471776,20.37917410369376
13.790000000000001,2.973507499775481,1.8253220067730194,19.83904759512647
13.8,2.5916712333129075,1.5592983400763991,19.29933319790105
13.81,2.249859930538917,1.3334570962387093,18.7632445125869
13.82,1.9483189254749447,1.1447596415218344,18.233998868520494
13.83,1.6855142625219903,0.9893184880888309,17.714268650342728
13.84,1.4585752279676523,0.8634423665477551,17.205150226849454
13.85,1.2661159631820373,0.7646155147553026,16.70754128545806
13.86,1.1052186724351767,0.6895988071907326,16.222272387137824
13.870000000000001,0.9724547722053152,0.6356220915588108,15.749653451367832
13.88,0.8665469523397129,0.6013819760411903,15.289772981832513
13.89,0.7846218553580204,0.5848293666120856,14.842719500846105
13.9,0.7239872277586329,0.5846344458097004,14.408418798414719
13.91,0.6842279452200297,0.6009018146472818,13.986701617227116
13.92,0.6640246565397497,0.6333284015475524,13.57741267162922
13.93,0.6616537643160157,0.6819526696167829,13.180422024241672
13.94,0.6773656819775661,0.7481081914068128,12.79558267953913
13.950000000000001,0.7106113033239156,0.8328081642515982,12.422784041049912
13.96,0.762372285604173,0.9386377111092872,12.062044636958674
13.97,0.8338718633070097,1.068370634718829,11.713397659165295
13.98,0.926533812342117,1.2254445047838334,11.377093483432981
13.99,1.0434579482942223,1.4151681525579232,11.053632202862444
14.0,1.1874026639974313,1.642558967872223,10.743613211006274
14.01,1.3630371349909693,1.9153709072865817,10.448378071787538
14.02,1.5754258532319372,2.241819441344051,10.169463931637353
14.030000000000001,1.831244374005673,2.6325351994902064,9.909650530500443
14.040000000000001,2.138604142112821,3.1002225988483723,9.672510849722158
14.05,2.50706811662853,3.6595636623060166,9.463635400876251
14.06,2.948771459303237,4.329080038597941,9.290760653726576
14.07,3.477215138325284,5.128678947608265,9.165118641774315
14.08,4.109669790109537,6.083637450004639,9.102858799881403
14.09,4.864439086334662,7.219000796397267,9.126375642751716
14.1,5.764328149802666,8.564979218378133,9.268437737507488
14.11,6.831899507253215,10.146827905874071,9.572491963028533
14.120000000000001,8.092024843445563,11.987295961634446,10.101642673718782
14.13,9.565864035168854,14.092379740834545,10.9350383603539
14.14,11.26477698337389,16.43640741208899,12.178605443106843
14.15,13.18591065456836,18.94750024487506,13.953768956110135
14.16,15.285464239799609,21.46137057238335,16.384234799466228
14.17,17.474723463829804,23.71300431016552,19.561625271148806
14.18,19.592700768626045,25.31052023407076,23.49312272638357
14.19,21.388868375696177,25.763979964939224,28.004144067427987
14.200000000000001,22.544305546491454,24.6116683211124,32.68591793184711
14.21,22.72511685730864,21.58846528371846,36.93459877381899
14.22,21.669659462727243,16.799429082262265,40.09202002208016
14.23,19.304938938626517,10.778895498564331,41.722900201494845
14.24,15.766041121392384,4.26826329927988,41.807572215336585
14.25,11.37420617715193,-2.0197461326528385,40.73638201617107
14.26,6.525010184072716,-7.603217733972608,39.12281758915581
14.27,1.603069853755469,-12.247628607227902,37.58739763967266
14.280000000000001,-3.078300367950394,-15.871797336576389,36.6008508490625
14.290000000000001,-7.2819010470945695,-18.42608449443502,36.420836962831544
14.3,-10.819925181725628,-19.820536739126506,37.07993716828525
14.31,-13.525349601677682,-19.92381419438942,38.40528160851775
14.32,-15.24205194686409,-18.64197312554175,40.03877822934378
14.33,-15.862457835618896,-16.02437077888993,41.54554698727077
14.34,-15.342959367623681,-12.293358877023653,42.51656635850435
14.35,-13.754376145582352,-7.849005575135376,42.71761829945735
14.36,-11.274318431656077,-3.1625479881101057,42.14205485304558
14.370000000000001,-8.165847195821033,1.3372159462483002,40.991123473351934
14.38,-4.718594181585108,5.343709386098991,39.575053618177215
14.39,-1.2079795084714362,8.68293952828459,38.20990034072066
14.4,2.1369298579199567,11.280006623932683,37.13742844669621
14.41,5.140338722588782,13.103768602583301,36.49021387641185
14.42,7.67175167700467,14.136809436052673,36.285952298294035
14.43,9.632245384504214,14.362651197630631,36.446032712660745
14.44,10.956678969594543,13.800225214004396,36.8112354376709
14.450000000000001,11.60413878471805,12.495925718053432,37.198370058814206
14.46,11.574824143787954,10.568297105550906,37.42411491915188
14.47,10.909951940691235,8.18134046571809,37.36288252901759
14.48,9.689417167273826,5.530199248773609,36.95774916353733
14.49,8.034062922972346,2.817824398124496,36.23166427031971
14.5,6.081233019920386,0.21005666774771115,35.26851458801179
14.51,3.96844110354533,-2.1722328367636594,34.180217996793886
14.52,1.8219856882503729,-4.255778422326906,33.08178148038088
14.530000000000001,-0.2544455040216923,-6.007333408772745,32.068221968867775
14.540000000000001,-2.181522372432962,-7.4185784626647004,31.205388361371714
14.55,-3.9036714696937125,-8.495133898244816,30.526480328532816
14.56,-5.383795207585511,-9.246690174696258,30.03546191387465
14.57,-6.598678041607553,-9.683435340665197,29.71167267867601
14.58,-7.537305188536756,-9.822607945522135,29.516775998623245
14.59,-8.19290574308346,-9.675983326513704,29.40327269306036
14.6,-8.573288888966454,-9.275700858730966,29.320225536821052
14.61,-8.684758124797568,-8.64773621350635,29.216433875922554
14.620000000000001,-8.549410375204372,-7.835248592648968,29.054531653997593
14.63,-8.189616779969326,-6.88166908634102,28.80168360035733
14.64,-7.639828454490283,-5.835966866597073,28.446601457529795
14.65,-6.936236678090965,-4.74627216393621,27.98497850813074
14.66,-6.117266249003435,-3.6521275663955426,27.42768556406518
14.67,-5.22195918216938,-2.589231576349018,26.79094614976888
14.68,-4.28504171997529,-1.5803347125577334,26.09669677498677
14.69,-3.3384732332367655,-0.6426292266700875,25.367289485203077
14.700000000000001,-2.405982580639545,0.2184361872162882,24.62376405207945
14.71,-1.5077817571575454,1.0009189407530181,23.88497137399024
14.72,-0.6544835508404773,1.711002133215422,23.16494814198375
14.73,0.146057893969484,2.3565410269749734,22.47591800455895
14.74,0.8924204764744741,2.9479039016171096,21.825662699571996
14.75,1.5862783478461022,3.4969715893900633,21.220387250002915
14.76,2.2328223906010973,4.015569543861833,20.663983138490224
14.77,2.8380256389203713,4.514884408578672,20.160039288607955
14.780000000000001,3.4114837668296376,5.007145007324297,19.710346575604046
14.790000000000001,3.9611378526544794,5.501591314430058,19.31820005842586
14.8,4.4957053780917295,6.007631952878722,18.986626268939446
14.81,5.0268341788590405,6.534647252540187,18.718002169980466
14.82,5.559924681069862,7.086812652114997,18.518831221063845
14.83,6.103289092784307,7.670363375630361,18.394627415033952
14.84,6.669063214880272,8.291326081870888,18.350077232485592
14.85,7.256214087885358,8.943283880212235,18.395398184500916
14.86,7.862846788363145,9.619106830038865,18.541149153007066
14.870000000000001,8.491517957861184,10.313585482488758,18.797117410623116
14.88,9.142066732083201,11.01265547551247,19.169432517259683
14.89,9.802344580945071,11.691354073896312,19.663428239472342
14.9,10.464400126698774,12.325271345564769,20.287065485383287
14.91,11.105746603539648,12.875213354113143,21.031796008928744
14.92,11.698841671395941,13.296996820215298,21.884966569933972
14.93,12.216751160344986,13.546004847567396,22.829890601275586
14.94,12.621444925705994,13.579603378464862,23.821476782569185
14.950000000000001,12.874049870119535,13.352109498954022,24.818126348601222
14.96,12.942692486946429,12.84762951203651,25.76079675634624
14.97,12.794902758644245,12.058001279586287,26.58345364780927
14.98,12.41247774520073,10.998303768568677,27.235794316294335
14.99,11.798023547255612,9.72087055606016,27.670158960643363
15.0,10.957373880062317,8.273330689561602,27.86200083599537
15.01,9.92328811894378,6.729201837206892,27.81108678314414
15.02,8.7302122189683,5.149650380921068,27.534072290066383
15.030000000000001,7.428427580458953,3.5975982986434465,27.06872337588822
15.040000000000001,6.062370337327889,2.114833365995163,26.45818528595527
15.05,4.6783926451335756,0.7329539706702959,25.752273412345016
15.06,3.3121807657388436,-0.5352807419075462,24.995477866603895
15.07,1.994516164910867,-1.685706577066599,24.229276093223575
15.08,0.7428601883366102,-2.726362024338966,23.484326410905087
15.09,-0.43073535427747145,-3.6692902447191083,22.78686218600298
15.1,-1.5232798704276718,-4.529269216411517,22.153896182888595
15.11,-2.536866049696268,-5.323061043949959,21.598673758494435
15.120000000000001,-3.4780843921805884,-6.065380130906906,21.12927824745626
15.13,-4.35354433353437,-6.768235165082263,20.752866661867333
15.14,-5.176164594210265,-7.44516771647588,20.47252926968844
15.15,-5.953158745585936,-8.100567089238485,20.292034560830988
15.16,-6.688542309172082,-8.73599382053434,20.216538968536977
15.17,-7.39493038464369,-9.355403779329484,20.24676613179228
15.18,-8.072513896962858,-9.949807040153473,20.383097096229072
15.19,-8.71662031529781,-10.506587974808854,20.627044619103795
15.200000000000001,-9.33059894441175,-11.015070330875249,20.97792360045602
15.21,-9.903498653308102,-11.45300511660971,21.425539452216107
15.22,-10.418634189066635,-11.794556809865188,21.95806748573544
15.23,-10.864545487318987,-12.014156030291632,22.564162367213825
15.24,-11.22193479557969,-12.088715410781035,23.2153514900358
15.25,-11.467675745160014,-11.994554344930838,23.87925571557358
15.26,-11.581443589623845,-11.709960956751596,24.526301316162264
15.27,-11.54957193615435,-11.237916763574013,25.11575486876191
15.280000000000001,-11.357075948880166,-10.581019962703015,25.607045109347354
15.290000000000001,-10.997918982641316,-9.752823375969033,25.97241679141318
15.3,-10.48144972749493,-8.790972617371345,26.188175993590416
15.31,-9.814147057044446,-7.725247482061143,26.23909039116326
15.32,-9.020888631304347,-6.599930043718622,26.12879618257157
15.33,-8.124937097948647,-5.453833332656184,25.8641404269729
15.34,-7.157104864528062,-4.321506198484846,25.467101505357665
15.35,-6.14819581324396,-3.2336875266047667,24.96147606456908
15.36,-5.124954098021448,-2.207685454921302,24.374215821389143
15.370000000000001,-4.113639844253446,-1.257275945633864,23.732960210959504
15.38,-3.1320475596225865,-0.3848921601050468,23.060640232156903
15.39,-2.1949141571830353,0.41110665052021655,22.379253379433734
15.4,-1.3105277403890734,1.1372494746996504,21.70486725350308
15.41,-0.48224423999194876,1.8037022461733183,21.050889278793814
15.42,0.29057835162627765,2.4221012517314757,20.42719046063687
15.43,1.0120252828191585,3.0052949717379622,19.841311265424316
15.44,1.689312880994638,3.5667301095446264,19.298848831277418
15.450000000000001,2.330434937417893,4.119084635476053,18.80483939181129
15.46,2.946409166428591,4.675735798251741,18.363131484961205
15.47,3.5465995370929666,5.247848396684534,17.979145619691298
15.48,4.143325480989305,5.847656273902525,17.657113441580155
15.49,4.747008963690501,6.484499993211024,17.404314588305198
15.5,5.36641133234514,7.166497101067851,17.22953572035718
15.51,6.015364117592873,7.903066603488093,17.140442055855935
15.52,6.69860337919463,8.694029755280924,17.151514901785973
15.530000000000001,7.41964188189376,9.538130113010476,17.278260092466223
15.540000000000001,8.18759633753892,10.434397958710388,17.535702326336075
15.55,8.998300021180011,11.36370471178839,17.940442468101818
15.56,9.845253603023648,12.303727823892263,18.510513717632087
15.57,10.719180667206068,13.221580251337286,19.26058720221544
15.58,11.59336954800969,14.0636642833176,20.194157246752184
15.59,12.440553923080353,14.770869141507788,21.31315716116583
15.6,13.213463080572613,15.267083289286836,22.58801666691032
15.610000000000001,13.861451884280873,15.471128096650576,23.984754255812653
15.620000000000001,14.322784119981156,15.315103696054232,25.424021074949025
15.63,14.532610264809506,14.7327048800766,26.82277515487172
15.64,14.442820570545262,13.718981975021778,28.07326402983033
15.65,14.007676955500191,12.282067890154618,29.073097632257465
15.66,13.224361273863419,10.501253024422113,29.749690830575204
15.67,12.102329452289174,8.468523810239972,30.056270990591678
15.68,10.690752692909548,6.305230981062241,29.999484001043648
15.69,9.050556802339873,4.119109700342595,29.620369477049834
15.700000000000001,7.260824851350572,2.008056274948438,28.991935982843884
15.71,5.397046515695965,0.03463756805915896,28.200216894896876
15.72,3.528144639365939,-1.7630122582101073,27.330363390934856
15.73,1.7105755351182,-3.371941503183335,26.459236973204646
15.74,-0.01706062135846509,-4.797078007043267,25.645525979628104
15.75,-1.6277526945806517,-6.050838706776731,24.934768356314862
15.76,-3.1092361506609714,-7.150050298418261,24.354486174017694
15.77,-4.456383952706133,-8.10945125103435,23.921948259606335
15.780000000000001,-5.668458580878312,-8.937826332450605,23.641853593485752
15.790000000000001,-6.751203049518519,-9.643204222102998,23.514367792557742
15.8,-7.706562820306881,-10.222054764579685,23.527585392365058
15.81,-8.52722144348494,-10.664944436258743,23.6669214699499
15.82,-9.210399520781918,-10.96149536948488,23.91570481161462
15.83,-9.75819245833163,-11.100805434505546,24.244389535878607
15.84,-10.159565349364106,-11.075169755017962,24.61919374332804
15.85,-10.403024208427556,-10.87522198706883,25.005982871279766
15.860000000000001,-10.483367639047463,-10.493543907930269,25.36907429386624
15.870000000000001,-10.403041979130476,-9.949117863958945,25.675514789699942
15.88,-10.164559092656827,-9.26324907869558,25.89288793762514
15.89,-9.771124436321127,-8.452593937869842,25.997098006705638
15.9,-9.241128543718505,-7.551737297374173,25.9791228941045
15.91,-8.591494863223076,-6.593439681939354,25.831345465638485
15.92,-7.845627400817168,-5.60900890063616,25.560814434028067
15.93,-7.031539904689695,-4.631911390972924,25.180223565155714
15.94,-6.172887740603786,-3.6841314130015506,24.705208735645773
15.950000000000001,-5.296094878090823,-2.7853535985351123,24.157638231408974
15.96,-4.422349486404638,-1.9473877944143023,23.556388875673427
15.97,-3.569077173444306,-1.174886764485023,22.9214661458989
15.98,-2.750887609141089,-0.4695807240064629,22.269901133882946
15.99,-1.9753123483424286,0.1734346636209072,21.61512802178233
16.0,-1.247932867651581,0.760472539924097,20.96928047148336
16.01,-0.5693373132108754,1.3005183825970108,20.34054293452202
16.02,0.062349328978050456,1.8038020500517877,19.735834927640255
16.03,0.6520120883022613,2.2813363904402673,19.159961503225986
16.04,1.2059489201625482,2.7443944694430247,18.61692002560416
16.05,1.7324405891468797,3.204526535971045,18.109921426627672
16.06,2.2405082618045538,3.673188364253524,17.641946270627344
16.07,2.7400493803216612,4.161726850310039,17.216514893231334
16.080000000000002,3.2406166018003866,4.681057878971284,16.83768527895713
16.09,3.7538103381372347,5.2426032132590725,16.51021483238549
16.1,4.28851828532846,5.8562498448879925,16.241860546947116
16.11,4.857011502177793,6.53318668758388,16.039342070339192
16.12,5.468799821270588,7.281382559500649,15.915251769264506
16.13,6.132088644764302,8.108041218413218,15.884000875935486
16.14,6.860065916658351,9.021790262707125,15.960129377068164
16.15,7.6555306462108295,10.016405655143041,16.16692553454515
16.16,8.518785076099084,11.082865956267378,16.529258258036872
16.17,9.454004951065912,12.210470749525678,17.073599079365565
16.18,10.44970483238119,13.361410500734898,17.824365317345933
16.19,11.489364738926401,14.489251603415497,18.80711791633842
16.2,12.542714328193313,15.522948021174605,20.03399852745272
16.21,13.56341912433521,16.369432451814003,21.503316042298728
16.22,14.490142466320941,16.920991069620072,23.182484761487704
16.23,15.241315681942686,17.057357702286417,25.000766076103794
16.240000000000002,15.732908614991077,16.680278792541095,26.854533080366892
16.25,15.872315643277298,15.71489289060799,28.599309304214657
16.26,15.59460850090659,14.165757903981293,30.08825250607471
16.27,14.854092011592039,12.093316875637667,31.177273172241687
16.28,13.658051769171559,9.630788818108995,31.789120397118275
16.29,12.044801826776709,6.936329009968301,31.900991368651653
16.3,10.104158448640911,4.189369973435976,31.567373815191637
16.31,7.936756432148949,1.5284470507079289,30.890671037250478
16.32,5.652039822790134,-0.9430922877195481,29.99943464596157
16.330000000000002,3.350716912408604,-3.168260942394404,29.024955192900524
16.34,1.1138717520205577,-5.126888499921424,28.08037204575978
16.35,-0.9996001274711063,-6.821308085778593,27.25123689793026
16.36,-2.949720296960848,-8.264649027399185,26.597552000900883
16.37,-4.713342065687589,-9.469786743144827,26.151255745437737
16.38,-6.276363561067489,-10.442173486074518,25.922769028645185
16.39,-7.6284870140724825,-11.181089646176313,25.901516265247885
16.4,-8.764615230068433,-11.675823408151173,26.066290090298523
16.41,-9.672417532050085,-11.914596160640976,26.372160851095718
16.42,-10.33700747569559,-11.885140730276314,26.770236288961737
16.43,-10.74965162406697,-11.572583797110465,27.203217467674403
16.44,-10.908466342942368,-10.996781716098315,27.609892573879357
16.45,-10.810996096605482,-10.179597607626617,27.929999248579854
16.46,-10.464581322915215,-9.149911382096697,28.119237260780057
16.47,-9.892373031924174,-7.962927099175671,28.147585939423426
16.48,-9.11824189725067,-6.66798753444525,27.999764296796585
16.490000000000002,-8.184486243424423,-5.326894104903255,27.683867261514088
16.5,-7.129002270490961,-3.9874183710972044,27.21594114083855
16.51,-5.99715167485914,-2.6922678721931925,26.627713062245785
16.52,-4.8278455050099875,-1.4700768896028302,25.95138867122906
16.53,-3.657580517251929,-0.33876889350108197,25.2228198009899
16.54,-2.5138946537293783,0.6950974387747877,24.472291431684603
16.55,-1.4180307720916485,1.6332542240769419,23.727529346976045
16.56,-0.38284573988420423,2.4829876324432303,23.00891106032248
16.57,0.5860077582755476,3.2568036819461037,22.332559267557627
16.580000000000002,1.4871867640469996,3.967668507905611,21.71020288884532
16.59,2.324384540096044,4.629532094532036,21.149884509077193
16.6,3.1049106687248784,5.257073782419823,20.657137514848685
16.61,3.8367124768731364,5.861742671073591,20.236543771236775
16.62,4.528613697033131,6.454783771965259,19.892246208442536
16.63,5.193221154622025,7.046741165991573,19.62618330021654
16.64,5.835904133810145,7.641252547621491,19.444021487674725
16.65,6.465442113285618,8.243972049091738,19.350353914073764
16.66,7.093837052880323,8.858663617965915,19.34752335279016
16.67,7.718250058259388,9.47606364437278,19.441895896431895
16.68,8.335214871845956,10.086407024230471,19.64007237695169
16.69,8.949055525249028,10.682353947803936,19.94602464998419
16.7,9.552986367575139,11.244087308629089,20.35770783626454
16.71,10.133773578528912,11.746741194138625,20.87301463605412
16.72,10.681299383062461,12.16477541789984,21.488886588615454
16.73,11.172222302156904,12.465343328707013,22.18474610168953
16.740000000000002,11.581713945675073,12.613450833186608,22.939717380210578
16.75,11.886515213546321,12.579088901135464,23.727048782965973
16.76,12.05975317767892,12.342736010848098,24.501514949165063
16.77,12.072525346091894,11.879562718764044,25.223312621830143
16.78,11.911292278402644,11.19901074983262,25.849373784087163
16.79,11.567053566069703,10.322330171626449,26.333664606854843
16.8,11.034341930211601,9.270675931186522,26.64748182045309
16.81,10.330574247174303,8.094258175129129,26.775556416800846
16.82,9.470829368537093,6.8352821077595465,26.710846668321985
16.830000000000002,8.489498934345793,5.545641360675938,26.469373682781303
16.84,7.418545800683388,4.268928115251371,26.070532631015382
16.85,6.2938468009131965,3.038223502649652,25.546542948484348
16.86,5.149614631234445,1.8800888240056421,24.929952602348877
16.87,4.013978859059672,0.8064034634870569,24.25377010658513
16.88,2.911988152761669,-0.17595813394402948,23.5484408050538
16.89,1.8582206219608906,-1.071582370881616,22.838034610499363
16.9,0.8640607118945366,-1.887767336767587,22.14410788668147
16.91,-0.06700039869912189,-2.63621373639334,21.481344014468903
16.92,-0.9354707260763017,-3.330711549056175,20.86190139299906
16.93,-1.746404766399955,-3.9854248856004917,20.294039892855814
16.94,-2.506785666631489,-4.614581021880314,19.784749915253816
16.95,-3.227150497601927,-5.232306668923956,19.33890791044678
16.96,-3.916301118618424,-5.849899235925209,18.96250329399524
16.97,-4.587516667248982,-6.4801367358890944,18.659380297096423
16.98,-5.249878037786438,-7.130308448211993,18.436565674538297
16.990000000000002,-5.911667259994632,-7.806934311322357,18.301963257450993
17.0,-6.587872348610379,-8.518308074244876,18.261144229385863
17.01,-7.279446338045214,-9.25844081096909,18.325519523335636
17.02,-7.9849732334544,-10.019361488204645,18.507446945513657
17.03,-8.709354899621243,-10.795091428486561,18.817834170082946
17.04,-9.449146579503081,-11.565431601826123,19.263321617257223
17.05,-10.191644925441391,-12.301710432853392,19.850820794395595
17.06,-10.926080383391698,-12.971992674714365,20.585886713969472
17.07,-11.62292720616216,-13.52734443279532,21.45403992109426
17.080000000000002,-12.252199729042204,-13.915763651679656,22.441910677450494
17.09,-12.778303455029182,-14.086082817815898,23.515828758150377
17.1,-13.156063733699654,-13.987369294227513,24.621613755556623
17.11,-13.343795368282004,-13.577715508446747,25.705306789964656
17.12,-13.306339490701202,-12.850539684172157,26.688524342600527
17.13,-13.00881339182333,-11.80053451802514,27.50375544637795
17.14,-12.449237525185788,-10.480372052729017,28.094769623896827
17.150000000000002,-11.627620229682652,-8.943971001988187,28.41768843965725
17.16,-10.573889729556354,-7.270165027370528,28.46670080917186
17.17,-9.324296939056074,-5.535359217785283,28.252101813139745
17.18,-7.934271827013913,-3.813946609381503,27.815190405880045
17.19,-6.456013821620177,-2.1617328309600135,27.204657303654756
17.2,-4.943930369073856,-0.6182414078218359,26.479619775570526
17.21,-3.442058842752184,0.7970890851510495,25.693975741059464
17.22,-1.9878906637268832,2.0775024653200305,24.89797511435285
17.23,-0.6045240450938656,3.230003889014888,24.129453111745615
17.240000000000002,0.6918180166898051,4.2665848031375635,23.419916897880217
17.25,1.895956872404815,5.20290380405816,22.789447099514632
17.26,3.008303377543932,6.056337441374654,22.25330891384234
17.27,4.033826501951562,6.84032068064451,21.81976955497921
17.28,4.978375728641111,7.566588550814931,21.495500053296006
17.29,5.855159760008336,8.247004358722723,21.281435470851957
17.3,6.66738370650305,8.881139012851682,21.178670844399914
17.31,7.415747403590518,9.46650062330086,21.1890444176083
17.32,8.109602875409792,10.002080043952605,21.30867387643646
17.330000000000002,8.747525419084875,10.476421215160386,21.529846271174733
17.34,9.32350575249721,10.874867225751716,21.845758361954854
17.35,9.835096412284098,11.182386392127727,22.24478073460534
17.36,10.268744707665457,11.379972727121848,22.707223528879194
17.37,10.610971953623034,11.44650323166307,23.21426186842947
17.38,10.84989181437109,11.366754583932199,23.74077808908947
17.39,10.97103283908907,11.134130285098715,24.25333449473716
17.400000000000002,10.957760618325608,10.73645160144473,24.720425280812336
17.41,10.803425926136356,10.17835000526193,25.115206056028295
17.42,10.511352625514899,9.484862663661673,25.41041879042686
17.43,10.082617348094237,8.676741075792286,25.58126134049426
17.44,9.525399319352186,7.776970585166658,25.619651060408415
17.45,8.859853627893413,6.822589737887239,25.52389895381669
17.46,8.102736691390904,5.841672213404365,25.296829362054343
17.47,7.280957327868557,4.8654894296739,24.95449475988773
17.48,6.418362960420081,3.9194386490680624,24.512371194827654
17.490000000000002,5.537856068179976,3.019943906925651,23.991426674658904
17.5,4.6621225935630575,2.1812935009628776,23.412959943393645
17.51,3.8070917089898737,1.4079168691957562,22.795301503340784
17.52,2.986667402084912,0.7010190697049803,22.157006913959066
17.53,2.2098768438544627,0.057562276106239985,21.512017950565795
17.54,1.4813420432021154,-0.5291918832688364,20.872204164579262
17.55,0.8023799014360766,-1.0676878844195286,20.246636373406886
17.56,0.17106721294671617,-1.5679331265210923,19.642203755603557
17.57,-0.41719685224365877,-2.040859826088494,19.06410567729623
17.580000000000002,-0.9684520114759907,-2.4974549820286804,18.516400804426517
17.59,-1.4909380707677446,-2.9493467458059364,18.002291445956786
17.6,-1.9932215618184734,-3.4077507137926935,17.524884555088274
17.61,-2.4855703634386996,-3.884328602096333,17.087210505646578
17.62,-2.9771376499536375,-4.389925752677153,16.693467808273077
17.63,-3.4796254292624633,-4.9362753966247634,16.347670272372515
17.64,-4.002516852665291,-5.533883033093115,16.05716428587002
17.650000000000002,-4.5571431776996745,-6.193988661022491,15.828695313711243
17.66,-5.154659943142961,-6.926364759698771,15.673262056611794
17.67,-5.803448451065684,-7.7389870817291255,15.605373997578933
17.68,-6.516665964267575,-8.64198104383641,15.63881435668703
17.69,-7.300118947069082,-9.633629825696628,15.796338379366127
17.7,-8.156157457746886,-10.708338724096176,16.103408958021266
17.71,-9.091050109274939,-11.859809571735354,16.58722912838506
17.72,-10.097009326261267,-13.055880026012126,17.275834698495512
17.73,-11.160783409928024,-14.25539723485149,18.198779504346824
17.740000000000002,-12.257913517388182,-15.393671072512326,19.376961950952417
17.75,-13.345397426909857,-16.379758656711807,20.817214605466436
17.76,-14.366602692210089,-17.104447416580516,22.50226806147955
17.77,-15.239406895498403,-17.438646357939636,24.37054301502012
17.78,-15.876635044029609,-17.2647327716065,26.330078682060474
17.79,-16.177648094098952,-16.486528429427782,28.23449602981063
17.8,-16.061459415715518,-15.076956756864556,29.926551782933593
17.81,-15.46453334553266,-13.07365054880212,31.239256597270902
17.82,-14.378349565542269,-10.60219984024103,32.06648865065302
17.830000000000002,-12.82983578912737,-7.826629435515462,32.35888353132834
17.84,-10.898492372026984,-4.939301527355882,32.15094193292121
17.85,-8.691410728591169,-2.1059483172661624,31.543365927645677
17.86,-6.325530329725226,0.5485735148430864,30.671075361490033
17.87,-3.9138855743331242,2.948805185178263,29.67967940189526
17.88,-1.5507717641645868,5.063452615398408,28.699528398160936
17.89,0.694503748094843,6.890892888699847,27.83067337759069
17.900000000000002,2.7723895970278076,8.440576039885801,27.144366389007835
17.91,4.65330953463367,9.725960139642003,26.680294020608226
17.92,6.317985138376784,10.751389956994378,26.450101932407474
17.93,7.75566052512907,11.514456095361737,26.448720682158104
17.94,8.954777749175422,12.001521186514097,26.64327499532898
17.95,9.89716073388384,12.201567585967469,26.984105274352288
17.96,10.567186391447962,12.095471549392819,27.417464242205458
17.97,10.959402419278664,11.680827742276515,27.875416119494336
17.98,11.070309636671157,10.982933766508022,28.28801356275383
17.990000000000002,10.896573379351322,10.021439365862122,28.590514743536648
18.0,10.45691464256347,8.846320313285423,28.741030622772684
18.01,9.772471436836277,7.514158443889802,28.706129565206332
18.02,8.881931015937912,6.089661881670367,28.48345319129897
18.03,7.828795201769422,4.637234208515745,28.082414066174554
18.04,6.660789110881842,3.2078999773737764,27.53246897835239
18.05,5.425896178833878,1.8448209866256446,26.869009179894743
18.06,4.167181930434845,0.5732604745755587,26.132483591593296
18.07,2.9216941174105155,-0.5915194414011502,25.36041516078383
18.080000000000002,1.7169495563776227,-1.6479609017465016,24.586327612641316
18.09,0.5730220362093761,-2.600108193518591,23.836976337631178
18.1,-0.5003905268295041,-3.4600975730418484,23.13234208482731
18.11,-1.4979224369843067,-4.240588621666696,22.487702574298556
18.12,-2.421219483766134,-4.955992280158083,21.91267072185287
18.13,-3.2758627789461134,-5.621427851825549,21.413831167690276
18.14,-4.068836856032394,-6.248262938124243,20.99547255212221
18.150000000000002,-4.807623594464039,-6.847236964762739,20.661516329597326
18.16,-5.505235936954042,-7.429218852626518,20.41208061026971
18.17,-6.166183528042171,-7.996301997845418,20.250489159482708
18.18,-6.794914343628568,-8.550282330219927,20.180262992364682
18.19,-7.4034139058730934,-9.094593148937571,20.20059067440937
18.2,-7.990319715945318,-9.6207275426306,20.312147836029375
18.21,-8.551889484129394,-10.11842169849903,20.51639720919931
18.22,-9.091989259000862,-10.579712861301042,20.812785185588744
18.23,-9.601299789193959,-10.986085683599192,21.1933270728489
18.240000000000002,-10.06559722198311,-11.315952603549794,21.648819146734365
18.25,-10.475579466577454,-11.548259538062991,22.17154080155851
18.26,-10.816010876599067,-11.663089433195124,22.740084596766597
18.27,-11.067066095116422,-11.640415525960401,23.32765279974029
18.28,-11.210295460281724,-11.458210849658672,23.91132900347499
18.29,-11.232795732478502,-11.113812752417264,24.459217690041626
18.3,-11.122104656591715,-10.609605950057402,24.935881086465535
18.31,-10.866351129951754,-9.946608423483903,25.313956037207944
18.32,-10.471085190242045,-9.152277410949718,25.572503205782997
18.330000000000002,-9.941323393187234,-8.253620792999481,25.691924283518876
18.34,-9.288915009939815,-7.278941913097314,25.667938616466426
18.35,-8.536769937316345,-6.267069739796986,25.504043731734615
18.36,-7.70468352209633,-5.246558503114539,25.20912579841783
18.37,-6.8211527596799995,-4.247615522697796,24.803441739183253
18.38,-5.910291162205347,-3.292437131087245,24.305868878367065
18.39,-4.9949819993217215,-2.3947325403070456,23.739747492850388
18.400000000000002,-4.09639426316963,-1.5650385555502053,23.126826797473655
18.41,-3.228338108468205,-0.8041601319712832,22.48565622832439
18.42,-2.4025850096598798,-0.11049007437134584,21.83403549037766
18.43,-1.6255146325394003,0.5217883816814858,21.184889689110946
18.44,-0.8997235651084786,1.1011356026461925,20.549044448468976
18.45,-0.2240267832733474,1.6377943092385872,19.934471078184
18.46,0.4056247126320639,2.143075533475956,19.34728771785026
18.47,0.9950673468472622,2.628447005746671,18.79222165288152
18.48,1.55249320256935,3.1060435654780787,18.27296596005304
18.490000000000002,2.0865293041749053,3.58748659328342,17.793049101873667
18.5,2.6077826493940286,4.084894815003306,17.355678371265036
18.51,3.1255203186139244,4.609256829437643,16.965496439343514
18.52,3.651720107980409,5.172497493058935,16.62656011407938
18.53,4.196225963367719,5.784938631794641,16.346472144796067
18.54,4.769710626745532,6.457254345312412,16.13278022493231
18.55,5.384190035538121,7.199050715760935,15.995673753730914
18.56,6.046991975845605,8.016179752823831,15.950629283326835
18.57,6.770162295769565,8.917878629831598,16.01210076838559
18.580000000000002,7.561134854653363,9.902423859595357,16.20058580423015
18.59,8.418392947949862,10.957323205152127,16.541513125863798
18.6,9.342522447435888,12.070707784516292,17.06102489002475
18.61,10.32967809598712,13.214003805244692,17.784543786046495
18.62,11.359105812510801,14.33592333933424,18.73344470261985
18.63,12.406934291830652,15.373987250555516,19.926678062892577
18.64,13.424579674089316,16.234892389505493,21.356070658850395
18.650000000000002,14.35694910085641,16.814419643751688,23.002861938961
18.66,15.12322651206619,16.997786099151075,24.79080099779815
18.67,15.639951544382281,16.676994109642916,26.630104314883617
18.68,15.819524887997533,15.78817839444526,28.373761157432643
18.69,15.586562875962928,14.307037089889224,29.881970408325945
18.7,14.904607659323627,12.309807886025837,31.008510155608462
18.71,13.76604722024922,9.904402874734599,31.66895252020614
18.72,12.209791733574736,7.254303977684771,31.832904123295414
18.73,10.318243741918563,4.530018640775824,31.54896890897132
18.740000000000002,8.189033117576262,1.8757388983637582,30.91012466719402
18.75,5.932086304949971,-0.6007704423018292,30.04319002904046
18.76,3.6469384495088746,-2.840183272244266,29.077264160591348
18.77,1.4161866385653732,-4.817911938917061,28.126202920933153
18.78,-0.6980980898003968,-6.533193430539798,27.279371471271173
18.79,-2.6560100950993197,-8.000320374094931,26.597892147129656
18.8,-4.43214335557437,-9.231412362924345,26.117098242065754
18.81,-6.012673454774193,-10.234746297835386,25.852096287652845
18.82,-7.387235281626355,-11.009335772444834,25.792904299884512
18.830000000000002,-8.549128210418903,-11.548325125153823,25.922513755614375
18.84,-9.490833355951573,-11.83784120953394,26.201675520054177
18.85,-10.197663933808029,-11.868820196917717,26.58108548110866
18.86,-10.65706602398138,-11.623528246098239,27.00710417267978
18.87,-10.866685310319092,-11.111213254313212,27.420398035502593
18.88,-10.826765084430054,-10.359204379162442,27.762425966646138
18.89,-10.538248792046002,-9.389496547148202,27.982230532999015
18.900000000000002,-10.022993985195033,-8.251987502349085,28.050970367328787
18.91,-9.302666548389126,-6.996812426423945,27.946630510106065
18.92,-8.414846551206095,-5.680333589738193,27.67421867082049
18.93,-7.398695633318059,-4.355641630936694,27.24633533292092
18.94,-6.296023080934006,-3.0634168842444423,26.69117435904169
18.95,-5.147967327893353,-1.8376615562739786,26.04028198087266
18.96,-3.989749402724895,-0.696443328438593,25.32789551685261
18.97,-2.85222204430735,0.3491107523047914,24.585784678309118
18.98,-1.756053483532467,1.300469027260621,23.840956539974275
18.990000000000002,-0.717551774429027,2.162388755539749,23.116369409866916
19.0,0.2570919653822603,2.9464393244949862,22.428018122094933
19.01,1.1649862165141038,3.665501619793493,21.7892039375994
19.02,2.0091406340730575,4.333168566546306,21.20827765753206
19.03,2.7952666985250385,4.963780204925932,20.69192108824205
19.04,3.532341765994305,5.570453098323097,20.2443175907882
19.05,4.227820613691599,6.1636079681987574,19.870462170290946
19.06,4.8945053643363305,6.7555174497094015,19.57247822798998
19.07,5.540274018821103,7.351887510903778,19.355103659586387
19.080000000000002,6.170974091423982,7.956745380537307,19.224378227701333
19.09,6.803122709099608,8.579578142881683,19.18250517185976
19.1,7.4374457264759215,9.213755990729535,19.235530929792933
19.11,8.069077702257651,9.848046328973679,19.391114756910692
19.12,8.694221274390316,10.471736626320396,19.656735892915663
19.13,9.317427798893952,11.07478508397746,20.034440780247838
19.14,9.92731189148611,11.632382653444957,20.520651171597105
19.150000000000002,10.510193900153405,12.117236085470712,21.1134965627069
19.16,11.050689253055243,12.498902399139391,21.803992881385255
19.17,11.521514460254457,12.741376815232915,22.5671245076636
19.18,11.896907613043407,12.80675343026005,23.381590923004726
19.19,12.150153019074175,12.669482952643897,24.208275325482486
19.2,12.251385069619927,12.307262804749316,24.99918327327788
19.21,12.174754693315046,11.70484277753653,25.712757587088046
19.22,11.911437796167625,10.885527333822,26.300359469061032
19.23,11.450529359221624,9.868972938355867,26.7189093709956
19.240000000000002,10.799990215092022,8.694668219999308,26.948935188619178
19.25,9.977719880785818,7.414917731412087,26.976709947720455
19.26,9.00924266648566,6.077541292451543,26.80977000589009
19.27,7.932757053337442,4.737315538973931,26.46858360341384
19.28,6.78233388637241,3.4313166785643734,25.981468769284064
19.29,5.597398659999036,2.192848739394673,25.385269586608356
19.3,4.409295371698045,1.0392654346746926,24.71439953706029
19.31,3.2469664608788276,-0.019658935557519963,24.003997184325723
19.32,2.1297513835733723,-0.9847237678042309,23.281668715113483
19.330000000000002,1.0710194216912563,-1.8630801276957305,22.571952957365838
19.34,0.07778981052818223,-2.6651778891722007,21.892833111251132
19.35,-0.8492515223894512,-3.4050906018886162,21.258071426646723
19.36,-1.7136224328117258,-4.097476821578363,20.677672338606722
19.37,-2.521599489277935,-4.756467948030352,20.15939550434361
19.38,-3.283171214000408,-5.397067009730162,19.708697525754673
19.39,-4.007834668618381,-6.030768084271806,19.331214102066586
19.400000000000002,-4.705981090739746,-6.668905155997552,19.03223997958632
19.41,-5.39062569527312,-7.321278507502166,18.8160239396336
19.42,-6.06715469345352,-7.99080814942856,18.691085687579925
19.43,-6.745639397579868,-8.683126276216134,18.664543827859553
19.44,-7.435397914474388,-9.398009699860705,18.742839130464446
19.45,-8.132625781750425,-10.12328869587061,18.9358756728475
19.46,-8.835353458546125,-10.847630532042897,19.253591108709244
19.47,-9.544660281211344,-11.555718713219237,19.701615299961997
19.48,-10.2449934947325,-12.21620169776695,20.279817406622385
19.490000000000002,-10.923061759138815,-12.796965169621982,20.990848016224348
19.5,-11.555399767318223,-13.256432365422654,21.820455128442653
19.51,-12.108650575825138,-13.546649236713497,22.742888408787696
19.52,-12.551704235009101,-13.620587723998575,23.731793737249674
19.53,-12.847141497897338,-13.444099730475077,24.73144265862723
19.54,-12.9547599284594,-12.979183910595815,25.688249129644362
19.55,-12.849055660244332,-12.226755864667677,26.541365473992993
19.56,-12.509189011630058,-11.203876593611623,27.224782989399433
19.57,-11.926901265298419,-9.941574019313633,27.69674249344207
19.580000000000002,-11.117013867280642,-8.504777318442262,27.92681970413407
19.59,-10.099895284712183,-6.9525487122344085,27.908834796663882
19.6,-8.920650997318418,-5.3613067156030265,27.661460063215646
19.61,-7.620388166632727,-3.786710013500946,27.215869553230576
19.62,-6.250488877172198,-2.2793771860063003,26.619158652479552
19.63,-4.8543290974796935,-0.8691026476707093,25.91857564662443
19.64,-3.472979968067949,0.42543775186396426,25.162752307501986
19.650000000000002,-2.1351593277479615,1.6019923125895026,24.39176606868301
19.66,-0.8638550656447066,2.6648709683120666,23.641115116483075
19.67,0.3304894647990988,3.6266718134549474,22.935194255880994
19.68,1.4425891503967694,4.502786248173245,22.29423292229151
19.69,2.4740332974868346,5.308424307952799,21.73085715619826
19.7,3.4302031964500364,6.0593842529477815,21.25474934062572
19.71,4.320733576118277,6.769636434001833,20.871222919724634
19.72,5.152040715315718,7.447378167457082,20.585985788598588
19.73,5.9364842109573495,8.103415240319334,20.401925047342896
19.740000000000002,6.683975105083491,8.740952460311837,20.31993782842047
19.75,7.3933738796023984,9.354063302488186,20.344249286979245
19.76,8.066059102406424,9.937877548071858,20.47826716431183
19.77,8.70965478833441,10.48626305781986,20.718567207774687
19.78,9.315716890606874,10.980786198573783,21.0602121060645
19.79,9.877061875913316,11.402581002596317,21.499240594735312
19.8,10.384866906939434,11.730121577213941,22.02351047890814
19.81,10.81935992431513,11.93746438762373,22.611809912579492
19.82,11.163012245403634,11.996949409824046,23.245550964598173
19.830000000000002,11.397891078286749,11.890858033959631,23.893527140340936
19.84,11.503428372032715,11.606128928972057,24.517048244593873
19.85,11.458670251502207,11.126376374164325,25.083040047599926
19.86,11.258591943781482,10.468398046689183,25.556794529323692
19.87,10.900487032646097,9.654808074727116,25.90283373823543
19.88,10.382999905443846,8.70478515191965,26.09998055195902
19.89,9.724560157958381,7.6604438810578035,26.140445264082317
19.900000000000002,8.940632681835742,6.557564912335923,26.01990922089565
19.91,8.059597720688409,5.435247346678165,25.75265565567264
19.92,7.110436767117078,4.329946891559053,25.35561606165281
19.93,6.120757252427736,3.265761501513522,24.852877524844953
19.94,5.119785023084963,2.264432519431152,24.27144160331553
19.95,4.1294365621782,1.3352305070514656,23.635607330566206
19.96,3.1695046785305916,0.4827779935144664,22.970097548016646
19.97,2.2530422644945216,-0.29498216021052137,22.293931562821076
19.98,1.3882842521389493,-1.0047091320255142,21.62387113043511
19.990000000000002,0.5786328496234785,-1.6557431335623576,20.972309888729406
20.0,-0.17663290851082103,-2.2597043673325983,20.349062838335772
20.01,-0.8817953087466894,-2.8291704806321296,19.761244513343954
20.02,-1.543057312522963,-3.376853229695455,19.214609829233122
20.03,-2.169576831916372,-3.916084098662062,18.713494312545613
20.04,-2.7702973217094455,-4.458957195749188,18.262493587089068
20.05,-3.357047649472543,-5.018336232781757,17.865283915580598
20.06,-3.9393553817640043,-5.604670700657285,17.52799233502299
20.07,-4.528986347815122,-6.229287324149945,17.255888179598713
20.080000000000002,-5.137124986148507,-6.901168216853135,17.057039079761797
20.09,-5.7709528862771,-7.626344044031536,16.942801924978305
20.1,-6.4443612143065625,-8.414551154354667,16.92252953114886
20.11,-7.162454818756741,-9.263383723729735,17.012063246541025
20.12,-7.925138960680478,-10.165349284910487,17.229972267131533
20.13,-8.7359532926085,-11.114209836723452,17.594947716623803
20.14,-9.593334982525446,-12.089120247513147,18.12410241856788
20.150000000000002,-10.483004723776947,-13.054782536685815,18.833655448464
20.16,-11.390798760609414,-13.969656028384914,19.739028770303214
20.17,-12.28197969338239,-14.767643795004153,20.83570660824338
20.18,-13.120153311220507,-15.375841828052403,22.11870627598866
20.19,-13.84817602948832,-15.710669280810071,23.539634312901534
20.2,-14.40373852431349,-15.683506903921499,25.043280333525225
20.21,-14.72310216536745,-15.23626300619315,26.53497741516009
20.22,-14.737338194074956,-14.317937045373588,27.908252987689078
20.23,-14.407579005113108,-12.952185653078654,29.055275164976173
20.240000000000002,-13.706142820168907,-11.191570750566465,29.87406452087729
20.25,-12.645128446200058,-9.135910455217573,30.316203791331624
20.26,-11.256942748877828,-6.902343905538161,30.365012608549527
20.27,-9.612463890490138,-4.620747995324873,30.06172698929072
20.28,-7.786117362759638,-2.3937102268977,29.47455281946373
20.29,-5.862641137487918,-0.30190929067298544,28.695464210672874
20.3,-3.9170552143116395,1.6105358866725916,27.817885351286296
20.31,-2.0123671103151684,3.323654043016889,26.925892983933796
20.32,-0.1964952860013056,4.837585858737445,26.089296763261103
20.330000000000002,1.5016515729925144,6.165436274563024,25.356370643988875
20.34,3.063384214427192,7.322611215002256,24.761887300593816
20.35,4.481810553180965,8.324108462109916,24.323932988967435
20.36,5.756800609593196,9.1804462265337,24.04958056982887
20.37,6.885611054551331,9.89232836140969,23.933609394239372
20.38,7.867346244137767,10.459140758807463,23.968661160955758
20.39,8.706276152759077,10.87387146581746,24.134390757730724
20.400000000000002,9.393601421786503,11.125039693054273,24.403610937742176
20.41,9.92135853570031,11.199122096004004,24.747896272698046
20.42,10.28665584696738,11.086553331272393,25.13033384179527
20.43,10.482406680001107,10.790355477371204,25.510840344202755
20.44,10.500921682420135,10.310827818803872,25.84941889945933
20.45,10.343937745810951,9.660852327926133,26.112796922453313
20.46,10.020916498290593,8.870924863926993,26.27274161722713
20.47,9.538985790164359,7.965327286045365,26.306615728834736
20.48,8.92063455643259,6.982838223523228,26.209426080874273
20.490000000000002,8.187179108345259,5.95930958037667,25.978754108239034
20.5,7.366074453516775,4.927350097172282,25.627083348488803
20.51,6.487236449382611,3.919084507522884,25.17104949851307
20.52,5.576117057416715,2.954350370466212,24.630383170974863
20.53,4.659279942487279,2.050084009998712,24.02862859063495
20.54,3.756612367276439,1.2138464047564876,23.38572740929591
20.55,2.8843282068706753,0.4474054993338239,22.721859619216275
20.56,2.0541672401568913,-0.251330698493887,22.05296041618187
20.57,1.272339955083299,-0.889207241661,21.39219512340674
20.580000000000002,0.5413412756881957,-1.4750092979050768,20.74974283754803
20.59,-0.14011613118477034,-2.01944511456956,20.133412516287237
20.6,-0.7764304976613172,-2.5341038955101496,19.54891424685053
20.61,-1.3735827891657846,-3.0306801657903844,19.000892921790182
20.62,-1.940196230711864,-3.521494093275328,18.492884013524343
20.63,-2.4847933014125365,-4.018004378142568,18.028618903650372
20.64,-3.0183895516584878,-4.53236073996106,17.611288045471596
20.650000000000002,-3.5500262626466395,-5.075008666395134,17.24615017745627
20.66,-4.091491932921273,-5.6574577464301825,16.93749618770017
20.67,-4.652949304780808,-6.28919088426022,16.69322368471329
20.68,-5.243145233988429,-6.978821265288138,16.52273209305256
20.69,-5.875123314865446,-7.73598550659261,16.435033147742818
20.7,-6.554695090500432,-8.56240677330062,16.4464858609468
20.71,-7.286981204688378,-9.459180016656429,16.574477323701355
20.72,-8.081501453352745,-10.426515876668669,16.837160409431494
20.73,-8.934586855354206,-11.445723345281918,17.25625881834837
20.740000000000002,-9.841290766005374,-12.495648545488386,17.855089613924576
20.75,-10.792566891758366,-13.541509447057534,18.654574403032782
20.76,-11.761466869625474,-14.525077868161523,19.66588545796194
20.77,-12.718465896023478,-15.379133748672967,20.896791658133086
20.78,-13.610868224848144,-16.01260873119566,22.322730890318102
20.79,-14.380859387817233,-16.328224698904325,23.90911462638718
20.8,-14.952616410176262,-16.233672907408614,25.5673094185904
20.81,-15.250080444644004,-15.647066425200425,27.201764734943072
20.82,-15.20521238294083,-14.54517980198271,28.67531135527704
20.830000000000002,-14.759344025754137,-12.929616889108496,29.868899855819517
20.84,-13.908813001977169,-10.908563684447506,30.679616981045548
20.85,-12.661006578070323,-8.589777065099415,31.053209178577937
20.86,-11.072077459760228,-6.1229206587275655,30.99747498575113
20.87,-9.219704070082825,-3.643058723598731,30.571346736866666
20.88,-7.196411649308962,-1.2651997293941237,29.867327643755836
20.89,-5.096260670497436,0.9346167770808784,28.996914074411162
20.900000000000002,-3.000122248536889,2.9173653722023603,28.065771550307318
20.91,-0.9738701692192895,4.669922451517198,27.165232386083396
20.92,0.9363171396133259,6.199672176347519,26.365467966466753
20.93,2.7015815750016943,7.520262761316542,25.71265511533789
20.94,4.305097396394695,8.646663933414066,25.23595361903993
20.95,5.739181289830194,9.588286054106753,24.94465747075767
20.96,7.005538004459445,10.35030506908208,24.839322704990444
20.97,8.09710154223437,10.924958401464327,24.899418449845392
20.98,9.001976092283979,11.302260555093586,25.100113702496444
20.990000000000002,9.713476060114994,11.468274857880884,25.41277911200642
21.0,10.23129456746102,11.41265921066799,25.792055310912996
21.01,10.546139818246138,11.138768319966706,26.189272170714275
21.02,10.64885897288703,10.648267207067988,26.555650815174726
21.03,10.541064921209404,9.952122675563572,26.848073421547884
21.04,10.23451758960806,9.086456522926653,27.03156407430472
21.05,9.738062182346226,8.081604285116113,27.076758764388625
21.06,9.077441183485298,6.983351822937932,26.975604635607752
21.07,8.278176119403723,5.834979385244018,26.724917033929323
21.080000000000002,7.373947778074458,4.676834959422235,26.339871961880213
21.09,6.399380612887066,3.546219250304228,25.83973682530963
21.1,5.386032017723413,2.466932339695604,25.250084413485272
21.11,4.365060847207748,1.4585989212048838,24.59820925346524
21.12,3.359366651425773,0.5280551319239404,23.908827123482308
21.13,2.38906171581737,-0.32211502487281873,23.205743134246642
21.14,1.465846065939918,-1.0967550031240312,22.50673567806883
21.150000000000002,0.5972320709955534,-1.8041739304076292,21.827458509577507
21.16,-0.21489270443603048,-2.455181103188215,21.178814887147762
21.17,-0.9723997471904713,-3.062412966832046,20.569518290220568
21.18,-1.6808200177435202,-3.6388886937940903,20.00562145020193
21.19,-2.346939605472385,-4.1973069044871965,19.49240003733445
21.2,-2.980965882593794,-4.7509848534936205,19.033511375508887
21.21,-3.5915176016537758,-5.3107543637186305,18.633910943121453
21.22,-4.19048561089001,-5.88870732104909,18.297095451975203
21.23,-4.787876964628266,-6.493696508136639,18.029086026735932
21.240000000000002,-5.391540475195576,-7.13291023126017,17.83754788515063
21.25,-6.015415351367838,-7.815865871147181,17.728118598698696
21.26,-6.663925529158257,-8.542011881914032,17.7125528365748
21.27,-7.338990485465773,-9.308719609530938,17.803979513094554
21.28,-8.048743074829499,-10.11561342905343,18.01448454825272
21.29,-8.791742520645576,-10.947618888923852,18.356188484433677
21.3,-9.56024845937001,-11.783367074827725,18.842287690066094
21.31,-10.348459723984115,-12.59787926766158,19.48523470505053
21.32,-11.133337110935296,-13.34616670641531,20.28491752047401
21.330000000000002,-11.892346336834596,-13.979913552519902,21.243864849520232
21.34,-12.588800314074518,-14.439335330314353,22.33889413438817
21.35,-13.176648641831926,-14.657930784077355,23.533479147795415
21.36,-13.610159703306383,-14.576426862264167,24.780166349906843
21.37,-13.837032173798155,-14.15088426593929,25.998825738843472
21.38,-13.808960513306634,-13.348381858324023,27.115536846487185
21.39,-13.4996546784081,-12.195857425308118,28.0414989733142
21.400000000000002,-12.885649693021904,-10.723058489173221,28.706599808347
21.41,-11.982105612618469,-9.013189571096357,29.071100206015682
21.42,-10.810783088816892,-7.147887319866969,29.119098638068532
21.43,-9.427737818090781,-5.2283660947470825,28.87671366441358
21.44,-7.887869068382953,-3.3331494123544956,28.388199326922898
21.45,-6.257916529922924,-1.5290558539264547,27.71945466857351
21.46,-4.596033728456185,0.14500160338877466,26.93805127806815
21.47,-2.9550310976007412,1.6666836222626,26.10979775324525
21.48,-1.3732476812037644,3.0344300812192575,25.289945760313916
21.490000000000002,0.12150619012736152,4.254898783486226,24.522303115505032
21.5,1.5152059108960698,5.344368373324772,23.838262958436296
21.51,2.8007033877685235,6.31817888064638,23.259666990058673
21.52,3.978933355919418,7.192501739266428,22.799571039526587
21.53,5.056297301314895,7.980897110214915,22.46410783183675
21.54,6.035442963982095,8.687761047208914,22.2550990314413
21.55,6.920597920568311,9.317231171505771,22.173241636718885
21.56,7.721970206261238,9.869916829114722,22.21070469102155
21.57,8.435506071325207,10.3355300591328,22.358208431053285
21.580000000000002,9.058099310309363,10.703211557175083,22.606167498671045
21.59,9.59116735656708,10.961442853062797,22.936901639736924
21.6,10.023251933336596,11.095925983142035,23.327139535972663
21.61,10.342802776763591,11.090524521700054,23.753768226589525
21.62,10.542672411626809,10.93358061126067,24.19006978752688
21.63,10.614739611471553,10.627352967347484,24.603866903125517
21.64,10.550081752878665,10.172940765378199,24.96322521681111
21.650000000000002,10.344842269981259,9.575474039145272,25.24307083084712
21.66,10.00701089540067,8.86099645419317,25.423496827753468
21.67,9.541869651935096,8.051584081931287,25.485998700356163
21.68,8.963192327336081,7.17384096555744,25.426293227641658
21.69,8.291836669319025,6.2615054728849175,25.2456147362963
21.7,7.546034909631677,5.339413357012725,24.950208687159506
21.71,6.75160424627348,4.434486265475292,24.55660234097589
21.72,5.930397566393804,3.566956395941817,24.079752839241646
21.73,5.102861325981118,2.7493791382649753,23.53898458319293
21.740000000000002,4.288586418517973,1.9922660758184205,22.952922223109077
21.75,3.500521378373171,1.2975235724909244,22.33713697297256
21.76,2.749631392253473,0.6644924071053652,21.70721629274336
21.77,2.042782916139275,0.08931206841377715,21.074697535100604
21.78,1.3828509487458136,-0.4349066576458578,20.44913483898444
21.79,0.7697800062698424,-0.9164620515367724,19.83781845232818
21.8,0.20098516403117433,-1.3647320490939872,19.24628980244105
21.81,-0.32853694284246215,-1.7898969000925269,18.67864683430949
21.82,-0.8248319545949074,-2.202138334680037,18.13814428483248
21.830000000000002,-1.2958038734442874,-2.6121653519756496,17.627376117900212
21.84,-1.7499125167354528,-3.030580474406026,17.148751220954583
21.85,-2.1963706602926427,-3.46813470007849,16.705066562493375
21.86,-2.644492806248739,-3.935482694699873,16.299396485682564
21.87,-3.1048621729032764,-4.443855896348234,15.93590230223684
21.88,-3.5867432067655676,-5.004038183543002,15.620341909873327
21.89,-4.102008561957859,-5.62765204638963,15.358840089324191
21.900000000000002,-4.660382069296743,-6.325389805452092,15.162354895296852
21.91,-5.273078895208319,-7.108654641614285,15.041459312530552
21.92,-5.951451848678227,-7.986216462390802,15.012206473141912
21.93,-6.703192041084322,-8.963349478641469,15.096249076941547
21.94,-7.539919912779552,-10.047200717282042,15.315733019865393
21.95,-8.465308867546382,-11.227808250984019,15.700827784974003
21.96,-9.47690860505822,-12.4865767631698,16.28509434072764
21.97,-10.57333423343089,-13.79784167485814,17.105023032203718
21.98,-11.73119755289519,-15.099240614810366,18.189680761170603
21.990000000000002,-12.92274519833969,-16.315770311954196,19.568449801226063
22.0,-14.091535847421884,-17.332455375911497,21.237027472320932
22.01,-15.169067729550388,-18.01513129955172,23.176260375838098
22.02,-16.0555564269501,-18.216095489361994,25.2936184602997
22.03,-16.644317565719728,-17.795708202940187,27.471125258687625
22.04,-16.823191580136427,-16.67096952775957,29.519632324772775
22.05,-16.501548486494936,-14.828633151778188,31.25553900194425
22.06,-15.631331690700213,-12.369532099455434,32.4961866246316
22.07,-14.217877768923406,-9.460029220508027,33.15007856809135
22.080000000000002,-12.318027086250718,-6.3125647829974625,33.20498163909908
22.09,-10.045998255170462,-3.1490494202818757,32.747730250193875
22.1,-7.532351366097929,-0.13698426163802302,31.925507706660262
22.11,-4.911665483773608,2.610276351643898,30.90997068167464
22.12,-2.3034537507167006,5.036591813025257,29.865352181989806
22.13,0.19773913861472625,7.12551509901823,28.92547148806352
22.14,2.5258493464158365,8.8852439505032,28.18447589128762
22.150000000000002,4.636283267041168,10.324821439105367,27.696867341873862
22.16,6.499239912230483,11.446759847272688,27.482871699888072
22.17,8.093855368524698,12.245053114341,27.53011040321902
22.18,9.402611076197811,12.698774133038178,27.80328169864052
22.19,10.40353476391769,12.796619491310324,28.23293277462912
22.2,11.073815927073078,12.520244583918263,28.744697570440394
22.21,11.403662173049675,11.869934439712937,29.253987393017816
22.22,11.39499157246527,10.890379303242925,29.675110101126887
22.23,11.049456098614721,9.619473293640297,29.93419296292812
22.240000000000002,10.397062753010747,8.131478497694177,29.990182279915633
22.25,9.471725828630122,6.502558530452598,29.81944776327058
22.26,8.330890958406481,4.818896892500788,29.435497058772707
22.27,7.030222469179908,3.150499008686415,28.86670005040135
22.28,5.6328778602819725,1.5558467226538704,28.160954897642398
22.29,4.19361826667707,0.07123597896952469,27.36856824889764
22.3,2.76219740424717,-1.2812149549954777,26.540174886118862
22.31,1.3751355067859108,-2.497433944058426,25.71865118254942
22.32,0.06012476538566114,-3.5806457012830597,24.938853987788065
22.330000000000002,-1.1681009177068957,-4.54376857998712,24.225477084213544
22.34,-2.3009240978860674,-5.39990687365125,23.596037780347157
22.35,-3.337880354409774,-6.164300696740876,23.060607257567952
22.36,-4.283267993159027,-6.850770870474577,22.623925463733347
22.37,-5.141286057256963,-7.468054748939636,22.287544991232156
22.38,-5.919099225627553,-8.02573307665645,22.051405905641335
22.39,-6.628911560269265,-8.530826636115815,21.90945950499852
22.400000000000002,-7.2699051827147985,-8.979921746978714,21.858021746455695
22.41,-7.840322329766666,-9.36903588864264,21.893726243064986
22.42,-8.347546264350102,-9.69677927751686,22.008335123068548
22.43,-8.793449289440998,-9.957243798705836,22.188550061200573
22.44,-9.170840539200459,-10.140685715646857,22.422479479001233
22.45,-9.475185786721287,-10.237174460794797,22.697812820035605
22.46,-9.704715391812108,-10.239866436314106,22.997724441516596
22.47,-9.852196121577652,-10.145076663983868,23.30280153520402
22.48,-9.909971418928297,-9.947820599714957,23.593697732580846
22.490000000000002,-9.873140487777652,-9.644123576783931,23.85261300672332
22.5,-9.743360107651025,-9.245509524799681,24.063031025966215
22.51,-9.522681455588122,-8.764880027098423,24.20846446126689
22.52,-9.211341155497964,-8.210377827639993,24.275407424399013
22.53,-8.819018532433454,-7.599737906439335,24.25969206435184
22.54,-8.357980017726566,-6.954263753304392,24.158398713106894
22.55,-7.83764651658146,-6.2891035661633605,23.970598715089864
22.56,-7.274498473607098,-5.623005817699964,23.704350741709327
22.57,-6.684547830235499,-4.9737308420783855,23.36742716580288
22.580000000000002,-6.080670314748097,-4.352029254910418,22.968415311739907
22.59,-5.477560878081381,-3.768262505777196,22.520031902709885
22.6,-4.887926522559222,-3.2303028290571554,22.03254995719916
22.61,-4.320642251522244,-2.7406633226106036,21.51580131292866
22.62,-3.784168580776664,-2.3011403864642093,20.98023550068602
22.63,-3.2846601248500362,-1.9115510405118288,20.433548134313607
22.64,-2.824522110052258,-1.5689938893852364,19.881569227164526
22.650000000000002,-2.4058344291351674,-1.2703676424877415,19.330151160384176
22.66,-2.028972264947652,-1.0116993822541727,18.783883434783135
22.67,-1.6923929605179855,-0.7885727055581929,18.245214500449357
22.68,-1.3946117095771458,-0.5968002991255479,17.71647451453736
22.69,-1.1322188660284267,-0.4315136441254328,17.199300186660274
22.7,-0.9022674348946524,-0.2886660979778338,16.694580139800728
22.71,-0.7009906002659549,-0.16401027647565083,16.2029780684425
22.72,-0.5247984821279377,-0.05379548582295899,15.72476849515482
22.73,-0.36990339169289593,0.04560794967822291,15.260056867273263
22.740000000000002,-0.23263725357326684,0.13755413081207704,14.808790885384719
22.75,-0.10949044281294183,0.22518467454097135,14.370827626768671
22.76,0.002865377627383009,0.31149033913989693,13.945972869490618
22.77,0.10770667477598003,0.3994271573179518,13.534008450919707
22.78,0.20819158614285904,0.4919537027997497,13.1347182066634
22.79,0.30746502642910867,0.5921281275194763,12.747905187287133
22.8,0.40861078835705833,0.7032289084576964,12.373431417332094
22.81,0.5148925821754696,0.8287962195949222,12.011209935179545
22.82,0.6296122611257908,0.972900879579747,11.66128839896096
22.830000000000002,0.7564900026763576,1.140053185342485,11.323819727268608
22.84,0.8995485660013938,1.3357658319155952,10.999212515146406
22.85,1.0633291151716522,1.5660773305703317,10.688082443767321
22.86,1.2532242139780665,1.838843155457666,10.391563895896901
22.87,1.4751199348664228,2.1623927280443174,10.111161776034871
22.88,1.736587271675807,2.54806210341178,9.849480787065167
22.89,2.0456393340292305,3.0075664868644747,9.609787673236909
22.900000000000002,2.413015915975359,3.5570634861934685,9.397665404668565
22.91,2.849920790724653,4.213020356581282,9.219944023631301
22.92,3.371412889743065,4.997691492347778,9.088223471724106
22.93,3.993107349411048,5.933437847729917,9.016544803385791
22.94,4.735285595718736,7.04851783133213,9.028498973349926
22.95,5.61884606757128,8.37042439537817,9.15243193275286
22.96,6.668230466401279,9.927460022834085,9.434657422584252
22.97,7.908326144117465,11.744292526098818,9.930614874796662
22.98,9.35969990465283,13.825682935085554,10.723603764772989
22.990000000000002,11.040852679258583,16.161602640287583,11.913054857775446
23.0,12.943174572798732,18.67207557833517,13.620673830851189
23.01,15.039717276789645,21.222210079179202,15.977663304324867
23.02,17.241755489258964,23.54834030768589,19.082355795058533
23.03,19.39676028242659,25.271313218160273,22.9520413799356
23.04,21.26804146575125,25.906057281293126,27.450588231501833
23.05,22.533359538270403,24.961120795495834,32.189033031405906
23.06,22.85074679745999,22.13626345349264,36.5643294456742
23.07,21.948149427453732,17.49798292607709,39.9132863559184
23.080000000000002,19.71773708994433,11.529652571797639,41.74838738486319
23.09,16.275533566236685,4.978578407258775,41.99884313859161
23.1,11.926126410372392,-1.4180279272138359,41.01894147891158
23.11,7.069828892738344,-7.140245565858237,39.42028663240789
23.12,2.102064678567464,-11.924555721652082,37.84383471433938
23.13,-2.651942351091353,-15.680423370329589,36.78560787172749
23.14,-6.944331015873702,-18.357947423579315,36.52924340536503
23.150000000000002,-10.580421384195912,-19.869132763490587,37.13132525463646
23.16,-13.389547157274173,-20.086543319267943,38.42795134428946
23.17,-15.20859732281571,-18.894105857498605,40.0778091275971
23.18,-15.925704863438355,-16.344643071608218,41.62793292870174
23.19,-15.488024777165837,-12.638600255822066,42.664710876862145
23.2,-13.956108862964626,-8.174207249445475,42.92821627384392
23.21,-11.503786052068124,-3.433007995635056,42.395420785819034
23.22,-8.396184821987063,1.1397839217623589,41.26202432026304
23.23,-4.92684990339202,5.224265794574111,39.84114918746059
23.240000000000002,-1.3783838417295176,8.636188019663352,38.45768415249672
23.25,2.0127844805349677,11.293925220639823,37.3636007966018
23.26,5.064609311579522,13.1644069048257,36.69919229562406
23.27,7.641606571317243,14.228963006959633,36.48674033384234
23.28,9.641143477059464,14.470255220031046,36.648139298149964
23.29,10.994514205059096,13.905452718866812,37.02187626109835
23.3,11.659574120871595,12.582988171855277,37.42004430145665
23.31,11.634517234942992,10.622528153111322,37.654116792305715
23.32,10.961490703017384,8.193525090475468,37.59496145294566
23.330000000000002,9.722330857177763,5.496563304011571,37.18500698442345
23.34,8.040163762401312,2.7397671088262885,36.44816259630427
23.35,6.056344820265373,0.0937147214847891,35.47179675819869
23.36,3.911678448021677,-2.318319512915532,34.37153719152921
23.37,1.7355228656341533,-4.421780208714289,33.26553358264644
23.38,-0.3661834133995753,-6.183344848425765,32.250590858453485
23.39,-2.3125440569993083,-7.5945960340173055,31.392806886077853
23.400000000000002,-4.046646061939231,-8.660929881289785,30.724547109409183
23.41,-5.530258683609954,-9.391712802435164,30.248078635787714
23.42,-6.740513737009731,-9.798496347360853,29.939183823317613
23.43,-7.664497178774859,-9.896897173026433,29.757398653610892
23.44,-8.297259554411331,-9.702411896349016,29.652166644135253
23.45,-8.64630824721101,-9.248772392503499,29.569854637872158
23.46,-8.719133129561547,-8.563714498285302,29.45882890875368
23.47,-8.540216538588549,-7.695348800362169,29.281160914985662
23.48,-8.132879259420406,-6.688132773185297,29.00540771498064
23.490000000000002,-7.535811005807643,-5.596038463299745,28.622828647532057
23.5,-6.7853261049522064,-4.466458850456735,28.130789286028648
23.51,-5.923640939537101,-3.341451618196133,27.5438559397986
23.52,-4.98973482790795,-2.2550832906976583,26.879712662686075
23.53,-4.02037984731586,-1.230319522070682,26.16282914121663
23.54,-3.046629487480324,-0.2820129622458909,25.415978941230897
23.55,-2.0931228711764733,0.5849537435069478,24.661513406992526
23.56,-1.1783028629603582,1.3707375162758857,23.917478812015478
23.57,-0.31275225501664006,2.082562014539717,23.198454580958654
23.580000000000002,0.49669768553424487,2.7288133443825857,22.51571375087138
23.59,1.2496211348643809,3.3209870376230337,21.876788809513943
23.6,1.9485432422063702,3.871313001624492,21.287215287997316
23.61,2.598870834516272,4.391279944582665,20.75072316339265
23.62,3.2074401829335457,4.892700100912532,20.270317127066996
23.63,3.7840789602948632,5.386990519068693,19.847611631605837
23.64,4.335650902458656,5.882408708322495,19.486216777657425
23.650000000000002,4.873237117805352,6.389277863641917,19.187680347986692
23.66,5.4057841848894785,6.91409376946374,18.955552860986543
23.67,5.937646754892873,7.4598081467460196,18.79608487940705
23.68,6.480535735261691,8.034372577281996,18.713091218611773
23.69,7.042408014426275,8.638871423795877,18.711753095145728
23.7,7.61957744306651,9.264022670845565,18.801177015101683
23.71,8.208339345356723,9.900529486622284,18.990475682529222
23.72,8.81010105526404,10.54112436641076,19.287554492223943
23.73,9.423145663522618,11.169761705113064,19.694715786486416
23.740000000000002,10.033448637119998,11.760195113560624,20.21298130661873
23.75,10.630803452115043,12.286459030298534,20.845828686486968
23.76,11.192098901990098,12.711989251504377,21.5791884849142
23.77,11.69001748751053,12.996528836109043,22.395078265132554
23.78,12.09842681598982,13.101395222544928,23.272232734358436
23.79,12.384458071892514,12.99567830205103,24.16473014284228
23.8,12.513647310832853,12.64444629734837,25.030700858071313
23.81,12.462788473200376,12.04440409646535,25.819149872318487
23.82,12.211616580556134,11.204371120896779,26.473182359079647
23.830000000000002,11.7480938167791,10.14232335330724,26.954017117709913
23.84,11.083339467146027,8.911070568952828,27.23161166635477
23.85,10.228492365360427,7.556158636098797,27.29109728700318
23.86,9.217587389117217,6.140445748464101,27.14125919416847
23.87,8.083301897817346,4.714802030324338,26.800456569092734
23.88,6.869864217197422,3.327536017601896,26.304759627551835
23.89,5.615503425840541,2.011437869176752,25.691007927048375
23.900000000000002,4.3578604657016875,0.7879619984995168,25.001045437193604
23.91,3.1261882353084567,-0.3336950453885017,24.270829371789933
23.92,1.9431463119573291,-1.3542744631644674,23.533497451752737
23.93,0.8234400498090586,-2.280480340946619,22.81431450066171
23.94,-0.2270076942076628,-3.12559707204143,22.132845531635937
23.95,-1.2059916464401732,-3.9035546010343016,21.504478231364754
23.96,-2.117386218350913,-4.629269328636454,20.939411777677506
23.97,-2.9684793770752678,-5.318541038144543,20.445517234370012
23.98,-3.7683441595749896,-5.984213823212433,20.02867110633814
23.990000000000002,-4.525992357969714,-6.637936664203864,19.694763843698645
24.0,-5.255114018154307,-7.2911720661610016,19.446900866903384
24.01,-5.961564254207576,-7.947311168407952,19.291976618137788
24.02,-6.653612291983368,-8.61098193926005,19.23628836020938
24.03,-7.343173730324538,-9.284588332936107,19.283398710081418
24.04,-8.026957329102448,-9.956730580362201,19.44018698573234
24.05,-8.701813234930501,-10.615830454014088,19.713781752069764
24.060000000000002,-9.370731992029912,-11.249856581767412,20.107392837745518
24.07,-10.020701413796484,-11.831738698681724,20.617529556509567
24.080000000000002,-10.637841908195512,-12.332394374766148,21.24214811955753
24.09,-11.205550025536171,-12.71885773574237,21.969901380767897
24.1,-11.694607239938929,-12.952587459366804,22.77307794551868
24.11,-12.077761474980877,-12.993295816285382,23.627685051555577
24.12,-12.326684064814533,-12.815304963809766,24.489640889039784
24.13,-12.409589576224956,-12.395066979311736,25.30735565030001
24.14,-12.301139010780856,-11.72145882589921,26.035505319049573
24.150000000000002,-11.993354527870272,-10.822485474386044,26.62202306847842
24.16,-11.475629929152737,-9.720204336956211,27.024117921831753
24.17,-10.761406569449916,-8.463295677952313,27.223913471797857
24.18,-9.869116344647608,-7.105637329992874,27.209598611778507
24.19,-8.831423584264082,-5.701716890645822,26.995290147266328
24.2,-7.687405192280405,-4.306453156157628,26.604118723746613
24.21,-6.475549315079189,-2.957590693427159,26.070830146815496
24.22,-5.236217634888058,-1.6874536270693867,25.434425104380182
24.23,-4.001728282797171,-0.5106183194615083,24.732790292691504
24.240000000000002,-2.8012490640899577,0.5646376191743545,24.001887439513027
24.25,-1.6522955734437934,1.5427948266934712,23.269842813917236
24.26,-0.5683396251915731,2.431853918642138,22.561548512117394
24.27,0.446243005445385,3.2446030714059937,21.893791733432312
24.28,1.391482920878666,3.9960516578018455,21.28036451746412
24.29,2.2723709899958466,4.700989561980909,20.730338847749284
24.3,3.0957962276451223,5.373805666034549,20.251378538725504
24.310000000000002,3.8729632991209404,6.028926397638912,19.84820497448816
24.32,4.612130942859502,6.675919845727604,19.526950119278787
24.330000000000002,5.32533484906023,7.3259619360462365,19.29193417099827
24.34,6.02357491913739,7.985215794168879,19.147632472172152
24.35,6.709743426901113,8.652955540076649,19.102320928561582
24.36,7.391533456116686,9.330757840791524,19.162740494740664
24.37,8.075264224925883,10.013467111317555,19.333236314134336
24.38,8.755022601299789,10.685452998816546,19.61994219609125
24.39,9.430567518450449,11.333327731957581,20.029793770296916
24.400000000000002,10.092481524471054,11.931672158497726,20.560668601380453
24.41,10.72013715377034,12.446130976712999,21.20495495736386
24.42,11.297701599914335,12.842333184310998,21.957666120240873
24.43,11.798553023820016,13.082427423969577,22.791611098839283
24.44,12.190017116534618,13.126068782621834,23.672070780432627
24.45,12.442400284258955,12.937827623384099,24.563815500515123
24.46,12.527307618878615,12.504745490428387,25.409830499007455
24.47,12.411840387688667,11.806878368555214,26.157654948680868
24.48,12.086538408189215,10.86785369271037,26.761086664498272
24.490000000000002,11.55156598502765,9.730150165478271,27.1734573684718
24.5,10.809535285008023,8.43050551733456,27.371363647403687
24.51,9.888644950853712,7.03239981713822,27.351849434765967
24.52,8.816833913999696,5.589152578282306,27.123774169006385
24.53,7.638306790743986,4.157451975280144,26.717411432330632
24.54,6.392067344497024,2.7778185170609877,26.16671108740867
24.55,5.119881072410764,1.480676442790208,25.51453354186145
24.560000000000002,3.855488272470996,0.28226771324098987,24.7995138094823
24.57,2.6274133519217138,-0.8119005528837353,24.059149203771003
24.580000000000002,1.4549676358376589,-1.8050324831082478,23.32263347311428
24.59,0.3492880741041542,-2.707837160758113,22.614198863531204
24.6,-0.6838661636163326,-3.5327418560858153,21.952024727192423
24.61,-1.6457716163728875,-4.295106617460402,21.34896014899352
24.62,-2.5417301229146045,-5.010738743474505,20.814428443872064
24.63,-3.379003580073662,-5.692957723850425,20.355591650542582
24.64,-4.167554079442667,-6.355739265669329,19.977982052774774
24.650000000000002,-4.918829355713656,-7.009740359778167,19.68564561220322
24.66,-5.6392735788950805,-7.660790779940982,19.4852177394105
24.67,-6.344296930643273,-8.319189830872581,19.37956339189986
24.68,-7.039309382206565,-8.983036542404239,19.373868882899608
24.69,-7.722107855384377,-9.644177240095647,19.475886829989765
24.7,-8.393544046831986,-10.295815190846655,19.69258643243132
24.71,-9.058593350836434,-10.927792013260747,20.024842394031406
24.72,-9.705744144880244,-11.516179351654921,20.47150545684617
24.73,-10.326250106881245,-12.037113413112284,21.03335881900697
24.740000000000002,-10.903957978856708,-12.459542474905575,21.698705641118373
24.75,-11.412982937464179,-12.746684782412528,22.446663974064585
24.76,-11.830428184196952,-12.861386744574379,23.258229725005037
24.77,-12.12804058759521,-12.776285652501334,24.091557036437237
24.78,-12.274491856723055,-12.462266724111242,24.902281310268265
24.79,-12.245909978780327,-11.907111424762935,25.646975508576855
24.8,-12.028507233365891,-11.127116834466321,26.27215748345934
24.810000000000002,-11.607121127437818,-10.133983493478453,26.735461455036422
24.82,-10.992026114111503,-8.973561949243669,27.012109340283867
24.830000000000002,-10.193871922041703,-7.6914711441587205,27.0824011493884
24.84,-9.241621521276487,-6.341170903263551,26.953864388446878
24.85,-8.170650671410066,-4.97837258813469,26.642172445063533
24.86,-7.016577569858644,-3.6427548299387715,26.176591724380028
24.87,-5.819724675948749,-2.371256931763348,25.593092210584313
24.88,-4.6130910575926265,-1.183038319997,24.92780826142859
24.89,-3.427913328207865,-0.09092270309610706,24.21706253281529
24.900000000000002,-2.2846393420477495,0.9055071742370626,23.490142930333477
24.91,-1.1995448168628902,1.811322349797625,22.77369352161242
24.92,-0.17983543415066894,2.637290342191416,22.086227539600742
24.93,0.772282343553379,3.397287744667655,21.443114241127322
24.94,1.6596045363908938,4.10575811460474,20.85488123513318
24.95,2.487972751265465,4.777292912276682,20.329826022843864
24.96,3.2672087451303433,5.426893327021575,19.873553140103713
24.97,4.00599155649634,6.065896952741748,19.492093120829225
24.98,4.716031885092075,6.706679453830908,19.18993071326036
24.990000000000002,5.408590783614475,7.357612177529654,18.97197794184756
25.0,6.089063147908795,8.022072544154438,18.846374372969926
25.01,6.771232790714187,8.707966741300295,18.81836799354954
25.02,7.4599710383799716,9.411247663176187,18.894979215832024
25.03,8.151442798324547,10.12036079493129,19.085721890120706
25.04,8.844962764101483,10.825134257986274,19.39972850986125
25.05,9.54114912920694,11.509518563889255,19.84047530813896
25.060000000000002,10.224442228710489,12.143085704213675,20.407237222177564
25.07,10.882847257842677,12.69520478811418,21.102051773771418
25.080000000000002,11.492155023476505,13.125362367712897,21.908258446453583
25.09,12.020863019446951,13.388038508889665,22.801451172655536
25.1,12.439368435743514,13.439651090066452,23.754518592503377
25.11,12.711949175360052,13.248745369086526,24.713086681531816
25.12,12.800692252423977,12.779780369865318,25.626610770423547
25.13,12.682803962613825,12.036719949339268,26.436759010353196
25.14,12.339132091344306,11.036440111475674,27.081453717523026
25.150000000000002,11.762949185937051,9.80932555420318,27.522135995090753
25.16,10.969389885473642,8.417509223119422,27.730797774775223
25.17,9.978151741716028,6.916711687103296,27.701821831915613
25.18,8.832706504583317,5.379226270769544,27.453341932420933
25.19,7.57208917272808,3.8577094630725894,27.01430015305369
25.2,6.2452463386354164,2.3999046755526567,26.42921797289076
25.21,4.893384525053563,1.0344789264228962,25.742224044535394
25.22,3.5555350237761676,-0.2209025981752446,24.999354693979292
25.23,2.259250928359852,-1.36346383276527,24.23838932693716
25.240000000000002,1.0261481239545454,-2.397651006130199,23.493149047077484
25.25,-0.13318554654571146,-3.334941747439461,22.787230357802137
25.26,-1.2141346644661066,-4.190514064945759,22.139940618026582
25.27,-2.218117905851202,-4.97948700932829,21.563954148037194
25.28,-3.150374313330158,-5.717252191512202,21.06886231674227
25.29,-4.020706674783434,-6.418772836455119,20.66037939335568
25.3,-4.836469840944606,-7.093285835863821,20.344313226193638
25.310000000000002,-5.608586535695121,-7.751438923511487,20.1247604024954
25.32,-6.349069318214519,-8.399352333892798,20.003380040378122
25.330000000000002,-7.058650042486504,-9.033325760920185,19.98572091740063
25.34,-7.740261469842494,-9.650594550522975,20.076636094962456
25.35,-8.402180495169915,-10.246724372021326,20.27539826808619
25.36,-9.037590028574469,-10.80477410840638,20.580970224964013
25.37,-9.641683078277087,-11.307881344124505,20.993170600324483
25.38,-10.206318311103896,-11.734089109687417,21.5036331422559
25.39,-10.711939517181078,-12.054699687999051,22.096398942898613
25.400000000000002,-11.142376063145301,-12.24012368653396,22.758029910836555
25.41,-11.47669518254127,-12.266073817576016,23.45831254251865
25.42,-11.689989552512312,-12.1093006411699,24.160346984293742
25.43,-11.759557410419168,-11.747942099225359,24.83135465764666
25.44,-11.67249530292137,-11.18924592472699,25.428518334281105
25.45,-11.414955817739271,-10.44074349217479,25.90945162857249
25.46,-10.983065775644327,-9.5212085872388,26.247292155101547
25.47,-10.388621959293268,-8.47277649231643,26.4204108168594
25.48,-9.641178600500611,-7.329121152476481,26.417544670460792
25.490000000000002,-8.771130101134766,-6.13933965701733,26.24797967927091
25.5,-7.805307291950958,-4.944330488037613,25.923480184841402
25.51,-6.775770827193749,-3.776882391390935,25.46995907543631
25.52,-5.714985159807484,-2.66611946263648,24.91507255202433
25.53,-4.649945313597361,-1.6268360687477923,24.287881105674636
25.54,-3.606358514483067,-0.669761393734672,23.617244223700986
25.55,-2.600618678981083,0.2056070745441816,22.926319146346398
25.560000000000002,-1.645782904413958,1.003574672883507,22.23675682350266
25.57,-0.7481665817539722,1.7328318772296727,21.563937039320315
25.580000000000002,0.09082876467097178,2.4052635723730167,20.920453321788784
25.59,0.8736674784724812,3.033794692163483,20.315535657873493
25.6,1.6058339158427357,3.631830521562134,19.756249143432527
25.61,2.2959845673347123,4.213485837567148,19.247870026600477
25.62,2.9529427297826123,4.791200510928288,18.79564807749971
25.63,3.5883973998703067,5.378260895851675,18.403549883659867
25.64,4.212672399848948,5.985190063981213,18.077447108194367
25.650000000000002,4.835790934730119,6.621938717973768,17.823719689734588
25.66,5.471046509233258,7.298217396692598,17.64841159477182
25.67,6.1242090784173095,8.017014341977822,17.562973967079795
25.68,6.803560556938623,8.782954467454584,17.57844244922345
25.69,7.519329960779997,9.596985649349017,17.70600671349819
25.7,8.26836027992718,10.445864329539113,17.96100783817395
25.71,9.048503480808574,11.316604621413074,18.35930557869763
25.72,9.858510512432785,12.189314617804985,18.914285964414443
25.73,10.67995368829222,13.024424055357093,19.632713780462446
25.740000000000002,11.49577400115042,13.77980209635238,20.523049756077626
25.75,12.27251445453182,14.39584956679371,21.5715126855837
25.76,12.971065486199837,14.805217305153482,22.759844122561784
25.77,13.54350736830977,14.942178155300269,24.041426050362865
25.78,13.933088292914169,14.740638553253985,25.350146074505414
25.79,14.089155672462214,14.15936365193088,26.609721699122822
25.8,13.964464019920488,13.18735507455477,27.72102612579307
25.810000000000002,13.527018100841596,11.84087011780771,28.605779510757237
25.82,12.775496919070383,10.194003574966423,29.192973207165988
25.830000000000002,11.72093379917384,8.323805710515062,29.4505368080417
25.84,10.406003900139535,6.336800617832165,29.379766244317427
25.85,8.887522725507038,4.32697071148837,29.01911269702457
25.86,7.232899527050985,2.379164560893506,28.42788867996126
25.87,5.5101543025907365,0.5500580238633179,27.68085371825854
25.88,3.779461421852319,-1.126179367513211,26.850668321569415
25.89,2.091555074954238,-2.6363251155583396,26.00493566767515
25.900000000000002,0.4811657943532244,-3.984227417011872,25.196344593586353
25.91,-1.0271180242951772,-5.180888969939269,24.466716497180947
25.92,-2.422793469317724,-6.243385328810399,23.84279483524739
25.93,-3.701670987088578,-7.187669371242568,23.342969064004205
25.94,-4.865032570033933,-8.025858398336968,22.97564724682056
25.95,-5.9218820423452705,-8.770981556828096,22.7442728926155
25.96,-6.875652826246422,-9.423406030269533,22.64433188227274
25.97,-7.722681804872993,-9.977552577413693,22.670775462443327
25.98,-8.463612670603226,-10.428379495767274,22.816443609153428
25.990000000000002,-9.104787738780946,-10.768048439904106,23.062058685684814
26.0,-9.636456363125872,-10.982889048592781,23.386069346516418
26.01,-10.049814273734256,-11.057797993719282,23.766712111520878
26.02,-10.340453702570697,-10.981768697845006,24.17597237615442
26.03,-10.499322404611807,-10.753310607081788,24.58122610800011
26.04,-10.516511692074559,-10.368577001039645,24.95009694460109
26.05,-10.388981969627187,-9.832250412252693,25.254919987575683
26.060000000000002,-10.122455524230228,-9.168126078154225,25.471246395884084
26.07,-9.71978209904031,-8.39501716036113,25.57651836863909
26.080000000000002,-9.193731249229776,-7.5392531942652505,25.562809235494672
26.09,-8.563639609344765,-6.634793305327808,25.427099916846856
26.1,-7.846938123361605,-5.707437197340996,25.17261482134304
26.11,-7.06999422842359,-4.78684131838129,24.813875933009275
26.12,-6.255059605690852,-3.895558276521874,24.364312108683205
26.13,-5.424145995985475,-3.048926669427843,23.84323704011256
26.14,-4.598441288286247,-2.2600575218310732,23.269438469747737
26.150000000000002,-3.792755647044105,-1.5328441877304153,22.659487573712976
26.16,-3.0202585932874366,-0.8686396386814537,22.030199986245204
26.17,-2.289356519699213,-0.2646909187365447,21.394019973579915
26.18,-1.6042855892127306,0.2852128795153416,20.76166049634812
26.19,-0.966585659728024,0.7886680725183562,20.141505651061156
26.2,-0.3745261067837173,1.25485278816,19.539702206109716
26.21,0.1760058365954531,1.6938192182544984,18.960982085672175
26.22,0.6905929694339648,2.1157903959011692,18.408937819398073
26.23,1.1767785623719376,2.5315619755426804,17.886381151153756
26.240000000000002,1.6425118450258185,2.9516744763579785,17.395917430126264
26.25,2.0972140818016465,3.3871055185474317,16.94011791619582
26.26,2.549750660799604,3.84838493971508,16.522177778482952
26.27,3.0109441433162845,4.346821349491959,16.145634093894547
26.28,3.4898786363259324,4.893068651817137,15.816236371203972
26.29,3.9981798260007113,5.498648112119157,15.539324069969318
26.3,4.545976517624101,6.174256468794111,15.324976109170665
26.310000000000002,5.143540783158931,6.930786085042035,15.183836275183165
26.32,5.803097790975728,7.778092195527532,15.129439738950133
26.330000000000002,6.532354001717312,8.721298162250102,15.182691247092453
26.34,7.341381555972903,9.767078790554235,15.364823667537948
26.35,8.237340639553713,10.910982720662709,15.70303295077572
26.36,9.217294670599584,12.13415216015699,16.229611674104277
26.37,10.280924974570855,13.415964912113907,16.979608898014277
26.38,11.410411299360465,14.702532713209873,17.982972597352422
26.39,12.578762863497968,15.923828251695864,19.267913986131585
26.400000000000002,13.738941342652904,16.977716501473235,20.83912382756549
26.41,14.826046386935232,17.736774427390216,22.682203174238325
26.42,15.7506449338687,18.061222854087998,24.723457750804766
26.43,16.408448014213757,17.806474869159793,26.856763358442873
26.44,16.69344077271527,16.885261022541506,28.91076845196703
26.45,16.50403532943362,15.24943847636011,30.70570646207436
26.46,15.790524407677623,12.987387160235084,32.058940916156686
26.47,14.5367437287273,10.231522708297991,32.85608180298018
26.48,12.788006036946923,7.187512415546288,33.06080542234051
26.490000000000002,10.643938876589758,4.07002149318432,32.737244817063655
26.5,8.225750100057745,1.0570131148802497,32.01072450803553
26.51,5.667168287594817,-1.7239881320571797,31.04516566067761
26.52,3.08928243193866,-4.204605950651444,30.003940538451037
26.53,0.5918438583452734,-6.359363095462745,29.027390113627394
26.54,-1.754611949325273,-8.192263084114776,28.21682306129965
26.55,-3.900357675907737,-9.712673768728258,27.638162335218404
26.560000000000002,-5.814102158592697,-10.928276091891345,27.322911703162827
26.57,-7.4740786890294,-11.836444303577686,27.266347098342617
26.580000000000002,-8.864440849022769,-12.42198504286151,27.44797134460741
26.59,-9.966555307433852,-12.669005776796132,27.80997743279628
26.6,-10.758797009469449,-12.56769635501678,28.282654056796886
26.61,-11.225312829770958,-12.101921345143296,28.789305654673186
26.62,-11.365224978625584,-11.29993038688056,29.247963425806713
26.63,-11.17691810775529,-10.1952257188265,29.58006688072225
26.64,-10.6783605373452,-8.844429083617426,29.734256223336995
26.650000000000002,-9.898308513908466,-7.320980158288284,29.674559867901472
26.66,-8.883316614374026,-5.703178567879775,29.40100380772379
26.67,-7.686519512741693,-4.0675714916704235,28.930284040501675
26.68,-6.366519031220254,-2.474644883133057,28.30217115752938
26.69,-4.979330326334757,-0.9710463938129767,27.56212179493443
26.7,-3.5762585200941768,0.41558674040801913,26.760264381555395
26.71,-2.197936056138064,1.6729908756069807,25.940524074358468
26.72,-0.8766012125743385,2.8002716401432948,25.14182771658261
26.73,0.3688621133782206,3.80628426157682,24.39175733349153
26.740000000000002,1.5263224304324816,4.703947384503935,23.712278031302844
26.75,2.59234589667323,5.507243871687033,23.116266746784678
26.76,3.5689121370170076,6.231780424196939,22.612286013984694
26.77,4.461362378806596,6.889150341472055,22.203517127129807
26.78,5.274225708924721,7.48831196024876,21.892448479975645
26.79,6.0199656796339385,8.040509462141111,21.676793890059418
26.8,6.703983029902536,8.547180769733359,21.553337878075165
26.810000000000002,7.325755454669011,9.005465569780585,21.520702540994524
26.82,7.888539794298341,9.413846172679913,21.575783531063763
26.830000000000002,8.400232124487664,9.769762837242157,21.708574446995403
26.84,8.85525805552151,10.06301528581999,21.91014731392466
26.85,9.249191602183394,10.283277130749857,22.171663864150588
26.86,9.580716320950739,10.42130065110586,22.47983808390346
26.87,9.84062336351843,10.467571081499186,22.817088344878417
26.88,10.019336608781238,10.411069166047973,23.16619170739813
26.89,10.110280479885907,10.243093524169383,23.509580574376994
26.900000000000002,10.108937861959687,9.96771385644034,23.82586207070297
26.91,10.010691673128589,9.589588039469533,24.09340748457311
26.92,9.81081818944794,9.110405606422757,24.294407323861893
26.93,9.515104216736717,8.546453604947434,24.41777092844324
26.94,9.131243810669055,7.917667505101067,24.452778599980704
26.95,8.664381685581738,7.238150494058598,24.392296009818995
26.96,8.130572116937799,6.530679619757489,24.23997701600347
26.97,7.546074537036892,5.81787644189162,23.99984206864217
26.98,6.923991125955851,5.1143750202222,23.678273126081972
26.990000000000002,6.282094874776988,4.436132227200503,23.28829139355827
27.0,5.636024782112065,3.796149640828838,22.840891258842476
27.01,4.998190475550063,3.2008641589848015,22.34790988853485
27.02,4.381087722206109,2.6559529211085926,21.822427005597866
27.03,3.7939997796216094,2.1636649538156787,21.27420094428947
27.04,3.2423371213245726,1.7223894241486353,20.712100271574126
27.05,2.7310422045851146,1.330134496351535,20.14479190757414
27.060000000000002,2.26201859594326,0.9830572146184069,19.577933241363578
27.07,1.8352239056600677,0.6763544452676111,19.015917327979338
27.080000000000002,1.449668787668788,0.4048040911392192,18.46270556144358
27.09,1.1024345950606427,0.1626771796062088,17.920625612731886
27.1,0.7902429344529385,-0.05563825069738859,17.39152477192961
27.11,0.5087315899385753,-0.2559294966860111,16.87657014771465
27.12,0.25326004907551225,-0.4438080705875591,16.376519658717378
27.13,0.018914163126308614,-0.6247859145831667,15.891840026574009
27.14,-0.19932677871949736,-0.8042780294949703,15.422828867801682
27.150000000000002,-0.4065567795035513,-0.9877201435296386,14.969718606966284
27.16,-0.6081533339586247,-1.1807176965426407,14.53273082952206
27.17,-0.8094315623114879,-1.3890313246070862,14.11218600228689
27.18,-1.0160688946053678,-1.618952325224604,13.70861474791961
27.19,-1.2337250079707398,-1.877073611799017,13.322751652361987
27.2,-1.4688351566223954,-2.171114928662841,12.955871623782498
27.21,-1.727857933913143,-2.509357620894397,12.609643615563863
27.22,-2.0185221517787504,-2.9015721180457295,12.286684345976926
27.23,-2.348969112154546,-3.359034599190741,11.990647708823444
27.240000000000002,-2.7285860091063623,-3.894005679854076,11.726457403409142
27.25,-3.168356906837147,-4.522021330349301,11.501819887718051
27.26,-3.6798953778583643,-5.258473165195895,11.325753262842136
27.27,-4.277651532262095,-6.122958827647651,11.213674888647786
27.28,-4.976497069791252,-7.134752375760691,11.182518586798595
27.29,-5.793423633103013,-8.313585053869334,11.26076882779757
27.3,-6.746708901807196,-9.68005309366466,11.481575753517317
27.310000000000002,-7.852702411705769,-11.244158144985002,11.892472783329575
27.32,-9.125623003504701,-13.007900994728764,12.55458569995341
27.330000000000002,-10.574439318958884,-14.95252604040515,13.54043479581073
27.34,-12.189159385131022,-17.01587248964443,14.935075490718118
27.35,-13.944339861778504,-19.092689257014726,16.825460428700865
27.36,-15.772336786248509,-20.99657158459535,19.275825636743573
27.37,-17.561548479980747,-22.465585782603487,22.29367506132044
27.38,-19.146952502422604,-23.168707694753884,25.798625126061694
27.39,-20.302144854732553,-22.762261654550993,29.540149003898108
27.400000000000002,-20.78657272430469,-21.00145911435297,33.140463049680896
27.41,-20.377405824020546,-17.823056732461396,36.14256451412648
27.42,-18.961051883019948,-13.478964875421326,38.13572852024248
27.43,-16.556067873057735,-8.40895052222737,38.94229109499518
27.44,-13.321812994514332,-3.1403850316259927,38.652609971005276
27.45,-9.519744684188252,1.8699659362709355,37.59072787062133
27.46,-5.44392712208689,6.325176003897063,36.187860486773154
27.47,-1.364071794179016,10.084056390036126,34.856949619474904
27.48,2.50593644500479,13.102119417797812,33.90722640427235
27.490000000000002,6.0060583647657015,15.358403747708293,33.51916484121257
27.5,9.014727992447249,16.811489848154356,33.73792151200486
27.51,11.428436163581543,17.38743643318759,34.48966954509551
27.52,13.154259204173885,17.028434553608275,35.57639416911937
27.53,14.103564605140438,15.690463275386662,36.74650122960696
27.54,14.243036141616452,13.480799175710215,37.71624697194854
27.55,13.57078823997443,10.560157466966134,38.26162498088243
27.560000000000002,12.155774554361228,7.191340164510619,38.26137141151316
27.57,10.136880417575394,3.67023893299987,37.73168043385167
27.580000000000002,7.686599794383362,0.2527960446607602,36.79280147696963
27.59,4.994228147914994,-2.8697924143805698,35.62794794486959
27.6,2.2374381411513706,-5.5835752938669865,34.43003452221056
27.61,-0.4354263538385279,-7.837599736698568,33.35934165680119
27.62,-2.9103291049600766,-9.616382194188445,32.52447270843997
27.63,-5.10531891850062,-10.919657179481739,31.976515536211355
27.64,-6.9614960599033955,-11.7461974240476,31.715249447160396
27.650000000000002,-8.440361223325654,-12.100316857206176,31.690751976670228
27.66,-9.507644026922174,-11.976129865891568,31.82812895605105
27.67,-10.154722814857173,-11.407203150772554,32.02921229044268
27.68,-10.379868522297706,-10.439878631586936,32.19258982699301
27.69,-10.197531407245894,-9.13300107958938,32.23766141688113
27.7,-9.640596904101422,-7.574318489412328,32.10206934810443
27.71,-8.762850379077458,-5.861135975583757,31.764128279581595
27.72,-7.627160859487233,-4.089896235112782,31.226835101465177
27.73,-6.307615150613801,-2.344041132826577,30.52555746804277
27.740000000000002,-4.874787516112339,-0.686815071277756,29.707358490249835
27.75,-3.3964596916865766,0.8381626135229707,28.82737341339928
27.76,-1.9280108535398077,2.2099317115313695,27.93686068939346
27.77,-0.5132861009162553,3.4211724093195635,27.078874202710622
27.78,0.8165441552371955,4.476704001338559,26.28656030731556
27.79,2.042872093435165,5.387324483095088,25.580859527780063
27.8,3.154876447263071,6.166023436627161,24.974717811646464
27.810000000000002,4.150082811333639,6.826254812684463,24.471883408315502
27.82,5.03094717947456,7.380725192723261,24.070899127599436
27.830000000000002,5.800825174576946,7.8373420394157325,23.765183170899324
27.84,6.462622200574148,8.203238847317111,23.547748240658763
27.85,7.027149933653236,8.485670481675458,23.405315407821547
27.86,7.498814673844382,8.687159358532195,23.32456312524854
27.87,7.877330125390818,8.808791590593323,23.294390949041393
27.88,8.162850184655424,8.85162158966279,23.303285138290498
27.89,8.363978005540812,8.817479442909061,23.332446064827742
27.900000000000002,8.485709206637464,8.711744122118855,23.367998960187563
27.91,8.530127290956447,8.540455705379985,23.39901428164531
27.92,8.499382232688788,8.309558407958272,23.414401161602648
27.93,8.398724227459804,8.024178100927113,23.400887836193416
27.94,8.236286558604137,7.694647335715391,23.351904170720275
27.95,8.02005347505112,7.332927098062878,23.263309576359298
27.96,7.75656047692964,6.948395613343053,23.129230681431366
27.97,7.454358191399554,6.5506745412882985,22.948973996322884
27.98,7.124119488889137,6.151642654954284,22.7256466294417
27.990000000000002,6.775540527282356,5.761865928814803,22.460996440174444
28.0,6.416783163401302,5.388365143576823,22.157510590785193
28.01,6.05723163415252,5.038646424692173,21.82162137000602
28.02,5.705896154766788,4.7197911179425915,21.45880144293896
28.03,5.3695472722062965,4.436001694200111,21.073002019752945
28.04,5.05432728283748,4.190442169210687,20.6703642871883
28.05,4.766285705967944,3.9862018236901378,20.256750857622027
28.060000000000002,4.50986800360889,3.8252092963024773,19.835854014703163
28.07,4.288248120502157,3.708515851997675,19.41189511988184
28.080000000000002,4.104565691724551,3.637152136424908,18.989270930951808
28.09,3.961005995152057,3.6116174545455784,18.571728689668102
28.1,3.8588821493252845,3.6328132886570454,18.16199846921579
28.11,3.800547977969555,3.702795286601189,17.763244381511747
28.12,3.7883662095037205,3.823626163233441,17.378635592364155
28.13,3.8242827612113737,3.9971978935241266,17.011261913094565
28.14,3.908799229593661,4.225678785969205,16.664443969551755
28.150000000000002,4.045029109458135,4.513604556060235,16.342755730247557
28.16,4.236482595124854,4.865759583266261,16.050896898260696
28.17,4.485968966233982,5.286842275471827,15.79339571313238
28.18,4.797433484129833,5.782752353076591,15.578316141134435
28.19,5.176182407406435,6.360111880948514,15.415758920109006
28.2,5.6276991273292305,7.0258991510656035,15.315641549866791
28.21,6.158080334947831,7.78717491073794,15.290486697163018
28.22,6.7714809282030295,8.64511585071164,15.36038613330594
28.23,7.471718507947933,9.600048872293943,15.546257638565915
28.240000000000002,8.264547226131318,10.652671468203618,15.871641305906486
28.25,9.146923572926596,11.784825172239245,16.365278047244438
28.26,10.111119427473666,12.970182964624161,17.056985192446728
28.27,11.14669511304455,14.171060919951035,17.97836734374073
28.28,12.22230135831533,15.317533284693907,19.148039241141653
28.29,13.302109774410598,16.327247858961986,20.581651425646058
28.3,14.322947536249997,17.085979180433288,22.256333354938285
28.310000000000002,15.212355256894634,17.46935128736036,24.13134755078353
28.32,15.874512239614665,17.354023883127496,26.100153121252553
28.330000000000002,16.214165994152758,16.640042393934387,28.037604197627914
28.34,16.138857044147194,15.286573695401975,29.768628240339414
28.35,15.586984145852885,13.324513456750354,31.14323708746941
28.36,14.542662201027966,10.881797924330055,32.02768730577665
28.37,13.031694913204303,8.117212809508606,32.37805101168578
28.38,11.123699507054598,5.21793487375812,32.21666651238965
28.39,8.92900384001097,2.3617008487471964,31.641229719267276
28.400000000000002,6.563852976102376,-0.3248495935299256,30.786569874032164
28.41,4.142019769567988,-2.7612793413817998,29.798408197252694
28.42,1.7608847791243365,-4.91162095961759,28.810357229397596
28.43,-0.5063230007999737,-6.771963775213234,27.928166216174663
28.44,-2.6098278432744344,-8.35219893635085,27.22368590481783
28.45,-4.5168043411503325,-9.664545926313332,26.74067789663055
28.46,-6.208457371231966,-10.715938455628125,26.49568120671243
28.47,-7.671181007406265,-11.501642369060175,26.478679629426136
28.48,-8.890164478786785,-12.013041293932886,26.660104741912747
28.490000000000002,-9.855428996708186,-12.227702106601948,27.00095045851388
28.5,-10.553889223755906,-12.13958399112437,27.43655344771838
28.51,-10.9702900558985,-11.750105598305796,27.89806949628419
28.52,-11.095642844278597,-11.058752384986432,28.316890381934417
28.53,-10.939696479617488,-10.104526709143164,28.63344049458318
28.54,-10.510947999735352,-8.929820723333826,28.793943889106703
28.55,-9.836253570372639,-7.593890508716199,28.773026806052084
28.560000000000002,-8.948995655841456,-6.161707941456319,28.558192754668905
28.57,-7.895313972350583,-4.696106892139178,28.16493717904988
28.580000000000002,-6.723062227394808,-3.2537224006519048,27.61817942650177
28.59,-5.480756990212308,-1.8750853996146022,26.95635737125918
28.6,-4.2127052460703,-0.5895673973527518,26.21867462007966
28.61,-2.956192218244756,0.5893678450729803,25.444620791083967
28.62,-1.7401953471386842,1.6575534807671048,24.667466161384176
28.63,-0.5842007805362635,2.6211140244161486,23.91510165988451
28.64,0.4996761716131577,3.489618514527587,23.208199156702452
28.650000000000002,1.5075231392489417,4.277452610559468,22.56170550497062
28.66,2.439941624680972,4.998739198581491,21.985913626680578
28.67,3.3015016498823844,5.667089629412892,21.48763806888694
28.68,4.101058205728499,6.2968970164095746,21.07063442773103
28.69,4.846234274496893,6.897124438678745,20.737942976055486
28.7,5.543967410936179,7.4755112720743675,20.492962469399686
28.71,6.2089374624387546,8.041830864887208,20.334630529150544
28.72,6.843654112461647,8.59410738593635,20.265385594510764
28.73,7.44771573410235,9.128221853904966,20.2887776345717
28.740000000000002,8.027266108272087,9.642673814983235,20.405641819653464
28.75,8.58506779942638,10.129440490957645,20.612317075523812
28.76,9.11322457149618,10.573248782643455,20.906186238812868
28.77,9.608944246767297,10.960268339447618,21.28488685028051
28.78,10.062043561984028,11.271476901724366,21.736826556691867
28.79,10.45623677689137,11.484758724617754,22.24676992723555
28.8,10.77844608283894,11.577445170289387,22.80159430418286
28.810000000000002,11.012545396789989,11.53406386729644,23.374743338296128
28.82,11.14015999431635,11.340409807522516,23.935602704023005
28.830000000000002,11.14347325017988,10.980407030430568,24.45820420347856
28.84,11.01600175369271,10.46412570804156,24.912112136573885
28.85,10.752598773419017,9.805787637761163,25.26563435756778
28.86,10.348566917657283,9.01665209799408,25.497506853115002
28.87,9.816837542745596,8.129783297624837,25.597112117157806
28.88,9.16811383270595,7.174913560996086,25.555015690766293
28.89,8.422041414429762,6.183031585273222,25.37737237565396
28.900000000000002,7.6046543685327075,5.189447286669111,25.07596568274756
28.91,6.737411955018713,4.217451376667041,24.665654565450698
28.92,5.846589901122911,3.289016432042168,24.169029557887814
28.93,4.953916707796127,2.418807761196703,23.605916414464602
28.94,4.077569239761321,1.6133248935806253,22.997541888343974
28.95,3.2339531543437956,0.8766744161651248,22.363039078943306
28.96,2.431630402380977,0.20510182863532433,21.716997020255135
28.97,1.6771433273691734,-0.40698699101261737,21.07330892004946
28.98,0.9729726831981351,-0.9674783952019064,20.44181824167259
28.990000000000002,0.3179034806276693,-1.4863003101814176,19.830145071501928
29.0,-0.2920194118294639,-1.974357833523255,19.244111347619
29.01,-0.8625161789274948,-2.4427953206674173,18.688180598607133
29.02,-1.4015490834400213,-2.9033722783359384,18.16584570105425
29.03,-1.9176322234536656,-3.367514772582118,17.68033121448304
29.04,-2.4209035081050465,-3.84699095252476,17.234776778255153
29.05,-2.920654924833081,-4.3528245712743185,16.833208136643997
29.060000000000002,-3.4285983826653483,-4.89682794933658,16.47968410494167
29.07,-3.9540544077448567,-5.489471888363768,16.1812860831568
29.080000000000002,-4.508984770542563,-6.142230563080206,15.944229438734608
29.09,-5.103882106545122,-6.8645645947608696,15.779703184207326
29.1,-5.747603340441946,-7.665008844345633,15.701088313114681
29.11,-6.45332676548262,-8.553077766720707,15.72184048717132
29.12,-7.226181615496654,-9.5271104775146,15.864417612117862
29.13,-8.069672297895538,-10.583655973148973,16.152941956002124
29.14,-8.990683612456834,-11.716416815084344,16.61346760939784
29.150000000000002,-9.980619475411395,-12.8938509952709,17.27339217148212
29.16,-11.028955198460668,-14.079183423147825,18.16243464052596
29.17,-12.111122640115827,-15.208850432625445,19.300017925452327
29.18,-13.187112530198927,-16.197251924999247,20.694707172940127
29.19,-14.201673161386404,-16.938860649443185,22.328972733122615
29.2,-15.079926533176888,-17.30895170995156,24.15540360448194
29.21,-15.73470979542502,-17.19417712207708,26.0769677804811
29.22,-16.067932704261448,-16.489838347191633,27.964635646568354
29.23,-16.000240929883688,-15.172335728027063,29.656592984039133
29.240000000000002,-15.462273798442995,-13.257501655000581,30.996072676369245
29.25,-14.444694850143403,-10.871279703082648,31.867196405863865
29.26,-12.967783719942986,-8.164748186332828,32.21663921884176
29.27,-11.102573873213363,-5.3244520058653855,32.0660503515182
29.28,-8.953676703720205,-2.5183541667948997,31.508435542380056
29.29,-6.633845807585799,0.12708396944512368,30.67129883573962
29.3,-4.255111555019955,2.5313593903515645,29.696491760566353
29.310000000000002,-1.9125454186772388,4.658885601285168,28.714066590013353
29.32,0.3229002221683225,6.505342400057465,27.826218702881448
29.330000000000002,2.4002609792308904,8.078955515357656,27.106650376373825
29.34,4.288685745045058,9.394199673682898,26.598965048968882
29.35,5.968713270971181,10.457745713489272,26.31914331812779
29.36,7.43052636091207,11.269147853025695,26.266913732254494
29.37,8.661266910250868,11.817685729635805,26.411589490956597
29.38,9.64485706040179,12.092071267895342,26.713336661218296
29.39,10.371037155920282,12.069692107416204,27.12272883779238
29.400000000000002,10.831799943967594,11.753692685377521,27.57329119895421
29.41,11.017812863331901,11.156478442144625,27.996777190640064
29.42,10.925433043005407,10.290161774474402,28.331011478660614
29.43,10.57121736519297,9.20359909027914,28.529327021869857
29.44,9.969160942809506,7.943406498761893,28.552693766050066
29.45,9.156417164042729,6.574582075557237,28.393809080199723
29.46,8.171182307942672,5.15893036448457,28.054434551288775
29.47,7.059393235086042,3.749175955674099,27.55950443125812
29.48,5.8675324586944075,2.391217593272981,26.940128793411887
29.490000000000002,4.638961185308872,1.1139948270939564,26.234930255606752
29.5,3.4119050018547803,-0.06336677655483158,25.480795481683938
29.51,2.215815191319137,-1.135996319058161,24.71194236015835
29.52,1.0730620672728512,-2.1052368108697035,23.95643761108834
29.53,-0.004428756706558734,-2.981471062703752,23.235896437207987
29.54,-1.009214163911426,-3.776193247598845,22.5671699937647
29.55,-1.941577686639595,-4.503741361400444,21.961183088865496
29.560000000000002,-2.8056234585545883,-5.17914830633326,21.425826287246895
29.57,-3.607862192943814,-5.8146944806736265,20.96627082988389
29.580000000000002,-4.356033843598948,-6.4225311755067604,20.586913029836786
29.59,-5.062236624241605,-7.01400040137832,20.288987782093933
29.6,-5.731951590054081,-7.593454967466597,20.076672382615318
29.61,-6.374512824670663,-8.167517755116368,19.95292196430304
29.62,-7.004029840049353,-8.741912886623453,19.917348486896763
29.63,-7.616863960351329,-9.307398174230146,19.973986141407657
29.64,-8.208281973478082,-9.853930826366915,20.12719533569645
29.650000000000002,-8.777920308475386,-10.373265159860377,20.379899247401795
29.66,-9.329075053477109,-10.854470598381553,20.726910537778537
29.67,-9.848974386490402,-11.275694837481229,21.161216503427553
29.68,-10.327231672092037,-11.615030188837453,21.6777801655769
29.69,-10.749847626243495,-11.849098036700415,22.26146775496332
29.7,-11.09528079583781,-11.952820793362847,22.88777837149978
29.71,-11.343661714760978,-11.899191123367627,23.535948096210575
29.72,-11.477180771276888,-11.67599566517938,24.172950983075914
29.73,-11.476841036719298,-11.275266555763363,24.760010880340303
29.740000000000002,-11.323103450057962,-10.686516398676924,25.265430206990466
29.75,-11.016775726943099,-9.935169335745613,25.659621127348
29.76,-10.560854591675048,-9.050910123343215,25.913111105082365
29.77,-9.958040615350132,-8.056466980394067,26.011413186229593
29.78,-9.230206824381208,-6.9936482423093,25.954755039372543
29.79,-8.396554519674275,-5.898096723136248,25.745781650669024
29.8,-7.485895525789048,-4.804606025956197,25.40299420473261
29.810000000000002,-6.526971596106581,-3.7445941540766845,24.94658480422387
29.82,-5.5456646724513,-2.7370576311957446,24.401224985578498
29.830000000000002,-4.568233113417007,-1.7981719225019552,23.793136224865567
29.84,-3.61326329251725,-0.9329265776354922,23.144591868747096
29.85,-2.6964933927728647,-0.1419209431198828,22.477553451606262
29.86,-1.8279007818091104,0.5791876699425622,21.808640598147747
29.87,-1.0127269409441282,1.2385853453006925,21.15184426363457
29.88,-0.2517080436449619,1.8467261563840098,20.517494074380924
29.89,0.457853996554071,2.4156086109714785,19.91367972173758
29.900000000000002,1.1214631647863411,2.9576015442469115,19.346351459540816
29.91,1.7468176214784723,3.485685360050173,18.820293321075596
29.92,2.342949386992812,4.012277901451583,18.33977070157672
29.93,2.920249681521918,4.549965734988346,17.908548264675854
29.94,3.4894970982638998,5.110405239496663,17.531438202601418
29.95,4.0606983964028975,5.7044643041766765,17.214088160400163
29.96,4.646682884557667,6.343296642025409,16.962362028470814
29.97,5.2555394771301405,7.034358835529227,16.78672387030716
29.98,5.899022068963121,7.787289601883372,16.69631300311715
29.990000000000002,6.586978890341,8.60611477338329,16.70438245122862
30.0,7.3218627756552275,9.487687876534384,16.829213773201975
30.01,8.109031867100787,10.430334655791667,17.089121363771852
30.02,8.951836860619206,11.421858994736365,17.50308946481254
30.03,9.840295826472529,12.434125983021435,18.09080539764858
30.04,10.767045994320545,13.436641386893633,18.87385107565391
30.05,11.705736274543426,14.372087742516772,19.859026074883285
30.060000000000002,12.625992327843193,15.174352612467267,21.052872210236988
30.07,13.479688677677446,15.759900591093741,22.430616399717962
30.080000000000002,14.205455524313635,16.03414890467163,23.947669181752154
30.09,14.738464443017094,15.913772455842558,25.53339175867896
30.1,15.003688587761316,15.327928828644405,27.080587116199922
30.11,14.940089082051049,14.249745470047314,28.478350756175644
30.12,14.501399450520585,12.705313252994797,29.599967394546482
30.13,13.67199719385955,10.765427078438705,30.362535958156982
30.14,12.467757837879159,8.547490237642952,30.71163062943764
30.150000000000002,10.940633985051269,6.18597843017516,30.656401088853112
30.16,9.160938386707667,3.8077193960730793,30.245880897370682
30.17,7.219025022945349,1.5224863979474286,29.568403189098692
30.18,5.2002570149011325,-0.6001418993777736,28.724588330195566
30.19,3.18230623235338,-2.5198518968208528,27.81335131238423
30.2,1.228059308854986,-4.2239954774943165,26.92169279890109
30.21,-0.6202881709654628,-5.719649957322326,26.11413315420545
30.22,-2.33322718883076,-7.019761743314826,25.438735810276775
30.23,-3.8966578557448974,-8.140717341896368,24.92305810376898
30.240000000000002,-5.303741773839915,-9.093516604091882,24.58051805838902
30.25,-6.550983344178842,-9.883548865513314,24.410740162633964
30.26,-7.6415201275959435,-10.511865171440164,24.406451667035835
30.27,-8.570515083662265,-10.969389069514948,24.544972272464836
30.28,-9.32850767227251,-11.245279077628377,24.80116559121897
30.29,-9.913266050210696,-11.324648616528645,25.142822933757536
30.3,-10.318738984730464,-11.203672852150724,25.52719845012466
30.310000000000002,-10.535529522140406,-10.882248604177486,25.910745551343595
30.32,-10.557510547934992,-10.358401676393326,26.25043792152111
30.330000000000002,-10.391099206355044,-9.656699797489978,26.51049450010643
30.34,-10.042704305344268,-8.804908993324755,26.6571465333303
30.35,-9.52455559315919,-7.832852742179398,26.671177469949104
30.36,-8.861475631115868,-6.784951553882337,26.545247136896606
30.37,-8.076090797121836,-5.696722114347883,26.279745634154644
30.38,-7.202092959245451,-4.607648757437786,25.890728782431108
30.39,-6.268557429937993,-3.5477170675769636,25.395020204091054
30.400000000000002,-5.305631498502413,-2.538965571732434,24.81775322048489
30.41,-4.340168168661659,-1.5976603975691264,24.182324000847547
30.42,-3.392654811708129,-0.7291572043845478,23.511791029854912
30.43,-2.48078457617072,0.06442029019616813,22.826939844353394
30.44,-1.6144851086349863,0.7882290094542603,22.14395521153606
30.45,-0.8003930865687305,1.4497318224929474,21.47671983490096
30.46,-0.039459955385030776,2.0594826908767643,20.835114951726364
30.47,0.6704159362712889,2.6292963655574533,20.227038024447506
30.48,1.3344116647953115,3.171363553855489,19.658184614769173
30.490000000000002,1.9599499573134316,3.698546231017932,19.1330951808368
30.5,2.5558844495838753,4.2229908370051294,18.655807610267786
30.51,3.131894026874935,4.756740517758306,18.230093279063812
30.52,3.69914193165042,5.311357564145522,17.860130530030357
30.53,4.266425565295858,5.896520068548993,17.55200435197029
30.54,4.846765388307666,6.523343274663579,17.310529045459226
30.55,5.448171145752144,7.19816295870417,17.14562612321347
30.560000000000002,6.078887113778608,7.927593315782781,17.06766765363416
30.57,6.7522518516371814,8.7190130957938,17.086620251168394
30.580000000000002,7.469082224300401,9.565614233264874,17.21945937171613
30.59,8.228491352482008,10.458985513317673,17.48396798236394
30.6,9.034891400998896,11.39136100884288,17.897894968347426
30.61,9.88077149437015,12.335009640309995,18.475992175159693
30.62,10.751758087154322,13.254158183237601,19.233364312122603
30.63,11.628774424616811,14.101459614028622,20.178933429338233
30.64,12.475169489025408,14.80992053458469,21.30464140969266
30.650000000000002,13.25178865056866,15.306719077836428,22.59660427877734
30.66,13.899820593971562,15.51180029771321,23.99879912486604
30.67,14.359415032059253,15.345195895436563,25.45289591802546
30.68,14.569897118192676,14.76256932667274,26.857754692417085
30.69,14.468980139867332,13.725330002768121,28.114406211366315
30.7,14.030339283090674,12.278735987066796,29.121040137121884
30.71,13.233745753277054,10.479285917607935,29.79314270908667
30.72,12.102664907205959,8.434053690965605,30.097204369826997
30.73,10.675468181900793,6.253838707661904,30.032245890443072
30.740000000000002,9.024412658974587,4.058803172426561,29.646315072625548
30.75,7.222516558601915,1.9379406301465258,29.01092200125036
30.76,5.3486051298399016,-0.040619133663982954,28.21350950515739
30.77,3.471323861131753,-1.8422452743287174,27.34083470218085
30.78,1.6459503066716843,-3.4540450924598516,26.468133770093345
30.79,-0.08610281813170961,-4.879603971160547,25.65723705835769
30.8,-1.7013436997248212,-6.133536059721739,24.949987416305554
30.810000000000002,-3.1852015745482785,-7.23159752233516,24.376402350166217
30.82,-4.533587320103209,-8.18861964818031,23.95187028618895
30.830000000000002,-5.749147894213839,-9.015796454864898,23.682198830723927
30.84,-6.830072042309805,-9.713372560760755,23.562752414100643
30.85,-7.774889348608326,-10.280414464118987,23.587554802453536
30.86,-8.590118760327242,-10.711852900038801,23.739673846032783
30.87,-9.269000475048609,-10.99616519612821,23.99458656083844
30.88,-9.803229217690445,-11.120266858378425,24.327285842819542
30.89,-10.190058083889431,-11.072331238222034,24.705586938612623
30.900000000000002,-10.421950343310376,-10.85191521230912,25.09246322412511
30.91,-10.490197263749554,-10.457026756122238,25.45069600840582
30.92,-10.392877254348626,-9.893386041317807,25.74720004605146
30.93,-10.137222820468935,-9.187570238198875,25.95387208913277
30.94,-9.727471839759826,-8.36074549609639,26.04502226153095
30.95,-9.180016612831691,-7.444534035907744,26.011568265301616
30.96,-8.515752697036206,-6.4756658034172485,25.849019371316945
30.970000000000002,-7.756096823473959,-5.483627881678396,25.562772382818412
30.98,-6.930503453867567,-4.501583544143387,25.168255351911547
30.990000000000002,-6.063189211826382,-3.5524221085476007,24.68096354302787
31.0,-5.179649565000873,-2.653695576516462,24.123075606049447
31.01,-4.3019389475515295,-1.8177757018054526,23.514235607411734
31.02,-3.4462995822810365,-1.0479128330779426,22.873615091957813
31.03,-2.62703256820702,-0.34516332833568186,22.218744769753144
31.04,-1.8516846299781466,0.2953763818071733,21.56272107695586
31.05,-1.1250888560161356,0.8806510473798552,20.917223333391643
31.060000000000002,-0.44740942019873753,1.4199836860200894,20.290350322693754
31.07,0.18363222535007462,1.923858963165409,19.688830829731916
31.080000000000002,0.7732342142673498,2.403433826830323,19.117353922873328
31.09,1.3279901520330608,2.8701282181238086,18.579849058947865
31.1,1.8564096482666432,3.335565793313049,18.07954197260009
31.11,2.3676281159444676,3.811225775919185,17.619495913290475
31.12,2.8718025761105928,4.3085284265136705,17.203334902856362
31.13,3.3783912734355033,4.838283923031467,16.835459732029985
31.14,3.8992587894400645,5.411938822750115,16.5207095521567
31.150000000000002,4.443227233335186,6.039106417382524,16.267437467696226
31.16,5.022291241873835,6.730777025207066,16.082824204998406
31.17,5.646313087365288,7.494540691481367,15.979611877223867
31.18,6.322451508257489,8.335982374685598,15.973500159352268
31.19,7.0641817457036264,9.264327342410759,16.079534521212057
31.2,7.874268490044789,10.27166660005625,16.3207422985744
31.21,8.750337651484802,11.344016302509715,16.722634983947064
31.220000000000002,9.693091591113642,12.467278317740593,17.311880420900028
31.23,10.692702891540744,13.603505574164537,18.111969397987313
31.240000000000002,11.726776627491228,14.698011712150924,19.143739360430814
31.25,12.764328509481768,15.678405377514586,20.41811508876825
31.26,13.753142637095127,16.44643711122052,21.92266869427794
31.27,14.630860780803737,16.894495291726468,23.62168133338891
31.28,15.313450560989608,16.907578929668432,25.431048171329106
31.29,15.717551163544876,16.39360726886781,27.24429840669368
31.3,15.755654415390328,15.296905771496476,28.910690680152573
31.310000000000002,15.367964011017804,13.631239666766735,30.291981133823832
31.32,14.52520252804676,11.484501454472234,31.254051791719718
31.330000000000002,13.240355348405327,8.988662871278212,31.73744771692246
31.34,11.562556353104808,6.306414963557277,31.735629338039654
31.35,9.585361188431422,3.6064786300915683,31.316308039760692
31.36,7.409898038326109,1.0167531328333426,30.586330900610342
31.37,5.142733852891592,-1.3716158529374591,29.673626435678923
31.38,2.8785746383557558,-3.5122441876102473,28.703517516393056
31.39,0.6921143563975287,-5.391272133001634,27.781256522425306
31.400000000000002,-1.363455858496184,-7.014131296009642,26.984814950657093
31.41,-3.253282018795229,-8.395268921836031,26.367252445834875
31.42,-4.957408418016241,-9.546824046813802,25.955803393039666
31.43,-6.464375927659186,-10.473510238090551,25.75745933500185
31.44,-7.764167460660918,-11.17325238565894,25.758450674793302
31.45,-8.85201540690594,-11.635648645814877,25.93763205570703
31.46,-9.718056846024485,-11.84842936699609,26.2507053443396
31.470000000000002,-10.347725919305379,-11.802122959621157,26.64797303567939
31.48,-10.730370230068004,-11.480134219140355,27.073986393773644
31.490000000000002,-10.865637164893117,-10.900682331110477,27.470613167666773
31.5,-10.754101810661359,-10.090969426400767,27.78068157562095
31.51,-10.400330200339962,-9.076437718287766,27.959344002311408
31.52,-9.828840916881003,-7.910865725468975,27.98127564432081
31.53,-9.062506078973362,-6.642833306072088,27.830147112884813
31.54,-8.141909257646443,-5.329908333123159,27.51542149385091
31.55,-7.1048388004718595,-4.020291407834065,27.052274861612887
31.560000000000002,-5.994011895626714,-2.753086787325678,26.47134100366539
31.57,-4.8480506521778715,-1.5575329897463683,25.80382262185939
31.580000000000002,-3.7010688202910127,-0.4494180662198104,25.0838687918391
31.59,-2.580871762130869,0.5635050326372233,24.341251014658933
31.6,-1.5064868497964896,1.4841865874546434,23.601914598907385
31.61,-0.49163589742718683,2.3189004188486377,22.886645700109106
31.62,0.4588619990942757,3.079886117411822,22.210475253380242
31.63,1.3436341067357767,3.78020080489713,21.5852924973339
31.64,2.166560830529421,4.43348231662067,21.018858043119963
31.650000000000002,2.934383649512539,5.054175598129735,20.517124414271674
31.66,3.6559975815146277,5.654605494426701,20.08431525131472
31.67,4.3393840747951105,6.245392543504378,19.725216802854757
31.68,4.997695763339852,6.83828215397546,19.44187927106468
31.69,5.637574405255486,7.4379867515887135,19.239920148720476
31.7,6.2664683508489025,8.049669200054707,19.12505533977509
31.71,6.900066379085711,8.681234686782588,19.099747836109426
31.720000000000002,7.536494707798458,9.323909563198091,19.171268661315654
31.73,8.17118591067604,9.966742448185297,19.347700865113605
31.740000000000002,8.802380213582952,10.60001396960967,19.636508112472384
31.75,9.433002084087189,11.21098033649362,20.038498578538334
31.76,10.049041531785452,11.772767362425638,20.5508016779156
31.77,10.63838331053205,12.258061779389516,21.173185850676656
31.78,11.181742006320132,12.63361236935694,21.891998271555018
31.79,11.651013802544865,12.861493170161753,22.68294267124924
31.8,12.020541378675981,12.903736107081867,23.52396432360792
31.810000000000002,12.261397033439545,12.735726330931834,24.370001368452883
31.82,12.34160115239194,12.330485784844198,25.174523176893704
31.830000000000002,12.239042318928865,11.682505435034265,25.89308550786493
31.84,11.943201848386233,10.814819676311103,26.47348014111567
31.85,11.442557959969852,9.745391412662478,26.876940089496525
31.86,10.751735534344975,8.524865375766936,27.08403391058295
31.87,9.885131174391587,7.201157564250428,27.081689199765027
31.88,8.876354860797989,5.829730840429723,26.883722783370153
31.89,7.761101144054315,4.4626378057968825,26.510115722037607
31.900000000000002,6.5774882980530025,3.1377222514585177,25.994697428746154
31.91,5.364307050302738,1.88714420744852,25.374170554268172
31.92,4.153495463349765,0.726057145371332,24.685541041546745
31.93,2.9738284248253546,-0.3364497376472604,23.963635492548196
31.94,1.8429229251447539,-1.3041201178272057,23.236300918665293
31.95,0.7746530097786519,-2.183969230589038,22.52818706809914
31.96,-0.22634877392727448,-2.988372598937212,21.856073478751775
31.970000000000002,-1.159547251321706,-3.731800008382582,21.233911270115883
31.98,-2.029543658934216,-4.428869160804068,20.67090537493095
31.990000000000002,-2.8431336169315027,-5.0942575494479065,20.174762162525898
32.0,-3.611007815476691,-5.742269529429198,19.750500492082367
32.01,-4.341469220780019,-6.383333262307252,19.404395522746942
32.02,-5.047764711801365,-7.029817953026279,19.14020055227138
32.03,-5.7391438745829575,-7.687577538096944,18.963837175763615
32.04,-6.4204558680844865,-8.35882781057446,18.88360418996817
32.05,-7.104870193477214,-9.049518685285038,18.904878504444966
32.06,-7.794483869975058,-9.752253311895206,19.034705828829168
32.07,-8.4848812655223,-10.45416289322271,19.28174357596667
32.08,-9.17745458294179,-11.144341834728497,19.653881248614226
32.09,-9.865197124207091,-11.799337399520352,20.151728086379507
32.1,-10.531456614247958,-12.387393801257781,20.773819504334416
32.11,-11.162450911433895,-12.87521693279987,21.51787193154725
32.12,-11.728714262778468,-13.220149204257805,22.359218923704788
32.13,-12.199127546477646,-13.376676571509824,23.27286491748563
32.14,-12.542849043383395,-13.307248935337086,24.221598526615523
32.15,-12.72411512248824,-12.983632044617512,25.148311415141176
32.160000000000004,-12.708760772967171,-12.379869637945564,26.00284727131754
32.17,-12.481189484714374,-11.515792361529336,26.725534886583592
32.18,-12.024992191152524,-10.411132084134522,27.26170772000979
32.19,-11.346163857240125,-9.111840451175498,27.58323326694197
32.2,-10.461487462300559,-7.678326322778201,27.669695196592155
32.21,-9.40157999907545,-6.170991223134788,27.529602547883844
32.22,-8.209120244102534,-4.655748661704221,27.185315520379458
32.230000000000004,-6.926165219715894,-3.178926687232088,26.673580996100736
32.24,-5.598944823285686,-1.7812311866835002,26.038443734545638
32.25,-4.265835154889527,-0.4830864538265579,25.324126967838144
32.26,-2.961482298884634,0.7033617933983958,24.5727701848032
32.27,-1.708366334708273,1.7808798089737568,23.818652404028963
32.28,-0.524065755733172,2.7563184791412967,23.09126045253623
32.29,0.5851498402241763,3.6434413635223417,22.410669181375564
32.3,1.6171602665644256,4.4576611799351795,21.79340737006979
32.31,2.575893755857206,5.213966102679036,21.24982213304979
32.32,3.468085648364543,5.927709358064123,20.78825000869556
32.33,4.304193544337502,6.612281338215004,20.41347637681157
32.34,5.0911074979743045,7.275980171557892,20.131575773719447
32.35,5.842578839878636,7.9301302917823975,19.945252907938954
32.36,6.566697974282355,8.57687683264275,19.85771373309305
32.37,7.263716629562667,9.211930865761229,19.875038281795252
32.38,7.938421508095841,9.832878949005421,20.001683096668636
32.39,8.596132826961306,10.43187906118638,20.236765660065046
32.4,9.228351615523195,10.990437495433852,20.579868404822914
32.410000000000004,9.83151402192799,11.491205164979299,21.031139024456014
32.42,10.392821126058397,11.908629957468062,21.57949523905261
32.43,10.892060460410299,12.212477219846432,22.20930914799459
32.44,11.312445924666353,12.372382733609056,22.9055076064773
32.45,11.630241734926521,12.363800840839104,23.633361603271037
32.46,11.819168305089043,12.160620612813105,24.356212820223966
32.47,11.857884913837381,11.746555145270444,25.038543021739475
32.480000000000004,11.733185058582254,11.131324674312015,25.63416023982397
32.49,11.429286003011764,10.319795598941077,26.10228317346612
32.5,10.949081173169647,9.3419899052698,26.417617597046352
32.51,10.302199548076732,8.238770517874054,26.55740466991073
32.52,9.503629529994676,7.048055397204798,26.51716808887342
32.53,8.586061129536589,5.822355762085135,26.30725751462082
32.54,7.576341680167769,4.599350635846665,25.943164423766593
32.55,6.510172440075598,3.4142701967880416,25.454346806503988
32.56,5.418666658120814,2.292554644632184,24.869132961548026
32.57,4.3302427102816345,1.2484138735447545,24.219199702287984
32.58,3.269043106288366,0.2899605046219176,23.532556123549732
32.59,2.2505440267336883,-0.5854587171175273,22.833190433850774
32.6,1.287487865848881,-1.382816281210803,22.14219533281002
32.61,0.38349876907348923,-2.1130528567517635,21.473816417712314
32.62,-0.46055305878511066,-2.7887201024323467,20.840688010452354
32.63,-1.2484458851256952,-3.423291371485329,20.251306140014254
32.64,-1.9863580674064527,-4.0304514890827265,19.712594081837633
32.65,-2.6839187019344735,-4.624475925182633,19.229543402671485
32.660000000000004,-3.350080705018929,-5.217390433567592,18.807674389051087
32.67,-3.9971144119691164,-5.822298722028507,18.45097805507436
32.68,-4.635221393107532,-6.448750670413678,18.16577684378777
32.69,-5.2736487661972955,-7.10534413018049,17.959312582183124
32.7,-5.926356027228358,-7.801299681543811,17.83751289265354
32.71,-6.597595426435626,-8.536417811779836,17.812318578690807
32.72,-7.291366781571586,-9.310166687195979,17.8962098215883
32.730000000000004,-8.017347668512645,-10.121892990037486,18.10019379343208
32.74,-8.771376974829732,-10.954625062637295,18.43684820140095
32.75,-9.54832801579905,-11.789742767316357,18.919960504940562
32.76,-10.341450345463503,-12.600306125537003,19.559535554437073
32.77,-11.127789494854294,-13.341838142697137,20.356015455385435
32.78,-11.886676728828101,-13.967268489731532,21.312201087220465
32.79,-12.578992119539778,-14.41581371253674,22.400652301665414
32.8,-13.160859280342708,-14.621504297934685,23.588958898009775
32.81,-13.5866718326656,-14.528517749698462,24.824916961781284
32.82,-13.80364584083176,-14.090044235866067,26.030962834296083
32.83,-13.766942591461865,-13.280020688704589,27.133208899531546
32.84,-13.448691436107861,-12.12261526694472,28.041947847248874
32.85,-12.82794095291689,-10.649049367869805,28.691958229810936
32.86,-11.919869629380745,-8.943425769850224,29.041544207207426
32.87,-10.74746511072236,-7.085966533808815,29.07842275189703
32.88,-9.36664458602284,-5.178103163071144,28.827621826183716
32.89,-7.832074933915223,-3.2958413474506054,28.33455842861867
32.9,-6.20968637705754,-1.505465826728188,27.663900688931196
32.910000000000004,-4.557262866242498,0.15530866511866015,26.88304368835401
32.92,-2.9264941984917985,1.66490042765155,26.0564248522293
32.93,-1.3555381811931335,3.0217969099719264,25.23896238450163
32.94,0.12889023154257373,4.2331491783481505,24.473223443267035
32.95,1.51274472213458,5.315135960543717,23.790599008209515
32.96,2.7893812837365393,6.282989918987684,23.212242383847137
32.97,3.9599875556837816,7.153213370576292,22.75128851445089
32.980000000000004,5.030783082174157,7.938856255654072,22.41366230154649
32.99,6.004445944462995,8.64467804353974,22.2016516833757
33.0,6.886666472918352,9.275808239669862,22.115885747974563
33.01,7.687111961596431,9.83231945000686,22.148534125788796
33.02,8.401054740213976,10.303765014156033,22.291320224369855
33.03,9.025822914554524,10.679611363924247,22.535441680825375
33.04,9.563616099722204,10.948620005735064,22.86355015911765
33.05,10.002674490306681,11.096128884728401,23.25277784926517
33.06,10.33094915431442,11.106042251093175,23.680387261342943
33.07,10.541369776741476,10.965416213903532,24.1204900623423
33.08,10.625753826119617,10.675701353998656,24.541151324955464
33.09,10.575025569015523,10.237967664052784,24.910370003782724
33.1,10.38398230481853,9.655446929228537,25.202362597765536
33.11,10.059929063733618,8.953168915933565,25.3969155417407
33.12,9.60828284271698,8.15377964490062,25.47488160026871
33.13,9.04105360272577,7.282279949155433,25.430459783019764
33.14,8.379265070143664,6.372843365849635,25.264750419136025
33.15,7.640571872666264,5.450694554429725,24.982726078039413
33.160000000000004,6.850501318078181,4.542757120313716,24.600563385603657
33.17,6.0313892946039696,3.670444056225856,24.133145128980544
33.18,5.203588311633517,2.846642653635448,23.59937009820516
33.19,4.38713593239451,2.08249532979336,23.01830154709471
33.2,3.5955722731775586,1.3807077429517982,22.40557295085592
33.21,2.8400531049066844,0.7408071521625297,21.776980712670465
33.22,2.1280979703524103,0.15945461379442738,21.144540472755093
33.230000000000004,1.4628178716186049,-0.3700791784368651,20.517932994281225
33.24,0.8446125976010168,-0.8558786040141738,19.904800930167774
33.25,0.2711033659269266,-1.3072200071621307,19.31078840407053
33.26,-0.262366901475795,-1.734181742063747,18.74020763928928
33.27,-0.761866476229041,-2.1470141951992003,18.19634184939202
33.28,-1.2350523366168988,-2.556332049210522,17.681852694720714
33.29,-1.6903561863104588,-2.972762092961326,17.199128849729973
33.3,-2.136767750120528,-3.406966876195166,16.750969208466543
33.31,-2.5837940054737434,-3.86968407731008,16.340244865027962
33.32,-3.041697296664151,-4.372031376710855,15.971166762304033
33.33,-3.5199101450453294,-4.9248279794875165,15.649020190607756
33.34,-4.030206747722001,-5.539672113619528,15.380036377912127
33.35,-4.582086767381884,-6.227302261011311,15.174709183741584
33.36,-5.187354390608008,-6.999351297802682,15.04278815894794
33.37,-5.856672633516906,-7.864388863868892,15.000799490891865
33.38,-6.598434320656997,-8.82915004309444,15.069033679234765
33.39,-7.426002472053139,-9.902551648618006,15.268498147806435
33.4,-8.341558538486215,-11.073329154283776,15.630076234956041
33.410000000000004,-9.342875432388094,-12.324211686960481,16.18712571900111
33.42,-10.430155935582386,-13.63339978994627,16.97578433982009
33.43,-11.582955873602995,-14.94202139786255,18.02613905501978
33.44,-12.7740524787448,-16.17725322674024,19.36817071028902
33.45,-13.951086482163255,-17.228940153345103,21.002437621607537
33.46,-15.04715611306276,-17.964362777555984,22.91393602848874
33.47,-15.965848647007721,-18.237054057383975,25.017620366849158
33.480000000000004,-16.600164285022792,-17.901079135265036,27.201404039220904
33.49,-16.83878370197879,-16.869560826569096,29.280624414902736
33.5,-16.58359836141781,-15.110083081981402,31.070878330203463
33.51,-15.784255852026211,-12.71918292229902,32.384359830036544
33.52,-14.435635762346863,-9.849725308043295,33.117357068818116
33.53,-12.588668559154728,-6.714318044326021,33.24462887543596
33.54,-10.35383857137754,-3.537399040384703,32.84481857851904
33.55,-7.859042713082538,-0.4935812737570662,32.05814312444602
33.56,-5.240756373350572,2.2952551240836683,31.056227433006075
33.57,-2.621237817198825,4.7667469581511694,30.00618845102099
33.58,-0.09904964130774507,6.9001401729547425,29.04726536966657
33.59,2.2569063359950654,8.702372692886884,28.278035136282533
33.6,4.399039249499624,10.18224714006489,27.7581655955377
33.61,6.296087651931791,11.343770589608058,27.51257928001678
33.62,7.926254438943843,12.181984157006921,27.530835473618
33.63,9.271964591228446,12.67658323665446,27.782253271826775
33.64,10.311510889368144,12.815128130240256,28.198838746644654
33.65,11.021813333534954,12.581108611584353,28.706731508011135
33.660000000000004,11.390699282656637,11.968349087861455,29.221847057629233
33.67,11.419891859821288,11.020473089544588,29.65800774523812
33.68,11.109908443669614,9.775188591783104,29.937942758583784
33.69,10.488201255086022,8.302903803644735,30.018133014381732
33.7,9.587918011903371,6.680849924648525,29.871322714271958
33.71,8.465053427712204,4.99479826702466,29.50868632606727
33.72,7.175406928609996,3.3175414314432614,28.956321000196702
33.730000000000004,5.78233433579773,1.7088769190211033,28.261594211357192
33.74,4.341539906144929,0.20778540924514657,27.474549380598035
33.75,2.9040472538757856,-1.1620643360440697,26.646761360196074
33.76,1.5075283482398267,-2.3951689049544926,25.821830315893262
33.77,0.18125052105316097,-3.4937720521607356,25.036065218010016
33.78,-1.0592515130358235,-4.470356347048634,24.314817821321874
33.79,-2.2043271955639416,-5.337951887217271,23.67669336954474
33.8,-3.252938730072851,-6.111641545478004,23.132178956978183
33.81,-4.208966261252388,-6.805673505244497,22.686614757979875
33.82,-5.076664372561606,-7.429012066831727,22.34154792785405
33.83,-5.8623833170643085,-7.990981031732961,22.09727413183152
33.84,-6.578979786047297,-8.499519414941023,21.9478250099744
33.85,-7.226162734014771,-8.951570672961914,21.889193778556752
33.86,-7.8021104943693995,-9.34314418603065,21.917870313294372
33.87,-8.312851054129982,-9.672514763383596,22.02632928928184
33.88,-8.762128759226453,-9.934682681236817,22.200940758299183
33.89,-9.142783576915631,-10.120052184549053,22.429623321283593
33.9,-9.44964875135026,-10.218799325967506,22.700022816716505
33.910000000000004,-9.681477635911197,-10.22372922932654,22.995720952184815
33.92,-9.83149203082372,-10.13150797539417,23.29733606882646
33.93,-9.892340046390096,-9.938071057521327,23.585460582856737
33.94,-9.858593650303717,-9.63859765852636,23.84207653169299
33.95,-9.73189389786532,-9.243942653905343,24.050974419648718
33.96,-9.514715535125921,-8.767422246657175,24.196058389804616
33.97,-9.207413013812204,-8.217607108580918,24.263409033983663
33.980000000000004,-8.81893004540086,-7.611161061540642,24.24855634747743
33.99,-8.361913251737127,-6.969626936253874,24.148980594078107
34.0,-7.845679608498409,-6.308310354261023,23.96328201799949
34.01,-7.286232284627591,-5.645386472071284,23.699222182348876
34.02,-6.699851163256081,-4.998817407805075,23.364882843639535
34.03,-6.099309420952036,-4.3795437836011555,22.968399933469076
34.04,-5.49904532253182,-3.7976319577684094,22.522330679958852
34.05,-4.911991305634419,-3.261243687010454,22.0371839870243
34.06,-4.347021611393674,-2.773016517911338,21.52249588309658
34.07,-3.81242202050129,-2.334632054570619,20.98862923964943
34.08,-3.3146283939851267,-1.9461611592389891,20.443530188550522
34.09,-2.85609885562555,-1.6048011476294,19.892915168067947
34.1,-2.4388130234551344,-1.3074560073032748,19.3424956685084
34.11,-2.0634321842614205,-1.0503405788267783,18.797064913540414
34.12,-1.7283489722191607,-0.8290162942035811,18.259085506819606
34.13,-1.4321737118588642,-0.6394408373464457,17.730813224181624
34.14,-1.1717037127071717,-0.47685696363170377,17.21397940769589
34.15,-0.9438808783273491,-0.33722757613745485,16.709456699042136
34.160000000000004,-0.7452709724733775,-0.21652598680730534,16.217930403948206
34.17,-0.5721631348522088,-0.11100947050680934,15.739680528537535
34.18,-0.4209950010628124,-0.01723679455175907,15.274821681179642
34.19,-0.2882153257582401,0.06799001783403684,14.823300084747544
34.2,-0.17042879102369948,0.14764181511155927,14.384968248518764
34.21,-0.06439534243985671,0.2245181032308684,13.959619118676878
34.22,0.03292619986037637,0.30128992263094734,13.547015542647184
34.230000000000004,0.1244973776531925,0.38061376922522144,13.146911237193828
34.24,0.2132105620327721,0.465184843741009,12.759068181617861
34.25,0.30189858220123383,0.5578314133038116,12.38328039429131
34.26,0.39341987116193433,0.6615500050641,12.019377743335268
34.27,0.4907004044894475,0.7797789336731523,11.66728416760488
34.28,0.5969022560026599,0.9162232434181764,11.326978912878028
34.29,0.7154712846456119,1.075481552941252,10.998636170125057
34.300000000000004,0.8501795402632988,1.2624580224026467,10.682533103547346
34.31,1.0055477845836165,1.4836491580240696,10.379332976084877
34.32,1.1864094644071332,1.7458356769873338,10.089891448226181
34.33,1.3990359100960694,2.0583660966163304,9.81585090724335
34.34,1.6500086391142217,2.430887452433172,9.559220889125505
34.35,1.9482017974095613,2.8768088949466373,9.323621127039372
34.36,2.302905442504707,3.4099716111086438,9.113416968108917
34.37,2.7266893987410787,4.049273831770205,8.936244164633539
34.38,3.2327586149837106,4.814219534871243,8.80130852950825
34.39,3.8385983911566326,5.730300664379922,8.724389180463882
34.4,4.5625665254493235,6.823460398838762,8.724541095532746
34.410000000000004,5.427623801614904,8.124294598909598,8.83367860393248
34.42,6.45767672512674,9.662464748434726,9.090342641458102
34.43,7.678257643702559,11.462500074888597,9.555984352220948
34.44,9.114949094270251,13.5422699554967,10.304915343057289
34.45,10.782295189006774,15.883188858383432,11.441927390385121
34.46,12.688175432680943,18.43775364898704,13.090898222421014
34.47,14.79795015878116,21.058085667692104,15.3840057639495
34.480000000000004,17.042075637542283,23.509265042204817,18.440813623826514
34.49,19.272289272704818,25.41015057440834,22.301788348412817
34.5,21.25335824119609,26.26483384846493,26.845977600904703
34.51,22.667884725337622,25.558784120714254,31.718198269975495
34.52,23.155722912608642,22.92381770706632,36.32227487184627
34.53,22.401873548162865,18.351737048823633,39.938236905865665
34.54,20.28611427180233,12.338772673588299,42.02538855506605
34.550000000000004,16.891411597042165,5.630783257095815,42.45158994531577
34.56,12.519621759724016,-0.9841931533303434,41.54935037566869
34.57,7.580741875376372,-6.9336367843799,39.944310696074005
34.58,2.489973316439015,-11.921693460188983,38.31464985167832
34.59,-2.40462146250061,-15.842606585768037,37.1994669172429
34.6,-6.838149359846315,-18.642533380448533,36.912445584896524
34.61,-10.602615317934122,-20.229878531766595,37.522738090798185
34.62,-13.514808634585085,-20.461638124774495,38.87210519259634
34.63,-15.404481717003193,-19.23109082051411,40.588645027409214
34.64,-16.145317359785,-16.566475795718397,42.20852384149872
34.65,-15.682643133437862,-12.698983324663782,43.279810879997
34.660000000000004,-14.083114850001888,-8.052955528999039,43.53786782632265
34.67,-11.53053119311837,-3.138217194702303,42.96620196709696
34.68,-8.304790612658158,1.5774490243923855,41.780402697059635
34.69,-4.716852876908951,5.7600319259424175,40.31839553884698
34.7,-1.0632454313461497,9.221661681006815,38.923572684013784
34.71,2.4092012677061225,11.880744952194508,37.85539786709189
34.72,5.510752244477166,13.702099804008103,37.25040419714504
34.730000000000004,8.099847492761807,14.664305200547425,37.11683942286299
34.74,10.069819340523676,14.751030286053266,37.35505426866486
34.75,11.347460679026629,13.982625395648899,37.782404811591185
34.76,11.896666649486692,12.430594828619641,38.19263579111189
34.77,11.718185808190759,10.230131518438217,38.39076697588589
34.78,10.86875847721208,7.581655351592005,38.252543428917654
34.79,9.448495028322915,4.708201137973548,37.741108188828846
34.800000000000004,7.5939577618074905,1.8269874230440413,36.90226402079877
34.81,5.460518140215235,-0.8875294354452983,35.844497185770294
34.82,3.19819938726196,-3.3173214653415926,34.698538168906126
34.83,0.940938728711942,-5.394892610882799,33.588379641124995
34.84,-1.2043986696537008,-7.09460655882074,32.608691508286775
34.85,-3.1585143083925846,-8.41228747011123,31.81669250497396
34.86,-4.865636577036124,-9.354221875574341,31.232899641222723
34.87,-6.287623649008108,-9.928395224488323,30.846114769869367
34.88,-7.405174455560039,-10.152984191506603,30.616756782368146
34.89,-8.202888999330524,-10.038971036518793,30.492830924799893
34.9,-8.685605961485628,-9.622110963020388,30.413791174511754
34.910000000000004,-8.857533164830086,-8.933800903352232,30.318388750440842
34.92,-8.740910541705624,-8.023662369181999,30.159844844906935
34.93,-8.36066937279758,-6.944593653862857,29.89836860932986
34.94,-7.757087427193181,-5.756994574968245,29.519740575973284
34.95,-6.971937094871443,-4.5186358504539825,29.019273250284172
34.96,-6.052528442471492,-3.279184358995375,28.41193428992155
34.97,-5.044381385095788,-2.080266087595378,27.71833376533929
34.980000000000004,-3.990564753838394,-0.9500760537382023,26.966894197238695
34.99,-2.927604438786995,0.09327950167026433,26.184697869379967
35.0,-1.8853637957577432,1.0427261861736166,25.3981329803742
35.01,-0.8851839990646708,1.8985290268613646,24.628061185158007
35.02,0.0586517102902967,2.66750675284825,23.89181563204448
35.03,0.9385619726312986,3.358957525804334,23.201277170133682
35.04,1.7526549449306557,3.9853601771046034,22.564983927000586
35.050000000000004,2.5031276638286806,4.558932773779423,21.988054159188593
35.06,3.194666719948655,5.09151571838966,21.47403496163242
35.07,3.835586274046592,5.595879553889696,21.024158045443404
35.08,4.433517804749084,6.081070115415013,20.639876831420576
35.09,4.995176619952503,6.55502226129061,20.323264023081997
35.1,5.53330747262683,7.027749746548458,20.07316359441088
35.11,6.052898491709827,7.501730262461983,19.89225662971936
35.12,6.556754411807396,7.977845260761305,19.78435177213867
35.13,7.055045759059795,8.460768907814487,19.75037155097458
35.14,7.551253541977399,8.9473132211827,19.79169465429908
35.15,8.042013589830315,9.429081854315807,19.911556749685158
35.160000000000004,8.527064703672517,9.899322797046183,20.113028524408332
35.17,9.006997314961003,10.348761951745706,20.395304109036203
35.18,9.470866635196828,10.759123045023024,20.754467890075595
35.19,9.90940202023226,11.112408291356378,21.18810117297903
35.2,10.313342083811712,11.389678688750966,21.68901634207816
35.21,10.66404741025335,11.56839703527975,22.23849576539907
35.22,10.94319631684769,11.624863595067271,22.81944426896919
35.230000000000004,11.134923250214552,11.54047623619292,23.41193065997794
35.24,11.222393152313263,11.306676890028626,23.98342361857257
35.25,11.185947228138248,10.909527965920198,24.503910734162556
35.26,11.015575765598316,10.351794853014047,24.94767969700994
35.27,10.712129334345981,9.656858686760314,25.286564840097462
35.28,10.273675450849654,8.84298575818998,25.495919042651376
35.29,9.707757447243937,7.934274955705414,25.568286151039796
35.300000000000004,9.032904348340969,6.9678469372468115,25.50072303450965
35.31,8.264975470790166,5.971695281305264,25.296541378015156
35.32,7.431128210004047,4.978699964339549,24.971963621778976
35.33,6.5546298274669965,4.0144799325250125,24.54257993764891
35.34,5.659041672319548,3.0965478396298574,24.03037791156578
35.35,4.7672961045365305,2.2398969526030497,23.457067579937757
35.36,3.895687776938498,1.4492151327233738,22.84191898759988
35.37,3.0588508057643526,0.7263574682294625,22.204294048412333
35.38,2.265907195871713,0.068198719209567,21.558589572171297
35.39,1.5218544229774498,-0.5319434448275175,20.917374530697796
35.4,0.8282044382330804,-1.0825765361770276,20.290126819776052
35.410000000000004,0.1831092044886648,-1.5938611291388165,19.684059265550825
35.42,-0.41796964533808656,-2.0769118118392234,19.104674183526935
35.43,-0.9811393420084596,-2.5429064445832776,18.556209288743975
35.44,-1.5147189344077834,-3.0036815803031063,18.04202390205988
35.45,-2.027349210439703,-3.470601502050745,17.5653989862
35.46,-2.5295179319210064,-3.9555364139998965,17.12940363567537
35.47,-3.0304508742795813,-4.469411666007509,16.73849479568019
35.480000000000004,-3.5419536569741026,-5.024053421836003,16.396698057790562
35.49,-4.07383800992752,-5.630021270421169,16.111519439162237
35.5,-4.636972761971538,-6.298312225303032,15.890278053690785
35.51,-5.243159644319325,-7.038853411726435,15.743529889012807
35.52,-5.900336964775491,-7.858732956257409,15.686592521571193
35.53,-6.621271439065252,-8.768034133043288,15.733675178278439
35.54,-7.412667086002127,-9.765096528428824,15.906802618298231
35.550000000000004,-8.275266974445097,-10.84122691400023,16.232084886636514
35.56,-9.2129667448405,-11.988067940011657,16.736832922000705
35.57,-10.22000115682112,-13.17472189820652,17.44844106453469
35.58,-11.27926424360881,-14.35451811953566,18.39371133005043
35.59,-12.366702257701116,-15.46323984005064,19.593547245066837
35.6,-13.435675706908095,-16.40648947162035,21.048193873081733
35.61,-14.429711617656722,-17.075578820007014,22.74006366488019
35.62,-15.26518628097367,-17.3444275273345,24.599186915917993
35.63,-15.855260403979182,-17.097844842875194,26.53296027784009
35.64,-16.102465215550495,-16.251553743413634,28.390624008342908
35.65,-15.928008801963777,-14.781773867778018,30.0202022872182
35.660000000000004,-15.278523250648519,-12.74448907900293,31.25927702212494
35.67,-14.14757530500965,-10.262052446463517,32.01252033870156
35.68,-12.568596593131756,-7.502086061223274,32.23958533933632
35.69,-10.624451466961624,-4.651690673484438,31.983529594985367
35.7,-8.420971051572582,-1.868360097650504,31.346643047922957
35.71,-6.073601593132671,0.7299400090763529,30.46312160701016
35.72,-3.691689017002881,3.074453051170721,29.47464669192746
35.730000000000004,-1.3651589974977365,5.138172307687242,28.506047101690363
35.74,0.8402034763321189,6.921002815071163,27.65236008526081
35.75,2.878035285004712,8.433823832248681,26.981015119145383
35.76,4.72107962679262,9.689758467225166,26.528504146692235
35.77,6.351613645661862,10.69300816820431,26.305554498210068
35.78,7.758359076555761,11.442215971731649,26.303756402170844
35.79,8.932480260533541,11.924071885364762,26.49467987680245
35.800000000000004,9.857934108972307,12.12746247239002,26.829371739368284
35.81,10.519635999279227,12.034161343415064,27.255065638758712
35.82,10.911011638330555,11.640385968176641,27.70649047475228
35.83,11.028427054514534,10.969812492884126,28.115926038384657
35.84,10.868242257472993,10.040661122926783,28.42017093291478
35.85,10.447943637812518,8.900246402879908,28.577762608987843
35.86,9.787757149462688,7.603240123915485,28.555151450578062
35.87,8.923947319674129,6.211311295050011,28.34840631405574
35.88,7.899099122132597,4.788001415180598,27.96571751076472
35.89,6.758595530318119,3.382818616979284,27.43407714651889
35.9,5.549673356783766,2.0391767984234823,26.78748701664478
35.910000000000004,4.314081315883457,0.7823322179398329,26.064627751323613
35.92,3.0888455680566578,-0.3713702502957601,25.302379108910053
35.93,1.900894913770687,-1.4199401018013456,24.53337189735389
35.94,0.7710351603224772,-2.3663323381108894,23.784673353457478
35.95,-0.2911332622650673,-3.222164059539738,23.075931916202006
35.96,-1.2797050297243437,-3.9998968469193237,22.423000710389857
35.97,-2.1960790145957656,-4.713611722296827,21.83562936284871
35.980000000000004,-3.045237215908278,-5.3784110312688505,21.321046172847712
35.99,-3.834680721525052,-6.00652345404861,20.88363909267787
36.0,-4.571442347003258,-6.608557318265832,20.527901485505257
36.01,-5.2685739797455655,-7.19637245143287,20.254610124727712
36.02,-5.931984388085328,-7.773512748113134,20.067279780303206
36.03,-6.566248438516259,-8.342340043084057,19.970203548401003
36.04,-7.184327581140386,-8.908008943272902,19.963647674263957
36.050000000000004,-7.786204882794365,-9.463203218771985,20.04951525625761
36.06,-8.367808935816385,-9.997631909889915,20.2307485821146
36.07,-8.931852845275806,-10.50355188113115,20.50872512201385
36.08,-9.473140980797963,-10.964488810869241,20.878137187353982
36.09,-9.978248393535656,-11.358365675235714,21.33211718553012
36.1,-10.438373614982591,-11.663593983066885,21.865311420130695
36.11,-10.83629488720893,-11.856563094316044,22.457664539225398
36.12,-11.15062376958927,-11.912427675164425,23.084647314365057
36.13,-11.36241404891984,-11.80630583552362,23.724531470224832
36.14,-11.45470403359761,-11.530224282098729,24.34181896984853
36.15,-11.409019063993858,-11.07686180830506,24.898792647715187
36.160000000000004,-11.211209991318952,-10.444512889710943,25.365711629918298
36.17,-10.863621583638988,-9.660721191936558,25.71365672395808
36.18,-10.366124248285667,-8.7490069342176,25.91666524283335
36.19,-9.729602613912625,-7.739879625920835,25.967230668371474
36.2,-8.97526293417494,-6.675117305359826,25.863805818122067
36.21,-8.123383949998484,-5.586875425294655,25.61420829581499
36.22,-7.204988933003455,-4.5116935111624725,25.23830077889655
36.230000000000004,-6.245696699059428,-3.4750595775899673,24.75584720493029
36.24,-5.272584517824763,-2.4957246718551156,24.193313806857425
36.25,-4.3091762827930244,-1.5866759523496827,23.574450801631585
36.26,-3.372650551758132,-0.7507067865639778,22.92167955772948
36.27,-2.4778206441745176,0.012044791574285063,22.255293609438507
36.28,-1.6322999886546912,0.7077914312171182,21.590493396714233
36.29,-0.840484214695426,1.3449650077578434,20.94036408587047
36.300000000000004,-0.10190020821976861,1.9344427136170654,20.314243362766966
36.31,0.5869639032311802,2.488309169948222,19.719504800365744
36.32,1.2320163174155179,3.0188225474816717,19.161681263867496
36.33,1.8415460803115526,3.538939575760766,18.645148162503443
36.34,2.424555820443329,4.060808984023898,18.174135095150717
36.35,2.9918967948986337,4.597033623935001,17.752212080267718
36.36,3.5539706659501213,5.1589241224539135,17.38453840703221
36.37,4.121182455453535,5.757492630654429,17.076635224968125
36.38,4.706016351995168,6.403534181899862,16.834990062796038
36.39,5.316407054358637,7.1044760422966595,16.670412236610584
36.4,5.9648965337258675,7.8703668359548145,16.592039725672397
36.410000000000004,6.660030842786574,8.703929761967224,16.614498966883453
36.42,7.404394763472171,9.602159860816544,16.7565133312753
36.43,8.204245846956894,10.563672347718146,17.036902717499483
36.44,9.061013193845579,11.573454909031927,17.475499394111
36.45,9.964693826633233,12.602985629813764,18.093010605529265
36.46,10.907024685724323,13.619249196103075,18.911157145457796
36.47,11.859173223434013,14.561358609103689,19.936014267009494
36.480000000000004,12.790464434406736,15.360836110243534,21.174973602846922
36.49,13.647887855509941,15.92927547427011,22.596879365460108
36.5,14.369160122931396,16.16893820173904,24.157772805405074
36.51,14.885970974552563,15.997240530845563,25.776771159966955
36.52,15.120803452926213,15.3399835783794,27.345522125642212
36.53,15.014717740563647,14.182442777521716,28.744849748394294
36.54,14.518969089911446,12.549234117304302,29.848149502601284
36.550000000000004,13.626256646548548,10.528250388436724,30.574375523978674
36.56,12.353456244097208,8.238222015154685,30.87460572961945
36.57,10.759813887840746,5.822641022117924,30.76502040119523
36.58,8.920723786686228,3.408360733791884,30.304518499297306
36.59,6.928180469673846,1.1034620819383676,29.58618494818528
36.6,4.870672618809175,-1.024923900264247,28.716264874781558
36.61,2.824918001246787,-2.941502274546007,27.794767293917747
36.62,0.8531093562250849,-4.635832304879203,26.908303672195736
36.63,-1.0040186970536733,-6.117798603055311,26.120459230647796
36.64,-2.71872771483803,-7.400308023157422,25.47597579991117
36.65,-4.2775454791446,-8.499655114902776,25.001102586123533
36.660000000000004,-5.673833499079885,-9.424263204448724,24.7046756393729
36.67,-6.9047697430037225,-10.179210139768795,24.585435525455004
36.68,-7.972378748252035,-10.761426734029659,24.63027141012688
36.69,-8.867914403852858,-11.160629748280202,24.81331760111064
36.7,-9.582757584748618,-11.364664499482672,25.107154532441893
36.71,-10.115195020321984,-11.360065290282266,25.473045888455722
36.72,-10.45716313280432,-11.14728005882905,25.8654290039
36.730000000000004,-10.599483345839422,-10.726183817762013,26.238415692512508
36.74,-10.54070504790211,-10.10301781025752,26.549663112863712
36.75,-10.290190161660078,-9.309726025733381,26.76406518047208
36.76,-9.85430093335109,-8.373131406693249,26.850168683500765
36.77,-9.254408095930827,-7.333735712551241,26.796677428591643
36.78,-8.514602709119512,-6.234383942416541,26.59755738579146
36.79,-7.663944554395998,-5.112764412907705,26.262707008860822
36.800000000000004,-6.736758473546116,-4.007698994352313,25.809662723987046
36.81,-5.762568287277029,-2.944258092145107,25.25999837856785
36.82,-4.772536341660261,-1.9437276368658367,24.640372140214712
36.83,-3.79047310403958,-1.01624277953658,23.97422382228804
36.84,-2.8366966565053833,-0.16563152234894607,23.285329633042902
36.85,-1.9252897563456541,0.6099709882207507,22.592234702173798
36.86,-1.0645853827088592,1.3176749086794026,21.910816867849395
36.87,-0.2584047977120101,1.9668417781154324,21.253007024746196
36.88,0.49390522969656403,2.569209632266662,20.628003769025995
36.89,1.1965962437129323,3.137306754926092,20.04241393015564
36.9,1.8557195361790673,3.683677481123604,19.50167209721625
36.910000000000004,2.48046725726529,4.221511765356577,19.009696043029944
36.92,3.079370513944201,4.762265117008944,18.571040094613025
36.93,3.664041753731397,5.318439839290015,18.189010250870144
36.94,4.244176797916127,5.89984899936396,17.869358747951114
36.95,4.829405809826671,6.5160153657297615,17.618199980693838
36.96,5.432492409913763,7.176389032761399,17.441619738452335
36.97,6.059155025367405,7.884247487441507,17.35114887007047
36.980000000000004,6.717300169592038,8.64439408148425,17.357982954348035
36.99,7.417364206488411,9.458850368033758,17.473748893127745
37.0,8.156798604919105,10.31537329722156,17.714642804310955
37.01,8.933417119629429,11.201629689346051,18.097395209314875
37.02,9.747127168086525,12.099968629717662,18.637435542356027
37.03,10.580658059909904,12.971714624296506,19.34375484022458
37.04,11.4173203795431,13.775368481445954,20.22726809248306
37.050000000000004,12.225222803866671,14.451278376042435,21.278858873638253
37.06,12.964834814496516,14.930259785135192,22.482656826966466
37.07,13.587948489029614,15.142045366094765,23.79696226918857
37.08,14.035565459736338,15.015147471363564,25.156010663130854
37.09,14.253246038256881,14.499248293775123,26.48374830630358
37.1,14.187773733506978,13.573819475437002,27.67659951687897
37.11,13.799532500995747,12.245076484767228,28.649830614251943
37.12,13.086914761396942,10.592987959820386,29.32338442628669
37.13,12.05318903005934,8.69132874796152,29.653645681095956
37.14,10.741328740833918,6.65157055495092,29.640332508740507
37.15,9.20571031263345,4.573040146327254,29.316480482122483
37.160000000000004,7.518212416373411,2.5497602116485423,28.74391072206421
37.17,5.7493190511714145,0.6439031955962911,27.999920853723875
37.18,3.964373235501026,-1.1043215762360479,27.162607249312103
37.19,2.2178503096617614,-2.679348810523793,26.304511390115866
37.2,0.5485434499544372,-4.082876926910217,25.483068421195245
37.21,-1.0161556040984017,-5.325507135691372,24.743691990830836
37.22,-2.4636363819836693,-6.424171590329248,24.115394696699962
37.230000000000004,-3.788077388597885,-7.394650262631433,23.617943922227667
37.24,-4.989796519875861,-8.24901455135828,23.25997863827478
37.25,-6.077546400505425,-8.999737964620177,23.04449607595988
37.26,-7.052721139383761,-9.645496627838643,22.96535685831999
37.27,-7.910542509142747,-10.179996414868201,23.015453880970604
37.28,-8.650916448237691,-10.597189880382382,23.18529379311754
37.29,-9.279506612823269,-10.8883912739043,23.45216934390391
37.300000000000004,-9.785983258512642,-11.040998357164472,23.79077618888005
37.31,-10.160581667063278,-11.04066144486406,24.175522316245036
37.32,-10.399042922463217,-10.87773188003137,24.575592531702963
37.33,-10.494993503939344,-10.556439219561796,24.95683661957371
37.34,-10.441214710064422,-10.079567424040052,25.285360987686097
37.35,-10.236726863094372,-9.455507196489592,25.534140295341583
37.36,-9.891319082727264,-8.712495244046549,25.68227082506775
37.37,-9.41059286724336,-7.872567368489725,25.710238675504794
37.38,-8.812344796859149,-6.9661846216226975,25.615404729726944
37.39,-8.120304997360563,-6.029547564952829,25.400280573866276
37.4,-7.353724039845824,-5.087781449636974,25.071505709605493
37.410000000000004,-6.5391901232607434,-4.167040241705389,24.646756679640873
37.42,-5.699976247996888,-3.287796388195308,24.142198278475934
37.43,-4.856721309272606,-2.461722441759568,23.577479197658743
37.44,-4.029230063505555,-1.6984148576091544,22.97175559067959
37.45,-3.230295350808664,-0.9989339526258836,22.34064308706001
37.46,-2.470333829696575,-0.3615178103647771,21.699553693616856
37.47,-1.7557171329765358,0.21853721132879456,21.05989947593433
37.480000000000004,-1.0887316160562301,0.7488627758258097,20.43096289785237
37.49,-0.4685996634393783,1.2384679568460069,19.81974242981438
37.5,0.10797865182427568,1.6974036957441736,19.231632900055068
37.51,0.6465739154900356,2.136243844605777,18.67055952744825
37.52,1.1539043787057808,2.5657191837991222,18.139787828656633
37.53,1.6382888609852069,2.9968214243566575,17.6420782797275
37.54,2.1088479839784418,3.4405865595923664,17.179997191655122
37.550000000000004,2.5750206143705308,3.907927476804656,16.756945095464005
37.56,3.046554298435531,4.409739801923291,16.376512944935776
37.57,3.5344324744008486,4.9573201233365145,16.04372649635725
37.58,4.047888775391808,5.561232232097952,15.765673489279378
37.59,4.599171922662911,6.232915884314576,15.549393204486957
37.6,5.197737049829742,6.981689662995877,15.407836687600257
37.61,5.853916130247146,7.8175745331527,15.354116756125677
37.62,6.579419845101772,8.747806188567113,15.405007998335474
37.63,7.378972823362648,9.77096872734899,15.585216762491118
37.64,8.258928667587105,10.886400091177194,15.920248865049789
37.65,9.222928577964176,12.080684300889756,16.439296790856737
37.660000000000004,10.260727394649633,13.320113412462998,17.17334733162059
37.67,11.362864275077625,14.564779041452196,18.15602753521264
37.68,12.495782491006024,15.737231395481444,19.404299643579126
37.69,13.619274991598118,16.74535592105518,20.931332142588044
37.7,14.665026528430381,17.466074376932127,22.70624020328383
37.71,15.553185636023626,17.76435579657436,24.677877373920097
37.72,16.18204578403908,17.51557196357322,26.722944556894277
37.730000000000004,16.450456766456107,16.620995435940387,28.70011086458355
37.74,16.26871928065114,15.061060735776131,30.420686567322676
37.75,15.580494245418887,12.888187770226997,31.73037430500086
37.76,14.37652756666339,10.246264232305881,32.5070554192895
37.77,12.701061234020637,7.322669314503505,32.723749064938985
37.78,10.638683569661962,4.3134125303478985,32.42839067867029
37.79,8.309241566697137,1.3956125730614595,31.738556391543288
37.800000000000004,5.838322235993712,-1.310363062411505,30.806776798083927
37.81,3.3411165616132656,-3.7361298541089707,29.786160285119827
37.82,0.912877889637587,-5.855425980285417,28.809806596149905
37.83,-1.3754849774069058,-7.668993035469504,27.97975677168183
37.84,-3.4783173322287793,-9.189455890423499,27.35994899009691
37.85,-5.36467317356292,-10.425269333804827,26.984048184068495
37.86,-7.016385234241787,-11.377965408100225,26.860101006877116
37.87,-8.417176952483945,-12.037674364013267,26.962770444457565
37.88,-9.549888914473074,-12.391150182882088,27.253322607582003
37.89,-10.40180171182755,-12.414431881593192,27.676914330711185
37.9,-10.959299679020017,-12.11128480992836,28.157864721986133
37.910000000000004,-11.208270214073213,-11.486421624944287,28.61911799404631
37.92,-11.148273196554168,-10.558186502111312,28.991405041001478
37.93,-10.793796026493403,-9.380995491101643,29.215539596455315
37.94,-10.162199188602163,-8.00803907305411,29.250729876420266
37.95,-9.293159129089068,-6.515322901255764,29.08299099188088
37.96,-8.228936028316143,-4.968930336863939,28.718623792204934
37.97,-7.025082308765828,-3.4360962583094503,28.185784365655234
37.980000000000004,-5.732324824576185,-1.9634081079791017,27.52240987170252
37.99,-4.401944719614864,-0.5872427724407656,26.773165483535816
38.0,-3.075240185881249,0.6757238316540092,25.980950109019716
38.01,-1.7869620513043927,1.8179238081522937,25.184416484753623
38.02,-0.559490236866349,2.844905467616499,24.41431255046469
38.03,0.5914417069726072,3.7655346058774573,23.69475901248674
38.04,1.6603167707158597,4.5943487470348705,23.04197541980306
38.050000000000004,2.6460654032880777,5.345713177356833,22.467487947681683
38.06,3.5524509895002185,6.033130882001935,21.978002584680915
38.07,4.387654161879726,6.670953026418035,21.57700862560082
38.08,5.1589209531910125,7.267541938253037,21.26615641970247
38.09,5.871403915247737,7.828846953988275,21.047868376931646
38.1,6.540556111641014,8.36487022159404,20.919422239893006
38.11,7.169474902324488,8.87311477257443,20.879414572150257
38.12,7.754952569437002,9.34657350590391,20.928301777070605
38.13,8.295469558472957,9.77894792833573,21.06599241295908
38.14,8.799170371240576,10.166138755064935,21.285230488052413
38.15,9.259399894942282,10.494530941098423,21.576397439695285
38.160000000000004,9.666846602970542,10.74882872824823,21.930624385994907
38.17,10.016711607112528,10.914602474682848,22.33751126871202
38.18,10.29685683544652,10.978440305371645,22.77702329999816
38.19,10.493313724015154,10.926317378867338,23.22810977168804
38.2,10.594164610921393,10.743596111205514,23.67181285419328
38.21,10.591988327079864,10.432305286979494,24.08278982027904
38.22,10.479598883552425,9.997098152465123,24.43433215052476
38.230000000000004,10.249214710004779,9.439358696614455,24.705162055404475
38.24,9.906472987658457,8.779378949894552,24.881147358249386
38.25,9.458413370215938,8.040301585649878,24.948302318999307
38.26,8.911778201950135,7.240454255495676,24.900368697948537
38.27,8.2867266292582,6.409634023349849,24.742383571802442
38.28,7.600717192865271,5.573509087683085,24.478988680071026
38.29,6.871320385950888,4.750365746494626,24.121883471402494
38.300000000000004,6.120319796427065,3.960286117303638,23.687316058717364
38.31,5.3647337838553,3.215676976764759,23.189196978250585
38.32,4.620350244586544,2.5240270366355015,22.644359088913813
38.33,3.901590256019126,1.8909858110077558,22.0677633367701
38.34,3.2167511611418167,1.3155090422852165,21.47125985313277
38.35,2.5726293229334574,0.7950117709267056,20.86663974322436
38.36,1.9731313055735198,0.32498813906725954,20.262589753739444
38.37,1.4187783742025117,-0.10120843301755006,19.66568063117614
38.38,0.9080814559583056,-0.4911196701824675,19.081214406860088
38.39,0.4376875146962525,-0.8528774746339067,18.512963545313138
38.4,0.002549140858332688,-1.1951298718054415,17.96372770334195
38.410000000000004,-0.4032706828061382,-1.5265925151968904,17.435619122065027
38.42,-0.7866417383647742,-1.8561514331199016,16.930331035837618
38.43,-1.1550547313317159,-2.192807153024876,16.449361330350573
38.44,-1.5163336353175825,-2.5457343086831212,15.994438921166685
38.45,-1.8791560384228765,-2.92445959203035,15.56731038214729
38.46,-2.2519043223748207,-3.3388966693216644,15.170906311855495
38.47,-2.6439237685828596,-3.799327199068628,14.80815675895854
38.480000000000004,-3.0649877885581267,-4.31715783711884,14.484304604004869
38.49,-3.5247897214596278,-4.90402209821782,14.205290769660527
38.5,-4.034853734344603,-5.572483918245156,13.979511912733686
38.51,-4.605966572389784,-6.335809163853531,13.819376642068937
38.52,-5.250692439780605,-7.2072365007071255,13.737691335101042
38.53,-5.980733566020756,-8.197779478133747,13.756678421575812
38.54,-6.808194092733307,-9.318939170245338,13.900627040512544
38.550000000000004,-7.745187765433727,-10.575706378072141,14.200367802835764
38.56,-8.794832520618488,-11.956566522731347,14.697952200461184
38.57,-9.961446215172222,-13.448359713223448,15.438365673912903
38.58,-11.235907100202075,-15.00449627678339,16.4700440966294
38.59,-12.594213290872357,-16.551589936545323,17.84082976931778
38.6,-13.992972406928228,-17.97683224299942,19.583014325351463
38.61,-15.361719229643901,-19.124033143352097,21.70440034918634
38.62,-16.595355202512838,-19.80242696120705,24.145231257658256
38.63,-17.562599872697866,-19.802622790971967,26.79284828782826
38.64,-18.11397159040903,-18.96260719202556,29.43328498301443
38.65,-18.106083708885794,-17.189711097657536,31.81966682342544
38.660000000000004,-17.435080996499373,-14.54288754200599,33.676681556203455
38.67,-16.069257793888273,-11.209895718689692,34.8225576740756
38.68,-14.051224063116253,-7.468551196944577,35.18848859674078
38.69,-11.501644148261947,-3.625923854867695,34.85125610707642
38.7,-8.592632371745434,0.05702318502434922,34.00254001963451
38.71,-5.504930136260141,3.407937122216932,32.88280611196809
38.72,-2.405192414352247,6.335893990719979,31.728530712335665
38.730000000000004,0.5736548639290995,8.812428177403932,30.730401808022943
38.74,3.333054615488444,10.835846491747615,30.020256430712173
38.75,5.805012876389538,12.408212091642696,29.666558657783327
38.76,7.93997360871084,13.517335239490773,29.678950163295063
38.77,9.69647412623597,14.13393825819826,30.017157112472496
38.78,11.035007662120002,14.233384525641268,30.58953688405975
38.79,11.918144355589542,13.781051326652381,31.28402435394345
38.800000000000004,12.327968685007924,12.809977425459529,31.959871146141776
38.81,12.248734246659783,11.356608497737058,32.484697095664586
38.82,11.703768046241972,9.51996078472064,32.76245451528733
38.83,10.731015492051228,7.4160519100883615,32.733034512115026
38.84,9.402268953387823,5.184221746149301,32.39167382170975
38.85,7.804418474361241,2.948039807008482,31.780516015491198
38.86,6.031809498393097,0.8101278702080674,30.970235750471623
38.87,4.177430078435515,-1.1598081496007384,30.04796171654193
38.88,2.320590482692581,-2.9244866354802106,29.09685411946056
38.89,0.5252425534874385,-4.46955730897551,28.187563121599496
38.9,-1.161589406675929,-5.797524680378434,27.373958540916558
38.910000000000004,-2.710601929131032,-6.920057644587867,26.689234756642186
38.92,-4.10311108371619,-7.849232692466414,26.151383660958675
38.93,-5.331002733924531,-8.59743606910532,25.764172640679526
38.94,-6.391079563996451,-9.17117244041026,25.51860838029678
38.95,-7.280890024916781,-9.575967643854545,25.397161541165655
38.96,-8.000992786396067,-9.813569881601113,25.378666427878578
38.97,-8.55469775399327,-9.884359590447897,25.43283164997758
38.980000000000004,-8.9411758167783,-9.795419996087555,25.529910070163453
38.99,-9.159848249259124,-9.553269516995071,25.639570975893353
39.0,-9.216611043058803,-9.16459617364517,25.728987752085068
39.01,-9.122654108942106,-8.650566295365003,25.774320274175604
39.02,-8.887412675845647,-8.03181772424931,25.752371582767488
39.03,-8.523338187596181,-7.328897900623588,25.647976930881132
39.04,-8.052126076222448,-6.572647858155018,25.457557524258913
39.050000000000004,-7.491870613325923,-5.788327643487208,25.176921543783177
39.06,-6.8637613938220845,-4.998081978920206,24.812840145775326
39.07,-6.191263582974301,-4.225006369902332,24.375638854228416
39.08,-5.493507310491684,-3.483965395526476,23.875846645387615
39.09,-4.789855322527368,-2.786798712118372,23.328663060777792
39.1,-4.096777337610879,-2.1416889219692794,22.746632194913772
39.11,-3.425659485102739,-1.5502317198672777,22.142184871111795
39.12,-2.786948235982881,-1.0129872221187917,21.52714910281626
39.13,-2.186142330631574,-0.5266459426990336,20.909728803140126
39.14,-1.6261272343177389,-0.08593436928651371,20.297496636319003
39.15,-1.1076671369108655,0.31539455310540343,19.696187759074714
39.160000000000004,-0.6289797476561836,0.6847490723222565,19.1099411086178
39.17,-0.18650381632436813,1.030112224905564,18.541847697150715
39.18,0.22474758418470464,1.3598432655894306,17.99419931324334
39.19,0.6105078428627878,1.682304175726188,17.468769053547515
39.2,0.9776197403543124,2.0061912061830007,16.967020079112455
39.21,1.3334982958639494,2.340298028962685,16.49030302651829
39.22,1.6856746229124977,2.6935615355219538,16.04040014370391
39.230000000000004,2.0425107018364477,3.075255373170719,15.619084809856515
39.24,2.412499580172483,3.4952750682743585,15.229424684431635
39.25,2.8043556073205402,3.963681859893149,14.87475185992189
39.26,3.2281736307929307,4.49173608075932,14.560215806889328
39.27,3.6932721975327754,5.091103916673749,14.292879046331826
39.28,4.210977788831735,5.773943452564246,14.080639320219
39.29,4.792174779018195,6.5530108072631705,13.937272997802198
39.300000000000004,5.4486416330197684,7.4414604903896375,13.87671138274838
39.31,6.192439435942965,8.449409961123393,13.920210229060041
39.32,7.0333910885868125,9.584115981607136,14.095733550193483
39.33,7.9840180050176,10.85242435550973,14.433543479853595
39.34,9.046656481419964,12.238996496745877,14.975045138792641
39.35,10.220595952530811,13.72199276144651,15.76568867262261
39.36,11.496879884598918,15.254765029303643,16.85334026985244
39.37,12.844486913831032,16.752713964971452,18.27941887348342
39.38,14.217936459025559,18.1002218172793,20.072596773539836
39.39,15.53886345694415,19.134209932617974,22.225092489208755
39.4,16.701444766594932,19.667664177408355,24.669770405845703
39.410000000000004,17.570720376396075,19.49968200937685,27.27495562762291
39.42,18.003449997759876,18.490485487034544,29.823073651747773
39.43,17.86239470488278,16.568125908257155,32.06813845723552
39.44,17.065142408220666,13.829826380211946,33.75376633821742
39.45,15.592066766408124,10.46975937150148,34.72500675319807
39.46,13.501326637506299,6.768785440840734,34.94190589525088
39.47,10.92172551787213,3.0193445450536593,34.50211130560924
39.480000000000004,8.024013781017771,-0.5417088441323248,33.60287986847827
39.49,4.981707117764816,-3.761726232913117,32.47734557932222
39.5,1.9520150631411903,-6.564439835560718,31.348600552858912
39.51,-0.9427312276192705,-8.92988303625088,30.3914439389527
39.52,-3.612758101923436,-10.858720183492078,29.72382827396236
39.53,-5.996228539677864,-12.352755528832947,29.40478435245753
39.54,-8.04839153457632,-13.400122156921153,29.437947108226282
39.550000000000004,-9.731122121528301,-13.972422579095788,29.780337989706197
39.56,-11.007474484754091,-14.047184333308328,30.341848597302565
39.57,-11.842524260047615,-13.591426740615427,31.01449354895609
39.58,-12.220955574079555,-12.638770102723118,31.6647054610723
39.59,-12.128949966788172,-11.226084859180448,32.1661264908962
39.6,-11.589174778065216,-9.446192360988219,32.42891752496385
39.61,-10.63666064810768,-7.408292016736988,32.39438966899287
39.62,-9.345199001506424,-5.248268024507221,32.06176541291902
39.63,-7.7934412590413835,-3.0805293733111747,31.466712284009585
39.64,-6.073375059923154,-1.0045032860579037,30.67713558127206
39.65,-4.2721830377609376,0.9149667040723164,29.77448304414536
39.660000000000004,-2.465876199873736,2.640487016833179,28.837402016633916
39.67,-0.7166722024598626,4.157278083180254,27.93456392702048
39.68,0.9321070622536274,5.469557249822395,27.116948816381814
39.69,2.45085846725244,6.586915826842469,26.418702582379375
39.7,3.82242808714833,7.523203123172473,25.859231304607384
39.71,5.0391326185147784,8.290145462902844,25.442580085255443
39.72,6.099902733272568,8.897834053299844,25.16531338970634
39.730000000000004,7.0044779237248465,9.349997712123667,25.011804036819765
39.74,7.750501214966142,9.649707926344655,24.963443417802488
39.75,8.338962589065797,9.797319001140318,24.998083799000817
39.76,8.77524309015191,9.793362798338139,25.085611875010905
39.77,9.059556151113256,9.645549663915984,25.19873021661311
39.78,9.192115299009645,9.361286978056134,25.30986470612756
39.79,9.178272824300446,8.94749437123267,25.389914175660387
39.800000000000004,9.029500337307013,8.424518897838036,25.419199329673095
39.81,8.756120261875802,7.813223373265149,25.379168534171903
39.82,8.36967820734155,7.132301814862192,25.257347640149092
39.83,7.890635858864198,6.409424654258751,25.052922049530267
39.84,7.336754930700864,5.66826644253053,24.764228101279674
39.85,6.726740984206585,4.927658536885689,24.397772593710805
39.86,6.082111790528352,4.207702626133986,23.964508340966255
39.87,5.420280785689629,3.5217335989305987,23.47402553253978
39.88,4.7577910979833025,2.8790068969429035,22.94009928644685
39.89,4.1098014664916995,2.286962695151259,22.374670362857106
39.9,3.4859828792707517,1.7466600942305839,21.788189967312555
39.910000000000004,2.894803019481862,1.2577864210866416,21.191368074935717
39.92,2.341789320825149,0.8178996210334288,20.591901468835804
39.93,1.8288136250627136,0.422038872555768,19.99591667582404
39.94,1.356652297837316,0.06471044676740506,19.408853791910055
39.95,0.9235432490043597,-0.26060073153648666,18.834210106086758
39.96,0.5262995506279091,-0.5608877455002654,18.27473001760762
39.97,0.1606531936355337,-0.8433179735883256,17.73234743652446
39.980000000000004,-0.1786354706684035,-1.1152319225294904,17.20844280985755
39.99,-0.49737771080427995,-1.3840220703315849,16.704081421459087
40.0,-0.8018081290567727,-1.6571622896873561,16.22019375344956
40.01,-1.0988433797689354,-1.942414458654469,15.757663380128044
40.02,-1.3951927625756995,-2.247621435625285,15.317683902690241
40.03,-1.6986098466552555,-2.5812710823844838,14.901634726262142
40.04,-2.0163528474480157,-2.9522682638358657,14.51177534023915
40.050000000000004,-2.3570493648160857,-3.3702158140458396,14.150597343998484
40.06,-2.7292808969797178,-3.846102071396272,13.822639121698591
40.07,-3.1424579300598627,-4.391085987014229,13.53249330142429
40.08,-3.6072732947774524,-5.018431855688568,13.288465332247158
40.09,-4.134564231157474,-5.742054781455131,13.100083023535756
40.1,-4.736803815958286,-6.57608964169785,12.980621669047496
40.11,-5.426782302967219,-7.535833947060525,12.94972626792395
40.12,-6.218551329176628,-8.635940280915708,13.028246265178087
40.13,-7.1241276493621655,-9.884031051911368,13.250453368743564
40.14,-8.15551183394403,-11.286621836476689,13.654819715846223
40.15,-9.321140405122781,-12.835031184602613,14.289000221167031
40.160000000000004,-10.616679388816715,-14.495250277543809,15.209603392349583
40.17,-12.034407964121407,-16.21674363558313,16.47834527350496
40.18,-13.535292529607348,-17.891088332899642,18.144954783752354
40.19,-15.064174085171052,-19.374411557639753,20.247057598578955
40.2,-16.522024079643664,-20.459733226355354,22.7673277475771
40.21,-17.77692456354435,-20.913163328175095,25.614720502569423
40.22,-18.660942729846642,-20.491917317842432,28.6081366778497
40.230000000000004,-18.998802601739452,-19.042346205674853,31.460601651586863
40.24,-18.63745192746016,-16.528623254280788,33.86207708898575
40.25,-17.49307103841225,-13.113806534185017,35.51884685535343
40.26,-15.577660910856359,-9.094720952976207,36.29205132429256
40.27,-12.995222465542573,-4.833214627405558,36.208216846879964
40.28,-9.92573610766945,-0.6669695765494827,35.45443889863252
40.29,-6.582846631997779,3.1590723067577695,34.311621789195016
40.300000000000004,-3.170275452588254,6.510170671708218,33.07353528873925
40.31,0.1421802627392118,9.334198962786704,31.987279299112174
40.32,3.2262911423685567,11.62158264354289,31.226982741525756
40.33,5.991371700185277,13.368638699737158,30.8839181055893
40.34,8.369219895318874,14.554332902626783,30.97281685152536
40.35,10.302292773708572,15.138346944056282,31.439792103517078
40.36,11.73645907100903,15.084735109056663,32.16583956959484
40.37,12.624100945705774,14.363094805347387,33.00031007561966
40.38,12.940455062222508,13.021576299689753,33.76192126057653
40.39,12.674996493181684,11.126659709021563,34.29688031105087
40.4,11.861916811945658,8.822426877646697,34.494172415989546
40.410000000000004,10.567398582841209,6.274962581315598,34.312889517630346
40.42,8.88724725262072,3.6556657527866374,33.77634326980697
40.43,6.940923116679706,1.1162888973845377,32.9657810347759
40.44,4.847391732915613,-1.2372239133205323,31.99038403605691
40.45,2.715546625019894,-3.339862481892075,30.962562290497367
40.46,0.6360225731135217,-5.1621459084061385,29.980670812341533
40.47,-1.3224324663825802,-6.699316833490017,29.119080920907933
40.480000000000004,-3.1134561981645117,-7.959609945631252,28.42287922650082
40.49,-4.705850933628713,-8.952790297055014,27.912731805712333
40.5,-6.080348563256322,-9.68658223358326,27.588783380469913
40.51,-7.226639335191511,-10.167577451646059,27.428116624592597
40.52,-8.137076705117154,-10.39994916731872,27.3998446859749
40.53,-8.80834712474842,-10.38458132600364,27.46115891704156
40.54,-9.24136900214379,-10.138174813098587,27.56526322909145
40.550000000000004,-9.436839744953813,-9.673493966906795,27.66374916974813
40.56,-9.40559903892948,-9.013907365612448,27.714933978644243
40.57,-9.164181440012898,-8.196301023676977,27.683980936128332
40.58,-8.729846217372257,-7.254003281072318,27.54534141349818
40.59,-8.134847787419758,-6.234510584092003,27.29209095077693
40.6,-7.407072288416863,-5.176786455322748,26.920833228953896
40.61,-6.5817189570598424,-4.117691579636636,26.4452273585881
40.62,-5.691954870729071,-3.0887817336326187,25.880737334900132
40.63,-4.7686111437044145,-2.1106911705123674,25.249560912310454
40.64,-3.8401175682730435,-1.1994208793758208,24.573473785324303
40.65,-2.9272922068345575,-0.3597738898417966,23.87313698478527
40.660000000000004,-2.0482294466358097,0.40652193873422227,23.167516565781227
40.67,-1.2127384140578221,1.1048389211924834,22.47091292192854
40.68,-0.4275329784786125,1.7427499069744834,21.7958517187149
40.69,0.3063358856133942,2.330430684675674,21.150845343804026
40.7,0.99081449110987,2.879457689843209,20.54278270460733
40.71,1.6311477021692704,3.4016629490950625,19.976398470848373
40.72,2.2338301252773634,3.908941548178514,19.455799060224255
40.730000000000004,2.808289008838533,4.4135130409951975,18.983934901909322
40.74,3.362545162811162,4.925771290913067,18.56487531428979
40.75,3.908152172300224,5.457428378910937,18.201323794568484
40.76,4.453954349277088,6.017178229528989,17.89896704273704
40.77,5.008746115909113,6.6135449587403645,17.663811931673134
40.78,5.584999723836338,7.255519002492291,17.50149551608529
40.79,6.187668946262448,7.945298128705077,17.423374570664432
40.800000000000004,6.82231273267572,8.68551356894043,17.440999107289425
40.81,7.499408017609804,9.478874529039095,17.565468944690615
40.82,8.216783519060801,10.313120906464185,17.811715248535982
40.83,8.971095646995112,11.17461329253722,18.195502182814234
40.84,9.761509112121306,12.045986761754587,18.73208096915634
40.85,10.570615226504382,12.889087381500492,19.42920699528329
40.86,11.380841380969947,13.662757594614193,20.29620244857152
40.87,12.16193622302297,14.310247206063828,21.32447353907034
40.88,12.87428106799993,14.764622346455612,22.495880076095233
40.89,13.472201257831157,14.958838470200641,23.772144081148596
40.9,13.898865746625049,14.82667338754283,25.087206946309447
40.910000000000004,14.101563573744588,14.31795719615963,26.37022805157065
40.92,14.032677073343171,13.419850674251794,27.521871053946015
40.93,13.653255267676418,12.136144935023495,28.460379977926443
40.94,12.960023977767957,10.538224245331508,29.112027330350585
40.95,11.957078874271495,8.697615111257598,29.43495569453256
40.96,10.685316277245377,6.721256281522028,29.42635884303611
40.97,9.196368522461082,4.703494821787943,29.116718226613713
40.980000000000004,7.558883993338353,2.7349569156141023,28.56352638530463
40.99,5.840101685324916,0.8757616573032444,27.839506992747797
41.0,4.103031869279413,-0.8341078916535061,27.01883483934626
41.01,2.400227892343652,-2.378887336732534,26.170955542199152
41.02,0.769600548555481,-3.7591764869150435,25.351397799328954
41.03,-0.762043847946541,-4.985232628527061,24.6047901466287
41.04,-2.1822256214085214,-6.073303377598577,23.959857696734762
41.050000000000004,-3.4853669578882824,-7.0400556512425965,23.43717937037783
41.06,-4.672174385023125,-7.8980133519199125,23.04620071445388
41.07,-5.750020861185695,-8.660476140881174,22.791771107489655
41.08,-6.724271845146043,-9.330034239163837,22.67006942678466
41.09,-7.591466484867724,-9.901445287631379,22.676201346134253
41.1,-8.351285588670352,-10.369885256430928,22.80382712645147
41.11,-9.011127618152036,-10.728365343736387,23.034908733799508
41.12,-9.562143050973562,-10.963427430468716,23.348014767826303
41.13,-9.995219367316922,-11.060198737840844,23.721723304167316
41.14,-10.30620015994961,-11.00656576827224,24.128788851991295
41.15,-10.486092379938404,-10.800290864993588,24.536642702949294
41.160000000000004,-10.524839604884347,-10.437409978329066,24.91274027101884
41.17,-10.41819519455503,-9.92024804510142,25.228609570603755
41.18,-10.171354583914873,-9.271773066878087,25.459245916095334
41.19,-9.787231458041376,-8.511307919595678,25.581039122964718
41.2,-9.276720440140416,-7.663238984472024,25.58425715372275
41.21,-8.659397639861389,-6.762123290001922,25.46550544816972
41.22,-7.951975775423172,-5.834091623921633,25.22633417373499
41.230000000000004,-7.180589626635577,-4.9089472856297265,24.880779582216498
41.24,-6.3680481508023234,-4.010657508887707,24.44201312632826
41.25,-5.536305388995448,-3.1550161630322817,23.92884540009343
41.26,-4.707187753818075,-2.3560214663229146,23.360541725664593
41.27,-3.89616097481788,-1.618486962432584,22.753722029181493
41.28,-3.1167612734518078,-0.9440912552000678,22.125549110286155
41.29,-2.3782179916162987,-0.3307471117451397,21.489014506974023
41.300000000000004,-1.6850547735414194,0.22759678808545658,20.855031364828786
41.31,-1.039389695576741,0.7382736553520342,20.23245685763322
41.32,-0.43974937187256047,1.210377247552953,19.62760481169207
41.33,0.11763450278800602,1.6538977742500123,19.045469462317307
41.34,0.6382033187336806,2.079058998486214,18.489749130807187
41.35,1.1293354206802158,2.49667463072771,17.963351186261786
41.36,1.598857369179198,2.9172810515679,17.46894488532489
41.37,2.056215150440785,3.3519198605910363,17.00902564746962
41.38,2.510148106229219,3.811093602774396,16.58685383790667
41.39,2.971506284053568,4.306124733562523,16.205733571564206
41.4,3.4494362689095426,4.847682839715917,15.871396700391191
41.410000000000004,3.955274668209279,5.447200363531905,15.589031798684916
41.42,4.499517963526956,6.11548727803291,15.368228173963804
41.43,5.09202120349331,6.863192731781827,15.219889111770888
41.44,5.74532053221862,7.700707557982227,15.156544098788055
41.45,6.4673218358175335,8.633176366575256,15.198808272366628
41.46,7.2672545119134195,9.6666948907133,15.367937806379151
41.47,8.153801686724325,10.79941071996176,15.689961745112058
41.480000000000004,9.124171082829529,12.01244901084449,16.196883861374374
41.49,10.177497913559332,13.2857664534388,16.92313144422662
41.5,11.298931228456937,14.569802878088932,17.89960581970081
41.51,12.460954207508342,15.794957199352089,19.153526274415295
41.52,13.62040159256928,16.864075698669986,20.69393696411438
41.53,14.71254676780582,17.651342044977902,22.505865259793964
41.54,15.652252948879063,18.01896725007242,24.525024202939495
41.550000000000004,16.335413896680866,17.82241210581991,26.645529861898638
41.56,16.657818105988348,16.969901649234643,28.705282464764615
41.57,16.51471921261503,15.404621734141053,30.523048834439773
41.58,15.854566381196374,13.207184838123903,31.918299049998915
41.59,14.654085702952894,10.500762885947415,32.7664095750893
41.6,12.956518673433528,7.4893599826502495,33.025550088145714
41.61,10.853743842834417,4.383098371379613,32.74977314463734
41.62,8.465378597740534,1.3654532858311388,32.05786778795388
41.63,5.924768675538255,-1.4310190193322532,31.111179571339765
41.64,3.3539735209633306,-3.9341038838106837,30.073280729489362
41.65,0.8538372231491758,-6.115239205710147,29.085916012444816
41.660000000000004,-1.5019501727938531,-7.974746826038335,28.254170838129937
41.67,-3.662375196222285,-9.52347576996628,27.6478461166179
41.68,-5.595353268741932,-10.76985150838035,27.30080042998839
41.69,-7.278484895202709,-11.711327216403477,27.21319708028095
41.7,-8.694624241362769,-12.33752431995457,27.36392607436656
41.71,-9.828134719033095,-12.627197851075055,27.705411112534296
41.72,-10.658363343901735,-12.573263175233304,28.16542017000115
41.730000000000004,-11.165944234375788,-12.162860223548794,28.668674064215914
41.74,-11.347413638988757,-11.408777724419828,29.135267530714412
41.75,-11.20565613635883,-10.35290476689798,29.487475239687868
41.76,-10.750136652259153,-9.04056360334072,29.66720918856141
41.77,-10.013407231240672,-7.548875126996832,29.640134647981
41.78,-9.033807815042552,-5.949898688080111,29.397381889495982
41.79,-7.867771982064328,-4.324080016153915,28.956452975845608
41.800000000000004,-6.569700245796696,-2.731238168720887,28.351587565028957
41.81,-5.1977788857861364,-1.22187582400567,27.628555848161376
41.82,-3.8022754359824433,0.17575088920741921,26.83592678799555
41.83,-2.4264449058614623,1.4456059679047943,26.018921277919738
41.84,-1.1021342396975025,2.5870171419808674,25.216407122790176
41.85,0.14861808543225452,3.6060242785849077,24.458095314966457
41.86,1.3141281156205848,4.516178534065571,23.765981381666126
41.87,2.389065578031235,5.330896266305294,23.15472170399144
41.88,3.3747928713439896,6.065424241139504,22.633320253203365
41.89,4.27709060242756,6.733256520021845,22.20580891639904
41.9,5.100713346093892,7.342962344745629,21.874464491304327
41.910000000000004,5.854192478350587,7.904484398524986,21.63959003068646
41.92,6.549098576099759,8.424162097986791,21.496662869776006
41.93,7.184853620011906,8.898603736418163,21.4442103355871
41.94,7.760818297640321,9.324287208608409,21.480795681733824
41.95,8.286083705562131,9.700397870110933,21.599167986557568
41.96,8.759297489227977,10.018503591842514,21.78925393855377
41.97,9.173404866152222,10.267286352898228,22.04200264732521
41.980000000000004,9.526590376529352,10.436192169587931,22.347242897932986
41.99,9.812509216601965,10.515700865789867,22.688148874441843
42.0,10.020864637436135,10.496270491753359,23.046168386855218
42.01,10.142242134992673,10.365245774336243,23.404039882375773
42.02,10.171501525203775,10.121677370751287,23.74190041397368
42.03,10.104679187905399,9.771806764727184,24.037859280988343
42.04,9.93692156828219,9.31978549731762,24.27087099753276
42.050000000000004,9.668033923150118,8.773243639751545,24.42739081426477
42.06,9.307093105596957,8.153667901840935,24.49772031427696
42.07,8.86006983244233,7.478380586946553,24.472043378427898
42.08,8.338127056143241,6.765703376728973,24.350367035015402
42.09,7.759464776861425,6.040308427044478,24.13821465418085
42.1,7.137915056824189,5.320154714269868,23.84009732823779
42.11,6.489852692602403,4.620155239754665,23.467691686548903
42.12,5.832860710759099,3.955517887570494,23.03395638127154
42.13,5.180203615372195,3.3346149950680166,22.549813636935262
42.14,4.54432296623569,2.7628610784156975,22.028688302368224
42.15,3.936495788934679,2.2443089119083615,21.48213816740108
42.160000000000004,3.362893667766079,1.7779127843485163,20.918990954377477
42.17,2.8284545055140553,1.36147851302567,20.348202938530594
42.18,2.33643722970314,0.9917497140572414,19.77688003984308
42.19,1.8869016809762138,0.6637507661258216,19.20952126632863
42.2,1.4792290398229146,0.3722240683241206,18.650388983837786
42.21,1.1106879068840996,0.11116942592587759,18.102299048428087
42.22,0.7779557657356984,-0.1253343753783705,17.56727633953381
42.230000000000004,0.47667211730951087,-0.34337954534236415,17.046680496448154
42.24,0.20203497107223284,-0.5489738860539395,16.541430809889683
42.25,-0.051016870846202544,-0.7480046536551221,16.052122003417637
42.26,-0.2878532261102499,-0.9463788554783853,15.579168426416352
42.27,-0.5140141237343897,-1.150045337629054,15.122912905858282
42.28,-0.7352192962373156,-1.3650860790848023,14.683705821688273
42.29,-0.9571840668333637,-1.597885414704282,14.262096550666692
42.300000000000004,-1.1860830023403435,-1.8551765968511025,13.85873636245011
42.31,-1.4281189347726306,-2.144540300826495,13.474870453541087
42.32,-1.6901422051510253,-2.473923339353693,13.1118842654544
42.33,-1.9796339705253638,-2.853080425530801,12.772425733918617
42.34,-2.3044494578360877,-3.291984835190775,12.459372709457611
42.35,-2.6740639040371152,-3.803185922485441,12.177869192764236
42.36,-3.098346424623259,-4.400184420894537,11.933997214566118
42.37,-3.5889765187998566,-5.098171503759896,11.737010194733475
42.38,-4.159093927397362,-5.915176329474553,11.599640400286374
42.39,-4.822722665853506,-6.868574500368423,11.537941317667487
42.4,-5.596124378719618,-7.9783016921166565,11.577325850833118
42.410000000000004,-6.496105829204017,-9.262871777597107,11.7458490389539
42.42,-7.538125040658603,-10.732731300457843,12.088668853733692
42.43,-8.738732230253843,-12.397367383411478,12.657269515582705
42.44,-10.105103093173778,-14.237561530987113,13.518726874917231
42.45,-11.6318010592377,-16.206375131426174,14.75081185844326
42.46,-13.301487147282636,-18.219733784997338,16.435247186708214
42.47,-15.058605451151712,-20.11966581781231,18.638144955332017
42.480000000000004,-16.811502482189567,-21.681904454879128,21.384608561267324
42.49,-18.418935785622622,-22.610025135314505,24.629759737048133
42.5,-19.68006709690915,-22.57965534677359,28.177640646517446
42.51,-20.37186393568611,-21.322014540583105,31.7185094518712
42.52,-20.267791501231557,-18.70523344740522,34.831053412253915
42.53,-19.229514769552573,-14.885326221983783,37.100440794638786
42.54,-17.225501723707502,-10.208180707546724,38.27858555090463
42.550000000000004,-14.362794613553275,-5.15844746685466,38.355386248416366
42.56,-10.860222921114191,-0.20210709298258278,37.56307046668293
42.57,-6.991668978522808,4.321566891275417,36.28032520215576
42.58,-3.0243544630918313,8.22880022177169,34.909688779814005
42.59,0.8183214771977586,11.448970970430322,33.78434962166618
42.6,4.367155147912855,13.963014879843506,33.12576528278181
42.61,7.497374032281099,15.746880177178273,33.032910968186805
42.62,10.109599348862176,16.748956112122595,33.48760449060342
42.63,12.115493093531901,16.904272000352584,34.36193229774045
42.64,13.428931314016305,16.155570064033828,35.44906139254925
42.65,13.997667319804668,14.53514964906495,36.49693292669557
42.660000000000004,13.79328367838246,12.145900470874473,37.25748581481601
42.67,12.851966402435185,9.190170855368978,37.56628544483296
42.68,11.26055501818217,5.918792395036846,37.3596341169308
42.69,9.158717491974272,2.5920609861025357,36.68692142109435
42.7,6.71830485553941,-0.5714581067282762,35.6851356399664
42.71,4.1108426493377985,-3.42394360552566,34.52788105657728
42.72,1.4919820673998112,-5.882070291401584,33.38432285720537
42.730000000000004,-1.0129393625811303,-7.913927400704336,32.38785677233493
42.74,-3.3108574550509036,-9.513331718675994,31.62285180991762
42.75,-5.335150909604367,-10.682759882655617,31.125579157565298
42.76,-7.038849632771253,-11.422533239237989,30.88818132614249
42.77,-8.391619323877855,-11.737933798587314,30.86318183245085
42.78,-9.367923980315544,-11.62550532564085,30.982195674511082
42.79,-9.963701311938408,-11.120586389695562,31.157120688196443
42.800000000000004,-10.174257511120684,-10.252570423495234,31.30010108352053
42.81,-10.018654091644937,-9.080234681611012,31.340838179047388
42.82,-9.521728075517883,-7.673314405571204,31.22095235070708
42.83,-8.733505180049523,-6.119186594329422,30.92008647324443
42.84,-7.706566270812575,-4.499748537239565,30.435704973632017
42.85,-6.506290953772836,-2.8897879392835986,29.795472698376535
42.86,-5.194236712841272,-1.346658058269531,29.03710945389013
42.87,-3.8310896673085924,0.08829228970171421,28.207722809239062
42.88,-2.466414691293494,1.3940290480226294,27.352009472350787
42.89,-1.1411423151543736,2.5613394101657576,26.50977018843306
42.9,0.11624062028340043,3.5938327026737253,25.712380088805865
42.910000000000004,1.287364789028104,4.500278914848451,24.981881232085314
42.92,2.3625687965229742,5.294178341245294,24.333201958953225
42.93,3.339073712858767,5.9884502134172894,23.773704587465144
42.94,4.21943153275327,6.5972397061184,23.306339440064004
42.95,5.008920670647354,7.130772706905323,22.92927698756158
42.96,5.7112980620764375,7.596431109039638,22.640345246482894
42.97,6.33619837243842,8.003364932384963,22.43380519429297
42.980000000000004,6.892152735983292,8.355701142856246,22.3009126050997
42.99,7.378677488394493,8.652053413261978,22.236203971613175
43.0,7.795632793394721,8.891134149339175,22.23405884790197
43.01,8.152980713285448,9.074444741587886,22.282817337696653
43.02,8.452582297646765,9.200381941386405,22.370743582816456
43.03,8.690670374723226,9.265542834339822,22.488073690595954
43.04,8.863708671740348,9.2664558742009,22.624904736476886
43.050000000000004,8.973870652294618,9.200154750922588,22.768145751597313
43.06,9.022493653400291,9.06938055528868,22.905828822640988
43.07,9.009157038285485,8.878188759034,23.02713444676556
43.08,8.933402361851089,8.630406828584134,23.121162513200996
43.09,8.796086143791728,8.328379058329524,23.177543152020764
43.1,8.602854084751382,7.981700730504416,23.1908933244127
43.11,8.36014331485543,7.601939957479734,23.15684222129398
43.12,8.072143575247868,7.197323741194253,23.069977794336374
43.13,7.746210478559971,6.777353019897163,22.93039967334264
43.14,7.392707386176939,6.354529537748157,22.74133402852567
43.15,7.020708283577376,5.939749402997831,22.50482716881439
43.160000000000004,6.637687532062411,5.540007347090475,22.22389138020186
43.17,6.253268593852816,5.163430215426368,21.905470432897182
43.18,5.8766083411764205,4.8176406186144405,21.555643701008297
43.19,5.514404648908448,4.506991298466171,21.178826284935628
43.2,5.173098406734017,4.234916430307064,20.781666045818387
43.21,4.8590259751222415,4.004761845437777,20.370572214730867
43.22,4.576692231848578,3.81844312457101,19.94966871894449
43.230000000000004,4.329382196892954,3.676924071636313,19.523496568763836
43.24,4.120366192510127,3.5811570992234882,19.09677793087049
43.25,3.951799011517507,3.531453018091853,18.67352704514937
43.26,3.8248971957446773,3.5284534057707932,18.2565742334789
43.27,3.741888875233473,3.573897287432842,17.849043158820614
43.28,3.7050060271703034,3.66952671827522,17.454059372972267
43.29,3.715928900344141,3.8168474747886085,17.074662217329507
43.300000000000004,3.774804892275493,4.017653565108273,16.714016422965425
43.31,3.8845529398908702,4.276203632424858,16.37621333892994
43.32,4.048428504185424,4.5969700268254545,16.06542260628333
43.33,4.268678140172819,4.984150095071501,15.78572048990624
43.34,4.54910914663916,5.4436980540050905,15.544460228551124
43.35,4.8950031249340515,5.982557372883659,15.350513481047704
43.36,5.311710836151035,6.607923979990729,15.21254313045291
43.37,5.804853275750146,7.326840629695083,15.14210076009643
43.38,6.379639787667066,8.14312100869251,15.157592390674642
43.39,7.041299686665154,9.06033232773874,15.278018893909097
43.4,7.796904454458019,10.082319465706371,15.525236824507008
43.410000000000004,8.645421852672523,11.195709500984707,15.927941375387237
43.42,9.583086820465176,12.382029346183604,16.516372269894756
43.43,10.60478043085722,13.61364770565407,17.32414955400463
43.44,11.685633148773764,14.830575441850414,18.376420925967658
43.45,12.7978663991568,15.962261228711425,19.69879680218622
43.46,13.886660426057828,16.901973317058882,21.28421317727431
43.47,14.88773562454562,17.527549337370804,23.113527112236536
43.480000000000004,15.708708202345077,17.70613551619852,25.10014704063867
43.49,16.25187161317898,17.311772678176954,27.137785364217088
43.5,16.41602668268825,16.27219323395021,29.055349835874214
43.51,16.11669430449784,14.56927093473868,30.688970007385333
43.52,15.31274673319338,12.296810830285139,31.87302981034878
43.53,14.004125804608316,9.59519915728086,32.520810302155354
43.54,12.239990654930772,6.655714744097558,32.61282259319116
43.550000000000004,10.122375089503661,3.678465914447554,32.22120016121979
43.56,7.766916804669477,0.8194662831489492,31.46974155727556
43.57,5.297339245966218,-1.8108864210188707,30.51061500871468
43.58,2.8248242897765174,-4.155504882008813,29.493490495235843
43.59,0.4383083695770673,-6.195846491905756,28.544168504119636
43.6,-1.7997052002142824,-7.937544982950774,27.752981481625135
43.61,-3.845971435161091,-9.391888516619641,27.1792423772541
43.62,-5.674458769235688,-10.568034933049251,26.851084154517253
43.63,-7.267118461819338,-11.4641519199658,26.765369319031507
43.64,-8.610037895554317,-12.071875645573478,26.90240388031301
43.65,-9.690553809614194,-12.373114741447088,27.217830467948605
43.660000000000004,-10.490534743982481,-12.359178076606703,27.648553532883913
43.67,-10.992253036440065,-12.010223358769085,28.126774800215635
43.68,-11.192678005095344,-11.341957444210864,28.57911063790937
43.69,-11.094090500527008,-10.393064302253878,28.933199152908305
43.7,-10.701460908583105,-9.197913690272701,29.131432603797926
43.71,-10.044652510689403,-7.82439523252025,29.142443945893064
43.72,-9.154571199073176,-6.336533998196854,28.94996979477519
43.730000000000004,-8.082583518097158,-4.807758643359535,28.568119370673394
43.74,-6.876648743169959,-3.2959424706179448,28.021752973165306
43.75,-5.591135353062546,-1.8497527084403065,27.352031281830392
43.76,-4.272358531970869,-0.4993532868891768,26.60087940677648
43.77,-2.96279485522675,0.7369437492027207,25.81150189151164
43.78,-1.6926461587148596,1.856177560742762,25.019707524203707
43.79,-0.4859323879105151,2.861602670731101,24.256587908665256
43.800000000000004,0.645901803644642,3.7649228145624627,23.543325504532866
43.81,1.696058851535217,4.579705810131839,22.89700169963339
43.82,2.66511993391074,5.32000896871438,22.327521497911764
43.83,3.5577283630457943,6.000995487930641,21.841824658306912
43.84,4.381334749168431,6.634416871045947,21.44302661107947
43.85,5.141449438437633,7.228725552011441,21.134613257424206
43.86,5.85107060512482,7.795188342949682,20.915897417867463
43.87,6.516681481171512,8.33591178221727,20.786492750426135
43.88,7.138648323405708,8.848317583392944,20.7482412514607
43.89,7.721492786766269,9.331522006736728,20.80119046887462
43.9,8.27209730555976,9.781943401962955,20.939902570279255
43.910000000000004,8.78469596882521,10.18745678182882,21.160271563134508
43.92,9.256724696374004,10.536763338056202,21.458210701563413
43.93,9.683423494260422,10.816228534006,21.823318700609224
43.94,10.051766355983581,11.008623251518605,22.241129553678284
43.95,10.35124542067255,11.095569221120039,22.699121775687093
43.96,10.570621119954238,11.06457585837198,23.17634352923847
43.97,10.696064603004727,10.906871852431738,23.646207986503793
43.980000000000004,10.71243960719606,10.608956129471814,24.0847376774428
43.99,10.613130470343547,10.173209170453449,24.46930910988542
44.0,10.39759660148638,9.615973713845982,24.775021875696257
44.01,10.063331818849628,8.949908541552468,24.97905695830847
44.02,9.614609979287028,8.191894711097149,25.0715806781784
44.03,9.06655688285147,7.372470415225657,25.047387419123513
44.04,8.430189201218123,6.514459744343877,24.903691071502315
44.050000000000004,7.726645475191501,5.644841029419233,24.650671489074853
44.06,6.977192747622488,4.789376835201789,24.299292234796145
44.07,6.2002425534432355,3.9642628107856823,23.863810643388913
44.08,5.416882993736293,3.1852655783211854,23.36278635321994
44.09,4.643587455960517,2.461521753804675,22.811538041857542
44.1,3.893614924966957,1.796341234427168,22.226329283318275
44.11,3.179100486978486,1.1916700201373858,21.62177869799039
44.12,2.505638383576601,0.6436735509587304,21.00826795236306
44.13,1.8768744323158106,0.14694025777449726,20.39571675787741
44.14,1.2943605205323858,-0.30501977949544556,19.79186366063373
44.15,0.756309573532967,-0.7203461967235858,19.201909965598567
44.160000000000004,0.2590146498499986,-1.107871679286263,18.629999194704766
44.17,-0.20284118090524839,-1.4768501712693654,18.079193033401502
44.18,-0.6356012577406591,-1.836601483427505,17.55184505109529
44.19,-1.046644416343903,-2.1967020985810746,17.049911444645403
44.2,-1.4438950725388502,-2.5667864974138728,16.575314864818903
44.21,-1.8363029929288874,-2.956870577429335,16.129956927622736
44.22,-2.232228005440512,-3.3769028467888313,15.716693757450184
44.230000000000004,-2.6416444409868136,-3.8374984163126307,15.338354902832576
44.24,-3.073878032178814,-4.349704003464394,15.00010289250092
44.25,-3.539175247130995,-4.92486305991614,14.707053181200964
44.26,-4.048672964278043,-5.575148401379321,14.467834876558493
44.27,-4.61272053597945,-6.3129018648283175,14.293234396868652
44.28,-5.2438700146760535,-7.15037814737991,14.195667015663599
44.29,-5.9526900069935,-8.097651837812723,14.195793203918294
44.300000000000004,-6.75131920098374,-9.166019302757487,14.314748442837933
44.31,-7.650117443104322,-10.357812744176616,14.581776786177345
44.32,-8.65186107442787,-11.663254296259296,15.034472424804907
44.33,-9.761498713782743,-13.071328058393398,15.713119164206379
44.34,-10.96950995745202,-14.538112976710911,16.660553438167078
44.35,-12.255245592863051,-15.999760211076477,17.92009734512578
44.36,-13.57961192245513,-17.35563305781046,19.520423920586513
44.37,-14.880244228359194,-18.46799734277247,21.470523395034945
44.38,-16.06420465567328,-19.167542400752193,23.721277496781408
44.39,-17.014031803259016,-19.265396160829287,26.177337689726993
44.4,-17.59640428931903,-18.611343185793736,28.65589605732669
44.410000000000004,-17.676831361423506,-17.102022123193752,30.94053497181016
44.42,-17.157474996232427,-14.776089362849227,32.780110796774224
44.43,-15.99385532659573,-11.771845406316222,33.99522205132361
44.44,-14.210842642230048,-8.328446825798572,34.49429818520962
44.45,-11.9073467491839,-4.723796347756391,34.319053572860774
44.46,-9.229689838051012,-1.2036527200431548,33.61774608884126
44.47,-6.3419441771593394,2.053334394988541,32.59602136032859
44.480000000000004,-3.401487698889943,4.944928888815927,31.47031742065037
44.49,-0.5390951264425694,7.430471133716466,30.427014545164774
44.5,2.1479291071595252,9.507331323659265,29.603192642802437
44.51,4.592201519117788,11.181115186548281,29.080140772221423
44.52,6.745958197516894,12.449999031947652,28.88901698575445
44.53,8.57423719587461,13.297949717101936,29.020017874371362
44.54,10.044866134293581,13.702273001645906,29.410986839491677
44.550000000000004,11.124548150603742,13.636175328993719,29.9779363551163
44.56,11.788989499584668,13.085958651372131,30.61312745490963
44.57,12.025600544731473,12.087603497082878,31.194223754318077
44.58,11.82772429066032,10.678605919319736,31.615205603042682
44.59,11.222404530138052,8.953467809409105,31.799289825750538
44.6,10.247748858143433,7.0124112964846015,31.70524703507419
44.61,8.973361627816091,4.977905082154399,31.336802349258228
44.62,7.47364913544219,2.9495413372193595,30.73273180116862
44.63,5.831212951801924,1.0126525973185054,29.954881041324246
44.64,4.124605469415899,-0.7775679150112078,29.076884948409784
44.65,2.4204563748104477,-2.3909266388045243,28.1680999031907
44.660000000000004,0.7732124813856003,-3.8161353760188046,27.289193423224553
44.67,-0.7801681654086594,-5.058979210178266,26.48530897562421
44.68,-2.2146312485735917,-6.1296252412097925,25.787489231707106
44.69,-3.5168878332200335,-7.042886284855487,25.214115440211966
44.7,-4.681608852036822,-7.810671047932804,24.770912646046327
44.71,-5.709593545635446,-8.444998452894815,24.457116447246886
44.72,-6.604377686264822,-8.951451327731661,24.26257295317241
44.730000000000004,-7.364483599662211,-9.331607786977216,24.17366376953667
44.74,-7.989711843852067,-9.586543529540721,24.175809400379222
44.75,-8.488660095446747,-9.714834894272686,24.24523389312983
44.76,-8.860889992411263,-9.71848995974871,24.358550197498765
44.77,-9.103776237829436,-9.600262063619112,24.49335910223865
44.78,-9.216037762896715,-9.362272661642745,24.626001977101698
44.79,-9.205062905529786,-9.011035120553318,24.73152522292171
44.800000000000004,-9.079129561307381,-8.563441731496704,24.79284802211441
44.81,-8.845139915304372,-8.035064966472708,24.792953302530904
44.82,-8.512069562198615,-7.440704372977411,24.72039478576822
44.83,-8.095994926652242,-6.803558971869669,24.572485996424422
44.84,-7.610261780419687,-6.142824073002778,24.345528781318485
44.85,-7.071096750554988,-5.476038991434695,24.04441461587106
44.86,-6.497110037078066,-4.822177196707552,23.677486294780564
44.87,-5.903291071679336,-4.194210162586346,23.25168042895815
44.88,-5.304613241519332,-3.6019041409460772,22.778724213665768
44.89,-4.715443456647498,-3.054032442069963,22.26940455267247
44.9,-4.145656695351219,-2.5537176567527027,21.732753924604516
44.910000000000004,-3.60374067333905,-2.1022644648161353,21.178861385536095
44.92,-3.0968860670289753,-1.6998440668577706,20.615791766132862
44.93,-2.62776101998288,-1.3434149330789982,20.049120756423648
44.94,-2.19821230504078,-1.0294142401308906,19.484357450354416
44.95,-1.8090040511036358,-0.7537542518812261,18.926165654883526
44.96,-1.4584645651560195,-0.5115397150679484,18.376985295206453
44.97,-1.1447115901840468,-0.2979964713826609,17.83905313133654
44.980000000000004,-0.8642731401395514,-0.10788112219525336,17.313853551402733
44.99,-0.6136305159895029,0.06367256617455594,16.802335852116915
45.0,-0.38860774541694054,0.22156200838991855,16.3050712312168
45.01,-0.18492353553336324,0.37048715573423185,15.822372789666595
45.02,0.0018195757788109501,0.5150257265279536,15.354374993860192
45.03,0.17597060307872725,0.659653288878466,14.901121328588436
45.04,0.3420170442817031,0.8089145456075159,14.462619580876195
45.050000000000004,0.5044839986945358,0.9674443409587221,14.038892302145056
45.06,0.6678275355236205,1.1400914673260307,13.630062394960149
45.07,0.8368906157381393,1.3321365650129144,13.236369242437855
45.08,1.0164147806993178,1.5493063870128676,12.85828389779934
45.09,1.211893293609295,1.7981234588807695,12.496556456729147
45.1,1.4289338729329482,2.0860631309568984,12.15239948675964
45.11,1.674073158107209,2.421462677157874,11.827501600669837
45.12,1.9546555537825656,2.814742139637106,11.524608609859625
45.13,2.27873879089916,3.276753349770128,11.247104882020432
45.14,2.6563883875973717,3.822027598534736,11.000799426944408
45.15,3.098032782330684,4.465048829969366,10.79230536377578
45.160000000000004,3.617180856293828,5.224886188745719,10.633257491193177
45.17,4.22789592298145,6.120955432259538,10.53679247778753
45.18,4.947136446195331,7.175296348646003,10.525011631563029
45.19,5.793443686058232,8.411600273596546,10.624271403006682
45.2,6.785672297878878,9.848794172911408,10.874192021254451
45.21,7.944106874449762,11.504968292330576,11.325880517679206
45.22,9.284824838661894,13.38082760729553,12.045129548278885
45.230000000000004,10.81432484922994,15.45116690609295,13.116829932928539
45.24,12.529803632016472,17.658507777543548,14.636443883467267
45.25,14.394447208368238,19.871426348634774,16.700050313534312
45.26,16.33758878968362,21.884372020181004,19.38059037081925
45.27,18.232465905789052,23.395034742714245,22.6902366065626
45.28,19.8839287771535,24.024154338096047,26.507843061212654
45.29,21.044342922956893,23.396932585262764,30.550618456528635
45.300000000000004,21.4370906048747,21.241522929864885,34.37274394938343
45.31,20.83108729782512,17.563979392742056,37.43876221437088
45.32,19.120566219871364,12.681306109529421,39.33993007915917
45.33,16.354474935721754,7.1293719043722925,39.92692905972041
45.34,12.742481952617592,1.502391614621752,39.37725139508414
45.35,8.59151829183893,-3.723726614349332,38.10721896007945
45.36,4.2260120946454816,-8.268674984802022,36.61515838738052
45.37,-0.06902873674480814,-12.016140234357863,35.3406910324297
45.38,-4.072377423303042,-14.927764507967968,34.58887788643902
45.39,-7.618318989927755,-16.968144627935267,34.50694947752954
45.4,-10.574947779490241,-18.06958100061703,35.08148635637565
45.410000000000004,-12.823883115116491,-18.139161579630358,36.16101899486592
45.42,-14.254567589333062,-17.116316577443293,37.47017254820965
45.43,-14.793317618935907,-15.036854922814339,38.69067225975293
45.44,-14.413031269402481,-12.064745885305703,39.51269180682397
45.45,-13.165675284957869,-8.477052791819062,39.75149997178535
45.46,-11.176145747987947,-4.610607534237648,39.36831582955085
45.47,-8.633663391265216,-0.7906574702501754,38.4732261256028
45.480000000000004,-5.757269945151586,2.7306327867507134,37.27237286815818
45.49,-2.759553380097283,5.796471748381053,35.99825584457949
45.5,0.1762517302360962,8.331079497849393,34.85182032500804
45.51,2.9065336190675115,10.30719667817423,33.971739964232974
45.52,5.325601235819164,11.717472717698186,33.42396445165397
45.53,7.356865761497886,12.556634989955159,33.20515414680855
45.54,8.944570926376816,12.82103853617527,33.255041695910016
45.550000000000004,10.05278030555715,12.521387567515866,33.46977193158685
45.56,10.661569434639144,11.694837854276654,33.723800166419686
45.57,10.77135661151534,10.400015865739954,33.900897132858674
45.58,10.404771100292232,8.732926831583073,33.90027434777943
45.59,9.613491305533325,6.81379568523803,33.66804982133351
45.6,8.465059811927881,4.766474468306672,33.189552347742136
45.61,7.0495410719024765,2.7125316550122376,32.49528680784671
45.62,5.45763191759364,0.7445581251640174,31.642609944452424
45.63,3.777679638456732,-1.0701322620443023,30.701238593753054
45.64,2.0878583811124427,-2.6928871415071463,29.74137662920757
45.65,0.45048767896954867,-4.108073814927666,28.822403355652757
45.660000000000004,-1.08906592315213,-5.315926357058806,27.987713204588413
45.67,-2.499251027842721,-6.325136949618599,27.266068057900625
45.68,-3.7615906229885008,-7.148234679520549,26.670948541321923
45.69,-4.866781169491706,-7.797013422106073,26.202767596869094
45.7,-5.81233566154784,-8.28432833260231,25.853557504052482
45.71,-6.5994656520516015,-8.61763540624469,25.607317416759773
45.72,-7.230343649421162,-8.806003674078005,25.444095911530717
45.730000000000004,-7.707480267159658,-8.858179582742364,25.34307466906717
45.74,-8.038002043030145,-8.779942235038384,25.27735892513758
45.75,-8.229713853315676,-8.584051079750598,25.22547454293968
45.76,-8.289954777630854,-8.284242113048936,25.166992712377738
45.77,-8.22755633743005,-7.891922245397547,25.079939048549257
45.78,-8.056177499061665,-7.425908964691665,24.952511873314076
45.79,-7.789286084665612,-6.905518192040906,24.773984275956728
45.800000000000004,-7.440131375869103,-6.3468866734820635,24.536678314210647
45.81,-7.0264686893447195,-5.769709896596709,24.2424553913103
45.82,-6.564601014334813,-5.191561302861356,23.89185569431305
45.83,-6.069557631467893,-4.625183300031569,23.489598997239003
45.84,-5.557516186587741,-4.083364613882336,23.044265645022033
45.85,-5.042214419795593,-3.575515803128136,22.562135783203516
45.86,-4.5347079371024375,-3.1067101599105795,22.051935338928644
45.87,-4.045823239328203,-2.681586875384394,21.522306514336357
45.88,-3.5830444197848883,-2.3016196333078534,20.979327801655074
45.89,-3.151115664049186,-1.9658944408685777,20.42940488207436
45.9,-2.754438831355539,-1.6732413142916889,19.8785519228304
45.910000000000004,-2.394764536504009,-1.421132420061229,19.33035425137531
45.92,-2.0724305942408794,-1.2065565011377961,18.787731859025943
45.93,-1.7875714014039106,-1.0263983145372668,18.253576065426078
45.94,-1.5381044331318179,-0.8767140567271549,17.729774183278202
45.95,-1.3223213822933326,-0.7545559887740189,17.217261816208435
45.96,-1.1385818000540686,-0.6571048013757352,16.71694209854724
45.97,-0.9831743005843879,-0.5808258630178402,16.22939188218343
45.980000000000004,-0.8541891792167084,-0.5237697321581526,15.75474155358865
45.99,-0.7497178604707039,-0.4840608128406301,15.293089099899962
46.0,-0.6662422218499617,-0.4593764453831703,14.844411586899136
46.01,-0.6025432683606968,-0.44897998076527545,14.4085295071828
46.02,-0.5569263451179967,-0.45191768588281533,13.98525728682351
46.03,-0.5268083138557078,-0.46716631462413416,13.574386237205433
46.04,-0.5122109196822613,-0.4953953368399708,13.175673134542528
46.050000000000004,-0.5131666620850023,-0.5372889228307568,12.78887438605042
46.06,-0.5283076422447611,-0.5930675183498404,12.413785380834637
46.07,-0.557928931125022,-0.6643454786737042,12.050256155604723
46.08,-0.6025475549433545,-0.7528465356677628,11.698138069718857
46.09,-0.6629966239820092,-0.8609809070053882,11.357405241136785
46.1,-0.7412719663639229,-0.9923193363959663,11.028132158667816
46.11,-0.8390913066057052,-1.1503094349746021,10.710471960500572
46.12,-0.9597268098898311,-1.3404973427397693,10.40493645666419
46.13,-1.1065296474694157,-1.5684962980692696,10.112116680933678
46.14,-1.2842817445166907,-1.8420937025875257,9.833272038948584
46.15,-1.498561988795516,-2.1701856671087714,9.569979314873134
46.160000000000004,-1.756334578455114,-2.5637373614108454,9.324938597094325
46.17,-2.0661792977518725,-3.036146594706268,9.101761796329356
46.18,-2.4382117950149342,-3.60292991850495,8.90609463755325
46.19,-2.8850935813079865,-4.2834511742467125,8.745713582086983
46.2,-3.4212738430917593,-5.09913386091159,8.63232577336865
46.21,-4.064749731757928,-6.076479601973771,8.582185328661922
46.22,-4.835301370473118,-7.242799286019897,8.619281684860441
46.230000000000004,-5.756950612319199,-8.630378393905882,8.776792953883787
46.24,-6.854043185410138,-10.266580221061538,9.102321073165601
46.25,-8.153883736422477,-12.178094629819553,9.660695395671038
46.26,-9.678045553772716,-14.368609546729113,10.539286329771626
46.27,-11.44263687242735,-16.818616998517783,11.8505642014624
46.28,-13.439095441252874,-19.439646833344877,13.725307984526376
46.29,-15.629029512004788,-22.067305368110965,16.3031010941788
46.300000000000004,-17.90953425636001,-24.400666728580184,19.678399338967008
46.31,-20.105771721833356,-26.014078798035545,23.850306106068903
46.32,-21.94770377110826,-26.373436454568743,28.629538964533396
46.33,-23.08319641642088,-24.979942868586424,33.54535772430948
46.34,-23.154830102281217,-21.58132148174124,37.92131186418849
46.35,-21.902787402191983,-16.35060395166844,41.066962026241434
46.36,-19.268822892135933,-9.906025122928925,42.54924591733841
46.37,-15.430683136051375,-3.068449616143144,42.42013741189556
46.38,-10.748528598045626,3.421386284518142,41.1582209383603
46.39,-5.65439262136454,9.088740965834731,39.45257683166329
46.4,-0.5513309758335039,13.720206272389786,37.96013924355305
46.410000000000004,4.2410168853761245,17.245161304167908,37.144970602091746
46.42,8.478208869325398,19.598228140005812,37.23183950942801
46.43,11.960588109690791,20.66086255068315,38.19454248079877
46.44,14.507360049387,20.29405360961227,39.77464894353555
46.45,15.9478315587866,18.407333787946843,41.54318411150597
46.46,16.18976794942897,15.145527012658055,43.00322391009447
46.47,15.219897167091226,10.818632868948796,43.76323662116974
46.480000000000004,13.156912062019085,5.917109198295325,43.65272165120356
46.49,10.236877794809782,0.9632149772511547,42.76691640067517
46.5,6.768999783536151,-3.61543501953888,41.3994813222542
46.51,3.070342131953,-7.544725241522142,39.91482415524884
46.52,-0.5756063855945768,-10.68902164876302,38.63432153566293
46.53,-3.942554271292656,-12.99115673244333,37.76931326438294
46.54,-6.858647514504588,-14.422133082767434,37.39849720409938
46.550000000000004,-9.195298622921007,-14.960279693256801,37.47446453209477
46.56,-10.861932546264697,-14.609358287390027,37.844658040779834
46.57,-11.791875255119539,-13.39875304352245,38.30504979298423
46.58,-11.97443891279372,-11.452645713823243,38.63931634117949
46.59,-11.434748126813698,-8.938595051335527,38.68187587618066
46.6,-10.25070703762826,-6.080048588554202,38.34463475723614
46.61,-8.553345173615455,-3.11634813624796,37.640098343759306
46.62,-6.494169741817081,-0.2481708758853991,36.65523065380475
46.63,-4.232390849511224,2.3736250747137975,35.51877316840171
46.64,-1.9162570821135192,4.656003704672543,34.36653236868989
46.65,0.330529308548575,6.55483802518789,33.31157886481907
46.660000000000004,2.412421408973407,8.056407484722907,32.430875080744855
46.67,4.2610871069132035,9.163635873221613,31.760972766741226
46.68,5.82898361303167,9.883867254289965,31.302515556800646
46.69,7.088705066913857,10.23181346801251,31.022936182711476
46.7,8.019855977879756,10.219386594342017,30.872386545287707
46.71,8.620942239237822,9.876026201436346,30.788453204519882
46.72,8.896406031965197,9.238606301544642,30.705915753329723
46.730000000000004,8.861410864691928,8.35021878610098,30.570142893697785
46.74,8.543112014499135,7.269898049773028,30.336640952890942
46.75,7.977423540908644,6.057422846414618,29.982815262594446
46.76,7.210138446595376,4.778163991578876,29.50172495770535
46.77,6.288545310001592,3.48552446107529,28.904610506775594
46.78,5.262561030920354,2.227702847555383,28.21263818597623
46.79,4.178160070840081,1.0368520498486686,27.455015422106364
46.800000000000004,3.076341301464624,-0.06444456031204515,26.66125855944092
46.81,1.9900989210046753,-1.0670772325411173,25.85993391557293
46.82,0.9444232529991341,-1.9692199788316258,25.074442342320758
46.83,-0.044030061126466125,-2.777051851707344,24.323849320286396
46.84,-0.9655810647319532,-3.4994757937910896,23.62145185826703
46.85,-1.8169467787459155,-4.149052052167162,22.976593083840285
46.86,-2.599224393371691,-4.737975338232873,22.394748844140455
46.87,-3.3166234789037152,-5.27849350236968,21.87933915871883
46.88,-3.9771590528836347,-5.783395671764254,21.43111944514694
46.89,-4.587678829030293,-6.261326982014273,21.05111615638154
46.9,-5.155019548260235,-6.720478456438976,20.740437861901693
46.910000000000004,-5.69183471468711,-7.170512481766637,20.496768506055805
46.92,-6.202287391747381,-7.613268252784998,20.32171330982244
46.93,-6.68892377608177,-8.049432302447073,20.217710076561147
46.94,-7.161921632882019,-8.483377546552344,20.18388428710824
46.95,-7.62426377326765,-8.911881779961702,20.219704219371987
46.96,-8.072689831423576,-9.327271722231327,20.32637926906552
46.97,-8.50752419465122,-9.723727459199013,20.504975808893498
46.980000000000004,-8.92995630346056,-10.093631944281206,20.75263546608323
46.99,-9.329719317999738,-10.4214108579803,21.06343098424278
47.0,-9.696843841496499,-10.691376421129405,21.43187325946302
47.01,-10.025614299128888,-10.889039985255724,21.852265516198624
47.02,-10.302687596555328,-10.999173142368987,22.307594746139415
47.03,-10.512904668024253,-11.006065491460268,22.779189326230284
47.04,-10.642677212192915,-10.892743899211482,23.251785868565793
47.050000000000004,-10.681950355209239,-10.655906922568493,23.702290138521903
47.06,-10.620989898020731,-10.296108526040728,24.104474019026675
47.07,-10.44837602254396,-9.809729524133367,24.43671443784896
47.08,-10.165597934957072,-9.212373704537782,24.682682084170462
47.09,-9.777783247569756,-8.525786303381304,24.82596826775414
47.1,-9.28754316886453,-7.765429209269883,24.856138258176312
47.11,-8.710900947325666,-6.958654462751499,24.774303772314017
47.12,-8.063218011105839,-6.13135510687512,24.581900782433593
47.13,-7.3611338101010455,-5.303760871212491,24.28808948479197
47.14,-6.6265902691993075,-4.498700992285501,23.907577508985145
47.15,-5.876836573983215,-3.7311874060030403,23.4532340466971
47.160000000000004,-5.1290068682922625,-3.0114656943892517,22.942064095179678
47.17,-4.39911944669594,-2.347982728834226,22.389626295664872
47.18,-3.697424107206631,-1.7419209618220617,21.808800978918544
47.19,-3.0327546151799774,-1.1926614046202406,21.212735498923212
47.2,-2.4109109248631606,-0.6972411586662709,20.611258597713746
47.21,-1.8337444232642512,-0.24986610339904097,20.011933861144712
47.22,-1.301631207829328,0.1560016908401114,19.421340836522333
47.230000000000004,-0.8122723349556791,0.52803041375777,18.84391837894369
47.24,-0.3617551333203419,0.8744010627348321,18.283073465886925
47.25,0.055273447993478,1.2036494160460283,17.741275565091716
47.26,0.44471565589955225,1.5241994423274927,17.220416019488407
47.27,0.81370234814461,1.8448765790629214,16.722004090027518
47.28,1.1695693746404365,2.174437200663706,16.24746803413731
47.29,1.5203770120370836,2.522034966789409,15.798408155816698
47.300000000000004,1.8742095735405673,2.8968815418844223,15.376671591100775
47.31,2.240029955290968,3.3090287323629313,14.984942864390701
47.32,2.626412361390766,3.7686779942691535,14.626621974463266
47.33,3.0436390040313244,4.287169320458575,14.30629066495926
47.34,3.501279298258823,4.876602291626246,14.030912998059614
47.35,4.010645860031754,5.549432917715812,13.807892985295714
47.36,4.583180267976094,6.319237109698522,13.65044519390807
47.37,5.230910038141704,7.199917301106763,13.572314750849838
47.38,5.966623070369741,8.203167777246875,13.594080628874345
47.39,6.801479751502502,9.338680906593083,13.743396973490048
47.4,7.749624748319464,10.61635630947492,14.050014890645254
47.410000000000004,8.814991892470875,12.023580763959751,14.557186365068473
47.42,9.998203267973889,13.541381860845384,15.312184054844108
47.43,11.295465947837124,15.13144914863441,16.366830250397015
47.44,12.677798721528042,16.710534005538833,17.767400219930714
47.45,14.104991843331677,18.167938805782683,19.55368461416054
47.46,15.499498173589085,19.3371857402588,21.72547833049855
47.47,16.757966504394773,20.022687726176716,24.232774335969665
47.480000000000004,17.7398345593659,20.006875743027763,26.9454788403011
47.49,18.2937568212446,19.123346643319785,29.649520343883946
47.5,18.266701509710238,17.27144075175787,32.08213312607356
47.51,17.559417933253876,14.530403688514854,33.96124235652442
47.52,16.136125507673025,11.090135043838837,35.10030846034898
47.53,14.046580313430322,7.247287250958559,35.43527639181401
47.54,11.41973891506019,3.3203225245774908,35.05561081739449
47.550000000000004,8.43459577895629,-0.4264185093830113,34.16638083362906
47.56,5.2775325024675785,-3.8191459177710176,33.01905269989107
47.57,2.119763691856604,-6.769111417156122,31.858218546847965
47.58,-0.903883470067443,-9.250902999624369,30.87732394664689
47.59,-3.6939999124993297,-11.26263618606594,30.20634481968402
47.6,-6.180975428117644,-12.803444976612955,29.909560043420317
47.61,-8.313681743646507,-13.857052680619736,29.99085686634489
47.62,-10.048019232804526,-14.392546009090296,30.395309459806505
47.63,-11.340861911795876,-14.378232581951691,31.025615686135378
47.64,-12.156862760908744,-13.79202083584691,31.75480372218155
47.65,-12.475603656532162,-12.670862489345305,32.43251293683697
47.660000000000004,-12.287367695414455,-11.06213227168232,32.92908800457469
47.67,-11.620389289817957,-9.081038853870659,33.146850451302306
47.68,-10.524467814117312,-6.85744541850215,33.04033376782043
47.69,-9.075901715175018,-4.534462975573771,32.614450958111725
47.7,-7.373497335363062,-2.242219277492139,31.926633101178055
47.71,-5.515180777792185,-0.07712962341651164,31.058174953904427
47.72,-3.595774088915815,1.895653186327014,30.101287244689445
47.730000000000004,-1.6958830859911793,3.6439909285716805,29.142265009814743
47.74,0.12310303346938634,5.159956771395863,28.249911808203013
47.75,1.8166391959121775,6.447983916159717,27.473653583163014
47.76,3.35662443929231,7.520802086339949,26.843216793370225
47.77,4.726972101671407,8.390346025156047,26.36998543459699
47.78,5.919415965914461,9.065472821273213,26.05247972693877
47.79,6.930159637306842,9.552735461444835,25.873977225105232
47.800000000000004,7.757216673788814,9.856268699421129,25.814174824600116
47.81,8.402566739934574,9.975228985980667,25.842450287325217
47.82,8.86558517685768,9.917405140686617,25.925928922400175
47.83,9.14555996648653,9.690607400127643,26.03141328975831
47.84,9.247314834107366,9.301281269621366,26.1226939865137
47.85,9.182463673431446,8.771680202683658,26.172263891466855
47.86,8.961055943660561,8.124383288779455,26.15371792257831
47.870000000000005,8.596504916885287,7.382163482133691,26.049480589225123
47.88,8.11230661242322,6.579081300116978,25.854403902194093
47.89,7.527911924101705,5.742650419757789,25.563350904273985
47.9,6.86726319781553,4.898184939441599,25.18401488724607
47.910000000000004,6.155773493888643,4.071049480599863,24.72688773308989
47.92,5.4146325606485615,3.2773088320249464,24.204371884490968
47.93,4.665643384016834,2.5306093798630727,23.633035623593067
47.94,3.9260912973262823,1.838780134019807,23.026526793788225
47.95,3.2090139542178617,1.2037066706030173,22.399156536981064
47.96,2.525658483082631,0.6256855174293404,21.763192449787535
47.97,1.8813062725595535,0.10014291316109203,21.12780052687603
47.980000000000004,1.2794860205956387,-0.3787218753883234,20.501423721068765
47.99,0.7201516660559464,-0.8184134869966946,19.889760158015903
48.0,0.20116513765721106,-1.2274217220687558,19.297490177773327
48.01,-0.28182967887592913,-1.614854757677121,18.72788838549962
48.02,-0.7345338113075586,-1.9901663279229265,18.183554217386977
48.03,-1.163732629940041,-2.3628918704329553,17.666628133354806
48.04,-1.5773143711007593,-2.7428644461399765,17.17895343993743
48.050000000000004,-1.983314756870821,-3.139830758295524,16.722865780290995
48.06,-2.3908087456441516,-3.563887406455252,16.30056786767401
48.07,-2.8089271518467784,-4.025386300196265,15.915779642419789
48.08,-3.2467701472006656,-4.53468728597534,15.572625787992669
48.09,-3.715174356988567,-5.102998673622705,15.276808930674767
48.1,-4.223277464155578,-5.741230602290389,15.037021277318201
48.11,-4.78269570307922,-6.460981470335532,14.861594359074568
48.120000000000005,-5.403665341552069,-7.272189383631772,14.765754899850732
48.13,-6.096139372310542,-8.184865460580346,14.766275793649758
48.14,-6.872469370915625,-9.207442455294096,14.882681569310753
48.15,-7.737426049355598,-10.336213508498252,15.144740316000787
48.160000000000004,-8.695871214403994,-11.566857137342582,15.583777933301752
48.17,-9.750736363931782,-12.882458379195363,16.23534306433368
48.18,-10.887931737494577,-14.238340610053061,17.135625882005446
48.19,-12.092016496419836,-15.579903769666638,18.32330928065351
48.2,-13.319478692620484,-16.80867870131761,19.814640808978446
48.21,-14.516597627883918,-17.806242678349538,21.616038121401065
48.22,-15.59671708050033,-18.4207287008515,23.678315040676605
48.230000000000004,-16.459426042602583,-18.495702898490162,25.91637490313926
48.24,-16.98279642048548,-17.892495189614348,28.169150750161748
48.25,-17.057134946462536,-16.540390943592364,30.247615903552013
48.26,-16.58650428566486,-14.445753849311615,31.937978284048967
48.27,-15.540991380007085,-11.744050003054655,33.08064209627013
48.28,-13.934887501019656,-8.626086779047347,33.59010587632517
48.29,-11.849131769508189,-5.331015494245991,33.48701023272313
48.300000000000004,-9.410976087079334,-2.0781580134896087,32.888960912048276
48.31,-6.762018034204187,0.9691106124162372,31.96466092130309
48.32,-4.042385426033525,3.7101922946572667,30.899703122920037
48.33,-1.3714603616773906,6.100875835684451,29.86131518064999
48.34,1.1608745476240063,8.135731627182043,28.978289942003737
48.35,3.4921428616119647,9.822314989760292,28.334221664366275
48.36,5.579639587059551,11.16710570031632,27.972845959583477
48.370000000000005,7.39528506881285,12.167146606297871,27.901836960866444
48.38,8.915123472605679,12.806788421903985,28.08926543896999
48.39,10.114731129697983,13.068061423555418,28.48004395748351
48.4,10.973400556159183,12.92394978749333,29.000114624071085
48.410000000000004,11.475918892161634,12.387412874367929,29.552373288830655
48.42,11.607133075272646,11.469806315141403,30.040462232902588
48.43,11.37544963592212,10.218124534235884,30.386016101959104
48.44,10.798879778828827,8.703034342996853,30.523261943418863
48.45,9.916642399056757,7.0108174835250985,30.425367153745686
48.46,8.778395545951804,5.231740963538141,30.0893602072663
48.47,7.451035312617493,3.4516935660148613,29.54800230857925
48.480000000000004,5.998795492895496,1.7371999297897847,28.846717352055663
48.49,4.487281793721107,0.1369606726292909,28.043553475802216
48.5,2.9707889825233966,-1.323699163806971,27.194009495036667
48.51,1.494869180156752,-2.633465661168868,26.348348542098087
48.52,0.09108755892402753,-3.79619835505846,25.546440193892433
48.53,-1.2196976394756742,-4.821315977112349,24.817184386150505
48.54,-2.426966551383795,-5.723885855514682,24.180343480051963
48.550000000000004,-3.5271296870216453,-6.51743480984562,23.64673061399667
48.56,-4.522786057992533,-7.21650923720982,23.221519722151175
48.57,-5.419443122071443,-7.830812758739203,22.9035580245093
48.58,-6.2193372727066425,-8.365094931810045,22.690447312462123
48.59,-6.929625833295537,-8.825360277504982,22.577352256054375
48.6,-7.560265272548265,-9.213681709973363,22.552586849543754
48.61,-8.10738716961734,-9.524334579689537,22.606387726009466
48.620000000000005,-8.56668962003202,-9.751397517664023,22.729122406264814
48.63,-8.9427140758578,-9.890026216853967,22.9064118707275
48.64,-9.236790110615878,-9.937149394460935,23.119144659164306
48.65,-9.442923787369189,-9.88969462670939,23.349482580515406
48.660000000000004,-9.55530486172781,-9.744152111268807,23.579402194243418
48.67,-9.572716598844991,-9.497164058792928,23.789756812629356
48.68,-9.497930320176724,-9.158295946661317,23.964472331382737
48.69,-9.33373720936208,-8.739519262359167,24.088230958692098
48.7,-9.081543687365993,-8.249345451264,24.14635182673416
48.71,-8.74877730761164,-7.701146373476349,24.132306970312857
48.72,-8.347718577103812,-7.1150139540707755,24.043182084815395
48.730000000000004,-7.8872415570285455,-6.505838188379119,23.875458315578566
48.74,-7.381076808315148,-5.889543627385204,23.634199222984762
48.75,-6.845105656749311,-5.28368483499614,23.326718547518343
48.76,-6.291650868522561,-4.700086630320712,22.95881766462408
48.77,-5.733872866731651,-4.148209971107366,22.54105511265574
48.78,-5.184873892600973,-3.637129853459032,22.083818774291583
48.79,-4.654033347691144,-3.171075447249329,21.595148406758955
48.800000000000004,-4.149266579607183,-2.752087354761083,21.08448720503695
48.81,-3.6779549702506937,-2.3816760443719103,20.560287726541553
48.82,-3.243785101980035,-2.0585216656382226,20.02806114235845
48.83,-2.848980634574289,-1.7803521912385931,19.49313046138294
48.84,-2.4954050466129787,-1.5446652045359794,18.96065973185902
48.85,-2.1823080356808657,-1.3478230391477963,18.43380862042506
48.86,-1.9089009628295668,-1.1869437912907177,17.914529919224563
48.870000000000005,-1.6745132368799402,-1.0592719687844583,17.404775262546476
48.88,-1.4758414416132681,-0.9608259592169289,16.906159116882915
48.89,-1.3103950623468013,-0.8890957782277239,16.41930038916273
48.9,-1.1771555498716035,-0.8426237841970707,15.944637432734972
48.910000000000004,-1.0734781491061072,-0.8191377750516203,15.482620369215013
48.92,-0.9957564155237133,-0.8166357375889681,15.033446499525583
48.93,-0.9437801923254062,-0.8354126264794755,14.59708270472807
48.94,-0.9171630218861087,-0.8756811459530104,14.173500008488794
48.95,-0.9134233046322419,-0.9369904534034392,13.762755315582151
48.96,-0.9325324250634536,-1.0208957746097285,13.36489057170717
48.97,-0.9746324191382267,-1.12905816429535,12.979942621080424
48.980000000000004,-1.0401224620716083,-1.2639643324825955,12.608151942910812
48.99,-1.1311504649488657,-1.429697951483652,12.249893106352681
49.0,-1.2492068861470345,-1.6299541605119992,11.905643452781883
49.01,-1.397913565612718,-1.8711647458703493,11.576535724465534
49.02,-1.5813389034591825,-2.160226474382362,11.263817815206357
49.03,-1.804269784442968,-2.505278489166547,10.969602454511351
49.04,-2.0737640539562405,-2.9175549008416737,10.697039595082032
49.050000000000004,-2.396973640999458,-3.4083091355904944,10.450059612493318
49.06,-2.7843889191912434,-3.9936578064314077,10.235463037128342
49.07,-3.2466562730986634,-4.689585206692859,10.061011076112093
49.08,-3.798267596418121,-5.517252634014259,9.940348205329428
49.09,-4.454593813272346,-6.498563674093856,9.889210712130998
49.1,-5.234145496750476,-7.657860415676296,9.933834547558066
49.11,-6.157463178502348,-9.021249700055428,10.105906296093018
49.120000000000005,-7.244982148109276,-10.608181570353644,10.453426750970173
49.13,-8.518671971940748,-12.436140647328186,11.037294902112993
49.14,-9.993147369362465,-14.496718882671404,11.937686752057745
49.15,-11.67333292074968,-16.753447102414775,13.253900526837029
49.160000000000004,-13.544148163400319,-19.11377761180281,15.094473827716923
49.17,-15.555691175221728,-21.40722923316877,17.56495802248866
49.18,-17.603371012735952,-23.356622103462566,20.719687181868828
49.19,-19.52126912760281,-24.589563410343736,24.523716230913777
49.2,-21.06550183392562,-24.66474687603214,28.77302433497294
49.21,-21.939498876991955,-23.206172020617927,33.046901980188366
49.22,-21.85777783834635,-20.053548212967318,36.79091194808275
49.230000000000004,-20.617638206036492,-15.375569505499048,39.452812878768164
49.24,-18.190984376491564,-9.68901599430928,40.7086443879214
49.25,-14.732084132634872,-3.6550796695571277,40.601892736360526
49.26,-10.544899786830783,2.121960963999304,39.50943859840888
49.27,-5.984537113525701,7.244440106245371,37.97348108778148
49.28,-1.388108894344578,11.521644120579468,36.52642743779216
49.29,2.972529123214482,14.889242329125999,35.569206432984686
49.300000000000004,6.89305874280509,17.309063665565553,35.32325807888985
49.31,10.21344827030621,18.710758683110456,35.822407508522545
49.32,12.792654053594175,18.98447790040218,36.93392395483749
49.33,14.501275845780164,18.054128598456803,38.36194288850369
49.34,15.237964060602213,15.923211760985485,39.74892563838212
49.35,14.963056235935364,12.77024930831266,40.7279928871187
49.36,13.718625150131157,8.896574666038937,41.06877479630814
49.370000000000005,11.636867904664888,4.690381940275428,40.71192874508891
49.38,8.92817092011953,0.5314036477151474,39.77900421906545
49.39,5.840548040601059,-3.2857805022231386,38.508951933650714
49.4,2.6169227379137103,-6.578655918747962,37.172738460971956
49.410000000000004,-0.5329969689154572,-9.260722101382997,36.00121798472411
49.42,-3.444468001786701,-11.298457520613631,35.14834845132501
49.43,-5.994462448204672,-12.677944524461859,34.67904332886446
49.44,-8.094215320766118,-13.391298348386512,34.57209594603432
49.45,-9.678795187818189,-13.434633529357312,34.73840057743721
49.46,-10.704255595987252,-12.827782742591396,35.04119823556317
49.47,-11.15320887286082,-11.624138531726418,35.33265479180458
49.480000000000004,-11.031491682961118,-9.918363692850143,35.471296989947916
49.49,-10.383189533639268,-7.84700897663732,35.3646565555006
49.5,-9.276227740381785,-5.561033565086412,34.97098700385414
49.51,-7.8106450728892,-3.218852799141246,34.30805723270411
49.52,-6.096043239925483,-0.9487926589814126,33.43851978901698
49.53,-4.242147973893408,1.153494681410637,32.446735346154696
49.54,-2.349877875895445,3.028472491146639,31.422065993440942
49.550000000000004,-0.503040027851744,4.647326394200092,30.442610914490615
49.56,1.2360128504778514,6.00546901784997,29.5653591763836
49.57,2.822486574893543,7.107981268696858,28.825933500884602
49.58,4.2270499830856405,7.965406089992278,28.23947293026112
49.59,5.433766091966186,8.590754465207457,27.80246344284828
49.6,6.433092010654919,8.99258602363257,27.498415721509478
49.61,7.224045868183476,9.185742679555954,27.29967038476717
49.620000000000005,7.806050990956017,9.17994684882304,27.174390733831785
49.63,8.185047094114523,8.988780415805538,27.087804747550216
49.64,8.370464221030465,8.63439236520193,27.007534200703876
49.65,8.371410379322933,8.134300841942947,26.900290315541866
49.660000000000004,8.206296733610195,7.5173239296309555,26.74493006626814
49.67,7.893046783151212,6.812080079191965,26.52181305455261
49.68,7.453346124606645,6.0465185266076045,26.222737785617245
49.69,6.9137086879048395,5.252249896302645,25.847333378169324
49.7,6.297106190906127,4.453174487670546,25.39777805269283
49.71,5.62949109161095,3.671458671314824,24.88550087276156
49.72,4.933646569136749,2.9244212251164945,24.320788424127844
49.730000000000004,4.229202803522886,2.2221729555667045,23.717686618554914
49.74,3.5344288993491304,1.5728935461852869,23.089199546236237
49.75,2.8610473470847797,0.9775011109906799,22.446581903203487
49.76,2.2189079807142083,0.4349348376603489,21.800951845129223
49.77,1.613929112891801,-0.05852571471087653,21.16027221749514
49.78,1.0487257410610522,-0.5089474227572481,20.531361281927712
49.79,0.5230737068548499,-0.9236343674914906,19.919165364469173
49.800000000000004,0.034697721609050824,-1.3107751685198539,19.327578521291006
49.81,-0.42076648008617956,-1.6791294045719942,18.759336615829664
49.82,-0.8486627174777027,-2.037610922377864,18.21667222129867
49.83,-1.255770135805172,-2.3954741331546003,17.701385255526766
49.84,-1.6496744085047907,-2.7621146042353018,17.21509316744383
49.85,-2.038128165593783,-3.146905489018622,16.759977811563026
49.86,-2.429644782917987,-3.5594666266500874,16.338166542993378
49.870000000000005,-2.83332292109045,-4.00992069857591,15.95310408952661
49.88,-3.257626379691302,-4.508231065153836,15.609064558330163
49.89,-3.7132206333536844,-5.065317270820561,15.311168410006427
49.9,-4.209091808924692,-5.691877826519551,15.068210853057085
49.910000000000004,-4.756027571879766,-6.399238191061301,14.888376021312604
49.92,-5.3646909683519945,-7.197440832589325,14.785799606931215
49.93,-6.04418531741516,-8.095595280466801,14.777992467005348
49.94,-6.807170081041566,-9.103825018216073,14.88305580020688
49.95,-7.659162675120548,-10.21893723969673,15.129839279960917
49.96,-8.603302791348836,-11.434433814395524,15.54984224917078
49.97,-9.64452175230253,-12.738530688254409,16.17812777222857
49.980000000000004,-10.769765696202047,-14.087289225589622,17.050290220171377
49.99,-11.963298383498499,-15.427892582648301,18.204821705423505
