t,x,y,z
0.0,1.0,1.0,1.0
0.01,1.0124147985886025,1.2599971476560357,0.984932257492397
0.02,1.0483653795417018,1.5242592088991267,0.973233583098371
0.03,1.1064829618771996,1.7986328729371304,0.9652024985371971
0.04,1.1854822487069892,2.0890752565135426,0.9616843469338474
0.05,1.2860023345817009,2.400522492011173,0.9637064857409567
0.06,1.4075242997389843,2.738502055741939,0.9723234474246073
0.07,1.551051199026789,3.1086294037744207,0.9893251559862798
0.08,1.7183968171895048,3.5163210849110333,1.0167023462346445
0.09,1.910565665445863,3.9672260763497826,1.0567845829782994
0.1,2.1298200420628812,4.467971410440999,1.1129875763575279
0.11,2.3786059244402327,5.024934204693733,1.1889749100641291
0.12,2.659498138108709,5.644534515037444,1.2900208309691672
0.13,2.976188740535933,6.334558395629058,1.4225734891545092
0.14,3.3319561083424376,7.101723514113161,1.5937832893727268
0.15,3.731035331652088,7.9538958666908375,1.8139792254547245
0.16,4.177658122664161,8.898457563823367,2.094460328415626
0.17,4.676379226882391,9.941840753442248,2.45056232439262
0.18,5.232019690026762,11.090321690764663,2.899584639049296
0.19,5.849207973216373,12.34696327959832,3.4636455288155967
0.2,6.532841030265742,13.713323522190368,4.168110228650665
0.21,7.286526592665529,15.184305542442766,5.043450348837673
0.22,8.113373183859864,16.75078735498084,6.124104035849302
0.23,9.014415633511822,18.391598692222118,7.44843528113951
0.24,9.98854386226136,20.076401246214623,9.057641201347803
0.25,11.03113156978005,21.75785890099384,10.992477570460125
0.26,12.13118103674653,23.36972544565384,13.286180527953853
0.27,13.275666668776639,24.82941421863234,15.971961869397305
0.28,14.436749657704258,26.029006270352824,19.03845983778622
0.29,15.584130322199226,26.8492219278169,22.46961878328731
0.3,16.676798750094477,27.165907281092064,26.194633502572316
0.31,17.66508407108171,26.857921296578933,30.101442772071092
0.32,18.495728386447883,25.84067820569844,34.03320388632285
0.33,19.11275416347919,24.08182231580228,37.784269160828536
0.34,19.465916310058144,21.6060924888069,41.153124596623556
0.35000000000000003,19.523008181246247,18.54757248953862,43.94090986077328
0.36,19.259872603416227,15.063102378400497,46.003128997925785
0.37,18.67872637739586,11.377212991524628,47.2629936178721
0.38,17.802466941971996,7.707445441079234,47.733028056021254
0.39,16.66967539440471,4.257235056046294,47.48662471613271
0.4,15.33488812486186,1.1702267761517542,46.66048773048817
0.41000000000000003,13.854914623725724,-1.4649619681602841,45.40580753084745
0.42,12.289515928368598,-3.614963370328075,43.88014407311738
0.43,10.691184260981974,-5.3003508851382986,42.2176449900263
0.44,9.106558292499525,-6.562732021271176,40.5271253189585
0.45,7.569663063697431,-7.468352245848658,38.883338506571576
0.46,6.107948555424754,-8.08115162321118,37.33620832996989
0.47000000000000003,4.738219254182608,-8.466413095516772,35.91203682204028
0.48,3.4709354685845497,-8.678619354393938,34.62072087994889
0.49,2.3101043775364016,-8.766712938474939,33.4617998595426
0.5,1.255766121134526,-8.767290673929052,32.427706009020575
0.51,0.3042459172054425,-8.711337997175098,31.5077014415807
0.52,-0.5497323827748375,-8.621234828489353,30.689448428963548
0.53,-1.3129426870587042,-8.514195994997674,29.961040388709293
0.54,-1.9932568078103723,-8.402871934524963,29.31067434219799
0.55,-2.5982826887631467,-8.296244144350958,28.72873662121925
0.56,-3.136900092909404,-8.200496117472769,28.20564550767212
0.5700000000000001,-3.6155436821630182,-8.119760488255318,27.735150435366545
0.58,-4.0418814737796644,-8.057266259205832,27.31060467860096
0.59,-4.424003031093164,-8.013837992996653,26.92640972359559
0.6,-4.7661775821218075,-7.990586234327943,26.579896660619017
0.61,-5.073609438128492,-7.988242089385934,26.268018047870918
0.62,-5.354758105716855,-8.005337120990056,25.986838226827103
0.63,-5.612506654964783,-8.0413155269724,25.735480959518203
0.64,-5.848960992582381,-8.095850674327417,25.51344146272043
0.65,-6.067073572671951,-8.168335642434252,25.319946530581948
0.66,-6.275081973164691,-8.25594581571858,25.152644173565765
0.67,-6.474705277148436,-8.357185238423728,25.011421326765056
0.68,-6.666075451141042,-8.47100932597329,24.896683537622444
0.6900000000000001,-6.849324461660364,-8.59637349379085,24.808836353580556
0.7000000000000001,-7.024584275224259,-8.732233157299998,24.748285322082015
0.71,-7.195392203419224,-8.876433050490876,24.714997605353084
0.72,-7.366484361271398,-9.025728572423025,24.708283961648263
0.73,-7.536961341657808,-9.178233774756436,24.727835950541483
0.74,-7.705862713135054,-9.332079967907035,24.773351086005732
0.75,-7.872228044259741,-9.485398462290757,24.84452688201401
0.76,-8.035096903588475,-9.636320568323535,24.941060852539312
0.77,-8.195237594779398,-9.782257430464451,25.06319400795327
0.78,-8.354956507969973,-9.919773298679528,25.210683301765858
0.79,-8.512808380003353,-10.046821449375296,25.381290162150766
0.8,-8.667233095580638,-10.16140040263566,25.57272769556226
0.81,-8.816670539402935,-10.26150867854453,25.78270900845463
0.8200000000000001,-8.959560596171348,-10.34514479718581,26.008947207282144
0.8300000000000001,-9.094833739021524,-10.40942767725195,26.249904032530797
0.84,-9.222373363141152,-10.450838830689424,26.504460244192313
0.85,-9.340858409272002,-10.469110728701732,26.768603870577316
0.86,-9.448889731518387,-10.464146174670114,27.038174473188366
0.87,-9.545068183984618,-10.435847971975807,27.30901161352803
0.88,-9.62799462077501,-10.38411892400005,27.576954853098865
0.89,-9.69609141010669,-10.307887887096445,27.838097025687535
0.9,-9.748027014190175,-10.20523920927447,28.089508439468048
0.91,-9.783748713203266,-10.07876870240482,28.327940844054318
0.92,-9.803276572764714,-9.931379737929195,28.550097056325068
0.93,-9.806630658493273,-9.765975687289293,28.752679893159037
0.9400000000000001,-9.793831006250633,-9.585459883721542,28.932392146992797
0.9500000000000001,-9.763589086369782,-9.390862377620492,29.085194787447715
0.96,-9.71573103627836,-9.183878212394667,29.209284904359006
0.97,-9.651908071216452,-8.968355789228873,29.304685959067047
0.98,-9.573771406424145,-8.74814350930793,29.371421412912206
0.99,-9.48297225714153,-8.527089773816645,29.409514727234857
1.0,-9.381010929742978,-8.308943599792913,29.418778649021387
1.01,-9.267838885119406,-8.09583990084856,29.397404195727034
1.02,-9.144988274227089,-7.8897200264389635,29.346913608690414
1.03,-9.014565946977434,-7.69276315379652,29.2697596503883
1.04,-8.87867875328185,-7.507148460153624,29.16839508329745
1.05,-8.739421093865742,-7.335066747142408,29.04522588932285
1.06,-8.598179725875664,-7.178822981511975,28.900567624125177
1.07,-8.456255653585433,-7.039206196661595,28.736074159113983
1.08,-8.315216788074807,-6.916472698849679,28.554697296158846
1.09,-8.17663104042353,-6.8108787943346405,28.359388837129348
1.1,-8.042066321711356,-6.722680789374889,28.153100583895075
1.11,-7.913171671350129,-6.652446827848212,27.938319635050846
1.12,-7.791436862389101,-6.601222018787726,27.715821714911318
1.1300000000000001,-7.6775409830190195,-6.568319494454008,27.487691986606123
1.1400000000000001,-7.5721035119066284,-6.552889595404831,27.25619726711336
1.1500000000000001,-7.47574392771867,-6.554082662197969,27.02360437341112
1.16,-7.389081709121888,-6.571049035391196,26.792180122477497
1.17,-7.31273633478302,-6.602939055542287,26.564191331290573
1.18,-7.247713188708007,-6.650048603835943,26.341295700438586
1.19,-7.1946037945897165,-6.712609359974629,26.124520969762735
1.2,-7.153350474280307,-6.78954083201025,25.915241845914885
1.21,-7.123895372507954,-6.879762104498316,25.714833202389986
1.22,-7.106180634000834,-6.982192261994341,25.52466991268299
1.23,-7.100148403487124,-7.095750389053835,25.346126850288844
1.24,-7.1057408256949985,-7.219355570232311,25.1805788887025
1.25,-7.123266014678812,-7.353051569689328,25.029809448043732
1.26,-7.152948803782643,-7.497356198987595,24.895451037430565
1.27,-7.194247933576986,-7.650939072941201,24.778240772226123
1.28,-7.246614176356474,-7.812448286995142,24.678906636869666
1.29,-7.309498304415741,-7.980531936594419,24.598176615800455
1.3,-7.3823510900494185,-8.15383811718403,24.536778693457745
1.31,-7.46462330555214,-8.33101492420897,24.495440854280798
1.32,-7.556004666194999,-8.511073141030995,24.475399115778956
1.33,-7.6566199463820155,-8.693825976580557,24.478890566416098
1.34,-7.765463998886305,-8.87754689819689,24.50584377902219
1.35,-7.881427365221239,-9.060358922052991,24.55596976303319
1.36,-8.003400586900186,-9.24038506432186,24.62897952788505
1.37,-8.130274205436516,-9.415748341176496,24.724584083013735
1.3800000000000001,-8.26106333702547,-9.584547566665393,24.842828981286356
1.3900000000000001,-8.39567077180446,-9.744646467470684,24.98601093307613
1.4000000000000001,-8.532734729372491,-9.89403486884699,25.15277734931599
1.41,-8.670554710350544,-10.030756396912864,25.340840585607104
1.42,-8.80743021535961,-10.15285467778686,25.54791299755065
1.43,-8.94166074502067,-10.258373337587532,25.771706940747798
1.44,-9.071554318074995,-10.345312528006932,26.00999237957048
1.45,-9.195873324589789,-10.410049160748889,26.26280948554531
1.46,-9.313360859591858,-10.451087749520783,26.527726804375188
1.47,-9.42256544775096,-10.468285779411477,26.800581709992798
1.48,-9.522035613736843,-10.461500735509839,27.077211576330836
1.49,-9.610319882219263,-10.430590102904732,27.35345377732198
1.5,-9.685943095373617,-10.375344603761656,27.625163872321693
1.51,-9.746665997515462,-10.293182084916756,27.88919979507758
1.52,-9.791672708024384,-10.184897326833177,28.142533926732025
1.53,-9.82091330609157,-10.053332175572008,28.38176367083415
1.54,-9.834337870908213,-9.901328477194344,28.60348643093308
1.55,-9.831896481665497,-9.731728077761279,28.804299610577942
1.56,-9.813140212302756,-9.546885667733541,28.980564653525633
1.57,-9.776244721813116,-9.34711808016745,29.128673901616374
1.58,-9.722368039252759,-9.135824533066838,29.248099238135552
1.59,-9.653140751151197,-8.916941144031263,29.33868631925036
1.6,-9.57019344403794,-8.694404030660275,29.40028080112799
1.61,-9.475156704442501,-8.472149310553426,29.432728339935636
1.62,-9.368751513771803,-8.2533764370071,29.434849004170136
1.6300000000000001,-9.251192626852527,-8.039767622902925,29.406038818436524
1.6400000000000001,-9.124539863139963,-7.8336376713474225,29.34866652634148
1.6500000000000001,-8.990891997569685,-7.637323695616526,29.265154362270113
1.6600000000000001,-8.852347805077258,-7.45316280898617,29.157924560607533
1.67,-8.710789294673038,-7.283582219544014,29.02859881128233
1.68,-8.567392248829185,-7.130272312710666,28.877311588241213
1.69,-8.42372072467915,-6.993618031547458,28.706875993904333
1.7,-8.281382083496808,-6.873946339168784,28.520308556072838
1.71,-8.141983686556037,-6.771584198689044,28.320625802547877
1.72,-8.007140337879797,-6.686886443414743,28.11080591903879
1.73,-7.878579531992113,-6.621137315336363,27.892031889221315
1.74,-7.757285263513304,-6.574295039143243,27.665826550898988
1.75,-7.643963847656377,-6.545532177383997,27.434534884724837
1.76,-7.53932159963434,-6.5340212926072425,27.200501871351886
1.77,-7.4440648346602,-6.538934947361595,26.966072491433152
1.78,-7.358899867946963,-6.55944570419567,26.73359172562166
1.79,-7.284661599161174,-6.595155685464212,26.505167306870856
1.8,-7.222248385360675,-6.646845698272623,26.28180249875839
1.81,-7.171696611062598,-6.713633993292309,26.064847896808555
1.82,-7.13297066596144,-6.794455453450546,25.85572856499262
1.83,-7.106034939751703,-6.8882449616746095,25.655869567281858
1.84,-7.090853822127889,-6.9939374008917765,25.46669596764754
1.85,-7.0873917027844975,-7.110467654029323,25.289632830060928
1.86,-7.095772590045732,-7.237199968102166,25.12625301568001
1.87,-7.116529514394514,-7.37502945872221,24.978425782496952
1.8800000000000001,-7.149262982233209,-7.5229407504910615,24.847042605000482
1.8900000000000001,-7.193458668817753,-7.679644030396726,24.73288204416894
1.9000000000000001,-7.248602249404087,-7.843849485427207,24.636722660980656
1.9100000000000001,-7.31417939924815,-8.014267302570515,24.559343016413962
1.92,-7.389675793605881,-8.189607668814647,24.501521671447193
1.93,-7.474635416243027,-8.36866173169459,24.464154069821625
1.94,-7.56933324187395,-8.551314088953719,24.44966684891129
1.95,-7.6730430081715415,-8.736238606670321,24.45863026780967
1.96,-7.784651469586767,-8.921595221431266,24.490858491450826
1.97,-7.903045380570588,-9.105543869823418,24.546165684768802
1.98,-8.027111495573969,-9.286244488433642,24.624366012697656
1.99,-8.155738903863252,-9.461856920966701,24.725279278885015
2.0,-8.288753191464917,-9.63046323549585,24.85087803329351
2.0100000000000002,-8.425423294091983,-9.790020673656631,25.001395324053913
2.02,-8.564072755012047,-9.938490850722776,25.174691662442687
2.0300000000000002,-8.703025117492722,-10.073835381968038,25.368627559736336
2.04,-8.840603924801599,-10.194015882666147,25.581063527211324
2.05,-8.975132720206288,-10.296993968090849,25.80986007614414
2.06,-9.105150929604953,-10.379824486640693,26.054201432260953
2.07,-9.22950330262057,-10.439565179863571,26.313522931516573
2.08,-9.34667955461445,-10.475831020629121,26.583738577895925
2.09,-9.4551577593789,-10.4883008283871,26.860672140596552
2.1,-9.55341599070624,-10.476653422587269,27.140147388816054
2.11,-9.639932322388773,-10.440567622679392,27.417988091751987
2.12,-9.712745383805073,-10.378199065189627,27.690693035502846
2.13,-9.770245822519525,-10.288061505439648,27.955645855525788
2.14,-9.812205543252823,-10.172778822816996,28.209228936123186
2.15,-9.83842178235908,-10.035055106756248,28.447798307869597
2.16,-9.848691776192418,-9.877594446691965,28.667710001339632
2.17,-9.842803748372106,-9.703088414361314,28.86531491945258
2.18,-9.819260984174068,-9.51224288596452,29.036661518925744
2.19,-9.778073199065108,-9.307168871335335,29.18012009397709
2.2,-9.720668120530938,-9.09180101566816,29.295178558669864
2.21,-9.64847347605728,-8.870073964157429,29.381324827067278
2.22,-9.562916993129843,-8.645922361997538,29.438046813232567
2.23,-9.464324909699222,-8.422463660118611,29.463531018476054
2.24,-9.353119847291214,-8.201789659111768,29.457184045870044
2.25,-9.231452063203163,-7.986599323074525,29.421133847566235
2.2600000000000002,-9.101479356712021,-7.779595624157695,29.357518887038616
2.27,-8.96535952709477,-7.583481534512121,29.268477627761186
2.2800000000000002,-8.824842655696678,-7.400973749989816,29.155155231509955
2.29,-8.680957167776237,-7.2337227099824535,29.017911668544652
2.3000000000000003,-8.535431335414259,-7.08238288342061,28.859679456373744
2.31,-8.39002505921745,-6.947589853210584,28.683484066944583
2.32,-8.246498239792494,-6.829979202258649,28.492350972204505
2.33,-8.106641421100523,-6.730331254910524,28.28908133232156
2.34,-7.972178505623009,-6.650098479187386,28.07454470582382
2.35,-7.844061657301515,-6.588906774963296,27.85080137014818
2.36,-7.723125945529847,-6.546001736778762,27.62034517224715
2.37,-7.610206439701784,-6.520628959174279,27.385669959073187
2.38,-7.506138209211129,-6.51203403669035,27.14926957757881
2.39,-7.411758770934339,-6.519468631957753,26.913634913229178
2.4,-7.328309678557642,-6.5434918031144775,26.680407905592514
2.41,-7.256391111071181,-6.584136155123822,26.45075354284973
2.42,-7.19607067974882,-6.6403440922094825,26.226210054627188
2.43,-7.147415995864408,-6.711058018595161,26.00831567055121
2.44,-7.110494670691808,-6.795220338504549,25.79860862024815
2.45,-7.085374315504872,-6.891773456161355,25.598627133344337
2.46,-7.072123653841941,-6.999662888557469,25.409910331653233
2.47,-7.071262090697827,-7.119313171986528,25.234313713578153
2.48,-7.082895056767361,-7.250783409580632,25.07319633183973
2.49,-7.106604555911643,-7.3928479916228165,24.92746004298265
2.5,-7.141972591991767,-7.544281308396095,24.798006703551632
2.5100000000000002,-7.188581168868833,-7.703857750183504,24.68573817009138
2.52,-7.246012290403935,-7.870351707268054,24.59155629914661
2.5300000000000002,-7.313847960458174,-8.042537569932783,24.516362947262017
2.54,-7.392059474107831,-8.219930758241693,24.46185910358439
2.5500000000000003,-7.4806146961893845,-8.40234336889481,24.429918547726764
2.56,-7.578554684858713,-8.588055218282413,24.42065007869328
2.57,-7.684903959822191,-8.775316938599628,24.434129908099294
2.58,-7.798687040786189,-8.962379162041579,24.470434247560156
2.59,-7.918928447457066,-9.147492520803365,24.529639308691213
2.6,-8.044841807004051,-9.328960850677854,24.61226443733361
2.61,-8.176569595716675,-9.505270189385577,24.72090751754748
2.62,-8.31278543235688,-9.674360145309015,24.854559464986558
2.63,-8.451867202886392,-9.834076210058612,25.011504683251793
2.64,-8.592192793266953,-9.982263875244843,25.190027575944164
2.65,-8.732140089460286,-10.116768632478156,25.388412546664618
2.66,-8.870090324806037,-10.235428682660752,25.60495776388754
2.67,-9.005057187477318,-10.334933275141623,25.84018390018063
2.68,-9.135849712906964,-10.41320350307744,26.0924691593993
2.69,-9.260784983961608,-10.469399933965185,26.357890775303158
2.7,-9.378180083507901,-10.50268313530185,26.632525981651863
2.71,-9.48635209441247,-10.512213674584423,26.912452012205026
2.72,-9.58360614370001,-10.497107832073992,27.193763384601553
2.73,-9.667552127731765,-10.453604000619983,27.47391771153358
2.74,-9.73700245148349,-10.381440622817028,27.749763409732953
2.75,-9.791553226112528,-10.283073870163172,28.017235195138937
2.7600000000000002,-9.83080056277624,-10.160959914156452,28.272267783690854
2.77,-9.854340572631973,-10.017554926294919,28.510795891327973
2.7800000000000002,-9.86176936683708,-9.855315078076602,28.72875423398961
2.79,-9.851920392598558,-9.675375266860101,28.922155461491027
2.8000000000000003,-9.823799210159635,-9.478397875033494,29.088836167292804
2.81,-9.778639386932596,-9.268274668680295,29.227911867240348
2.82,-9.7177258243613,-9.048977974690525,29.33851283755401
2.83,-9.642343423889601,-8.8244801199542,29.41976935445414
2.84,-9.553171754371768,-8.598282360630892,29.470035818665888
2.85,-9.45011898664541,-8.372498595793989,29.48755017181243
2.86,-9.335160698215581,-8.150024853395141,29.47411646135254
2.87,-9.210398741514648,-7.933830441523499,29.431728278199305
2.88,-9.077934968975006,-7.726884668268248,29.362379213265807
2.89,-8.939645920770946,-7.532138864498612,29.267437995624714
2.9,-8.796555571721976,-7.351599084219887,29.146629837756546
2.91,-8.650428966922782,-7.186170124796828,29.002688764168152
2.92,-8.503139008655952,-7.036704828657004,28.838697689336055
2.93,-8.35655859920405,-6.904056038227961,28.657739527736762
2.94,-8.21256490006305,-6.789147004075589,28.462769754197545
2.95,-8.072852135208244,-6.693581604032422,28.254641631659517
2.96,-7.938497620771457,-6.6172609898313635,28.035294784579246
2.97,-7.810478944374388,-6.559549042917526,27.807380246414468
2.98,-7.689773693638756,-6.5198096447360365,27.573549050622944
2.99,-7.577359456186259,-6.497406676732013,27.33645223066241
3.0,-7.474220949626768,-6.491720368205157,27.098728926526196
3.0100000000000002,-7.381735153123745,-6.503354598292469,26.861861540612164
3.02,-7.300503204425628,-6.532156293804511,26.62704328341547
3.0300000000000002,-7.230650051503726,-6.577078822610863,26.395954503160844
3.04,-7.172300642329365,-6.6370755525811,26.170275548073054
3.0500000000000003,-7.125579924873853,-6.7110998515848035,25.951686766376824
3.06,-7.090612847108514,-6.798105087491545,25.741868506296925
3.0700000000000003,-7.067532944200561,-6.897066826722163,25.542504534485364
3.08,-7.057007013862474,-7.008581309274841,25.355381303046805
3.09,-7.059130580549187,-7.132523868981581,25.181715735274643
3.1,-7.073533454870766,-7.267710999890636,25.022473703722476
3.11,-7.0998454474372785,-7.412959196050243,24.87862108094393
3.12,-7.137696368858793,-7.56708495150866,24.751123739492606
3.13,-7.186716029745373,-7.728904760314121,24.640947551922125
3.14,-7.246534240707089,-7.897235116514889,24.549058390786083
3.15,-7.317274087850748,-8.071911059430368,24.477430647080805
3.16,-7.398791046265897,-8.252614197994165,24.42771725775826
3.17,-7.490190399564815,-8.437697616357529,24.40016205156266
3.18,-7.590576707030995,-8.625513024407228,24.395007444950224
3.19,-7.699054527947915,-8.814412132029997,24.41249585437718
3.2,-7.814728421599069,-9.0027466491126,24.452869696299746
3.21,-7.936955525654371,-9.188945844581017,24.516917420644518
3.22,-8.065959477603672,-9.37159413897177,24.607222853262925
3.23,-8.200402492819755,-9.548631545604922,24.722878507691387
3.24,-8.338712041307568,-9.717915148466469,24.862461803228225
3.25,-8.479315593072029,-9.877302031542376,25.02455015917175
3.2600000000000002,-8.620640618118081,-10.024649278818638,25.20772099482028
3.27,-8.761119186016002,-10.157806821816905,25.410568010809957
3.2800000000000002,-8.89994026941664,-10.27357747489811,25.634037185559244
3.29,-9.03595841331736,-10.369726884524207,25.876776072216874
3.3000000000000003,-9.16741703487441,-10.445064732357938,26.135033076285822
3.31,-9.292559551244011,-10.498400700062026,26.405056603269017
3.3200000000000003,-9.409629379582407,-10.528544469299211,26.683095058669426
3.33,-9.516864678178084,-10.534279322703934,26.965411368266444
3.34,-9.612069604210742,-10.511797373622006,27.249926385338988
3.35,-9.693941855483345,-10.460413083092318,27.533612525269685
3.36,-9.7617705390929,-10.382130897458701,27.81211991945061
3.37,-9.814844762136424,-10.278955263064974,28.08109869927386
3.38,-9.852453631710924,-10.152890626254969,28.336198996131507
3.39,-9.873886254913417,-10.005941433372497,28.573070941415654
3.4,-9.877633427360335,-9.838399450745241,28.787655465309104
3.41,-9.862983761392943,-9.651183295540362,28.97771790225675
3.42,-9.830953841335234,-9.448245396972682,29.14170698827334
3.43,-9.782567496833943,-9.233551994756326,29.278072199943864
3.44,-9.718848557535814,-9.011069328605448,29.38526301385328
3.45,-9.639962329903678,-8.784007843087402,29.460894877237873
3.46,-9.545769058041806,-8.554441406365989,29.503410144043308
3.47,-9.438349347680854,-8.32567077716794,29.514349986159242
3.48,-9.319844503603088,-8.101039499264544,29.495328325749266
3.49,-9.192395830590756,-7.883891116427062,29.447959084976972
3.5,-9.057711098210921,-7.6774324101924405,29.373030097717237
3.5100000000000002,-8.916515226620541,-7.483601786432892,29.270246828485647
3.52,-8.770723214474193,-7.30366451429979,29.142447241167016
3.5300000000000002,-8.622345608358927,-7.138880708742709,28.99268047484555
3.54,-8.473392954861813,-6.990510484711262,28.823995668605487
3.5500000000000003,-8.325857909483695,-6.85995826504497,28.639047359801406
3.56,-8.18132257164622,-6.748712808721494,28.438437590265472
3.5700000000000003,-8.040959005648872,-6.656555596445637,28.224605899864585
3.58,-7.905921488896412,-6.5830540931809445,28.000375227073032
3.59,-7.777364298793587,-6.527775763890945,27.76856851036507
3.6,-7.65644171274514,-6.490288073539173,27.53200868821496
3.61,-7.544466923067034,-6.470486809291484,27.293196316206217
3.62,-7.442922282517852,-6.469158475831019,27.053114538771716
3.63,-7.352150348955484,-6.485460872268933,26.813483320032233
3.64,-7.27238037590396,-6.518356735858864,26.57616780476077
3.65,-7.203841616887324,-6.566808803854446,26.34303313773038
3.66,-7.146763325429608,-6.629779813509321,26.11594446371406
3.67,-7.101374755054853,-6.706232502077119,25.896766927484865
3.68,-7.06809196647732,-6.795636277258992,25.68732113923167
3.69,-7.047636912852381,-6.8988433256387705,25.488964117788733
3.7,-7.039818218209555,-7.014908408798738,25.30279050061173
3.71,-7.044362842920488,-7.1426950487329055,25.12989302539127
3.72,-7.060997747356825,-7.2810667674353065,24.97136442981791
3.73,-7.089449891890212,-7.428887086899949,24.828297451582255
3.74,-7.129446236892295,-7.585019529120869,24.701784828374873
3.75,-7.180893435170945,-7.7487366660091475,24.593266849870126
3.7600000000000002,-7.244208149048843,-7.920779558935256,24.50530879204537
3.77,-7.318704665408003,-8.09982025050762,24.438542207042364
3.7800000000000002,-7.403550593799993,-8.284223853382347,24.393327100426358
3.79,-7.497913543776368,-8.472355480215512,24.370023477762608
3.8000000000000003,-7.600961124888696,-8.662580243663225,24.36899134461636
3.81,-7.711860946688529,-8.853263256381561,24.390590706552874
3.8200000000000003,-7.829864915731543,-9.042824613936908,24.435363465839153
3.83,-7.955343587632559,-9.23038721611164,24.506241420051165
3.84,-8.087307045457719,-9.414124967244268,24.60316577123664
3.85,-8.2242075508627,-9.59183985489647,24.72486684745556
3.86,-8.364497365503157,-9.761333866629903,24.87007497676789
3.87,-8.50662875103477,-9.920408990006251,25.037520487233614
3.88,-8.649053969113197,-10.066867212587171,25.225933706912695
3.89,-8.790585051572204,-10.198102124497131,25.43512273522409
3.9,-8.930606503995827,-10.311125952968197,25.665833720277554
3.91,-9.067395304834246,-10.404490047315154,25.914679233856997
3.92,-9.199157165140246,-10.476835166997768,26.178033724736057
3.93,-9.324097795966637,-10.526802071475824,26.452271641688416
3.94,-9.440422908366202,-10.553031520209094,26.73376743348771
3.95,-9.546156184808487,-10.55293762562508,27.01972197472217
3.96,-9.639509202683776,-10.52349985538711,27.308218093788298
3.97,-9.719609096625113,-10.466207562417214,27.594875109983157
3.98,-9.785618816450635,-10.38275077282993,27.87519123294689
3.99,-9.836701311978493,-10.274819512739786,28.144664672319706
4.0,-9.872019533026828,-10.144103808261322,28.398793637741754
4.01,-9.890307125146107,-9.991524428364226,28.633186388266637
4.0200000000000005,-9.889888591379469,-9.816846046358302,28.844924920595066
4.03,-9.871502057641193,-9.623642008640656,29.032143184529932
4.04,-9.836082714155411,-9.41581615649703,29.19299781494287
4.05,-9.784565751146259,-9.197272331213185,29.325645446705487
4.0600000000000005,-9.717523394411009,-8.971638286990157,29.427868106843505
4.07,-9.634064884370828,-8.740945678254624,29.496701921275015
4.08,-9.535843376470522,-8.508396947877952,29.53301668224887
4.09,-9.424950823305439,-8.277472093565546,29.5382239223502
4.1,-9.303479177470921,-8.051651113022816,29.513735174164125
4.11,-9.173402573265598,-7.834400652316766,29.46071498119249
4.12,-9.035467869223735,-7.6284112124515016,29.378272372452795
4.13,-8.89137173028724,-7.435188563775234,29.268556901328633
4.14,-8.743187206470619,-7.256138988518133,29.13462257618795
4.15,-8.592987347788359,-7.092668768910356,28.979523405398677
4.16,-8.442839753958562,-6.946212579573769,28.806248279482322
4.17,-8.29444757869837,-6.818693419650914,28.615671861300815
4.18,-8.149088114298626,-6.710416013042169,28.40967523913769
4.19,-8.008040962742035,-6.6210470749510835,28.191161427316793
4.2,-7.872585726011334,-6.550253320581231,27.963033440162018
4.21,-7.744002006089224,-6.497701465136162,27.728194291997212
4.22,-7.623620392764773,-6.463188326593204,27.489418709765907
4.23,-7.512994864096872,-6.447604759595194,27.24789074207156
4.24,-7.412684374787341,-6.450356589516769,27.005229207508506
4.25,-7.323027245313077,-6.47040110689922,26.763383402844095
4.26,-7.244361796150985,-6.506695602283842,26.5243026248457
4.2700000000000005,-7.1770263477779634,-6.558197366211936,26.289936170280658
4.28,-7.121359220670931,-6.623863689224787,26.06223333591639
4.29,-7.07780378164228,-6.702980564779732,25.843109572015813
4.3,-7.04710879142001,-6.796435490885547,25.634010085228137
4.3100000000000005,-7.029168479884492,-6.903442851516452,25.436079237168112
4.32,-7.023750132111906,-7.022890792392655,25.25046142355747
4.33,-7.030621033178431,-7.153667459234391,25.078301040117903
4.34,-7.049548468160245,-7.294660997761887,24.920742482571118
4.3500000000000005,-7.080299722133533,-7.444759553695382,24.778930146638807
4.36,-7.122801244880172,-7.60320338249593,24.654291067925588
4.37,-7.17753197685567,-7.770751440125263,24.54934395954168
4.38,-7.243885476350619,-7.9462140039414715,24.464848908310703
4.39,-7.321086681234309,-8.128059540247104,24.401278214045952
4.4,-7.408360529376043,-8.314756515344726,24.35910417656072
4.41,-7.504931958645096,-8.504773395536853,24.33879909566832
4.42,-7.610025906910768,-8.69657864712605,24.340835271182044
4.43,-7.722915931729897,-8.888679253830071,24.365786821934677
4.44,-7.843827957024731,-9.08029961689339,24.41621241628286
4.45,-7.971923562135702,-9.269727177371827,24.49241676043426
4.46,-8.105813834357907,-9.454799301743344,24.593547997841036
4.47,-8.24410986098643,-9.633353356485877,24.71875427195535
4.48,-8.385422729316371,-9.803226708077382,24.867183726229378
4.49,-8.528406902272554,-9.962221646449944,25.038121683385178
4.5,-8.672560880547351,-10.107468157536855,25.233296743917222
4.51,-8.81651138545591,-10.236826930110436,25.45111277671333
4.5200000000000005,-8.958423036150904,-10.348536134982862,25.68842847799903
4.53,-9.096460451784976,-10.440833942966282,25.94210254399976
4.54,-9.2287882515108,-10.511958524872872,26.208993670941048
4.55,-9.35356983731729,-10.560007101110648,26.48608147489631
4.5600000000000005,-9.469091752658768,-10.580743020300938,26.77253802410854
4.57,-9.574028503755747,-10.573499030522456,27.06494739926516
4.58,-9.667120206293589,-10.539163421211335,27.358628472013457
4.59,-9.747106975957653,-10.47862448180371,27.648900114000682
4.6000000000000005,-9.812728928433298,-10.392770501735704,27.931081196874118
4.61,-9.862657137701282,-10.282314700577546,28.20051943208443
4.62,-9.894793299408441,-10.14560070925185,28.453587836796274
4.63,-9.908932881551989,-9.984778866963222,28.687541902785508
4.64,-9.905511651046108,-9.803486434660641,28.899599485224083
4.65,-9.884965374804985,-9.605360673293069,29.086978439283968
4.66,-9.847729010279998,-9.394038068835643,29.246895823285872
4.67,-9.792781588212975,-9.171567933781485,29.3754784066246
4.68,-9.720264646476034,-8.940372748450397,29.471310063950682
4.69,-9.63214236240886,-8.70444307868648,29.53508279596663
4.7,-9.530378913351162,-8.467769490333898,29.56748860337495
4.71,-9.41693847664263,-8.234342549236752,29.569219486878172
4.72,-9.293099464275803,-8.007708445234089,29.539952478903487
4.73,-9.159381927010529,-7.789829841704223,29.47921484176513
4.74,-9.01790612569829,-7.582728652956448,29.389772969162646
4.75,-8.870854356809607,-7.3884488269897455,29.27450124903363
4.76,-8.720408916815007,-7.209034311803116,29.1362740693157
4.7700000000000005,-8.568582227510742,-7.046689800673666,28.977078447292868
4.78,-8.416783681127768,-6.902888559659087,28.797476489302674
4.79,-8.26654762730919,-6.777675899229163,28.600418315881626
4.8,-8.119426267367068,-6.6710451584187185,28.388993776306176
4.8100000000000005,-7.976971802613455,-6.582989676262571,28.166292719852752
4.82,-7.840746727428226,-6.513532860956478,27.935372669457188
4.83,-7.712531029028019,-6.463787995467121,27.697686703640773
4.84,-7.593220336919705,-6.433595831814068,27.45480776053825
4.8500000000000005,-7.483344414901921,-6.4219578270348725,27.208992552397355
4.86,-7.3834330267733295,-6.427875438167091,26.962497791465875
4.87,-7.294015936332567,-6.450350122248277,26.717580189991544
4.88,-7.215622907378278,-6.488383336315983,26.476496460222123
4.89,-7.14891789329209,-6.541343986436687,26.241352031570898
4.9,-7.094871917465682,-6.6100858117966474,26.013270066778084
4.91,-7.053505712981929,-6.693788822430131,25.793528033054887
4.92,-7.024720148912865,-6.791362379272849,25.583481664478857
4.93,-7.0084160943305225,-6.901715843260511,25.384486695127567
4.94,-7.004494418306941,-7.023758575328833,25.197898859078563
4.95,-7.012855989914156,-7.156399936413502,25.025073890409455
4.96,-7.03360461640555,-7.29913614438341,24.867648843996612
4.97,-7.067107069992548,-7.452745725325229,24.727653976978498
4.98,-7.112840799072645,-7.616035376996073,24.605919689333682
4.99,-7.170216645207963,-7.787642028428172,24.503185303104146
5.0,-7.238645449960637,-7.9662026086538,24.420190140331854
5.01,-7.317538054892794,-8.15035404670522,24.35767352305877
5.0200000000000005,-7.406305301566573,-8.338733271614704,24.31637477332686
5.03,-7.5044857805725504,-8.53013175738063,24.2972960752719
5.04,-7.612334921852311,-8.724255035110874,24.30299217656007
5.05,-7.728917951954293,-8.919452718290835,24.333707748743816
5.0600000000000005,-7.853032866702486,-9.113758759194878,24.389150214801745
5.07,-7.9834776619208405,-9.305207110097324,24.46902699771247
5.08,-8.119050333433345,-9.49183172327254,24.5730455204546
5.09,-8.25863968296175,-9.67163918623292,24.70114993130996
5.1000000000000005,-8.402127410800658,-9.842240736622568,24.85568959102392
5.11,-8.548183784133728,-10.001404507971454,25.03545899640915
5.12,-8.695037245547288,-10.147006624215255,25.238052894729293
5.13,-8.840916237627649,-10.276923209289635,25.461066033247985
5.14,-8.98404920296112,-10.38903038713025,25.70209315922886
5.15,-9.122678348994098,-10.481116208838175,25.95883894001791
5.16,-9.255445026457659,-10.54911456847623,26.231392969072164
5.17,-9.380873055425075,-10.591542432135114,26.51680636460333
5.18,-9.497329511328953,-10.608204334181645,26.81055209830155
5.19,-9.603181469601912,-10.598904808982642,27.108103141856994
5.2,-9.696796005676537,-10.563448390904929,27.40493246695975
5.21,-9.776457950383833,-10.501361511462374,27.696597817193297
5.22,-9.839884523297918,-10.4096992546802,27.97991596527545
5.23,-9.886502314322064,-10.29011405167301,28.251385821493148
5.24,-9.916194135034617,-10.145660219966363,28.507207945582103
5.25,-9.928842797013944,-9.979392077085786,28.743582897278095
5.26,-9.9243311118384,-9.79436394055682,28.95671123631688
5.2700000000000005,-9.901612132344725,-9.592463724364979,29.142286430422278
5.28,-9.85928951635026,-9.374605403043487,29.297135707919885
5.29,-9.798990901165523,-9.144999237223358,29.420965327224717
5.3,-9.722460474356094,-8.907991262320317,29.513570927010754
5.3100000000000005,-9.631442423487542,-8.667927513750072,29.574748145951986
5.32,-9.527632697738596,-8.4291247779684,29.604233136828856
5.33,-9.410997785021113,-8.194354626254631,29.60011078000915
5.34,-9.282791505074597,-7.965768606444084,29.56341135695057
5.3500000000000005,-9.14531684132333,-7.745915680658915,29.496690404076713
5.36,-9.000876777191632,-7.537344811021336,29.402503457811196
5.37,-8.851760078477348,-7.342617996729685,29.283357034914616
5.38,-8.699462559554549,-7.164431739417952,29.13959147656543
5.39,-8.54544596113278,-7.003780799367852,28.973089997615194
5.4,-8.391492266846413,-6.861057896965911,28.787135412417364
5.41,-8.239383460329863,-6.736655752598696,28.585010535325434
5.42,-8.090901525217502,-6.630967086652734,28.36999818069285
5.43,-7.947931028668836,-6.544924001599217,28.144418786084305
5.44,-7.811919716143534,-6.479311214959912,27.909208482055185
5.45,-7.683671965403693,-6.433298751095311,27.6668293109427
5.46,-7.563980400306728,-6.406018835128799,27.419792362129396
5.47,-7.453637644710063,-6.396603692183768,27.170608724997834
5.48,-7.353436322471117,-6.40418554738361,26.921789488930546
5.49,-7.264256931968362,-6.428134168767003,26.675714167098644
5.5,-7.187260713182675,-6.469235938736771,26.43359293186435
5.51,-7.122628957623609,-6.526748096070014,26.19682799266884
5.5200000000000005,-7.070375084365218,-6.59956765295457,25.96696636636119
5.53,-7.030512512481572,-6.6865916215782635,25.745555069790555
5.54,-7.003054661046722,-6.786717014128933,25.534141119806016
5.55,-6.988014949134729,-6.898840842794415,25.33427153325667
5.5600000000000005,-6.98556785626987,-7.022330860899219,25.14760512147106
5.57,-6.99625357961311,-7.158142279385765,24.975930258459737
5.58,-7.019710684289004,-7.3052923793309015,24.82024234607571
5.59,-7.055475742505062,-7.462537998165246,24.681456965614686
5.6000000000000005,-7.103085326468801,-7.628635973319431,24.56048969837237
5.61,-7.162076008387724,-7.80234314222405,24.458256125644485
5.62,-7.231984360469344,-7.982416342309732,24.37567182872674
5.63,-7.312491337900244,-8.167848846721338,24.313927809816047
5.64,-7.403915420503844,-8.358801129135031,24.275530655854748
5.65,-7.5054444690059565,-8.553785483409321,24.2609943024251
5.66,-7.616054935643335,-8.75098410928082,24.27044240413093
5.67,-7.73472327265276,-8.94857920648619,24.30399861557605
5.68,-7.860425932271001,-9.144752974762083,24.361786591364275
5.69,-7.99218132443303,-9.337697892947764,24.444021470693546
5.7,-8.13012659699781,-9.525801338803268,24.553269455064065
5.71,-8.273252379495496,-9.706956124194155,24.68935875025912
5.72,-8.419842320181537,-9.878847341634366,24.850537593229134
5.73,-8.568180067311403,-10.039160083637857,25.035054220924533
5.74,-8.716549269140511,-10.185579442718545,25.241156870295697
5.75,-8.863233573924331,-10.315790511390386,25.467093778293066
5.76,-9.007075636436417,-10.42657305219033,25.712985265629126
5.7700000000000005,-9.146991531886103,-10.515254463833827,25.97792315308442
5.78,-9.281154193218125,-10.580760853183355,26.257754992039384
5.79,-9.407734228889604,-10.622022723749993,26.548319340830062
5.8,-9.524902247357645,-10.637970579044806,26.845454757792464
5.8100000000000005,-9.63082126178731,-10.627506301780764,27.145013144546162
5.82,-9.722998822759536,-10.586792474015049,27.444381780745058
5.83,-9.80008600425677,-10.515412049181455,27.74020547788736
5.84,-9.861546173414801,-10.415827422173944,28.027960627543077
5.8500000000000005,-9.906842697369424,-10.290500987886471,28.303123621282225
5.86,-9.935438943256415,-10.141895141213022,28.561170850674753
5.87,-9.946798278211569,-9.972472277047547,28.797578707290683
5.88,-9.939271451464107,-9.782736982768347,29.008141244698624
5.89,-9.912299673304991,-9.574214217787425,29.190829781329935
5.9,-9.867180313229252,-9.351214621789332,29.344416598083214
5.91,-9.805211511712303,-9.11805007065445,29.467674089375745
5.92,-9.72769140922955,-8.879032440263108,29.55937464962484
5.93,-9.634570011966094,-8.637430250886295,29.616931473044655
5.94,-9.526315708424242,-8.39575997314357,29.639696377911044
5.95,-9.405246549919621,-8.157347351184246,29.62965002077505
5.96,-9.273681660574065,-7.925518759892249,29.58877438479896
5.97,-9.133940164509418,-7.7036005741515226,29.519051453145053
5.98,-8.987508386207562,-7.49475072299604,29.42073968256067
5.99,-8.835597429677327,-7.300671538308772,29.29472097299812
6.0,-8.680255659456295,-7.1224727041859115,29.14425935989783
6.01,-8.523532147073372,-6.961263743817381,28.97262060084909
6.0200000000000005,-8.367475964057451,-6.818154180393088,28.78307045344118
6.03,-8.21410786987712,-6.694676389880633,28.577804217157006
6.04,-8.06492692273873,-6.591731962917946,28.357947098416815
6.05,-7.921101861981991,-6.5087513954483,28.126320467074162
6.0600000000000005,-7.783798760551739,-6.445143321907921,27.88578150370856
6.07,-7.654183691392846,-6.400316376733042,27.639187388899604
6.08,-7.533422727450146,-6.373679194359885,27.38939530322681
6.09,-7.422902189313923,-6.365500937996381,27.13849344557861
6.1000000000000005,-7.323566409366187,-6.376133779310856,26.88760852755637
6.11,-7.235682067116635,-6.404477452806862,26.638579220870657
6.12,-7.159511557817229,-6.449420036336451,26.39325212215043
6.13,-7.095317276719941,-6.509849607751675,26.153473828024673
6.140000000000001,-7.043361619076736,-6.58465424490459,25.921090935122344
6.15,-7.0039103655363855,-6.672733993008517,25.697950713299328
6.16,-6.977569486296544,-6.7745645805471995,25.485839657493827
6.17,-6.9644543587436445,-6.890129577726812,25.28601917817593
6.18,-6.964290554191177,-7.018290743993377,25.099585001031887
6.19,-6.976803643952634,-7.157909838792927,24.927632851747934
6.2,-7.0017191993415056,-7.307848621571459,24.771258456010344
6.21,-7.038762791671283,-7.466968851775009,24.63155753950536
6.22,-7.087680727059545,-7.6341781687935235,24.509665430643018
6.23,-7.148904747131667,-7.810073733325951,24.40812790391173
6.24,-7.22209249865274,-7.9940293626642775,24.32829907248815
6.25,-7.306401245946278,-8.184395515894014,24.270626464528757
6.26,-7.40098825333579,-8.37952265210066,24.23555760819005
6.2700000000000005,-7.505010785144793,-8.57776123036973,24.223540031628513
6.28,-7.61762610569678,-8.777461709786683,24.235021263000647
6.29,-7.7379914793152675,-8.976974549437037,24.270448830462943
6.3,-7.865970830189919,-9.175125767933908,24.33169665677177
6.3100000000000005,-8.00117347796194,-9.370456293131513,24.420031333605664
6.32,-8.142114253486293,-9.560704671427553,24.53445616878609
6.33,-8.28730567673908,-9.743607816497029,24.67396974191565
6.34,-8.435260267696389,-9.91690264201493,24.83757063259693
6.3500000000000005,-8.584493190169066,-10.078323049333086,25.024266318301006
6.36,-8.73424301147462,-10.224779694245274,25.235306537671793
6.37,-8.88329379339434,-10.35370457732258,25.469728331168316
6.38,-9.029726247263316,-10.46333185220572,25.724050568437697
6.390000000000001,-9.171621084416643,-10.551895672535421,25.994792119127094
6.4,-9.307059016189383,-10.617630191952388,26.27847185288359
6.41,-9.434116625569208,-10.658696496918559,26.571666621357792
6.42,-9.550853902903144,-10.670812266949381,26.873090046135907
6.43,-9.655871481142116,-10.653092845135422,27.17932742252117
6.44,-9.747945601063726,-10.6066873306805,27.48544902964655
6.45,-9.825852503445551,-10.532744822788455,27.786525146644944
6.46,-9.888368429065197,-10.432414420663113,28.077626052649325
6.47,-9.934196383667812,-10.30667980098592,28.353846206890186
6.48,-9.961116013611854,-10.154108619188275,28.611317412167264
6.49,-9.968965508841636,-9.977117662563604,28.847267155505115
6.5,-9.958325684436659,-9.779688351707453,29.058927842848227
6.51,-9.92977735547642,-9.565802107215383,29.24353188014107
6.5200000000000005,-9.883866100253925,-9.339407677687875,29.398279276691632
6.53,-9.819437233124818,-9.102600273630324,29.519292816667345
6.54,-9.737197565145893,-8.858366191800052,29.605871428259626
6.55,-9.63924586918511,-8.610828472631571,29.658863793820363
6.5600000000000005,-9.527680918110423,-8.364110156559367,29.679118595701446
6.57,-9.404600414987591,-8.12233399652427,29.667482805559917
6.58,-9.270842588254903,-7.888898685134493,29.623107534265895
6.59,-9.12754708443863,-7.665829193182086,29.546826100917055
6.6000000000000005,-8.977051868276599,-7.455129807563409,29.441670782374395
6.61,-8.821694904506675,-7.25880481517488,29.310673855498933
6.62,-8.663813575941838,-7.078859809967946,29.156864286978184
6.63,-8.505283203761222,-6.917651640514238,28.98146986411014
6.640000000000001,-8.347520434446237,-6.776050911811644,28.786141076103046
6.65,-8.192098027542057,-6.654002243940793,28.574109592115693
6.66,-8.040588742593812,-6.551450256982279,28.348607081306817
6.67,-7.89456533914665,-6.468339571016706,28.11286521283517
6.68,-7.7557090679402805,-6.404889911074432,27.86975770839371
6.69,-7.62573076395156,-6.362034630462963,27.620336287316825
6.7,-7.5052927951210435,-6.338958074462551,27.366655699530423
6.71,-7.394947382905511,-6.3346203899775855,27.110985310489674
6.72,-7.295246748761753,-6.347981723912464,26.85559448564977
6.73,-7.206743114146553,-6.3780022231715865,26.602752590465887
6.74,-7.1299887005167175,-6.423642034659344,26.354728990393262
6.75,-7.065863266080282,-6.485021393450938,26.113333341604054
6.76,-7.014878191028513,-6.56238503209042,25.879735601796003
6.7700000000000005,-6.976940040095622,-6.654626170565612,25.6553147039624
6.78,-6.951954823485573,-6.7606365116347265,25.44144999775953
6.79,-6.93982855140232,-6.879307758056002,25.239520832843617
6.8,-6.940467234049821,-7.009531612587667,25.0509065588709
6.8100000000000005,-6.953792714122843,-7.150245877318729,24.877008919449313
6.82,-6.980234997756163,-7.302133790226281,24.719970452492586
6.83,-7.019603124821417,-7.464822390092349,24.581117700961027
6.84,-7.071321648051488,-7.636947800536157,24.461244036088566
6.8500000000000005,-7.134815120179263,-7.8171461451769435,24.361142829109127
6.86,-7.209508093937615,-8.004053547633902,24.281607451256665
6.87,-7.29482512205943,-8.19630613152627,24.2234312737651
6.88,-7.390190883425193,-8.392540189400625,24.18740790986202
6.890000000000001,-7.4957108231097465,-8.592335224523582,24.175684061952648
6.9,-7.61102686954582,-8.79477317142523,24.189701099976894
6.91,-7.7349268256099455,-8.997822188154396,24.229306689951883
6.92,-7.8661984941786445,-9.199450432759887,24.294348497894745
6.93,-8.003629678128442,-9.397626063290511,24.384674189822608
6.94,-8.146008180335873,-9.590317237795091,24.5001314317526
6.95,-8.292929496669114,-9.7753496748807,24.642334952659517
6.96,-8.44381764367937,-9.950332589219604,24.812078359767668
6.97,-8.596794169285605,-10.112954739703873,25.00703435326501
6.98,-8.749975586995093,-10.260905453995397,25.224864042429555
6.99,-8.901478410315073,-10.39187405975603,25.463228536539265
7.0,-9.049419152752817,-10.50354988464767,25.719788944872153
7.01,-9.192256005464351,-10.59255838583691,25.99371346767503
7.0200000000000005,-9.328772046919275,-10.655773914078797,26.283967666201942
7.03,-9.457216597975394,-10.69267748658138,26.585936852204384
7.04,-9.575828531407401,-10.702791136614637,26.894949242893226
7.05,-9.682846719989977,-10.685636897448536,27.20633305547932
7.0600000000000005,-9.776504366340864,-10.640719038268374,27.515422377962135
7.07,-9.854289860070988,-10.564962953865988,27.818706068899647
7.08,-9.914971131326327,-10.458461807546064,28.11266243829617
7.09,-9.958305029978199,-10.324228011899047,28.39302555955855
7.1000000000000005,-9.984048405897923,-10.165273979515366,28.655529506093668
7.11,-9.99195810895681,-9.98461212298549,28.895908351308332
7.12,-9.981440894510909,-9.784776760683158,29.109789318935082
7.13,-9.950667550669746,-9.566289474305758,29.293498096378034
7.140000000000001,-9.900678075439428,-9.33307015950611,29.445957521107808
7.15,-9.832984574102165,-9.089644368079787,29.566363848232594
7.16,-9.749099151940156,-8.840537651822304,29.653913332860633
7.17,-9.65013559129901,-8.589995980750153,29.707297086587225
7.18,-9.535921187622074,-8.340596070368683,29.72437562850018
7.19,-9.408544294691582,-8.095399242161974,29.70702913800794
7.2,-9.27041208044133,-7.85762250521427,29.65761327080426
7.21,-9.123931712805083,-7.630482868609749,29.578483682582878
7.22,-8.971235162204886,-7.41720762301615,29.471310615608726
7.23,-8.813443229224498,-7.2200673205646835,29.336051618021525
7.24,-8.652515959548637,-7.040017807489705,29.175794242415606
7.25,-8.490530472369024,-6.877946987365635,28.993969130286832
7.26,-8.329563886877395,-6.734742763766909,28.794006923131075
7.2700000000000005,-8.171713170226667,-6.611461049432881,28.579004220830722
7.28,-8.018810116224943,-6.509513961316578,28.349969762828994
7.29,-7.871964956176754,-6.4284439042653885,28.109381534627765
7.3,-7.732216157202191,-6.367514424570616,27.860097642898463
7.3100000000000005,-7.600602186421333,-6.325989068523557,27.604976194312503
7.32,-7.478161510954292,-6.303131382415522,27.346875295541363
7.33,-7.3660505693403175,-6.298465733120494,27.08844437113452
7.34,-7.265725033121102,-6.312739515718674,26.83083704678148
7.3500000000000005,-7.177522199965406,-6.345118211833691,26.575652081759813
7.36,-7.101613625678132,-6.3944667540819085,26.324668005117907
7.37,-7.038170866064157,-6.459650075079695,26.07966334590407
7.38,-6.987365476928369,-6.539533107443421,25.84241663316664
7.390000000000001,-6.949369014075652,-6.632980783789462,25.61470639595393
7.4,-6.9245351847552,-6.73955982307089,25.398364536229064
7.41,-6.913300650961456,-6.860059699328332,25.194975328645985
7.42,-6.915388571009904,-6.993436078607255,25.005638433243963
7.43,-6.930486465655883,-7.13853235443418,24.831435531179512
7.44,-6.958281855654729,-7.29419192033564,24.673448303609113
7.45,-6.998462261761771,-7.459258169838128,24.53275843168931
7.46,-7.050715204732348,-7.632574496468173,24.41044759657659
7.47,-7.115144860439366,-7.813866570189861,24.308405073109405
7.48,-7.191952345872714,-8.003451474547125,24.22897131632379
7.49,-7.280256639679126,-8.199673576703045,24.17260661948865
7.5,-7.379149312744567,-8.400823594169227,24.13972114311486
7.51,-7.487721935954995,-8.605192244457266,24.130725047713288
7.5200000000000005,-7.60506608019638,-8.811070245078772,24.146028493794812
7.53,-7.73027331635466,-9.016748313545303,24.186041641870315
7.54,-7.862767862791705,-9.220684862472329,24.25182792113207
7.55,-8.002653972119477,-9.421545765300515,24.34568348271625
7.5600000000000005,-8.148502545463456,-9.61705504847037,24.46676502451641
7.57,-8.29873574445391,-9.804853986503128,24.613931244864208
7.58,-8.451775730721153,-9.982583853920072,24.786040842091342
7.59,-8.606044665895482,-10.147885925242475,24.981952514529496
7.6000000000000005,-8.760398259954437,-10.297859003311046,25.201908364387087
7.61,-8.913927224210923,-10.429334012482547,25.446223016419015
7.62,-9.064665986190674,-10.540485500923834,25.711272036933412
7.63,-9.210619108224044,-10.629525708093627,25.993327337490904
7.640000000000001,-9.349791152641398,-10.694666873450656,26.288660829652137
7.65,-9.480186681773064,-10.73412123645363,26.59354442497769
7.66,-9.599660680785249,-10.743971673272457,26.90591258763521
7.67,-9.70660525110678,-10.722271203956069,27.22288418240872
7.68,-9.79985383350661,-10.670402845882169,27.539354027585365
7.69,-9.878239920951502,-10.589750102252463,27.850216594885012
7.7,-9.940597006408204,-10.481696476268677,28.150366356027455
7.71,-9.985734924334437,-10.347579072513614,28.434699903309507
7.72,-10.011326982821513,-10.186315677818925,28.698779369453575
7.73,-10.016908434830876,-9.999891819946587,28.93972866328588
7.74,-10.003191343176521,-9.792491151622745,29.15489133451054
7.75,-9.97088777067245,-9.568297325573486,29.341610932831756
7.76,-9.92068926163089,-9.33147670656798,29.49720958549065
7.7700000000000005,-9.85155270619093,-9.084497675762217,29.617640191114063
7.78,-9.764109977632499,-8.830475570980315,29.7020327079487
7.79,-9.660558158640814,-8.57369193173392,29.75143637705018
7.8,-9.543094331901091,-8.318428297534698,29.76690043947411
7.8100000000000005,-9.413907635975075,-8.06896361444832,29.749460036892444
7.82,-9.273857793603199,-7.828697961166638,29.698147926139985
7.83,-9.124304174063315,-7.599678081322846,29.614100883341898
7.84,-8.967644578446503,-7.383968794669409,29.500556321288755
7.8500000000000005,-8.80627680784382,-7.183634920958773,29.360751652771103
7.86,-8.64259198685471,-7.000757777112849,29.197877438911778
7.87,-8.47849490079953,-6.837698709140928,29.012953551781568
7.88,-8.31552742899838,-6.6950269530362,28.80807693537808
7.890000000000001,-8.155317254485084,-6.572622606419227,28.586589672093922
7.9,-7.99949206029352,-6.470365766910605,28.351833844321767
7.91,-7.849679529457519,-6.388136532130895,28.107151534454225
7.92,-7.707665915849642,-6.326306445779766,27.85521931855763
7.930000000000001,-7.5749829258144805,-6.2856004613965935,27.597098872208225
7.94,-7.45224198886806,-6.265028468064764,27.335043261099838
7.95,-7.340017761608751,-6.263515934366838,27.07139047946674
7.96,-7.2388849006349325,-6.279988328885381,26.80847852154323
7.97,-7.149418062544987,-6.313371120202958,26.548645381563603
7.98,-7.072211310445232,-6.362648058052852,26.294210202126827
7.99,-7.008211060686074,-6.428343559717973,26.046754315677635
8.0,-6.957642271657752,-6.510078875481075,25.807524102987493
8.01,-6.920421498585496,-6.606745661870195,25.577904366723438
8.02,-6.896465296694531,-6.717235575413369,25.359279909552516
8.03,-6.885690221210089,-6.840440272638633,25.153035534141765
8.040000000000001,-6.8880128273573975,-6.975251410074047,24.960556043158196
8.05,-6.903472949948429,-7.120948085175087,24.78340951858196
8.06,-6.932466922138287,-7.278430157255797,24.623766896458783
8.07,-6.974549102908241,-7.4466910236912645,24.482655044525995
8.08,-7.029156336365032,-7.624402864816646,24.36093312553957
8.09,-7.095725466615405,-7.810237860967099,24.25946030225548
8.1,-7.1736933377661,-8.002868192477784,24.179095737429698
8.11,-7.26249679392386,-8.200966039683859,24.120698593818208
8.120000000000001,-7.361679456201827,-8.403342229809557,24.08533667026247
8.13,-7.471546578496017,-8.609831597650171,24.075656777545497
8.14,-7.591225519049636,-8.818807332304514,24.092179928796536
8.15,-7.71952895780896,-9.02824097113124,24.134830281523723
8.16,-7.855269574720267,-9.236104051489,24.20353199323519
8.17,-7.997260049729833,-9.440368110736452,24.29820922143907
8.18,-8.144409909747594,-9.639005088391245,24.41900951105868
8.19,-8.296796107057524,-9.829861950925833,24.568635520423516
8.2,-8.453053120246986,-10.010489495810917,24.746154965538267
8.21,-8.611258425856349,-10.178399554426404,24.949311910343322
8.22,-8.76948950042589,-10.331103958152115,25.17585041877897
8.23,-8.925823820495976,-10.466114538367961,25.423514554785594
8.24,-9.07836690049882,-10.580861441167112,25.690172936113267
8.25,-9.225931763127935,-10.671178789764266,25.976177293780527
8.26,-9.366944150391507,-10.735230414716888,26.278454838396467
8.27,-9.499512299391046,-10.772288838138406,26.592261788152786
8.28,-9.621744447228059,-10.781626582142248,26.912854361241184
8.290000000000001,-9.731748831004072,-10.762516168841842,27.23548877585342
8.3,-9.827362191433332,-10.713294266348791,27.555721284414325
8.31,-9.905922309234496,-10.630000785710443,27.870396416974874
8.32,-9.96685802005414,-10.515052907997521,28.175108951616227
8.33,-10.009850168792608,-10.371685103103651,28.465240818938838
8.34,-10.034579600350241,-10.203131840922454,28.73617394954317
8.35,-10.040727159627389,-10.012627591347552,28.983290274029674
8.36,-10.027678999126346,-9.802956416580539,29.20195142344307
8.370000000000001,-9.993632862567685,-9.574540088937653,29.388755043597698
8.38,-9.939694942521715,-9.33131299892778,29.54275056818567
8.39,-9.86750879992691,-9.077952486322463,29.663213619663406
8.4,-9.778717995721745,-8.819135890893286,29.749419820487265
8.41,-9.674457003014023,-8.5592342703183,29.800021239090196
8.42,-9.554594812824522,-8.301062136046001,29.813039446978024
8.43,-9.421364683461281,-8.047826480201339,29.790582838542843
8.44,-9.277259945469842,-7.802839342980323,29.73513781481456
8.45,-9.12477392939574,-7.569412764578961,29.649190776823083
8.46,-8.96599158900655,-7.350906285452377,29.534155705350596
8.47,-8.802191655898586,-7.149506644685408,29.39036328861183
8.48,-8.635469065196002,-6.966086748508873,29.22128258170336
8.49,-8.467965902745753,-6.801485387437376,29.03052983162392
8.5,-8.301824254394788,-6.656541351985518,28.82172128537224
8.51,-8.13921367111512,-6.532443064884464,28.59774768189022
8.52,-7.981878979420394,-6.4304021226043,28.359588790569223
8.53,-7.830945474280361,-6.349768096661359,28.11002128399843
8.540000000000001,-7.687513087012245,-6.289777819148849,27.851983681491845
8.55,-7.552681748933345,-6.249668122160007,27.58841450236361
8.56,-7.4275513913608835,-6.228675837788035,27.322252265927723
8.57,-7.313447853511498,-6.226563375821682,27.055977783237388
8.58,-7.21161009213635,-6.243780934303232,26.79074649941195
8.59,-7.12224279858378,-6.2792574063147,26.528316396599145
8.6,-7.045505643397902,-6.331839868743728,26.270497995311036
8.61,-6.981558297122829,-6.400375398477958,26.01910181605968
8.620000000000001,-6.930560430302666,-6.483711072405047,25.775938379357093
8.63,-6.892672832701481,-6.580697249094074,25.542818438498713
8.64,-6.868487741590758,-6.691692842803378,25.321539694464768
8.65,-6.858204980977971,-6.816790809538831,25.11344480330319
8.66,-6.86152799323896,-6.954829050248668,24.919688589610576
8.67,-6.8781602207495665,-7.104645465881122,24.741425877983538
8.68,-6.907805105885629,-7.265077957384427,24.57981149301867
8.69,-6.950166091022988,-7.434964425706816,24.43600025931258
8.700000000000001,-7.004972218309678,-7.613204160534838,24.311194415459855
8.71,-7.072630694279391,-7.800518126624258,24.207950464406334
8.72,-7.1527411215639525,-7.996222151950785,24.127596259248403
8.73,-7.244435008271962,-8.19859624743699,24.070636249090423
8.74,-7.346843862512015,-8.405920424005448,24.037574883036736
8.75,-7.459099192392712,-8.61647469257873,24.028916610191704
8.76,-7.580332506022648,-8.82853906407941,24.04516587965967
8.77,-7.709677027748684,-9.040394998902137,24.086830972812574
8.78,-7.847080749826963,-9.250976026389722,24.156231587214357
8.790000000000001,-7.991904873102575,-9.458588061272911,24.254348155687843
8.8,-8.142623196469716,-9.66075739203712,24.380172968092566
8.81,-8.297709518822655,-9.85501030716787,24.5326983142881
8.82,-8.455637639055643,-10.038873095150649,24.710916484134017
8.83,-8.614931571851205,-10.209818584718308,24.914007535139014
8.84,-8.774858238981803,-10.364497018464325,25.143726739625514
8.85,-8.933781102972606,-10.500445422246022,25.397971173077675
8.86,-9.0896699416745,-10.615609687031366,25.67310026699172
8.870000000000001,-9.240494532938394,-10.707935703788339,25.965473452863925
8.88,-9.384224654615116,-10.775369363484872,26.271450162190412
8.89,-9.518792606095378,-10.815255719316722,26.58789181607483
8.9,-9.64218183979176,-10.823174271183486,26.91345345009605
8.91,-9.75292064687785,-10.799456072956232,27.243310935779437
8.92,-9.849598593825762,-10.745134980740193,27.572087401836676
8.93,-9.930805247107616,-10.6612448506406,27.894405976979446
8.94,-9.995130173195523,-10.548819538762686,28.204889789919424
8.950000000000001,-10.040617915347264,-10.407575440035385,28.498472446060294
8.96,-10.065518491847524,-10.236999928772736,28.771629126316554
8.97,-10.07026830664822,-10.041186701450748,29.02114078845122
8.98,-10.05538301599449,-9.824406447567432,29.24377656692487
8.99,-10.02137827613147,-9.590929856620795,29.436305596198064
9.0,-9.96790813647923,-9.344121776950933,29.594805628065412
9.01,-9.894010730067757,-9.086002880330685,29.71616001891415
9.02,-9.80173239783917,-8.82106325015724,29.800959499644055
9.03,-9.693267346343394,-8.553930429185446,29.84994703464429
9.040000000000001,-9.570809782130322,-8.289231960170103,29.863865588304016
9.05,-9.435951191243644,-8.031271614281888,29.842541880452494
9.06,-9.28926457786948,-7.782664984402015,29.78521353302265
9.07,-9.133155165180156,-7.545805385207952,29.69491766968654
9.08,-8.970150103086828,-7.32311450809095,29.574907968203426
9.09,-8.802776541500643,-7.117014044442256,29.42843810633256
9.1,-8.633233187317224,-6.930108387918197,29.257487769365962
9.11,-8.463079075938266,-6.763789899169167,29.063255321691912
9.120000000000001,-8.294132989522533,-6.618140074684267,28.849211250881872
9.13,-8.128221130024027,-6.4932261899061405,28.61886576867193
9.14,-7.967169699396665,-6.38911552027735,28.37572908679806
9.15,-7.812896049608533,-6.30617492241984,28.122882875001785
9.16,-7.6671866860736,-6.245377713710822,27.861479589623293
9.17,-7.5308374840796635,-6.2058515061290995,27.593867478266258
9.18,-7.404557730446763,-6.186517308173719,27.322610449038606
9.19,-7.289056711994936,-6.186296128343728,27.05027241004826
9.200000000000001,-7.185043715544206,-6.204108975138181,26.779417269403094
9.21,-7.093251323456259,-6.238947063962789,26.51257427281785
9.22,-7.01472332865867,-6.291278206485035,26.251258216464024
9.23,-6.949747103058737,-6.360629087262136,25.996739311766635
9.24,-6.898332226637552,-6.445883988458055,25.75050172285541
9.25,-6.860488279376206,-6.545927192236761,25.51402961386008
9.26,-6.836224841255791,-6.659642980762215,25.28880714891038
9.27,-6.825551492257399,-6.785915636198387,25.076318492136032
9.28,-6.828609466617886,-6.924232342976028,24.878305925058477
9.290000000000001,-6.845622605273364,-7.0753825070652265,24.696849735706902
9.3,-6.876178751197455,-7.238278961806048,24.53298068680826
9.31,-6.919824065736538,-7.4116807618048695,24.387654890492293
9.32,-6.976104710236996,-7.594346961668043,24.26182845888878
9.33,-7.044566846045205,-7.785036616001918,24.15645750412749
9.34,-7.124756634507548,-7.982508779412846,24.0724981383382
9.35,-7.216434410844181,-8.185927706166192,24.011390652395946
9.36,-7.319733777706292,-8.395353871809327,23.975696195162985
9.370000000000001,-7.433705329727335,-8.609036913042914,23.965874711647736
9.38,-7.557297931505471,-8.825045068456435,23.982172300729733
9.39,-7.689460447638919,-9.041446576639489,24.0248350612885
9.4,-7.829141742725882,-9.256309676181637,24.09410909220356
9.41,-7.975484908375996,-9.467751285721826,24.190689717342494
9.42,-8.128599004013669,-9.673956767010239,24.317420747943324
9.43,-8.286993204212663,-9.872413992563331,24.473299346738354
9.44,-8.448849836059482,-10.06050402769355,24.656554435519183
9.450000000000001,-8.612351226640651,-10.235607937713375,24.865414936077457
9.46,-8.775679703042611,-10.39510678793519,25.098109770204704
9.47,-8.937068428611436,-10.536273564828322,25.353083540858076
9.48,-9.09548477331473,-10.655017155455496,25.631395157764956
9.49,-9.249195830906583,-10.749188167559515,25.92998042548696
9.5,-9.396145070504128,-10.817384768103786,26.244250702030055
9.51,-9.534275961224498,-10.858205124051718,26.5696173454002
9.52,-9.66153197218483,-10.87024740236672,26.901491713603367
9.53,-9.775621555188634,-10.851060535038927,27.235853616178122
9.540000000000001,-9.874083022856782,-10.796704592833832,27.570090208246096
9.55,-9.955981657708723,-10.709134252894506,27.89915500180323
9.56,-10.020514092014231,-10.590846827160066,28.217743580881294
9.57,-10.066876958043064,-10.44433962756964,28.520551529511987
9.58,-10.09426688806498,-10.27210996606235,28.802274431727028
9.59,-10.101184710157122,-10.075416512933414,29.057781612949935
9.6,-10.086127545218863,-9.854854656200224,29.283941875074795
9.61,-10.050256064409483,-9.615134143412607,29.478867701721356
9.620000000000001,-9.994837932181273,-9.361140795520596,29.640688659875913
9.63,-9.921140812986561,-9.09776043347436,29.76753431652469
9.64,-9.829131185606883,-8.828824237842655,29.856373684433585
9.65,-9.71902788646928,-8.557264199627268,29.906003787940694
9.66,-9.59335060150268,-8.287170602366041,29.918300005641008
9.67,-9.45463298106456,-8.022642674689493,29.89515361812425
9.68,-9.305401862780679,-7.767780099947071,29.83844229094103
9.69,-9.146978460623883,-7.526266837731529,29.747997599012052
9.700000000000001,-8.98097001557175,-7.30007364890478,29.625463155599657
9.71,-8.809862775073174,-7.090753476680024,29.47450220927022
9.72,-8.636142986576967,-6.899859264270341,29.298778008590066
9.73,-8.46228991958786,-6.728976115160275,29.101882678998432
9.74,-8.290330387759335,-6.580180033243476,28.885154720613052
9.75,-8.121762503788146,-6.453681496523418,28.65090665607533
9.76,-7.958085667180461,-6.348990222756678,28.402491751858204
9.77,-7.800799277442441,-6.2656159296998295,28.14326327443462
9.78,-7.6514027340802535,-6.203068335109449,27.876574490277516
9.790000000000001,-7.511544128010973,-6.16126979224084,27.60529436515046
9.8,-7.382731731568943,-6.140796169715734,27.330606080085847
9.81,-7.2654538058804,-6.140582582704948,27.054568883057833
9.82,-7.16013704660301,-6.159437927051585,26.77935079141317
9.83,-7.067208149394443,-6.196171098598755,26.50711982249861
9.84,-6.987093809912365,-6.249590993189561,26.24004399366091
9.85,-6.920232360199244,-6.318546092139197,25.98028447348913
9.86,-6.867392572799575,-6.403494855119557,25.7295347237891
9.870000000000001,-6.828725546138086,-6.504175182739524,25.489075326968937
9.88,-6.804064056599957,-6.619479556316118,25.260240678213556
9.89,-6.793240880570345,-6.748300457166407,25.044365172707742
9.9,-6.796088794434414,-6.8895303666074446,24.842783205636334
9.91,-6.812440574577331,-7.042061765956284,24.65682917218416
9.92,-6.842292652875093,-7.20528451544496,24.488108538886284
9.93,-6.885985381022424,-7.380088837367636,24.338905679016502
9.94,-6.942984561319077,-7.565303390652276,24.210199558075185
9.950000000000001,-7.012663114976117,-7.759505064469317,24.102822622295342
9.96,-7.094393963204578,-7.961270747989093,24.017607317910045
9.97,-7.187550027215522,-8.169177330382041,23.9553860911523
9.98,-7.291504228220006,-8.381801700818565,23.916991388255134
9.99,-7.405774702233553,-8.597889970703807,23.903552646438317
10.0,-7.530625450256293,-8.81705939628595,23.917858251405693
10.01,-7.665015392065962,-9.037409837165967,23.960260867551476
10.02,-7.80762853052434,-9.256721086497773,24.03057127648972
10.03,-7.957148868493206,-9.472772937435284,24.12860025983449
10.040000000000001,-8.11226040883437,-9.683345183132456,24.254158599199865
10.05,-8.271919948642822,-9.886165373781818,24.407735123914502
10.06,-8.435935009217948,-10.078574066658138,24.59167243832045
10.07,-8.602503462020332,-10.25789682299861,24.80393607286501
10.08,-8.769598970805271,-10.421482070413967,25.041910917338686
10.09,-8.935195199328064,-10.566678236514935,25.302981861531997
10.1,-9.097265811344009,-10.690833748912244,25.584533795235455
10.11,-9.253938449118149,-10.790643392891047,25.88489756890952
10.120000000000001,-9.403770599014774,-10.862045111637435,26.203652596065023
10.13,-9.54486174858288,-10.904182955078559,26.53591946250718
10.14,-9.675264530723803,-10.91645119302085,26.87646399735098
10.15,-9.79303157833885,-10.898244095270716,27.22005202971136
10.16,-9.896212236250124,-10.848946389912294,27.56145163967576
10.17,-9.981768087976628,-10.764653533036476,27.896476572229087
10.18,-10.048074256310018,-10.645082644478535,28.221062487272352
10.19,-10.094930135987799,-10.493975567994584,28.530415899044016
10.200000000000001,-10.122135121747482,-10.315074147340695,28.819743321782607
10.21,-10.12948860832656,-10.112120226273046,29.08425126972648
10.22,-10.116787209836545,-9.888851513098974,29.319145523170718
10.23,-10.082398104881154,-9.646581503411344,29.519925266122
10.24,-10.026302074492952,-9.38792299756296,29.684989946605935
10.25,-9.950324570273187,-9.117978931915774,29.813795484764587
10.26,-9.856291043823102,-8.841852242831733,29.90579780074002
10.27,-9.745897127567192,-8.564577157239095,29.96028260662737
10.28,-9.619135361050873,-8.289687573490275,29.974915332700686
10.290000000000001,-9.477923645670923,-8.020375745343815,29.951277677005574
10.3,-9.324978753465476,-7.760080990246117,29.89217853643972
10.31,-9.163017456472593,-7.512242625643445,29.80042680790081
10.32,-8.994513295315057,-7.280344109829248,29.678242048990192
10.33,-8.820816708400487,-7.066969597738378,29.525953930054477
10.34,-8.644051910783618,-6.873015105844513,29.346933349716128
10.35,-8.46648623475542,-6.699259651420994,29.144966573747617
10.36,-8.290387012606862,-6.546482251741161,28.923839867921416
10.370000000000001,-8.118058128965163,-6.415762985113891,28.686831136810962
10.38,-7.95144657470062,-6.308476797257612,28.435220064966007
10.39,-7.791726800046159,-6.223904600743837,28.171842042839753
10.4,-7.640022008024902,-6.161126994893702,27.899767826895058
10.41,-7.49745540165997,-6.119224579028338,27.622068173594794
10.42,-7.365150183974484,-6.097277952468881,27.34181383940182
10.43,-7.244424499365093,-6.094915009037204,27.06159456744349
10.44,-7.13649994964002,-6.112604958888878,26.782547618801495
10.450000000000001,-7.041633665309561,-6.149243622055435,26.506465946127108
10.46,-6.960038117117277,-6.203633027811283,26.235204683489236
10.47,-6.89192577580667,-6.274575205430846,25.970618964956643
10.48,-6.837509112121265,-6.360872184188546,25.71456392459815
10.49,-6.797019073823156,-6.461401882410547,25.468902603840107
10.5,-6.770972980881556,-6.576757752914674,25.235499084027843
10.51,-6.759317909081098,-6.706549272637036,25.01566741589664
10.52,-6.761771867527803,-6.849646162656759,24.81057831826241
10.53,-6.778052865327692,-7.004918144052968,24.621402509941085
10.540000000000001,-6.807878911586791,-7.171234937904818,24.44931070974855
10.55,-6.8509680154111114,-7.3474662652913745,24.295473636500784
10.56,-6.9072121170004595,-7.532903393619712,24.16139547565276
10.57,-6.977048071905023,-7.7284707562180595,24.049830051504493
10.58,-7.05979808884514,-7.932852049120204,23.961696288607065
10.59,-7.154624717747328,-8.144373835993374,23.897626564191274
10.6,-7.260690508538107,-8.361362680504797,23.85825325548793
10.61,-7.377158011143993,-8.582145146321698,23.844208739727833
10.620000000000001,-7.503189775491528,-8.805047797111344,23.8561253941418
10.63,-7.6380553843597685,-9.028484088207168,23.89485952479412
10.64,-7.781962860647075,-9.251539623673505,23.963251360841237
10.65,-7.933784978283457,-9.472031820917417,24.061389821783642
10.66,-8.09198188327972,-9.687422490504307,24.188505276428383
10.67,-8.255013721646666,-9.89517344299958,24.343828093582513
10.68,-8.421340639395098,-10.092746488968636,24.52658864205308
10.69,-8.5897335003518,-10.277337583880243,24.737002665696654
10.700000000000001,-8.759475087921032,-10.445521854776304,24.976558350340984
10.71,-8.928510948303865,-10.594802920266481,25.242089053850517
10.72,-9.09467595176974,-10.7227703592553,25.530060377140867
10.73,-9.255804968588082,-10.827013750647252,25.836937921127596
10.74,-9.4097328690283,-10.90512267334683,26.159187286726276
10.75,-9.554342185034384,-10.95289366769541,26.49498208503857
10.76,-9.687824352321552,-10.967390471586597,26.841647094946477
10.77,-9.808488067595674,-10.9491057570262,27.193458715131605
10.78,-9.914642142673591,-10.898544472295827,27.5446821118016
10.790000000000001,-10.004595389372167,-10.816211565677067,27.889582451164163
10.8,-10.076523528108808,-10.702307107111402,28.222487607347684
10.81,-10.127617376773829,-10.554555232337778,28.5389561069906
10.82,-10.157480990511758,-10.375743884125571,28.835028989957966
10.83,-10.166379484352255,-10.17012115511788,29.10662477723343
10.84,-10.154577973324981,-9.941935137957806,29.349661989800655
10.85,-10.122143881205663,-9.695241618781212,29.559911662524456
10.86,-10.06706984405038,-9.431800755533514,29.73241969209811
10.870000000000001,-9.990494899267688,-9.15582476165319,29.866384804560024
10.88,-9.894636862741315,-8.872500308755733,29.962032831840556
10.89,-9.781713550354942,-8.587014068456488,30.019589605870138
10.9,-9.653809337778009,-8.304492688093166,30.039099989578585
10.91,-9.511136318516757,-8.028529115451837,30.01871802296172
10.92,-9.355675972440055,-7.761935940553539,29.960475197554974
10.93,-9.190215684351772,-7.507683731715985,29.86768772134943
10.94,-9.017542839055771,-7.268743057256884,29.743671802336177
10.950000000000001,-8.840244447141586,-7.048187492889321,29.591116875218827
10.96,-8.659918749596738,-6.848401248220869,29.4106681695185
10.97,-8.478609426854987,-6.669907965504522,29.2057928673822
10.98,-8.298455193829554,-6.513091962391716,28.980334635539204
10.99,-8.12159476543366,-6.378337556533887,28.738137140718816
11.0,-7.950224050820798,-6.266248583399637,28.48268305400362
11.01,-7.786347044099511,-6.177898762581101,28.215397868097366
11.02,-7.6309995773430925,-6.112472245026148,27.93887006750443
11.03,-7.485119221652814,-6.068900190159551,27.65597201049559
11.040000000000001,-7.349643548129929,-6.046113757406082,27.36957605534156
11.05,-7.225510127875757,-6.04304410619052,27.082554560313223
11.06,-7.113751829076151,-6.0588705896285955,26.797614524853753
11.07,-7.015586301020156,-6.094037353122464,26.51615068890899
11.08,-6.931238513608359,-6.147645774268737,26.239707705011703
11.09,-6.860793087595449,-6.218523569013616,25.969957495201
11.1,-6.804334643736116,-6.305498453303304,25.708571981515977
11.11,-6.7619478027850475,-6.407398143084003,25.457223085995736
11.120000000000001,-6.733718766659354,-6.523056025622887,25.21758426377504
11.13,-6.7200625995719925,-6.652776831883909,24.991622838867386
11.14,-6.721021899196248,-6.7965546137779675,24.780857157329613
11.15,-6.736258798056466,-6.953242966717557,24.58641745947452
11.16,-6.765435428676992,-7.121695486115172,24.4094339856149
11.17,-6.808213923582173,-7.300765767383306,24.25103697606354
11.18,-6.864256415296353,-7.489307405934455,24.112356671133227
11.19,-6.933254473432442,-7.686247482624497,23.994588552114504
11.200000000000001,-7.015421229160414,-7.892020123341098,23.900260882887178
11.21,-7.110216344000857,-8.10569542618846,23.830677862898657
11.22,-7.216755687660323,-8.325561898606633,23.786447851332483
11.23,-7.3341551298453584,-8.549908048035642,23.76817920737222
11.24,-7.461530540262501,-8.7770223819155,23.77648029020144
11.25,-7.597997788618296,-9.00519340768623,23.811959459003706
11.26,-7.743338891920002,-9.233101303739184,23.876533370455086
11.27,-7.897242336505847,-9.459068978249594,23.97196322761075
11.28,-8.058078149654735,-9.680437328779492,24.097440130548325
11.290000000000001,-8.22420354460247,-9.894538602443628,24.252130117147047
11.3,-8.393975734584767,-10.098705046356638,24.43519922528607
11.31,-8.565799556228678,-10.290231629317365,24.645950598452586
11.32,-8.739077922070658,-10.465567745163879,24.886266779668446
11.33,-8.912145444414076,-10.621834175200375,25.15420103030768
11.34,-9.082756879591102,-10.756580628403889,25.44602307814519
11.35,-9.248666983933912,-10.867356813751464,25.75800265095587
11.36,-9.407630513774679,-10.951712440220138,26.08640947651463
11.370000000000001,-9.557405948447386,-11.00641184257274,26.428241495893065
11.38,-9.695983302770976,-11.026810955797254,26.78207588380074
11.39,-9.821630153434555,-11.013059771369603,27.142409709362212
11.4,-9.932627659487933,-10.965815342545685,27.503289317477
11.41,-10.027256979980919,-10.885734722581397,27.858761053044642
11.42,-10.103797953764039,-10.773471764347184,28.20287170041898
11.43,-10.15958015666064,-10.627190882701905,28.530429542281666
11.44,-10.193424503714626,-10.447975184589577,28.83741507693812
11.450000000000001,-10.205614437613109,-10.240290186761467,29.119712450054
11.46,-10.196433401043203,-10.008601405968955,29.373205807294784
11.47,-10.166153362619978,-9.757363417574595,29.593769623736588
11.48,-10.11309979661469,-9.488975736407033,29.776169181466194
11.49,-10.037523971447692,-9.206987082314093,29.918628351385237
11.5,-9.941732255329454,-8.916758331905612,30.021497156313064
11.51,-9.828031016470442,-8.623650361791427,30.08512561906903
11.52,-9.698705956866673,-8.333015314371941,30.109833518780665
11.53,-9.554334251094296,-8.04895021671074,30.09391768942784
11.540000000000001,-9.396491063715182,-7.774274767080904,30.038657148235135
11.55,-9.228011092335038,-7.51200707894507,29.947473196479752
11.56,-9.051729034559491,-7.265165265765729,29.823787135438867
11.57,-8.87037134278344,-7.036865126030723,29.670649385492926
11.58,-8.685726709010206,-6.829928040458671,29.488828046795128
11.59,-8.499858473550141,-6.6449479160702545,29.281647489439816
11.6,-8.314969591174183,-6.482221937633021,29.053049748233796
11.61,-8.133263016653265,-6.3420472899145155,28.806976857983877
11.620000000000001,-7.956977031479068,-6.224893417757811,28.54714225708727
11.63,-7.788204932907795,-6.132043226624983,28.27518423075291
11.64,-7.628058538801756,-6.062759229327774,27.993611223905003
11.65,-7.477510959512252,-6.015884929340905,27.705319194839696
11.66,-7.337535305390583,-5.990263830139093,27.41320410185314
11.67,-7.209104686788049,-5.984739435197059,27.120161903241474
11.68,-7.093254774135853,-5.998366797466272,26.828962396991134
11.69,-6.991164918469297,-6.03166936570283,26.541085901213627
11.700000000000001,-6.90309877481975,-6.083814469243938,26.258088547937774
11.71,-6.829164493486517,-6.153598787345813,25.981682152436637
11.72,-6.769470224768859,-6.239818999264698,25.71357852998311
11.73,-6.724124118966051,-6.341271784256829,25.455489495850152
11.74,-6.6932394613155735,-6.456776539473646,25.20913223573238
11.75,-6.677189649158576,-6.5867131422756335,24.976467347303828
11.76,-6.6759381278203165,-6.730911218904585,24.758938389413828
11.77,-6.6891816242736155,-6.888259526757243,24.557693260500592
11.78,-6.716616865491294,-7.057646823230348,24.373879859002315
11.790000000000001,-6.757940578446183,-7.237961865720674,24.208646083357173
11.8,-6.8128494901110885,-7.4280934116249,24.063139832003436
11.81,-6.881108884871339,-7.627120315422594,23.938685268107715
11.82,-6.9628930053469045,-7.835571760300411,23.83796247724913
11.83,-7.057545870087418,-8.052276551987255,23.76209605598081
11.84,-7.164214314939955,-8.275576789663042,23.711761421118602
11.85,-7.28204517575159,-8.503814572507686,23.68763398947835
11.86,-7.410185288369398,-8.735331999701105,23.690389177875893
11.870000000000001,-7.547781489231768,-8.96847117081345,23.72070240434475
11.88,-7.694775962418846,-9.202011551574637,23.780906369685898
11.89,-7.850619336609223,-9.434058822928277,23.872398942865544
11.9,-8.013725527888749,-9.661947319110357,23.994462381547535
11.91,-8.182508452343267,-9.883011374356872,24.14637894339572
11.92,-8.35538202605863,-10.094585322903812,24.327430886073948
11.93,-8.530874790169381,-10.293921736045794,24.537249348787718
11.94,-8.70842814538409,-10.477471276636289,24.77800698240796
11.950000000000001,-8.886140989218944,-10.642341255695419,25.047317278171413
11.96,-9.061724287409751,-10.785883373585431,25.341562184814062
11.97,-9.232889005692414,-10.90544933066867,25.657123651072038
11.98,-9.397346109802807,-10.998390827307443,25.990383625681417
11.99,-9.552880110955137,-11.060896422524497,26.3389136233707
12.0,-9.697589594569067,-11.08878976953037,26.700929752200615
12.01,-9.829584645835114,-11.082193607019812,27.07051561072423
12.02,-9.946970286937525,-11.041419796890327,27.441567808477114
12.030000000000001,-10.04785154006056,-10.966780201039406,27.8079829549949
12.040000000000001,-10.130262453615567,-10.858397292421628,28.163696967855362
12.05,-10.19131364184129,-10.713616235911584,28.503850178666557
12.06,-10.230299167104755,-10.53483797380911,28.824078774370957
12.07,-10.24730769214711,-10.326473061915094,29.119823865331124
12.08,-10.242427879709503,-10.092932056030426,29.386526561909616
12.09,-10.215599360285426,-9.838464820942539,29.619516728204843
12.1,-10.164683518792913,-9.564780640406346,29.81336392969148
12.11,-10.090688589843587,-9.276267946229613,29.966870580156417
12.120000000000001,-9.995885139731955,-8.978577991424018,30.080040675711867
12.13,-9.882543734752577,-8.6773620290014,30.15287821246998
12.14,-9.752801058653814,-8.37820128390277,30.185209037745754
12.15,-9.606854187383906,-8.084928738587244,30.1749905891551
12.16,-9.446769290482308,-7.8006636977763915,30.124309792090557
12.17,-9.275475006750831,-7.5287537528374635,30.036617592593398
12.18,-9.095899974991282,-7.272546495137706,29.915364936704893
12.19,-8.910710600035372,-7.035491646867659,29.763101703726388
12.200000000000001,-8.721676180050242,-6.819974977841033,29.58063025028347
12.21,-8.53102889823807,-6.62660595814597,29.37185105968392
12.22,-8.341056744288604,-6.455914143709511,29.140911329128237
12.23,-8.154047707891637,-6.308429090458734,28.89195825581693
12.24,-7.972438991176395,-6.1851288327017695,28.62828371297856
12.25,-7.79826831804601,-6.086824069981779,28.351360308560256
12.26,-7.632620889645005,-6.012448922943323,28.06419844925523
12.27,-7.476550280474105,-5.9608650469496265,27.769899991863532
12.280000000000001,-7.3311100650340135,-5.930934097363911,27.471566793185154
12.290000000000001,-7.197353817825509,-5.921517729549414,27.172300710020252
12.3,-7.0766295832679855,-5.932313906019586,26.874540861531234
12.31,-6.969944883575747,-5.963503073090586,26.57954445984827
12.32,-6.877434498236936,-6.013838527174837,26.289119699432
12.33,-6.799222683316437,-6.082051659492127,26.00508773108612
12.34,-6.735433694879131,-6.166873861262241,25.72926970561433
12.35,-6.686191788989904,-6.267036523704966,25.463486773820314
12.36,-6.651747260762427,-6.381751778614654,25.209612212086853
12.370000000000001,-6.632551243417011,-6.5117504201172665,24.969407737953595
12.38,-6.62837905970207,-6.65613558494693,24.744109909395974
12.39,-6.6389428409661395,-6.813814251947765,24.534917548206515
12.4,-6.663954718557762,-6.983693399963873,24.343029476177794
12.41,-6.703126823825481,-7.164680007839353,24.169644515102384
12.42,-6.756171697029311,-7.35568210705537,24.01596234348022
12.43,-6.823331224081488,-7.5571061275495985,23.88440535767468
12.44,-6.904436024099741,-7.768815101715936,23.776965923478965
12.450000000000001,-6.998672637644727,-7.989136231745787,23.694389342253274
12.46,-7.105227605277048,-8.216396719830437,23.637420915357854
12.47,-7.223287467557358,-8.448923768161288,23.6068059441529
12.48,-7.352038765046293,-8.685044578929704,23.603289729998632
12.49,-7.490668038304492,-8.92308635432705,23.627617574255265
12.5,-7.638893723447135,-9.161813452714,23.68167004654901
12.51,-7.796496186368402,-9.399815118634727,23.767647351509055
12.52,-7.961888357276946,-9.634374112730566,23.884982519861662
12.530000000000001,-8.133451825217307,-9.862745133255396,24.03304359890708
12.540000000000001,-8.309568179233935,-10.082182878462978,24.21119863594548
12.55,-8.488664193192719,-10.289916686062847,24.418939007736316
12.56,-8.67021904943832,-10.482471284965937,24.658393880299133
12.57,-8.852536125759846,-10.656731183407832,24.927864799284386
12.58,-9.033258821425985,-10.809904254031622,25.223754997678988
12.59,-9.210030535705432,-10.939198369480398,25.542467708469868
12.6,-9.380494667866873,-11.041821402397252,25.88040616464394
12.61,-9.542345146013865,-11.114118369220071,26.234819957930494
12.620000000000001,-9.6935922392765,-11.151275620610225,26.60421368212968
12.63,-9.832283938412493,-11.153075977189035,26.98272968121191
12.64,-9.95645858514007,-11.119702858985557,27.36412394420926
12.65,-10.06415452117743,-11.051339686028829,27.742152460153747
12.66,-10.15336253645259,-10.948047891091479,28.11059309742337
12.67,-10.221010285550935,-10.806968603792551,28.464275706458935
12.68,-10.266140073491798,-10.630141210486947,28.798592856100523
12.69,-10.28877996094384,-10.422047692905815,29.108735001295532
12.700000000000001,-10.288958008575728,-10.187170032780264,29.389892596991405
12.71,-10.26660233382309,-9.929879251887687,29.63718068615416
12.72,-10.219445306961893,-9.651844112262847,29.844789905150265
12.73,-10.148236679825235,-9.357385382909554,30.011120506034473
12.74,-10.055264816481086,-9.052422382759252,30.13603737878692
12.75,-9.942818080997416,-8.742874430743376,30.219405413387744
12.76,-9.813091665538082,-8.434608941583651,30.260973596285712
12.77,-9.666269395044452,-8.13166916335519,30.25865470178822
12.780000000000001,-9.504353280740357,-7.837314901443099,30.214323117713043
12.790000000000001,-9.330415317468654,-7.55513139807044,30.131440358647254
12.8,-9.147527500072119,-7.288703895460117,30.0134679391779
12.81,-8.958463002053822,-7.04168343508535,29.86302309677687
12.82,-8.764989359313413,-6.816513657743692,29.68111263385219
12.83,-8.569436768726426,-6.613891548366568,29.471730973218087
12.84,-8.37420179314468,-6.434439484864422,29.23911172578393
12.85,-8.181680995419994,-6.278779845147693,28.98748850245908
12.86,-7.994418648584494,-6.148059454674397,28.72006880671718
12.870000000000001,-7.814389512871143,-6.0429192425534035,28.438588335432215
12.88,-7.642743312527963,-5.962268416841435,28.14622661309507
12.89,-7.4806169080900204,-5.904984229926524,27.846203416149358
12.9,-7.329147160092418,-5.869943934196725,27.541738521038738
12.91,-7.189471485686077,-5.856025841165287,27.236050999913473
12.92,-7.063150132498144,-5.8632095292774284,26.93136786434919
12.93,-6.951028743451594,-5.891229729088454,26.629102940095173
12.94,-6.853275309367072,-5.93879331007136,26.33112457166387
12.950000000000001,-6.770057821065213,-6.004607141699158,26.039301103567674
12.96,-6.70154426936669,-6.087378093444821,25.755500880319133
12.97,-6.647902645092134,-6.185813034781356,25.481592246430644
12.98,-6.609466065635608,-6.299451888551793,25.219510106467904
12.99,-6.586493434584477,-6.428725245607957,24.970899554240564
13.0,-6.578754971575018,-6.572608727957566,24.737001123522237
13.01,-6.586010941334122,-6.730039877196885,24.51904884106452
13.02,-6.60802160858868,-6.899956234922177,24.31827673361901
13.030000000000001,-6.6445472380655906,-7.081295342729743,24.135918827937267
13.040000000000001,-6.695397512961965,-7.273150556720811,23.97332830240737
13.05,-6.760872328102315,-7.476475862822899,23.833286868495794
13.06,-6.840476167067794,-7.690402655806158,23.71719491243001
13.07,-6.933451899402883,-7.913320826098406,23.625887300578537
13.08,-7.039042394652064,-8.143620264127467,23.560198899309903
13.09,-7.156490522359819,-8.379690860321157,23.52096457499263
13.1,-7.285039152070629,-8.619922505107299,23.509019193995233
13.11,-7.423935863692675,-8.86270988344171,23.525207377126694
13.120000000000001,-7.573268412184531,-9.107247977817245,23.57219532221082
13.13,-7.732350676528875,-9.351753952665398,23.651329634590827
13.14,-7.899627416496074,-9.593519389989627,23.762218037252442
13.15,-8.073543391856466,-9.829835871793353,23.90446825318139
13.16,-8.252543362380397,-10.057994980079991,24.07768800536338
13.17,-8.435269846947435,-10.275195113975423,24.282001992468327
13.18,-8.621300553074702,-10.477946124593545,24.51969404681173
13.19,-8.808577109196987,-10.663109435009353,24.78828787732449
13.200000000000001,-8.994718238621603,-10.827663962883639,25.08442313550531
13.21,-9.177342664655766,-10.968588625877109,25.404739472852743
13.22,-9.354069110606794,-11.082862341650564,25.745876540865495
13.23,-9.522734788051578,-11.166098522234428,26.10605050801088
13.24,-9.681471165328134,-11.214319364709853,26.483088607791075
13.25,-9.828112692866027,-11.227129543892191,26.870745749700777
13.26,-9.960486589859645,-11.204196343131615,27.26270520300076
13.27,-10.076420075503382,-11.145187045778298,27.652650236951793
13.280000000000001,-10.173507750123566,-11.049068078763906,28.034455358076116
13.290000000000001,-10.248765221140308,-10.912672522097042,28.403374106198243
13.3,-10.301561703990853,-10.739297821997944,28.754180575684686
13.31,-10.331621613174907,-10.533263921917486,29.081467565294172
13.32,-10.338669363192182,-10.298890765306544,29.37982787378544
13.33,-10.322117197079155,-10.040066925724608,29.64368810515127
13.34,-10.279904707989168,-9.758175301722085,29.86782299205333
13.35,-10.21335734830807,-9.458435470298465,30.050835046630418
13.36,-10.124493668826128,-9.146948462516823,30.191879275437927
13.370000000000001,-10.015332220333585,-8.829815309440182,30.29011068503127
13.38,-9.886557148981257,-8.512247061132676,30.3432038287286
13.39,-9.738933898853745,-8.197990033098256,30.350550015476646
13.4,-9.575595895927009,-7.8913715656525625,30.315236728655563
13.41,-9.399694441751057,-7.596726820386298,30.240375675016356
13.42,-9.214253408960163,-7.31841646481546,30.128785989354956
13.43,-9.020971400115366,-7.060037450758304,29.980960041987444
13.44,-8.822260256933944,-6.8230256594416705,29.800432194971947
13.450000000000001,-8.620854273585254,-6.608541311624564,29.591624054101548
13.46,-8.41948774423876,-6.4177446280660995,29.358957225169434
13.47,-8.220936238514494,-6.252193068786917,29.106042918369976
13.48,-8.027424785487659,-6.113148591462497,28.834584961012443
13.49,-7.840415371459093,-5.999725935446845,28.54806037418005
13.5,-7.661343497722584,-5.910937252574833,28.250079044756337
13.51,-7.491644665571918,-5.845794694681326,27.944250859624837
13.52,-7.332778416376247,-5.803356305232508,27.63414932729192
13.530000000000001,-7.186691881642856,-5.7840171890092895,27.321858964900557
13.540000000000001,-7.054207946382055,-5.787127671050944,27.00912922903101
13.55,-6.935658264105791,-5.811279231675401,26.69812216191047
13.56,-6.831374488326035,-5.855063351200598,26.390999805766185
13.57,-6.741688272554761,-5.917071509944469,26.089924202825415
13.58,-6.666932644650894,-5.995900345874133,25.797056804327685
13.59,-6.607712986690847,-6.091569441143179,25.514254135993635
13.6,-6.564234000938738,-6.2040053588144115,25.242884096388003
13.61,-6.536345963970434,-6.332113526757242,24.984322239650044
13.620000000000001,-6.5238991523618015,-6.474799372841108,24.73994411991898
13.63,-6.526743842688713,-6.6309683249353695,24.511125291334157
13.64,-6.544730311527031,-6.799525810909463,24.29924130803479
13.65,-6.577889825338293,-6.98041048809681,24.106217768676384
13.66,-6.626162380744278,-7.174213159018382,23.934211143084372
13.67,-6.688998719033777,-7.37961946369479,23.78427566031925
13.68,-6.765841781511719,-7.595278874286779,23.657445466515696
13.69,-6.856134509483032,-7.819840862955095,23.55475470780839
13.700000000000001,-6.959319844252661,-8.051954901860526,23.477237530331994
13.71,-7.0748407271254985,-8.290270463163733,23.42592808022122
13.72,-7.202514665693236,-8.53400689653803,23.402692003830182
13.73,-7.342284081139867,-8.78264607544067,23.4101196003622
13.74,-7.49288544589851,-9.03390176322906,23.44853553968962
13.75,-7.6530103493704535,-9.28542079304446,23.518173227568834
13.76,-7.82135038095698,-9.534849998028138,23.619266069756243
13.77,-7.996597130059377,-9.779836211321358,23.752047472008233
13.780000000000001,-8.178428082026457,-10.017901311421204,23.918852194730608
13.790000000000001,-8.366034039318563,-10.245970986131727,24.120588800052886
13.8,-8.557196951367567,-10.460794787731498,24.354953333863307
13.81,-8.749697980615489,-10.659122256656952,24.619640098687267
13.82,-8.941318289504341,-10.83770293334452,24.912343397050154
13.83,-9.12986096243689,-10.993224734432836,25.230860203476432
13.84,-9.313837870815359,-11.120557198459196,25.575805744051
13.85,-9.491171066369175,-11.216711344337822,25.943640218203512
13.86,-9.659348097026001,-11.2800005006576,26.32855580010152
13.870000000000001,-9.81585651071352,-11.308737996007418,26.724744663912624
13.88,-9.958183855359335,-11.30123715897615,27.126398983804226
13.89,-10.083316411586454,-11.253638366909453,27.5287055121609
13.9,-10.188686865376276,-11.163045113712743,27.927249539729537
13.91,-10.273298749280947,-11.03261663676787,28.315495474068868
13.92,-10.336182502553884,-10.865620859200138,28.686864843616625
13.93,-10.376368564448498,-10.66532570413485,29.034779176810524
13.94,-10.392711573839854,-10.43471088535201,29.352647660760656
13.950000000000001,-10.382569156866671,-10.173984197695644,29.634978378320277
13.96,-10.346528539998372,-9.887961312803096,29.879108806704775
13.97,-10.286132950028463,-9.582942394606063,30.08275727397432
13.98,-10.202925613750448,-9.26522760703628,30.243642108189018
13.99,-10.097293267884602,-8.940154902690876,30.358353113082995
14.0,-9.969384092926106,-8.61158743941932,30.425009309726406
14.01,-9.82220191234754,-8.284738549007539,30.44593239902372
14.02,-9.658815462069056,-7.964862916255868,30.423524895118774
14.030000000000001,-9.482183564210994,-7.657212048989649,30.3599618001368
14.040000000000001,-9.293779392547895,-7.366076732291843,30.254954958024943
14.05,-9.096153389373388,-7.09375629582425,30.11179479251603
14.06,-8.892382834092432,-6.842314796279832,29.935029276071216
14.07,-8.685545006109987,-6.613816290351548,29.729206381151652
14.08,-8.478550014359506,-6.410648120569393,29.497751692215918
14.09,-8.273507804429942,-6.234201455716439,29.242491405995118
14.1,-8.07235917863105,-6.083957222221137,28.96743476823101
14.11,-7.877049147678439,-5.9593491151376625,28.67667726703391
14.120000000000001,-7.689522722287685,-5.859810829520173,28.374314390514087
14.13,-7.511869393986333,-5.785165099044224,28.06397836506599
14.14,-7.345979419081614,-5.735867692843995,27.747387109010333
14.15,-7.192555856715385,-5.710585172380843,27.42699243072955
14.16,-7.05222257059377,-5.707830581772011,27.105369675574313
14.17,-6.925603424422887,-5.726116965134746,26.785094188895304
14.18,-6.813322281908858,-5.763957366586291,26.468741316043207
14.19,-6.716108100037787,-5.8203037344975055,26.158717046522725
14.200000000000001,-6.63471486910529,-5.895541409153498,25.85647557173983
14.21,-6.569165953979631,-5.9886705126834325,25.563505680323026
14.22,-6.519425435240813,-6.0985211065934894,25.281338518318066
14.23,-6.485457393468856,-6.223923252389842,25.01150523177076
14.24,-6.467225909243777,-6.363707011578658,24.755536966726908
14.25,-6.464781032421001,-6.5172280889437,24.515160081403504
14.26,-6.478236962452133,-6.685289554011254,24.292466439486578
14.27,-6.507211030701749,-6.866936401163869,24.088686333406578
14.280000000000001,-6.551281318841131,-7.0610289469586895,23.9049724539073
14.290000000000001,-6.61002590854153,-7.266427507952752,23.74247749173262
14.3,-6.683022881474225,-7.481992400703197,23.602354137626328
14.31,-6.769850319310486,-7.70658394176713,23.485755082332243
14.32,-6.870443655724148,-7.939886527259076,23.394651359554977
14.33,-6.98478058859633,-8.181957599827172,23.33159607001039
14.34,-7.111893082971233,-8.43089939014489,23.297374038824483
14.35,-7.250790229008296,-8.684764388890072,23.29272300961042
14.36,-7.400481116866954,-8.941605086740557,23.318380725981367
14.370000000000001,-7.559974836706677,-9.199473974374234,23.375084931550507
14.38,-7.72871747094046,-9.456643091154232,23.464421462433418
14.39,-7.906600783861829,-9.711227871236206,23.588835625405284
14.4,-8.091869880668556,-9.960113312417697,23.74757116203193
14.41,-8.282670953938302,-10.200122248833635,23.93967966948378
14.42,-8.477150196248731,-10.428077514618945,24.164212744931262
14.43,-8.673519913561744,-10.640739505480754,24.42043542914199
14.44,-8.870935749913514,-10.833828448143892,24.71037411575127
14.450000000000001,-9.067314014747726,-11.003882431229666,25.031382846353967
14.46,-9.260051788516853,-11.147881906123127,25.379047971061897
14.47,-9.446546151673465,-11.262807324209424,25.748955839987048
14.48,-9.624194184670102,-11.345639136873675,26.136692803241356
14.49,-9.790345176094043,-11.391562653807839,26.53944674336395
14.5,-9.942639499849095,-11.39667151852181,26.953916377415318
14.51,-10.079033137257936,-11.36159209183415,27.372991158472885
14.52,-10.197485217931712,-11.287011347884656,27.78950831033926
14.530000000000001,-10.295954871481582,-11.1736162608131,28.19630505681712
14.540000000000001,-10.371961294502745,-11.021049465289043,28.58645365417619
14.55,-10.422569279510222,-10.827566066670876,28.95463825451476
14.56,-10.447771106728853,-10.597967850164029,29.29576454807932
14.57,-10.447834009074569,-10.337688896295875,29.604681786985395
14.58,-10.423025219463302,-10.052163285593787,29.876239223348506
14.59,-10.371998718924024,-9.74508722705269,30.104427773101328
14.6,-10.29390923199291,-9.419867446722462,30.28587670136405
14.61,-10.191419183973544,-9.083111409020523,30.420735290778556
14.620000000000001,-10.067228265791206,-8.741463217065553,30.509182682583294
14.63,-9.923986275693402,-8.401544616213293,30.55133403225732
14.64,-9.76220568235518,-8.068335768529419,30.5452337858039
14.65,-9.583920201836753,-7.745509561704491,30.492827154696375
14.66,-9.392527905787773,-7.436998572298831,30.39815387096285
14.67,-9.191426865857897,-7.146735376872765,30.265253666631445
14.68,-8.983644590492743,-6.878704321625265,30.096950525081454
14.69,-8.771332996369722,-6.635233988669261,29.894824115151454
14.700000000000001,-8.557115456971339,-6.416975702923143,29.663476548345145
14.71,-8.343643104008553,-6.224545699064863,29.40762958930441
14.72,-8.133570458582678,-6.058567991378053,29.131994291977158
14.73,-7.929784120867672,-5.9204523131297515,28.839432532747697
14.74,-7.73409164229531,-5.809984124692062,28.532457023388904
14.75,-7.547737213923438,-5.7258339271058265,28.21457531541771
14.76,-7.371965026809902,-5.66667222141189,27.88929496035107
14.77,-7.20801927201255,-5.631169508651094,27.560123509705914
14.780000000000001,-7.057240407528051,-5.6182141146432505,27.230378421922357
14.790000000000001,-6.921186443918927,-5.627980604569052,26.90168971282399
14.8,-6.800274291907333,-5.659386320445834,26.57584192611513
14.81,-6.694743065202367,-5.711053268873872,26.254801227436932
14.82,-6.604831877513128,-5.7816034564534435,25.940533782430553
14.83,-6.530779842548714,-5.869658889784823,25.635005756737144
14.84,-6.472880021333451,-5.974164906490707,25.340213333129224
14.85,-6.4314608386103345,-6.095497727327451,25.058008750039416
14.86,-6.406361880231311,-6.232836082601642,24.789739709865277
14.870000000000001,-6.397370294814284,-6.385148909044224,24.536710712494205
14.88,-6.404273230977154,-6.551405143386058,24.300226257813737
14.89,-6.426857837337818,-6.7305737223580815,24.08159084571127
14.9,-6.464942520079827,-6.921743174759817,23.882184360740325
14.91,-6.51876158098349,-7.1259350663100935,23.70460671274468
14.92,-6.587916190696595,-7.342552731763491,23.550441382017304
14.93,-6.67175994327375,-7.570161168088229,23.420743894163465
14.94,-6.769646432769567,-7.80732537225253,23.31656977478843
14.950000000000001,-6.880929253238673,-8.05261034122466,23.238974549497456
14.96,-7.004961998735639,-8.304581071972756,23.189013743895842
14.97,-7.141102358786626,-8.561808042461161,23.167751934119515
14.98,-7.289460466522065,-8.823834037801513,23.178054008164036
14.99,-7.449437409198249,-9.089132448437322,23.221695408358876
15.0,-7.6196447653138835,-9.355094048197454,23.298809942835085
15.01,-7.798694113367675,-9.619109610910773,23.409531419723713
15.02,-7.985197031858327,-9.878569910406139,23.55399364715581
15.030000000000001,-8.177968961645265,-10.130828123061713,23.73282903092757
15.040000000000001,-8.376844707080421,-10.372651164300963,23.949085605715908
15.05,-8.579756024276104,-10.600459036397352,24.20102123425948
15.06,-8.784239320883799,-10.810683502788129,24.485914955763317
15.07,-8.987831004554995,-10.999756326910543,24.801045809432452
15.08,-9.188067482941179,-11.164109272201848,25.143692834471913
15.09,-9.382902660239006,-11.299017097624061,25.512795419785554
15.1,-9.570606030623688,-11.399612129052038,25.906990414801623
15.11,-9.74851526072707,-11.464220891656149,26.319907234030524
15.120000000000001,-9.913941098073554,-11.491253350095466,26.74504943296395
15.13,-10.064194290187455,-11.479119469029047,27.17592056709337
15.14,-10.196228419572252,-11.42489508133397,27.60653552597261
15.15,-10.306623217406724,-11.323763350517785,28.03227503331737
15.16,-10.394263587236257,-11.17887723392932,28.44629226946436
15.17,-10.45824712621055,-10.994152379144186,28.841489129975947
15.18,-10.497671431479302,-10.773504433737989,29.21076751041449
15.19,-10.511571291153539,-10.52074907308133,29.54701853343826
15.200000000000001,-10.49726898383286,-10.236678252517876,29.843895180000633
15.21,-10.45501683237691,-9.925912564333101,30.09851155400099
15.22,-10.386592423588121,-9.595359076664694,30.30874385313013
15.23,-10.293773344268937,-9.251924857650398,30.472468275078814
15.24,-10.177082556483287,-8.901630561615905,30.586335277984738
15.25,-10.036697856989324,-8.548934671312571,30.6484264754634
15.26,-9.875994177545373,-8.199468953691623,30.66140315863843
15.27,-9.698427182750526,-7.8589074183515635,30.628025340744227
15.280000000000001,-9.507216309673677,-7.5329022686566685,30.550636405160482
15.290000000000001,-9.303881400581481,-7.225731094575223,30.42942399314187
15.3,-9.091326853157923,-6.939647189755244,30.268505387672683
15.31,-8.872855964190318,-6.676749453158761,30.072833588761526
15.32,-8.651772032938746,-6.439137591468619,29.847360240090524
15.33,-8.431157787954227,-6.229543943227181,29.59503189652924
15.34,-8.213246860015628,-6.0486832099318,29.318611646988934
15.35,-8.000068953084991,-5.895800188727423,29.022485868200068
15.36,-7.79365377112436,-5.770139676758997,28.711040936893077
15.370000000000001,-7.596031018095746,-5.670946471171454,28.388663229798365
15.38,-7.4096215741052855,-5.598356561341872,28.058560583263784
15.39,-7.235991927002072,-5.552078085735974,27.72267439874422
15.4,-7.0757775178977775,-5.530526053461467,27.383657162611502
15.41,-6.9296132190193935,-5.532114521033937,27.044162206592645
15.42,-6.798133902593909,-5.555257544968963,26.70684286241467
15.43,-6.681978536967479,-5.598380371784178,26.37434968391099
15.44,-6.582081225580353,-5.661173053357575,26.048807874505044
15.450000000000001,-6.498781856699413,-5.743194896472269,25.731687092056962
15.46,-6.432034818477617,-5.843252338984406,25.42450548598524
15.47,-6.381794499067881,-5.96015181875018,25.128781205708208
15.48,-6.348015286623135,-6.092699773625766,24.846032400644248
15.49,-6.330663631903197,-6.239802708002202,24.577817820777792
15.5,-6.329836277907502,-6.402095411566584,24.326302721173402
15.51,-6.345321259830791,-6.5791704889422675,24.09300730907611
15.52,-6.376803561951374,-6.769970541770315,23.879158089635617
15.530000000000001,-6.423968168547572,-6.973438171691826,23.685981568001583
15.540000000000001,-6.486500063897678,-7.188515980347791,23.514704249323767
15.55,-6.564084232280007,-7.414146569379307,23.366552638751834
15.56,-6.656511323224278,-7.649711810376836,23.243150400054294
15.57,-6.763709619774822,-7.89581893222554,23.14739127872202
15.58,-6.884877107492509,-8.150918050022332,23.080436935799547
15.59,-7.0191372306350654,-8.413196912211143,23.043223616544548
15.6,-7.165613433460218,-8.680843267235902,23.03668756621469
15.610000000000001,-7.323429160225723,-8.952044863540587,23.06176503006765
15.620000000000001,-7.4918156857063085,-9.225067547831744,23.11962096068185
15.63,-7.6709012942546355,-9.498590906552684,23.21345084775634
15.64,-7.85935326055865,-9.7697510464446,23.343614668481603
15.65,-8.055407505838113,-10.035317182796224,23.509587055932712
15.66,-8.25729995131279,-10.292058530896282,23.710842643184765
15.67,-8.463266518202445,-10.53674430603351,23.946856063312847
15.68,-8.67237311305404,-10.765502133404132,24.219388493555535
15.69,-8.883151411834042,-10.974150719151705,24.528228563100058
15.700000000000001,-9.092837624905611,-11.159113629150804,24.869320899992978
15.71,-9.29866686622949,-11.316815082697033,25.23860697711931
15.72,-9.497874249766536,-11.443679299086101,25.632028267364245
15.73,-9.687784728634483,-11.535290695963857,26.046384225600193
15.74,-9.86611580096335,-11.585798419606379,26.479878847380743
15.75,-10.030361024840982,-11.594395987378226,26.925480923431873
15.76,-10.177974900680852,-11.56079557467011,27.37562511074438
15.77,-10.30641192889643,-11.484709356872747,27.822746066309055
15.780000000000001,-10.412867227549102,-11.365113347615795,28.259458875717346
15.790000000000001,-10.493843338408189,-11.198681951381646,28.679827272294947
15.8,-10.548622595621149,-10.989424607249504,29.07757673779833
15.81,-10.576926659189335,-10.742553698394376,29.44625355041037
15.82,-10.578477189114093,-10.463281607991268,29.779403988313934
15.83,-10.55212345498255,-10.155666100589967,30.070240181084607
15.84,-10.496151345061532,-9.822428825017681,30.313840253354524
15.85,-10.412642975303058,-9.470679243041499,30.508980572209946
15.860000000000001,-10.303907473170643,-9.107806653261324,30.654597138421426
15.870000000000001,-10.171959939180125,-8.741035428420652,30.7492456765153
15.88,-10.01678294740297,-8.375527601473614,30.789848764712318
15.89,-9.84127981105092,-8.016339895411708,30.77898876269218
15.9,-9.649118821075225,-7.668785711080339,30.720423530726613
15.91,-9.443957399840237,-7.338181673381705,30.61788288220468
15.92,-9.228255712102614,-7.029396431828791,30.47253421996784
15.93,-9.004567592733094,-6.744666508875673,30.287496132617118
15.94,-8.776141321878432,-6.485500711434651,30.068021705610317
15.950000000000001,-8.54622517968534,-6.2534078464179865,29.81936402440519
15.96,-8.318111419265588,-6.050299488140026,29.545913145897813
15.97,-8.094476126797082,-5.877575656168237,29.249953592170282
15.98,-7.8771445954802335,-5.734208268189425,28.935625986279305
15.99,-7.6679122163046936,-5.6190553621180594,28.607215147559167
16.0,-7.468574380260114,-5.5309749758686095,28.269005895344158
16.01,-7.281070724776244,-5.469075283552063,27.924981554805534
16.02,-7.1075108590342,-5.433448085878299,27.577025494656187
16.03,-6.948555709413919,-5.422715135419951,27.22740975532953
16.04,-6.804686270408723,-5.435256912823731,26.878603283827267
16.05,-6.676383536511718,-5.469453898736349,26.53307502715061
16.06,-6.564128502216205,-5.523686573804485,26.193293932301263
16.07,-6.468539289650715,-5.596900347252588,25.861544480093606
16.080000000000002,-6.390146093246322,-5.689130085758585,25.539339403225753
16.09,-6.32887865592908,-5.79931327015157,25.228155359142114
16.1,-6.284644546099203,-5.926326893594135,24.92947991135269
16.11,-6.25735133215698,-6.0690479492486995,24.644800623367914
16.12,-6.24690658250265,-6.226353430277877,24.375605058697804
16.13,-6.253266625036311,-6.3983173101661714,24.12381834974636
16.14,-6.2762315551752,-6.585269408888116,23.891298219092207
16.15,-6.315448886019994,-6.786127250426115,23.679294318502826
16.16,-6.370565928683169,-6.999805632707679,23.48905521538552
16.17,-6.4412299942771565,-7.2252193536601075,23.32182947714781
16.18,-6.527088393914371,-7.461283211210683,23.178865671197187
16.19,-6.627793906855974,-7.70693106442929,23.061429137763923
16.2,-6.743366397004558,-7.9626280954446695,22.972235611548633
16.21,-6.873250718811365,-8.227639711396968,22.913274033642278
16.22,-7.016488483185053,-8.49998428928512,22.88550086855925
16.23,-7.172121301034475,-8.777680206108446,22.889872580813872
16.240000000000002,-7.339190783268336,-9.058745838865972,22.927345634920513
16.25,-7.5167415070115045,-9.341201313097924,22.99888224690689
16.26,-7.70474347561296,-9.623441965589848,23.10728655495725
16.27,-7.902295089231897,-9.902737253315362,23.253843412171584
16.28,-8.10744399346799,-10.175600150068263,23.43783849375799
16.29,-8.318237833920628,-10.438543629641963,23.658557474924315
16.3,-8.5327242561895,-10.688080665830249,23.9152860308787
16.31,-8.749536394681556,-10.920210502743963,24.20890085423221
16.32,-8.96749552406313,-11.130198417077777,24.540128786796657
16.330000000000002,-9.18374881672636,-11.314282476637528,24.904570881616138
16.34,-9.395391124827134,-11.468738248987112,25.297676244867574
16.35,-9.599517300521557,-11.58984130169058,25.71489398272832
16.36,-9.79323685579755,-11.67316765218071,26.152344471302218
16.37,-9.97387122770879,-11.712431801540768,26.607960379467773
16.38,-10.138888344135717,-11.706897741892641,27.074388790125788
16.39,-10.28575769419018,-11.656613537490163,27.54352711971913
16.4,-10.411948766983802,-11.561627252587213,28.007272784690006
16.41,-10.514635220898185,-11.421235286332292,28.457677968544285
16.42,-10.590125402063315,-11.232406005964565,28.888268364956147
16.43,-10.63779236033811,-10.999680922537069,29.29265341957285
16.44,-10.657504380521637,-10.728842882162333,29.664317518351815
16.45,-10.64912974741291,-10.42567473095324,29.996745047249902
16.46,-10.610929816498098,-10.09414500826022,30.2825546659137
16.47,-10.541475508039136,-9.737886418298476,30.51701374131351
16.48,-10.44353137684416,-9.364733325460175,30.699579773325553
16.490000000000002,-10.319940679132902,-8.982603243830145,30.829773333930422
16.5,-10.173462226846238,-8.599370573542096,30.907017601514045
16.51,-10.004340350309333,-8.220799676475735,30.9287001644441
16.52,-9.81497255883937,-7.8514941486027015,30.89705666778642
16.53,-9.609266190575067,-7.496457261613381,30.816452476311657
16.54,-9.391128583655412,-7.160692287198675,30.691252954790524
16.55,-9.163524297711025,-6.8491763039735485,30.523728103774438
16.56,-8.928958391387354,-6.564337228132614,30.316713965095257
16.57,-8.690745130390928,-6.307285907629959,30.07568338026757
16.580000000000002,-8.452199083268578,-6.079132976502119,29.806110003018013
16.59,-8.216666625434138,-5.8812595217291905,29.51295350665842
16.6,-7.986952310955326,-5.714981887080451,29.19879836050393
16.61,-7.764844569287439,-5.57913690813062,28.86755294735412
16.62,-7.552065051549865,-5.472332133664362,28.52337520982781
16.63,-7.3503354088623,-5.393175112466515,28.170423090544286
16.64,-7.161436290934499,-5.340386468349955,27.812748993160294
16.65,-6.987402018132258,-5.31385957351483,27.452675318712036
16.66,-6.828927669727194,-5.312345531956895,27.092272263252113
16.67,-6.686403110012157,-5.334172394472298,26.733855031962868
16.68,-6.560218203279975,-5.377668211857153,26.37973883002665
16.69,-6.450762813823345,-5.441161034907627,26.032238862625412
16.7,-6.358544148939939,-5.523511646031024,25.6935862276812
16.71,-6.28401205224012,-5.62475727350905,25.36543859161421
16.72,-6.227064938292751,-5.74386298210024,25.049236702694404
16.73,-6.187577314247131,-5.879722566458338,24.746422505552083
16.740000000000002,-6.16542368725262,-6.031229821236961,24.45843794481787
16.75,-6.160478564458556,-6.197278541089704,24.186724965122387
16.76,-6.172674361505561,-6.378049331276939,23.933218357708313
16.77,-6.201779484173791,-6.573825952482468,23.699770064699848
16.78,-6.247416045805626,-6.783575042580501,23.487664438939632
16.79,-6.309206148407051,-7.0062630935854715,23.298185773944223
16.8,-6.386771893984123,-7.240856597512119,23.132618363229902
16.81,-6.479735384542803,-7.486322046374861,22.992246500313193
16.82,-6.587727133309208,-7.74164900802973,22.878376818349153
16.830000000000002,-6.71083770699012,-8.007237609107687,22.79382571087533
16.84,-6.848521742684214,-8.282203198752992,22.74061258600968
16.85,-6.999788666855583,-8.5645272210875,22.719744148269612
16.86,-7.163647905968117,-8.852191120232673,22.732227102172583
16.87,-7.339108886485929,-9.14317634031037,22.77906815223604
16.88,-7.525204424689385,-9.435476656324386,22.861321473722086
16.89,-7.721970909822103,-9.727372084633421,22.98214429231542
16.9,-7.9282540962459915,-10.015793901798897,23.142474105510512
16.91,-8.142073161669794,-10.297106989674987,23.341606474069167
16.92,-8.361447283802029,-10.567676230115554,23.578836958753044
16.93,-8.584395640351214,-10.823866504974475,23.85346112032374
16.94,-8.809710159197564,-11.061178480931803,24.167130593092452
16.95,-9.035693484515924,-11.274743579003452,24.519409154016255
16.96,-9.259350440996581,-11.46061905921558,24.905561749963717
16.97,-9.477683534180487,-11.614864229362961,25.320845901799306
16.98,-9.68769526960891,-11.733538397240611,25.76051913038805
16.990000000000002,-9.886408510516793,-11.81118583673465,26.221258650433217
17.0,-10.071026046494422,-11.842159256645235,26.69984794226169
17.01,-10.238844465312296,-11.826196163133266,27.187955930743488
17.02,-10.387161164104002,-11.763240896804108,27.67705624019768
17.03,-10.51327354000335,-11.653237798263074,28.158622494944037
17.04,-10.6137299399079,-11.494172784304176,28.624621812507176
17.05,-10.685416755188966,-11.284716509381711,29.068436234440703
17.06,-10.728027676680819,-11.030700725503259,29.483068223981466
17.07,-10.741344815853747,-10.73818501356525,29.86148955108785
17.080000000000002,-10.725057079706257,-10.41312356215422,30.19660505221044
17.09,-10.67620806921137,-10.058209201925825,30.480402415001496
17.1,-10.595591770036162,-9.67962232183056,30.710302281670657
17.11,-10.486102252570033,-9.285791382736827,30.885694012624175
17.12,-10.350633587202251,-8.885144845512476,31.0059669682686
17.13,-10.191318299951732,-8.485607566636308,31.069711362461806
17.14,-10.008468204567347,-8.092277448168185,31.075260089470014
17.150000000000002,-9.805793422412298,-7.71043686382956,31.0266135471633
17.16,-9.58736201115034,-7.345505989772713,30.928248492088656
17.17,-9.357049577432532,-7.002959179386258,30.784175817658372
17.18,-9.117338586159912,-6.687133708771028,30.595985403130218
17.19,-8.871493437712576,-6.399557243694198,30.368770844917904
17.2,-8.623026770470856,-6.141473202140408,30.108360000496994
17.21,-8.375455047255034,-5.914144211313029,29.820552357935817
17.22,-8.132207246371088,-5.71958857215534,29.508883668402547
17.23,-7.895516121230452,-5.55751333132289,29.17675256912956
17.240000000000002,-7.667242007923113,-5.426457266863052,28.828608621020305
17.25,-7.449245242539045,-5.324959156823152,28.468901384978235
17.26,-7.2433862356341905,-5.2515578922430635,28.10208031953658
17.27,-7.05192584761498,-5.205711568643156,27.731367602475878
17.28,-6.876148516409248,-5.1866162408000855,27.358678707037082
17.29,-6.7164906048861015,-5.1924794308012245,26.986447005656522
17.3,-6.573388475914404,-5.221508660733932,26.61710587077
17.31,-6.447278492363237,-5.271911452685546,26.253088674813842
17.32,-6.338660374268141,-5.342138200869654,25.896796301224732
17.330000000000002,-6.248146814160951,-5.432080380975374,25.550096660588373
17.34,-6.175729170483789,-5.540806236816615,25.214441775782138
17.35,-6.121315288062539,-5.6671739925526365,24.891274599185294
17.36,-6.0848130117231785,-5.81004187234253,24.582038083177594
17.37,-6.066130186291617,-5.968268100345579,24.288175180138328
17.38,-6.065113760782056,-6.141823530991121,24.01158648494011
17.39,-6.081468917202845,-6.33103462102654,23.754185801782743
17.400000000000002,-6.114900195692846,-6.534949934214352,23.517284529884705
17.41,-6.165112220064587,-6.752615041800278,23.302192750441698
17.42,-6.231809614130652,-6.983075515030276,23.110220544649202
17.43,-6.314697001703545,-7.225376925149983,22.942677993702986
17.44,-6.413493852825516,-7.478638326744745,22.800933928321122
17.45,-6.52815947885617,-7.7436315300399565,22.68781984691187
17.46,-6.658081435579479,-8.019505074462117,22.605235635880927
17.47,-6.802419486813712,-8.304465324898755,22.55438415235799
17.48,-6.96033339637733,-8.596718646237798,22.536468253472663
17.490000000000002,-7.130982928088646,-8.894471403366872,22.552690796354607
17.5,-7.313531426121102,-9.195932389269545,22.604261746397533
17.51,-7.508056487012605,-9.49973049605122,22.694324340834548
17.52,-7.713709336570249,-9.803155655009371,22.82460270351878
17.53,-7.928601475778933,-10.102635336186578,22.994849736998674
17.54,-8.150844405623259,-10.394597009624992,23.20481834382245
17.55,-8.378549627088134,-10.675468145367178,23.4542614265386
17.56,-8.61056674247623,-10.941209953040477,23.744796973090374
17.57,-8.845762205550177,-11.186893534405218,24.077580905868146
17.580000000000002,-9.081092143273978,-11.408093568087061,24.448538507144132
17.59,-9.31347125419261,-11.600402414684387,24.853485504211875
17.6,-9.539814236851296,-11.759412434795786,25.288237624365348
17.61,-9.75717049578587,-11.879878917293166,25.74956892027303
17.62,-9.963029175777281,-11.955081735908848,26.235640741926005
17.63,-10.154337242719068,-11.983337606656708,26.738447578186317
17.64,-10.327971289507177,-11.963488110027878,27.249362001148327
17.650000000000002,-10.480807909037345,-11.894374826513449,27.759756582905844
17.66,-10.609021383636811,-11.772713831166751,28.26147298400363
17.67,-10.708625129227977,-11.594526684492445,28.747516360449175
17.68,-10.778882469763463,-11.365450184128015,29.209842200353158
17.69,-10.819235613013547,-11.09165565623357,29.640321366099972
17.7,-10.82912676674843,-10.779314426969577,30.030824720073387
17.71,-10.807415984572234,-10.43370275499942,30.373155076479563
17.72,-10.751617888064821,-10.057192575822345,30.6614045307004
17.73,-10.663743803164985,-9.657832470939171,30.893812365774096
17.740000000000002,-10.546396425595086,-9.244499598129256,31.068923124334088
17.75,-10.401747077048945,-8.82580933019799,31.184780111964013
17.76,-10.22990398076392,-8.40792699087874,31.238345001031213
17.77,-10.034461223324262,-7.997111866842763,31.232849725612837
17.78,-9.819704326651983,-7.59987649624476,31.17251231581006
17.79,-9.589736471236723,-7.222755897383796,31.06118183616346
17.8,-9.346938649309367,-6.871020558696269,30.90010325109627
17.81,-9.09479437174528,-6.5469704144263625,30.694442898881416
17.82,-8.837216939618111,-6.252565520422561,30.450407881440476
17.830000000000002,-8.57812230816984,-5.9898263420737745,30.174112564460877
17.84,-8.321088185267117,-5.761473611268996,29.86903512358831
17.85,-8.06860375916269,-5.567203450603177,29.539253898249918
17.86,-7.822966302463282,-5.40568103143469,29.189809562930485
17.87,-7.586473087775259,-5.275571525121649,28.82574279211432
17.88,-7.361496314262036,-5.175671589602229,28.451957153673845
17.89,-7.150709781603697,-5.105989858298476,28.071220160207254
17.900000000000002,-6.955134769081115,-5.06503475301443,27.686075226246693
17.91,-6.775425272724755,-5.050826534158324,27.29937499717113
17.92,-6.612235288564893,-5.061385462138375,26.91397211835914
17.93,-6.466218812632048,-5.094731797362811,26.532719235189827
17.94,-6.338309170396801,-5.149762598487524,26.15808596762392
17.95,-6.229048726868226,-5.225969893487527,25.79165310310346
17.96,-6.138373744773021,-5.322003526010912,25.435003358853326
17.97,-6.066219279125477,-5.4365108948296506,25.089720055538773
17.98,-6.0125203849397675,-5.568139398715861,24.75738651382457
17.990000000000002,-5.977210864108788,-5.715965330048603,24.43970412308936
18.0,-5.96013671843376,-5.880454356634415,24.138572269378713
18.01,-5.9610458899298715,-6.060894764330018,23.855342618000268
18.02,-5.979682349362533,-6.256435684953089,23.591318882698936
18.03,-6.015790067497168,-6.46622625032157,23.347804777219235
18.04,-6.069113015099159,-6.68941559225312,23.126104015306048
18.05,-6.13942122144956,-6.925361440621658,22.927662035030227
18.06,-6.226618758120707,-7.175203991712795,22.755268576093446
18.07,-6.330194913782456,-7.438154878615389,22.610664526047746
18.080000000000002,-6.44954486412081,-7.7128179721069925,22.495205203124918
18.09,-6.584063784821752,-7.997797142965143,22.410245925556715
18.1,-6.733146851571409,-8.291696261967685,22.35714201157481
18.11,-6.8961892400557065,-8.593119199892051,22.337248779410963
18.12,-7.072957229568822,-8.901142535165054,22.35282992937602
18.13,-7.263323329565864,-9.214690752322747,22.407159157489502
18.14,-7.46581202033926,-9.530694333294475,22.500933013841852
18.150000000000002,-7.6788904407746195,-9.846004192674874,22.634724719334848
18.16,-7.901025729757541,-10.157471245058582,22.80910749487023
18.17,-8.130844624969592,-10.461941179824816,23.025013433320986
18.18,-8.368285153430143,-10.755708510790793,23.286214201421615
18.19,-8.611080697024803,-11.034093875353982,23.591299835388714
18.2,-8.856320053741102,-11.292321497458321,23.937385770133385
18.21,-9.101092021566922,-11.525615601048134,24.321587440567182
18.22,-9.34248539848979,-11.729200410067392,24.74102028160115
18.23,-9.57821386488009,-11.896589276487504,25.195366867695423
18.240000000000002,-9.805725388788995,-12.022241022908073,25.681400283135883
18.25,-10.021545389968486,-12.103261658102058,26.191091703969946
18.26,-10.222198240321244,-12.136760136954392,26.716407357682208
18.27,-10.404198307590622,-12.119803116569424,27.249332146635954
18.28,-10.563122773304396,-12.045407897775604,27.78389981515639
18.29,-10.696101829162696,-11.912869338205166,28.31223919808168
18.3,-10.80141095480809,-11.726265244170131,28.824545648856045
18.31,-10.877325629882975,-11.48967342198275,29.311014520922964
18.32,-10.922061979162116,-11.207070812690691,29.7618347313958
18.330000000000002,-10.931894512486489,-10.878977983460812,30.16815134646052
18.34,-10.906560366006287,-10.511344263371358,30.52487246727091
18.35,-10.847692137436917,-10.113259678038125,30.82770949807691
18.36,-10.756897563968531,-9.693796761372857,31.07234664736567
18.37,-10.633297787359703,-9.259785379209113,31.252589281098878
18.38,-10.47861157878767,-8.818256511243973,31.367859551431103
18.39,-10.296978157309937,-8.37761208225999,31.420793973543645
18.400000000000002,-10.092534984269161,-7.946253942806752,31.41402624574821
18.41,-9.867602674530385,-7.531717591497967,31.34780823901773
18.42,-9.62498454759274,-7.138591392577849,31.22515648372798
18.43,-9.36921632408561,-6.770840537454214,31.052331027135057
18.44,-9.104833235280344,-6.432431363117104,30.835589589240854
18.45,-8.835675838736964,-6.127658145433657,30.5789347381112
18.46,-8.564793521976428,-5.857806562089904,30.286532092602506
18.47,-8.295448684663782,-5.622527502301188,29.964477866886043
18.48,-8.030903726463695,-5.421471855282494,29.618868275132645
18.490000000000002,-7.774539354922917,-5.254689966218952,29.25526798547681
18.5,-7.529256016317549,-5.122632801182826,28.876681418352998
18.51,-7.29648162669824,-5.023326500780321,28.486786345784353
18.52,-7.077545822644935,-4.954585093069118,28.089422779029164
18.53,-6.873778240737258,-4.914222606106779,27.688430729345164
18.54,-6.686553493769418,-4.900156862752612,27.2875776798946
18.55,-6.517444496990201,-4.911697427961878,26.889197281856685
18.56,-6.366876480832178,-4.947496702787299,26.495098869434806
18.57,-6.235004438516479,-5.005818816665061,26.10724684156999
18.580000000000002,-6.121983363264399,-5.084927899031314,25.72760559720368
18.59,-6.027971225490651,-5.1831405996548074,25.358147192724044
18.6,-5.9531103448612805,-5.300117133661467,25.00085332767722
18.61,-5.8972997618050815,-5.435287641285672,24.65720510566758
18.62,-5.860379991076821,-5.587647919195531,24.328551526131044
18.63,-5.842191547431329,-5.756193764058948,24.01624158850402
18.64,-5.842574945623402,-5.939920972544057,23.72162429222245
18.650000000000002,-5.861314475385741,-6.138394757192489,23.44627589286983
18.66,-5.897972096728812,-6.352661478693752,23.19237623074143
18.67,-5.9521973728913355,-6.58197352410313,22.961403819435365
18.68,-6.023653510696198,-6.825408580081536,22.754768039255193
18.69,-6.112003716966376,-7.082044333290215,22.573878270504174
18.7,-6.216911198524731,-7.350958470390058,22.420143893485832
18.71,-6.338039162194266,-7.631228678042333,22.29497428850346
18.72,-6.47521712365776,-7.922495880662547,22.20031562498112
18.73,-6.628374666604418,-8.225213809771118,22.139401321009373
18.740000000000002,-6.796561086449545,-8.537404301900871,22.11374133765443
18.75,-6.978763574910921,-8.85690021488906,22.124688622511492
18.76,-7.173969323706524,-9.18153440657329,22.17359612317578
18.77,-7.3811655245540635,-9.509139734790699,22.261816787242463
18.78,-7.600004649444273,-9.837791210301635,22.391978294097832
18.79,-7.830080366584351,-10.164605370489816,22.56679347448326
18.8,-8.069266402163935,-10.485335905335894,22.785835156570236
18.81,-8.315402218810743,-10.795715760475042,23.048612263206753
18.82,-8.566327279152839,-11.091477881542882,23.354633717241143
18.830000000000002,-8.820589383627874,-11.367707491320981,23.705375120201435
18.84,-9.07662976418264,-11.618501353362548,24.101508910145956
18.85,-9.330974193110988,-11.838843009218058,24.53798533424021
18.86,-9.580108507987287,-12.0237422561616,25.009638968400363
18.87,-9.820518546386259,-12.168208891467552,25.51130438854322
18.88,-10.048850328131998,-12.265414333589998,26.039661812643896
18.89,-10.261971759707968,-12.309073080389132,26.59042481016506
18.900000000000002,-10.45650447882013,-12.298217752625408,27.153627943436806
18.91,-10.62906284259562,-12.231995722300718,27.719186315397106
18.92,-10.776243395757216,-12.109504354431252,28.277025427382316
18.93,-10.893257954719324,-11.925984676140047,28.81838254436229
18.94,-10.97770382115748,-11.683476497204898,29.33474434102467
18.95,-11.028844150202875,-11.388716894624109,29.816956098603477
18.96,-11.045942096986796,-11.0484429453956,30.25586309833343
18.97,-11.027314300621434,-10.668112765768043,30.64198368748837
18.98,-10.97062544101722,-10.251733951898022,30.968287271168165
18.990000000000002,-10.878288922915146,-9.809079091684142,31.23244529653054
19.0,-10.753046219280472,-9.350339542424367,31.432357769076493
19.01,-10.596397717329646,-8.884936510434407,31.564611304120685
19.02,-10.40896529574627,-8.419932224407546,31.627133161048274
19.03,-10.195341717697934,-7.963111373066559,31.624232828779757
19.04,-9.960296462940555,-7.522327673774065,31.56045766680437
19.05,-9.707688138333944,-7.10520405737351,31.438624144658352
19.06,-9.440389579109297,-6.7163339349577065,31.261408621960804
19.07,-9.162841122612168,-6.35849498364526,31.03584579054486
19.080000000000002,-8.879523755705328,-6.034448960884364,30.769063933515156
19.09,-8.594851336885414,-5.747443138175391,30.46661553360788
19.1,-8.312225700136471,-5.4987333270300764,30.13227000583327
19.11,-8.03445116400405,-5.287048798041965,29.77193172182609
19.12,-7.764328146566734,-5.111091116096205,29.391545451794276
19.13,-7.504708149222153,-4.969638315877911,28.99697333519674
19.14,-7.258888612546839,-4.862603224091664,28.59184361075912
19.150000000000002,-7.0283311700966475,-4.788275430138239,28.17911249422036
19.16,-6.8139378989107655,-4.744263968189975,27.762132816420568
19.17,-6.616610876028159,-4.728177872419171,27.34425740819943
19.18,-6.437253879577694,-4.737629429715003,26.928837618932846
19.19,-6.277111045537141,-4.771345412526664,26.518479337013574
19.2,-6.136730834456011,-4.828366610499651,26.114801938449475
19.21,-6.016129604606975,-4.907079417405294,25.71953659985244
19.22,-5.915323714262886,-5.005870227014824,25.33441449783492
19.23,-5.834328134106863,-5.123139546750312,24.961171242733364
19.240000000000002,-5.773012610664832,-5.258446429310792,24.601756546908295
19.25,-5.731140328247834,-5.411445283463101,24.257685111329426
19.26,-5.708508401504717,-5.581256975005796,23.930215398605046
19.27,-5.704913945084375,-5.767002369737212,23.620605871343933
19.28,-5.720154073635684,-5.967802333455936,23.3301149921544
19.29,-5.7539974371153075,-6.1830311088596615,23.060126965487605
19.3,-5.805939997941646,-6.414102476139822,22.81312211692137
19.31,-5.875600468525824,-6.660612038369331,22.59083558700278
19.32,-5.962653299149359,-6.921588661640355,22.39473655108107
19.330000000000002,-6.066772940093699,-7.196061212044798,22.226294184505736
19.34,-6.1876338416402685,-7.483058555674548,22.086977662626214
19.35,-6.324910454070621,-7.781609558621801,21.978256160791815
19.36,-6.478282852927281,-8.090761442825709,21.90161910561669
19.37,-6.647764919592622,-8.410884389124591,21.860360569153315
19.38,-6.832640779081608,-8.74071427187285,21.85707445938809
19.39,-7.031752890520847,-9.077692991755105,21.893144481852186
19.400000000000002,-7.2439437130367565,-9.419262449455637,21.969954342076782
19.41,-7.468055705755733,-9.762864545658712,22.088887745593006
19.42,-7.70327945907184,-10.106020312557012,22.25195211337852
19.43,-7.9496029623229765,-10.44563743888279,22.462625749379473
19.44,-8.204811946181367,-10.777014263462858,22.720500331204516
19.45,-8.466427732078877,-11.095324513908125,23.02469724875604
19.46,-8.731971641447739,-11.395741917829948,23.374337891936833
19.47,-8.999467244178142,-11.672831371461486,23.770011239302416
19.48,-9.26728356031652,-11.91975821469993,24.212699234687957
19.490000000000002,-9.531698053744563,-12.131179699452264,24.696616356606455
19.5,-9.788866492343441,-12.301867957731108,25.215600967630092
19.51,-10.034944643994601,-12.426595121549264,25.763491430331612
19.52,-10.266152462150306,-12.497994021340771,26.33594176061298
19.53,-10.478966971439693,-12.509644803068092,26.927413588458656
19.54,-10.669905240803207,-12.461307639440914,27.526816751760283
19.55,-10.835483315723367,-12.352862821676341,28.12295563178152
19.56,-10.97213991907373,-12.183992006016304,28.704666254138214
19.57,-11.074773251887025,-11.95046003556775,29.262179370143166
19.580000000000002,-11.141540267738627,-11.656512131553473,29.78643998990625
19.59,-11.172034268247572,-11.310100808448365,30.268133202659257
19.6,-11.165848555032914,-10.919178580726928,30.697944097634487
19.61,-11.120520904906666,-10.489091948199995,31.06591339175395
19.62,-11.035527974862607,-10.026793383036397,31.366941246728327
19.63,-10.913977972524807,-9.543364815777347,31.599434440648032
19.64,-10.758931865320486,-9.049869783614296,31.761734611037223
19.650000000000002,-10.571005772990047,-8.555429127350639,31.849859932211388
19.66,-10.353380389906809,-8.0677862046245,31.866008230438137
19.67,-10.111187780216229,-7.595097483791378,31.81547821886047
19.68,-9.849411346650298,-7.145545757196195,31.70327255802067
19.69,-9.571152914034913,-6.725960546739269,31.531504375594633
19.7,-9.280675308313095,-6.339374809752158,31.30642486847215
19.71,-8.982820324480468,-5.988295289267354,31.03565366999259
19.72,-8.68241595553223,-5.675452059309907,30.72644144244307
19.73,-8.383531794286041,-5.403655148329734,30.383054403068954
19.740000000000002,-8.08915954108116,-5.171840691905282,30.011172055369418
19.75,-7.802212108218102,-4.978358906545823,29.6170065694587
19.76,-7.525602407997073,-4.821560008760437,29.206770115450603
19.77,-7.262632282800482,-4.700582645749599,28.78550286693024
19.78,-7.015618907686006,-4.614411067406907,28.355952938573978
19.79,-6.785478848141901,-4.560447069293465,27.921499956679586
19.8,-6.573117970045386,-4.536077432664527,27.485536726120827
19.81,-6.379442139273998,-4.538688938775401,27.051456051772075
19.82,-6.205553267565538,-4.566410631310777,26.622229065512016
19.830000000000002,-6.0521677587716285,-4.618341614763656,26.19958393509559
19.84,-5.9193268887873,-4.69275445938156,25.785225842661244
19.85,-5.807065042198027,-4.787907485471996,25.38086469351649
19.86,-5.715414146847822,-4.9020705836166165,24.988214653220968
19.87,-5.64417431443445,-5.034551401004267,24.609198482378545
19.88,-5.593048313318287,-5.184947958837143,24.245305850466156
19.89,-5.561819185962154,-5.35244807283594,23.897772102750817
19.900000000000002,-5.550269974828924,-5.536239558721191,23.56783258449993
19.91,-5.558183722381447,-5.735510232213412,23.256722640980865
19.92,-5.585235150123193,-5.949983923173097,22.965941863711237
19.93,-5.630776020540968,-6.180918177201586,22.697858024628715
19.94,-5.694519063195539,-6.427704614673127,22.45405774862785
19.95,-5.77621789387586,-6.689528930366275,22.236032415253874
19.96,-5.875626128370986,-6.965576819059951,22.04527340405168
19.97,-5.992497382469845,-7.2550339755326885,21.883272094566472
19.98,-6.1265852719615195,-7.5570860945634255,21.751519866343187
19.990000000000002,-6.27766354199011,-7.871026624185002,21.65160885581224
20.0,-6.4456683821643574,-8.197702175106961,21.58700638442856
20.01,-6.629821819474242,-8.535767220707417,21.56013878422401
20.02,-6.8291342126107955,-8.882968151894906,21.57272244252073
20.03,-7.0426159202653205,-9.23705135957845,21.626473746640865
20.04,-7.269277301128826,-9.595763234666578,21.723109083906515
20.05,-7.508529302128703,-9.956944483848215,21.865029280139392
20.06,-7.760358959169235,-10.317602675747256,22.05580560591259
20.07,-8.022613907093868,-10.673035115286126,22.295585824196475
20.080000000000002,-8.292950208596785,-11.018438682011936,22.584201010776418
20.09,-8.569023926372157,-11.349010255471816,22.921482241437715
20.1,-8.849161107044111,-11.659357351172543,23.30893249161427
20.11,-9.131881304877982,-11.942601909252392,23.74781576603807
20.12,-9.413364806823056,-12.192677450941785,24.232874680571935
20.13,-9.68969714894845,-12.40357295900574,24.75860010199795
20.14,-9.956963867323683,-12.5692774162096,25.319482897098904
20.150000000000002,-10.211406419123485,-12.681524902824236,25.912183976864824
20.16,-10.449296153575975,-12.73335550849018,26.53104354531556
20.17,-10.666619172549584,-12.723148096575258,27.16452123206966
20.18,-10.859358272772447,-12.6493367490497,27.80101898494395
20.19,-11.023239319806242,-12.509625094843148,28.429080477013876
20.2,-11.15221935320645,-12.296928468539141,29.038915391835985
20.21,-11.244369420368693,-12.016350354084777,29.619876688621023
20.22,-11.298838979053041,-11.676114960970047,30.16087982640071
20.23,-11.314777487019656,-11.284446498684504,30.650840264207552
20.240000000000002,-11.290445447516532,-10.84824983517814,31.078624194078582
20.25,-11.22304868336666,-10.372011738891135,31.43672284194267
20.26,-11.115222544084329,-9.867186107465141,31.72264114305771
20.27,-10.970101002880082,-9.34591380824494,31.93414086011345
20.28,-10.78908442675995,-8.819099543805274,32.0672307813988
20.29,-10.573990725055072,-8.295235412646875,32.12148638901068
20.3,-10.33025163519148,-7.783519363299286,32.10230809928685
20.31,-10.063296705142529,-7.293175194330597,32.01506646581646
20.32,-9.776698069198769,-6.832546608301405,31.862070948978975
20.330000000000002,-9.474746746345263,-6.405749941763617,31.649251456802197
20.34,-9.162735077798498,-6.015915015936248,31.38496711996536
20.35,-8.845931333121053,-5.666358094421372,31.077263891788114
20.36,-8.528783737674585,-5.360532830378783,30.730913551283848
20.37,-8.214750810807697,-5.097556675788862,30.35209368941754
20.38,-7.907233276721333,-4.875768403773517,29.94768928891901
20.39,-7.60963190361255,-4.693506861399025,29.524585267647726
20.400000000000002,-7.325692055770677,-4.550135474431515,29.088066979406168
20.41,-7.057614122475043,-4.444175129822424,28.641399399264238
20.42,-6.806514869777688,-4.372757183414289,28.18838734507468
20.43,-6.573511063731026,-4.33301299104977,27.732835634690886
20.44,-6.359727918861268,-4.3220883663177085,27.278540594441274
20.45,-6.16662890551668,-4.338264388656274,26.828324237258276
20.46,-5.994774543609592,-4.379987111575109,26.38396645453516
20.47,-5.844253692575874,-4.445217902524455,25.947353584935385
20.48,-5.715155211851168,-4.5319181289546275,25.520371967121783
20.490000000000002,-5.607511052076119,-4.638316046543529,25.104916506928802
20.5,-5.521036162460391,-4.763983053989853,24.702650176558866
20.51,-5.455503215103185,-4.908028802912166,24.31485499445019
20.52,-5.410705918244382,-5.069454188018039,23.942790126213595
20.53,-5.386437980123782,-5.247260104015259,23.587714737459358
20.54,-5.382383185788395,-5.440705567634029,23.25097065999387
20.55,-5.3975786701158235,-5.6507783473766375,22.93446051788195
20.56,-5.431731276911264,-5.87724718047845,22.639708536822372
20.57,-5.484704049734149,-6.119542941447752,22.368131720970513
20.580000000000002,-5.556360032143878,-6.3770965047925925,22.121147074482067
20.59,-5.646562267699827,-6.649338745020998,21.90017160151269
20.6,-5.755173799961465,-6.935700536641286,21.706622306217803
20.61,-5.882048356732028,-7.236367588405948,21.54244412809887
20.62,-6.026780749783557,-7.552476919923299,21.410823678254513
20.63,-6.188740299981681,-7.882668194480904,21.313798524785152
20.64,-6.367290671305862,-8.225433453551299,21.25332042587607
20.650000000000002,-6.561795527735387,-8.579264738606664,21.23134113971264
20.66,-6.771618533249524,-8.94265409111917,21.2498124244802
20.67,-6.996391397671113,-9.314272247278508,21.311165001670087
20.68,-7.236436757336032,-9.692545874062269,21.419535625095094
20.69,-7.490173776045924,-10.073598679257579,21.576351538707044
20.7,-7.755767650150329,-10.453318750509858,21.78263054184216
20.71,-8.031383575999156,-10.827594175465059,22.039390433836903
20.72,-8.315490060060105,-11.192226182401141,22.34829870412598
20.73,-8.607421753655455,-11.541665104693971,22.712667536172127
20.740000000000002,-8.904090587986488,-11.86935888068827,23.130295764203623
20.75,-9.202053881819792,-12.168738304592054,23.598199978276984
20.76,-9.49786919203626,-12.433233413454214,24.113398054247202
20.77,-9.788668263598906,-12.654078611743333,24.675909432356608
20.78,-10.070747361775283,-12.823737241212159,25.28085978574477
20.79,-10.339489557684093,-12.937232046030218,25.918351405307643
20.8,-10.59027792244443,-12.989585770367235,26.57848658194207
20.81,-10.818263616655042,-12.974465384235517,27.252071246418733
20.82,-11.018166843407132,-12.883009696097929,27.931424960179132
20.830000000000002,-11.186609504833124,-12.717462213267735,28.603400189237654
20.84,-11.320450797591167,-12.481452866675156,29.254148905853352
20.85,-11.416537711966443,-12.178586246546702,29.869822368111148
20.86,-11.469857329938344,-11.808561962137821,30.43750898075847
20.87,-11.478754616687084,-11.377898766031677,30.948123505267976
20.88,-11.444176782173194,-10.898484954873389,31.39351616378751
20.89,-11.366811066206303,-10.381969257930741,31.765293064304547
20.900000000000002,-11.244381135949236,-9.83655813383466,32.05397611952216
20.91,-11.079931672958054,-9.273727858868938,32.25898493549102
20.92,-10.87837669817904,-8.706463181345615,32.38200588058855
20.93,-10.644012151225642,-8.147470875730884,32.42395844123054
20.94,-10.378683449751957,-7.605973826546044,32.384550053583965
20.95,-10.087966558634871,-7.089241741744745,32.27090416201098
20.96,-9.778056463791565,-6.604572710550552,32.09110418673101
20.97,-9.454236196665615,-6.159474828675599,31.85107173838003
20.98,-9.120753813611701,-5.75753342076299,31.55642949671596
20.990000000000002,-8.782656076607624,-5.399528968591259,31.21605052697975
21.0,-8.444998742623211,-5.086241944546733,30.838817510754733
21.01,-8.11293358779862,-4.819543423388025,30.43132937834307
21.02,-7.789794711328852,-4.598412504958441,29.99871826509251
21.03,-7.4781205144720575,-4.419950957727906,29.54701344823672
21.04,-7.180449398486832,-4.281260550166635,29.08224420500997
21.05,-6.899425224879492,-4.179599721351675,28.610248053844845
21.06,-6.63784273684192,-4.1134069109111415,28.134371303017293
21.07,-6.396620888386687,-4.0800744960815685,27.65733415161835
21.080000000000002,-6.176361546778745,-4.076686069007458,27.182057001140315
21.09,-5.977666579283012,-4.100325221833269,26.711460253075465
21.1,-5.801232982522911,-4.148724576772666,26.248212565099372
21.11,-5.647337429308329,-4.220534765754951,25.79401316220443
21.12,-5.515856980226941,-4.313995294830073,25.350345617577833
21.13,-5.406667520163809,-4.427342821798026,24.918693771035866
21.14,-5.319561794272206,-4.559006625147686,24.50060833901126
21.150000000000002,-5.253897649951993,-4.70871768982828,24.097817129734253
21.16,-5.2093642700292975,-4.875885591060902,23.711519357906134
21.17,-5.185721111939889,-5.059787548164537,23.342839822211854
21.18,-5.182727633119585,-5.259700780457921,22.9929033213369
21.19,-5.2001254114616176,-5.474943766719561,22.66285020491235
21.2,-5.2369116716511055,-5.706681039527351,22.354602045086207
21.21,-5.29255950958761,-5.955349139698447,22.07005239281769
21.22,-5.366991286494798,-6.220412653605714,21.81077158402378
21.23,-5.460129363596429,-6.501336167622388,21.578329954621076
21.240000000000002,-5.5718961021161855,-6.797584268121419,21.374297840526463
21.25,-5.7022138632777235,-7.108621541475738,21.200245577656773
21.26,-5.851005008304844,-7.433912574058612,21.057743501928666
21.27,-6.018163341645093,-7.77369822328633,20.949116571697413
21.28,-6.2031777545851625,-8.128719621096794,20.878187454755068
21.29,-6.405257507017501,-8.497114431930603,20.847230287164912
21.3,-6.623607152854264,-8.876901716716501,20.85842764026857
21.31,-6.857431246007314,-9.266100536382702,20.91396208540766
21.32,-7.105940930771625,-9.662733554010169,21.016026873278662
21.330000000000002,-7.369485819505419,-10.064991429179365,21.16882604715796
21.34,-7.64711186939613,-10.46877677867364,21.37502676235023
21.35,-7.936579985659231,-10.868950125882444,21.635337933531353
21.36,-8.235651073509791,-11.260371994194667,21.950468475376876
21.37,-8.542193214449684,-11.637863001503181,22.321396698274725
21.38,-8.855522899250781,-11.994878445930093,22.752565556940958
21.39,-9.172396556387758,-12.32384302938347,23.241560310261953
21.400000000000002,-9.488587465733456,-12.61727139928161,23.783436153190515
21.41,-9.799868907160718,-12.867678203042855,24.373248280679377
21.42,-10.102131796664734,-13.066908617338521,25.006864032444437
21.43,-10.391680337425806,-13.204073156526754,25.68225016278154
21.44,-10.663662082491479,-13.274225325648466,26.38812803023932
21.45,-10.913025382185547,-13.273500505089704,27.11174167914178
21.46,-11.134693309432343,-13.19793216972776,27.840367114055553
21.47,-11.322220013018356,-13.038118578786996,28.563299261304326
21.48,-11.47164326684383,-12.794932498917683,29.267595138220862
21.490000000000002,-11.580563997233119,-12.475598965880053,29.93850919126338
21.5,-11.646583130510626,-12.087343015434444,30.561295866890127
21.51,-11.66610606728028,-11.635273803514586,31.121353971731075
21.52,-11.635887042282393,-11.124520879777691,31.608646956961294
21.53,-11.558083094334933,-10.569180201123537,32.01708234649255
21.54,-11.43501930442692,-9.983708495146555,32.340581499434464
21.55,-11.26586916667092,-9.37964363515539,32.57106102884783
21.56,-11.053899561063306,-8.768768352926328,32.70912429552678
21.57,-10.805137326833144,-8.16424560539813,32.759147361031765
21.580000000000002,-10.52489406435471,-7.579069271463604,32.724486170661436
21.59,-10.216269306402735,-7.0227478025926295,32.60721634590316
21.6,-9.88554731139688,-6.501567493469711,32.416471115508884
21.61,-9.53941443660027,-6.021705229077029,32.1620819275105
21.62,-9.183576424923372,-5.589633863274041,31.850865439896403
21.63,-8.82275993404699,-5.206993078513118,31.489993853934873
21.64,-8.461931221214082,-4.8732931376521424,31.08872594210292
21.650000000000002,-8.106081755358675,-4.588095201061424,30.656261181264266
21.66,-7.7603207233241225,-4.351774637936633,30.199145506893586
21.67,-7.427587962302784,-4.161881440082134,29.722620615049014
21.68,-7.1101625534728905,-4.01488233342099,29.232448924271484
21.69,-6.810324373443748,-3.907244978049686,28.734392256851024
21.7,-6.530812705626827,-3.8364003869426817,28.233112127959284
21.71,-6.273117032418059,-3.799899030059875,27.73137578476065
21.72,-6.03778104484598,-3.794551740554149,27.231997478224596
21.73,-5.8253484339387755,-3.817169351578356,26.737791459319887
21.740000000000002,-5.636433050168139,-3.8650917408170637,26.251420715638307
21.75,-5.471248087629272,-3.936744739326958,25.774621004396614
21.76,-5.329565913514123,-4.030214804721321,25.30877692336893
21.77,-5.211154574232218,-4.143578696817862,24.85527240687226
21.78,-5.115625127833293,-4.275258829610177,24.41560149199108
21.79,-5.042240960806201,-4.424975950352563,23.991342259615635
21.8,-4.9907212320768,-4.592036237424925,23.58357651828625
21.81,-4.9608219220788765,-4.775685141050887,23.19335415077713
21.82,-4.95229901124616,-4.975168111454319,22.821725039861896
21.830000000000002,-4.964581366223337,-5.1902096649007134,22.469893374497985
21.84,-4.996200205972692,-5.422214281383798,22.139733266680295
21.85,-5.047042806340091,-5.671068810220533,21.832795132173214
21.86,-5.117149766477278,-5.936458428517557,21.550572493246868
21.87,-5.206561685536084,-6.2180683133818695,21.294558872170967
21.88,-5.315319162668227,-6.515583641920087,21.0662477912156
21.89,-5.443462797025567,-6.828689591239235,20.867132772650503
21.900000000000002,-5.5909784196061825,-7.15732726310216,20.698879569992283
21.91,-5.75721950606746,-7.5032555182826925,20.56492684141246
21.92,-5.9416117623514095,-7.865739969599259,20.468077224322617
21.93,-6.143677950417424,-8.24337864240183,20.410787540698966
21.94,-6.362940832225172,-8.6347695620409,20.39551461251762
21.95,-6.598923169734025,-9.03851075386642,20.42471526175474
21.96,-6.85136172957859,-9.453328285855449,20.501228316163207
21.97,-7.1206811357540625,-9.877466810426846,20.62972745809583
21.98,-7.405359566191353,-10.306561226604872,20.81239425674898
21.990000000000002,-7.703560888966518,-10.735947654800867,21.05092449130503
22.0,-8.013448972155592,-11.160962215426167,21.347013940946248
22.01,-8.33358639301035,-11.576795800076306,21.703245372861353
22.02,-8.663041371571714,-11.976770811834998,22.123314435335093
22.03,-8.998249294447406,-12.352942270447468,22.60504378845853
22.04,-9.33538629909784,-12.697343597921076,23.14567852751597
22.05,-9.67070632988806,-13.001791908442456,23.74283964036795
22.06,-10.001152235302055,-13.25512538198726,24.397442327693362
22.07,-10.321751505313895,-13.44908889847907,25.101071337793567
22.080000000000002,-10.626953154334833,-13.5767229370137,25.842506771972587
22.09,-10.911206127596293,-13.631067413496902,26.61052907560136
22.1,-11.168412338456418,-13.600670066443625,27.396652447968577
22.11,-11.39331217532444,-13.48075233179126,28.18827225240201
22.12,-11.581569821133424,-13.274018874780706,28.968201933342307
22.13,-11.728849458816153,-12.983174360653098,29.719254935229003
22.14,-11.829402954387163,-12.60780143126898,30.42481156899467
22.150000000000002,-11.878918519999122,-12.15128214292049,31.071735220867758
22.16,-11.877563054780623,-11.627378106812031,31.64820725950908
22.17,-11.825435263190988,-11.049866883882508,32.14228299295662
22.18,-11.71920709690636,-10.4283286234427,32.54072866102489
22.19,-11.561267290002327,-9.776834854249323,32.84057455752131
22.2,-11.356879870066315,-9.11224431552737,33.04230655222373
22.21,-11.110469059685078,-8.450944591857619,33.14539655422689
22.22,-10.824110948207588,-7.804923478297541,33.14905909980869
22.23,-10.504636031871081,-7.184526641668299,33.06185293975804
22.240000000000002,-10.159443514951397,-6.600223744765756,32.89318414372886
22.25,-9.794109045995878,-6.061913850065388,32.648957916024365
22.26,-9.4143874965171,-5.573422841228488,32.338171686619056
22.27,-9.026789977067153,-5.136930785633612,31.97211874052459
22.28,-8.637913706730998,-4.755161727989864,31.56120314512123
22.29,-8.253290262243288,-4.429622662963756,31.112264025097666
22.3,-7.876726338193378,-4.157248707386885,30.63324395644629
22.31,-7.5119495832995,-3.9347150825120036,30.132269179584707
22.32,-7.162801585417965,-3.758878359278734,29.61724391967841
22.330000000000002,-6.833148245056897,-3.627743633282625,29.092974465546853
22.34,-6.524508744067421,-3.5376203150209022,28.563234023486814
22.35,-6.238019737777279,-3.484401869849272,28.032010953912245
22.36,-5.974835333198334,-3.464018832282143,27.50327743080009
22.37,-5.736274319806653,-3.4736845748095804,26.980043479837775
22.38,-5.522672898550249,-3.51094579599876,26.464130750082532
22.39,-5.334050533098506,-3.573048585375939,25.95733180534306
22.400000000000002,-5.170384410849903,-3.6573160312252933,25.46146107989053
22.41,-5.0311852706153015,-3.762140513859288,24.978248583533258
22.42,-4.915992370417948,-3.8862659290661665,24.508811506895174
22.43,-4.824406997650297,-4.028361307483876,24.05417845855342
22.44,-4.756021232982885,-4.187104290089161,23.615380644649704
22.45,-4.7096361417409955,-4.362178133410909,23.193692654199285
22.46,-4.684519439007307,-4.553681199926296,22.790322144376496
22.47,-4.680530306405116,-4.761326955710735,22.40632268703937
22.48,-4.697527925557696,-4.984828866839919,22.042747854045377
22.490000000000002,-4.735371478088334,-5.223900399389326,21.700651217252396
22.5,-4.793735695491701,-5.478581680418214,21.381163827382355
22.51,-4.871102372634287,-5.751169004445057,21.086272816951954
22.52,-4.967257986974618,-6.041901240212225,20.818043650623682
22.53,-5.082318408170362,-6.350456338799081,20.57845893963934
22.54,-5.216399505879038,-6.676512251284558,20.369501295241093
22.55,-5.369617149758339,-7.019746928748043,20.193153328670792
22.56,-5.542087209465755,-7.379838322268448,20.051397651170554
22.57,-5.733925554659009,-7.75646438292518,19.946216873982273
22.580000000000002,-5.945229850107995,-8.149621042787958,19.87995509825633
22.59,-6.175640521391443,-8.56018364715224,19.857227600768542
22.6,-6.424318338406926,-8.986055812374087,19.88130174690343
22.61,-6.690401380137246,-9.424687971536969,19.95508168661583
22.62,-6.97302772556557,-9.873530557724965,20.08147156986065
22.63,-7.2713751775084114,-10.330047994882577,20.26344103554258
22.64,-7.585823557292125,-10.791299864325865,20.506171938571658
22.650000000000002,-7.914784692326468,-11.251293566376832,20.812258420285023
22.66,-8.255593548704192,-11.703250340893312,21.18263257475663
22.67,-8.60558509251841,-12.140391427733618,21.61822649606083
22.68,-8.962711570834827,-12.555497141795197,22.121624388719322
22.69,-9.325110899864542,-12.939000576719936,22.695686894108377
22.7,-9.687771096748259,-13.281120242237549,23.334598781976595
22.71,-10.045483890376909,-13.57212823623587,24.032010845635945
22.72,-10.39305464068843,-13.802191327688824,24.781695061813945
22.73,-10.72569779871392,-13.957683665312185,25.580806307714475
22.740000000000002,-11.037679351961671,-14.03046793432051,26.417327115879345
22.75,-11.322793229544768,-14.015728321962598,27.274912109283893
22.76,-11.574811365928538,-13.908567368595287,28.137238595675836
22.77,-11.785714871309525,-13.697923760138101,28.99002159066212
22.78,-11.950394560238651,-13.385120271101922,29.816598877877983
22.79,-12.065842230490503,-12.979598965077598,30.598267506329243
22.8,-12.129049679839868,-12.490801905655477,31.31632452502286
22.81,-12.134745639621428,-11.924145539259822,31.95266848929954
22.82,-12.081276460839495,-11.290794243263344,32.49658035277111
22.830000000000002,-11.971455191496581,-10.60949334502638,32.940580224736465
22.84,-11.806695507593943,-9.897911929072096,33.275865000852775
22.85,-11.587004521865582,-9.170333995473682,33.49631439190869
22.86,-11.319180831198109,-8.44359996569846,33.606884996763725
22.87,-11.010283982364442,-7.7348111283546555,33.61281402893234
22.88,-10.664471064043953,-7.058226602829016,33.516373677980454
22.89,-10.288791500369532,-6.422706386935059,33.32775104046557
22.900000000000002,-9.891469762720188,-5.836530567811993,33.05937345272268
22.91,-9.47967560364432,-5.308249775222755,32.7205978902522
22.92,-9.059556902797956,-4.840185415159796,32.3211640727749
22.93,-8.637549655157873,-4.431932082676411,31.87302259577562
22.94,-8.220154362373949,-4.0833629145997445,31.387695035294556
22.95,-7.81303507733334,-3.794208748618013,30.87286775965301
22.96,-7.419714689409481,-3.560375332346194,30.335784392299747
22.97,-7.043519643043878,-3.3773103724950455,29.783938052476195
22.98,-6.688067824252596,-3.2410151323406233,29.22418521435637
22.990000000000002,-6.355988700700776,-3.1480417979187316,28.660682845271154
23.0,-6.0483149132671095,-3.0938887580472954,28.09711608896389
23.01,-5.7660549739228415,-3.0740333291397595,27.537179381304913
23.02,-5.510325409957948,-3.084868146777012,26.983959988345315
23.03,-5.281319816726286,-3.123537252702124,26.439244460159927
23.04,-5.078854631823321,-3.1869944694630834,25.904664215856755
23.05,-4.902690297741481,-3.2723522966381693,25.381910753157804
23.06,-4.7522541005456365,-3.3778949014914463,24.872530347478037
23.07,-4.626991340602197,-3.502154073979528,24.37739024784125
23.080000000000002,-4.526364831418605,-3.643627308707596,23.897305046200838
23.09,-4.449589436591036,-3.8010492226962693,23.433194199038127
23.1,-4.395201132009759,-3.974436154522068,22.986333685165853
23.11,-4.362846808201284,-4.163569332938603,22.55762042851571
23.12,-4.352302338721302,-4.3681488100227925,22.147901430513066
23.13,-4.36334359712553,-4.587874637851278,21.758023692583897
23.14,-4.395544481140524,-4.82266677408975,21.388857607011843
23.150000000000002,-4.446434543793457,-5.0749644144570665,21.04182457726759
23.16,-4.51568782739305,-5.345480647878374,20.71874964743468
23.17,-4.603745796925493,-5.634162206117909,20.421443092106102
23.18,-4.711049917376865,-5.940955820939511,20.151715185875272
23.19,-4.838041653733384,-6.265808224107442,19.911376203335205
23.2,-4.985162470981101,-6.608666147385513,19.70223641907928
23.21,-5.152853834106263,-6.969476322538014,19.526106107700564
23.22,-5.341557208094891,-7.348185481328732,19.384795543792386
23.23,-5.551475042211743,-7.745265717300599,19.280554784853205
23.240000000000002,-5.781330091877793,-8.162849369012992,19.218257303025673
23.25,-6.030380006348169,-8.599508101026684,19.201643805609102
23.26,-6.298047335058646,-9.053292131239616,19.234141683141576
23.27,-6.583754627444631,-9.522251677549093,19.319178326161172
23.28,-6.886924432941925,-10.004436957853077,19.460181125206038
23.29,-7.208129218314591,-10.497747117123142,19.662133539730018
23.3,-7.546902292961758,-10.997063842546085,19.929417992998484
23.31,-7.900874226736559,-11.495815539345832,20.264276930052414
23.32,-8.267674545413755,-11.987430190716896,20.668951525837908
23.330000000000002,-8.645226293962693,-12.465187492039167,21.146341238802
23.34,-9.032234733649195,-12.91996305593351,21.700941397865183
23.35,-9.424244439514148,-13.340910969202959,22.329897082848266
23.36,-9.816299940844829,-13.717174565708861,23.029211136534947
23.37,-10.203647017147874,-14.037168305054648,23.79597346982224
23.38,-10.581787855864786,-14.286220566784056,24.62873782126384
23.39,-10.943969113832797,-14.454432392620406,25.513998592996572
23.400000000000002,-11.283136184755557,-14.532748092810134,26.436631945996695
23.41,-11.591958902977312,-14.510418265134227,27.382401597699467
23.42,-11.862461487909007,-14.374064742036001,28.338226529998767
23.43,-12.0888822256168,-14.125926844314378,29.28250832076485
23.44,-12.265757132388794,-13.770208088825523,30.19259697726572
23.45,-12.3865404092618,-13.308836938155208,31.04605218150695
23.46,-12.44456865314266,-12.744574390231609,31.824347659068685
23.47,-12.43970639884799,-12.09517628301089,32.512256106062964
23.48,-12.371930240972588,-11.379053488244892,33.09432970653674
23.490000000000002,-12.237411926915748,-10.610024902842014,33.55441672322596
23.5,-12.040102142106656,-9.808188965550094,33.89011410223925
23.51,-11.786620343502143,-8.996145667019174,34.10236086317535
23.52,-11.481012426675187,-8.194450707732077,34.189553630304246
23.53,-11.128261246444744,-7.417792287611498,34.156487727545766
23.54,-10.737819544887687,-6.68034613587905,34.015737582045396
23.55,-10.318012073443235,-5.996320252469734,33.77773640114995
23.56,-9.875602193599844,-5.373881204244903,33.452296255724676
23.57,-9.419100474909705,-4.81628745038537,33.054398197466554
23.580000000000002,-8.95711857257757,-4.3273052015635365,32.59831393187905
23.59,-8.49693902187785,-3.909184646079746,32.093963705969465
23.6,-8.043758209819963,-3.557923513020341,31.551988105676756
23.61,-7.602658003790972,-3.2690675499611155,30.98327926889521
23.62,-7.178928526119645,-3.038746493209149,30.39772014631068
23.63,-6.776731597343846,-2.863357277805589,29.800863170128054
23.64,-6.398232867819198,-2.737111543555767,29.198189609510276
23.650000000000002,-6.045632824285002,-2.654318613419608,28.595145422145446
23.66,-5.72092814116605,-2.6106980815139282,27.995511451489097
23.67,-5.424571887542086,-2.6017051106417535,27.40191318404674
23.68,-5.156855305502404,-2.6227114173463266,26.816962319007217
23.69,-4.917878055276177,-2.6702410063375566,26.242823285024606
23.7,-4.707215430623053,-2.7414634363724475,25.680728047618167
23.71,-4.524368714672419,-2.8334659963784166,25.131799771811846
23.72,-4.368416876957975,-2.9439663796166866,24.597213878362233
23.73,-4.238415648313446,-3.071710552209753,24.07777680354869
23.740000000000002,-4.133711462044399,-3.2154294004086887,23.574102248697443
23.75,-4.05361883007263,-3.3738715017432463,23.086809501665847
23.76,-3.9962796279397064,-3.5467761019575166,22.616763232425022
23.77,-3.9607913223747966,-3.734321975212986,22.16477508472465
23.78,-3.947001147775314,-3.9364392010294935,21.731545147742583
23.79,-3.9547563385387052,-4.153057858926601,21.317773510657307
23.8,-3.983904129062414,-4.384108028424169,20.924160262646698
23.81,-4.033150274597786,-4.630561444692456,20.55160734561225
23.82,-4.100838011629778,-4.89433698496762,20.201701768306982
23.830000000000002,-4.187334799013856,-5.175940160718288,19.876109686483147
23.84,-4.29303324683808,-5.475856316244305,19.576495613796087
23.85,-4.4183259651906255,-5.794570795845841,19.304524063900843
23.86,-4.563605564159502,-6.1325689438226245,19.06185955045285
23.87,-4.729264653832914,-6.490336104474853,18.850166587107182
23.88,-4.915394614402387,-6.869921535151499,18.671705512299138
23.89,-5.121708444573926,-7.272917441298433,18.53013706283211
23.900000000000002,-5.348113531704123,-7.698483101290983,18.429120799296136
23.91,-5.594518091614807,-8.145771431636858,18.37231519841541
23.92,-5.860830340128077,-8.613935348844244,18.363378736914072
23.93,-6.146958493065665,-9.102127769420687,18.40596989151631
23.94,-6.452810963246518,-9.609501700445708,18.50374740522991
23.95,-6.77928162125581,-10.134932972362327,18.662113811408727
23.96,-7.126075627091536,-10.673902278737888,18.886470959856233
23.97,-7.491411021475278,-11.2205121997891,19.180602054674107
23.98,-7.87350584512912,-11.768865315733436,19.548290299964403
23.990000000000002,-8.270950312128386,-12.313004912287415,19.994066804002543
24.0,-8.682864267158285,-12.844447843975322,20.523758091202524
24.01,-9.105072106488302,-13.351644958121131,21.136908110630824
24.02,-9.53300107289841,-13.822879137116125,21.832284590410197
24.03,-9.962477245504454,-14.245601887095164,22.610247827204798
24.04,-10.38929868993914,-14.604063593289846,23.471205902553955
24.05,-10.806027148149768,-14.885005446788478,24.40285255174872
24.060000000000002,-11.204944679713542,-15.075535585950782,25.391775309563766
24.07,-11.578200132852702,-15.16037675973019,26.42624194460649
24.080000000000002,-11.917625166905793,-15.12365387349476,27.493131187188126
24.09,-12.215476113777395,-14.962965982753975,28.567740076070084
24.1,-12.464047628338228,-14.676824455579807,29.624642506301797
24.11,-12.653572905689998,-14.258401942361102,30.639484295279306
24.12,-12.777476839549735,-13.712457472831316,31.589701696818604
24.13,-12.833490383354837,-13.056743171054332,32.452405050002746
24.14,-12.818219433009633,-12.307461282088594,33.20421392592526
24.150000000000002,-12.726635100009188,-11.478290119909097,33.82644719509056
24.16,-12.56282929745122,-10.595143955249808,34.31211246219068
24.17,-12.330782532195801,-9.68457135124714,34.6539286775237
24.18,-12.031823643099356,-8.76794113562028,34.846437066713214
24.19,-11.67515564719569,-7.867217444441796,34.898969312135684
24.2,-11.270181772710343,-7.004631710879768,34.82114035692706
24.21,-10.823547626605539,-6.196804653067569,34.62094782413757
24.22,-10.345662684003063,-5.453485869728441,34.315327553039765
24.23,-9.847177756151494,-4.784543580161565,33.92122997111149
24.240000000000002,-9.336602708394016,-4.196452139486855,33.451582942600254
24.25,-8.822081647291261,-3.687582860391264,32.92183536092371
24.26,-8.311856362664498,-3.2558828385691188,32.34769726059559
24.27,-7.8136425292696305,-2.899796025260482,31.740944819086458
24.28,-7.332273348981079,-2.6136086581212026,31.11081923467882
24.29,-6.872077929037632,-2.3905705024740325,30.4668546186806
24.3,-6.437692308552212,-2.225094635562052,29.81662066496304
24.310000000000002,-6.0313825620841754,-2.110871472844742,29.165030631695462
24.32,-5.654746293330486,-2.0411219433381036,28.516842942395677
24.330000000000002,-5.309246496069875,-2.010047054946483,27.875922680907255
24.34,-4.9952334700666885,-2.012672300514837,27.244478815711556
24.35,-4.712764184309607,-2.04402963197201,26.624546963573426
24.36,-4.4613581299884935,-2.100284009275203,26.017742791800696
24.37,-4.240202053748586,-2.1781650696804427,25.42488159450139
24.38,-4.048379575671974,-2.274490472454177,24.84673908522115
24.39,-3.8844817355414722,-2.3873233084587016,24.284094403678072
24.400000000000002,-3.747589384401154,-2.515189219832958,23.73736058135046
24.41,-3.6368598861110737,-2.656585605710498,23.20691057126958
24.42,-3.5503068736420857,-2.810762704476977,22.69315917887371
24.43,-3.4866025874650015,-2.977696096891335,22.196546892876498
24.44,-3.445335801814738,-3.1571993322710976,21.717499619537346
24.45,-3.4260952909262907,-3.349085959933544,21.256443265116356
24.46,-3.428099854672865,-3.553392576303945,20.813808742936015
24.47,-3.448527645772415,-3.771868040056804,20.390274054925012
24.48,-3.4872497309758694,-4.005460032122311,19.986855171551234
24.490000000000002,-3.5447283108943863,-4.254828785258534,19.604591448386707
24.5,-3.621425586139096,-4.520634532223511,19.244522241003416
24.51,-3.7178037573212137,-4.803537505775574,18.907686904972984
24.52,-3.8343250250518315,-5.104197938672661,18.59512479586751
24.53,-3.970444802403685,-5.424344831133167,18.308056691901704
24.54,-4.124954824961644,-5.766543431633085,18.048891475394527
24.55,-4.298340518877469,-6.131657427361086,17.82051483075399
24.560000000000002,-4.491114972461444,-6.520521907552371,17.625813681056798
24.57,-4.703791274023828,-6.933971961442113,17.467674949379614
24.580000000000002,-4.93688251187511,-7.372842678265927,17.348985558798937
24.59,-5.190951224916536,-7.83803092695259,17.27267466963408
24.6,-5.467275017286837,-8.330811954182021,17.243066173928586
24.61,-5.766020623109336,-8.849831507350762,17.265425410104687
24.62,-6.086903190545499,-9.392997430217761,17.34489648094111
24.63,-6.429637867756349,-9.958217566541212,17.486623489216502
24.64,-6.793939802903385,-10.5433997600801,17.695750537709674
24.650000000000002,-7.180461544626082,-11.14614723696663,17.97877749549562
24.66,-7.589025787292786,-11.759956067421086,18.342429413183265
24.67,-8.017063364790845,-12.37606348247893,18.790960751259856
24.68,-8.461982106028124,-12.985696329375223,19.32859851432614
24.69,-8.921843799382557,-13.579625731573314,19.961063810582733
24.7,-9.394193026425613,-14.144431137656564,20.693151393703566
24.71,-9.873011350147458,-14.664449248388157,21.521780622239078
24.72,-10.352114045009055,-15.123988421086041,22.443506925959806
24.73,-10.826103540925917,-15.503736528693382,23.459043188593572
24.740000000000002,-11.286982220390307,-15.785378057994444,24.55731101628562
24.75,-11.7250282631585,-15.953765364048575,25.718968781024365
24.76,-12.130403838264545,-15.99258316036328,26.925387908748313
24.77,-12.49257428236639,-15.880997337621592,28.159688068362478
24.78,-12.802384855427013,-15.616797446236653,29.391696492658237
24.79,-13.051009565307972,-15.201552857176612,30.588741231211323
24.8,-13.227332726745228,-14.631642621830121,31.719054021193195
24.810000000000002,-13.323809828108265,-13.915970850285046,32.75525941588083
24.82,-13.3387147199611,-13.079399803177179,33.67131243652302
24.830000000000002,-13.267873478309317,-12.143647807782992,34.440240254696015
24.84,-13.108885787403384,-11.131798669941148,35.0454227091212
24.85,-12.868375168419595,-10.0778394457148,35.481942552392596
24.86,-12.549507592302916,-9.013011880919692,35.742223405238754
24.87,-12.159156434895545,-7.963425740626395,35.83182867264945
24.88,-11.70977183815724,-6.95574502893207,35.76576998357513
24.89,-11.210357988745399,-6.013584846087262,35.55487223354774
24.900000000000002,-10.672173085814732,-5.1494776532662945,35.2182929259633
24.91,-10.108198121735404,-4.374157294001213,34.77846977154229
24.92,-9.52937074370332,-3.696228897211479,34.25242934117623
24.93,-8.94535471882947,-3.1136184162775318,33.65871765231805
24.94,-8.365874582016207,-2.622956474125622,33.01657754417253
24.95,-7.799894664636538,-2.2211579579337846,32.340579866453304
24.96,-7.253272485975003,-1.9006379252646228,31.641862612743022
24.97,-6.731518010878215,-1.6530258954792643,30.93148213592776
24.98,-6.239258623398076,-1.470605383322714,30.217217300805228
24.990000000000002,-5.779062422240682,-1.3445928408456846,29.505229181672828
25.0,-5.353143518727087,-1.2672832528604043,28.80044467043566
25.01,-4.962350587070056,-1.2314048883517712,28.10591293180005
25.02,-4.607071244496451,-1.2301811032939072,27.424358232680273
25.03,-4.286833645772802,-1.2581322661198944,26.75719515517445
25.04,-4.000901741079786,-1.3101673124913011,26.10546999569018
25.05,-3.748120998777202,-1.3824387294150382,25.4699362862718
25.060000000000002,-3.527137280300546,-1.4713933403377069,24.850887137879322
25.07,-3.336052106533817,-1.5744793928198093,24.248455951282924
25.080000000000002,-3.1735266004614915,-1.6898637331341066,23.662713058391656
25.09,-3.038173881879917,-1.8158079721287677,23.093720713343455
25.1,-2.9275523105526107,-1.9516647643262344,22.54142771610033
25.11,-2.8406222854060665,-2.096984803692209,22.00585803062915
25.12,-2.7766063761860966,-2.251254228208147,21.48705433811646
25.13,-2.7338712429684233,-2.414404687578175,20.985043290160057
25.14,-2.70953051836876,-2.5877210145667524,20.49996170738732
25.150000000000002,-2.703566393043654,-2.7717416802014325,20.03214249911185
25.16,-2.716147601909956,-2.9669314979255503,19.581926537194875
25.17,-2.747442879884533,-3.1737552811826504,19.14965469349715
25.18,-2.7976180881265025,-3.3926794323255254,18.73566779634907
25.19,-2.8648351658549394,-3.6254958431650786,18.340438800547382
25.2,-2.9478392580410864,-3.8744801488442593,17.965051718201938
25.21,-3.0472389151050137,-4.141064182187494,17.610758086778706
25.22,-3.1636426874666634,-4.426679776018843,17.27880944374418
25.23,-3.2976591255461303,-4.732758763162758,16.970457326564375
25.240000000000002,-3.449780414761486,-5.060804000820745,16.68690781845213
25.25,-3.6197935031552375,-5.4128617008753785,16.429715644049015
25.26,-3.808345894993915,-5.790650313286827,16.201863326350132
25.27,-4.0162896223933,-6.195780705231163,16.00650864805568
25.28,-4.244476717469456,-6.629863743885021,15.846809391865548
25.29,-4.493759212338135,-7.094510296424435,15.725923340479888
25.3,-4.765450245932851,-7.591573854003356,15.647005641012829
25.310000000000002,-5.060887946701866,-8.121668838850816,15.614975222600236
25.32,-5.380429173180832,-8.683976277667918,15.636048450035327
25.330000000000002,-5.724416420713993,-9.277662315433204,15.716452087284111
25.34,-6.093192184645124,-9.901893097124393,15.862412898312531
25.35,-6.487205649856166,-10.555849044349085,16.080256131612817
25.36,-6.90819650969679,-11.236923649580072,16.378279808849975
25.37,-7.355274835208665,-11.937511618808859,16.764207785602636
25.38,-7.82661208328814,-12.649246077430444,17.24515112205098
25.39,-8.320402009516311,-13.363761627959835,17.828267996614702
25.400000000000002,-8.835901874721154,-14.07076121338747,18.52342500725578
25.41,-9.36890796147387,-14.753347739736359,19.334643019143062
25.42,-9.913411535596792,-15.393255043562789,20.262416625093657
25.43,-10.463854474414829,-15.971316146738324,21.309096673788215
25.44,-11.01418752392267,-16.46338801844389,22.47615569584021
25.45,-11.55367688683559,-16.846587403085827,23.747326101096526
25.46,-12.071172561398225,-17.09841086092912,25.104715386725427
25.47,-12.555227205773766,-17.190055318321548,26.53430658008274
25.48,-12.993341549681162,-17.10346057320828,28.007201167857044
25.490000000000002,-13.372784593708879,-16.831147126508842,29.48411174342551
25.5,-13.678962257080437,-16.359569979608757,30.926694583465125
25.51,-13.898573964150334,-15.684871676520935,32.29715712649361
25.52,-14.025782774135367,-14.83243398068896,33.555014629972604
25.53,-14.053969440377065,-13.826721878000878,34.65951261198529
25.54,-13.974436054242247,-12.688335434165499,35.57832829861613
25.55,-13.790826077478426,-11.458999531000892,36.29586245650125
25.560000000000002,-13.505477040852734,-10.180884190623454,36.79550002925137
25.57,-13.123138624652325,-8.891322997046185,37.0749649615557
25.580000000000002,-12.657774298797783,-7.630624907229485,37.14858179230871
25.59,-12.119322634786709,-6.434214611766786,37.026953840658344
25.6,-11.522296655453985,-5.3243342497976744,36.73471255332196
25.61,-10.882967689329172,-4.321692901877622,36.299713913089526
25.62,-10.21463673971167,-3.4384594242933035,35.745477249103956
25.63,-9.531520943018775,-2.6750340903417276,35.100257476597854
25.64,-8.847434135931126,-2.0319482523899004,34.38939721377238
25.650000000000002,-8.172796611464541,-1.5033205490420185,33.63178829361151
25.66,-7.516916973297338,-1.0792763762498816,32.84622505446689
25.67,-6.887849688927513,-0.7498589592486,32.046448527929286
25.68,-6.291279218840717,-0.5032742314828509,31.243548987024184
25.69,-5.731593468037299,-0.32803235215225174,30.445772033414844
25.7,-5.21137250647239,-0.21295148596333208,29.659010235091838
25.71,-4.732161160023341,-0.14769103774133835,28.887244318783246
25.72,-4.2944353725247355,-0.12311985110526208,28.13297505758232
25.73,-3.897650926704664,-0.13132514932765132,27.397726648509604
25.740000000000002,-3.5406417290187986,-0.16535855924543352,26.682134993195525
25.75,-3.221927325561571,-0.21957898274140059,25.98630738216153
25.76,-2.939403485278491,-0.2893409204229805,25.310169276344336
25.77,-2.6909878943657146,-0.37092585976260445,24.6532940661516
25.78,-2.4744191666631896,-0.4612844387240169,24.015088032858433
25.79,-2.2873036338916637,-0.5583555631826846,23.39509711258781
25.8,-2.1275789562087706,-0.6604536406508246,22.792781779459883
25.810000000000002,-1.9926781493446366,-0.7666244086139921,22.207513063978894
25.82,-1.8809848440648032,-0.8761721411731911,21.63880983979498
25.830000000000002,-1.790470313575621,-0.9886771493070535,21.086213781877067
25.84,-1.7186942002340753,-1.1045455356109695,20.54935874372098
25.85,-1.664839258570654,-1.2238800557719423,20.027970349630152
25.86,-1.6281498191246893,-1.3467618137707027,19.521776141570772
25.87,-1.60665680245921,-1.4739755762541176,19.03049596125401
25.88,-1.5982834534263402,-1.6070107628457573,18.553989430107027
25.89,-1.6031637120932811,-1.746514102929138,18.09222628197375
25.900000000000002,-1.6214538052745104,-1.8931217706005996,17.64517691025265
25.91,-1.6533099597844876,-2.047469939956473,17.212811708342166
25.92,-1.6983485907385516,-2.210524967535516,16.795084263063977
25.93,-1.754680080767806,-2.3845976507281708,16.392113220688106
25.94,-1.8225746312883324,-2.5712173078447953,16.0043546794148
25.95,-1.902546813996456,-2.771789825104282,15.632285385364943
25.96,-1.9951112005886074,-2.9877210887257983,15.27638208465889
25.97,-2.1004806481883787,-3.2205384146960845,14.936989799946534
25.98,-2.21868700558855,-3.472308040938926,14.614774164392136
25.990000000000002,-2.350626302342545,-3.7451704328800948,14.311139969805838
26.0,-2.497226360556675,-4.0412614125446575,14.027512878064984
26.01,-2.65941500233741,-4.362716801957998,13.765318551046615
26.02,-2.838063220407177,-4.711468352361,13.52574932538925
26.03,-3.034298247656784,-5.089747278896234,13.311051006112994
26.04,-3.2494878194473067,-5.500270410325727,13.124457697210294
26.05,-3.485000347608959,-5.945756194444625,12.96920628191399
26.060000000000002,-3.742225953087671,-6.428889773421654,12.848482636213925
26.07,-4.022945488066134,-6.951564605712538,12.765585324919158
26.080000000000002,-4.3287949054849575,-7.515451027479515,12.726541700626866
26.09,-4.661288003004529,-8.122347684721763,12.737983009339274
26.1,-5.0219385782856945,-8.774053223439296,12.806540497058585
26.11,-5.412675903967368,-9.472428587616399,12.938901923057845
26.12,-5.835726980890081,-10.21673103325811,13.143892906492107
26.13,-6.291438226261454,-11.003016786912267,13.432395026335692
26.14,-6.780036498970949,-11.827224023459355,13.815352893476838
26.150000000000002,-7.301759630960834,-12.685294177605087,14.303726817568137
26.16,-7.857908026112227,-13.571110130748517,14.910932592760906
26.17,-8.44653024546015,-14.469502901418059,15.648919045132516
26.18,-9.06371573462739,-15.363011968430559,16.527505617109806
26.19,-9.7059958830099,-16.23379892331175,17.557790789838336
26.2,-10.369204410892925,-17.05677714978453,18.750722568205195
26.21,-11.043424871951101,-17.800334995196966,20.1033327676613
26.22,-11.71841267575432,-18.43166239571745,21.612746956033952
26.23,-12.383233264929306,-18.91101158191468,23.276160346197766
26.240000000000002,-13.021300169309876,-19.20382726947966,25.062411478554452
26.25,-13.615151266930354,-19.275714536417805,26.936964114634705
26.26,-14.145912788769479,-19.086064817533167,28.86618071324697
26.27,-14.595270865674566,-18.625089502263435,30.79083289282542
26.28,-14.944158311404905,-17.8867089757089,32.64654355669024
26.29,-15.171217342344937,-16.862996584751578,34.372047915777195
26.3,-15.268628557018241,-15.596889954571704,35.91045999926064
26.310000000000002,-15.229073383831938,-14.135807415463642,37.20485478906052
26.32,-15.043845728730275,-12.522810239590834,38.21374743878623
26.330000000000002,-14.720615704665454,-10.826350354542564,38.92271294779438
26.34,-14.263599570704677,-9.11028663556199,39.318499541405274
26.35,-13.689164986788704,-7.432910796073889,39.42107999705858
26.36,-13.015225323605216,-5.851001544609926,39.255657763709976
26.37,-12.260489203790058,-4.4008120383970155,38.85760099477087
26.38,-11.448571968971718,-3.1103520622989844,38.27258913690481
26.39,-10.599388298396205,-1.9944956353213774,37.5399167196674
26.400000000000002,-9.733348588863638,-1.051504245338489,36.70283761220063
26.41,-8.868642760388626,-0.27733391296908505,35.797070905980306
26.42,-8.020126009681485,0.3413149518058058,34.85176792184745
26.43,-7.200308771995731,0.8206628015980366,33.89051404237691
26.44,-6.418944001564659,1.1793803186790601,32.93117758267778
26.45,-5.682838731513898,1.4362346155584804,31.986317758459467
26.46,-4.996527930984508,1.60942480844438,31.064248765564464
26.47,-4.362433809374939,1.7153353907346767,30.170035545595816
26.48,-3.781200691843046,1.7689316158147133,29.30608871714535
26.490000000000002,-3.2521474373493353,1.7826188451615703,28.47328420693427
26.5,-2.773497057012143,1.7674274836727113,27.671299771291302
26.51,-2.3428016363128386,1.7318708036250055,26.898989592377085
26.52,-1.957172832041026,1.6833214540433887,26.154992288426385
26.53,-1.6131096686077502,1.6275244838425618,25.43755076456965
26.54,-1.30734217091321,1.5691864364227799,24.745163377662934
26.55,-1.0358527494967569,1.511813849803655,24.07607168801719
26.560000000000002,-0.7955649645724581,1.4580133771081156,23.428997183501927
26.57,-0.5832471085815372,1.410110422658226,22.802707680848144
26.580000000000002,-0.39487688290888073,1.3691408085685546,22.195898304059366
26.59,-0.22813070522288498,1.336394057447985,21.607683916411908
26.6,-0.08033180281908636,1.312916744311054,21.037114500531338
26.61,0.051610952998481396,1.29890242398871,20.48336785619959
26.62,0.1701454817999084,1.294624491234741,19.945856326698454
26.63,0.2774613705440815,1.3002749374394975,19.423857166607615
26.64,0.37563590289690046,1.3159559351934893,18.9168610770916
26.650000000000002,0.4665194369543762,1.3419278357650024,18.424576444383703
26.66,0.5517059939001214,1.3783141965328614,17.946617393925596
26.67,0.6328984488138935,1.425007834552666,17.482513659035945
26.68,0.7111508055820033,1.4825623082211765,17.03213164630887
26.69,0.7879812106324453,1.5510601419599384,16.595156616394725
26.7,0.8647555484846727,1.6307324527184424,16.17134864375179
26.71,0.9422946525835022,1.7223617844670127,15.760690685571507
26.72,1.0215765295506782,1.82655081828029,15.363125844665497
26.73,1.1040908976644435,1.9434699903735093,14.978535199827345
26.740000000000002,1.1906647868079137,2.0742536299901397,14.6070586554136
26.75,1.2820384167520706,2.2201464347382367,14.248862998581519
26.76,1.3791004836397056,2.382172729918808,13.904077084215562
26.77,1.4833053345146727,2.5608756938782964,13.572911952081883
26.78,1.595613530852376,2.7580075477835466,13.256005965082467
26.79,1.7169131266917805,2.9754532073368742,12.95403187168027
26.8,1.8481219362549066,3.215022651434691,12.667632031955401
26.810000000000002,1.9906770866203582,3.4777543323364544,12.397344340009719
26.82,2.1459941146312693,3.765918309927347,12.144663760611026
26.830000000000002,2.3153814489299904,4.082199417878537,11.911309851765145
26.84,2.50014772365705,4.4292807430467995,11.69900107062823
26.85,2.701798912174391,4.808992381754353,11.509208649655525
26.86,2.922127233698262,5.223753416389218,11.344839256280364
26.87,3.1628979599131344,5.6769030319936045,11.209622757972642
26.88,3.4258763625031508,6.171780413609106,11.107289022202464
26.89,3.7129815683185896,6.7111857865135836,11.041286730153567
26.900000000000002,4.0263995269058075,7.2970655737448915,11.016942878095316
26.91,4.368152859780089,7.932000452017923,11.04169970607543
26.92,4.740259560919511,8.618587934831165,11.12302623284924
26.93,5.144948914165707,9.359336708856501,11.268315508703388
26.94,5.584670052742892,10.1542025645468,11.487030789793158
26.95,6.060624774232377,11.000588658761924,11.791771619428875
26.96,6.573906920432673,11.895801160453809,12.195300720428092
26.97,7.12590288923435,12.837269887628668,12.710768041718671
26.98,7.7184141914343805,13.81801433542872,13.35424449260115
26.990000000000002,8.348919963081993,14.82132172505549,14.140168169336897
27.0,9.01422709798073,15.829520853881375,15.082436103393311
27.01,9.71162924696464,16.824232581214282,16.19639588349203
27.02,10.436736104077966,17.776530907201934,17.49610470528147
27.03,11.179072825283463,18.649399501881486,18.982346677095602
27.04,11.928211364928076,19.403869606309325,20.657612637020094
27.05,12.671521553377476,19.99268708847718,22.518245932636475
27.060000000000002,13.38954916409613,20.37175740626392,24.530231099025563
27.07,14.06217589346917,20.493828834453396,26.659661644759275
27.080000000000002,14.667530324432466,20.312143087845207,28.86385692681374
27.09,15.182866745171838,19.811130914675253,31.0691065630484
27.1,15.582630552722618,18.968076415030108,33.200660788797144
27.11,15.845692516408123,17.7895367985198,35.18399436593542
27.12,15.960448355704987,16.325716735898204,36.94193070136004
27.13,15.910471793096928,14.617946878300172,38.40160779886417
27.14,15.694672653406116,12.737641297623366,39.524408316317235
27.150000000000002,15.315602083396152,10.767651770429525,40.27907554619962
27.16,14.782958461813587,8.7846012052871,40.66604382278229
27.17,14.117408999812698,6.868795476023641,40.70924340222649
27.18,13.33771793622475,5.079880084601671,40.44202790380893
27.19,12.471647358931211,3.4633423847678153,39.919382142896765
27.2,11.543574980485573,2.0488939636804226,39.19168697592271
27.21,10.579946069154238,0.8436337842921139,38.316330417799485
27.22,9.603813031196532,-0.15217335861041414,37.34110637183612
27.23,8.63553411409161,-0.9517703152989898,36.308051550079846
27.240000000000002,7.691941307800808,-1.5744273742011683,35.250176251864886
27.25,6.786664655333017,-2.042970276006145,34.19300160486825
27.26,5.929431384176928,-2.381799679135394,33.15438367151909
27.27,5.126725498958466,-2.613866715246238,32.14564537894488
27.28,4.382613850480934,-2.761216793122542,31.17381956454751
27.29,3.698464327861657,-2.8427549249556967,30.241840859446906
27.3,3.074127719497506,-2.8753791839837337,29.350620930105546
27.310000000000002,2.507790863962295,-2.8725860500939815,28.49916944217497
27.32,1.99672454711388,-2.846431482189609,27.68578608566036
27.330000000000002,1.5374756019602107,-2.805851670230514,26.908009310053476
27.34,1.1261809478717428,-2.7588086159290834,26.163314511005407
27.35,0.7581690190423409,-2.7109252724919055,25.449244639162693
27.36,0.4298336139170664,-2.666949391354061,24.76383130491412
27.37,0.13668577631696388,-2.63066700175731,24.104805420780686
27.38,-0.12552237107810826,-2.604411864965458,23.470379609305198
27.39,-0.360875389549635,-2.5903677464985195,22.858991129709338
27.400000000000002,-0.5730796287278261,-2.5899714192687053,22.269377946351362
27.41,-0.7658248276631862,-2.604323714631797,21.700505397820884
27.42,-0.9424306057356155,-2.63432881743892,21.15155840079932
27.43,-1.1057635715529115,-2.680687256429379,20.621835037400068
27.44,-1.2592629597372058,-2.7435817184484863,20.110651424029484
27.45,-1.404757425613615,-2.823943684981322,19.617917013103362
27.46,-1.5447001451937319,-2.922187086102036,19.143408977728114
27.47,-1.6821537462455727,-3.0382227246747515,18.68690390726028
27.48,-1.81852737564483,-3.1732519673889277,18.24866701607481
27.490000000000002,-1.955202244569718,-3.328491408784395,17.828969201293173
27.5,-2.094890565438595,-3.5037904079931437,17.427790236497497
27.51,-2.2394917466575883,-3.6999044213713668,17.04576919826991
27.52,-2.390054715926981,-3.9184859452583836,16.683889556917077
27.53,-2.547628400947266,-4.16118747599381,16.34313478274513
27.54,-2.7142333067289814,-4.428683558364349,16.024192776995587
27.55,-2.8922832980270683,-4.721552834417983,15.728372279796131
27.560000000000002,-3.082852908654766,-5.041913746040679,15.457862555419608
27.57,-3.2870076850343484,-5.391894414554533,15.214857164714633
27.580000000000002,-3.50584588024642,-5.77359151490793,15.001528170243969
27.59,-3.7417912782838636,-6.187761409889527,14.819757307492123
27.6,-3.9967176401721702,-6.635502620524588,14.673434525253205
27.61,-4.271820063238094,-7.118534172768054,14.567178213224615
27.62,-4.5682936448087625,-7.638575092575522,14.505606761103586
27.63,-4.887411479098616,-8.19735061606079,14.493314515598794
27.64,-5.232042250547067,-8.79573911351957,14.535224421008492
27.650000000000002,-5.60333954879164,-9.431999546518165,14.638879734275697
27.66,-6.001538316212219,-10.103944306580699,14.81242147596259
27.67,-6.426873495189121,-10.809385785232019,15.063990666631552
27.68,-6.879600205912101,-11.546138129329082,15.401746628346144
27.69,-7.361510888230807,-12.310152162151674,15.835790107323156
27.7,-7.871662388203392,-13.090632876645113,16.375523341765266
27.71,-8.407233146872485,-13.875311020234909,17.029003915007696
27.72,-8.965524678577035,-14.651889444546178,17.80456782325121
27.73,-9.544785205361643,-15.404479590397429,18.71312916834767
27.740000000000002,-10.138450276753426,-16.110130552676516,19.755768848076343
27.75,-10.738537689718418,-16.745069961568845,20.930508281755394
27.76,-11.337906569174706,-17.281901067937685,22.23977812473278
27.77,-11.926016515361338,-17.690790884687416,23.67235316921063
27.78,-12.489122808396019,-17.94557243066833,25.202684253548583
27.79,-13.013263598997941,-18.016923055546584,26.80723660155168
27.8,-13.48355685657749,-17.875847908839795,28.458108627301986
27.810000000000002,-13.885468509420722,-17.51624897121193,30.10744669325381
27.82,-14.203290449497036,-16.930029057629007,31.706212341606562
27.830000000000002,-14.419702844363675,-16.108932496231112,33.20770770353993
27.84,-14.528472889282543,-15.085489578568275,34.56650357887395
27.85,-14.523932342518656,-13.895426637095506,35.736921363755414
27.86,-14.397011390646151,-12.567634722193471,36.68166044723494
27.87,-14.152607625747558,-11.15231672033502,37.38656678955181
27.88,-13.794907783229403,-9.70115968003493,37.83744394383838
27.89,-13.332049661476837,-8.25882413486503,38.03858121395341
27.900000000000002,-12.780676498863372,-6.871356503626922,38.010618033090324
27.91,-12.153216802176741,-5.575786408798475,37.771756598193335
27.92,-11.468155727927291,-4.394600354158104,37.35601149187764
27.93,-10.7433360023915,-3.349131469527139,36.79547093881045
27.94,-9.994461426677413,-2.444543687833238,36.12059218243325
27.95,-9.237848120489188,-1.678964502445934,35.364330854504075
27.96,-8.487448287271048,-1.048886828546868,34.55233021001695
27.97,-7.754227580914156,-0.542950423591543,33.70623225505545
27.98,-7.048162444991401,-0.14887779592364947,32.844098618984525
27.990000000000002,-6.376557686114744,0.14750830393063533,31.979472636760672
28.0,-5.744859153222914,0.3603748669299563,31.122475803661423
28.01,-5.1565038252812725,0.5034921386114514,30.28007436505668
28.02,-4.61330112247796,0.5895220986252789,29.456788341182182
28.03,-4.115884480403399,0.6296293928539485,28.655326569448242
28.04,-3.6638573681725988,0.6337802973656929,27.876913255847494
28.05,-3.2558513738929964,0.610365725411009,27.122004568912352
28.060000000000002,-2.889870800304051,0.5664978809191247,26.390491938423946
28.07,-2.5636131697738453,0.5077456537315108,25.68160941738291
28.080000000000002,-2.2744931076843145,0.43880606838727343,24.994546878621684
28.09,-2.0197567839909243,0.36326781532834024,24.328352135511967
28.1,-1.7965984192857343,0.28397146479805335,23.68202952251098
28.11,-1.6023532284080264,0.20293482275790345,23.054741318175967
28.12,-1.4343464845242604,0.12175307232228923,22.445608370087022
28.13,-1.2899913246616115,0.04130004252789199,21.853810366475095
28.14,-1.167028181530347,-0.0376060973855335,21.27866115169313
28.150000000000002,-1.0630856383504999,-0.11486840955266225,20.719528444876236
28.16,-0.9763550110830552,-0.19033993956980472,20.175778025127006
28.17,-0.9045793945052386,-0.264336149532192,19.64690925747336
28.18,-0.8466518447829041,-0.33693887705915165,19.13246478006643
28.19,-0.8013067071732305,-0.4083779638386556,18.631995093662617
28.2,-0.7664424741173935,-0.4797109901558304,18.1451338695621
28.21,-0.741517504660181,-0.5513060183354325,17.67152985900361
28.22,-0.7261959679577625,-0.6234133290304373,17.210828465131492
28.23,-0.7197619605793234,-0.6965064335895288,16.76268794558657
28.240000000000002,-0.7203611569541465,-0.7719673235132491,16.326855802588064
28.25,-0.727875916953616,-0.8504795322135897,15.90308883212401
28.26,-0.7424058872683141,-0.9326162307133459,15.491140132483876
28.27,-0.7640507145888075,-1.0189505900351985,15.090762801957737
28.28,-0.7924294329055223,-1.1103132926612862,14.701749099019443
28.29,-0.8268011867593409,-1.2080045386879017,14.324040776392453
28.3,-0.8674744920495475,-1.3129911913007652,13.957593505452774
28.310000000000002,-0.9147870664616754,-1.4262276468523059,13.602361959101462
28.32,-0.9690753518862512,-1.548668066040045,13.258300482728213
28.330000000000002,-1.0303661249847504,-1.6813167480956632,12.925324885674124
28.34,-1.0989514892874979,-1.8256065239289845,12.603563910692968
28.35,-1.1754511244996375,-1.9831142724574549,12.293262271189302
28.36,-1.2604847103262102,-2.1554168725983054,11.99466468056814
28.37,-1.354599011458239,-2.3439356020914768,11.707972372092843
28.38,-1.458375962708911,-2.5500454754283868,11.43357746213435
28.39,-1.5728504672655204,-2.775950761115559,11.172334591675394
28.400000000000002,-1.6990850247471498,-3.0239095756069903,10.925121920864902
28.41,-1.8380991383238188,-3.296047616561225,10.692741933808923
28.42,-1.9908980757702748,-3.5942479313700115,10.476103562284163
28.43,-2.1589428616507877,-3.921503447214984,10.277112191254588
28.44,-2.343745968178471,-4.28094645224598,10.097776380466863
28.45,-2.5468060748958448,-4.675510893456602,9.939996190980471
28.46,-2.7697677758999677,-5.107501572324315,9.806035189427364
28.47,-3.014658131521335,-5.580605812611465,9.699981543634697
28.48,-3.2835377966288837,-6.098715568124762,9.626107612052337
28.490000000000002,-3.5784536807838787,-6.665508593944097,9.588542486777245
28.5,-3.9015600917584163,-7.283451305984349,9.592390157058155
28.51,-4.255324200113143,-7.9556099341000674,9.645801393107993
28.52,-4.642240700302302,-8.685200215979718,9.7571998492921
28.53,-5.064872092719133,-9.475337062348377,9.934938542650979
28.54,-5.525707849688737,-10.326568096694405,10.18949223328821
28.55,-6.026435052599843,-11.236789503965962,10.535110701981816
28.560000000000002,-6.568661040003281,-12.203779212271114,10.986307857772633
28.57,-7.154453140731482,-13.225271876210005,11.558420116642772
28.580000000000002,-7.784877452505514,-14.291638048503152,12.269688602568216
28.59,-8.457676871377108,-15.385618531103027,13.137411974451666
28.6,-9.170468106242483,-16.489723485051954,14.17884840322595
28.61,-9.921510221439053,-17.582003570841398,15.415096501098507
28.62,-10.702861620726297,-18.62546003798531,16.856799606682248
28.63,-11.504106612236212,-19.579939357814307,18.50917420019231
28.64,-12.31500915065428,-20.398531928469044,20.380775526953137
28.650000000000002,-13.117538497248132,-21.027367084793795,22.45234533092912
28.66,-13.891164799515668,-21.410583430187486,24.696490805993992
28.67,-14.613472449378543,-21.487593216475396,27.078684724604926
28.68,-15.257915205787135,-21.2232424851596,29.524810982705418
28.69,-15.795574584531062,-20.57614402232953,31.958974140347006
28.7,-16.20015567518716,-19.535618741381537,34.29544332654232
28.71,-16.45150389114349,-18.135105057023182,36.43533744930977
28.72,-16.5256847110194,-16.402578834916635,38.28711586069335
28.73,-16.41727370387678,-14.418121647412812,39.787794494077666
28.740000000000002,-16.119461171670643,-12.267203587356155,40.87778739045902
28.75,-15.64163006963149,-10.045658932852643,41.5467967574584
28.76,-15.000632029180451,-7.855481060962939,41.80301736548409
28.77,-14.21642569062846,-5.7742674668603815,41.68027534241726
28.78,-13.31855714095603,-3.8710298777279366,41.235482384630174
28.79,-12.335038773873174,-2.1866214035027043,40.529485142956766
28.8,-11.29767899483453,-0.7440908520299405,39.6320058417788
28.810000000000002,-10.233506475417295,0.45412642186901486,38.6021361917913
28.82,-9.168354284674848,1.4198195339018351,37.4958143041958
28.830000000000002,-8.122911904553927,2.17369023959623,36.354965523728225
28.84,-7.114615170131852,2.742088863832791,35.21331015038872
28.85,-6.155762553504882,3.154208292187449,34.093520905798634
28.86,-5.255460939357729,3.437998095610447,33.0108497154736
28.87,-4.418971994170996,3.6202674947284774,31.97395397270214
28.88,-3.648653228614469,3.723998683690775,30.986543139252106
28.89,-2.944595468671531,3.7699132522279335,30.049415905145985
28.900000000000002,-2.305175665766293,3.7745000096488823,29.16102549476993
28.91,-1.7274213404813714,3.7520927597286273,28.31886737635563
28.92,-1.2073928694631366,3.7139331426303466,27.519543932323224
28.93,-0.7410437793305135,3.6688554925838526,26.75997448124784
28.94,-0.3231889004543055,3.6242632920892777,26.036627698788134
28.95,0.05085903568888095,3.585256100123666,25.346609300253725
28.96,0.38593248927129337,3.5562488274918316,24.687276090187076
28.97,0.6871526276108443,3.540247611843171,24.056378711860575
28.98,0.9587168624324554,3.539999384583602,23.452151167345786
28.990000000000002,1.2055625356769726,3.5569020723849243,22.87288206904478
29.0,1.4310713777715414,3.592555086655286,22.317506199506447
29.01,1.639965509379604,3.6475268546336603,21.78493453126747
29.02,1.8353597330201237,3.722723423507307,21.27473093141092
29.03,2.0198242721095965,3.819275865514818,20.786595050017468
29.04,2.1976634054636355,3.937043749587871,20.320065303343657
29.05,2.3712427942680994,4.0767197830713595,19.875410975297267
29.060000000000002,2.5421992295867684,4.239409039909105,19.453083368812603
29.07,2.7130386568143248,4.425624956108157,19.053343098780367
29.080000000000002,2.887626288366676,4.634939608187185,18.676561994920295
29.09,3.067178808362838,4.8687111460901455,18.3241200538716
29.1,3.2527457733663607,5.128410986303013,17.997446605883567
29.11,3.4454880820366514,5.415432645215106,17.697930459457154
29.12,3.649070747393637,5.729340447815081,17.426440951054367
29.13,3.8654513698402733,6.070697476198843,17.18546289060578
29.14,4.095418881686153,6.440855200161128,16.978054978425824
29.150000000000002,4.339762215240639,6.841165089496308,16.80727591482918
29.16,4.599270302813074,7.27297861399872,16.676184400130484
29.17,4.876887769612394,7.736985993767232,16.587569920248495
29.18,5.1751525975987684,8.23220592337147,16.54588288968944
29.19,5.49415181202227,8.757492671907514,16.55670112217529
29.2,5.833972334892526,9.311700519862708,16.625602462496712
29.21,6.19470108821963,9.89368374772516,16.758164755444444
29.22,6.576480399705938,10.502289983542587,16.960001346286674
29.23,6.98157553088504,11.1344471474592,17.2384215428418
29.240000000000002,7.409662785486855,11.782535403315642,17.60005558191623
29.25,7.858708474810717,12.438277699359407,18.05061197986958
29.26,8.326678910156438,13.09339698383869,18.595799253061937
29.27,8.812681947040229,13.738400546151327,19.24364250765856
29.28,9.31342212006711,14.35824054894682,19.997987143250473
29.29,9.822956058145468,14.936286753308213,20.85768342433068
29.3,10.335526573736429,15.455547478283163,21.822304192612766
29.310000000000002,10.846101457282499,15.894458712917643,22.8942428178073
29.32,11.34531764871611,16.233240527526867,24.05918637479942
29.330000000000002,11.822849352712756,16.453227268346062,25.299104161844912
29.34,12.2682452532625,16.532251762856493,26.598287739788216
29.35,12.670632446442895,16.449977253064986,27.93622157055475
29.36,13.019241617564402,16.20240333903414,29.27800061458028
29.37,13.302808724793067,15.784698480145746,30.588260319392614
29.38,13.507123856152338,15.1854490098595,31.83346238561862
29.39,13.626763362487534,14.424226931456912,32.98113613273583
29.400000000000002,13.658433240371696,13.52750573933642,33.99872027268981
29.41,13.59586152299688,12.516660567124688,34.85411761030228
29.42,13.437056362090203,11.417844905637047,35.53040579113667
29.43,13.188433116419102,10.270049137163383,36.01997805769115
29.44,12.851963926247855,9.107468423184844,36.312691787523185
29.45,12.43715614462728,7.960983105688224,36.417751186596156
29.46,11.956802281562291,6.862310539136661,36.35010027625228
29.47,11.420290426990702,5.836520520821463,36.122139566789116
29.48,10.841638596802593,4.898057438740805,35.75810868461705
29.490000000000002,10.234878819488,4.061329616594647,35.28168315812758
29.5,9.611369176808724,3.3323213373511393,34.712677827534215
29.51,8.98263942238002,2.7082706564227266,34.07389311667918
29.52,8.359988934687943,2.187013926853152,33.3861140657793
29.53,7.7518361358292,1.763039221611145,32.663753003875826
29.54,7.165128253425468,1.4269219555177743,31.921025016736998
29.55,6.606407002630457,1.1699150432497714,31.16909788254788
29.560000000000002,6.079539207052457,0.9820059685666579,30.41589419799432
29.57,5.58796219122452,0.8536160291919265,29.668167209765897
29.580000000000002,5.133359863726381,0.7757423421096006,28.930311504563882
29.59,4.71673014797579,0.7400974628553267,28.20576794265713
29.6,4.338074342867999,0.7393705841732348,27.496426487035524
29.61,3.996690692574575,0.7671756296767692,26.80369817956992
29.62,3.6916436252570666,0.818049042921246,26.128323981791755
29.63,3.421294478163895,0.8876543573648787,25.470620590615123
29.64,3.184146322272978,0.9723396484216092,24.830586057386814
29.650000000000002,2.978105492662664,1.0692627910852985,24.208180231673754
29.66,2.801403354126883,1.176306148632769,23.603136531502997
29.67,2.6519786516900443,1.291765795283483,23.01516861138744
29.68,2.5278343059930464,1.414861853437045,22.444045986213894
29.69,2.4277123035605928,1.5447590698915383,21.889549617574506
29.7,2.349772361882098,1.6809941038125724,21.351470718265833
29.71,2.2915530488476215,1.8242496765528977,20.829704376593444
29.72,2.252544336180483,1.9747266213004488,20.324205939933563
29.73,2.232342551427861,2.1325789752638196,19.83493149466711
29.740000000000002,2.230405602220929,2.298034722674508,19.36183256483861
29.75,2.2440038087907497,2.472828439056275,18.904909833405803
29.76,2.2724954328608136,2.658377358364156,18.464519182098172
29.77,2.316255961227148,2.8556639229898275,18.041089001736978
29.78,2.3756608806858313,3.0656705753252425,17.635047683142876
29.79,2.4510856780328676,3.2893797577620605,17.246823617137096
29.8,2.5420968715447785,3.5282469768985614,16.8767797092999
29.810000000000002,2.647540574713849,3.784719648931178,16.525766726685397
29.82,2.768118510569766,4.0606519686456775,16.19525645534887
29.830000000000002,2.9045935865746473,4.357870342471633,15.886733282423794
29.84,3.05772871019043,4.67820117683821,15.601681595044122
29.85,3.2282654714706616,5.023474480293285,15.341555860107828
29.86,3.4167317167379565,5.395626249165222,15.107937310525159
29.87,3.624102091387834,5.796674795982452,14.903998217140865
29.88,3.8514959343171626,6.228634206139212,14.73323745569623
29.89,4.1000325844231185,6.693518565030332,14.599153901932272
29.900000000000002,4.370848087969932,7.193348684330956,14.50523297508423
29.91,4.665667638001631,7.729918681794074,14.455211017333305
29.92,4.985652387818589,8.303477031285468,14.455340687609175
29.93,5.331561320349295,8.913883438497853,14.51255333041775
29.94,5.704153418522713,9.560997609124788,14.63378029026498
29.95,6.104189484476834,10.244679907759036,14.825954143991085
29.96,6.533559552441211,10.96395176970019,15.09739278413019
29.97,6.992560263541419,11.712609172795835,15.45764553633726
29.98,7.479854671858494,12.482775672505571,15.915692399794583
29.990000000000002,7.994105831472985,13.26657482428821,16.48051337368408
30.0,8.534886855788699,14.055136368670986,17.16311314325498
30.01,9.099548128698476,14.832070779547518,17.9720959297453
30.02,9.68236412919317,15.577759515075593,18.910908139008548
30.03,10.277810409775473,16.27222406672037,19.983806839510258
30.04,10.88022942230611,16.89008691016508,21.195947778934304
30.05,11.47896479653454,17.403564676929346,22.53590310340915
30.060000000000002,12.062594865630837,17.7846609064732,23.989952636401984
30.07,12.619360470986573,17.99880572219855,25.54731810829034
30.080000000000002,13.134580150897015,18.02381797865517,27.173857178521665
30.09,13.592903823829262,17.841938867190212,28.82908945467424
30.1,13.976787055812407,17.426075207421675,30.47538520510074
30.11,14.272911190247628,16.778922118046182,32.06510811008249
30.12,14.470521642893086,15.91824657516652,33.54569019227362
30.13,14.555239869863833,14.8546454063172,34.86639725027856
30.14,14.521613366618942,13.621628242246295,35.991795510095514
30.150000000000002,14.369813136374194,12.267330186012071,36.890618139709886
30.16,14.096228981182103,10.833508669553233,37.53639440761286
30.17,13.712029922316454,9.372240201022732,37.932084057961056
30.18,13.22776287387324,7.935330193308396,38.081491243747834
30.19,12.65457479798458,6.5611328921159275,38.0001624080729
30.2,12.011347097452138,5.2838701426000325,37.71903705234335
30.21,11.313500618656253,4.130800944013829,37.264735385572536
30.22,10.578939514179677,3.1121697552180896,36.672429548674366
30.23,9.825361979021492,2.23701427313623,35.9756594883109
30.240000000000002,9.066919888619351,1.5029012915745457,35.201476831707616
30.25,8.317009381619435,0.9005739708711391,34.37715815976571
30.26,7.587287308236399,0.4206579269294959,33.52375080701874
30.27,6.886571360482763,0.04965925751787981,32.6579813566663
30.28,6.221959205191599,-0.2265910710003733,31.792517797875558
30.29,5.598245447838966,-0.42238149210339776,30.936734241717744
30.3,5.018571073788472,-0.5513120366648456,30.0969403853527
30.310000000000002,4.484530497838906,-0.6257391195611971,29.277245465066933
30.32,3.99643305701895,-0.6567868736957355,28.479870459804722
30.330000000000002,3.553441264810033,-0.6539111163116348,27.70592860383347
30.34,3.154231307898395,-0.6251967274381427,26.955605834897604
30.35,2.7966962726873525,-0.5774935998254636,26.22866907109012
30.36,2.478453878788444,-0.5161496923901158,25.52423287518982
30.37,2.196763032953212,-0.4456373951085597,24.841363591737544
30.38,1.9488379287217101,-0.369368130424076,24.179341772690055
30.39,1.7318060915914177,-0.28997291907654965,23.5370218318518
30.400000000000002,1.5431710590875443,-0.2093972624075463,22.91359338676545
30.41,1.380002809340974,-0.12892765951850055,22.30814767156973
30.42,1.2400899007546093,-0.04963904516333967,21.71994563568224
30.43,1.1209850874249683,0.02782981367552874,21.14825786950225
30.44,1.0204156900202042,0.10347548658946015,20.592450795204268
30.45,0.9366201316533052,0.17712493896782056,20.051989208356076
30.46,0.8675067180992715,0.24912580654882555,19.52622728574036
30.47,0.8118416093152098,0.31966318597802196,19.014707993765995
30.48,0.7679449035819765,0.38921809462298773,18.517041482015628
30.490000000000002,0.7344461501978028,0.4584240640329774,18.03289669483949
30.5,0.7108411549870197,0.5275688805972888,17.561900472509038
30.51,0.696530376694162,0.5970093487893335,17.103680210280665
30.52,0.6899162924721303,0.6679649243018752,16.657908846572063
30.53,0.6905193843649737,0.7411559624553595,16.224331342194798
30.54,0.6982577108874404,0.8170521962321456,15.80269901281228
30.55,0.713042159469009,0.896127745010527,15.392763117910416
30.560000000000002,0.7340428787624922,0.9794215644676878,14.994297538277603
30.57,0.7609218907811309,1.0680380276703008,14.607173180449333
30.580000000000002,0.7939464725094558,1.16278554821216,14.231284582460178
30.59,0.8333839009319547,1.2644725396869296,13.866526282345253
30.6,0.8794648061558442,1.3739134263743258,13.512787084641138
30.61,0.9318901288824767,1.4921677045768058,13.169928823261623
30.62,0.9909710128999264,1.620565104804395,12.838039657915875
30.63,1.0572850064723012,1.760441476977555,12.517267030631544
30.64,1.131409657863798,1.913132671016938,12.207758383435825
30.650000000000002,1.2137539990193904,2.07988006571226,11.909621059523404
30.66,1.3047324371638842,2.2621646221331986,11.623136523187688
30.67,1.4052372291203905,2.461931112964758,11.348843092085058
30.68,1.5161724559927336,2.6811336722359407,11.087283893972561
30.69,1.6384010834860927,2.9215381774181117,10.838956210796798
30.7,1.7728856266355764,3.184913396844648,10.60470307513052
30.71,1.920934067896424,3.4740971748783003,10.386018480558782
30.72,2.0838732355801697,3.79199484098023,10.184427181458865
30.73,2.2630109408354007,4.141207866849795,10.001325972711777
30.740000000000002,2.459830558966322,4.523851809709227,9.838511047423994
30.75,2.676166125709918,4.943573129863577,9.699170630235447
30.76,2.9138718268548556,5.404156261800199,9.586584816330697
30.77,3.1748077569944653,5.908994953112954,9.503830137192908
30.78,3.461098663254515,6.460591629837992,9.455080582202363
30.79,3.775138607665471,7.062713618274026,9.446962856040725
30.8,4.119330933724969,7.719239027892806,9.486229520029623
30.810000000000002,4.496125592895579,8.433726654253377,9.579427784978161
30.82,4.907970051399181,9.207626464009023,9.735303626386381
30.830000000000002,5.357080373720748,10.041709641036535,9.965952674343644
30.84,5.845660117566592,10.936762032233167,10.28359875430598
30.85,6.376331053554299,11.893351712699982,10.701043440779316
30.86,6.9507975590179285,12.905815386176618,11.234587590747397
30.87,7.568793650613333,13.963898970904754,11.901800658021141
30.88,8.230054499663758,15.057322797775337,12.720336862563535
30.89,8.935372573091927,16.1730584014732,13.711720723472489
30.900000000000002,9.679866287407663,17.282791799380906,14.891801675408866
30.91,10.456261955791177,18.354324972344486,16.272750020416215
30.92,11.257843736751967,19.35311231670449,17.869475532501383
30.93,12.073475477533083,20.231162306900973,19.686350869277554
30.94,12.885915172668042,20.936438254163544,21.708134801527105
30.95,13.677859505630877,21.408635771768,23.92438263792056
30.96,14.425953066553973,21.593870293310015,26.290421266041168
30.970000000000002,15.103809516126066,21.446418519546906,28.742294405148435
30.98,15.682929023223002,20.91349678107378,31.216043024408698
30.990000000000002,16.13812888295868,19.993850046181528,33.61790135859466
31.0,16.442791261584322,18.691900341060204,35.84808252164289
31.01,16.57486768072344,17.03639318699937,37.81900821425704
31.02,16.52565010237761,15.105088001278938,39.452197225004184
31.03,16.28414627587867,12.971897449280997,40.68364539179949
31.04,15.859655209147538,10.740684496722848,41.493294112010005
31.05,15.26025057072035,8.50800742427451,41.87259028512435
31.060000000000002,14.511449012017787,6.363053931892283,41.860282977577924
31.07,13.636809666019245,4.3817564213781,41.49959289054112
31.080000000000002,12.667940694110275,2.610510013049393,40.85832663377378
31.09,11.634625419559068,1.0828498293640147,40.0011793506197
31.1,10.56626105542654,-0.1988116708123585,38.99454644776155
31.11,9.48999032113194,-1.2390927981383173,37.89615416083899
31.12,8.427980777560837,-2.0583241472865894,36.752432579411554
31.13,7.398756399205957,-2.681670966987263,35.59971636407369
31.14,6.416603412222308,-3.1383755223890093,34.46460745691828
31.150000000000002,5.491164804320677,-3.4575634485198194,33.36384202088419
31.16,4.629141514596412,-3.666833889096664,32.3082342526526
31.17,3.833249200561585,-3.7907170794783753,31.30249612894813
31.18,3.104696851725973,-3.8508499201043827,30.34827677408893
31.19,2.4418933475897675,-3.865060136175656,29.444213872669287
31.2,1.8422622221676201,-3.8487844297251104,28.587969675600675
31.21,1.302153527743572,-3.813456476904522,27.77632746752081
31.220000000000002,0.8171331403446231,-3.769455496138776,27.005735312465116
31.23,0.3822794849936668,-3.7239753399299,26.27281086382371
31.240000000000002,-0.006720292079057721,-3.6831512820479517,25.5746725563937
31.25,-0.3553410271777958,-3.6516596081265087,24.908134776305346
31.26,-0.6682952200788943,-3.6327982874280815,24.271112635145307
31.27,-0.9504565180518978,-3.6293358420487287,23.661447437405773
31.28,-1.2061921215377898,-3.6430607757250373,23.07749725188186
31.29,-1.4399229325831175,-3.6753207738834046,22.518000030613837
31.3,-1.65583665705465,-3.7270266651641926,21.981887445589315
31.310000000000002,-1.8565907621277475,-3.7995705114416927,21.468599755204043
31.32,-2.046674415423987,-3.8931063187666712,20.97747166641741
31.330000000000002,-2.2291403013864346,-4.00812769391387,20.508485958591315
31.34,-2.4058415543000815,-4.14573871928653,20.061873971260653
31.35,-2.5795235265180554,-4.306452146790397,19.63768083977433
31.36,-2.7541662016941926,-4.489858056886546,19.236084552800005
31.37,-2.931135668059725,-4.697173719898795,18.858202146304713
31.38,-3.111650771622032,-4.929711160474453,18.505191980883815
31.39,-3.2973856841632867,-5.188461614146266,18.178053020580514
31.400000000000002,-3.4923329469044457,-5.472730508456864,17.877438688504334
31.41,-3.69787682338734,-5.783576841944324,17.6056620827016
31.42,-3.9148700665026634,-6.122427752448186,17.36527855628895
31.43,-4.144165429140809,-6.490710377807524,17.158843462383395
31.44,-4.386977492055037,-6.889707090876039,16.98878815920018
31.45,-4.647195314230581,-7.319050788718218,16.857335642980303
31.46,-4.92595388941486,-7.778407381711569,16.768959021512163
31.470000000000002,-5.223606646616629,-8.267653767572634,16.72852354415843
31.48,-5.54050701484462,-8.786666844017917,16.74089446028172
31.490000000000002,-5.8770084231079025,-9.335323508764475,16.81093701924465
31.5,-6.234385034266618,-9.913151032346235,16.94392442064233
31.51,-6.61507296655593,-10.516293704000274,17.146499764146515
31.52,-7.018049310030808,-11.139016912407525,17.42470147674122
31.53,-7.442063818574606,-11.77556717189569,17.784497837570292
31.54,-7.885931416603299,-12.42018765766078,18.2319559527929
31.55,-8.349971478397116,-13.065060112925295,18.775595140959783
31.560000000000002,-8.831113611151201,-13.697033467042061,19.41926834003239
31.57,-9.32472954192024,-14.302116145906544,20.164545280368976
31.580000000000002,-9.82647697564417,-14.865967156559305,21.01392638741968
31.59,-10.332745185008473,-15.36992570874454,21.97237023977115
31.6,-10.835241260733143,-15.794747720171298,23.029739854095936
31.61,-11.32482279196509,-16.121629503194903,24.17314708918466
31.62,-11.792443679341625,-16.329437242838374,25.39169981169616
31.63,-12.22853278903504,-16.395389736432367,26.67164422733851
31.64,-12.622257772901557,-16.3099666170915,27.98273006652837
31.650000000000002,-12.96259163934554,-16.0642096798827,29.293709845020533
31.66,-13.235883622034505,-15.641002866553492,30.575564310354387
31.67,-13.433983471766897,-15.048821145695447,31.795257554776363
31.68,-13.551239656360849,-14.306368756961183,32.9178213734256
31.69,-13.579998088686025,-13.428653645064525,33.908432727675624
31.7,-13.51449505091681,-12.434266178439113,34.74286930558078
31.71,-13.358357752347676,-11.359218985472175,35.406434124320704
31.720000000000002,-13.111767741171178,-10.236338381122616,35.88203257808205
31.73,-12.77936237616737,-9.096357037897672,36.16784205809485
31.740000000000002,-12.373019187617718,-7.973694569271277,36.27382524419779
31.75,-11.900560595263904,-6.8989092327214445,36.20626431394074
31.76,-11.373644945402676,-5.8918676837121255,35.98394682285447
31.77,-10.806395979097415,-4.970974290267114,35.63005966383661
31.78,-10.21036384181079,-4.149918672988353,35.162814605908025
31.79,-9.59756850427734,-3.4307524097019457,34.605137761906015
31.8,-8.980263210956842,-2.8149772908263704,33.97990549593425
31.810000000000002,-8.36859304795896,-2.301178811269524,33.30386998153934
31.82,-7.770355946679833,-1.8814023205533654,32.592857364137245
31.830000000000002,-7.193485473706945,-1.5479761457425054,31.861445924229045
31.84,-6.643681835792577,-1.292372054867389,31.11952472347201
31.85,-6.125079429248325,-1.104830336813272,30.37589452839308
31.86,-5.6408772616320535,-0.9764111922216969,29.636736265602323
31.87,-5.192826679637246,-0.8980670358318069,28.90680800681166
31.88,-4.782162686247464,-0.8618604025174457,28.18936832601281
31.89,-4.4088486414661014,-0.8605851657064384,27.4865313575398
31.900000000000002,-4.0723613099401135,-0.8880807625370293,26.79977129029005
31.91,-3.7716313228156104,-0.9389782757254989,26.129769445351233
31.92,-3.505189483663385,-1.0089945536278386,25.477094521149496
31.93,-3.2715649754558656,-1.0946681461126202,24.84173907740348
31.94,-3.0687105234179564,-1.1930171570610522,24.223819904130192
31.95,-2.8950832174368695,-1.3020851799853654,23.623110217289927
31.96,-2.748897917253586,-1.4201875206857641,23.039342990304466
31.970000000000002,-2.627696454615071,-1.546487001604893,22.472427829274682
31.98,-2.5304168695452094,-1.6803230448362223,21.922182489069666
31.990000000000002,-2.456015334310954,-1.8210562066813274,21.388415608547287
32.0,-2.4015814163796936,-1.9692103395640383,20.870994691182872
32.01,-2.3658443169756436,-2.1254506484977345,20.369963386587855
32.02,-2.3486104993814556,-2.290099697114552,19.885395764467546
32.03,-2.3496864268798103,-2.463480049046274,19.417365894528288
32.04,-2.3687427591090673,-2.6459922032772285,18.965945968575934
32.05,-2.4033763423277974,-2.8395577746996525,18.531331877154077
32.06,-2.45306392404292,-3.0457903601949115,18.114100364811428
32.07,-2.5181962943871796,-3.2658819748455863,17.71488821967122
32.08,-2.5991642434934206,-3.5010246337346933,17.334332229855796
32.09,-2.696358561494532,-3.75241035194529,16.97306918348755
32.1,-2.8094535669744123,-4.021637831348228,16.63169158872054
32.11,-2.9380070564400937,-4.310977492687307,16.31153004302303
32.12,-3.0828615082340844,-4.622387171639216,16.01450729353725
32.13,-3.244872989131228,-4.9578193202690475,15.742549794164912
32.14,-3.424897565906018,-5.3192263906411705,15.4975839988083
32.15,-3.6237781247098146,-5.708532854828676,15.281447481560644
32.160000000000004,-3.842345359203285,-6.127417384988142,15.096383259263293
32.17,-4.081595394209264,-6.577556178975283,14.946534101444783
32.18,-4.342546767346709,-7.060646216605064,14.836253331617769
32.19,-4.626218016234427,-7.578384477692163,14.769894273295044
32.2,-4.933737822334198,-8.132520610570642,14.751787611397026
32.21,-5.267318954046821,-8.724303973882787,14.78699638973321
32.22,-5.627677227700271,-9.352103300055903,14.882921201331374
32.230000000000004,-6.015028281810947,-10.013793441824134,15.047304271988276
32.24,-6.429587754894413,-10.707249251920201,15.287887827500295
32.25,-6.871576246591738,-11.430346599805132,15.612420086398046
32.26,-7.342363566191394,-12.179485470037811,16.03067231017765
32.27,-7.84100371711019,-12.944470474247803,16.55188899449778
32.28,-8.364736465924166,-13.713370647600922,17.183629057181953
32.29,-8.91086235388496,-14.47424738052507,17.93360620005812
32.3,-9.477596411950776,-15.212276570145756,18.812579189403788
32.31,-10.058765876056931,-15.905524281101215,19.82211183514328
32.32,-10.646566232572717,-16.53098658201033,20.959941700109816
32.33,-11.233868684941186,-17.062919879838812,22.227540704740996
32.34,-11.810961272921006,-17.472319964747438,23.61650651683098
32.35,-12.364558069121035,-17.73417973608487,25.10204828780966
32.36,-12.881197758506936,-17.821509576744376,26.66053024175332
32.37,-13.346532896408169,-17.70428620568805,28.267253080375756
32.38,-13.746536002589947,-17.375756458160488,29.877043451448166
32.39,-14.066649123185671,-16.8304293737423,31.442310421474932
32.4,-14.289136674676358,-16.05675515550196,32.91770275850237
32.410000000000004,-14.407192246026279,-15.082735977009497,34.260137927327854
32.42,-14.41629353375104,-13.944184729120922,35.42652164935915
32.43,-14.307236258774807,-12.668763498574528,36.37760587892631
32.44,-14.0826557025485,-11.300966379040286,37.09773552328425
32.45,-13.748468007248794,-9.892032037218222,37.57492881512986
32.46,-13.30990994308397,-8.485027908782051,37.80736353446704
32.47,-12.783063845202978,-7.123199815676481,37.81519274351432
32.480000000000004,-12.180459377273753,-5.845534792161907,37.615037624469586
32.49,-11.518639128112994,-4.674734435455497,37.23665182454821
32.5,-10.815874428026417,-3.6309812033969826,36.71299854379071
32.51,-10.087111094251012,-2.724014612532486,36.07191097089388
32.52,-9.347697549926757,-1.9515167163324594,35.344710345716656
32.53,-8.612221372392423,-1.311084377633902,34.55852846953197
32.54,-7.8915831096614015,-0.7933607320911811,33.73390861285481
32.55,-7.195726404450162,-0.3865377814692273,32.88971721668044
32.56,-6.532164283494925,-0.0776094112946547,32.03956036659255
32.57,-5.906472986286255,0.1471604822127331,31.193988339648936
32.58,-5.3224582025151035,0.301004922282291,30.360461917431874
32.59,-4.782320329698902,0.3962430373348104,29.544005294898632
32.6,-4.286890029428368,0.44416653403568696,28.74769770758845
32.61,-3.8358988402428826,0.454447206556124,27.973099927863714
32.62,-3.428272873904234,0.43557575096462603,27.220955741081475
32.63,-3.062346577917415,0.3944011463203966,26.491314292689868
32.64,-2.7360199779767584,0.3368415212350471,25.78376445824714
32.65,-2.446752039219727,0.26764620220389307,25.097520397198952
32.660000000000004,-2.1920078710604862,0.19045015438066995,24.431796532990877
32.67,-1.96912113429919,0.10818418448744159,23.785834928455756
32.68,-1.7754457742561143,0.022949567493749275,23.15873198849411
32.69,-1.6084502094238449,-0.06372706248468785,22.54969961901521
32.7,-1.465681342286712,-0.15090132332550904,21.95794375891467
32.71,-1.3447261540958728,-0.23777810704902402,21.382811574252887
32.72,-1.2432446939449264,-0.32426797498987137,20.82363072006557
32.730000000000004,-1.1596594607098323,-0.41017345692252893,20.279924203709758
32.74,-1.0921129040772874,-0.495549751854067,19.751232183082223
32.75,-1.038579529617931,-0.5811441707614884,19.237164986224087
32.76,-0.9983425767350683,-0.6671786804729654,18.737274808834695
32.77,-0.9707087241368197,-0.7538611609908769,18.25111232397247
32.78,-0.9536535739249311,-0.8422544253664462,17.77835972912458
32.79,-0.9461210283556383,-0.9333483670816565,17.31881908927471
32.8,-0.948094648453502,-1.0276623764735597,16.87226718489873
32.81,-0.9595579952430948,-1.1257158438792794,16.438480796472177
32.82,-0.9801467726387426,-1.2282137754295206,16.017216301651743
32.83,-1.008426927402268,-1.3366907368395646,15.60825140364622
32.84,-1.0444778102600056,-1.4522184628598036,15.211564577286033
32.85,-1.0885693030957722,-1.5757852831047128,14.827151406268065
32.86,-1.1409712875196316,-1.7083795272590336,14.45500747422833
32.87,-1.20154386700131,-1.851192787451762,14.095080265901892
32.88,-1.270363643060282,-2.005754585837565,13.74753132740495
32.89,-1.3480231097849849,-2.17356069316995,13.41267686665872
32.9,-1.4351147612639992,-2.3561068802027467,13.090833091583669
32.910000000000004,-1.532188384988511,-2.5548619989953685,12.782294226420843
32.92,-1.6396296609733276,-2.771364276889334,12.487417842773372
32.93,-1.7583740949689362,-3.007810302213039,12.207111247107873
32.94,-1.88946277494913,-3.266491856572343,11.942360596285065
32.95,-2.033936421043517,-3.5496991776747375,11.6941512836087
32.96,-2.1927526386042393,-3.8591626925426383,11.463367404734115
32.97,-2.367226420019073,-4.197345522253902,11.251893975492335
32.980000000000004,-2.558891262116773,-4.567453860392968,11.062128330842338
32.99,-2.769280661725682,-4.972693900543476,10.896467805743498
33.0,-2.999926620092524,-5.415673794318393,10.757107762909802
33.01,-3.252657036050733,-5.8988307463319325,10.647681842685925
33.02,-3.529513846756836,-6.425706364374895,10.573263305636116
33.03,-3.83254048523247,-6.999856885418807,10.538937720173902
33.04,-4.163846541249312,-7.624445285761991,10.549571527565977
33.05,-4.525635734393875,-8.301105384203494,10.612048162555098
33.06,-4.919952484593986,-9.031500508685829,10.735982134560539
33.07,-5.348833502768685,-9.817319366685611,10.931062592656621
33.08,-5.814582066225665,-10.660241174387922,11.20712346248233
33.09,-6.319512280283598,-11.558242903928603,11.576689032207314
33.1,-6.8640524945280434,-12.504760016598569,12.054601469388786
33.11,-7.448482577976062,-13.493022136182518,12.655775400625862
33.12,-8.073672507234914,-14.516244266418584,13.396504761882769
33.13,-8.739331489462947,-15.559103750102908,14.295267374055907
33.14,-9.440139752963836,-16.596323523228072,15.364548121013849
33.15,-10.17046906213022,-17.602228433128506,16.61634282870221
33.160000000000004,-10.925384125087998,-18.54688950878768,18.066296627149327
33.17,-11.693858015268553,-19.38773306408358,19.714982898488664
33.18,-12.461184543106105,-20.079921118550775,21.552142578161497
33.19,-13.212847153751921,-20.570456023000563,23.572210845044985
33.2,-13.927959810954855,-20.812706091683477,25.73543089891832
33.21,-14.583347892062736,-20.76393473374468,27.989896235616087
33.22,-15.153991299005414,-20.374619965422852,30.283747776673444
33.230000000000004,-15.61702314303598,-19.63869727095413,32.53588106474962
33.24,-15.948345713253351,-18.5547504832332,34.65945756742108
33.25,-16.12572126267792,-17.136528225239896,36.57555271901787
33.26,-16.140536191462626,-15.448104871996133,38.21167255644554
33.27,-15.97989855425459,-13.547679179525538,39.501188025086094
33.28,-15.648840244617634,-11.52119146321911,40.41805366126687
33.29,-15.152698841277857,-9.456794130771168,40.94304822133527
33.3,-14.509594988280568,-7.4339769795634485,41.09780866140872
33.31,-13.74157038156359,-5.529351810797592,40.91603091723461
33.32,-12.87305548242448,-3.7921536504566746,40.447144846729465
33.33,-11.932979838027293,-2.2613248979998315,39.75076109261721
33.34,-10.946955441577831,-0.9509627594504639,38.88251124834441
33.35,-9.941297532780233,0.1392965124975506,37.89980732462888
33.36,-8.937924507728958,1.019006118917884,36.847559382060226
33.37,-7.955767952669056,1.707370213074183,35.76356730623116
33.38,-7.01011886900861,2.2281077391753623,34.676857839584784
33.39,-6.111864024289577,2.6070883169769012,33.607610538788265
33.4,-5.268961586122933,2.869272463037262,32.56952249150541
33.410000000000004,-4.485864612386203,3.038475461231699,31.570333757730886
33.42,-3.7648497472346034,3.135301650220387,30.614000044239955
33.43,-3.1058044418326936,3.1781898225025045,29.701544348845708
33.44,-2.5073280702925933,3.182188320375586,28.831965903672597
33.45,-1.9666585872458953,3.16018643346644,28.003306494930833
33.46,-1.4801704658118937,3.122379142820988,27.212941958752605
33.47,-1.0441906466774356,3.076815748301234,26.458303235429952
33.480000000000004,-0.6537888698490579,3.0304231798747825,25.736396988929325
33.49,-0.3045936659379086,2.9878532005728395,25.04480439798268
33.5,0.007238028918608391,2.953373007706682,24.381437715522775
33.51,0.28679674164013225,2.929868981606006,23.74410883871853
33.52,0.537873933685743,2.919603069876412,23.131274784034098
33.53,0.7648886861004056,2.924106800608927,22.541416530610274
33.54,0.9714436450776347,2.9447718899060646,21.973373438190745
33.55,1.1613506739494441,2.982290204156544,21.426213927146733
33.56,1.3376186071373233,3.0374257480976956,20.89943177537482
33.57,1.5030336253722183,3.1110741379455664,20.392533853830237
33.58,1.6611898321665926,3.203244872284728,19.904976568696966
33.59,1.8140365345250387,3.3148827029262695,19.436874303494967
33.6,1.9634377388712663,3.4469618683070045,18.98836968071778
33.61,2.1126982865444286,3.599108864670802,18.559270703381614
33.62,2.26365575038297,3.7722267452265044,18.150131484047908
33.63,2.417576521717328,3.9677330590640754,17.76172238933047
33.64,2.5758837624812303,4.186900892105128,17.39475347619973
33.65,2.741652379870935,4.429527168031925,17.049583093914926
33.660000000000004,2.916473113095055,4.696871411428846,16.727727311583465
33.67,3.1013690377161693,4.990726987440382,16.43098696082603
33.68,3.297363229297225,5.312887261211578,16.161162873262608
33.69,3.506150148878069,5.664580495170159,15.919781344167575
33.7,3.730606137351208,6.046007414312371,15.708874147904757
33.71,3.9719064852832733,6.458767573372483,15.532162972734264
33.72,4.231123697711495,6.9045461597081035,15.39343815025303
33.730000000000004,4.509330279673154,7.385028360676941,15.296490012058085
33.74,4.808168730911995,7.901761458535339,15.24498640291664
33.75,5.130458557422681,8.454587191732593,15.243669671076878
33.76,5.476780909591747,9.04219759423967,15.299343305681038
33.77,5.847516257978145,9.663263283884941,15.418919292024249
33.78,6.2430450731400295,10.316454878495435,15.609309615401365
33.79,6.66389806538914,11.000437297838928,15.877553192194767
33.8,7.112105818156857,11.711406671603259,16.23270977591142
33.81,7.586525417935016,12.44022944273756,16.68286097014659
33.82,8.084989314253953,13.177112127375157,17.2354410602833
33.83,8.605455858744891,13.912250719475088,17.898143363517665
33.84,9.146963173445522,14.632839316567539,18.681284921925823
33.85,9.704111858436278,15.319465777429599,19.587016764325178
33.86,10.270160087164891,15.951861903999887,20.614861750073448
33.87,10.839160560199819,16.507633286611227,21.767775908431478
33.88,11.4030823602433,16.960288399918248,23.04132629923257
33.89,11.949921540608932,17.28593767727257,24.41525263307918
33.9,12.46757063332836,17.459824447341706,25.869692666333847
33.910000000000004,12.943286914037849,17.45133481543644,27.386453787375675
33.92,13.36374703781939,17.249291407274786,28.92705949100655
33.93,13.715524824345998,16.84705866297829,30.448747527796428
33.94,13.981684319557527,16.228026105875404,31.910519169494073
33.95,14.152835629516202,15.407383433631885,33.27107698333229
33.96,14.223616114235082,14.415176152361113,34.48825042311819
33.97,14.18548453874146,13.275660356951462,35.52070996073247
33.980000000000004,14.035378871753341,12.021446886072273,36.34511926485259
33.99,13.778955332408948,10.700601190771291,36.94791506693501
34.0,13.417642643908245,9.354615090588988,37.316026548341064
34.01,12.963837793015855,8.024653183645253,37.46165508246804
34.02,12.430840930356666,6.751905812690694,37.39942783970667
34.03,11.83055106798001,5.564744933687733,37.148202518695676
34.04,11.180547815212835,4.4839912363238374,36.73913933968811
34.05,10.495947623578255,3.5278282577585816,36.19840283681905
34.06,9.791271889407813,2.698602503565667,35.55447642706296
34.07,9.08137195090571,1.9959615278077572,34.8364710303808
34.08,8.378505358453149,1.416234763991834,34.06586683334774
34.09,7.692617066041016,0.9490346993675124,33.2625048276252
34.1,7.032632180235651,0.5839965087420776,32.44242028083125
34.11,6.404968608464692,0.30859170123824764,31.61788440084378
34.12,5.814696139744749,0.1103624991859423,30.798251230239444
34.13,5.2649152678604745,-0.022861683989268584,29.989967703425414
34.14,4.757493711383495,-0.10228524553059937,29.1974926401518
34.15,4.293020656485504,-0.1379164061221426,28.423731342404125
34.160000000000004,3.8710884483755486,-0.13860845033755026,27.670072219216006
34.17,3.490595856965056,-0.11190067276702831,26.937299068639035
34.18,3.1499017986411726,-0.0640631424519931,26.225531586461504
34.19,2.847028220218769,-0.000351148459997834,25.53441490613085
34.2,2.5796527893995296,0.07512180143222734,24.863484944758167
34.21,2.3452606098979123,0.15903057034436294,24.21200602563244
34.22,2.1415098100459073,0.24881765723386465,23.579397146203252
34.230000000000004,1.965852609009904,0.342797663201452,22.964933368570883
34.24,1.815812898356333,0.4397604021927687,22.367957187998744
34.25,1.6894680300232432,0.5386640952314583,21.787785998259153
34.26,1.5844165363672134,0.6390362843816827,21.223895509759434
34.27,1.4987357843250915,0.7409736965056377,20.675867117382325
34.28,1.4313003906142594,0.8443268243317961,20.143210512295717
34.29,1.3798322496293403,0.9495655471890517,19.625470978278308
34.300000000000004,1.3424768199066464,1.0575610673725209,19.122378055161523
34.31,1.3189709769648037,1.1686711821996583,18.63371936077287
34.32,1.3090526975150278,1.283253227812736,18.15928251989143
34.33,1.3120364500803032,1.4018902427793787,17.698833816512664
34.34,1.3255325758495429,1.5263868685009316,17.252124791230614
34.35,1.3494196509076697,1.657806019621048,16.819127288290204
34.36,1.38394977647471,1.7970423910861046,16.39983897424674
34.37,1.4293750537706842,1.9449906778423918,15.994257515655857
34.38,1.4857487953546087,2.1026333885206716,15.602380416565582
34.39,1.551942884103232,2.2717841192232555,15.2243632639141
34.4,1.6283082870252719,2.4541419506214135,14.860640038995106
34.410000000000004,1.7155416094934188,2.6513000756420184,14.511669077047285
34.42,1.8143394568801732,2.8648516872115173,14.177908713310062
34.43,1.925318160983159,3.096374152251999,13.85979829592495
34.44,2.0485568784481023,3.3475815557145965,13.557934363898724
34.45,2.1849553487074895,3.6208075136949867,13.27364383675668
34.46,2.335622872242549,3.9184720763349126,13.008356061330767
34.47,2.5016687495347947,4.242995293776691,12.763500384452325
34.480000000000004,2.684142016192482,4.5964560747661025,12.540387488666823
34.49,2.8843063652259877,4.981020234969999,12.34131450844759
34.5,3.1037139089070083,5.399658891244891,12.169559930876023
34.51,3.343919939876755,5.855354509835954,12.028411830302172
34.52,3.6065195084497774,6.350969498059263,11.921028909534945
34.53,3.893399192326871,6.888483385379727,11.851123230294444
34.54,4.206346943933387,7.470169420421239,11.825162732673512
34.550000000000004,4.547112204115322,8.098416832281288,11.849927786319524
34.56,4.917449084188452,8.775616828307113,11.932195010456637
34.57,5.31984506871503,9.503571584517305,12.078945331700755
34.58,5.755941040885384,10.280626825206522,12.300570814220771
34.59,6.2265604163498,11.104119213937707,12.608704338279901
34.6,6.732526610757544,11.971385414272035,13.014978784140677
34.61,7.275148689851309,12.879408451778406,13.531876450211126
34.62,7.854929861717874,13.818196834029854,14.173931486118256
34.63,8.469268048076234,14.772142532227644,14.953852954602578
34.64,9.115455312589077,15.725507385568582,15.88431434398203
34.65,9.791352198962908,16.658865248452667,16.98144426723924
34.660000000000004,10.489513098691834,17.54165204301619,18.25092261493582
34.67,11.200461583260594,18.34123771895892,19.69338487866257
34.68,11.915441766501958,19.019586914859627,21.315209326358893
34.69,12.619681257651768,19.534780636727977,23.099773626272725
34.7,13.295238473901666,19.847315004427454,25.01606921088981
34.71,13.923669217997393,19.91008399870032,27.037219297854172
34.72,14.48468298808653,19.69089071618338,29.113940003421302
34.730000000000004,14.95750897551415,19.175961467123948,31.17853847220292
34.74,15.31734414918154,18.33980961638116,33.16574024069098
34.75,15.548333001180346,17.203994765572965,35.00699143449792
34.76,15.639147198578884,15.811164084094484,36.63117238748441
34.77,15.574715630271621,14.197167655875685,37.97624264556048
34.78,15.356851370113123,12.431772156158974,39.009920533104015
34.79,14.986243271765899,10.587085985297866,39.70190216319174
34.800000000000004,14.474265784321627,8.73288923908676,40.056944981717706
34.81,13.839201164639233,6.941501149316009,40.09492388757738
34.82,13.098480976736294,5.2655111235419305,39.84597888297204
34.83,12.27772774413122,3.7466293483800097,39.35941087820825
34.84,11.39913735968734,2.412122476280379,38.67969160204454
34.85,10.48691523921739,1.2689696272380317,37.85862950845779
34.86,9.562448618617793,0.31874360006983826,36.93973237833232
34.87,8.64442747771721,-0.4503536973474732,35.96092695890754
34.88,7.748638090684073,-1.054360747443772,34.953103421829546
34.89,6.887790304786051,-1.5134377138507138,33.94020683949475
34.9,6.071384017512056,-1.8492976403827632,32.93934988303732
34.910000000000004,5.30568442799584,-2.0829066690922793,31.962028575092802
34.92,4.594849274357924,-2.2341819690578344,31.015611910853597
34.93,3.940429996885128,-2.32079422171411,30.103467143514674
34.94,3.3424776225059896,-2.358309004539242,29.227216324776556
34.95,2.7996799475407608,-2.359747392169782,28.386676347406077
34.96,2.3095388247078072,-2.3362158784578066,27.580606558636624
34.97,1.8691004170986143,-2.2964432222106885,26.807110780570138
34.980000000000004,1.474610788800302,-2.2478878066482286,26.064163660275906
34.99,1.1224163317133167,-2.1959590525109367,25.349811205090177
35.0,0.8088596857091715,-2.1456065276293943,24.66210759027467
35.01,0.5292762550852048,-2.099949869557303,23.999072653240756
35.02,0.28053111264344266,-2.0616725893900396,23.35919498226691
35.03,0.05897857310046359,-2.0329987205471376,22.741045126184797
35.04,-0.13925035271330688,-2.015164033586329,22.143429037363664
35.050000000000004,-0.317470156330252,-2.009279289272774,21.565324690225435
35.06,-0.478761837503687,-2.015991406952268,21.00574982604897
35.07,-0.6261282614668878,-2.035935706376093,20.464086451416357
35.08,-0.7619289678033604,-2.069582761271608,19.939647613455065
35.09,-0.8889925583060663,-2.1171523943529116,19.431934659235292
35.1,-1.0092457533310724,-2.179142737849566,18.94067380276111
35.11,-1.1243951140657265,-2.2560616459358243,18.46556826111271
35.12,-1.2370827806165825,-2.347845955438478,18.006393969784018
35.13,-1.3486472871719768,-2.4553226637564887,17.563136376576843
35.14,-1.460188920626493,-2.579475941912249,17.13580112444375
35.15,-1.5737705568976155,-2.7204861605130786,16.724349674374672
35.160000000000004,-1.6913074691310992,-2.878894158041936,16.32908431784493
35.17,-1.8137174697012244,-3.0561899675219553,15.950516872658417
35.18,-1.9419183709825192,-3.2538636219766013,15.589159156618182
35.19,-2.0774288265432617,-3.4727175431812034,15.245392217717356
35.2,-2.222293514632192,-3.713421713328583,14.919993434785859
35.21,-2.3775996184759607,-3.978091646511268,14.614329080035352
35.22,-2.5444164383713397,-4.2688663686506265,14.329772631876168
35.230000000000004,-2.7238806017491948,-4.587787193289751,14.067657933921943
35.24,-2.9180851341397673,-4.935764058816027,13.829323203556834
35.25,-3.1286734518460935,-5.314917305683621,13.617604675157926
35.26,-3.3570107534326405,-5.727838829099811,13.435652201375575
35.27,-3.60446223746406,-6.177120524272211,13.286615634860048
35.28,-3.8727145609044467,-6.664932434301149,13.17343130653962
35.29,-4.164011613181388,-7.192330292429983,13.100331343798654
35.300000000000004,-4.479877234188708,-7.760945625915018,13.0736315472126
35.31,-4.821796104236142,-8.37245264443759,13.099711595825964
35.32,-5.191259372893971,-9.028529079357268,13.18495013710603
35.33,-5.590840448149886,-9.730460801921005,13.336299804453464
35.34,-6.021878667481434,-10.475468052274003,13.563492768066594
35.35,-6.484500655677721,-11.259381089542114,13.87700997396968
35.36,-6.978833037528762,-12.078030172852756,14.287332368187434
35.37,-7.505234488309872,-12.92719687155522,14.805296673340326
35.38,-8.064720971021403,-13.798033208888889,15.44435322355408
35.39,-8.654102641376484,-14.674024438991632,16.214560630982252
35.4,-9.269380930255066,-15.537971294563498,17.125042983315332
35.410000000000004,-9.907421571712797,-16.37122047267252,18.187422604569385
35.42,-10.562298733495679,-17.146285187510692,19.407649108140745
35.43,-11.223646875476966,-17.832399566346307,20.78074285010585
35.44,-11.88156732128481,-18.396206998256,22.304795158720157
35.45,-12.5239454784732,-18.799576423180802,23.969370370811653
35.46,-13.13392142825955,-19.011245042350314,25.740382953960058
35.47,-13.694177513321241,-18.996820877092393,27.584704311036145
35.480000000000004,-14.186520841248628,-18.722879047946645,29.464252613738505
35.49,-14.593792597673394,-18.186224821370512,31.318653920568497
35.5,-14.897262205761663,-17.381241909476458,33.08630783442014
35.51,-15.079707948348064,-16.313125097249248,34.71056054923458
35.52,-15.134622322044681,-15.025652992822565,36.13761452777839
35.53,-15.05152248933325,-13.557414967893655,37.31383422587105
35.54,-14.829554148556403,-11.961721407134513,38.211666253149836
35.550000000000004,-14.475075301067598,-10.304832114878039,38.81432138214341
35.56,-13.993976439657132,-8.643655962379267,39.11790383979119
35.57,-13.405173051763553,-7.035771164355025,39.14636863368449
35.58,-12.723561072941603,-5.530656096439529,38.92169898629362
35.59,-11.970416173429195,-4.158427903033686,38.48470222028107
35.6,-11.166902145866525,-2.9462806188304884,37.875267560490286
35.61,-10.332215945075491,-1.9012462229552254,37.13236436385577
35.62,-9.486110398978278,-1.022568434331526,36.29692870226985
35.63,-8.644882251317608,-0.3042631939022742,35.400067058631286
35.64,-7.822528963052338,0.26732782263666643,34.46945482972727
35.65,-7.030469848462827,0.7081440037278086,33.52612524625058
35.660000000000004,-6.27750733534883,1.0360806472119486,32.58631898945749
35.67,-5.569687685328696,1.2690131125715052,31.66121636553811
35.68,-4.911015443437726,1.423889629245609,30.758422288226843
35.69,-4.303369642996855,1.5162963038981416,29.88217441522245
35.7,-3.7472772649179635,1.5598872933180066,29.034725552600495
35.71,-3.241648630275628,1.566425378752871,28.216805608436584
35.72,-2.7848451220318826,1.5456619969062235,27.428023249300274
35.730000000000004,-2.374527781680986,1.5060510413577166,26.66737255786865
35.74,-2.007494938740105,1.4542703600408828,25.933570546319356
35.75,-1.6807890677148691,1.3955493205056289,25.22523395201296
35.76,-1.3906467421501103,1.3341078793565635,24.54068499454192
35.77,-1.1340044154843076,1.273217852790268,23.878644652125658
35.78,-0.9073915929401508,1.2156288550030327,23.23775095913288
35.79,-0.7072031743963663,1.1627511615587702,22.61667882500345
35.800000000000004,-0.5311961712137097,1.1161212618736198,22.01456249998816
35.81,-0.37610498811288084,1.0766855661786248,21.430328192126925
35.82,-0.2390327206627592,1.0448872857941027,20.86313113655568
35.83,-0.1179566644953901,1.021350984271737,20.312352801555488
35.84,-0.01020189441898689,1.0061500155319345,19.777145066725875
35.85,0.08621203115187288,0.999486333844257,19.257067573358146
35.86,0.17324285464208458,1.0012172137044528,18.751651260270382
35.87,0.25257344189048025,1.0114952830459236,18.260267276906248
35.88,0.32576299268641695,1.0301679582838923,17.782667181186472
35.89,0.39413399998592624,1.0573501862639543,17.318451973917934
35.9,0.45911540080409335,1.0930569018210443,16.867134225464955
35.910000000000004,0.521578940814887,1.1375457606114052,16.42866340931569
35.92,0.5828430594006564,1.1907854191324512,16.002702298120994
35.93,0.6439623204043687,1.2530820948985486,15.588938633832225
35.94,0.7055967847697793,1.325059846493569,15.187258988276156
35.95,0.7685969300568734,1.407106354808438,14.79750611463076
35.96,0.8340613686510833,1.4994576286450518,14.419523904465244
35.97,0.9026429745538971,1.6030470981873375,14.053312494894042
35.980000000000004,0.9749750421492566,1.7188354502320349,13.6988776278928
35.99,1.051921803349083,1.84745219777339,13.35615535144628
36.0,1.1345660779474236,1.9896251369154776,13.025220686999006
36.01,1.2236617735242061,2.1468512670038065,12.706396008168314
36.02,1.3199573755306317,2.3206375755397772,12.400006426187986
36.03,1.4243155703526102,2.512227080216583,12.10632064723993
36.04,1.537943604203036,2.7227712612975963,11.825782031314041
36.050000000000004,1.66189477769329,2.954494456062241,11.559260740312094
36.06,1.7972078344965061,3.2096744762357723,11.307643825253773
36.07,1.9449614139123812,3.490381072114846,11.0717628804848
36.08,2.1065887290163534,3.798228916124605,10.85276020374916
36.09,2.2836359637102315,4.13619614788112,10.652746596275215
36.1,2.477640036606553,4.507423684672858,10.473911714545252
36.11,2.690143888420549,4.914864911739902,10.318336784370027
36.12,2.9229200246476954,5.360587694082033,10.188336868836164
36.13,3.1780298007270487,5.848106347818126,10.08830675230612
36.14,3.4575525245687295,6.381218015755932,10.022905001569658
36.15,3.763574961364137,6.963595353036874,9.996675241246058
36.160000000000004,4.098325289845293,7.5975470388370985,10.014744296836684
36.17,4.464135970253783,8.28546522308597,10.085688599029785
36.18,4.863338956308488,9.029921977313133,10.218567690738123
36.19,5.2983326222526665,9.833491508905174,10.422407874684227
36.2,5.77174721605255,10.696670688183048,10.70775527809451
36.21,6.284936985700309,11.615822986434369,11.089005743364252
36.22,6.838992872403701,12.586874847453124,11.581023161611983
36.230000000000004,7.435304317852655,13.605866688270435,12.199198880209108
36.24,8.075161502800452,14.66325841896827,12.962054164501174
36.25,8.755405229998107,15.738825955313642,13.88560639473158
36.26,9.47230219809568,16.81143558569939,14.985270229355237
36.27,10.222813674236065,17.857510386725743,16.279537934219807
36.28,10.999200519186136,18.83931724261238,17.7788690027173
36.29,11.789069171543572,19.714036757071444,19.482045301432763
36.300000000000004,12.58079805206379,20.433203989007723,21.393519397751998
36.31,13.356398198231023,20.94366191645658,23.49181027189136
36.32,14.093467934307053,21.196290921652036,25.734592284274708
36.33,14.768551707657696,21.132036065604673,28.083604119443688
36.34,15.356509436891349,20.719471278006086,30.468453821568566
36.35,15.831306241878302,19.941904192348815,32.80297566774534
36.36,16.164252863221563,18.78082585959868,35.003028991673716
36.37,16.34033576319867,17.28445718705949,36.982369493249365
36.38,16.343754864682314,15.505379294385673,38.65484098479225
36.39,16.164771525897457,13.50846536283333,39.96382384796557
36.4,15.808091486963871,11.390223807423162,40.875038503645136
36.410000000000004,15.279133347418988,9.237906417082872,41.37528003302637
36.42,14.600724162965214,7.143086226554722,41.491646846514925
36.43,13.792407530765107,5.179607930064192,41.25725252557544
36.44,12.884398091274342,3.4004149075448065,40.73361301313776
36.45,11.903941383845465,1.8431647717696777,39.97845503944038
36.46,10.880336921327888,0.517884829005938,39.05688243731689
36.47,9.83972705531315,-0.5742338083508995,38.024726908920684
36.480000000000004,8.805135045740705,-1.4481070552728075,36.93031230483389
36.49,7.795372726675155,-2.12533472877116,35.81140667995151
36.5,6.826016559631079,-2.631822804930868,34.69718493690516
36.51,5.907568280394744,-2.995580302007215,33.60729986172513
36.52,5.047819001460794,-3.2426865814643397,32.55429561463217
36.53,4.251019259940929,-3.39806910200938,31.545481712993983
36.54,3.5187601575915486,-3.4827759483118146,30.583603776304024
36.550000000000004,2.8506436387313783,-3.5158692172304797,29.669024528751084
36.56,2.2446727692507964,-3.512344763631534,28.800098291577587
36.57,1.6978003064272695,-3.485350203342006,27.974284533129648
36.58,1.2060347167906678,-3.444936111637674,27.18845181591646
36.59,0.7654710467279033,-3.399191215259546,26.43976793172992
36.6,0.3709292880771194,-3.354868376773077,25.725032915751083
36.61,0.01789183140928252,-3.3165696803868774,25.04168464610294
36.62,-0.29822336570771113,-3.2883271408511687,24.387336771889263
36.63,-0.5823691321521179,-3.272831924899589,23.759854570008308
36.64,-0.8384080211262868,-3.272512254481264,23.157585613596282
36.65,-1.0711360873229783,-3.2886727072676685,22.578997953267013
36.660000000000004,-1.283826581463041,-3.322839940584836,22.023268194263988
36.67,-1.4808491247640339,-3.375591011182041,21.48931998907986
36.68,-1.6652424134889505,-3.4476629751885395,20.976649868150638
36.69,-1.8394093222354029,-3.540076227386891,20.484986060136702
36.7,-2.0074162899161316,-3.6527285988063323,20.01391482430567
36.71,-2.17156793405743,-3.7863699727452222,19.56364700446551
36.72,-2.333448696528199,-3.942163195345813,19.134557698098625
36.730000000000004,-2.495424358354371,-4.120639551423516,18.726845040973483
36.74,-2.6609929368485643,-4.321418988219732,18.340848282658484
36.75,-2.8314206497836425,-4.54592931288227,17.977812400330865
36.76,-3.0078467618587372,-4.795701053783267,17.639021873064127
36.77,-3.191597998695322,-5.07210763279223,17.325681515233516
36.78,-3.386004974703415,-5.374833036373377,17.038568536920963
36.79,-3.5927128189365916,-5.7049531212789715,16.780051712096
36.800000000000004,-3.812702841742177,-6.064097739577495,16.55288068521426
36.81,-4.046956353467024,-6.4538967433366565,16.35980510073183
36.82,-4.296643814491697,-6.875898487927317,16.203501352179988
36.83,-4.565019836793113,-7.330229689090292,16.08656031654532
36.84,-4.85339867764858,-7.816749302906056,16.0138452728637
36.85,-5.162336108475862,-8.33551473337971,15.99069009881537
36.86,-5.492387900693328,-8.886583384517376,16.022428672080387
36.87,-5.844109825719151,-9.470012660324842,16.114394870338884
36.88,-6.219328028763889,-10.085321563240367,16.272577035268423
36.89,-6.619688788160531,-10.728216724967645,16.504305870869878
36.9,-7.044150725012696,-11.392794283586763,16.81654214930498
36.910000000000004,-7.491640762489002,-12.073145697355875,17.21623699738987
36.92,-7.9613617678371975,-12.763297502220222,17.710814966218294
36.93,-8.453278789072414,-13.453692158709954,18.309595313892807
36.94,-8.963449027595297,-14.12962130305398,19.01623945853035
36.95,-9.487241440822858,-14.775991434440156,19.833322358407603
36.96,-10.020608239023616,-15.37661415557335,20.76544786609636
36.97,-10.558203225711932,-15.910268758016038,21.813945004973466
36.980000000000004,-11.090844665718992,-16.35540192301639,22.968052825718306
36.99,-11.609259721649067,-16.68971594063985,24.21740507827031
37.0,-12.103820553223702,-16.88580110228654,25.55325153593261
37.01,-12.562623475407483,-16.927263426158696,26.947356761599124
37.02,-12.97340772710897,-16.800366138143055,28.367813183995953
37.03,-13.3219074715949,-16.48309994956172,29.785346915853765
37.04,-13.596891653524349,-15.974294215303594,31.16376796372375
37.050000000000004,-13.790000508328246,-15.288270064799601,32.46183078187099
37.06,-13.890917459291526,-14.435271062565262,33.63851759878853
37.07,-13.891402726293911,-13.43181643799231,34.662333787260906
37.08,-13.792662838488654,-12.315966233107709,35.50999244428209
37.09,-13.59204033940154,-11.121722913145994,36.155795605433795
37.1,-13.293083557832249,-9.88469622923495,36.592689128718625
37.11,-12.9073326575714,-8.646859489863198,36.82635334169285
37.12,-12.441513808353037,-7.444492879281718,36.85942284069615
37.13,-11.908351664183643,-6.304072281810882,36.711435106843375
37.14,-11.323017891544843,-5.251364742536223,36.40606535804187
37.15,-10.697840732331786,-4.303711926828438,35.96384794490937
37.160000000000004,-10.047423744237934,-3.467018215847748,35.41270173227604
37.17,-9.386052147542609,-2.7473440897857135,34.778052230091056
37.18,-8.724745502790073,-2.1422757441722053,34.07982320883002
37.19,-8.073460451339926,-1.6438770168157157,33.33874073354922
37.2,-7.44190009161476,-1.2451149625416806,32.571689988704975
37.21,-6.836687475549289,-0.9357458875894742,31.790824603085607
37.22,-6.2635225454734895,-0.7048190958592317,31.00709064610507
37.230000000000004,-5.726185623612495,-0.5415658616670076,30.227738193885994
37.24,-5.227309101464318,-0.43560429982582877,29.45847542833552
37.25,-4.7681563474812,-0.37732588938297557,28.703257770353133
37.26,-4.349131553730002,-0.35834416680525777,27.96439482413455
37.27,-3.9697440179991315,-0.3710640286569819,27.24345418015261
37.28,-3.628910727650137,-0.40902228876255164,26.541052657860455
37.29,-3.32520425321278,-0.4671242951114987,25.857561454082223
37.300000000000004,-3.0565583645979344,-0.5409580708921536,25.19299764047242
37.31,-2.821206915666077,-0.6269782080822456,24.546981363088822
37.32,-2.616793660822583,-0.7225845343296964,23.919030952936676
37.33,-2.441298508806932,-0.8255918980086527,23.308810036602235
37.34,-2.2923545418952176,-0.9346759909142289,22.715944849341014
37.35,-2.1683013778486715,-1.049027173516825,22.139985036661738
37.36,-2.0672054812277634,-1.1679947726946498,21.58050777754894
37.37,-1.9864163486932087,-1.2917282944668869,21.037238099166405
37.38,-1.925106962845612,-1.4201908152587523,20.50987604572877
37.39,-1.8825927667575904,-1.553307829982703,19.99811533907095
37.4,-1.8572887863322964,-1.6915013298912729,19.501693704336578
37.410000000000004,-1.8462148107997065,-1.8365521528048496,19.02061250345871
37.42,-1.8494178975825293,-1.989206409089513,18.55493553629624
37.43,-1.8671493954558067,-2.1501180304113463,18.104723405562932
37.44,-1.8996606531945937,-2.319940948436333,17.670036713972884
37.45,-1.9472030195739833,-2.4993290948305864,17.25093606423991
37.46,-2.0085034622533167,-2.689926747744076,16.847543772710495
37.47,-2.08231212829531,-2.89411012859871,16.460396120816398
37.480000000000004,-2.169194734485664,-3.113482110752406,16.090181487532753
37.49,-2.269718369180338,-3.349644834523262,15.737588284082301
37.5,-2.3844488281843783,-3.6042002785637197,15.403304350518612
37.51,-2.513465189745593,-3.8788064738626407,15.087988528747587
37.52,-2.6572468023131615,-4.175595394487587,14.79315109235966
37.53,-2.816811757251594,-4.496862197762479,14.520692835847191
37.54,-2.9931781459256985,-4.844902041011862,14.27251455370191
37.550000000000004,-3.1873632449422864,-5.222005300160006,14.050508831499274
37.56,-3.400405724098303,-5.630109908972827,13.856468913635917
37.57,-3.6336202748995023,-6.071283973542985,13.693987699973757
37.58,-3.8884077149856724,-6.547815662587057,13.567337843922484
37.59,-4.166168861996809,-7.061993144821997,13.48079199889174
37.6,-4.4683673176246845,-7.616110658378095,13.438559315073798
37.61,-4.796960052396716,-8.211726283153201,13.445440451014262
37.62,-5.15316426847909,-8.848764498507272,13.509157546364387
37.63,-5.537985616457214,-9.526962001359871,13.637879514077415
37.64,-5.9524297469156675,-10.246055488629105,13.839775267106294
37.65,-6.397823969597433,-11.005732372621425,14.123313695574938
37.660000000000004,-6.8758690410110015,-11.80201769886821,14.499133886995176
37.67,-7.38551067352866,-12.626189622167932,14.977917846031843
37.68,-7.925383082773004,-13.469256872678482,15.57021735590021
37.69,-8.494601519572644,-14.322000029667885,16.287599952431453
37.7,-9.0918478344486,-15.168788023306462,17.142503048913778
37.71,-9.711169170357147,-15.987377058589594,18.13995424077345
37.72,-10.346282357090898,-16.755167371389078,19.284513808041766
37.730000000000004,-10.991561351306562,-17.44473218539361,20.58411395066307
37.74,-11.635926287707733,-18.02387537864713,22.029323392247928
37.75,-12.26648834462467,-18.460489903317104,23.604675123690427
37.76,-12.87028145058189,-18.715105673502062,25.298875015398824
37.77,-13.430945556572942,-18.759757312274676,27.07568952479459
37.78,-13.931026298667957,-18.572907899513943,28.889312953503346
37.79,-14.35091553556078,-18.12320541085023,30.696722633295224
37.800000000000004,-14.675210634070247,-17.412985522491752,32.44244960592819
37.81,-14.890847249459375,-16.460612619623614,34.06532421501684
37.82,-14.981055242624338,-15.27706296391002,35.507709133721214
37.83,-14.941022484851073,-13.90571069663341,36.72887856238115
37.84,-14.768534466944315,-12.399974738417132,37.68981338302399
37.85,-14.46162066197845,-10.809558525129848,38.365777244444715
37.86,-14.034018594826968,-9.197796088951174,38.76130429914762
37.87,-13.494882871728496,-7.621891938392457,38.878987073581015
37.88,-12.860755343451002,-6.1248715689017175,38.745605590328324
37.89,-12.151515883607722,-4.747806121708004,38.39466285379157
37.9,-11.385044400825905,-3.5148020504978783,37.86027038719747
37.910000000000004,-10.582584169936553,-2.438295105833697,37.18497356165487
37.92,-9.762572697015472,-1.5255929402899633,36.40377136983836
37.93,-8.94086520444178,-0.7684026052934091,35.54980335790037
37.94,-8.132604810828724,-0.1571813107996064,34.652652325375044
37.95,-7.349684662466213,0.3216714346146932,33.734015004296865
37.96,-6.601357371610404,0.6846525865496728,32.81130186181549
37.97,-5.894582416417961,0.9487578031506048,31.89724354661876
37.980000000000004,-5.234112105457078,1.1304873507358681,31.000675742883633
37.99,-4.622460952852606,1.245084880482843,30.127127211981403
38.0,-4.060875588856709,1.3063462048020449,29.279742789296144
38.01,-3.5489013498505635,1.326542108542911,28.45981754372204
38.02,-3.085264894130145,1.3155611824587248,27.667661210460537
38.03,-2.667826255350572,1.2822871840810248,26.902745377228253
38.04,-2.2940226735082105,1.2334956805597503,26.164041129360317
38.050000000000004,-1.9609099495555735,1.175040814513094,25.45023723709399
38.06,-1.6652473149398468,1.11123080241485,24.76008145236322
38.07,-1.404053911552345,1.0457939083525893,24.092222701256002
38.08,-1.173579996108813,0.9811299959619942,23.445325123456886
38.09,-0.971276235334754,0.919430428612876,22.81834312767131
38.1,-0.7938278454759319,0.8621968314392637,22.210130055165934
38.11,-0.6381680847466273,0.8101281296564968,21.619737058160613
38.12,-0.502290401435528,0.7642711283318049,21.046444476603632
38.13,-0.3832081702286126,0.7247512244990082,20.489323914205414
38.14,-0.27875144589434697,0.6916262196463793,19.94773829714027
38.15,-0.18750891059023184,0.66538077898485,19.42125306319779
38.160000000000004,-0.10715883160989956,0.645855702006028,18.909218741468763
38.17,-0.03603224189781276,0.6328585730265184,18.411140477840213
38.18,0.02727999872114239,0.6261981206660151,17.926622779499095
38.19,0.08424461288361192,0.6257440656097368,17.455261185959852
38.2,0.1360492536326592,0.6313829778449934,16.996643313346823
38.21,0.183720537823466,0.642973645686783,16.550325591380552
38.22,0.2282570855385725,0.6604441668991442,16.116022846409418
38.230000000000004,0.27054568186338324,0.6839002612618863,15.69363244946144
38.24,0.31137591764786754,0.7132284785170754,15.28275281566178
38.25,0.35137882230059997,0.7486646521552489,14.883002845460846
38.26,0.39126012678862343,0.7903582771487916,14.49409905241614
38.27,0.4316977721449704,0.838398807241838,14.115908175560497
38.28,0.47313151055104025,0.8932320742798936,13.748267218414515
38.29,0.5160811304259251,0.9552242206659814,13.3909891483053
38.300000000000004,0.5613365029533144,1.0246046769316925,13.043835852336152
38.31,0.6093529481235636,1.1021328206515124,12.70668617730761
38.32,0.6605432574252428,1.188621371065194,12.379431749895307
38.33,0.715391902130189,1.2847105075031064,12.06196533285311
38.34,0.7746327735310736,1.3908572807497404,11.754274874038494
38.35,0.8388959459062745,1.5082267970982872,11.45644685278114
38.36,0.9087986373506474,1.6380306722447262,11.168570947599346
38.37,0.9849854715968814,1.7813688003616819,10.890692615020171
38.38,1.0682744040247611,1.939274921097001,10.622884995580671
38.39,1.159502054456032,2.1135095289344026,10.365576425293824
38.4,1.2594993228219065,2.3058937791144816,10.119222392134079
38.410000000000004,1.3691279755234935,2.5180456448113646,9.884214009599937
38.42,1.4895009674106174,2.751477069186242,9.661093316353764
38.43,1.621836131154447,3.0088197363705667,9.450972959398284
38.44,1.7673500649700942,3.292785324503364,9.25499949996311
38.45,1.927282022536993,3.6057589815222855,9.07421004439945
38.46,2.103207421342366,3.950041819275736,8.910150750436916
38.47,2.2969429175154623,4.329274221331001,8.765360152997863
38.480000000000004,2.5103097450216714,4.7471616913742665,8.642413408528766
38.49,2.745019632422056,5.206770828664872,8.543646069861342
38.5,3.0030853716581527,5.711132412172539,8.47283711742118
38.51,3.286985326364267,6.264666835382878,8.435365067198973
38.52,3.5992033785596007,6.871815029109674,8.436624286100288
38.53,3.942198421749168,7.535983165396269,8.481718358595284
38.54,4.318608403825988,8.259931472826324,8.579215686485908
38.550000000000004,4.7311727719270795,9.046975629008626,8.73949082198443
38.56,5.182654516434199,9.900427096943837,8.972880248417875
38.57,5.675961609042288,10.821690219814338,9.290802172326025
38.58,6.213046797266689,11.80784184074142,9.709366743866923
38.59,6.795596411058136,12.855383915687828,10.245550491357656
38.6,7.425738307330085,13.960711300572852,10.917198027114543
38.61,8.10427430538109,15.11177703836394,11.745115517783738
38.62,8.828517298803678,16.288179573341235,12.749096203017157
38.63,9.595956780164892,17.469285483455966,13.94976520175995
38.64,10.403943156663058,18.62602573489799,15.371197421788011
38.65,11.241429848275843,19.71279988490048,17.020526721538133
38.660000000000004,12.09600854866218,20.68206211483604,18.90190857855358
38.67,12.954723034633627,21.47693327682262,21.020987728034246
38.68,13.795827776256548,22.035516228490724,23.348510907918364
38.69,14.595255084493074,22.29228418425423,25.84877080453431
38.7,15.325821203310053,22.18467992877596,28.467971896564283
38.71,15.957404124326981,21.67971533118149,31.114486415003487
38.72,16.456437292478967,20.7336076330714,33.69743092238929
38.730000000000004,16.797761691545524,19.366181988786597,36.11187821417481
38.74,16.958475504623006,17.62021147985395,38.2467889352425
38.75,16.919014317702718,15.55154102345445,40.0138496542121
38.76,16.677497215878265,13.266059236358318,41.35037824507789
38.77,16.231731635057784,10.864572787709985,42.21484388620901
38.78,15.602529755623054,8.464181434252938,42.620055292191786
38.79,14.807819542254354,6.164942144533241,42.58953606636767
38.800000000000004,13.88012811533483,4.045406223747619,42.188309209765485
38.81,12.849892014199575,2.164117745088037,41.48277373844639
38.82,11.752475962462798,0.5471705951851757,40.553356823970994
38.83,10.619087475444264,-0.7958282349501853,39.470283160926876
38.84,9.479011415351305,-1.8764752138661427,38.298201879594295
38.85,8.356123292237616,-2.718012670190267,37.08720330356556
38.86,7.270735268359555,-3.350223439085182,35.877205269232746
38.87,6.237043383937721,-3.8067114053168725,34.694491129282255
38.88,5.265692355109367,-4.119385541397236,33.55684090105853
38.89,4.3624167518455454,-4.318905444749012,32.473633107294006
38.9,3.530561947664453,-4.431626759675668,31.448922629258973
38.910000000000004,2.770085825548637,-4.4809902670615545,30.483056384181783
38.92,2.0795639800008336,-4.4857288017542825,29.573856097314543
38.93,1.4557540479713476,-4.461630020738257,28.717740564716383
38.94,0.8941732954213516,-4.421427660134708,27.910460978850516
38.95,0.3902281762282702,-4.374501738035868,27.148195908747617
38.96,-0.061181527829399784,-4.329294654835311,26.426884747970277
38.97,-0.46563576302457527,-4.291440418273134,25.742790918140933
38.980000000000004,-0.8285590782708587,-4.265600413781716,25.092772105720567
38.99,-1.1551647569054437,-4.255181182331164,24.47424081029835
39.0,-1.4508808191012519,-4.262567357568634,23.884879256812468
39.01,-1.719987298326303,-4.289607972428854,23.323249768971564
39.02,-1.9671362249233684,-4.337736510390696,22.787946168501957
39.03,-2.1971260640584083,-4.407539628402216,22.277877809422698
39.04,-2.412636053475908,-4.500203359906176,21.79280038014353
39.050000000000004,-2.6174530260291156,-4.616314175821153,21.33224787361189
39.06,-2.8160785543949767,-4.755691296227755,20.89600150678684
39.07,-3.0102719362266934,-4.919302130569378,20.484737238404186
39.08,-3.2017132597703237,-5.108151792162877,20.09915221165398
39.09,-3.3943223853442706,-5.321919926427184,19.739442460533592
39.1,-3.5915333248704817,-5.5603510947401045,19.40660245888535
39.11,-3.794309322944468,-5.82454100644939,19.102523468588938
39.12,-4.003613624161603,-6.11558537090265,18.829096751524308
39.13,-4.220561747902435,-6.4345102207958185,18.588162967359875
39.14,-4.44958676464338,-6.780516092321735,18.38084976774224
39.15,-4.6925860433815005,-7.1531850502282985,18.210113762968962
39.160000000000004,-4.949842262759182,-7.552721852489372,18.07959524249237
39.17,-5.221638101418256,-7.979331257077951,17.99293449576507
39.18,-5.5082562380010955,-8.43321802196788,17.953771812239363
39.19,-5.810370713626912,-8.914483258506536,17.965808521530676
39.2,-6.131656015595425,-9.42102255855257,18.03362725423743
39.21,-6.472258993406825,-9.94897643826583,18.16204828577115
39.22,-6.83131336293791,-10.494484425165876,18.355812767723478
39.230000000000004,-7.207952840065529,-11.053686046772313,18.619661851686253
39.24,-7.601757340980663,-11.62262282151985,18.958835941540183
39.25,-8.013577446798536,-12.194398873163367,19.38001248238625
39.26,-8.440499916856611,-12.758798467704299,19.88568145219279
39.27,-8.879050799832891,-13.305431368431353,20.477707164315056
39.28,-9.326083522950702,-13.823620328232176,21.158859243142405
39.29,-9.779361041147535,-14.299182663590155,21.934280689437852
39.300000000000004,-10.23233893013632,-14.716973306532186,22.796955086098926
39.31,-10.677731591325237,-15.062082719811885,23.737794734726506
39.32,-11.108341816032425,-15.318864462096474,24.748472016866764
39.33,-11.517251728164991,-15.467003681873715,25.822962029458676
39.34,-11.895798208586628,-15.496149451862115,26.94003755260575
39.35,-12.23496440545284,-15.398420657439567,28.075409215097743
39.36,-12.5246833000438,-15.161791943252314,29.206049778773504
39.37,-12.755100959778172,-14.77763308368532,30.308953234676494
39.38,-12.921024657475407,-14.258258840543872,31.355788480687174
39.39,-13.017454295094936,-13.616844844541435,32.317975115407904
39.4,-13.036290244423212,-12.860947602532603,33.16823509728246
39.410000000000004,-12.975687925177295,-12.010095890294863,33.88995072540498
39.42,-12.838560797288922,-11.09273622445685,34.47001807957663
39.43,-12.623758139234521,-10.13307642419522,34.892760055338734
39.44,-12.336002414425943,-9.15578949182408,35.15757370275132
39.45,-11.985042007691638,-8.188523247649794,35.27161521023017
39.46,-11.577155958142043,-7.2563405341743605,35.23829189300874
39.47,-11.121175899464026,-6.375679144900199,35.07033148513963
39.480000000000004,-10.62901219046102,-5.561292795363696,34.78625893597659
39.49,-10.110436082000836,-4.827091132901658,34.4002346119046
39.5,-9.575026926341586,-4.176600941161776,33.92923619434175
39.51,-9.03296145926226,-3.610853173412937,33.392263726043275
39.52,-8.493778845834205,-3.131395283192964,32.80455422270644
39.53,-7.964233577665343,-2.733765443017905,32.17827504249074
39.54,-7.450456872065045,-2.4113627894934924,31.526177979789285
39.550000000000004,-6.958645587272348,-2.158603445342454,30.858944103020768
39.56,-6.492606046962625,-1.9687102922724546,30.183504602284913
39.57,-6.055246184863981,-1.8339032938170452,29.506571354737446
39.58,-5.64932145926304,-1.7475628167285122,28.83341062347766
39.59,-5.275709215729516,-1.703133863612067,28.167417221091355
39.6,-4.935044581061318,-1.6942511449936077,27.51170288324609
39.61,-4.627444363489997,-1.7159320162454854,26.868143389551594
39.62,-4.35250876538542,-1.7634732143894796,26.238043602913894
39.63,-4.10931824430456,-1.8329439675063304,25.622608941459138
39.64,-3.896717993051774,-1.9214380639817312,25.022448149420526
39.65,-3.7135724884669212,-2.0261391296382425,24.4380389229307
39.660000000000004,-3.558130195760153,-2.145192167363894,23.86980089019233
39.67,-3.4293084781805168,-2.2773107686802563,23.31794356834445
39.68,-3.326221855364731,-2.421175908471548,22.782648460555865
39.69,-3.2469448489302186,-2.5761892626673686,22.264175901922734
39.7,-3.1896131900471807,-2.7427560018741195,21.762872179507724
39.71,-3.153895469289614,-2.920845937566415,21.279021687293927
39.72,-3.1394654835371845,-3.1104264083308792,20.812908522932474
39.730000000000004,-3.1458825885772375,-3.3115296879192546,20.36482079761914
39.74,-3.1705854674815255,-3.525737907763261,19.935303526565384
39.75,-3.2129408114246174,-3.7543907789054884,19.52528260874395
39.76,-3.2733605440512212,-3.998357068519146,19.135711611522815
39.77,-3.3522565890061085,-4.258505543777634,18.767544102269706
39.78,-3.4500408699338747,-4.535704971853794,18.421733648353133
39.79,-3.567059600977782,-4.8308800515690145,18.099228235134326
39.800000000000004,-3.7021255912684783,-5.146407541797163,17.801263581514693
39.81,-3.855155207477913,-5.4841018031363005,17.530242225384693
39.82,-4.02681459313558,-5.84519618729352,17.28879322683957
39.83,-4.217769891770883,-6.230924045975697,17.079545645974775
39.84,-4.428687246913384,-6.642518730890007,16.905128542885667
39.85,-4.660254592111484,-7.08125408872077,16.76816525254768
39.86,-4.913684537045177,-7.549087700509222,16.671754190556523
39.87,-5.189503251454838,-8.045919948000128,16.620818333290753
39.88,-5.487867134115354,-8.570838720665355,16.62064143493519
39.89,-5.808932583800972,-9.12293190797565,16.676507249674643
39.9,-6.152855999286567,-9.70128739940286,16.793699531693893
39.910000000000004,-6.51981742144284,-10.30499576680338,16.977528917896652
39.92,-6.9112098889311575,-10.931874806308679,17.23529014056237
39.93,-7.3263641023810715,-11.575135601815411,17.57380809551541
39.94,-7.76330126816316,-12.227007954075154,17.998775789126693
39.95,-8.220042592648332,-12.879721663839943,18.515886227767528
39.96,-8.695558919305014,-13.524686523654768,19.13288551627895
39.97,-9.18706265196121,-14.147952916075834,19.85461301248576
39.980000000000004,-9.688880816391519,-14.733460560633764,20.68026879138194
39.99,-10.195411241744019,-15.264990814302728,21.60938264492935
40.0,-10.701969466980692,-15.722212240302575,22.645646231229176
40.01,-11.199770679258268,-16.085297782698273,23.77712786844082
40.02,-11.678701047527017,-16.335717222207847,24.986643519075884
40.03,-12.128586834480956,-16.45262450575672,26.25872030917515
40.04,-12.538827810575166,-16.413609663567026,27.576233465721156
40.050000000000004,-12.898751539052016,-16.2130699945355,28.905952331782224
40.06,-13.197529637131085,-15.846436987683123,30.213354387663255
40.07,-13.420901386893503,-15.300477123119029,31.465722216739852
40.08,-13.5620424638462,-14.589449008489373,32.6308130582194
40.09,-13.61740803901171,-13.738383063761766,33.67591322877989
40.1,-13.581351601646087,-12.76885560254348,34.56835471732403
40.11,-13.449481912007704,-11.703127278764573,35.28763475995072
40.12,-13.227585670931035,-10.578808004432227,35.8252171399081
40.13,-12.917980662130844,-9.430746777934251,36.16983760303145
40.14,-12.527629011931408,-8.289416311747438,36.32569510667365
40.15,-12.069540680934344,-7.186605841110561,36.30745458346881
40.160000000000004,-11.552832680541464,-6.14975902999757,36.12582335937584
40.17,-10.99038882922203,-5.19466015158755,35.80260542685874
40.18,-10.396480831858181,-4.335927009388414,35.361988418710936
40.19,-9.782647424673636,-3.5828749456613496,34.82335853651896
40.2,-9.160244278808587,-2.9339614515034187,34.20894127615889
40.21,-8.540710350620682,-2.387434369416552,33.54037091391781
40.22,-7.933332484213031,-1.9393563858687384,32.83295049303632
40.230000000000004,-7.34501669348417,-1.5805877449141363,32.100802277405144
40.24,-6.782719452522563,-1.3027234484718415,31.356306530234374
40.25,-6.250910915766297,-1.0964155079219287,30.60791158498712
40.26,-5.75320343527828,-0.9519554863655229,29.8629719440433
40.27,-5.291596131662861,-0.8603738050209833,29.126279234390243
40.28,-4.867311354199126,-0.8130151866471005,28.401624227066517
40.29,-4.480764979761177,-0.8026466303134188,27.691276653178633
40.300000000000004,-4.1315587959462,-0.822584032552917,26.997060831082308
40.31,-3.8186370063284727,-0.8673530862770018,26.319733812084124
40.32,-3.540717617927829,-0.9322020905387258,25.659780009334842
40.33,-3.296230677045406,-1.0134172338906986,25.017356140554753
40.34,-3.083397046773393,-1.1077938370629095,24.392305307427623
40.35,-2.900192523576614,-1.213246694771494,23.78464870626437
40.36,-2.745064004569244,-1.3278169396928832,23.194128433686508
40.37,-2.61556929590732,-1.4503567301891276,22.62047258242247
40.38,-2.510139688673479,-1.5803759331779745,22.06348979712584
40.39,-2.427788019906998,-1.7172860315076437,21.523014416881967
40.4,-2.366490927774225,-1.8610197661534629,20.99889607200682
40.410000000000004,-2.3237557695489905,-2.0124739368487146,20.491110599154926
40.42,-2.2993702616467306,-2.1719753333251623,19.99969474515144
40.43,-2.293173144492024,-2.3398317938512183,19.524685604289715
40.44,-2.3050031585094843,-2.5163511566951913,19.066120270863458
40.45,-2.3334834661885084,-2.702600287658384,18.624083667114576
40.46,-2.376630993886863,-2.9007582793087923,18.19901151127207
40.47,-2.4348251796094913,-3.112084219507768,17.791493968884797
40.480000000000004,-2.508489119639694,-3.337815159507155,17.402121815805828
40.49,-2.598045910260611,-3.5791881505583105,17.031485827889046
40.5,-2.70361752971397,-3.8375730864571826,16.680170699786643
40.51,-2.8243139223223133,-4.115132986798238,16.34920667488669
40.52,-2.960777407205826,-4.413844582539221,16.040313276491133
40.53,-3.1138663583271775,-4.735618486473916,15.755253639957836
40.54,-3.2844391496493186,-5.082365311396736,15.495790900643994
40.550000000000004,-3.473344174412529,-5.4559976907716345,15.263667370803685
40.56,-3.6812926335361835,-5.858438057507524,15.060830788845175
40.57,-3.909277097918849,-6.291507782970188,14.891021973260688
40.58,-4.15839676516467,-6.757000340477925,14.758376801620647
40.59,-4.4297508328779935,-7.256709203349397,14.667031151495431
40.6,-4.7244514939691244,-7.792435033474115,14.621114887586616
40.61,-5.044489474022843,-8.365853930610449,14.625014481198953
40.62,-5.390996444424734,-8.976245333257497,14.685600767719139
40.63,-5.764352492581275,-9.622100730547583,14.810496578397602
40.64,-6.16493770589814,-10.30191161161164,15.007324744484489
40.65,-6.593132171781787,-11.014169465581972,15.28370809723018
40.660000000000004,-7.050282957136287,-11.756638156929549,15.64867104530596
40.67,-7.536485313017942,-12.521083661492186,16.11216153325101
40.68,-8.049364123207093,-13.296601675211502,16.68233374283558
40.69,-8.58652909105415,-14.072281651516581,17.367326822213887
40.7,-9.146661460437768,-14.835778209872727,18.178023097532833
40.71,-9.72536879085067,-15.567167831353636,19.119955319760468
40.72,-10.315354945628574,-16.24410962249949,20.192581050743634
40.730000000000004,-10.909798127342217,-16.84304965693687,21.397581227579153
40.74,-11.500923443501408,-17.334917199670148,22.734371982896068
40.75,-12.075974153831282,-17.693044451647257,24.181897769583955
40.76,-12.621799282320298,-17.890799923741486,25.71778251381925
40.77,-13.124588271477457,-17.894365829630612,27.32287262498056
40.78,-13.569870156184733,-17.6890952362631,28.957113817957318
40.79,-13.943152410511265,-17.267853096276408,30.573579602196368
40.800000000000004,-14.226220869178844,-16.613028357654134,32.126987418524045
40.81,-14.408240026713228,-15.739488229780335,33.57188629097794
40.82,-14.483227174953063,-14.680139918445139,34.8618379316743
40.83,-14.441534486214385,-13.461383720710458,35.951631188772886
40.84,-14.280464515864615,-12.120597441527421,36.816398673269894
40.85,-14.005848387779626,-10.71059149005878,37.440613589133726
40.86,-13.61940371565945,-9.27659428378748,37.81189676658298
40.87,-13.135301565498136,-7.864564942234756,37.94536786449708
40.88,-12.566870945109333,-6.519096577438111,37.856089688090805
40.89,-11.92829483256117,-5.269421845094332,37.56806870985383
40.9,-11.238597910266407,-4.139300563997344,37.11547454958916
40.910000000000004,-10.513575095590564,-3.145345843927955,36.52684454470621
40.92,-9.769405195165099,-2.2886305694325144,35.83493851187705
40.93,-9.021985203884624,-1.569251456440215,35.07012793717593
40.94,-8.283612878065796,-0.9802441418394878,34.25506552500603
40.95,-7.565177780893946,-0.5102698769862145,33.411423531981576
40.96,-6.875502798670453,-0.14699230110400024,32.55518965505593
40.97,-6.2214958749159965,0.12356414318140581,31.698955635100692
40.980000000000004,-5.607878369796262,0.31528973417362216,30.851745627438707
40.99,-5.037632272135568,0.4413500112383578,30.019888101322163
41.0,-4.5123704804450595,0.5137396940348873,29.207320662828465
41.01,-4.032365417709145,0.5433441392554614,28.416442419090945
41.02,-3.5969509303650256,0.5393911244139612,27.648263556068862
41.03,-3.2045843252632564,0.5097051426090468,26.90303477302501
41.04,-2.8533310402515415,0.46080386721456085,26.180537797490278
41.050000000000004,-2.5408936662209234,0.3981736797927351,25.480095203030086
41.06,-2.264492715502616,0.32604426941910064,24.80093136637854
41.07,-2.0216241825178667,0.2477701531214122,24.14218169577612
41.08,-1.809394386626779,0.16585844890961213,23.502887611944754
41.09,-1.6253388624508625,0.08216330821731149,22.882359025401986
41.1,-1.466740979351934,-0.00191546352739011,22.279632083965293
41.11,-1.331328955087024,-0.08548209837217788,21.693925837153138
41.12,-1.2165578515752582,-0.16816196978393505,21.124621856939722
41.13,-1.1205903963988335,-0.24959972115431864,20.571192229986238
41.14,-1.0411525960576242,-0.330031774468154,20.03291816818519
41.15,-0.9769159977309512,-0.4095212370266502,19.509412835705444
41.160000000000004,-0.926453170940769,-0.4882599562277618,19.00030350730227
41.17,-0.8876885853121207,-0.5672605458847063,18.50505367963572
41.18,-0.859994402304652,-0.6468747201637823,18.023316009311223
41.19,-0.8429031921017534,-0.7273553625119765,17.554767970193375
41.2,-0.8355390655448285,-0.8092636832043947,17.09910686290713
41.21,-0.8362099923951105,-0.8940969062347138,16.656123157451255
41.22,-0.8448233990335087,-0.9825230940558403,16.225592988656047
41.230000000000004,-0.8614267871234023,-1.0751199644169294,15.807288268330066
41.24,-0.8860676583281321,-1.172465235066938,15.400980908282762
41.25,-0.9180754422988489,-1.275572840239251,15.00651891194391
41.26,-0.9568732992205305,-1.3858415509115687,14.623881971541174
41.27,-1.0028245884752924,-1.5043446037806487,14.253028888705618
41.28,-1.056293772066824,-1.6321547186166376,13.893918397242697
41.29,-1.1175480126032111,-1.7703350029645697,13.54649878328375
41.300000000000004,-1.1864919670735363,-1.9200976530115885,13.210818417708493
41.31,-1.2637112773959447,-2.0830099216424713,12.887215149403561
41.32,-1.349902984314909,-2.260670643150265,12.576054258253476
41.33,-1.445761000046725,-2.4546750572226435,12.277697926395135
41.34,-1.5517297431101935,-2.666398044166629,11.992323536136036
41.35,-1.6686301017242062,-2.897862877822448,11.7206838451987
41.36,-1.7975620555610725,-3.1514569265187085,11.463848720288242
41.37,-1.9396255842930312,-3.429567558583874,11.222888028109981
41.38,-2.095828696956784,-3.734154104878329,10.998678381294782
41.39,-2.2674409190378904,-4.067485955922045,10.792803133862824
41.4,-2.456059978469722,-4.432767677480703,10.607637946619345
41.410000000000004,-2.6632854186513306,-4.8332099648511,10.445562697237403
41.42,-2.890647714186304,-5.27155188655858,10.308738319359325
41.43,-3.1399110053887087,-5.750402507792008,10.200590950507134
41.44,-3.4131981004403293,-6.27346031918783,10.12609697280881
41.45,-3.7126374453377697,-6.844446898176352,10.090255324004758
41.46,-4.040383669930046,-7.466679516840185,10.097854063321748
41.47,-4.39869512169287,-8.142130898852896,10.155800288252896
41.480000000000004,-4.789835687259733,-8.872918958131935,10.273609183610944
41.49,-5.216068104127459,-9.661183683142305,10.46085498135945
41.5,-5.679906359557661,-10.50898827081745,10.727277434906933
41.51,-6.183523732140907,-11.414441444230215,11.085718934374714
41.52,-6.727670558123948,-12.37200687191002,11.551429043346774
41.53,-7.313037742412936,-13.376057305197882,12.139707593524362
41.54,-7.941134650136852,-14.420672009564377,12.867631139438643
41.550000000000004,-8.61121562528553,-15.489621202206822,13.753370835879116
41.56,-9.318640538791092,-16.559241310318356,14.811401133199311
41.57,-10.05881320622368,-17.605702803285343,16.05646042333207
41.58,-10.8272589833944,-18.597882092783205,17.506013177908386
41.59,-11.612180923875284,-19.492280722651977,19.159953296752143
41.6,-12.400091987443032,-20.24331450415514,21.014313728829684
41.61,-13.176716482237794,-20.79634953777198,23.06498336796014
41.62,-13.919982711517697,-21.102499067810307,25.270304331905194
41.63,-14.606333649206723,-21.111668719642314,27.583987968170327
41.64,-15.210824745082233,-20.77361357972572,29.95310279406757
41.65,-15.70894328936138,-20.07824005607773,32.29193179190429
41.660000000000004,-16.07264162213595,-19.008837650057874,34.5122563272562
41.67,-16.280474296398395,-17.585448236405977,36.53101679317793
41.68,-16.322295357039525,-15.8743468950713,38.26710052197015
41.69,-16.182997108927708,-13.931889286729339,39.64812935603986
41.7,-15.866432798630388,-11.846277581898955,40.643556403815225
41.71,-15.377096893975637,-9.710250464774948,41.23004007214858
41.72,-14.733022063130253,-7.60920741747626,41.427948460030784
41.730000000000004,-13.9563937949788,-5.625387363881577,41.270298449583564
41.74,-13.072894329679658,-3.8124230854600185,40.809419046130955
41.75,-12.112181012941978,-2.2135031669570706,40.107194065431194
41.76,-11.101525039431392,-0.8439572852207498,39.22341320487096
41.77,-10.068653937710659,0.29443523762664003,38.21874558395506
41.78,-9.036516665969035,1.2122484362806638,37.14095042337617
41.79,-8.025228475255334,1.9293376816676475,36.030634102503946
41.800000000000004,-7.050827506091249,2.4708686254285883,34.91861673742382
41.81,-6.12485837867186,2.8641576676989833,33.82611602376967
41.82,-5.25584599246467,3.1356503785886507,32.76759007036398
41.83,-4.448319204572522,3.310289586264636,31.751121084957205
41.84,-3.704836433588625,3.4100360674927854,30.780603535702866
41.85,-3.0253569697408205,3.454038508742819,29.856866780805575
41.86,-2.4083417426998777,3.4581949125631977,28.978732791858686
41.87,-1.850881577260303,3.4359132921104742,28.14385525861921
41.88,-1.3491534802691358,3.3981390860282303,27.34924546488711
41.89,-0.8992549956107059,3.352951560942399,26.592139552035903
41.9,-0.4964680942582819,3.307632035865884,25.869456899045375
41.910000000000004,-0.1359245828909813,3.2671100835219837,25.1783801549974
41.92,0.186535183810193,3.235612621793641,24.516678928277408
41.93,0.4761336161337668,3.215982298696963,23.882064080734725
41.94,0.7367464252307733,3.2107049756892367,23.272856744430793
41.95,0.973009835724295,3.2215303808068976,22.687531019090798
41.96,1.1884890937489816,3.249668076183073,22.124997516991517
41.97,1.3871246576504883,3.2960295183332966,21.58428643022619
41.980000000000004,1.572578903612347,3.361267624116895,21.06482367854948
41.99,1.7470879286243362,3.4464034026649872,20.56622482329826
42.0,1.914384613951082,3.551597791659769,20.0880293194367
42.01,2.0773913303849105,3.6772430515197487,19.630308896355828
42.02,2.2376134090154096,3.824446161947402,19.193415115115616
42.03,2.396929497352474,3.99406315997221,18.77761346451225
42.04,2.559179274139143,4.1856695937153034,18.38299864624061
42.050000000000004,2.725924699065458,4.400433686677098,18.01065004385889
42.06,2.8982497171679347,4.639849778028835,17.661793024867176
42.07,3.0772453672586484,4.905406621802684,17.33764979431422
42.08,3.2658005363774634,5.1971968967591575,17.03891548240954
42.09,3.4663199289978968,5.515762709851863,16.767464825620422
42.1,3.6797734259591395,5.862790755436688,16.52602283429237
42.11,3.9071309081008048,6.23996772787019,16.317314518770278
42.12,4.149362931670524,6.648980044892725,16.14406454300718
42.13,4.409078099610916,7.090564974626114,16.008574400722065
42.14,4.688541747795999,7.56453144991713,15.914923103474827
42.15,4.988404775208279,8.071093090497163,15.868401956906911
42.160000000000004,5.309318080830316,8.610463516097697,15.874302266659893
42.17,5.651932563643982,9.18285634644905,15.93791533837532
42.18,6.01746663027244,9.78834777339542,16.06479129786161
42.19,6.408291565367506,10.42413080477118,16.262078519728
42.2,6.82379933955418,11.084743844333547,16.53695706016653
42.21,7.263073801778733,11.764631000401042,16.896536017901642
42.22,7.725219852143969,12.458238814946952,17.34795781971548
42.230000000000004,8.210645565868008,13.158317922200832,17.90078283005869
42.24,8.716710650582892,13.851316631149555,18.560888345602322
42.25,9.238950259761866,14.522288843585407,19.331490408129866
42.26,9.773110541112962,15.15604063092524,20.21648129611511
42.27,10.315229000274536,15.73301224612667,21.221243422899793
42.28,10.85688772306769,16.231195464222118,22.337941713227917
42.29,11.388865144120123,16.628739048940695,23.556287360841576
42.300000000000004,11.902128058662841,16.898433084108248,24.870144428437175
42.31,12.385302428606245,17.01898008401953,26.257673143659755
42.32,12.825878492753548,16.97550785799428,27.6873100607906
42.33,13.210390792475073,16.748473739715063,29.1291583257182
42.34,13.525485991012726,16.323900279327145,30.55085229987547
42.35,13.76201004230215,15.713363126800418,31.910423829307337
42.36,13.910193996513053,14.927818552951342,33.16545475520799
42.37,13.9584132423952,13.976085733576166,34.27908679566902
42.38,13.90594410091346,12.892861278903158,35.22505848278202
42.39,13.751486313754095,11.714428003269804,35.97622297609156
42.4,13.493401156101115,10.47380836468431,36.515275064406055
42.410000000000004,13.142564291746314,9.213648257244436,36.845938417808846
42.42,12.707107728149571,7.974629246400223,36.96972567193662
42.43,12.196355793751168,6.786502508140274,36.89902116761225
42.44,11.626400732645072,5.676600922764898,36.65862807184566
42.45,11.009959416682337,4.66820734247165,36.26853633962396
42.46,10.361365311970026,3.7699258114055656,35.75583239602608
42.47,9.69568536357823,2.9888728778027147,35.14842855665187
42.480000000000004,9.025196057085001,2.326969033113592,34.46749078126535
42.49,8.360412457831218,1.7767155587540489,33.73467777925945
42.5,7.711753511153325,1.3309745767681491,32.96982971287784
42.51,7.087106160775877,0.9807326988978903,32.18613039150334
42.52,6.492664018347915,0.7146537355935537,31.395613489495563
42.53,5.933045150010192,0.5218916991299516,30.607056636623717
42.54,5.411377789438652,0.39140150820547076,29.826951663366273
42.550000000000004,4.9295783720204955,0.31305785347563175,29.05990842181553
42.56,4.488296866567853,0.2777292122683268,28.308770956713058
42.57,4.087357580642459,0.2772486875524499,27.57550824422612
42.58,3.725848805664826,0.30469517735944546,26.861021522951585
42.59,3.402514503842424,0.35422223719546764,26.16567115519479
42.6,3.1155514715368335,0.421082375188557,25.489569924226235
42.61,2.862844472822809,0.5012494653188769,24.83240807455508
42.62,2.6423643565426236,0.5916409581753965,24.193734505920464
42.63,2.451742346071995,0.6899572762459641,23.573167243328452
42.64,2.2890159065853184,0.7945914165401002,22.97018405426667
42.65,2.1517771060077093,0.9042365445408667,22.38424461856995
42.660000000000004,2.0378979926515197,1.0183713670084067,21.81499352628533
42.67,1.946203611882412,1.1364508370349065,21.262051291882248
42.68,1.8743610638681876,1.258509932878566,20.72505059887625
42.69,1.8202133643964222,1.3851848297712737,20.20373614804592
42.7,1.7833351908725148,1.5166528841342408,19.69790175136764
42.71,1.763306274655102,1.653089566327249,19.20734127378412
42.72,1.759240744797403,1.7949576811849224,18.73185609348208
42.730000000000004,1.7683879044186106,1.9442985494618805,18.271409451054183
42.74,1.790586443675532,2.1021974148795035,17.82612057174166
42.75,1.826102301256877,2.2695188018692667,17.396115018164075
42.76,1.8752014158513521,2.4471272348625424,16.981518352941304
42.77,1.9381255070913634,2.6359017433103875,16.58245647015412
42.78,2.013804917214635,2.837745315049653,16.19922070730475
42.79,2.1019841364494383,3.054791498703708,15.832535277622545
42.800000000000004,2.2032711214175866,3.2887889099454313,15.483194315508458
42.81,2.3182738287406712,3.5414861644471967,15.151991955364176
42.82,2.4475707450501902,3.8146119700030567,14.839696291276105
42.83,2.591502779293521,4.109844986447744,14.547142956776964
42.84,2.750986790769893,4.42949206799139,14.276277259144813
42.85,2.927105027075969,4.776000682813555,14.02926322500742
42.86,3.1209397358087467,5.1518182990944705,13.808264880991965
42.87,3.3335911533563234,5.5592770049501645,13.61532773879108
42.88,3.5663881146241834,6.00010724358217,13.452860963658745
42.89,3.8207851784813536,6.476578054808195,13.325354044531586
42.9,4.098234317677797,6.991071146690674,13.237521289437389
42.910000000000004,4.400187504963541,7.545968227292146,13.194077006404052
42.92,4.728437283848701,8.143471814557723,13.19958420870587
42.93,5.0848466023691845,8.783949958732876,13.260649475719632
42.94,5.470372108254511,9.466753045298937,13.386007177845272
42.95,5.885946943858918,10.191222656272172,13.584426565751784
42.96,6.332508715498279,10.956702112656858,13.864680262624919
42.97,6.812058880369984,11.76137305138996,14.23707913032597
42.980000000000004,7.324580511345024,12.596991558586522,14.713037145875472
42.99,7.868429082309954,13.453422637420088,15.303324437926435
43.0,8.442017228403078,14.320538423548554,16.01883492231113
43.01,9.044774266244628,15.185188810125466,16.87366615036973
43.02,9.671542440934251,16.02473759588148,17.874818039571363
43.03,10.315368279151473,16.814798618125554,19.025887223323416
43.04,10.969969052246846,17.52874615650173,20.33354976824466
43.050000000000004,11.625736033076494,18.133240254529316,21.794384452881797
43.06,12.269107488934363,18.594939099843657,23.390653384736268
43.07,12.886521595528533,18.875532974595604,25.108267357501887
43.08,13.461887830243738,18.94075547719846,26.91758113122031
43.09,13.977190017784551,18.76988575848325,28.76957330429393
43.1,14.41266651482416,18.334473728498704,30.617320619372965
43.11,14.75069554519178,17.62615231932386,32.407342844828094
43.12,14.978681321898195,16.66680981721131,34.076856460807704
43.13,15.080554977634991,15.471691851242289,35.56424801440766
43.14,15.047911315409358,14.077561942886675,36.82513755674905
43.15,14.880649323743315,12.542696835221886,37.822291002033246
43.160000000000004,14.575241144017443,10.918655573536078,38.52581744953686
43.17,14.144804515960983,9.269138857040431,38.940216865419075
43.18,13.600396954108774,7.655227783067986,39.070212081209995
43.19,12.957364865708481,6.121735418618002,38.940228196873676
43.2,12.236958062508132,4.710343025742946,38.58661071799518
43.21,11.457435739078118,3.447842413226518,38.04418375401731
43.22,10.640341703431476,2.346092838695416,37.3570558079653
43.230000000000004,9.804981688161863,1.412794845505412,36.5620718723829
43.24,8.967747800264439,0.639776705074155,35.69331436514914
43.25,8.144112794575685,0.016944337092477557,34.78115051360046
43.26,7.346214268447689,-0.4702442567878268,33.84799748538947
43.27,6.583759462785804,-0.8387017099275716,32.9119245995338
43.28,5.863852690207942,-1.1060630883928655,31.985844697359994
43.29,5.191257693897139,-1.2895318066451875,31.078700383342397
43.300000000000004,4.568620862486184,-1.4049098922585894,30.19591656904906
43.31,3.9969284833427277,-1.4664431837797287,29.34058929394057
43.32,3.4757330458385702,-1.4865562875579097,28.514119729559226
43.33,3.003789573873436,-1.4756435125979104,27.716421116309448
43.34,2.5788630722866173,-1.4427229391202216,26.94682002974982
43.35,2.198240004077051,-1.3946848502567988,26.2042724031984
43.36,1.858926379200289,-1.3375791281368228,25.487400369590233
43.37,1.5573992046829765,-1.2758009321140849,24.79460879212332
43.38,1.2906639235066855,-1.2131016046790741,24.124710098754218
43.39,1.0547361928563834,-1.152164936002996,23.47619891111328
43.4,0.8469857349218505,-1.0949201350922086,22.84786216988756
43.410000000000004,0.6644905095142083,-1.0430386541139398,22.238566290151365
43.42,0.5034892360878136,-0.9972809832227912,21.647368780125042
43.43,0.36198398018173294,-0.9586125777987787,21.073527327189804
43.44,0.23762445812652333,-0.9276668503312071,20.51623524708846
43.45,0.127542213944518,-0.9042388209056141,19.974697238196992
43.46,0.030112691702103185,-0.888738154059217,19.448405903049036
43.47,-0.05694671289895291,-0.8812188451801126,18.936780812955785
43.480000000000004,-0.13533399350243497,-0.8814166649246836,18.43926928411624
43.49,-0.2067074945353116,-0.8893918164739855,17.955513414190378
43.5,-0.2724684854320516,-0.9050882089107131,17.48515031118472
43.51,-0.33381874457977484,-0.9284786647572529,17.027674449676542
43.52,-0.39194635789009,-0.9595634202908343,16.582881497465618
43.53,-0.4478950540147849,-0.9985754822131729,16.150609285873454
43.54,-0.5027985824093821,-1.0454922997960236,15.730488918295826
43.550000000000004,-0.5573187157506707,-1.1007089261215954,15.322202777821152
43.56,-0.6121194499665873,-1.1646399927696829,14.925488287201683
43.57,-0.66841768791352,-1.2372791944186847,14.54025908339967
43.58,-0.7268316066019131,-1.3193018871834474,14.166424414470816
43.59,-0.7878411719105046,-1.4115203488159567,13.803875647030338
43.6,-0.852087923103069,-1.5145730409217548,13.452460672545513
43.61,-0.9207434492632165,-1.628799207963368,13.112038090648399
43.62,-0.9944652913969632,-1.7554319405708017,12.782797670945286
43.63,-1.073847465977678,-1.8957886382922113,12.464955312287701
43.64,-1.159523561390746,-2.051093130987236,12.158689413323566
43.65,-1.2525505327211373,-2.222019077573051,11.86399859122179
43.660000000000004,-1.3538942192956607,-2.4103005658399956,11.581382748556717
43.67,-1.464450209233377,-2.61792021312011,11.311448833357106
43.68,-1.5851202848222168,-2.8468203481773955,11.054793209145036
43.69,-1.717050911094491,-3.098306978853817,10.81201071345085
43.7,-1.8615922796966848,-3.3747297660475093,10.584381163220298
43.71,-2.020080102597911,-3.678876390121231,10.373359080203505
43.72,-2.193847395737931,-4.013501852489483,10.180383387622944
43.730000000000004,-2.3842908822543127,-4.3805954628861015,10.006853873049252
43.74,-2.5932430571830887,-4.783287980969708,9.855593825078016
43.75,-2.82263957383641,-5.225293657371144,9.729846568580152
43.76,-3.0744113347992936,-5.710287241984233,9.632829774121955
43.77,-3.350456224963979,-6.240803056474229,9.56783591095089
43.78,-3.653037809968099,-6.820095392704306,9.540810435973192
43.79,-3.9845344606162576,-7.452001488084274,9.558427386121314
43.800000000000004,-4.3473349397641226,-8.140325323378564,9.627314732554092
43.81,-4.744008282433152,-8.887346912893253,9.754561472913027
43.82,-5.176877563444291,-9.693770264345808,9.951491218033116
43.83,-5.648153073278518,-10.560314555383517,10.230387591531157
43.84,-6.16013241687328,-11.487747909124232,10.60357689324235
43.85,-6.715375952730414,-12.474093470632713,11.085431784069245
43.86,-7.313987749475148,-13.509850070964688,11.693200875373844
43.87,-7.955525707866023,-14.584486930591439,12.44434556745444
43.88,-8.640271816043143,-15.6873171497231,13.358026536449884
43.89,-9.366829016772998,-16.797087001201156,14.45442280962916
43.9,-10.127972672678016,-17.881613136887417,15.745566506318184
43.910000000000004,-10.916310346537426,-18.908162913789873,17.24349554064002
43.92,-11.724280562627584,-19.835476702149627,18.96223120579945
43.93,-12.536211474887939,-20.61214131387483,20.891154182966826
43.94,-13.334721114375952,-21.183827372211034,23.01593970400304
43.95,-14.099868131278264,-21.489621143770965,25.313782532371615
43.96,-14.806040096155982,-21.48468349607403,27.722810436761918
43.97,-15.425849086790246,-21.117746515930584,30.18067231997478
43.980000000000004,-15.932146072493724,-20.361410477709097,32.60857668315201
43.99,-16.300983686364237,-19.227220603804827,34.90719043623524
44.0,-16.50483725673744,-17.721437384828967,36.98192826308112
44.01,-16.53239262072883,-15.909316592122854,38.754900759257126
44.02,-16.372543373561637,-13.865007234453863,40.15098309870182
44.03,-16.025734679964085,-11.677448042629251,41.13494278980218
44.04,-15.501569005898421,-9.450391960435384,41.69195655149744
44.050000000000004,-14.81667169183889,-7.27228160755474,41.8407632703785
44.06,-13.997357652971992,-5.228022655529767,41.62478957835852
44.07,-13.069887614909177,-3.3736755007545196,41.09922832187087
44.08,-12.066497128870674,-1.7496946993486537,40.33296863892458
44.09,-11.015544929670721,-0.37059697450769447,39.38878320016531
44.1,-9.945988227893892,0.7662081299639178,38.330568640639015
44.11,-8.881157315115324,1.6738860890464886,37.20729102227252
44.12,-7.841614404138552,2.3756197703669297,36.060657768012234
44.13,-6.842920270707848,2.899332045392147,34.92035684239502
44.14,-5.897022443630428,3.2737512442076038,33.80734329651027
44.15,-5.011497212459759,3.5275234445419588,32.734864176640215
44.160000000000004,-4.190870173585088,3.685772656820853,31.709865620620842
44.17,-3.4368223684924613,3.771807393217572,30.735302410469632
44.18,-2.7490330664163185,3.8044142760432336,29.81101210961297
44.19,-2.1253365463505958,3.800305607563064,28.935203606564073
44.2,-1.5624253849358636,3.772343462371037,28.104889985768505
44.21,-1.0565669390122725,3.7313190821873476,27.316931280003278
44.22,-0.6025734039407384,3.6858001796867774,26.567599483664853
44.230000000000004,-0.19609917451251757,3.642038606096947,25.853974893574517
44.24,0.16755410147675098,3.605728576129261,25.173169494509104
44.25,0.4939406120428371,3.580397255403715,24.522431675027494
44.26,0.7871462793866842,3.5691420816419726,23.899737169479067
44.27,1.052402824345886,3.5740322914082707,23.303149524178757
44.28,1.2935285983857268,3.5968334274853757,22.731422497114945
44.29,1.5152384959089198,3.6385353099205204,22.183229915488678
44.300000000000004,1.7208410431054335,3.700091021192592,21.65797367758325
44.31,1.9133809708137821,3.782458798209227,21.15516086427515
44.32,2.097209621547642,3.8857179118396212,20.674077590918927
44.33,2.274538431829674,4.010771626735498,20.214922819074832
44.34,2.447242766617326,4.158677330783256,19.778015750033422
44.35,2.6191105988953014,4.3292734565567095,19.363254157907004
44.36,2.792866739007774,4.522911221569737,18.97127467998238
44.37,2.9696795248841212,4.740870151055906,18.603251874923828
44.38,3.15071729445385,4.9844297702489655,18.260360301395384
44.39,3.3386331994686507,5.2539026531111315,17.943348085283773
44.4,3.536794371526338,5.549132013564992,17.653489488742487
44.410000000000004,3.746085532397406,5.871574572559144,17.393288227425625
44.42,3.967358901828758,6.222708196896431,17.16526073546447
44.43,4.201466699567739,6.604010753380371,16.971923446989752
44.44,4.450436969908171,7.0164175171517575,16.81550694049419
44.45,4.717735218877542,7.45928713641245,16.699065377699398
44.46,5.003885777460044,7.93248304397104,16.62746282620765
44.47,5.309281287379466,8.43591124968609,16.605618734273268
44.480000000000004,5.634314390359654,8.969477763416245,16.6384525501507
44.49,5.979384685689115,9.53308857060064,16.730885986694496
44.5,6.346927978050943,10.125580111912146,16.888832853893064
44.51,6.737860506921563,10.741999814339756,17.118888589523404
44.52,7.150988678139803,11.376558336989858,17.427223595981552
44.53,7.585118897543604,12.023466338967483,17.82000827566286
44.54,8.039532837734939,12.676766385952481,18.304174508199168
44.550000000000004,8.513932653503394,13.326500186749632,18.887725775575714
44.56,9.004155152358722,13.958736620664503,19.573024042324423
44.57,9.505634615279837,14.559380289058556,20.361818015299214
44.58,10.014662360984133,15.112865696379197,21.258782512543043
44.59,10.526006316141517,15.599160583705233,22.26419191164532
44.6,11.030515219663691,15.99886800334139,23.36562813299893
44.61,11.518942498836237,16.292654382839736,24.55036061352101
44.62,11.982234517866276,16.45595938396463,25.809442693902266
44.63,12.410021030603213,16.47159034483995,27.120838252728532
44.64,12.791137210279661,16.330505997830173,28.4529447652936
44.65,13.113464733095428,16.020056592812715,29.774958869130536
44.660000000000004,13.364237189938468,15.52853392681064,31.05664476806212
44.67,13.53695417475365,14.87224154570781,32.262545764817965
44.68,13.62551559604759,14.06947136848762,33.356703614915176
44.69,13.620273533479605,13.13213118732998,34.30568523807773
44.7,13.520804182826092,12.089360149440095,35.09061432347428
44.71,13.330169881076761,10.977590338651837,35.695319586565724
44.72,13.047371766816944,9.827610985928546,36.10476745108145
44.730000000000004,12.682155410424778,8.673568224274002,36.325491450480506
44.74,12.245244660913565,7.550380476408421,36.36577400921329
44.75,11.744523203999531,6.484170517722433,36.23506201493061
44.76,11.194219929616379,5.494084988540677,35.95675550984074
44.77,10.60756658257806,4.59909271883299,35.551668501166375
44.78,9.996182221564014,3.806892266379004,35.04026163038184
44.79,9.372782125555677,3.1189321336114384,34.44725532879041
44.800000000000004,8.74931941824322,2.537029579246913,33.79310569433334
44.81,8.134556631575713,2.0555503528330745,33.09397756407101
44.82,7.53662672585718,1.6663162201358257,32.366370167759214
44.83,6.963059872076469,1.3618437212495533,31.62268596672625
44.84,6.418495117227707,1.132097395683248,30.87248036290581
44.85,5.907218341187092,0.9675170936418912,30.12375521924547
44.86,5.431560445698055,0.8589790811559502,29.3818197027358
44.87,4.993248899653507,0.7976365615634398,28.651175893894756
44.88,4.592663837757792,0.7756930797252686,27.934357034672274
44.89,4.229711122616688,0.7860805636096035,27.233291997344317
44.9,3.9035829589068665,0.8230671124771075,26.54887831668415
44.910000000000004,3.612980272052104,0.8814846895242681,25.88180222844661
44.92,3.3564412157865062,0.9572782371986998,25.23229985400801
44.93,3.1321948467031904,1.0471137598577787,24.60034238375284
44.94,2.93844179962311,1.1485869047222557,23.98578878973878
44.95,2.7732731860632533,1.2595608653844803,23.388488703290516
44.96,2.634362606053442,1.378986265496084,22.808208934573628
44.97,2.5204820088009585,1.5058375400099075,22.24472861680596
44.980000000000004,2.430097727297137,1.6392919836464752,21.697825279015255
44.99,2.3604845674243964,1.7798396990112186,21.167313559694794
45.0,2.310851168267992,1.9276212748013184,20.653104279552544
45.01,2.280659485386784,2.082670802399016,20.155115526865966
45.02,2.2692047100407127,2.2451131412371597,19.673270251962638
45.03,2.273620393599916,2.4166290057269135,19.207683215906595
45.04,2.293314185337713,2.59851390571008,18.7586923595827
45.050000000000004,2.3286489433699447,2.7916519629569594,18.326644622429445
45.06,2.3799875258123713,2.9969272992374387,17.911886943886238
45.07,2.4476927907808235,3.21522403632181,17.514766263391557
45.08,2.5315854312204045,3.44772913436908,17.135619308601147
45.09,2.629903231820933,3.696990819581345,16.77520355753695
45.1,2.7431637541204417,3.964906518840153,16.434907423159316
45.11,2.872156774900781,4.253253193787865,16.116154275656164
45.12,3.0176720709437386,4.563807806066669,15.820367485215671
45.13,3.1804994190312237,4.898347317319004,15.548970422025839
45.14,3.3611849252142894,5.25873727551,15.303288976862163
45.15,3.560304708804811,5.6470192871403695,15.085850592553934
45.160000000000004,3.7789316196659195,6.0651845642444355,14.900209735782793
45.17,4.0181438893872485,6.5152231460390055,14.749928012289129
45.18,4.2790197495588895,6.999125071741764,14.638567027812925
45.19,4.562921132075405,7.518903844324311,14.569564329711616
45.2,4.871516967667871,8.075479102210084,14.547832448140317
45.21,5.205615224414523,8.668597682129558,14.5802442385269
45.22,5.56598047805642,9.297975143563527,14.673731340743236
45.230000000000004,5.953377304334692,9.963327045992884,14.835225394661371
45.24,6.368918177458821,10.664331588844302,15.07201837207944
45.25,6.8141803392793285,11.397403114761811,15.393550066268922
45.26,7.288057252670042,12.154748563330488,15.808811566810697
45.27,7.789147782751378,12.928343687656772,16.32662511155275
45.28,8.316323242945764,13.710102575557004,16.956354669821053
45.29,8.868911197884366,14.487545020178457,17.709313118035162
45.300000000000004,9.441763754819785,15.241509404191977,18.58978232441674
45.31,10.02898486580135,15.952303567379632,19.60072644334735
45.32,10.625499829659923,16.59782456458202,20.748308417314473
45.33,11.222918521028705,17.15060033397074,22.02857159918978
45.34,11.809639039655659,17.58344643730292,23.426741050166893
45.35,12.374223184785379,17.865350150726165,24.931243821110453
45.36,12.903578716167049,17.966616321512355,26.52043362176616
45.37,13.382671053069737,17.870313413297286,28.154214541284528
45.38,13.79544991302975,17.55526762399277,29.79339656359131
45.39,14.125570935523848,17.004933407210395,31.397057137695125
45.4,14.362261618236603,16.235902326002893,32.91426483703118
45.410000000000004,14.493863441912342,15.264162756071872,34.2933743765899
45.42,14.508362114289266,14.106813967092101,35.491450645898325
45.43,14.406231028929799,12.810008564164743,36.47902060362181
45.44,14.184754135279945,11.417901810636112,37.22479543204905
45.45,13.847636154363636,9.976002944306332,37.71969660318897
45.46,13.408124231529182,8.537355337235718,37.97077819789872
45.47,12.874487310604245,7.146311398628802,37.98365569406228
45.480000000000004,12.263609041313074,5.836208050283625,37.78589050995012
45.49,11.592663798222114,4.639275089489942,37.40581955341509
45.5,10.877363147520079,3.572015289485192,36.87308399026388
45.51,10.135950231196214,2.642288449362219,36.22344174513973
45.52,9.384152954004925,1.8547472026061258,35.48546697054114
45.53,8.63511197328182,1.2014510421012503,34.68584542348445
45.54,7.901509442734941,0.6736135251361661,33.84906186426325
45.550000000000004,7.192901215249836,0.2596436013861737,32.992533646352875
45.56,6.517221877061197,-0.05428894272084395,32.13099029475632
45.57,5.8802537209921795,-0.28232370400690115,31.274850302497068
45.58,5.285757457639727,-0.43815491604207546,30.43178320142257
45.59,4.73599812392572,-0.5346363364185056,29.60678570171467
45.6,4.231690352913164,-0.5832252725511116,28.802882688742727
45.61,3.772651763936717,-0.59396666906229,28.02161560792764
45.62,3.357788656557224,-0.5755939983202077,27.263592668754203
45.63,2.985237098637073,-0.5352681180443074,26.528728008728823
45.64,2.6528027708912187,-0.4789071749411716,25.816508903558933
45.65,2.357919925281793,-0.41126195300749707,25.12614337429808
45.660000000000004,2.097845238749169,-0.3361682125277489,24.456686603756417
45.67,1.869868275824551,-0.25663517176862416,23.807290594515916
45.68,1.6713247925892991,-0.1747265790419007,23.17704503807386
45.69,1.4995691001958837,-0.09219517228063209,22.56505059246871
45.7,1.3519258123160591,-0.010037290646841696,21.970561081309953
45.71,1.226124179718303,0.07093489427801292,21.39279020411082
45.72,1.1198809688370994,0.1506036768924551,20.83107399622901
45.730000000000004,1.0312536354326196,0.2287297655723069,20.284854640198336
45.74,0.9581880578367673,0.30552532112034225,19.753662265315928
45.75,0.8994728878904628,0.3811095696018758,19.236997211734298
45.76,0.8534450124775684,0.45592281112453337,18.734360904665948
45.77,0.8184201415170618,0.5307998787480374,18.245370834094796
45.78,0.79387511403628,0.6060799069204681,17.769723329213896
45.79,0.7793066528398437,0.6820914013944072,17.307115385830194
45.800000000000004,0.7733319693497751,0.7598036005209919,16.857221655616403
45.81,0.7750167825803533,0.8402468670035389,16.419761143009527
45.82,0.7843419020035299,0.9239595258431372,15.994490938076344
45.83,0.8012881370912629,1.0114799020408214,15.581168130883963
45.84,0.8254767953062485,1.1035673168365119,15.179568506679594
45.85,0.8560000550202959,1.2015917750721916,14.78958659215823
45.86,0.8931205132383335,1.3065051105086416,14.411152357934245
45.87,0.937175441819686,1.4192224843370562,14.04419484215648
45.88,0.9885021126237168,1.5406590577487198,13.688643082973533
45.89,1.0471613172981897,1.6718345699938202,13.344424972770804
45.9,1.1130981682898462,1.814199224929669,13.011650418919684
45.910000000000004,1.1869411858221153,1.969265517546386,12.690583546320758
45.92,1.2693370266419022,2.1385435853207753,12.38149067988018
45.93,1.3609074090545594,2.323508680491723,12.084624874365336
45.94,1.462070584074333,2.5254278040193987,11.800240816039144
45.95,1.5737098091502855,2.7463828405324477,11.529077218619605
45.96,1.6968426873792706,2.988663307398938,11.271972636510654
45.97,1.832483542435484,3.2545458692877074,11.029759306922044
45.980000000000004,1.9815544037664041,3.545693949991934,10.80314855467634
45.99,2.1454069893050156,3.864687782971621,10.59385290671418
46.0,2.3255822851205865,4.214705975047995,10.403981907012398
46.01,2.5236202100035023,4.59892129321901,10.235640606138226
46.02,2.740992914948737,5.0196863045304285,10.09065888017179
46.03,2.9795734486629497,5.480023851332844,9.972588813339016
46.04,3.241434935565983,5.983731106643089,9.885832068571776
46.050000000000004,3.528650039720691,6.534600192042622,9.834783233392223
46.06,3.8432844183717307,7.135476377028177,9.823574304439916
46.07,4.187643205124888,7.788891815627489,9.85949425673897
46.08,4.564129827642256,8.497840476325782,9.95123297084285
46.09,4.975149905823892,9.265317484998745,10.107476563902038
46.1,5.42339778437001,10.09343263944391,10.337189191524121
46.11,5.910750169079145,10.980254220319708,10.653429927170144
46.12,6.438556788962389,11.922791449357351,11.07074465098761
46.13,7.008224634941874,12.91810716300241,11.603744327253992
46.14,7.622057194724554,13.961293761341507,12.269696283739533
46.15,8.278519693327741,15.036124495818648,13.086007136700395
46.160000000000004,8.974629368486902,16.123740146512038,14.069181704442524
46.17,9.707920960609039,17.204652335415673,15.237332049759688
46.18,10.47401763919603,18.24801835594227,16.607621871583213
46.19,11.262075791392316,19.213251369688983,18.183551560320485
46.2,12.06148002389132,20.057256050446163,19.971105865570017
46.21,12.858517723980787,20.726983099854497,21.96709774941381
46.22,13.63182380125513,21.17093721870946,24.136432930491996
46.230000000000004,14.359517883119816,21.33272331192381,26.445584387852893
46.24,15.01740273286412,21.160856447118586,28.844352874016618
46.25,15.579369348742288,20.633145305409695,31.249889540700995
46.26,16.01568363358138,19.71615348613272,33.58031207592418
46.27,16.304704970298943,18.42834861401964,35.74757914112665
46.28,16.42981074935887,16.81769029103109,37.658965512648095
46.29,16.372591438765426,14.93032194140303,39.23633794715668
46.300000000000004,16.134313461482492,12.857517856069704,40.43405910145868
46.31,15.71323264286768,10.687949906309884,41.21353974670428
46.32,15.127287758437264,8.516657371204793,41.58771733291941
46.33,14.394159947336464,6.433345291208379,41.576972114225676
46.34,13.54026339945611,4.5016907655009035,41.23278505632116
46.35,12.594140355302741,2.7763644430855634,40.61334528734336
46.36,11.584931402746873,1.2797720771302157,39.78318629479957
46.37,10.541788223434718,0.02313029549701895,38.805810183151785
46.38,9.489571572366252,-1.0014007100946265,37.73511607966926
46.39,8.450737107093516,-1.8105750463259636,36.61675669617626
46.4,7.443263742579756,-2.429460911208293,35.48664503594085
46.410000000000004,6.480800143335929,-2.885375948504163,34.36992108747392
46.42,5.573524948740167,-3.2062053390428624,33.28441016357483
46.43,4.727160748102064,-3.418573887588966,32.24019299933738
46.44,3.9456164233595215,-3.546139259403475,31.242917778338242
46.45,3.2292916856823384,-3.609893190103523,30.29429746432472
46.46,2.5774150527337425,-3.627517161645504,29.393599001745454
46.47,1.9873614406022162,-3.61362631095942,28.538645250352324
46.480000000000004,1.4555426457179856,-3.5803147399083857,27.72652613621771
46.49,0.9781253325846737,-3.5367951986885253,26.954267537730967
46.5,0.5504318638886734,-3.4911898085492483,26.218550585679626
46.51,0.16743446821071872,-3.4489421517343675,25.51628795760535
46.52,-0.17522378911524183,-3.4149632124982348,24.8449980167693
46.53,-0.4829457941879959,-3.392421748786738,24.202205200366976
46.54,-0.7595398433045882,-3.3840705534686455,23.586089605169608
46.550000000000004,-1.0098817264171531,-3.3919523360403367,22.994833596085485
46.56,-1.2380476662962285,-3.4174357079517277,22.427414158536752
46.57,-1.4478824198928575,-3.46159806067934,21.88284687924721
46.58,-1.6433266904458776,-3.524965205774782,21.360173541357106
46.59,-1.8267980040096652,-3.608677700521957,20.859100171929917
46.6,-2.0019054424656515,-3.7131241672605606,20.37918283424966
46.61,-2.1720025707337025,-3.8385136045134516,19.920373271362404
46.62,-2.3387217616664513,-3.9859432536247956,19.4830574734607
46.63,-2.503956719107233,-4.156338468404682,19.067560232536856
46.64,-2.6716768254117875,-4.349240908431615,18.673963071836422
46.65,-2.8435922216835343,-4.565637081984896,18.303336217709287
46.660000000000004,-3.0207454032535415,-4.806948093514143,17.95695198498881
46.67,-3.2041790728008723,-5.074594912396663,17.636082603104718
46.68,-3.3968478234934687,-5.368749762514612,17.34147011654889
46.69,-3.6015135776920606,-5.689697476095314,17.074943914009413
46.7,-3.8190480312688773,-6.038951066291389,16.839358721069093
46.71,-4.050322880095681,-6.418023546254701,16.637569263311235
46.72,-4.296209820044693,-6.828427929137846,16.472430266318618
46.730000000000004,-4.558881041718223,-7.2711858783623855,16.346446358046506
46.74,-4.841427936046998,-7.745840231024526,16.263230445867006
46.75,-5.144334195053504,-8.252020956204348,16.228173485002774
46.76,-5.468022053266576,-8.78937073756937,16.24669556179175
46.77,-5.812913745215302,-9.35753225878753,16.324216762571947
46.78,-6.179498508278938,-9.956145066901637,16.466189160112336
46.79,-6.570250578456347,-10.583246872052259,16.679488351650118
46.800000000000004,-6.985194270159659,-11.232784101557435,16.971146922882035
46.81,-7.422888372549982,-11.898064999321178,17.34772075357736
46.82,-7.881891674789307,-12.572397809248884,17.815765723505947
46.83,-8.361741626642175,-13.248403469276436,18.383486153246697
46.84,-8.860784036650717,-13.913079808842532,19.05761464311767
46.85,-9.373946107149795,-14.550729937047919,19.839547913419768
46.86,-9.896135368333848,-15.145596626088317,20.73072917564177
46.87,-10.423499495316388,-15.67835007237694,21.737133254582055
46.88,-10.948000328415072,-16.127567135541263,22.850818924952595
46.89,-11.45965973567396,-16.47272054123484,24.05721352324713
46.9,-11.948536556809207,-16.691819617624272,25.342983453435412
46.910000000000004,-12.40427428214174,-16.75878440836349,26.694680857413857
46.92,-12.815283228474406,-16.662637249971617,28.080197885313854
46.93,-13.169797213894167,-16.394606881603085,29.464973698148626
46.94,-13.453276808832436,-15.936932613221904,30.816674798781307
46.95,-13.656447654116327,-15.297218027807935,32.099744170279294
46.96,-13.773332380704273,-14.496712253416012,33.27633517651861
46.97,-13.795897656466668,-13.552933754281614,34.30881393493521
46.980000000000004,-13.718221894645623,-12.487191207334767,35.17139106933441
46.99,-13.544353752665133,-11.33884849401852,35.84880674924511
47.0,-13.274377479853841,-10.143640695870564,36.32322551678408
47.01,-12.914520357129595,-8.935880249938677,36.5953147136654
47.02,-12.477293210652393,-7.75291297690865,36.67630407245607
47.03,-11.971019763646023,-6.62635070376002,36.57439516844702
47.04,-11.409424062000166,-5.576875939061375,36.31227598469525
47.050000000000004,-10.807401420940812,-4.624401961369087,35.91442296370129
47.06,-10.177064357040216,-3.7806378447771536,35.40150324852125
47.07,-9.531644040249965,-3.0467936165973457,34.79942570309637
47.08,-8.884087384238473,-2.4243906819267718,34.131741074756874
47.09,-8.244199953926854,-1.9091117458997509,33.41568010318927
47.1,-7.620514317734955,-1.4920535329045694,32.66867857962458
47.11,-7.021120311182905,-1.165050215713324,31.9046901970558
47.12,-6.451336563987091,-0.9175475271019022,31.133941382495717
47.13,-5.915701175096939,-0.7391941496997281,30.3649672970112
47.14,-5.416973374993202,-0.6197854535648766,29.603760287241723
47.15,-4.956873658339676,-0.5501148989300244,28.854568670508066
47.160000000000004,-4.535893217247685,-0.5214455525906843,28.120182709073028
47.17,-4.15386436128227,-0.5264365970065651,27.402558193589872
47.18,-3.809975158036425,-0.5586036950129792,26.702725428533817
47.19,-3.5029766252002448,-0.6124898412902041,26.021151418081264
47.2,-3.2311790105422475,-0.6836571090585631,25.35786375453692
47.21,-2.9927337537036722,-0.768562781831796,24.712803718136147
47.22,-2.7855021743443356,-0.8643714611165627,24.085735057710504
47.230000000000004,-2.6075466067443016,-0.9689241473174908,23.47624622725519
47.24,-2.456478851450029,-1.080646069133721,22.884067326928385
47.25,-2.3306294252893056,-1.198679248295743,22.30885676173776
47.26,-2.2286544125845746,-1.3222047715887764,21.750200952740187
47.27,-2.147732336743408,-1.451271569664977,21.207799585933575
47.28,-2.0864513987607105,-1.5861241129299894,20.681488986468544
47.29,-2.0442194727431775,-1.7268000715578342,20.171108305277436
47.300000000000004,-2.020443518272335,-1.8733375397223129,19.676496672557924
47.31,-2.0124924008022305,-2.026932140002682,19.197505999853984
47.32,-2.0185902704318512,-2.1891990498347234,18.734234020424037
47.33,-2.0391674437036182,-2.360926302511293,18.2868827848233
47.34,-2.074654237159983,-2.54290193132538,17.85565434360671
47.35,-2.1254809673433175,-2.7359139695695824,17.440750747330096
47.36,-2.1920779507960613,-2.940750450536882,17.042374046548375
47.37,-2.273502791922645,-3.159066930219047,16.660859423306842
47.38,-2.3683322699419778,-3.393548269026709,16.297123617410733
47.39,-2.477259381509237,-3.646024037339259,15.95223363109603
47.4,-2.600995772431941,-3.9183141640208987,15.627256239118102
47.410000000000004,-2.7402530885176466,-4.212238577935887,15.323258216232377
47.42,-2.8954697321339826,-4.529495114954742,15.041203479883983
47.43,-3.0672274427093362,-4.872075064667631,14.783006429820652
47.44,-3.2566204959078067,-5.242341375227477,14.55133185093494
47.45,-3.464745482835783,-5.642658402443437,14.348846857610981
47.46,-3.692698994599205,-6.075390502123803,14.178218564233342
47.47,-3.9418193768484207,-6.542507682357151,14.04196842977456
47.480000000000004,-4.213559876789817,-7.045407609173003,13.944585130105976
47.49,-4.5091771995863486,-7.585610647782548,13.891722761912144
47.5,-4.829928031110116,-8.164637186335353,13.889035478632922
47.51,-5.177077533583522,-8.784012522585725,13.942176148422329
47.52,-5.552610979975156,-9.44481787374456,14.057377232588317
47.53,-5.957526296297557,-10.144748834069295,14.243271384675221
47.54,-6.392046901377336,-10.880483978056027,14.509063327335173
47.550000000000004,-6.856396214041187,-11.648701880200955,14.863957783220531
47.56,-7.351305088469685,-12.445948171802403,15.317985941082586
47.57,-7.877099776281041,-13.263504056464916,15.882790256002744
47.58,-8.43073583607659,-14.08742102319607,16.56710736660695
47.59,-9.008965357468437,-14.903576647240847,17.379438572358655
47.6,-9.609498485228624,-15.696113242155032,18.331008686060674
47.61,-10.226828191407648,-16.44092408823421,19.4267371470038
47.62,-10.852031008059136,-17.11145838844121,20.663573064073294
47.63,-11.47669034828202,-17.67900439290589,22.041408762501902
47.64,-12.090484379530094,-18.10987739758938,23.553376230940163
47.65,-12.678597467201884,-18.375516731401625,25.17122456822114
47.660000000000004,-13.225839762489183,-18.44563995750077,26.867036784116102
47.67,-13.715802526752732,-18.286341078067732,28.61168296048471
47.68,-14.132869525585084,-17.89056486526853,30.35364914649358
47.69,-14.460627209049353,-17.252285253653724,32.038535143950405
47.7,-14.679905507646518,-16.36234984537571,33.61453713765985
47.71,-14.783795333814536,-15.256160376178677,35.03300549170217
47.72,-14.766663264437739,-13.974492826465795,36.245199574555855
47.730000000000004,-14.619472563601697,-12.550722488774996,37.21131293853444
47.74,-14.347764419941798,-11.040248656829112,37.917576148859666
47.75,-13.95613540889247,-9.499534103983338,38.350475503426956
47.76,-13.454940326355933,-7.977258199054374,38.518372546075405
47.77,-12.861808842335638,-6.522872614972402,38.44422544350032
47.78,-12.190746487046729,-5.174080004982864,38.151020204483956
47.79,-11.462253000132492,-3.9541957825422966,37.67735144163273
47.800000000000004,-10.694811186668407,-2.884031012284203,37.05743292309497
47.81,-9.905504298431207,-1.9654135169718865,36.325715966942
47.82,-9.111624799643566,-1.195960556003576,35.51706900022346
47.83,-8.327186455177655,-0.5691892903601825,34.657512511266624
47.84,-7.564008719733044,-0.07198283583374548,33.77014482688639
47.85,-6.831766317754756,0.31013377487815386,32.872558713166775
47.86,-6.13777982405161,0.592818258893492,31.978345395855776
47.870000000000005,-5.487094135238452,0.7917154576493387,31.096897310368654
47.88,-4.882931111246022,0.921484189331373,30.234608651453293
47.89,-4.326613722697923,0.995624499126565,29.395377344422336
47.9,-3.8183917244443313,1.0259497809343152,28.58116745462802
47.910000000000004,-3.357416392805463,1.0227064427277364,27.792749427103438
47.92,-2.9417812261609395,0.994280031419218,27.029959272875697
47.93,-2.5692364989275642,0.9478299857670912,26.292177018549356
47.94,-2.2372724264060686,0.8891890526811986,25.578562004892134
47.95,-1.9426524052488365,0.8229130554595774,24.88787022510592
47.96,-1.6827478790807717,0.752655296445805,24.218862036136443
47.97,-1.4541073097116946,0.6812190677588538,23.570457704817457
47.980000000000004,-1.253935817668847,0.6105567310599549,22.941578196776447
47.99,-1.0795352533499458,0.5423290559418675,22.331162149190135
48.0,-0.9278047258406017,0.47724139241519353,21.738408733821895
48.01,-0.7967713492490547,0.4162875354636026,21.162572595488513
48.02,-0.6836534834369674,0.359732118064849,20.602817023135035
48.03,-0.5861993668714195,0.30745111962023175,20.058497547817844
48.04,-0.5032107718952554,0.259835771896207,19.529146568106786
48.050000000000004,-0.4323850320426305,0.21653596148216486,19.014191033038944
48.06,-0.3719039756139395,0.1770888565021009,18.513081030226388
48.07,-0.32098586950590713,0.1415379163744631,18.025355604691157
48.08,-0.27832879609892974,0.10958944976561155,17.550589967117798
48.09,-0.2422768863077306,0.08052121945853094,17.08844996412386
48.1,-0.21237403980461098,0.05422185164691175,16.63857331818483
48.11,-0.18810723563390325,0.030547983568602985,16.20060563082181
48.120000000000005,-0.16827051547731403,0.008901396699764318,15.774257806135482
48.13,-0.15236005500840455,-0.011031452516581714,15.359155872367342
48.14,-0.13980894360565374,-0.029545167913664207,14.954995490702567
48.15,-0.13012524591506452,-0.047027646165188175,14.561537054646834
48.160000000000004,-0.1230411216226259,-0.06376512011948568,14.178412457613254
48.17,-0.11819104740054882,-0.07991758868093131,13.805323790719736
48.18,-0.11534692264700462,-0.0957823762510685,13.44219862023251
48.19,-0.11425343164585558,-0.11164180533769806,13.088659008120231
48.2,-0.11471914453539672,-0.12764202242471331,12.744458203226385
48.21,-0.11668611443991024,-0.14405481351944996,12.409361996077063
48.22,-0.12011128425848533,-0.16115687291704855,12.083089471349082
48.230000000000004,-0.12489323445717307,-0.17916135399860467,11.76534459835225
48.24,-0.1309325933061667,-0.19828954411293748,11.455924960462749
48.25,-0.13824321128060246,-0.21874842243711526,11.154692860572213
48.26,-0.1468973648074652,-0.2407279073599022,10.861437405739562
48.27,-0.1569543576500616,-0.2644347474932098,10.575954681899793
48.28,-0.16841269085342922,-0.2902059101519476,10.298080585853743
48.29,-0.18135103632045657,-0.31835621674533077,10.027618626026083
48.300000000000004,-0.19586329785489953,-0.3491868253699121,9.764364886173361
48.31,-0.21204646805103777,-0.3829863240605008,9.508114675569775
48.32,-0.23005329518474021,-0.42001028586950356,9.258690501998924
48.33,-0.2500712858989085,-0.46073823440381223,9.015983763932034
48.34,-0.27228644231641985,-0.5056917710671666,8.779893873397478
48.35,-0.2968800202766,-0.5553783631835691,8.550309801924834
48.36,-0.32404153292522514,-0.6102171977664472,8.327041952747377
48.370000000000005,-0.3540995684499004,-0.6708204860693832,8.110017141274879
48.38,-0.3874064138281281,-0.7378479228382587,7.899194525218221
48.39,-0.4242886365233594,-0.8119369696962685,7.694507325034172
48.4,-0.46506443272908354,-0.8938603429496604,7.495835436662721
48.410000000000004,-0.5101998581203543,-0.9846853485519782,7.303155336497336
48.42,-0.5601713571526612,-1.085494903507455,7.11645188916033
48.43,-0.6153937222690997,-1.1971346079117895,6.935745271158377
48.44,-0.676491455743364,-1.3207958616592699,6.761206454193623
48.45,-0.7442693172480644,-1.4581195283589972,6.593046653081028
48.46,-0.8195032001086956,-1.6106776345524392,6.431456375726005
48.47,-0.9027930699402203,-1.7796728234737036,6.2765578896974255
48.480000000000004,-0.9951021072735847,-1.9672707617426577,6.128844584568306
48.49,-1.0974810106358865,-2.175855675483742,5.988883781467813
48.5,-1.2109017215886668,-2.4073245789672,5.857229188486546
48.51,-1.3366564498162632,-2.664028707686542,5.734815234129794
48.52,-1.4763473846659274,-2.9493114216428644,5.622827118479913
48.53,-1.6315172332933074,-3.266365391266687,5.522424197722098
48.54,-1.8035546527431254,-3.6178431615615914,5.435105810124394
48.550000000000004,-1.994552148654204,-4.007947542029482,5.363363841082851
48.56,-2.2067149812288913,-4.4411490950554535,5.30979519447209
48.57,-2.4419771082184485,-4.921136021234842,5.276924012390849
48.58,-2.702846614474992,-5.452472486038249,5.269171379297945
48.59,-2.992327647947384,-6.040793376642766,5.291895743201271
48.6,-3.31330347578766,-6.691375678630212,5.350290866387247
48.61,-3.6685639678128252,-7.408372067394053,5.451188127432557
48.620000000000005,-4.061733920172471,-8.197306646781465,5.604847566870685
48.63,-4.496498538576123,-9.063818192758614,5.821688430612068
48.64,-4.976225721970515,-10.011474088976478,6.113103236477306
48.65,-5.5043631634076755,-11.041871564989053,6.495964126493288
48.660000000000004,-6.084467323150966,-12.15664674734295,6.988213392624472
48.67,-6.71991611491194,-13.35481523732497,7.609593287587133
48.68,-7.412390843010497,-14.627567096412585,8.384959654437035
48.69,-8.163309825270595,-15.964820457853559,9.340347671699512
48.7,-8.97350033702338,-17.34941855593725,10.504897686789404
48.71,-9.838707003188055,-18.748555667620145,11.905609532599094
48.72,-10.754588792999524,-20.127048995329577,13.571455159306273
48.730000000000004,-11.712913677026195,-21.432756546258773,15.527243738596678
48.74,-12.69641285480069,-22.59750612147399,17.775699197746277
48.75,-13.687719199348223,-23.546812865687823,20.322033283042693
48.76,-14.661238592535467,-24.19417424905251,23.13926329990135
48.77,-15.584498112810488,-24.452589190672256,26.171429520003453
48.78,-16.421934525282552,-24.23377817487371,29.346819363064327
48.79,-17.133710559862422,-23.49364830017113,32.53896478513275
48.800000000000004,-17.67607536790004,-22.18174418885798,35.618027076659274
48.81,-18.017240613343546,-20.33790796141994,38.43834882447911
48.82,-18.125949272865437,-18.02351593117603,40.851309127850996
48.83,-17.98559382664749,-15.34552091932596,42.7529532176139
48.84,-17.590887416221257,-12.45049181394414,44.063193167222735
48.85,-16.954797736330327,-9.48991121321491,44.77027934769912
48.86,-16.10161331282854,-6.618728165571611,44.89970330569471
48.870000000000005,-15.066694631858994,-3.9533064332693297,44.52681249921272
48.88,-13.890792625002154,-1.5866425222885598,43.74541400895971
48.89,-12.618998832166573,0.436932646271482,42.66637976459886
48.9,-11.293272633817578,2.100222527349372,41.39058530658726
48.910000000000004,-9.952617869701037,3.422110162849829,40.01063234294415
48.92,-8.629442505150802,4.4319614966054175,38.596889867771395
48.93,-7.34928908565782,5.174955798395887,37.20266484264542
48.94,-6.131294173020497,5.695331475029554,35.86218904753142
48.95,-4.988698276069466,6.038896980618615,34.597260721658124
48.96,-3.928754523310714,6.2451878040354485,33.41698939865133
48.97,-2.9553315884844515,6.350480864181801,32.324422755199315
48.980000000000004,-2.0679646539964622,6.382789271119318,31.31645135608751
48.99,-1.2642376680814646,6.367224876056039,30.387888990541317
49.0,-0.5399001048408301,6.321756153664428,29.531916402720885
49.01,0.11046519519921727,6.261613810494886,28.741626640158454
49.02,0.6934951531427312,6.198232811798901,28.00975305594088
49.03,1.2150264425046646,6.13975933546889,27.330779475853465
49.04,1.6817872311593614,6.093231173864673,26.698986246287195
49.050000000000004,2.1006189386617704,6.06274328856794,26.109727845952737
49.06,2.4773359273048574,6.05190231088464,25.55946922005939
49.07,2.8191246643015635,6.062723484175149,25.044703247897658
49.08,3.1303496220151867,6.096820038234016,24.563854343923097
49.09,3.415978936355041,6.15541943662677,24.115185816124228
49.1,3.682593867429227,6.238222127152747,23.696855913851415
49.11,3.9330278441544566,6.345749656652316,23.308931071341597
49.120000000000005,4.169810876470968,6.478628112164392,22.95160921477059
49.13,4.398595451159608,6.635945698434987,22.62429413622779
49.14,4.623640598889305,6.816570035389462,22.32727922070825
49.15,4.845927921243752,7.020566247670619,22.061937306822877
49.160000000000004,5.066439019806797,7.2479994599214335,21.82964123318242
49.17,5.286940924790109,7.498711495099986,21.631642806232936
49.18,5.514806354974892,7.770335289163807,21.468547815548003
49.19,5.75102113457839,8.061183784897777,21.342348400229145
49.2,5.994829661305235,8.369956781710478,21.255343371473963
49.21,6.245476332859536,8.695354079009835,21.209831540480224
49.22,6.5022055469459215,9.036075476204417,21.20811171844549
49.230000000000004,6.764261701269035,9.390820772702842,21.25248271656746
49.24,7.032695164304544,9.75754488929924,21.345439459648063
49.25,7.312001793148443,10.131007147089608,21.48925626682182
49.26,7.600817453309664,10.506422031511919,21.68491357146051
49.27,7.897332722716234,10.879119877989366,21.933320724385275
49.28,8.199738179295549,11.244431021944344,22.235387076416703
49.29,8.507507461970267,11.596961443610855,22.59381664751107
49.300000000000004,8.819923864831182,11.929453810930042,23.00985269459741
49.31,9.133204290968996,12.234903673649676,23.479553392163755
49.32,9.443516650338442,12.50632091277199,23.998900307721456
49.33,9.74702942162653,12.736713739813204,24.563877142715853
49.34,10.04086178129734,12.916305480408148,25.17334683205768
49.35,10.321410150210514,13.037463384299052,25.820832477629196
49.36,10.583903297742195,13.09598760838098,26.494848872334607
49.370000000000005,10.823569993268467,13.087678309548824,27.183910809078192
49.38,11.035247873960596,13.006522542427618,27.877264352609508
49.39,11.213454451698922,12.84476469613395,28.56545809168581
49.4,11.355458763954339,12.607064752244641,29.23481920971766
49.410000000000004,11.458786083579376,12.299253105166326,29.871243097365355
49.42,11.520914336148344,11.927078509141852,30.46061789206149
49.43,11.537000558961592,11.49221618442252,30.989962635508384
49.44,11.506444318349368,11.00343507885059,31.45154272236072
49.45,11.431240565645277,10.473937248197036,31.83889383536808
49.46,11.312717431855566,9.916415876057165,32.14491082935949
49.47,11.149565238795674,9.34040660618344,32.36231579185882
49.480000000000004,10.946305417263419,8.757999009246005,32.493347740787314
49.49,10.708498186823652,8.1819241645391,32.54155610395166
49.5,10.440380228677876,7.624223027177485,32.508599519732705
49.51,10.145165636842027,7.092751334691691,32.3971029366833
49.52,9.829016131390688,6.593844900103201,32.21593387865616
49.53,9.498143301876674,6.13390773232423,31.973956501807628
49.54,9.157614166756957,5.719153155599455,31.6765895107589
49.550000000000004,8.81208685891415,5.350691637970875,31.331233584276028
49.56,8.466432403387115,5.028369573248595,30.94675953967378
49.57,8.125581558182013,4.752197223135798,30.531860867935602
49.58,7.794346766144312,4.523132041101653,30.092207511173488
49.59,7.4753250604233905,4.338722327426259,29.632965104176474
49.6,7.170693240745091,4.195671819205137,29.15972875173186
49.61,6.882628106834574,4.090684253533404,28.67809355862597
49.620000000000005,6.613513493608335,4.020856818527986,28.19319919467053
49.63,6.3655114830594375,3.9845198222408817,27.707645219564764
49.64,6.139138964803416,3.978879789745019,27.223985108827527
49.65,5.934799686708529,4.001014349299306,26.744863623960615
49.660000000000004,5.75291476968376,4.048063632308258,26.272918010005792
49.67,5.5939643533490875,4.118403986308969,25.810308550796638
49.68,5.4578542135795,4.210616436943276,25.35844272184155
49.69,5.344353912644279,4.3230757739405625,24.918661795925548
49.7,5.253233012812649,4.45415678703031,24.492307045833357
49.71,5.183948358891514,4.602898112634852,24.080974387662824
49.72,5.13589100657114,4.769127581923973,23.686182927362324
49.730000000000004,5.108845697630625,4.952219008179654,23.30905457423916
49.74,5.102598304790973,5.151544353233037,22.950710206413326
49.75,5.116934700773126,5.366475578915654,22.612270702004007
49.76,5.151483468275098,5.596746444209398,22.294981284985234
49.77,5.205028412224319,5.844197478972794,22.001000464007877
49.78,5.2773166803688065,6.108722271401385,21.732128595190886
49.79,5.368301705204111,6.389761079458492,21.49003470397954
49.800000000000004,5.4779369192258365,6.686754161107485,21.276387815819206
49.81,5.606175754929348,6.999141774311094,21.092856956155682
49.82,5.752971644810236,7.326364177032677,20.941111150434317
49.83,5.918278021364022,7.6678616272353874,20.82281942410061
49.84,6.102014777595754,8.02378741639098,20.740428802055895
49.85,6.3036329920559915,8.394716207530719,20.698060923057955
49.86,6.52225537447608,8.778519130204725,20.698120121284767
49.870000000000005,6.756998607975326,9.17292959980596,20.742894302621618
49.88,7.006979375672534,9.575681031726539,20.834671372953693
49.89,7.27138563371664,9.98453666849168,20.97586222718008
49.9,7.5505291728540245,10.397022757502846,21.17102453321779
49.910000000000004,7.8428368578109335,10.80811944258909,21.42197879711345
49.92,8.145948647080345,11.212221871791407,21.729262637461634
49.93,8.457504499155853,11.603725193151673,22.093413672857427
49.94,8.775511905003128,11.976763454453765,22.51597194763007
49.95,9.098700876938375,12.323492844525603,23.00031047867178
49.96,9.42292808877686,12.635976635268962,23.541764792498984
49.97,9.743693117101742,12.906396706211098,24.134683754258464
49.980000000000004,10.056495538496165,13.126934936879145,24.773416229097144
49.99,10.35711327938214,13.289367149285964,25.452873710036787
