t,x,y,z
0.0,17.67715816276679,12.931379185960404,43.91404334248268
0.01,17.080713317278136,13.131289157782305,49.36090599241302
0.02,16.42593358479466,13.32539903989607,55.14522385031115
0.03,15.710464327596071,13.513049264556372,61.175722454418064
0.04,14.932138282948602,13.693556913121526,67.35444890344739
0.05,14.088904876916054,13.866275849568956,73.57058857870217
0.06,13.182204023276075,14.030587823491707,79.65910324382007
0.07,12.215117922730823,14.185851199712198,85.44069301643101
0.08,11.190215291307611,14.33139052628077,90.72858131416609
0.09,10.113712918584646,14.466663399326395,95.33660066286669
0.1,8.994871720712096,14.591261575641592,99.09042585712949
0.11,7.842417750624076,14.704670918456474,101.80936141052005
0.12,6.666746054979677,14.806538436259695,103.38359778436156
0.13,5.480666356835754,14.896861744090604,103.7694467331817
0.14,4.296958064212551,14.975543767385942,102.92327035524895
0.15,3.1273477374971446,15.042474304320177,100.87743387335357
0.16,1.9827241662426296,15.098016190899543,97.74815454929575
0.17,0.8741741925379434,15.142462132225473,93.65728512485742
0.18,-0.18935877601188444,15.176073140972434,88.76675089901183
0.19,-1.2016220434579594,15.199416199757565,83.26528196762928
0.2,-2.156279280782368,15.212952899008577,77.34403114447893
0.21,-3.050757574548891,15.217263745003818,71.18026673814079
0.22,-3.8831576262744343,15.212972136281245,64.94961988042677
0.23,-4.653076476332867,15.200650740484647,58.79552410216637
0.24,-5.3625707925691835,15.180897563045908,52.824800795187414
0.25,-6.013870771136218,15.15433104828249,47.14060474301117
0.26,-6.610060397266225,15.121528024479536,41.80634219556167
0.27,-7.15458271686817,15.082938381652404,36.857845102101095
0.28,-7.651076328032019,15.03902387993535,32.327962492627314
0.29,-8.105347515362798,14.990398654599122,28.20839254449685
0.3,-8.5209171084058,14.937397909356223,24.490449183865508
0.31,-8.900438817811127,14.880271672591535,21.172943695624504
0.32,-9.246667342606262,14.819276889460482,18.253193057973622
0.33,-9.567405989532093,14.755005578145012,15.647916294397628
0.34,-9.86669174346045,14.687759788515063,13.31194405608776
0.35000000000000003,-10.1450820131411,14.617597407968226,11.248377368355168
0.36,-10.403134207323797,14.544576323902096,9.46031725651101
0.37,-10.641405734758306,14.468754423714266,7.95086474586641
0.38,-10.860648990840149,14.390201571617906,6.719861603359198
0.39,-11.06671458541592,14.309297422384399,5.679693023620356
0.4,-11.262655390761632,14.226241028631039,4.78367865183288
0.41000000000000003,-11.449190364052559,14.141086732058941,4.023249072711559
0.42,-11.627329860866954,14.053905372386195,3.3846799814243336
0.43,-11.799021057458761,13.964819222876892,2.8366145792598982
0.44,-11.964831168665553,13.873870220283452,2.3706509094496377
0.45,-12.125142989442935,13.7810897354779,1.981567183929996
0.46,-12.280774877933245,13.686532672105368,1.6561254197620363
0.47000000000000003,-12.432628104248218,13.590257462994913,1.3788377330065718
0.48,-12.58091684475645,13.492284799645947,1.1463903127699007
0.49,-12.725894630154972,13.392637406634885,0.9547280950204455
0.5,-12.868165331231866,13.291356057315623,0.793053214682787
0.51,-13.007955836778713,13.188461616679577,0.6573005830584009
0.52,-13.145381885996091,13.083969138754268,0.54545503605033
0.53,-13.280717609224801,12.977901511714308,0.45242325327536753
0.54,-13.414161506470624,12.870277832893084,0.37438553364606586
0.55,-13.545775139976826,12.761110406095614,0.31010322205162777
0.56,-13.67568272997681,12.650414454866073,0.25709638985279826
0.5700000000000001,-13.804009695243323,12.538205336752215,0.21277545653484248
0.58,-13.930786879555827,12.424494050446658,0.17637146905648024
0.59,-14.056077732816952,12.309292984194204,0.14645594692437874
0.6,-14.179945718891316,12.192614658467864,0.12155559555943057
0.61,-14.30240316372295,12.074469493713417,0.10120333703259497
0.62,-14.423484115214135,11.954868713584048,0.0844832636014875
0.63,-14.54321359407924,11.833823381602857,0.07064013195812477
0.64,-14.661593259111802,11.7113437732856,0.059388977058924465
0.65,-14.778639551832446,11.587440593426715,0.05013211745692918
0.66,-14.894356788318623,11.46212441343866,0.042513391739762076
0.67,-15.008740815625806,11.33540560683286,0.036350903424854294
0.68,-15.121796231254809,11.207294707926557,0.031272516384717265
0.6900000000000001,-15.233517616282494,11.077802338355998,0.027116100241191567
0.7000000000000001,-15.343897317476767,10.946939088715236,0.023766094329194215
0.71,-15.452932420975573,10.814715570184061,0.02100085098339845
0.72,-15.560613332897127,10.681142702868764,0.018745978414415245
0.73,-15.666930032168779,10.546231385665848,0.01693558017893126
0.74,-15.771875398428127,10.409992434974155,0.01543661451075591
0.75,-15.875438256682887,10.272437171863936,0.014212164889936684
0.76,-15.977606966111676,10.133576941914672,0.013235849013209905
0.77,-16.078372085519167,9.993422754388822,0.012425693658518398
0.78,-16.177722274359265,9.85198630384454,0.011752945887146964
0.79,-16.275645350464078,9.709279497872167,0.01121123761080035
0.8,-16.372129485291218,9.565314010199883,0.010781879374217379
0.81,-16.46716412565451,9.420101019920036,0.010407894832356721
0.8200000000000001,-16.560737418443654,9.273653031409113,0.010085811054483198
0.8300000000000001,-16.652837328209124,9.125982694396257,0.009818945069852841
0.84,-16.743451819501388,8.977102658610608,0.009610613907721686
0.85,-16.83256889929417,8.827025388763705,0.009459524276408822
0.86,-16.92017717924453,8.675762178905916,0.009327729212903773
0.87,-17.006265483868756,8.52332610188062,0.009207793184551857
0.88,-17.09082259684384,8.369730666529598,0.009101829118059611
0.89,-17.173837301846753,8.214989381694625,0.00901194994013357
0.9,-17.255298382554482,8.059115756217478,0.00894026857748027
0.91,-17.335194500678735,7.902123099433598,0.008887442815908624
0.92,-17.413513483496548,7.744023129496453,0.008839931865004626
0.93,-17.49024470783364,7.584829654726178,0.008794345305014079
0.9400000000000001,-17.565377952283928,7.424557094022431,0.008751211817962805
0.9500000000000001,-17.638902995441345,7.26321986628487,0.008711060085876628
0.96,-17.71080961589981,7.100832390413155,0.00867441879078137
0.97,-17.781087592253247,6.937409085306939,0.008641816614702858
0.98,-17.84972544429769,6.772963135466306,0.008612737055658551
0.99,-17.916709611228367,6.60750560142533,0.00858416280470327
1.0,-17.982031082388765,6.441051912396028,0.008555992704105397
1.01,-18.04568118340574,6.273617824065015,0.00852837440744849
1.02,-18.10765123990613,6.10521909211891,0.0085014555683161
1.03,-18.167932577516783,5.935871472244327,0.008475383840291785
1.04,-18.22651652186455,5.765590720127882,0.008450306876959099
1.05,-18.28339439857627,5.594392591456193,0.008426372331901596
1.06,-18.3385575332788,5.422292841915875,0.008403727858702833
1.07,-18.391997251598973,5.249307227193546,0.008382521110946362
1.08,-18.443704449870307,5.075451157792632,0.008362885203283408
1.09,-18.493660801986106,4.900732560249984,0.008344553960782992
1.1,-18.54185555118878,4.725165273922575,0.00832729718129931
1.11,-18.58828257287664,4.548766836860093,0.008311008641803102
1.12,-18.632935742447987,4.371554787112229,0.008295582119265113
1.1300000000000001,-18.675808935301134,4.193546662728674,0.008280911390656079
1.1400000000000001,-18.716896026834384,4.014760001759119,0.008266890232946744
1.1500000000000001,-18.756190892446046,3.8352123422532527,0.008253412423107847
1.16,-18.793687407534424,3.6549212222607705,0.00824037173811013
1.17,-18.829379447497832,3.4739041798313544,0.008227661954924333
1.18,-18.86326088773457,3.2921787530147,0.008215176850521196
1.19,-18.89532560364295,3.109762479860497,0.008202810201871464
1.2,-18.925567470621274,2.926672898418435,0.008190455785945872
1.21,-18.953980364067853,2.742927546738206,0.008178007379715165
1.22,-18.980558159380994,2.5585439628694986,0.008165358760150081
1.23,-19.005294731959,2.373539684862006,0.008152403704221364
1.24,-19.02818273458151,2.1879312730934624,0.008139094983407043
1.25,-19.04920891844044,2.0017303190619264,0.008125841073973452
1.26,-19.068367433321242,1.814953931924254,0.008112966413733911
1.27,-19.085653869658362,1.6276203430226723,0.008100746353964716
1.28,-19.101063817886228,1.4397477836994095,0.008089456245942166
1.29,-19.114592868439267,1.2513544852966931,0.008079371440942557
1.3,-19.126236611751917,1.0624586791567514,0.008070767290242184
1.31,-19.135990638258605,0.873078596621812,0.008063919145117346
1.32,-19.143850538393767,0.6832324690341027,0.00805910235684434
1.33,-19.149811565288168,0.49293835384613954,0.008056520565506006
1.34,-19.153864680592804,0.30221203333233204,0.00805523287047631
1.35,-19.1560053320493,0.11107146221258818,0.008054733556238593
1.36,-19.156230833527808,-0.080464460449302,0.008054848214371878
1.37,-19.154538498898454,-0.27237683558954784,0.008055402436455179
1.3800000000000001,-19.15092564203139,-0.46464676414435946,0.008056221814067515
1.3900000000000001,-19.145389576796752,-0.6572553470499467,0.008057131938787909
1.4000000000000001,-19.137927617064676,-0.8501836852425191,0.008057958402195376
1.41,-19.12853707670531,-1.0434128796582824,0.008058526795868935
1.42,-19.11721515932523,-1.236924072886954,0.008058664995197517
1.43,-19.1039513238347,-1.430701369237653,0.00805845245343131
1.44,-19.088739869705485,-1.624727157155136,0.008058153353124988
1.45,-19.071580664512215,-1.8189817433287279,0.008057971331409682
1.46,-19.052473575829538,-2.0134454344477533,0.008058110025416525
1.47,-19.031418471232087,-2.2080985372015367,0.008058773072276657
1.48,-19.008415218294505,-2.402921358279402,0.008060164109121207
1.49,-18.983463684591435,-2.5978942043706748,0.008062486773081315
1.5,-18.956563737697508,-2.7929973821646783,0.008065944701288111
1.51,-18.92771524518737,-2.9882111983507382,0.008070741530872732
1.52,-18.896918074635654,-3.1835159596181786,0.008077080898966313
1.53,-18.864172093617004,-3.378891972656324,0.008085166442699987
1.54,-18.829477169706063,-3.5743195441544984,0.00809520179920489
1.55,-18.79283317047746,-3.769778980802027,0.008107390605612157
1.56,-18.754237494966194,-3.9652514300604556,0.00812174570766547
1.57,-18.71368245891181,-4.160719979161369,0.008137567635700522
1.58,-18.671169232136073,-4.35616494095836,0.008154471462792742
1.59,-18.62669973876027,-4.551566380738546,0.00817211624038243
1.6,-18.580275902905683,-4.746904363789041,0.008190161019909893
1.61,-18.531899648693596,-4.9421589553969625,0.008208264852815433
1.62,-18.48157290024529,-5.137310220849427,0.008226086790539352
1.6300000000000001,-18.429297581682054,-5.332338225433549,0.008243285884521955
1.6400000000000001,-18.375075617125166,-5.527223034436446,0.008259521186203544
1.6500000000000001,-18.318908930695915,-5.721944713145232,0.008274451747024424
1.6600000000000001,-18.26079821264566,-5.916483539658794,0.00828795455023084
1.67,-18.200738770025218,-6.110820809728216,0.008301240209177099
1.68,-18.138733224371627,-6.30493669596706,0.008314821624562345
1.69,-18.07478550291073,-6.4988111556390855,0.008329023356924585
1.7,-18.00889953286836,-6.692424146008062,0.008344169966801823
1.71,-17.941079241470355,-6.885755624337754,0.008360586014732068
1.72,-17.871328555942554,-7.07878554789193,0.008378596061253324
1.73,-17.799651403510794,-7.271493873934357,0.0083985246669036
1.74,-17.726051711400913,-7.463860559728802,0.0084206963922209
1.75,-17.65053340683875,-7.655865562539033,0.00844543579774323
1.76,-17.573099630203192,-7.847488883993084,0.008472967126935033
1.77,-17.493745793114513,-8.038711032409958,0.008502274327448548
1.78,-17.412475420267626,-8.229512204328044,0.008532852160664014
1.79,-17.329294879284664,-8.419872452305034,0.008564499213850182
1.8,-17.244210537787765,-8.609771828898634,0.0085970140742758
1.81,-17.157228763399065,-8.799190386666538,0.008630195329209616
1.82,-17.0683559237407,-8.988108178166447,0.008663841565920382
1.83,-16.97759838643481,-9.17650525595606,0.008697751371676844
1.84,-16.88496251910353,-9.364361672593077,0.008731723333747754
1.85,-16.790454689368996,-9.551657480635194,0.008765556039401856
1.86,-16.694081264853345,-9.738372732640112,0.008799048075907905
1.87,-16.595848613178717,-9.92448748116553,0.008831998030534647
1.8800000000000001,-16.49576265108412,-10.109981769117946,0.0088642360737568
1.8900000000000001,-16.393821871369887,-10.29483557687949,0.008896300210463979
1.9000000000000001,-16.29003133766115,-10.479029254388939,0.008928714199381951
1.9100000000000001,-16.184399482253244,-10.662543255083241,0.008961826998352955
1.92,-16.076934737441512,-10.845358032399343,0.008995987565219235
1.93,-15.967645535521278,-11.027454039774204,0.00903154485782303
1.94,-15.856540308787885,-11.208811730644774,0.009068847834006587
1.95,-15.743627489536664,-11.389411558448002,0.009108245451612143
1.96,-15.628915510062955,-11.56923397662084,0.00915008666848194
1.97,-15.512412802662089,-11.748259438600238,0.00919472044245822
1.98,-15.394127799629404,-11.92646839782315,0.009242495731383225
1.99,-15.274066403074459,-12.103840915589748,0.009293057293511538
2.0,-15.152230665479575,-12.280356588870902,0.009344556549116912
2.0100000000000002,-15.02863057240138,-12.455996382797103,0.009396910632684921
2.02,-14.90327661158922,-12.6307413444966,0.0094501631621586
2.0300000000000002,-14.77617927079242,-12.804572521097668,0.009504357755480995
2.04,-14.64734903776033,-12.97747095972855,0.009559538030595142
2.05,-14.516796400242283,-13.14941770751751,0.00961574760544408
2.06,-14.38453184598761,-13.320393811592817,0.009673030097970851
2.07,-14.250565862745658,-13.490380319082714,0.009731429126118492
2.08,-14.114908938265756,-13.659358277115475,0.009790988307830048
2.09,-13.977571484562464,-13.827308712537542,0.009851746173382924
2.1,-13.838558366808172,-13.99421122762388,0.00991338929929044
2.11,-13.697877891331423,-14.160046537511013,0.009975900387993043
2.12,-13.555542392780335,-14.324796473122605,0.010039545317068578
2.13,-13.411564205803053,-14.488442865382298,0.010104589964094877
2.14,-13.265955665047695,-14.65096754521376,0.010171300206649785
2.15,-13.118729105162402,-14.81235234354063,0.010239941922311134
2.16,-12.969896860795297,-14.972579091286573,0.010310780988656766
2.17,-12.819471266594519,-15.131629619375229,0.010384083283264515
2.18,-12.66746465720819,-15.289485758730267,0.010460114683712225
2.19,-12.513889300584774,-15.446129313456327,0.010539122765601469
2.2,-12.358752403608003,-15.601540106668384,0.010619872080662998
2.21,-12.202064346285452,-15.755699407858359,0.01070170007119523
2.22,-12.043839236931625,-15.908590018774705,0.010784909294896986
2.23,-11.884091183861052,-16.060194741165855,0.010869802309467073
2.24,-11.722834295388237,-16.210496376780256,0.010956681672604315
2.25,-11.560082679827712,-16.359477727366347,0.011045849942007519
2.2600000000000002,-11.395850445493979,-16.507121594672572,0.011137609675375507
2.27,-11.23015170070157,-16.65341078044737,0.011232263430407084
2.2800000000000002,-11.063000553764992,-16.798328086439188,0.011330113764801074
2.29,-10.894411037976615,-16.941856272725143,0.0114314407855269
2.3000000000000003,-10.724391236782642,-17.08397484909785,0.011534655767853164
2.31,-10.552952823150001,-17.224665492348674,0.011638963934413951
2.32,-10.3801118513029,-17.363912346714546,0.011744826829040246
2.33,-10.205884375465546,-17.501699556432392,0.011852705995563036
2.34,-10.030286449862166,-17.63801126573913,0.011963062977813294
2.35,-9.853334128716956,-17.772831618871688,0.01207635931962201
2.36,-9.675043466254149,-17.906144760066983,0.012193056564820157
2.37,-9.495430516697942,-18.03793483356195,0.012313616257238726
2.38,-9.314511334272563,-18.168185983593496,0.012438499940708688
2.39,-9.132301973202209,-18.29688235439856,0.012568169159061037
2.4,-8.94881848771111,-18.42400809021405,0.012703085456126743
2.41,-8.764075829870551,-18.549546560987825,0.012843225262096311
2.42,-8.57808268343399,-18.673476871084606,0.012985575399004431
2.43,-8.390855186620204,-18.79578359602813,0.013130012570451113
2.44,-8.202411156926905,-18.916452510526444,0.01327712012874455
2.45,-8.012768411851777,-19.035469389287613,0.013427481426192964
2.46,-7.821944768892537,-19.15282000701968,0.013581679815104547
2.47,-7.629958045546868,-19.268490138430725,0.013740298647787525
2.48,-7.436826059312485,-19.38246555822878,0.013903921276550088
2.49,-7.24256662768707,-19.49473204112192,0.014073131053700458
2.5,-7.047197568168342,-19.605275361818194,0.014248511331546832
2.5100000000000002,-6.850736698253981,-19.714081295025665,0.014430645462397428
2.52,-6.653201835441704,-19.82113561545238,0.014620116798560442
2.5300000000000002,-6.454607824300811,-19.926421341880697,0.01481587907919183
2.54,-6.254966972191431,-20.029919363994,0.015015127985124289
2.5500000000000003,-6.05429845277518,-20.13161712820849,0.015218507235665478
2.56,-5.852621662474022,-20.23150229052217,0.015426777579174
2.57,-5.649955997709897,-20.329562506933065,0.015640699764008486
2.58,-5.446320854904743,-20.425785433439202,0.01586103453852757
2.59,-5.241735630480524,-20.520158726038595,0.01608854265108985
2.6,-5.036219720859169,-20.61267004072927,0.016323984850053968
2.61,-4.829792522462645,-20.70330703350924,0.016568121883778528
2.62,-4.62247343171288,-20.792057360376536,0.01682171450062217
2.63,-4.414281845031839,-20.878908677329168,0.0170855234489435
2.64,-4.2052371539659825,-20.963848634357387,0.017360306263132314
2.65,-3.9953545632706877,-21.04685979630848,0.01764394752844571
2.66,-3.7846507081955973,-21.12792676733722,0.017934852663169267
2.67,-3.5731463000208157,-21.20703923879453,0.018234015564778033
2.68,-3.3608620500264106,-21.28418690203133,0.0185424301307471
2.69,-3.1478186694924886,-21.35935944839854,0.018861090258551514
2.7,-2.9340368696991166,-21.432546569247087,0.019190989845666372
2.71,-2.7195373619264007,-21.50373795592789,0.019533122789566718
2.72,-2.504340857454408,-21.57292329979187,0.019888482987727652
2.73,-2.2884680675632456,-21.640092292189948,0.020258064337624213
2.74,-2.071939703532979,-21.705234624473047,0.020642860736731508
2.75,-1.8547764766437158,-21.76833998799209,0.021043866082524565
2.7600000000000002,-1.6369975836751485,-21.829395577888647,0.02146094920229523
2.77,-1.4186197870162691,-21.88838474770771,0.021891997306485965
2.7800000000000002,-1.1996645818402285,-21.94529883213787,0.022338230342582734
2.79,-0.9801537733978354,-22.000129682490893,0.0228010929744948
2.8000000000000003,-0.7601091669398612,-22.052869150078568,0.023282029866131506
2.81,-0.5395525677171156,-22.10350908621266,0.023782485681402118
2.82,-0.31850578098037907,-22.15204134220495,0.024303905084215954
2.83,-0.0969906119804318,-22.198457769367213,0.024847732738482353
2.84,0.1249711340319164,-22.24275021901122,0.025415413308110556
2.85,0.34735765180589384,-22.284910542448756,0.02600839145700993
2.86,0.570147136090692,-22.324930590991585,0.026628111849089715
2.87,0.7933187820074288,-22.362799960202615,0.027275303420667023
2.88,1.0168537055675537,-22.398503992135325,0.02794950147891092
2.89,1.2407294858604314,-22.432036092875983,0.028652977285663427
2.9,1.4649234176437385,-22.463390312936475,0.029388213144289667
2.91,1.6894127956751896,-22.492560702828687,0.03015769135815488
2.92,1.9141749147124607,-22.519541313064497,0.03096389423062419
2.93,2.1391870695132678,-22.5443261941558,0.03180930406506284
2.94,2.364426554835285,-22.566909396614474,0.032696403164835935
2.95,2.58987066543623,-22.587284970952403,0.033627673833308745
2.96,2.8154966960737764,-22.605446967681477,0.034605598373846365
2.97,3.0412820085058443,-22.621389229771395,0.035632626523271836
2.98,3.267205555718885,-22.635100587228436,0.0367109105753865
2.99,3.49324481226172,-22.64657423023891,0.03784456638067439
3.0,3.719376351506245,-22.655806106409912,0.03903834122300222
3.0100000000000002,3.945576746824397,-22.66279216334854,0.0402969823862369
3.02,4.171822571588071,-22.6675283486619,0.04162523715424513
3.0300000000000002,4.398090399169204,-22.670010609957085,0.043027852810893844
3.04,4.624356802939691,-22.670234894841194,0.04450957664004971
3.0500000000000003,4.850598356271469,-22.668197150921326,0.046075155925579675
3.06,5.076792071743626,-22.66389138479986,0.047729378340726915
3.0700000000000003,5.3029150386885995,-22.65731032742599,0.049479445745873096
3.08,5.528943075540965,-22.648451521193625,0.0513345125681533
3.09,5.754851963685585,-22.637312659281257,0.053303763117152125
3.1,5.980617484507319,-22.623891434867378,0.055396381702454145
3.11,6.206215419390997,-22.60818554113048,0.0576215526336437
3.12,6.4316215497214895,-22.590192671249063,0.059988460220305476
3.13,6.656811735875194,-22.569910168245148,0.06250622134298597
3.14,6.881762310780287,-22.547332322500154,0.06518587649187907
3.15,7.106448306355019,-22.522457261155296,0.06804426619187255
3.16,7.330844436587872,-22.495284310430282,0.07109901311744864
3.17,7.554925415467288,-22.46581279654482,0.07436773994308897
3.18,7.778665956981749,-22.434042045718623,0.07786806934327578
3.19,8.002040775119697,-22.399971384171394,0.0816176239924907
3.2,8.225024945281731,-22.363598840350978,0.08563358726162709
3.21,8.447593126031224,-22.324921675625486,0.08994072629845522
3.22,8.669718441074703,-22.283940663017056,0.09457192537504283
3.23,8.891373971049392,-22.240656694734195,0.09956023199255214
3.24,9.112532796592554,-22.195070662985422,0.10493869365214614
3.25,9.333167998341414,-22.147183459979253,0.11074035785498697
3.2600000000000002,9.553253546139565,-22.096994358600345,0.11699471147051889
3.27,9.772762255175682,-22.044502689253967,0.12374651032011184
3.2800000000000002,9.991664375680188,-21.989711021284375,0.13105823506048755
3.29,10.209930132817126,-21.932621960772025,0.1389925131076532
3.3000000000000003,10.427529751750573,-21.87323811379735,0.1476119718776174
3.31,10.64443345764457,-21.811562086440805,0.15697923878638723
3.3200000000000003,10.860613229675652,-21.747594576655008,0.16714906230796758
3.33,11.076037956931863,-21.681337256235047,0.17821186042475914
3.34,11.29067283116207,-21.61279453368053,0.19028638995911662
3.35,11.504483042409325,-21.541970818957793,0.20349141894534103
3.36,11.71743378071665,-21.468870522033182,0.2179457154177316
3.37,11.929491637180055,-21.393497270958225,0.23375900175425626
3.38,12.140623335152394,-21.315853414979962,0.251059893823876
3.39,12.350786278457987,-21.235945035447564,0.2700612520185163
3.4,12.559937167133315,-21.153778542283202,0.2909815327960964
3.41,12.768032701214892,-21.069360345409024,0.31403919261453916
3.42,12.975032842040102,-20.982695693758156,0.3394296272291575
3.43,13.180894522515356,-20.893789551220422,0.36740746088766085
3.44,13.385560834502018,-20.802650575268487,0.39835941146316367
3.45,13.588974440199397,-20.70928755254175,0.4326758948868722
3.46,13.791078974121913,-20.613709051346543,0.4707388870930221
3.47,13.991825782832777,-20.515921309392468,0.5128893963539779
3.48,14.191141704059142,-20.415934719443232,0.5597396615885214
3.49,14.388946529402439,-20.313761084424623,0.611970546599125
3.5,14.585160470179975,-20.2094121374238,0.6702589049172785
3.5100000000000002,14.779717502352195,-20.102896859702582,0.735178954476932
3.52,14.972517712332747,-19.994228501578807,0.8077144643272282
3.5300000000000002,15.163444101419815,-19.883422908094573,0.8890279786801384
3.54,15.352381507637826,-19.770495672749824,0.9802636232249042
3.5500000000000003,15.539234310487046,-19.655459082753755,1.0824222758783935
3.56,15.723846770285288,-19.538332132573768,1.1972353654864445
3.5700000000000003,15.906043376849906,-19.41913630945069,1.326650550352816
3.58,16.085660899384465,-19.297891606576858,1.4724908297078596
3.59,16.262539254217113,-19.174616340315573,1.6366818704374013
3.6,16.43641986879587,-19.04933909340177,1.8223278117158586
3.61,16.607035551719704,-18.922089413790832,2.0326292703086173
3.62,16.77416804008843,-18.792891180174145,2.27030873382336
3.63,16.937484719343278,-18.66177812756941,2.5396150257629673
3.64,17.096574750518247,-18.528791683480932,2.8457266076603163
3.65,17.251067314322135,-18.3939692278094,3.1933847069547205
3.66,17.400556908842223,-18.257349319348183,3.588009527317314
3.67,17.544422301885945,-18.11898994712794,4.0376859954277675
3.68,17.682060270188185,-17.978947424110732,4.550294744376215
3.69,17.812923366338396,-17.83727100914789,5.133299482219848
3.7,17.936103379109717,-17.694040577609005,5.798696759046726
3.71,18.05065324266853,-17.549339448483398,6.558958201326453
3.72,18.155776535603405,-17.403235866651904,7.424926819791466
3.73,18.25016608359887,-17.255840183347445,8.413744895708968
3.74,18.33237171691419,-17.107275085677575,9.544273675282303
3.75,18.401201339225764,-16.95763908953658,10.832365401957464
3.7600000000000002,18.454796363108013,-16.807085967852515,12.301458187503837
3.77,18.490986889731168,-16.65579640230023,13.97856373543411
3.7800000000000002,18.507986553915785,-16.503915507951152,15.886165891449094
3.79,18.503231590483608,-16.351656592465172,18.053714898557168
3.8000000000000003,18.473577506346608,-16.199285211036457,20.516606162440997
3.81,18.41634421422081,-16.04702144713222,23.305109137565424
3.8200000000000003,18.328268665356305,-15.895147060810398,26.449726735262708
3.83,18.205023973268883,-15.744050805829318,29.988887244590885
3.84,18.042611146844376,-15.59408134432128,33.958666370003286
3.85,17.837403093388204,-15.445566383661603,38.38056955526766
3.86,17.58418352203832,-15.299056016592013,43.273645091513856
3.87,17.277615705108502,-15.155116155982029,48.65725845265553
3.88,16.912923548468964,-15.014188529914126,54.54722106542245
3.89,16.48594404764826,-14.8768490675101,60.907044095188226
3.9,15.992258560041307,-14.743865582811793,67.6776064705513
3.91,15.427448429787717,-14.616005887565809,74.79978720967065
3.92,14.78740438712441,-14.493949662656105,82.19787054949936
3.93,14.071364280447932,-14.378409805856622,89.71528525527005
3.94,13.279914491890098,-14.270201126207471,97.17173762076469
3.95,12.412957193055465,-14.170140343299087,104.38054679005472
3.96,11.473996991796742,-14.078948762520472,111.11756133707713
3.97,10.47126953959856,-13.99726554493238,117.14537363921445
3.98,9.412504615461213,-13.925777814282048,122.21998076583468
3.99,8.306712740600881,-13.865116627607758,126.12461593364615
4.0,7.1683322667118,-13.81551923583351,128.71931509705013
4.01,6.011943443386709,-13.777279870431071,129.8610686174654
4.0200000000000005,4.851428143197101,-13.750791432413957,129.46715833883582
4.03,3.701697340279958,-13.735786564233027,127.61208895103681
4.04,2.57784326991858,-13.731954408035742,124.38166687788004
4.05,1.4938315322996496,-13.739233150209829,119.89142735531044
4.0600000000000005,0.4598119621818211,-13.757109423712526,114.35051791130823
4.07,-0.5141356303768188,-13.785014942831173,107.98222902099381
4.08,-1.420356453596548,-13.822433224113137,101.0138412059352
4.09,-2.255232012427636,-13.86859321365138,93.67534640982934
4.1,-3.0145791235620454,-13.922817293482352,86.19124084834868
4.11,-3.6986077056845845,-13.984383227164386,78.73028381428196
4.12,-4.308891926997857,-14.052520141116778,71.44830860713509
4.13,-4.846944228451786,-14.126478119971782,64.48007904671606
4.14,-5.316527430515211,-14.205623709946913,57.89327329717074
4.15,-5.721835015592939,-14.289341360978183,51.74636730758401
4.16,-6.067915603691764,-14.376898000424292,46.0813809126984
4.17,-6.35952306308633,-14.46773521085971,40.90007857247604
4.18,-6.600673054875662,-14.56145281171116,36.19898966157244
4.19,-6.795505953376134,-14.657638353569807,31.97326728576937
4.2,-6.950853596093264,-14.755625266532569,28.17996154030348
4.21,-7.070717434545051,-14.855052896714424,24.78569672182142
4.22,-7.157530561134986,-14.955719071145401,21.771100069632773
4.23,-7.213726068266568,-15.057421616855539,19.116798823046917
4.24,-7.242455185227137,-15.159896255177664,16.79434563701755
4.25,-7.2491112199354575,-15.262685629551415,14.742688327060337
4.26,-7.235714753713669,-15.36562518106441,12.937570661011476
4.2700000000000005,-7.203846930217677,-15.468588416169444,11.359966251110476
4.28,-7.155498598132496,-15.571414917050014,9.985766307973014
4.29,-7.09371352933706,-15.673855226660132,8.777055691148869
4.3,-7.019673056148129,-15.775811696427745,7.718057571436313
4.3100000000000005,-6.934350753803223,-15.877203760199986,6.795524092749755
4.32,-6.839087941648408,-15.977920127344381,5.991769835498735
4.33,-6.7355417998589635,-16.07782077447743,5.285422387225118
4.34,-6.624364739857328,-16.17684747140681,4.66734830569341
4.3500000000000005,-6.50617250798245,-16.27494500215348,4.128860003827324
4.36,-6.3819660082759535,-16.372024749534862,3.656847226792882
4.37,-6.252461226363778,-16.468020158031067,3.241913587223697
4.38,-6.118045362156926,-16.56289218410279,2.8786052439250502
4.39,-5.979158403189433,-16.65659705908523,2.5608786867257627
4.4,-5.836434340099081,-16.749072716540095,2.2807164326384686
4.41,-5.690173029990642,-16.840285585538773,2.034126351825325
4.42,-5.540621368653377,-16.930206739452743,1.8177278933256025
4.43,-5.388121257722515,-17.018798129970556,1.627152607554074
4.44,-5.232994841467405,-17.106022499072687,1.45848306905389
4.45,-5.0754025707868955,-17.19185742027802,1.3096369594941777
4.46,-4.9155093158727015,-17.276280009491206,1.1784875308475566
4.47,-4.753562328904123,-17.359258672532714,1.0621380829061413
4.48,-4.589711369777815,-17.440771023510187,0.9588521156667571
4.49,-4.424061938198586,-17.520799088791236,0.867367333682167
4.5,-4.256731139865485,-17.59932357339648,0.7863122525240039
4.51,-4.087876320062693,-17.67632029145519,0.714007247796873
4.5200000000000005,-3.9175807720386984,-17.751773023083214,0.6495751319074103
4.53,-3.745916486325552,-17.82566680408788,0.5922521344143457
4.54,-3.5729661171853637,-17.897985269382314,0.5411822944313156
4.55,-3.398830040147511,-17.968709477855235,0.49541295234632887
4.5600000000000005,-3.223563305889596,-18.03782615100127,0.45444976464261755
4.57,-3.047217226724211,-18.10532248968544,0.4178333816365457
4.58,-2.869848911539265,-18.17118477238521,0.38505824698236935
4.59,-2.691527411731081,-18.235397218727734,0.3555596783008549
4.6000000000000005,-2.512294090145123,-18.297948254212617,0.32903925443621546
4.61,-2.332187561215652,-18.358826732228163,0.3052226150673024
4.62,-2.151247811897867,-18.418021222085006,0.2838251536059619
4.63,-1.9695252918999766,-18.47551804997302,0.2645012684303336
4.64,-1.787055170304119,-18.531306552413362,0.2470530385368322
4.65,-1.6038683289971496,-18.585376937301675,0.2313180698024504
4.66,-1.4199956498659718,-18.637719412533578,0.217133968104185
4.67,-1.2354723249028794,-18.688322879791716,0.20431181940065468
4.68,-1.0503326832380142,-18.73717637785093,0.1926915182898547
4.69,-0.8646030255431928,-18.784271296889337,0.1821777884392266
4.7,-0.6783095936280594,-18.82959904459043,0.17267577865222913
4.71,-0.4914786791902672,-18.873151003941675,0.16409032017076872
4.72,-0.3041400113772551,-18.914916815582167,0.15630927771655148
4.73,-0.11632004363508536,-18.95488761338067,0.1492568600107608
4.74,0.07195769151877618,-18.993055952243743,0.14287887556758097
4.75,0.2606696615669135,-19.029414387077956,0.13712113290119438
4.76,0.4497923339918941,-19.06395547278988,0.13192944052578406
4.7700000000000005,0.639300797813365,-19.096670365209874,0.1272434895015165
4.78,0.8291707900878686,-19.12755066215128,0.12301716992993775
4.79,1.0193802669435486,-19.1565900889419,0.1192207667702867
4.8,1.2099071890589093,-19.183782375382687,0.1158245928008444
4.8100000000000005,1.4007295171124712,-19.2091212512746,0.11279896079989159
4.82,1.5918251632351021,-19.23260031120007,0.11011390609709246
4.83,1.7831712975266585,-19.254210897842047,0.10773814343833762
4.84,1.9747461464034823,-19.27394684701157,0.10565350640031007
4.8500000000000005,2.166528386366275,-19.291803184822314,0.10384539929786034
4.86,2.3584966939156864,-19.307774937387954,0.1022992264458394
4.87,2.5506297455524187,-19.321857130822167,0.10100039215909773
4.88,2.742906217777156,-19.33404479123862,0.09993430075248602
4.89,2.9353047842039577,-19.34433134759248,0.09908602977372946
4.9,3.1278041990551304,-19.352709322828446,0.09844573245447842
4.91,3.320383293331835,-19.359175179895335,0.09800882396244931
4.92,3.513020899303556,-19.36372549722311,0.0977708108691884
4.93,3.7056958492397616,-19.36635685324174,0.097727199746242
4.94,3.898386975409937,-19.367065826381182,0.09787349716515646
4.95,4.0910731100835145,-19.365848995071403,0.09820520969747808
4.96,4.283733088714306,-19.362702920554625,0.0987178354036794
4.97,4.476346703365578,-19.357618897318808,0.09940588582575374
4.98,4.668893185413798,-19.350590877361935,0.10027097555441714
4.99,4.861350841580713,-19.34161772160264,0.10131843656610953
5.0,5.053697978588121,-19.330698290959557,0.10255360083727112
5.01,5.2459129031578025,-19.317831446351324,0.10398180034434204
5.0200000000000005,5.437973922011555,-19.303016048696573,0.10560836706376252
5.03,5.629859341871125,-19.286250958913946,0.10743863297197241
5.04,5.821547469458309,-19.267535037922073,0.10947793004541197
5.05,6.013016611494891,-19.24686714663959,0.11173159026052129
5.0600000000000005,6.204245074702665,-19.22424614598513,0.11420494559374073
5.07,6.39521116582092,-19.19967089680398,0.11690332804686944
5.08,6.5858939947886155,-19.173136386743593,0.11983576268745344
5.09,6.776271890571085,-19.144638829204816,0.12302018829917871
5.1000000000000005,6.966322013314563,-19.11417881964491,0.12647534354145126
5.11,7.15602152316523,-19.081756953521133,0.1302199670736762
5.12,7.34534758026932,-19.047373826290748,0.1342727975552595
5.13,7.534277344773048,-19.011030033411018,0.13865257364560696
5.14,7.722787976822629,-18.972726170339193,0.1433780340041242
5.15,7.9108567758955495,-18.932462449913352,0.14846759965648504
5.16,8.098461701918827,-18.890236028099807,0.1539430142887129
5.17,8.285578396385604,-18.846047990876283,0.15984077032617425
5.18,8.472181988580921,-18.799900576210753,0.16619951664079735
5.19,8.658247607789841,-18.751796022071172,0.1730579021045112
5.2,8.84375038329737,-18.701736566425524,0.18045457558924283
5.21,9.028665444388574,-18.64972444724177,0.18842818596692115
5.22,9.212968607616181,-18.595760803356885,0.19701512345224523
5.23,9.39663531307162,-18.53984551351293,0.2062640655049611
5.24,9.579637415318578,-18.481982253879387,0.21624696624390297
5.25,9.761946594369338,-18.422174922797897,0.22703669158031858
5.26,9.943534530236171,-18.360427418610094,0.238706107425455
5.2700000000000005,10.124372902931366,-18.296743639657606,0.25132807969056037
5.28,10.304435043793756,-18.23112618999323,0.26496673415440386
5.29,10.483693631267187,-18.163576724503926,0.279705005816447
5.3,10.662114427187909,-18.094100927441772,0.29567706509005154
5.3100000000000005,10.839662928407575,-18.0227046590607,0.31301881794710507
5.32,11.016304631777796,-17.94939377961466,0.33186617035949084
5.33,11.192005034150222,-17.874174149357575,0.35235502829909626
5.34,11.366732653164231,-17.797050126938903,0.37460402001121906
5.3500000000000005,11.540453815481042,-17.718025531290284,0.39877248236626744
5.36,11.713123506642381,-17.637108401786538,0.4251091336670342
5.37,11.884696399683218,-17.554306909336685,0.4538648915199028
5.38,12.055127167638506,-17.46962922484974,0.48529067353125466
5.39,12.224371686637312,-17.383083158924475,0.519628840440297
5.4,12.392392712754537,-17.29467369704814,0.5570942583331678
5.41,12.559132049296466,-17.204410551594965,0.5980942224400183
5.42,12.724526452758885,-17.112304776602898,0.6430766830172168
5.43,12.888512679637573,-17.018367426109897,0.6924895903211284
5.44,13.051029739551828,-16.9226090643862,0.746763464439052
5.45,13.212026846677663,-16.8250372343827,0.8062833471198961
5.46,13.371419011027886,-16.725665379150534,0.8717628410300358
5.47,13.529113953560367,-16.62450837184166,0.9439783679729219
5.48,13.685019395232999,-16.521581085608027,1.0237063497520134
5.49,13.839055293051462,-16.416896192608082,1.111627277559961
5.5,13.991132325139809,-16.310466434180977,1.2085848955207672
5.51,14.141113271202151,-16.202311751235296,1.315878592016066
5.5200000000000005,14.28885951215284,-16.092452310980065,1.4348201537869278
5.53,14.434239360077687,-15.980907273230784,1.566660630259147
5.54,14.5771420170376,-15.867691712290986,1.7125419175171508
5.55,14.717370819268726,-15.752831359610651,1.8744867287950095
5.5600000000000005,14.854714228360182,-15.636353951101343,2.0546592124758685
5.57,14.988966780966814,-15.518286447660161,2.2551671956151322
5.58,15.119965581980672,-15.398649383532227,2.477803711245119
5.59,15.2474202878099,-15.27747741018686,2.7257150491364404
5.6000000000000005,15.371006280659277,-15.154809295328041,3.0023857923815847
5.61,15.490411503705719,-15.030682324482997,3.311180988472221
5.62,15.605381408291125,-14.90512569042642,3.655024655840285
5.63,15.715462013529994,-14.778189593259611,4.038943999647971
5.64,15.82015627409316,-14.649929056379358,4.468397039246921
5.65,15.919006357119455,-14.52039466036646,4.9484662801184935
5.66,16.011588671269124,-14.389631018073059,5.484042931921769
5.67,16.097178972840585,-14.257713973486931,6.083082722819446
5.68,16.175022971644093,-14.124722619093752,6.753839311125514
5.69,16.244482288047664,-13.990723056396218,7.503459465957568
5.7,16.304798941560588,-13.855791386585636,8.34026444731282
5.71,16.35485253558065,-13.720041741694379,9.276061008194468
5.72,16.393523775122087,-13.583588113738145,10.322649289887748
5.73,16.41995276165728,-13.446514899291031,11.489316307805154
5.74,16.432784633062493,-13.3089588190772,12.789269216692741
5.75,16.430384670471184,-13.171087147183405,14.238136081537046
5.76,16.411188238719852,-13.033058729704663,15.850987212025565
5.7700000000000005,16.373941037970503,-12.894995720275746,17.639241892401262
5.78,16.316554305086424,-12.75712175536524,19.61882570751161
5.79,16.236771329807702,-12.619680772509437,21.806804219951097
5.8,16.13248021010191,-12.482894848760711,24.21951667051174
5.8100000000000005,16.001963163154095,-12.346938431846876,26.866943426539283
5.82,15.842561249944463,-12.212145187725216,29.757456631988564
5.83,15.651490678975303,-12.078868696757409,32.89966086654416
5.84,15.425981091420356,-11.947456637540428,36.302364822334454
5.8500000000000005,15.163712375876619,-11.818144384349555,39.97051027861604
5.86,14.862487830086815,-11.691332745606124,43.883408474547934
5.87,14.520010024629912,-11.567500138896584,48.01466343148089
5.88,14.133981530084904,-11.447124981807397,52.337879170765305
5.89,13.702071900968708,-11.330666485551124,56.825908970961876
5.9,13.222843751900347,-11.218514128483552,61.42719516181849
5.91,12.696508378760665,-11.111159873144569,66.06266198176934
5.92,12.123396521723686,-11.009111196704595,70.65185396039536
5.93,11.50336492834326,-10.912878632049823,75.11169685068681
5.94,10.837870567933972,-10.822918295000877,79.34249394475853
5.95,10.131239239135033,-10.73962947008369,83.23826324778166
5.96,9.387862313067902,-10.663410507147125,86.693006271049
5.97,8.611322041407465,-10.594741958246612,89.59368151850386
5.98,7.8076459617450755,-10.533911603729088,91.85964611912051
5.99,6.98463285123368,-10.481052479936757,93.43070789210208
6.0,6.150008706781542,-10.436334977217063,94.24356853167414
6.01,5.310979085855045,-10.400099917265678,94.24469011452301
6.0200000000000005,4.475299778939519,-10.372229017961653,93.46245124463786
6.03,3.6508780694809104,-10.352509674467802,91.9371755229682
6.04,2.845694101000756,-10.340788112451268,89.70822710244694
6.05,2.0667815987571894,-10.337065068373455,86.83555255264713
6.0600000000000005,1.319095398915374,-10.340970623566148,83.41803387089428
6.07,0.6075285937698229,-10.352099524557778,79.55739094197821
6.08,-0.06268118454863725,-10.370197029933388,75.35572777560002
6.09,-0.689431167909409,-10.394838436249772,70.91313834637843
6.1000000000000005,-1.271359070881092,-10.425532060417146,66.32926125581302
6.11,-1.806512819904028,-10.461854248612712,61.70278426365688
6.12,-2.2949468416000665,-10.503380441686149,57.10592544861126
6.13,-2.7377989055923972,-10.549647431889825,52.601528368969284
6.140000000000001,-3.136073578551767,-10.60018020452344,48.25264755505202
6.15,-3.491214243494701,-10.654542604980762,44.10055669656272
6.16,-3.8054543084414143,-10.712368474350475,40.16704485955098
6.17,-4.081045364194792,-10.773293264909144,36.47357268408799
6.18,-4.320668828320768,-10.836882699774232,33.03624996294757
6.19,-4.527111064388402,-10.902743223938625,29.853691068767546
6.2,-4.702438767685598,-10.97063708961697,26.92251970461703
6.21,-4.848711674694664,-11.040327873692181,24.23939132044397
6.22,-4.968247542101027,-11.111549746811805,21.798418462197024
6.23,-5.0648176472217274,-11.183878835609715,19.57470343593458
6.24,-5.140162361779566,-11.257135959398445,17.555219099937727
6.25,-5.195567797456488,-11.331194853435337,15.73071080095316
6.26,-5.23232006593443,-11.405929252977725,14.091923885727784
6.2700000000000005,-5.2517798923669785,-11.481205326006489,12.62882922187246
6.28,-5.256946529603987,-11.556723155641421,11.313343252818859
6.29,-5.249430077852599,-11.632323952813357,10.129129210031213
6.3,-5.229993071837332,-11.7079349245162,9.068245237819205
6.3100000000000005,-5.199398046282697,-11.783483277743867,8.122749480492446
6.32,-5.158437737919169,-11.858893260167681,7.284386421362421
6.33,-5.108853741078101,-11.933995402032068,6.5349053806877215
6.34,-5.051672471851074,-12.008688263579765,5.863095839164486
6.3500000000000005,-4.98737309986217,-12.08292368846405,5.263366670693395
6.36,-4.916434794735489,-12.156653520338173,4.73012674917528
6.37,-4.839478701827834,-12.229815472894462,4.256347269266488
6.38,-4.757466637942714,-12.302312109743864,3.83162961993144
6.390000000000001,-4.670764397770762,-12.374103756293344,3.4517105460961535
6.4,-4.5796765230788195,-12.445156762112436,3.112951672233839
6.41,-4.484526175882125,-12.515435563797471,2.8115321979564927
6.42,-4.385875948539874,-12.584879413163105,2.5413625118237566
6.43,-4.284028181464944,-12.65345297973642,2.2990757448123467
6.44,-4.179177403374311,-12.721131841062556,2.0823833192297085
6.45,-4.071518854260794,-12.787891497884516,1.8889899362526164
6.46,-3.9613686738868177,-12.8536941181563,1.7155010943271587
6.47,-3.8489627738878207,-12.918509577082382,1.5594288465546269
6.48,-3.7344269058485056,-12.982319440860563,1.41935786129685
6.49,-3.617886821353605,-13.045105275688616,1.2938728069156942
6.5,-3.4995126237117122,-13.106843406506423,1.1811735945130157
6.51,-3.3794890438194876,-13.167507827031887,1.0794326145257302
6.5200000000000005,-3.2579011686840142,-13.227083833475064,0.9877646686281876
6.53,-3.1348319911389924,-13.285556964260183,0.9053035938858227
6.54,-3.010374320451052,-13.34291148495365,0.8311017984340969
6.55,-2.8846616606626156,-13.399126119035365,0.7639189497881151
6.5600000000000005,-2.757761954863892,-13.454187673401977,0.7031291054410896
6.57,-2.629731706347269,-13.508084407845196,0.6482063634618643
6.58,-2.5006274366041374,-13.560804579476198,0.5986246766380074
6.59,-2.3705297188930397,-13.612332822406183,0.5536797583405191
6.6000000000000005,-2.2395055527716052,-13.662655465027466,0.5128278939572127
6.61,-2.1075950897393025,-13.711762717937876,0.47575206586041824
6.62,-1.9748384812955646,-13.759644791735251,0.44213525642245416
6.63,-1.8412780909343915,-13.806291499777252,0.4116445033830485
6.640000000000001,-1.7069727805676314,-13.851689590428075,0.3838455239624694
6.65,-1.5719589062931898,-13.895829656789445,0.35850021308445085
6.66,-1.4362665775600758,-13.938703393685838,0.33541895419399337
6.67,-1.2999259038173114,-13.980302495941725,0.3144121307361002
6.68,-1.1629694103837533,-14.020618090884309,0.29527441112685093
6.69,-1.0254379645466285,-14.059639259751382,0.27776074791324745
6.7,-0.887357764739059,-14.097358401273212,0.2617430806532075
6.71,-0.7487528043347941,-14.133768423769423,0.247109102844551
6.72,-0.6096470767075945,-14.168862235559642,0.23374650798509966
6.73,-0.4700653677225542,-14.20263247659006,0.2215382467370044
6.74,-0.3300381998405627,-14.235069789213458,0.21034089668470782
6.75,-0.18958806993846306,-14.266167428438045,0.20007430653155478
6.76,-0.048735298507780245,-14.295919375688404,0.19067288697359966
6.7700000000000005,0.09249979395997299,-14.32431961238912,0.18207104870689597
6.78,0.2340968869732466,-14.351362119964774,0.17420320242749956
6.79,0.37603339158066285,-14.377039599155667,0.166992731641442
6.8,0.5182870409201221,-14.401344817825304,0.16037527790391057
6.8100000000000005,0.6608396348891328,-14.424272765109167,0.15431321073407697
6.82,0.8036730016124234,-14.445818445793474,0.1487690634559968
6.83,0.94676896921476,-14.465976864664448,0.14370536939372414
6.84,1.0901093658208965,-14.484743026508308,0.13908466187131355
6.8500000000000005,1.2336746370472105,-14.50211038309818,0.13486383704951915
6.86,1.3774458990913179,-14.518072944024244,0.13101042156078896
6.87,1.5214061843809628,-14.532626767617625,0.12750394931912085
6.88,1.6655385260340547,-14.54576791296378,0.12432395789981837
6.890000000000001,1.809825957168516,-14.557492439148167,0.12144998487818481
6.9,1.9542515109022298,-14.567796405256233,0.1188615678295242
6.91,2.0987980946066025,-14.576675504604838,0.11653768292668153
6.92,2.243447915298818,-14.584123193063649,0.11445681317634121
6.93,2.388184347993057,-14.590135965931252,0.11260736409100737
6.94,2.532991028533044,-14.594711044797043,0.1109793317893595
6.95,2.6778515927624658,-14.597845651250415,0.10956271239007746
6.96,2.8227496765250466,-14.59953700688076,0.10834750201184075
6.97,2.9676689156644986,-14.599782333277478,0.10732369677332894
6.98,3.112592946024546,-14.598578852029958,0.10648129279322159
6.99,3.257505293929966,-14.595921316987711,0.10580992501739969
7.0,3.4023895960821258,-14.591805115728882,0.10530370683342614
7.01,3.547229676877083,-14.586228863201601,0.10495959477968839
7.0200000000000005,3.6920093608151854,-14.579191176366123,0.104774546487772
7.03,3.836712472396743,-14.570690672182701,0.10474551958926263
7.04,3.9813228361221027,-14.560725967611585,0.10486947171574587
7.05,4.125824276491601,-14.54929567961303,0.1051433604988073
7.0600000000000005,4.2702006180055845,-14.536398425147285,0.10556414357003262
7.07,4.414435685499954,-14.522032817791313,0.10612877735361682
7.08,4.558513817600532,-14.506192159350404,0.10683336020480341
7.09,4.7024191143275775,-14.488871654965433,0.10767861862592018
7.1000000000000005,4.846135121206836,-14.470071980586013,0.10866817024883241
7.11,4.989645383764014,-14.449793812161754,0.10980563270540505
7.12,5.132933447524856,-14.428037825642265,0.11109462362750337
7.13,5.2759828580150945,-14.404804696977155,0.11253876064699249
7.140000000000001,5.418777160760474,-14.380095102116034,0.11414166139573773
7.15,5.561299901286702,-14.353909717008513,0.11590694350560396
7.16,5.703534625119523,-14.3262492176042,0.11783822460845646
7.17,5.845464877784669,-14.297114279852705,0.1199391223361604
7.18,5.987074204807871,-14.266505579703638,0.12221325432058093
7.19,6.128346151714875,-14.234423793106606,0.12466423819358341
7.2,6.269264281142763,-14.200869466195064,0.12729573800328148
7.21,6.409812705876678,-14.165838032319208,0.13011542381095473
7.22,6.54997470229001,-14.129328579034304,0.13313590082075766
7.23,6.689733068070931,-14.091343357866716,0.13636972741468167
7.24,6.829070600907574,-14.051884620342818,0.13982946197471738
7.25,6.967970098488114,-14.010954617988975,0.14352766288285626
7.26,7.106414358500708,-13.968555602331556,0.14747688852108942
7.2700000000000005,7.24438617863353,-13.924689824896925,0.15168969727140844
7.28,7.381868356574713,-13.879359537211455,0.15617864751580376
7.29,7.518843709813561,-13.83256690350697,0.16095623698271322
7.3,7.6552955738704105,-13.784310694444597,0.16603536790726459
7.3100000000000005,7.79120593545673,-13.734592438390793,0.17143879540866355
7.32,7.926556152654085,-13.683415879397373,0.17719219721978538
7.33,8.06132758354408,-13.63078476151614,0.1833212510735066
7.34,8.195501586208305,-13.5767028287989,0.18985163470270344
7.3500000000000005,8.329059518728364,-13.52117382529746,0.19680902584025267
7.36,8.461982739185826,-13.464201495063632,0.20421910221902922
7.37,8.594252697915925,-13.4057893926454,0.2121071434175429
7.38,8.72585181083423,-13.345938094020843,0.22049731624616203
7.390000000000001,8.856759788338623,-13.284651363649788,0.2294327362027402
7.4,8.986955456362526,-13.221934456878891,0.23896133652202994
7.41,9.116417640839403,-13.157792629054793,0.24913105043878614
7.42,9.245125167702703,-13.09223113552414,0.25998981118776293
7.43,9.373056862885873,-13.025255231633576,0.2715855520037145
7.44,9.50019165305395,-12.956870079345377,0.28396564798434193
7.45,9.626511149684177,-12.887077772419824,0.29716605910087124
7.46,9.751992067499538,-12.815883320190828,0.3112595813934669
7.47,9.876608636550543,-12.743293760586884,0.3263344203650303
7.48,10.000335086887713,-12.66931613153648,0.3424787815184644
7.49,10.123145648561533,-12.593957470968128,0.3597808703566677
7.5,10.245014551622523,-12.517224816810316,0.3783288923825431
7.51,10.36591607556259,-12.439125179487492,0.39821076311357323
7.5200000000000005,10.485829073312551,-12.359662546980482,0.4194924865416611
7.53,10.604725141355472,-12.278843360167286,0.442298896949959
7.54,10.722570440348365,-12.196676759089533,0.4667900470780174
7.55,10.839331130948239,-12.113171883788855,0.49312598966538507
7.5600000000000005,10.954973373812106,-12.028337874306882,0.5214667774516133
7.57,11.069463329596951,-11.942183870685266,0.5519724631762457
7.58,11.182770056815889,-11.854717901456958,0.584785968000446
7.59,11.294865468253922,-11.765945831856166,0.6200512415864652
7.6000000000000005,11.405703943913895,-11.675878909584595,0.6580383762937138
7.61,11.515238340467501,-11.584528903885575,0.699027521495081
7.62,11.623421514586468,-11.491907584002416,0.7432988265634661
7.63,11.730206322942507,-11.398026719178436,0.7911324408717654
7.640000000000001,11.835550577826016,-11.30289671122686,0.8427770249723715
7.65,11.939416192031654,-11.206525768213714,0.8984810900909507
7.66,12.04173690474556,-11.108928583355182,0.9587036010249255
7.67,12.142444210832064,-11.01012041342412,1.0239191424889558
7.68,12.241469605155492,-10.910116515193392,1.0946022991977014
7.69,12.338744602581187,-10.808932141288423,1.1712275142731643
7.7,12.434219382538513,-10.706578296994309,1.2541490001928142
7.71,12.527819061281702,-10.603069761804413,1.3439433115726827
7.72,12.619441529830716,-10.498426625327532,1.4413903224448446
7.73,12.70898467920553,-10.392668977172455,1.5472699068413842
7.74,12.796346400426094,-10.285816906947993,1.662361938794358
7.75,12.88144037232643,-10.177887556033921,1.7873358446783822
7.76,12.964181117762083,-10.068896532945265,1.92290444966184
7.7700000000000005,13.044417705582006,-9.958870301134011,2.0702875222825075
7.78,13.121996231353378,-9.847835843810243,2.230726903217138
7.79,13.196762790643398,-9.735820144184004,2.4054644331425243
7.8,13.268582515114764,-9.622847014195559,2.595604123251084
7.8100000000000005,13.337336305159292,-9.508936310645506,2.8021799983759665
7.82,13.402800404321031,-9.394123733608334,3.0270367984355966
7.83,13.464742934235167,-9.278446269312512,3.272080294891046
7.84,13.522932016536876,-9.16194090398652,3.5392162592033687
7.8500000000000005,13.577169500080366,-9.044639322193007,3.8301051020537162
7.86,13.627270084000312,-8.926569644157968,4.1463372494466775
7.87,13.672896725409744,-8.807782198471534,4.490632049805405
7.88,13.713703832761457,-8.688328605968902,4.865771826097254
7.890000000000001,13.74934581450824,-8.568260487485258,5.274538901289618
7.9,13.779546023418517,-8.447618755301406,5.719224720265097
7.91,13.804002468167464,-8.326446561707826,6.202216012469208
7.92,13.822215832481945,-8.204816360378477,6.7272368018241755
7.930000000000001,13.833682836368858,-8.082801204828217,7.298038539904678
7.94,13.837900199835097,-7.960474148571943,7.9183726782852375
7.95,13.834491810746156,-7.837887623894642,8.591145268752593
7.96,13.822989518042153,-7.715108399048845,9.319397970169168
7.97,13.802692476303527,-7.592240627037912,10.107437583112244
7.98,13.772899224965188,-7.469388560071409,10.959574557371441
7.99,13.732908303462056,-7.346656450358939,11.880119342736151
8.0,13.682177115707333,-7.224118026070165,12.872595602935375
8.01,13.620123365431764,-7.101859825312224,13.939320550104737
8.02,13.54586005530263,-6.980030354479436,15.083193539065348
8.03,13.45849787366453,-6.858778579234053,16.307121434304666
8.040000000000001,13.357147508862043,-6.738253465238301,17.614011100310382
8.05,13.24094090591881,-6.618591945021365,19.007059711690836
8.06,13.109217038667644,-6.499849786696412,20.489255719304442
8.07,12.961216771265661,-6.382206450423106,22.0565047831717
8.08,12.796136756939683,-6.2658731676363795,23.703540480125415
8.09,12.61317364891653,-6.151061169771169,25.425096386998383
8.1,12.411524100423014,-6.03798168826241,27.215906080623405
8.11,12.19038476468596,-5.926845954545037,29.07070313783328
8.120000000000001,11.94894901707762,-5.817860206636315,30.984110960251588
8.13,11.686626741233528,-5.711172911223427,32.945173252475705
8.14,11.403411094998159,-5.606988060742538,34.93490646327667
8.15,11.09937521345838,-5.505531888103007,36.93371155269937
8.16,10.774592231701059,-5.407030626214189,38.9219894807887
8.17,10.429059641502569,-5.311711388512464,40.88004429184757
8.18,10.06259254917551,-5.2197939951590175,42.785102893104884
8.19,9.676343514440015,-5.131465091283418,44.61078914462036
8.2,9.271711102388624,-5.046906747128825,46.33052534326998
8.21,8.850093878113801,-4.9663010329383885,47.917733785930004
8.22,8.41277564934736,-4.889843315521008,49.34498944264206
8.23,7.9608199091682454,-4.817762238307255,50.58395456940983
8.24,7.496590244514911,-4.750148394156041,51.61705057827883
8.25,7.022640561835583,-4.687071294690692,52.428193547718095
8.26,6.54152476757849,-4.628600451534532,53.00129955619669
8.27,6.055691583440924,-4.574869692354186,53.317337719076775
8.28,5.5674570324849935,-4.526046795260907,53.36475618027069
8.290000000000001,5.079454024940946,-4.482058446521444,53.152111269131474
8.3,4.594332740846751,-4.442819515603416,52.688741428545875
8.31,4.114743360240111,-4.408244871974415,51.983985101400556
8.32,3.6433789549212734,-4.378280245811538,51.04674337387483
8.33,3.1827562830393816,-4.352997204605385,49.88965441972662
8.34,2.7345334945264943,-4.332250349985449,48.537187323999774
8.35,2.3002750819798043,-4.315856537833709,47.01499364567237
8.36,1.881545537996507,-4.303632624032151,45.348724943722495
8.370000000000001,1.4802391788699343,-4.295464646728772,43.56440958345926
8.38,1.0976245845426975,-4.291245201085445,41.687397982585125
8.39,0.7340479699705753,-4.290760425727294,39.742010119057845
8.4,0.3898514072133299,-4.293795850931539,37.75256130762908
8.41,0.0654296396291173,-4.3001411900011055,35.743600593063874
8.42,-0.23854634504220995,-4.309634352524483,33.738797553674026
8.43,-0.5223331722195818,-4.322092287415981,31.753479390060477
8.44,-0.7864030855167277,-4.33732052713042,29.801558878873625
8.45,-1.0312283285473782,-4.355124604122624,27.896948796763873
8.46,-1.257258022219502,-4.375304731987125,26.053510858666296
8.47,-1.4650007210356648,-4.3976662833135665,24.280694935904773
8.48,-1.6551899174078124,-4.422056086490781,22.5829578775659
8.49,-1.828573435929528,-4.4483238261416655,20.96455305188971
8.5,-1.9858991011943945,-4.476319186889116,19.429733827116234
8.51,-2.128110009406736,-4.505855372962227,17.981063071932713
8.52,-2.2562028439883863,-4.536756718628379,16.61712646840993
8.53,-2.37085854155704,-4.568920696737778,15.336891505224097
8.540000000000001,-2.4727551663628904,-4.602245382895239,14.139339545932504
8.55,-2.562570782656081,-4.636628852705558,13.023451954093073
8.56,-2.6411521348743916,-4.671945385417108,11.986866404212181
8.57,-2.7098016407965355,-4.708009493853617,11.022256631109169
8.58,-2.76906148891069,-4.744748840296013,10.126609474725921
8.59,-2.8193862791470448,-4.782103743495821,9.297520888939944
8.6,-2.86123061143579,-4.820014522204572,8.532586827628744
8.61,-2.8950490857071145,-4.858421495173793,7.829403244669826
8.620000000000001,-2.9214220483189677,-4.897249112405942,7.184511325735527
8.63,-2.941515200978339,-4.936348683398624,6.589101045159997
8.64,-2.955743312507371,-4.975667433978403,6.039964678597867
8.65,-2.9643795371761237,-5.015170545661451,5.535031283627278
8.66,-2.9676970292546567,-5.054823199963937,5.072229917826377
8.67,-2.965968943013029,-5.094590578402032,4.649489638773304
8.68,-2.959487747760621,-5.13443552076283,4.2645763531086915
8.69,-2.9489882565013836,-5.174267146096257,3.9114490852357235
8.700000000000001,-2.934862275249335,-5.214035924137623,3.586783338531801
8.71,-2.9172789548743077,-5.253719283389084,3.2891079227004107
8.72,-2.896407446246127,-5.293294652352814,3.0169516474448663
8.73,-2.872416900234621,-5.332739459530982,2.76884332246854
8.74,-2.845494698316186,-5.37202892519263,2.543158875883014
8.75,-2.816069233760247,-5.411108890513335,2.336248360263402
8.76,-2.7843460538230964,-5.449951774258067,2.146319989693895
8.77,-2.7504322106167294,-5.488541873274044,1.9724066162808347
8.78,-2.714434756253139,-5.5268634844084845,1.8135410921305644
8.790000000000001,-2.676460742844313,-5.564900904508613,1.6687562693494011
8.8,-2.636666176782154,-5.602632342758665,1.536683671984132
8.81,-2.5952843864846904,-5.640026135220636,1.4153395714264017
8.82,-2.5523940052417635,-5.67706958222086,1.3040281431457568
8.83,-2.508063568507466,-5.713751231394231,1.2021369518659037
8.84,-2.462361611735891,-5.750059630375643,1.109053562310549
8.85,-2.4153598997761727,-5.7859829090665675,1.024139649862157
8.86,-2.3672010154021796,-5.821499945995376,0.9461993852041439
8.870000000000001,-2.3179665096003434,-5.8565972823031105,0.8745523458088815
8.88,-2.267700987611483,-5.891266203191959,0.8088182356214193
8.89,-2.216449054676388,-5.92549799386413,0.7486167585867676
8.9,-2.164255316035861,-5.959283939521824,0.6935676186499505
8.91,-2.1111854943492014,-5.992612401470904,0.6431282399189833
8.92,-2.057320279180596,-6.025469545017841,0.596658941716497
8.93,-2.0026909587061263,-6.057848270910673,0.5539148244061642
8.94,-1.9473273445345916,-6.089741682758114,0.5146625645025847
8.950000000000001,-1.8912592482747796,-6.121142884168878,0.4786688385203518
8.96,-1.8345183270825351,-6.152044699860567,0.445686479001291
8.97,-1.7771612395548264,-6.182436143438605,0.4152873032330856
8.98,-1.7192196470769239,-6.212309931162073,0.3872454380672237
8.99,-1.6607142630606684,-6.241660424064727,0.3614190401223554
9.0,-1.6016658009179021,-6.2704819831803205,0.33766626601713023
9.01,-1.5420949740604664,-6.29876896954261,0.31584527237019844
9.02,-1.4820281240530258,-6.326514772689418,0.29577399017157485
9.03,-1.4215009295415912,-6.353711150926986,0.2772114176010098
9.040000000000001,-1.3605299057856766,-6.380353149072366,0.26006204908718233
9.05,-1.299130205287355,-6.406436046455392,0.2442404057696595
9.06,-1.2373169805486675,-6.4319551224059115,0.22966100878799922
9.07,-1.1751053840716654,-6.456905656253768,0.21623837928176254
9.08,-1.1125162730342306,-6.481281739406327,0.20384812097594437
9.09,-1.0495716995975257,-6.505077224670197,0.19236447021991726
9.1,-0.9862835597936943,-6.528288086810321,0.18173564058783587
9.11,-0.9226636379473612,-6.550910323894108,0.17191063480609042
9.120000000000001,-0.8587237183831402,-6.5729399339889705,0.16283845560106947
9.13,-0.7944755854256786,-6.59437291516231,0.15446810569916639
9.14,-0.7299342357488436,-6.615204392104106,0.1467274472788121
9.15,-0.6651159674721803,-6.635429171131597,0.13954017056269205
9.16,-0.6000306683584701,-6.655043828143971,0.1328754628728236
9.17,-0.5346881119431923,-6.67404497034317,0.12670329379525297
9.18,-0.46909807176182644,-6.692429204931131,0.12099363291602644
9.19,-0.4032703213498518,-6.710193139109799,0.11571644982119025
9.200000000000001,-0.3372153162387377,-6.727333110112745,0.11083728176825905
9.21,-0.27094656171473996,-6.743844283785422,0.10630372738411331
9.22,-0.2044734165922496,-6.7597235236285895,0.10209328670036782
9.23,-0.137804482239509,-6.774967997061794,0.09818859673528012
9.24,-0.07094836002476057,-6.78957487150458,0.09457229450710769
9.25,-0.0039136513162469355,-6.803541314376492,0.09122701703410807
9.26,0.06329104251778955,-6.816864493097075,0.08813540133453877
9.27,0.13065627636401245,-6.829541027534939,0.08527471957006133
9.28,0.1981715103064861,-6.841566891148319,0.082616971167606
9.290000000000001,0.26582866581690706,-6.852939718516663,0.08015148736252375
9.3,0.33361979695329785,-6.8636572319213425,0.07786848616451533
9.31,0.40153695777371745,-6.873717153643734,0.07575818558328015
9.32,0.4695722023362125,-6.8831172059652115,0.0738108036285181
9.33,0.5377175846988298,-6.891855111167151,0.07201655830992904
9.34,0.6059650155032001,-6.899928411462585,0.07036471152664595
9.35,0.674305276134046,-6.9073332816434,0.06883770728075643
9.36,0.7427303979960811,-6.9140675622578875,0.06742767941947188
9.370000000000001,0.811232781641642,-6.920129567006386,0.06612935892401867
9.38,0.8798048276230293,-6.925517609589229,0.06493747677562384
9.39,0.9484389364925792,-6.930230003706753,0.06384676395551374
9.4,1.0171275088026164,-6.934265063059293,0.06285195144491496
9.41,1.0858629451054655,-6.937621101347185,0.06194777022505407
9.42,1.1546376187531913,-6.9402963532583986,0.06112874976834161
9.43,1.22344328883657,-6.942287316433212,0.060385227318203796
9.44,1.2922722093757855,-6.94359204738013,0.05971212532888748
9.450000000000001,1.3611169477563918,-6.9442095312318735,0.059106826864479704
9.46,1.4299700713639072,-6.944138753121167,0.05856671498906783
9.47,1.4988241475838857,-6.943378698180734,0.0580891727667389
9.48,1.5676717438018695,-6.941928351543298,0.057671583261580055
9.49,1.6365054274034012,-6.939786698341584,0.057311329537678445
9.5,1.7053177657740228,-6.936952723708314,0.05700579465912122
9.51,1.7741013262992764,-6.933425412776213,0.056752361689995534
9.52,1.84284849377799,-6.92920232780368,0.05654693096778101
9.53,1.9115515700444714,-6.924280487353189,0.05638523488494833
9.540000000000001,1.9802031983122228,-6.918659646245198,0.05626615153609187
9.55,2.048796027373659,-6.912339603408982,0.056188607432927064
9.56,2.1173227060212327,-6.905320157773814,0.056151529087169284
9.57,2.185775883047383,-6.897601108268971,0.05615384301053393
9.58,2.25414820724455,-6.889182253823727,0.05619447571473639
9.59,2.3224323274051732,-6.880063393367355,0.056272353711492064
9.6,2.3906208923216927,-6.870244325829132,0.05638640351251635
9.61,2.458706550786548,-6.859724850138331,0.05653555162952464
9.620000000000001,2.5266819515921917,-6.848504765224225,0.05671872457423237
9.63,2.594539661241692,-6.8365827845500435,0.05693442732130504
9.64,2.662271989642218,-6.823954218262758,0.05718005101619634
9.65,2.729871622722359,-6.810619311386126,0.05745518444603621
9.66,2.797331294970314,-6.796578948110251,0.05775967999217456
9.67,2.8646437408742838,-6.781834012625236,0.05809339003596131
9.68,2.931801694922467,-6.766385389121183,0.058456166958746385
9.69,2.9987978916030635,-6.750233961788195,0.05884786314187968
9.700000000000001,3.0656250654042854,-6.7333806148163715,0.059268330966711205
9.71,3.132275950814308,-6.7158262323958215,0.05971742281459072
9.72,3.1987432823213435,-6.6975716987166445,0.06019499106686821
9.73,3.265019794413591,-6.678617897968943,0.060700888104893595
9.74,3.331098221579251,-6.65896571434282,0.061234966310016785
9.75,3.3969712983065223,-6.638616032028377,0.0617970780635877
9.76,3.4626317590836053,-6.617569735215718,0.06238707574695626
9.77,3.5280723383986996,-6.595827708094945,0.06300481174147238
9.78,3.5932852060285474,-6.5733866815687625,0.06364966881064914
9.790000000000001,3.658262045807432,-6.55023974435856,0.06432087894969757
9.8,3.722995784683381,-6.526389070324958,0.06501892184649453
9.81,3.787479387596764,-6.501837111884931,0.06574431199948262
9.82,3.8517058194879383,-6.476586321455454,0.06649756390710425
9.83,3.915668045297263,-6.450639151453507,0.06727919206780188
9.84,3.979359029965096,-6.423998054296068,0.06808971098001794
9.85,4.042771738431795,-6.396665482400114,0.06892963514219487
9.86,4.105899135637718,-6.368643888182622,0.06979947905277513
9.870000000000001,4.168734186523236,-6.339935724060567,0.0706997572102013
9.88,4.231269856028682,-6.310543442450935,0.07163098411291553
9.89,4.293499109094427,-6.280469495770698,0.0725936742593604
9.9,4.355414910660829,-6.249716336436836,0.07358834214797837
9.91,4.417010225668246,-6.218286416866325,0.07461550227721185
9.92,4.478278019057036,-6.186182189476145,0.07567566914550332
9.93,4.539211255767557,-6.1534061066832715,0.0767693572512952
9.94,4.599802900740167,-6.119960620904683,0.07789708109302994
9.950000000000001,4.660045918915236,-6.085848184557352,0.07905935516915019
9.96,4.7199332752331,-6.051071250058268,0.080256693978098
9.97,4.7794579346341255,-6.015632269824402,0.08148961201831598
9.98,4.838612862058675,-5.979533696272732,0.08275862378824658
9.99,4.897389821457949,-5.942772602388429,0.08406450007888809
10.0,4.955780333565398,-5.905344669183308,0.08540854294214321
10.01,5.013777763612477,-5.867253644507674,0.0867919697220493
10.02,5.071375489488162,-5.828503332216787,0.08821599615500617
10.03,5.128566889081426,-5.789097536165908,0.08968183797741357
10.040000000000001,5.1853453402812555,-5.749040060210289,0.09119071092567155
10.05,5.241704220976604,-5.708334708205206,0.09274383073617937
10.06,5.297636909056456,-5.6669852840059125,0.09434241314533706
10.07,5.353136782409787,-5.624995591467669,0.09598767388954439
10.08,5.408197218925571,-5.582369434445735,0.09768082870520117
10.09,5.462811596492784,-5.539110616795373,0.09942309332870714
10.1,5.5169732930004,-5.495222942371841,0.10121568349646211
10.11,5.570675686337394,-5.450710215030401,0.10305981494486584
10.120000000000001,5.623912154392748,-5.405576238626306,0.10495670341031846
10.13,5.67667607505542,-5.3598248170148315,0.10690756462921905
10.14,5.728960826214395,-5.313459754051231,0.10891361433796776
10.15,5.7807597857586455,-5.2664848535907645,0.11097606827296433
10.16,5.832066327284047,-5.218903908910736,0.11309614285918655
10.17,5.882871271463867,-5.1707144560593115,0.11527565092107357
10.18,5.933166144232215,-5.121915890399999,0.1175169803485302
10.19,5.9829447864180825,-5.072513338995043,0.11982230580864017
10.200000000000001,6.0322010388504745,-5.022511928906683,0.12219380196848759
10.21,6.080928742358367,-4.971916787197181,0.12463364349515532
10.22,6.129121737770761,-4.920733040928774,0.12714400505572748
10.23,6.176773865916653,-4.8689658171637085,0.12972706131728778
10.24,6.223878967625035,-4.8166202429642295,0.1323849869469199
10.25,6.270430883724901,-4.7637014453925834,0.13511995661170756
10.26,6.316423455045245,-4.710214551511016,0.13793414497873444
10.27,6.361850522415062,-4.656164688381772,0.14082972671508423
10.28,6.406705926663344,-4.601556983067099,0.14380887648784066
10.290000000000001,6.450983508619094,-4.546396562629233,0.146873768964088
10.3,6.494677109111289,-4.490688554130437,0.1500265788109088
10.31,6.537780568968931,-4.43443808463295,0.15326948069538734
10.32,6.580287729021015,-4.377650281199014,0.15660464928460732
10.33,6.6221924300965345,-4.32033027089088,0.1600342592456524
10.34,6.66348834820613,-4.262482868769282,0.16356052162682905
10.35,6.7041655262648465,-4.2041061120599705,0.167186808199584
10.36,6.744216538379429,-4.145203081281414,0.17091683860320514
10.370000000000001,6.783635654265223,-4.085780104179951,0.17475409301766204
10.38,6.822417143637556,-4.025843508501946,0.17870205162292224
10.39,6.860555276211774,-3.9653996219937384,0.1827641945989553
10.4,6.8980443217032175,-3.9044547724016723,0.1869440021257301
10.41,6.934878549827227,-3.8430152874720953,0.1912449543832155
10.42,6.971052230299142,-3.781087494951354,0.19567053155138045
10.43,7.0065596328343025,-3.7186777225857943,0.2002242138101938
10.44,7.041395027148049,-3.655792298121763,0.20490948133962444
10.450000000000001,7.075552682955727,-3.592437549305596,0.20972981431964216
10.46,7.109026869972665,-3.528619803883662,0.2146886929302141
10.47,7.141811857914208,-3.4643453896022955,0.21978959735130998
10.48,7.173901916495698,-3.399620634207844,0.22503600776289873
10.49,7.205291315432474,-3.334451865446654,0.23043140434494924
10.5,7.2359743244398755,-3.2688454110650715,0.23597926727743035
10.51,7.26594378198098,-3.2028053608856806,0.24168335030882404
10.52,7.295189736826118,-3.136331697877494,0.24754852824127913
10.53,7.323706528631572,-3.069431390803307,0.25357949278153463
10.540000000000001,7.351488813042867,-3.0021119115908657,0.25978089615866545
10.55,7.37853124570551,-2.9343807321679547,0.2661573906017431
10.56,7.4048284822650245,-2.8662453244623203,0.27271362833984225
10.57,7.430375178366931,-2.797713160401723,0.2794542616020368
10.58,7.455165989656747,-2.728791711913921,0.2863839426174003
10.59,7.47919557177999,-2.6594884509266743,0.2935073236150065
10.6,7.502458580382181,-2.5898108493677423,0.30082905682392913
10.61,7.524949671108836,-2.5197663791648846,0.3083537944732419
10.620000000000001,7.54666349960548,-2.449362512245847,0.31608618879202
10.63,7.567594721517622,-2.3786067205384147,0.3240308920093342
10.64,7.587737992490784,-2.3075064759703343,0.3321925563542597
10.65,7.607087968170488,-2.2360692504693653,0.34057583405587016
10.66,7.625639304202248,-2.164302515963267,0.34918537734323934
10.67,7.643385169071522,-2.09221178598778,0.35802624981179787
10.68,7.660315098443272,-2.019797993610195,0.3671043919744286
10.69,7.676423785386177,-1.9470691055426492,0.3764241655311602
10.700000000000001,7.691706416993058,-1.8740337490571752,0.38598978924262284
10.71,7.706158180356725,-1.800700551425845,0.39580548186944187
10.72,7.7197742625700005,-1.7270781399206914,0.4058754621722476
10.73,7.732549850725701,-1.6531751418137601,0.4162039489116686
10.74,7.744480131916643,-1.5790001843770969,0.4267951608483336
10.75,7.755560293235646,-1.504561894882748,0.4376533167428711
10.76,7.765785521775526,-1.4298689006027585,0.44878263535590984
10.77,7.775151004629102,-1.354929828809175,0.46018733544807844
10.78,7.783651928889189,-1.2797533067740425,0.47187163578000546
10.790000000000001,7.791283481648608,-1.2043479617693942,0.4838397551123218
10.8,7.798040850000174,-1.128722421067302,0.49609591220565175
10.81,7.803919221036703,-1.0528853119397987,0.5086443258206261
10.82,7.8089137818510155,-0.9768452616589303,0.5214892147178734
10.83,7.81301966377242,-0.9006108482090607,0.5346348512297763
10.84,7.816224739330018,-0.8241842141590184,0.548091544603625
10.85,7.8185201112751415,-0.7475702918323288,0.5618633755109386
10.86,7.8199024525674945,-0.6707789233809229,0.5759484271275097
10.870000000000001,7.820368436166779,-0.5938199509567184,0.5903447826291331
10.88,7.8199147350326985,-0.5167032167116734,0.6050505251915962
10.89,7.818538022124955,-0.43943856279770604,0.6200637379906936
10.9,7.816234970403254,-0.3620358313667472,0.6353825042022179
10.91,7.813002252827296,-0.2845048645707281,0.6510049070019612
10.92,7.808836542356786,-0.20685550456157986,0.6669290295657162
10.93,7.803734511951425,-0.12909759349123373,0.6831529550692749
10.94,7.797692834570917,-0.05124097351162116,0.6996747666884298
10.950000000000001,7.790708183174963,0.02670451322534073,0.7164925475989762
10.96,7.78277723072327,0.10472902456769306,0.7336043809767004
10.97,7.773896650175539,0.1828227183635185,0.751008349997398
10.98,7.7640631144914725,0.260975752460886,0.768702537836861
10.99,7.753273296630774,0.33917828470786415,0.786685027670882
11.0,7.741523869553148,0.4174204729525217,0.8049539026752532
11.01,7.728811506218294,0.49569247504292746,0.823507246025767
11.02,7.715132739183575,0.5739845187776745,0.8423432217618516
11.03,7.700474506468521,0.6522918538188692,0.861462827510688
11.040000000000001,7.684829963802645,0.7306073855299934,0.8808550878519
11.05,7.668199197205039,0.8089207108650063,0.900503427998877
11.06,7.650582292694785,0.887221426777909,0.9203912731650188
11.07,7.631979336290967,0.9654991302226892,0.9405020485637217
11.08,7.61239041401267,1.0437434181533336,0.9608191794083822
11.09,7.59181561187898,1.12194388752383,0.9813260909123969
11.1,7.570255015908981,1.200090135288165,1.0020062082891619
11.11,7.547708712121759,1.2781717584003265,1.0228429567520738
11.120000000000001,7.524176786536393,1.3561783538143155,1.0438197615145326
11.13,7.499659325171978,1.434099518484091,1.0649200477899274
11.14,7.474156414047593,1.511924849363655,1.0861272407916582
11.15,7.447668139182325,1.589643943406994,1.1074247657331215
11.16,7.420194586595258,1.6672463975680958,1.1287960478277137
11.17,7.391735842305477,1.7447218088009473,1.150224512288831
11.18,7.362290148809965,1.8220600624349437,1.1716940285176232
11.19,7.331844392980089,1.8992531751491384,1.1931866287655304
11.200000000000001,7.300400497449863,1.976291445286877,1.214672560252182
11.21,7.267963998988666,2.0531646630507745,1.236120462514578
11.22,7.234540434365857,2.1298626186434872,1.2574989750897296
11.23,7.200135340350803,2.2063751022676574,1.2787767375146442
11.24,7.16475425371287,2.2826919041259273,1.299922389326329
11.25,7.128402711221424,2.358802814420939,1.3209045700617918
11.26,7.091086249645831,2.4346976233553352,1.3416919192580399
11.27,7.052810405755458,2.5103661211317583,1.3622530764520806
11.28,7.0135807163196695,2.5857980979528503,1.3825566811809213
11.290000000000001,6.973402718107826,2.660983344021267,1.4025713729815732
11.3,6.932281947889306,2.735911649539624,1.4222657913910366
11.31,6.890223942433471,2.8105728047105774,1.4416085759463222
11.32,6.847232484638638,2.8849564520205355,1.4605677886657016
11.33,6.803296913881663,2.9590511892490747,1.4791052793554043
11.34,6.758423979782492,3.0328474178282887,1.4971857710821563
11.35,6.7126256874206405,3.1063360171655106,1.5147754177987487
11.36,6.665914041875625,3.1795078666680734,1.5318403734579726
11.370000000000001,6.61830104822695,3.2523538457433236,1.5483467920126224
11.38,6.569798711554151,3.3248648337985696,1.5642608274154828
11.39,6.520419036936735,3.3970317102411567,1.5795486336193483
11.4,6.470174029454218,3.468845354478419,1.5941763645770097
11.41,6.419075694186114,3.5402966459176897,1.6081101742412585
11.42,6.3671360362119405,3.611376463966303,1.6213162165648858
11.43,6.314367060611213,3.6820756880315915,1.6337606455006823
11.44,6.260780772463447,3.752385197520889,1.6454096150014397
11.450000000000001,6.206389176848149,3.8222958718415416,1.6562292790199504
11.46,6.151203036252325,3.891798160471961,1.6661841561441972
11.47,6.0952192028819425,3.9608778184838864,1.6752245208399505
11.48,6.038448847859115,4.0295258088617905,1.6833281929548185
11.49,5.980908652276294,4.097735031173742,1.690481278761296
11.5,5.922615297225925,4.165498384987809,1.6966698845318784
11.51,5.863585463800461,4.232808769872059,1.701880116539061
11.52,5.803835833092348,4.299659085394561,1.7060980810553386
11.53,5.7433830861940365,4.366042231123382,1.7093098843532066
11.540000000000001,5.682243904197964,4.431951106626603,1.7115016327051606
11.55,5.620434968196602,4.497378611472268,1.7126594323836948
11.56,5.557972959282388,4.5623176452284575,1.712769389661305
11.57,5.494874558547772,4.626761107463238,1.7118176108104861
11.58,5.431156447085202,4.69070189774468,1.7097902021037337
11.59,5.366835305987128,4.75413291564085,1.7066732698135425
11.6,5.301927816345999,4.817047060719816,1.702452920212408
11.61,5.236445452879876,4.879430306168065,1.6971033541740668
11.620000000000001,5.170399124625252,4.941270008234973,1.6906216589085987
11.63,5.103805019102285,5.002561650057147,1.6830294980688087
11.64,5.036679324512633,5.063300715748097,1.6743485376604885
11.65,4.969038229057969,5.123482689421321,1.6646004436894306
11.66,4.900897920939965,5.183103055190319,1.6538068821614276
11.67,4.832274588360292,5.242157297168587,1.641989519082272
11.68,4.763184419520622,5.3006408994696255,1.6291700204577568
11.69,4.693643602622625,5.358549346206932,1.6153700522936745
11.700000000000001,4.623668325867962,5.415878121494015,1.600611280595815
11.71,4.553274777458329,5.472622709444353,1.5849153713699764
11.72,4.482479145595385,5.528778594171456,1.5683039906219485
11.73,4.411297618480801,5.584341259788819,1.550798804357524
11.74,4.33974638431625,5.639306190409943,1.5324214785824957
11.75,4.267841631303403,5.693668870148327,1.5131936793026561
11.76,4.195599547120143,5.747424777266971,1.4931370847283054
11.77,4.123034840904508,5.800563021528439,1.4722908489331785
11.78,4.050158960607161,5.853074483988468,1.4507062079778092
11.790000000000001,3.9769830997574704,5.904956183172532,1.4284253035508225
11.8,3.903518451884847,5.9562051376060765,1.4054902773408555
11.81,3.8297762105186592,6.006818365814575,1.3819432710365336
11.82,3.7557675691882917,6.056792886323491,1.3578264263264856
11.83,3.6815037214231263,6.10612571765829,1.333181884899341
11.84,3.606995860752547,6.154813878344434,1.3080517884437288
11.85,3.532255180705936,6.202854386907391,1.2824782786482782
11.86,3.457292874812677,6.250244261872622,1.2565034972016182
11.870000000000001,3.3821201366021407,6.296980521765599,1.2301695857923733
11.88,3.306748159603735,6.3430601851117725,1.203518686109182
11.89,3.2311881465475962,6.388480213428445,1.1765931169550854
11.9,3.155451055275908,6.4332331683214194,1.1494487104628508
11.91,3.079544483763678,6.477313787552996,1.1221340450212367
11.92,3.003474959714607,6.520719825117026,1.0946882325441905
11.93,2.9272490108323987,6.563449035007356,1.06715038494566
11.94,2.850873164820756,6.605499171217838,1.039559614139593
11.950000000000001,2.774353949383367,6.646867987742327,1.0119550320399329
11.96,2.697697892223962,6.687553238574658,0.9843757505606365
11.97,2.6209115210462297,6.727552677708687,0.9568608816156473
11.98,2.544001363553873,6.766864059138262,0.9294495371189129
11.99,2.466973947450594,6.805485136857234,0.902180828984381
12.0,2.3898358004400957,6.843413664859452,0.8750938691259996
12.01,2.31259345022608,6.880647397138764,0.8482277694577164
12.02,2.235253136354209,6.917183991828846,0.8216210196101507
12.030000000000001,2.1578137499366417,6.953018907513938,0.795293994116807
12.040000000000001,2.080276660456047,6.9881490507611135,0.7692667040707332
12.05,2.002646021889435,7.022572348003855,0.7435643160922643
12.06,1.9249259882138272,7.056286725675641,0.7182119968017403
12.07,1.8471207134062464,7.089290110209947,0.6932349128195013
12.08,1.7692343514437152,7.121580428040249,0.6686582307658873
12.09,1.6912710563032562,7.153155605600025,0.644507117261238
12.1,1.613234981961892,7.184013569322753,0.6208067389258936
12.11,1.5351302823966455,7.214152245641906,0.5975822623801937
12.120000000000001,1.456961111584525,7.243569560990969,0.5748588542444748
12.13,1.3787316235025808,7.272263441803408,0.5526616811390845
12.14,1.3004459702679965,7.300231814464054,0.5310159018385365
12.15,1.2220959063969434,7.327472291569526,0.5098921637154442
12.16,1.143673873850782,7.3539825447209815,0.48925538539104885
12.17,1.0651841650919613,7.3797605655123695,0.46911837351402197
12.18,0.9866310725829317,7.4048043455376416,0.4494939347330353
12.19,0.9080188887861425,7.429111876390747,0.4303948756967604
12.200000000000001,0.8293519061640294,7.452681149665642,0.41183400305386564
12.21,0.7506344171790701,7.475510156956267,0.3938241234530292
12.22,0.6718707142936999,7.497596889856579,0.3763780435429195
12.23,0.5930650899703688,7.518939339960527,0.3595085699722079
12.24,0.5142218366715262,7.539535498862061,0.3432285093895664
12.25,0.43534524685962217,7.559383358155133,0.3275506684436662
12.26,0.356439612997106,7.578480909433693,0.3124878537831793
12.27,0.27750577980764113,7.596826156547118,0.29803384814647327
12.280000000000001,0.1985207413329929,7.614417275932224,0.2840459744941818
12.290000000000001,0.11948434514028089,7.631252518922011,0.27049902110723284
12.3,0.0404026351029364,7.647330128834324,0.2574011912849998
12.31,-0.038718344905595226,7.662648348987003,0.24476068832685846
12.32,-0.11787255101186883,7.6772054226978925,0.23258571553218482
12.33,-0.19705393934243898,7.690999593284833,0.22088447620035473
12.34,-0.27625646602386034,7.704029104065668,0.2096651736307441
12.35,-0.3554740871826876,7.716292198358239,0.19893601112272882
12.36,-0.4347007589454758,7.727787119480388,0.18870519197568478
12.370000000000001,-0.5139304374387932,7.73851211074996,0.1789809194889862
12.38,-0.5931570787891667,7.748465415484793,0.16977139696201238
12.39,-0.6723746391231649,7.757645277002729,0.16108482769413757
12.4,-0.7515770745673426,7.766049938621614,0.15292941498473753
12.41,-0.8307728826834433,7.773677459738508,0.1452168422679642
12.42,-0.9099792687132195,7.780526133423275,0.1377944569898396
12.43,-0.9891893035479846,7.786594805435797,0.13066509469653773
12.44,-1.0683957003890745,7.79188232786019,0.12383393089518632
12.450000000000001,-1.147591172437839,7.79638755278057,0.1173061410929121
12.46,-1.2267684328955857,7.8001093322810515,0.11108690079684513
12.47,-1.3059201949636643,7.8030465184457505,0.10518138551411205
12.48,-1.385039171843411,7.8051979633587845,0.09959477075184066
12.49,-1.4641180767361617,7.8065625191042685,0.09433223201715873
12.5,-1.5431496228432515,7.8071390377663175,0.08939894481719411
12.51,-1.622126523366017,7.806926371429048,0.08480008465907456
12.52,-1.7010414915057932,7.805923372176577,0.08054082704992788
12.530000000000001,-1.7798872404639305,7.8041288920930185,0.07662634749688121
12.540000000000001,-1.8586679839898104,7.8015408291367425,0.07297487207549645
12.55,-1.9373909473993196,7.798157306467362,0.06947792969818534
12.56,-2.0160483422980002,7.793977980019263,0.06613818501758631
12.57,-2.0946323206233433,7.789002511247286,0.06295874908924887
12.58,-2.1731350343128377,7.783230561606271,0.05994273296872253
12.59,-2.2515486353039744,7.776661792551058,0.05709324771155677
12.6,-2.329865275534243,7.769295865536486,0.054413404373301104
12.61,-2.4080771069411337,7.761132442017395,0.05190631400950503
12.620000000000001,-2.4861762814621504,7.752171183448624,0.049575087675717645
12.63,-2.5641549510347557,7.742411751285016,0.04742283642748927
12.64,-2.642005267596453,7.731853806981408,0.04545267132036899
12.65,-2.7197193830847333,7.7204970119926415,0.0436677034099063
12.66,-2.7972942122989544,7.708339862541348,0.04203086476575808
12.67,-2.8747310010422593,7.695380258313357,0.040467151096729076
12.68,-2.9520219828206224,7.681618675066814,0.03897646211409397
12.69,-3.0291591606681956,7.667055649476861,0.03756062805678185
12.700000000000001,-3.1061345376191425,7.651691718218638,0.03622147916372161
12.71,-3.182940116707587,7.635527417967289,0.03496084567384281
12.72,-3.2595679009676934,7.618563285397955,0.03378055782607432
12.73,-3.3360098934336135,7.600799857185777,0.03268244585934525
12.74,-3.4122580971394973,7.582237670005894,0.031668340012584686
12.75,-3.4883045151194962,7.562877260533451,0.030740070524721747
12.76,-3.564141150407761,7.542719165443586,0.029899467634685525
12.77,-3.6397604414619136,7.5217636324373895,0.029144183310316554
12.780000000000001,-3.715159224102462,7.5000082847377625,0.02842965635851665
12.790000000000001,-3.7903308863250276,7.477453624077522,0.027744377158432712
12.8,-3.8652674870739663,7.454101098215136,0.027089585891599405
12.81,-3.9399610852936187,7.429952154909077,0.026466522739551513
12.82,-4.0144037399283246,7.405008241917818,0.025876427883823827
12.83,-4.088587509922426,7.3792708069998305,0.02532054150595114
12.84,-4.162504454220262,7.352741297913588,0.02480010378746824
12.85,-4.236146631766174,7.3254211624175625,0.02431635490990992
12.86,-4.309506101504503,7.297311848270227,0.023870535054810967
12.870000000000001,-4.382574922379603,7.268414803230048,0.0234638844037061
12.88,-4.455345153336929,7.238731475053264,0.023097643123570936
12.89,-4.527810152008255,7.208260985864343,0.022756878068780538
12.9,-4.599963418988226,7.177003087020099,0.022426391525077
12.91,-4.671797234854242,7.144960155992689,0.02210693513534431
12.92,-4.7433038801836975,7.112134570254275,0.021799260542466458
12.93,-4.814475635553994,7.078528707277015,0.021504119389327444
12.94,-4.885304781542529,7.044144944533069,0.021222263318811253
12.950000000000001,-4.955783598726711,7.008985659494588,0.020954443973801837
12.96,-5.025904367683916,6.973053229633746,0.02070141299718328
12.97,-5.095659368991553,6.936350032422694,0.020463922031839527
12.98,-5.16504088322702,6.898878445333593,0.02024272272065457
12.99,-5.234041190967716,6.860640845838602,0.0200385667065124
13.0,-5.302652592183181,6.8216386194063166,0.019849445628169458
13.01,-5.370867599766405,6.781870382910645,0.01966436029770993
13.02,-5.438678849497194,6.741339026454633,0.019482526626144876
13.030000000000001,-5.50607897783767,6.700047936474939,0.019304457227499124
13.040000000000001,-5.57306062124992,6.658000499408242,0.019130664715797607
13.05,-5.639616416196065,6.615200101691201,0.018961661705065153
13.06,-5.705738999138217,6.57165012976048,0.018797960809326626
13.07,-5.771421006538485,6.527353970052743,0.01864007464260689
13.08,-5.836655074858981,6.482315009004656,0.01848851581893081
13.09,-5.901433840561814,6.436536633052884,0.018343796952323247
13.1,-5.965749940109094,6.390022228634092,0.018206430656809068
13.11,-6.029596009962933,6.342775182184945,0.018076929546413135
13.120000000000001,-6.092964674459053,6.29479883149478,0.017955747890825612
13.13,-6.155847644067204,6.2460926248445645,0.017838360755737102
13.14,-6.218237353367731,6.196658206834132,0.017721879979666705
13.15,-6.280126971504535,6.146500030404352,0.01760659059912978
13.16,-6.341509667621513,6.095622548496098,0.017492777650641684
13.17,-6.402378610862565,6.044030214050238,0.017380726170717772
13.18,-6.462726970371586,5.991727480007645,0.017270721195873404
13.19,-6.522547915292477,5.938718799309191,0.01716304776262393
13.200000000000001,-6.581834614769146,5.885008624895735,0.017057990907484694
13.21,-6.64058023794547,5.830601409708168,0.01695583566697109
13.22,-6.698777953965358,5.775501606687353,0.01685686707759845
13.23,-6.756420931972709,5.71971366877416,0.016761370175882136
13.24,-6.81350234111142,5.663242048909461,0.016669629998337505
13.25,-6.87001535052539,5.606091200034125,0.016581931581479907
13.26,-6.925952434826446,5.548264051497511,0.016497791585785168
13.27,-6.981304162824892,5.4897591318354,0.016414212926434
13.280000000000001,-7.036064135550378,5.430581335338507,0.016331026360878617
13.290000000000001,-7.090226303355819,5.370736308222708,0.016248422618997737
13.3,-7.143784616594161,5.310229696703842,0.01616659243067003
13.31,-7.196733025618339,5.249067146997762,0.016085726525774193
13.32,-7.2490654807812875,5.187254305320319,0.016006015634188908
13.33,-7.3007759324359425,5.124796817887367,0.01592765048579287
13.34,-7.351858330935238,5.061700330914755,0.01585082181046476
13.35,-7.40230662663211,4.997970490618339,0.015775720338083273
13.36,-7.452114769879494,4.9336129432139675,0.015702536798527095
13.370000000000001,-7.501276711030333,4.868633334917483,0.015631461921674906
13.38,-7.5497864004375455,4.80303731194476,0.015562686437405415
13.39,-7.597637788454074,4.736830520511638,0.015496401075597304
13.4,-7.644824825432856,4.67001860683397,0.015432796566129258
13.41,-7.691341461726824,4.602607217127609,0.015372063638879968
13.42,-7.737180030809657,4.534599486179987,0.015313723555023523
13.43,-7.7823301850581466,4.465994151746181,0.015255920637344137
13.44,-7.826786628286401,4.39679755049114,0.01519860709905299
13.450000000000001,-7.870544402424953,4.327016536543449,0.015141866296743545
13.46,-7.913598549404313,4.256657964031733,0.0150857815870093
13.47,-7.9559441111550155,4.185728687084577,0.015030436326443719
13.48,-7.997576129607587,4.11423555983058,0.01497591387164028
13.49,-8.038489646692554,4.04218543639834,0.014922297579192455
13.5,-8.078679704340441,3.969585170916454,0.014869670805693723
13.51,-8.118141344481774,3.8964416175135224,0.014818116907737558
13.52,-8.156869609047082,3.822761630318143,0.014767719241917436
13.530000000000001,-8.194859539966895,3.748552063458901,0.014718561164826822
13.540000000000001,-8.232106179171726,3.6738197710644207,0.014670726033059212
13.55,-8.268604568592108,3.598571607263288,0.01462429720320807
13.56,-8.30434975015857,3.522814426184101,0.014579358031866873
13.57,-8.339336765801633,3.4465550819554576,0.014535991875629095
13.58,-8.373560657451828,3.3698004287059566,0.014494282091088214
13.59,-8.407016467039677,3.292557320564197,0.014454312034837703
13.6,-8.439692717469997,3.214825580170761,0.014415420423495173
13.61,-8.471579012980552,3.1366059046604544,0.014376928157949855
13.620000000000001,-8.502672026002276,3.0579064689811037,0.014338892798004783
13.63,-8.532968428966386,2.9787354480808936,0.014301371903495242
13.64,-8.562464894304112,2.899101016907967,0.014264423034256499
13.65,-8.591158094446676,2.819011350410481,0.014228103750123821
13.66,-8.619044701825306,2.7384746235365913,0.014192471610932483
13.67,-8.646121388871226,2.6574990112344556,0.014157584176517754
13.68,-8.672384828015659,2.576092688452231,0.014123499006714908
13.69,-8.697831691689833,2.494263830138073,0.014090273661359213
13.700000000000001,-8.722458652324976,2.4120206112401243,0.014057965700285936
13.71,-8.746262382352302,2.329371206706571,0.014026632683330358
13.72,-8.769239554203043,2.2463237914855556,0.013996332170327747
13.73,-8.791386840308425,2.1628865405252338,0.013967121721113373
13.74,-8.812700913099668,2.0790676287737635,0.013939058895522508
13.75,-8.833178445008002,1.9948752311793003,0.013912201253390422
13.76,-8.85281610846465,1.9103175226900018,0.013886606354552387
13.77,-8.871610575900835,1.8254026782540245,0.013862331758843674
13.780000000000001,-8.889558519747789,1.7401388728195097,0.01383943502609955
13.790000000000001,-8.906656612436727,1.654534281334645,0.013817973716155296
13.8,-8.92290152639888,1.5685970787475718,0.013798005388846178
13.81,-8.93828993406547,1.4823354400064466,0.013779587604007465
13.82,-8.952816590615036,1.3957558824416618,0.013762716271054071
13.83,-8.966468709689105,1.3088581339540768,0.013747073256521887
13.84,-8.979243080950598,1.2216498086939136,0.013732543901905068
13.85,-8.991138024467254,1.1341398190045215,0.013719056124882995
13.86,-9.002151860306807,1.0463370772292506,0.01370653784313506
13.870000000000001,-9.012282908536994,0.9582504957114345,0.013694916974340643
13.88,-9.021529489225546,0.8698889867944545,0.013684121436179137
13.89,-9.0298899224402,0.7812614628216444,0.013674079146329926
13.9,-9.037362528248691,0.6923768361363541,0.013664718022472397
13.91,-9.043945626718754,0.603244019081933,0.013655965982285936
13.92,-9.049637537918125,0.5138719240017313,0.01364775094344993
13.93,-9.054436581914539,0.424269463239098,0.013640000823643764
13.94,-9.058341078775728,0.3344455491373832,0.013632643540546824
13.950000000000001,-9.06134934856943,0.2444090940399204,0.013625607011838499
13.96,-9.063459711363379,0.15416901029009167,0.013618819155198175
13.97,-9.064670487225309,0.06373421023122972,0.013612207888305238
13.98,-9.064979996222956,-0.02688639379331481,0.013605701128839076
13.99,-9.064386558424056,-0.11768388944019259,0.013599226794479072
14.0,-9.062888493896342,-0.20864936436605386,0.013592712802904616
14.01,-9.060478390850234,-0.29977692813448603,0.013586250507845178
14.02,-9.057147606827433,-0.39106158210244113,0.013580104312380862
14.030000000000001,-9.05289610509087,-0.48249394587361677,0.01357438141362576
14.040000000000001,-9.047723904464746,-0.5740646102737651,0.01356918771668929
14.05,-9.041631023773267,-0.665764166128687,0.013564629126680857
14.06,-9.034617481840636,-0.7575832042641668,0.013560811548709875
14.07,-9.026683297491054,-0.8495123155059889,0.01355784088788575
14.08,-9.017828489548728,-0.9415420906799383,0.013555823049317897
14.09,-9.008053076837859,-1.033663120611799,0.013554863938115723
14.1,-8.99735707818265,-1.1258659961273563,0.01355506945938864
14.11,-8.985740512407306,-1.2181413080523933,0.013556545518246057
14.120000000000001,-8.973203398336027,-1.3104796472127125,0.013559398019797386
14.13,-8.959745754793023,-1.4028716044340648,0.013563732869152037
14.14,-8.945367600602491,-1.4953077705422508,0.013569655971419419
14.15,-8.93006895458864,-1.5877787363630558,0.013577273231708943
14.16,-8.913849835575668,-1.680275092722264,0.013586690555130019
14.17,-8.896710262387781,-1.7727874304456601,0.01359801384679206
14.18,-8.878650253849184,-1.865306340359028,0.01361134901180447
14.19,-8.859669162561245,-1.9578226228510287,0.013626780108101273
14.200000000000001,-8.839756395225189,-2.0503303131849764,0.013643982100551927
14.21,-8.81890969245098,-2.142821069654388,0.013662712576015082
14.22,-8.797130907710832,-2.235285288929567,0.013682838964977182
14.23,-8.774421894476962,-2.3277133676807993,0.013704228697924672
14.24,-8.750784506221587,-2.4200957025783705,0.01372674920534399
14.25,-8.726220596416923,-2.5124226902925666,0.01375026791772158
14.26,-8.70073201853519,-2.6046847274936744,0.01377465226554388
14.27,-8.674320626048601,-2.6968722108519794,0.013799769679297337
14.280000000000001,-8.646988272429374,-2.7889755370377847,0.013825487589468393
14.290000000000001,-8.618736811149732,-2.880985102721343,0.013851673426543485
14.3,-8.589568095681889,-2.972891304572957,0.013878194621009057
14.31,-8.55948397949806,-3.0646845392629123,0.01390491860335155
14.32,-8.528486316070465,-3.156355203461496,0.013931712804057406
14.33,-8.496576958871321,-3.2478936938389937,0.013958444653613069
14.34,-8.463757761372843,-3.339290407065692,0.013984981582504979
14.35,-8.430030577047251,-3.430535739811876,0.014011191021219576
14.36,-8.39539725936676,-3.5216200887478326,0.014036940400243305
14.370000000000001,-8.359859661803583,-3.6125338505438633,0.014062097150062612
14.38,-8.32341926651677,-3.7032674704633526,0.01408654703016625
14.39,-8.286067405160027,-3.7938128191802845,0.014110777347707682
14.4,-8.24780243218973,-3.8841611062497834,0.014135195889250642
14.41,-8.208627972123267,-3.974302892438793,0.014159992651632283
14.42,-8.168547649478027,-4.064228738514256,0.014185357631689759
14.43,-8.127565088771401,-4.153929205243114,0.014211480826260224
14.44,-8.085683914520779,-4.243394853392311,0.014238552232180832
14.450000000000001,-8.04290775124354,-4.332616243728805,0.014266761846288745
14.46,-7.99924022345709,-4.421583937019507,0.014296299665421104
14.47,-7.95468495567881,-4.510288494031377,0.014327355686415069
14.48,-7.909245572426091,-4.598720475531355,0.014360119906107796
14.49,-7.86292569821632,-4.686870442286386,0.014394782321336438
14.5,-7.815728957566888,-4.774728955063413,0.014431532928938149
14.51,-7.767658974995183,-4.862286574629377,0.014470561725750085
14.52,-7.718719375018596,-4.949533861751221,0.014512058708609398
14.530000000000001,-7.668913782154506,-5.036461377195906,0.014556213874353251
14.540000000000001,-7.61824582092032,-5.12305968173034,0.014603217219818785
14.55,-7.56671911583342,-5.209319336121483,0.014653258741843159
14.56,-7.514337291411194,-5.295230901136279,0.014706528437263527
14.57,-7.461102564080302,-5.3807848765023145,0.014762980154587046
14.58,-7.40700856529719,-5.4659715295623945,0.014820958109623902
14.59,-7.352058269103151,-5.550781773154034,0.014880081052180487
14.6,-7.29625689253452,-5.635206637798377,0.014940319044450534
14.61,-7.23960965262763,-5.719237154016568,0.01500164214862777
14.620000000000001,-7.182121766418808,-5.802864352329768,0.01506402042690594
14.63,-7.123798450944409,-5.886079263259088,0.01512742394147875
14.64,-7.064644923240756,-5.96887291732569,0.015191822754539942
14.65,-7.004666400344185,-6.051236345050718,0.015257186928283246
14.66,-6.943868099291031,-6.133160576955315,0.01532348652490239
14.67,-6.8822552371176275,-6.214636643560626,0.015390691606591107
14.68,-6.819833030860312,-6.295655575387796,0.015458772235543126
14.69,-6.756606697555416,-6.3762084029579675,0.015527698473952176
14.700000000000001,-6.6925814542392645,-6.4562861567923004,0.015597440384012002
14.71,-6.6277625179482165,-6.535879867411911,0.015667968027916306
14.72,-6.562155105718593,-6.614980565337956,0.015739251467858834
14.73,-6.4957644345867305,-6.693579281091582,0.015811260766033314
14.74,-6.428594831614248,-6.771666833151297,0.01588398409595889
14.75,-6.360643222483812,-6.8492323920687,0.015957628313999658
14.76,-6.291913874237439,-6.926267099344265,0.016032381587710996
14.77,-6.22241335507682,-7.002762667215462,0.016108398495857764
14.780000000000001,-6.152148233203636,-7.078710807919769,0.016185833617204833
14.790000000000001,-6.081125076819605,-7.1541032336946255,0.01626484153051703
14.8,-6.009350454126407,-7.228931656777512,0.016345576814559237
14.81,-5.936830933325735,-7.303187789405894,0.016428194048096298
14.82,-5.863573082619282,-7.37686334381724,0.016512847809893077
14.83,-5.789583470208739,-7.4499500322490135,0.016599692678714435
14.84,-5.714868664295801,-7.522439566938684,0.016688883233325222
14.85,-5.6394352330821595,-7.594323660123716,0.016780574052490296
14.86,-5.5632897447695075,-7.665594024041577,0.016874919714974523
14.870000000000001,-5.486438767559524,-7.736242370929745,0.01697207479954277
14.88,-5.408888869653929,-7.8062604130256625,0.01707219388495986
14.89,-5.330646619254401,-7.875639862566808,0.017175431549990676
14.9,-5.251716885511163,-7.944371649989106,0.01728157586758067
14.91,-5.172099117030967,-8.012444343545043,0.017389147382648698
14.92,-5.091800167857199,-8.079850096538213,0.017498131978457142
14.93,-5.010827853710124,-8.146581514361268,0.01760871585193433
14.94,-4.929189990310006,-8.212631202406865,0.017721085200008594
14.950000000000001,-4.846894393377094,-8.277991766067666,0.017835426219608288
14.96,-4.763948878631683,-8.342655810736302,0.017951925107661703
14.97,-4.6803612617940225,-8.40661594180544,0.018070768061097187
14.98,-4.5961393585843755,-8.46986476466773,0.018192141276843075
14.99,-4.511290984723009,-8.53239488471583,0.0183162309518277
15.0,-4.425823955930186,-8.594198907342388,0.018443223282979388
15.01,-4.339746087926171,-8.655269437940062,0.01857330446722647
15.02,-4.253065196431228,-8.715599081901503,0.018706660701497287
15.030000000000001,-4.165789097165607,-8.775180444619375,0.018843478182720187
15.040000000000001,-4.077925605849604,-8.834006131486312,0.01898394310782345
15.05,-3.9894825382034655,-8.892068747894976,0.019128241673735443
15.06,-3.900464814976064,-8.949358848487577,0.019275834417762337
15.07,-3.8108740829195007,-9.00586485110018,0.019425257441307714
15.08,-3.7207190219384034,-9.06158032211244,0.01957671515996135
15.09,-3.6300086014365154,-9.116499036271295,0.01973048268398841
15.1,-3.5387517908175785,-9.170614768323688,0.01988683512365406
15.11,-3.446957559485336,-9.22392129301656,0.020046047589223463
15.120000000000001,-3.3546348768435137,-9.27641238509686,0.020208395190961806
15.13,-3.261792712295887,-9.32808181931151,0.020374153039134202
15.14,-3.168440035246183,-9.378923370407463,0.02054359624400584
15.15,-3.074585815098143,-9.428930813131657,0.020716999915841885
15.16,-2.9802390212555103,-9.478097922231035,0.020894639164907497
15.17,-2.8854086231220277,-9.526418472452535,0.021076789101467843
15.18,-2.790103590101438,-9.5738862385431,0.021263724835788086
15.19,-2.694332891597483,-9.62049499524967,0.021455721478133388
15.200000000000001,-2.5981054970138895,-9.666238517319195,0.02165305413876895
15.21,-2.501430375754433,-9.7111105794986,0.021855997927959864
15.22,-2.404316491003623,-9.755104950090539,0.022064825688189404
15.23,-2.3067680945896725,-9.79821059274828,0.02227804842103827
15.24,-2.2087907187285825,-9.840418084897282,0.022494480853856615
15.25,-2.11039427146208,-9.881722604756082,0.0227144954615994
15.26,-2.011588660831891,-9.922119330543216,0.022938464719221573
15.27,-1.9123837948797433,-9.961603440477223,0.02316676110167809
15.280000000000001,-1.8127895816473458,-10.000170112776644,0.023399757083923948
15.290000000000001,-1.712815929176461,-10.037814525660004,0.023637825140914018
15.3,-1.6124727455087973,-10.074531857345846,0.023881337747603294
15.31,-1.5117699386860823,-10.110317286052705,0.024130667378946733
15.32,-1.4107174167500427,-10.145165989999121,0.024386186509899283
15.33,-1.3093250877424054,-10.17907314740363,0.024648267615415907
15.34,-1.207602859704897,-10.212033936484767,0.02491728317045155
15.35,-1.1055606406792449,-10.24404353546107,0.02519360564996117
15.36,-1.0032083387071753,-10.275097122551077,0.025477607528899725
15.370000000000001,-0.9005558618303975,-10.30518987597333,0.025769661282222214
15.38,-0.797613118090674,-10.334316973946352,0.026070139384883492
15.39,-0.6943896817473973,-10.362473080818773,0.026379250305399823
15.4,-0.5908907156581977,-10.389646212506651,0.026694977046720778
15.41,-0.48712511069461845,-10.415830441426696,0.02701700610451454
15.42,-0.3831034551144401,-10.441022492762508,0.027345841983901456
15.43,-0.27883633717544354,-10.465219091697682,0.027681989190001876
15.44,-0.17433434513540935,-10.488416963415819,0.028025952227936145
15.450000000000001,-0.06960806725209967,-10.510612833100518,0.02837823560282468
15.46,0.03533190821666754,-10.531803425935372,0.028739343819787704
15.47,0.14047499301313027,-10.55198546710398,0.029109781383945623
15.48,0.24581059887950718,-10.571155681789943,0.029490052800418786
15.49,0.3513281375580184,-10.589310795176855,0.029880662574327543
15.5,0.4570170207908828,-10.606447532448318,0.03028211521079224
15.51,0.5628666603203196,-10.622562618787926,0.030694915214933227
15.52,0.6688664678885485,-10.63765277937928,0.031119567091870852
15.530000000000001,0.7750058552378067,-10.651714739405978,0.03155657534672554
15.540000000000001,0.8812742341102768,-10.664745224051616,0.032006444484617494
15.55,0.987661045018277,-10.676740888229316,0.032469661046567073
15.56,1.094158243456892,-10.68769235503936,0.032945134767409345
15.57,1.2007565924455676,-10.697593515125455,0.03343249935437527
15.58,1.3074450874780086,-10.706442646289009,0.03393248809632446
15.59,1.414212724047919,-10.714238026331435,0.03444583428211654
15.6,1.5210484976490033,-10.720977933054142,0.03497327120061112
15.610000000000001,1.6279414037749849,-10.726660644258539,0.03551553214066791
15.620000000000001,1.7348804379195306,-10.731284437746037,0.03607335039114635
15.63,1.8418545955763634,-10.734847591318047,0.036647459240906136
15.64,1.948852872239188,-10.737348382775979,0.03723859197880689
15.65,2.0558642634017086,-10.738785089921244,0.03784748189370823
15.66,2.1628777645576296,-10.739155990555249,0.038474862274469765
15.67,2.269882371200656,-10.738459362479407,0.039121466409951115
15.68,2.3768670788244908,-10.736693483495126,0.0397880275890119
15.69,2.4838208829228403,-10.73385663140382,0.040475279100511734
15.700000000000001,2.5907328752296963,-10.72994662139205,0.04118387864657817
15.71,2.69759362547369,-10.724954270791908,0.04191340679694866
15.72,2.804392481333587,-10.718876518218297,0.04266459769346943
15.73,2.911118173704905,-10.711713299836576,0.04343869558697977
15.74,3.0177594334831617,-10.70346455181211,0.04423694472831896
15.75,3.124304991563874,-10.694130210310252,0.0450605893683263
15.76,3.2307435788425596,-10.683710211496367,0.04591087375784107
15.77,3.337063926214736,-10.672204491535814,0.046789042147702554
15.780000000000001,3.44325476457594,-10.659612986593949,0.04769633878875021
15.790000000000001,3.5493048248216508,-10.645935632836139,0.04863400793182301
15.8,3.655202837847405,-10.63117236642774,0.04960329382776039
15.81,3.76093753454872,-10.615323123534116,0.05060544072740164
15.82,3.8664976458211138,-10.598387840320623,0.05164169288158604
15.83,3.9718719025601033,-10.580366452952623,0.0527132945411529
15.84,4.077049035661206,-10.561258897595474,0.05382148995694149
15.85,4.182017807970032,-10.54106469507626,0.05496750183841279
15.860000000000001,4.286767432027826,-10.519777461925111,0.05615252844847519
15.870000000000001,4.391286702750548,-10.497396110506129,0.057378684643766165
15.88,4.495564223373908,-10.473922027689447,0.05864829684979873
15.89,4.599588597133595,-10.44935660034521,0.059963691492085656
15.9,4.703348427265299,-10.423701215343554,0.06132719499613974
15.91,4.80683231700471,-10.39695725955462,0.06274113378747377
15.92,4.910028869587517,-10.369126119848548,0.06420783429160053
15.93,5.0129266882494115,-10.340209183095478,0.06572962293403281
15.94,5.115514376226082,-10.310207836165548,0.0673088261402834
15.950000000000001,5.217780536753238,-10.279123465928896,0.06894777033586538
15.96,5.319713773066531,-10.246957459255668,0.07064878194629096
15.97,5.421302688401671,-10.213711203016002,0.0724141873970732
15.98,5.522535755141585,-10.179383187562944,0.0742464290843668
15.99,5.6234012786383865,-10.143971213375984,0.07614921953170925
16.0,5.723887692642717,-10.107477960882097,0.07812691775819262
16.01,5.823983432591528,-10.069906158168555,0.08018388514368992
16.02,5.923676933921702,-10.031258533322653,0.0823244830680726
16.03,6.022956632070244,-9.991537814431641,0.08455307291121478
16.04,6.121810962474019,-9.950746729582823,0.0868740160529875
16.05,6.2202283605700295,-9.908888006863448,0.089291673873265
16.06,6.318197261795142,-9.865964374360821,0.09181040775191819
16.07,6.415706101586361,-9.821978560162188,0.09443457906882143
16.080000000000002,6.512743315380584,-9.77693329235484,0.09716854920384645
16.09,6.609297182391277,-9.730829101328972,0.10001635224936493
16.1,6.7053556002840855,-9.68366466707889,0.10298375753444541
16.11,6.800906623611393,-9.635443940380368,0.10607907094811235
16.12,6.895938315923782,-9.586171050298477,0.10931065449330866
16.13,6.990438740771701,-9.535850125898362,0.11268687017297283
16.14,7.0843959617057335,-9.484485296245097,0.11621607999004797
16.15,7.1777980422763275,-9.432080690403824,0.11990664594747234
16.16,7.270633046034066,-9.378640437439618,0.12376693004818928
16.17,7.36288903652943,-9.324168666417604,0.1278052942951383
16.18,7.454554077312903,-9.26866950640291,0.13203010069125853
16.19,7.545616231935066,-9.212147086460606,0.1364497112394938
16.2,7.636063545731473,-9.154604003465979,0.1410717672196222
16.21,7.725883623588326,-9.09604024072601,0.1459059937288194
16.22,7.815063683767672,-9.03646092163779,0.15096815729227958
16.23,7.903590933858505,-8.97587153813537,0.1562743196295295
16.240000000000002,7.991452581449725,-8.914277582152872,0.16184054246009064
16.25,8.078635834130234,-8.851684545624416,0.167682887503484
16.26,8.165127899489026,-8.788097920484054,0.17381741647923693
16.27,8.25091598511497,-8.72352319866593,0.18026019110686825
16.28,8.335987298597061,-8.657965872104096,0.1870272731059057
16.29,8.42032904752417,-8.591431432732698,0.1941347241958676
16.3,8.503928693829842,-8.523924101588285,0.20159672184445343
16.31,8.58677352974531,-8.455445725341896,0.20942916449708252
16.32,8.668849179176666,-8.386002802641427,0.21766084025505722
16.330000000000002,8.750141163320741,-8.315602206890047,0.22632131804412287
16.34,8.830635003374367,-8.244250811490929,0.2354401667900242
16.35,8.910316220534463,-8.171955489847166,0.2450469554185157
16.36,8.989170335997835,-8.098723115361958,0.2551712528553386
16.37,9.067182870961403,-8.024560561438397,0.2658426280262481
16.38,9.144339346621969,-7.949474701479684,0.2770906498569847
16.39,9.220625882609744,-7.873471445192072,0.288941483315974
16.4,9.296029298056485,-7.79655416498812,0.30141959046979083
16.41,9.370532477479154,-7.718730719951788,0.3145747975099159
16.42,9.44411792748399,-7.640009483015753,0.32845923303728597
16.43,9.516768154677242,-7.560398827112689,0.34312502565283653
16.44,9.58846566566523,-7.479907125175189,0.35862430395751915
16.45,9.659192967054173,-7.398542750135958,0.3750091965522636
16.46,9.728932565450393,-7.316314074927584,0.3923318320380226
16.47,9.797667203555802,-7.233229288927575,0.41064303633882954
16.48,9.86538326394354,-7.149293181953593,0.4299756990863057
16.490000000000002,9.932060786760225,-7.064514061856424,0.45040302964945256
16.5,9.997677211361651,-6.978902053375743,0.47201336050506737
16.51,10.062209977103688,-6.892467281251132,0.49489502412997066
16.52,10.12563652334211,-6.805219870222295,0.5191363530009514
16.53,10.187934289432777,-6.717169945028814,0.5448256795948319
16.54,10.24908071473147,-6.628327630410394,0.572051336388399
16.55,10.309054572900255,-6.538702379857032,0.6008944342039048
16.56,10.367839939957461,-6.448300302814285,0.6314115222774938
16.57,10.425408374846159,-6.357132665856099,0.6637338643031352
16.580000000000002,10.481729166953228,-6.265211783748901,0.6980055794135143
16.59,10.536771605665551,-6.172549971259123,0.7343707867413128
16.6,10.590504980370067,-6.079159543153095,0.7729736054192524
16.61,10.642898580453638,-5.985052814197281,0.8139581545800009
16.62,10.69392174627582,-5.890242080966476,0.8574682719666982
16.63,10.743554122489085,-5.794735655830803,0.9035932101025574
16.64,10.791764062860631,-5.698544805644553,0.9524926089278853
16.65,10.838508223249306,-5.601684737646968,1.004392442731046
16.66,10.883743259514027,-5.504170659077151,1.0595186858004757
16.67,10.92742582751366,-5.406017777174312,1.1180973124245557
16.68,10.969512583107077,-5.307241299177657,1.1803542968916623
16.69,11.00996018215319,-5.20785643232629,1.2465156134902389
16.7,11.048739043990395,-5.107874146563751,1.316733080405089
16.71,11.085810168392232,-5.007307142391108,1.391215827563819
16.72,11.121111380661524,-4.906174589810769,1.4703015775594535
16.73,11.154580469770178,-4.804495669400313,1.554328252152792
16.740000000000002,11.186155224690065,-4.702289561737422,1.64363377310455
16.75,11.215773434393059,-4.5995754473997845,1.7385560621754363
16.76,11.243372889679755,-4.496372506486624,1.8394330314474159
16.77,11.268914787293193,-4.39269355280004,1.9464774829498783
16.78,11.292341512763608,-4.288555361498797,2.0599969520000743
16.79,11.313563975026979,-4.183982705471441,2.1804643847415592
16.8,11.332493083019319,-4.079000357606367,2.308352727318056
16.81,11.349039745676617,-3.973633090792122,2.4441349258731093
16.82,11.363114871934883,-3.867905677917099,2.588283926550452
16.830000000000002,11.374629766283151,-3.7618427908071608,2.7412707518049944
16.84,11.38353515435557,-3.6554588058615356,2.9033636683864623
16.85,11.389743532064651,-3.548777131638632,3.0749805307514566
16.86,11.39313032069917,-3.4418304993768323,3.256712097983283
16.87,11.393570941547916,-3.334651640314368,3.449149129165498
16.88,11.39094081589967,-3.227273285689621,3.652882383381391
16.89,11.385115365043218,-3.119728166740823,3.868502619714535
16.9,11.375970207375527,-3.012048959632461,4.096599845909822
16.91,11.363434560320387,-2.9042534150209587,4.337526039604076
16.92,11.347398776117243,-2.796370322611762,4.591661463368686
16.93,11.327698775938071,-2.688443720456075,4.859567327891014
16.94,11.304170480954822,-2.5805176466049846,5.14180484385871
16.95,11.276649812339478,-2.4726361391097313,5.438935221959033
16.96,11.24497269126399,-2.3648432360214033,5.751519672879653
16.97,11.208975038900345,-2.2571829753912414,6.080119407307809
16.98,11.168512654743827,-2.149691160573171,6.425274786089505
16.990000000000002,11.123498634493282,-2.0423832195911946,6.787224428499906
17.0,11.073760288533226,-1.9353145186060858,7.1659804023741005
17.01,11.019114702453775,-1.8285448844929584,7.561549315106839
17.02,10.959378961845125,-1.7221341441270788,7.9739377740923185
17.03,10.894370152297386,-1.6161421243835619,8.403152386725314
17.04,10.823905359400756,-1.5106286521376733,8.849199760399996
17.05,10.747801668745343,-1.405653554264529,9.312086502511166
17.06,10.66587616592135,-1.3012766576393933,9.791819220452973
17.07,10.57795879290296,-1.197540733654691,10.288340438436556
17.080000000000002,10.483931450062586,-1.0944883980158537,10.80067352607723
17.09,10.38368795929225,-0.9921913578097294,11.327351362599813
17.1,10.277122115092771,-0.8907215322884767,11.866905275957397
17.11,10.164127711965122,-0.7901508407043997,12.417866594102302
17.12,10.044598544410121,-0.6905512023096579,12.978766644987628
17.13,9.918428406928745,-0.5919945363565535,13.548136756565688
17.14,9.78550465698397,-0.49455161446252016,14.124512937779922
17.150000000000002,9.645691719332948,-0.3982791473632097,14.706005727354167
17.16,9.499031009648334,-0.30324411059698714,15.28965300133367
17.17,9.34560431369162,-0.20951815567415566,15.872351483721175
17.18,9.185493417224512,-0.1171729341051524,16.450997898518594
17.19,9.018780106008494,-0.026280097400282476,17.02248896972867
17.2,8.845546165805283,0.06308870293001878,17.58372142135332
17.21,8.66579045926275,0.15085772660905789,18.131445578131654
17.22,8.479595416203443,0.23695721420140567,18.661992874887737
17.23,8.287291138668014,0.3213310017409735,19.17171083262409
17.240000000000002,8.089211168294383,0.40392310680228294,19.65694940901747
17.25,7.885689046720483,0.48467754695985826,20.11405856174467
17.26,7.677058315584023,0.5635383397883091,20.53938824848297
17.27,7.463632013738265,0.6404453840969048,20.9291755737028
17.28,7.245592030305151,0.7153096114497295,21.27909293831033
17.29,7.023407775961671,0.788094533882587,21.586705962046874
17.3,6.797620482889927,0.858777543646643,21.85000844889646
17.31,6.5687713832723436,0.9273360329929616,22.066994202842707
17.32,6.337401709291017,0.9937473941727055,22.23565702786958
17.330000000000002,6.104052693128288,1.0579890194369643,22.353990727960795
17.34,5.869247611558496,1.120009249768512,22.419320224149985
17.35,5.633468942231329,1.1797154137697001,22.429189733030185
17.36,5.397250502662422,1.2371255921702444,22.38498207325758
17.37,5.161130325748426,1.2922656472182967,22.288303963802687
17.38,4.925646444386326,1.345161441161929,22.140762123636144
17.39,4.691336891472774,1.3958388362492897,21.943963271728403
17.400000000000002,4.4587396999046724,1.4443236947284712,21.69951412705007
17.41,4.22839290257892,1.4906418788475682,21.40902140857181
17.42,4.000860622496909,1.5347947785605647,21.074025382609637
17.43,3.776665513948906,1.576731602678592,20.696811086873144
17.44,3.556111745474091,1.6164974756784565,20.280985121454517
17.45,3.339489253700484,1.6541463024426148,19.830222399040508
17.46,3.1270879752557947,1.6897319878535793,19.348197832317258
17.47,2.9191978467680375,1.7233084367938094,18.838586333971563
17.48,2.7161088048649282,1.754929554145814,18.305062816689528
17.490000000000002,2.518196625181892,1.784627124739998,17.751475240438
17.5,2.3258065369728684,1.8124103749229314,17.181632671925513
17.51,2.13898719582002,1.8383383986169113,16.59876609909905
17.52,1.9577786933982348,1.8624720453713577,16.006089581889906
17.53,1.7822211213821404,1.8848721647357272,15.406817180228558
17.54,1.6123545714466165,1.905599606259442,14.804162954046316
17.55,1.4482191352662988,1.9247152194919561,14.201340963273644
17.56,1.2899225336653815,1.9422701809597995,13.601753310994818
17.57,1.137499851101654,1.958307852011558,13.007916440696354
17.580000000000002,0.9908443945680762,1.9728809183090215,12.42154118212638
17.59,0.8498490371589416,1.986042106873947,11.844336381128088
17.6,0.7144066519683948,1.9978441447281057,11.278010883544052
17.61,0.584410112090777,2.0083397588932503,10.724273535217659
17.62,0.4597522906202405,2.0175816763911496,10.184833181991504
17.63,0.3403080430670682,2.0256278013098474,9.661102789773212
17.64,0.2259229995476635,2.0325289367093684,9.153705247725629
17.650000000000002,0.1164475882335394,2.038326279002666,8.663177584137701
17.66,0.01173224214143942,2.043061021572843,8.19005687409399
17.67,-0.08837260571200323,2.046774357803006,7.734880192678559
17.68,-0.18402020487466308,2.049508239231574,7.298163287068002
17.69,-0.2754482554917276,2.0513196888401413,6.879767029795051
17.7,-0.3628397360242017,2.0522485781219406,6.479447767789839
17.71,-0.44633877745921813,2.0523258986714468,6.0971236716171315
17.72,-0.5260895107837881,2.0515826420831322,5.732712911842247
17.73,-0.6022360669850386,2.050049799951469,5.3861336590299755
17.740000000000002,-0.6749531142978167,2.047763454532725,5.057109088339752
17.75,-0.7445176609443932,2.044774889654377,4.744531352390064
17.76,-0.81106221506716,2.041108721348802,4.447968984202525
17.77,-0.8746993218451442,2.036786089377638,4.1671038192155425
17.78,-0.9355415264574655,2.031828133502519,3.9016176928671116
17.79,-0.9937013740831553,2.026255993485085,3.6511924405956186
17.8,-1.0492935991568701,2.0200911372552866,3.4154952796217586
17.81,-1.1025922465275815,2.0133784264614363,3.1930733361123362
17.82,-1.1537786328425883,2.0061472961595235,2.982916243550796
17.830000000000002,-1.2029211177666703,1.9984099546781864,2.7847337957367664
17.84,-1.2500880609646097,1.9901786103460648,2.5982357864698598
17.85,-1.2953478221012389,1.9814654714917896,2.4231320095494926
17.86,-1.3387687608413243,1.9722827464440036,2.2591322587753364
17.87,-1.380419236849696,1.9626426435313362,2.105946327946824
17.88,-1.4203770981589523,1.952558674027624,1.9632151546559984
17.89,-1.4589079150839652,1.9420698620795624,1.8291807317079796
17.900000000000002,-1.4961343212266318,1.931194948548397,1.7030317581317431
17.91,-1.5320924023513331,1.9199406948894797,1.5845719203574615
17.92,-1.5668182442224885,1.90831386255815,1.4736049048151827
17.93,-1.6003479326044667,1.8963212130097642,1.369934397935118
17.94,-1.6327175532616853,1.883969507699661,1.2733640861473254
17.95,-1.6639631919585145,1.8712655080831972,1.1836976558820058
17.96,-1.6941209344593702,1.8582159756157115,1.1007387935692274
17.97,-1.7232827928733312,1.8448348853463516,1.023864157304938
17.98,-1.7516313038961504,1.8311477208369793,0.9517299248970816
17.990000000000002,-1.779194662176151,1.8171598876635218,0.8841410199467237
18.0,-1.8059917977400006,1.8028755917220902,0.8209722871567695
18.01,-1.8320416406143964,1.7882990389087798,0.7620985712300576
18.02,-1.8573631208259975,1.7734344351197069,0.7073947168695134
18.03,-1.8819751684014994,1.7582859862509663,0.6567355687779814
18.04,-1.9058967133675622,1.7428578981986746,0.6099959716583813
18.05,-1.9291511793193932,1.7271549275984306,0.5670155618303733
18.06,-1.9518440413661715,1.7111918691437715,0.5269848483094173
18.07,-1.974020726117064,1.694976113702532,0.48954981030050976
18.080000000000002,-1.9956912966049312,1.6785107117381697,0.45463140737399854
18.09,-2.016865815862635,1.6617987137141412,0.422150599100228
18.1,-2.0375543469230597,1.6448431700938864,0.39202834504950834
18.11,-2.05776695281906,1.6276471313408685,0.36418560479219414
18.12,-2.077513696583519,1.610213647918527,0.3385433378985988
18.13,-2.0968062497372015,1.5925459562030098,0.3150095937825663
18.14,-2.115697986614839,1.5746521194623229,0.29315537260959507
18.150000000000002,-2.134214717287884,1.5565370328098396,0.27276680271614817
18.16,-2.1523616084271686,1.5382032081181027,0.2537947502219193
18.17,-2.1701438267035478,1.5196531572596355,0.23619008124658192
18.18,-2.187566538787848,1.5008893921069868,0.21990366190983587
18.19,-2.2046349113509227,1.48191442453268,0.20488635833135652
18.2,-2.2213541110636,1.4627307664092644,0.19108903663084167
18.21,-2.237735243351859,1.4433415639205998,0.17841374625251746
18.22,-2.2538073166748256,1.4237519008303947,0.1666137419266293
18.23,-2.2695755486079663,1.403964352792693,0.15563572062961228
18.240000000000002,-2.285042282363439,1.3839811901103711,0.1454499001919954
18.25,-2.3002098611534025,1.3638046830863055,0.1360264984443066
18.26,-2.3150806281900307,1.343437102023351,0.1273357332170639
18.27,-2.329656926685477,1.3228807172243922,0.11934782234079817
18.28,-2.3439416711020606,1.3021378524185512,0.1120281803934247
18.29,-2.357949340043989,1.2812119310571797,0.10524462283179797
18.3,-2.3716859337183163,1.2601056287378074,0.09893535121437208
18.31,-2.3851521620171146,1.238821132824507,0.09308291869684741
18.32,-2.3983487348324766,1.2173606306813205,0.08766987843491579
18.330000000000002,-2.4112763620564794,1.1957263096723132,0.08267878358427527
18.34,-2.423935753581201,1.1739203571615504,0.07809218730062337
18.35,-2.4363276194847954,1.1519449605265164,0.07389264112389721
18.36,-2.448457748303218,1.1298026864860555,0.07001855878702032
18.37,-2.460331194838639,1.1074960978876305,0.06641458046839975
18.38,-2.471947753644508,1.0850273896744302,0.06307099018212602
18.39,-2.483307219274289,1.0623987567896116,0.05997807194228474
18.400000000000002,-2.494409386281436,1.0396123941763555,0.057126109762965116
18.41,-2.5052540492194013,1.0166704967778433,0.05450538765825602
18.42,-2.515841002641651,0.993575259537231,0.05210618964224356
18.43,-2.5261712761161763,0.970328925438026,0.049907507192195985
18.44,-2.5362487739763546,0.9469338856440405,0.04786226057355413
18.45,-2.546073204624937,0.9233924106264177,0.045961987193868785
18.46,-2.5556438940027264,0.8997067576669754,0.04420173152252406
18.47,-2.5649601680505123,0.8758791840475648,0.042576538028906666
18.48,-2.5740213527090967,0.8519119470500036,0.04108145118240089
18.490000000000002,-2.582826773919272,0.8278073039561347,0.039711515452392786
18.5,-2.5913757576218313,0.8035675120478012,0.038461775308268234
18.51,-2.5996690014279613,0.7791947900236222,0.03731344824644112
18.52,-2.60770783065802,0.7546913948896921,0.036242064375726066
18.53,-2.6154914180977733,0.7300596824790615,0.03524529006490629
18.54,-2.6230189132206427,0.7053020094868775,0.03432102904020004
18.55,-2.630289465500063,0.680420732608252,0.03346718502782424
18.56,-2.637302224409456,0.6554182085383322,0.032681661753997046
18.57,-2.6440563394222556,0.6302967939722299,0.03196236294493547
18.580000000000002,-2.6505509600118873,0.6050588456050835,0.031307192326857365
18.59,-2.6567853057845454,0.5797067040554515,0.030713126829993803
18.6,-2.6627598797875804,0.5542424537180808,0.030160768265117877
18.61,-2.6684743814433936,0.5286684539903295,0.02964273757275422
18.62,-2.6739280001493317,0.5029871937408952,0.029158589172037144
18.63,-2.6791199253027353,0.47720116183851147,0.028707877482101646
18.64,-2.6840493463009527,0.4513128471518757,0.028290156922082078
18.650000000000002,-2.688715452541325,0.42532473854971253,0.027904981911113274
18.66,-2.6931174334211954,0.39923932490074693,0.02755190686833002
18.67,-2.697254478337911,0.37305909507367585,0.02723048621286673
18.68,-2.7011257766888126,0.34678653793723346,0.026940274363858298
18.69,-2.704730517871247,0.3204241423601166,0.026680825740439187
18.7,-2.7080680158025165,0.29397408025683286,0.026444870984125127
18.71,-2.7111378340498042,0.2674383612142446,0.026220019939744075
18.72,-2.7139394295052703,0.24081962996119577,0.026006306949639985
18.73,-2.716472255555915,0.21412054382989248,0.025804025046011855
18.740000000000002,-2.7187357655887348,0.18734376015256915,0.02561346726105892
18.75,-2.720729412990726,0.16049193626146024,0.025434926626980384
18.76,-2.7224526511488882,0.1335677294887716,0.025268696175975287
18.77,-2.723904933450218,0.10657379716674739,0.025115068940242888
18.78,-2.7250857132817132,0.07951279662759339,0.024974337951982232
18.79,-2.725994444030371,0.05238738520355379,0.024846796243392574
18.8,-2.72663057908319,0.025200220226834324,0.024732736846672973
18.81,-2.7269935718271663,-0.002046040970320795,0.024632452794022663
18.82,-2.7270828756492986,-0.029348741055706007,0.024546237117640726
18.830000000000002,-2.7268979439365846,-0.056705222697086555,0.024474382849726348
18.84,-2.726437923059121,-0.08411313614321173,0.024413744659170795
18.85,-2.725701777217818,-0.11157046265486154,0.02435663070076654
18.86,-2.724689337453083,-0.13907444862266627,0.024302802983484202
18.87,-2.723400465988092,-0.16662231171824116,0.024252330193628192
18.88,-2.7218350250460213,-0.1942112696131623,0.024205281017502987
18.89,-2.7199928768500463,-0.22183853997904507,0.024161724141413002
18.900000000000002,-2.7178738836233434,-0.24950134048747521,0.024121728251662696
18.91,-2.7154779075890896,-0.2771968888100388,0.024085362034556527
18.92,-2.712804810970459,-0.30492240261835113,0.024052694176398916
18.93,-2.7098544559906306,-0.33267509958398817,0.024023793363494323
18.94,-2.706626704872777,-0.3604521973785653,0.02399872828214718
18.95,-2.7031214198400777,-0.38825091367365855,0.023977567618661946
18.96,-2.699338463115706,-0.41606846614088333,0.023960380059343055
18.97,-2.69527769692284,-0.4439020724518156,0.023947234290494956
18.98,-2.6909379306530194,-0.47174928244850123,0.023937380194633987
18.990000000000002,-2.6863162680164208,-0.49960821742809886,0.02392851971615464
19.0,-2.681412955415402,-0.5274760418945386,0.02392056806001597
19.01,-2.6762284394441136,-0.5553498582198304,0.0239135892841955
19.02,-2.6707631666967124,-0.5832267687759447,0.02390764744667076
19.03,-2.665017583767347,-0.6111038759348916,0.02390280660541927
19.04,-2.658992137250176,-0.6389782820686413,0.023899130818418563
19.05,-2.6526872737393474,-0.6668470895492039,0.023896684143646166
19.06,-2.6461034398290186,-0.6947074007485498,0.0238955306390796
19.07,-2.639241082113339,-0.7225563180386889,0.0238957343626964
19.080000000000002,-2.6321006471864634,-0.7503909437916017,0.023897359372474083
19.09,-2.6246825816425483,-0.7782083803792683,0.02390046972639018
19.1,-2.616987332075741,-0.8060057301736989,0.023905129482422224
19.11,-2.6090153450802007,-0.8337800955468637,0.023911402698547732
19.12,-2.6007670672500747,-0.8615285788707726,0.023919353432744237
19.13,-2.592242945179522,-0.8892482825173964,0.023929045742989263
19.14,-2.5834434254626895,-0.9169363088587448,0.023940543687260337
19.150000000000002,-2.574368954693734,-0.9445897602667981,0.02395391132353499
19.16,-2.5650199794668116,-0.9722057391135368,0.023969212709790737
19.17,-2.555396946376069,-0.9997813477709706,0.02398651190400512
19.18,-2.5455003020156663,-1.02731368861107,0.02400587296415565
19.19,-2.535327640613123,-1.0548002771737797,0.02402687053383233
19.2,-2.5248752296263848,-1.0822389018171492,0.02404873731993127
19.21,-2.5141441852318334,-1.109626705769653,0.024071456892470974
19.22,-2.5031356884078186,-1.1369608232575124,0.024095023395469334
19.23,-2.491850920132675,-1.1642383885069874,0.024119430972944264
19.240000000000002,-2.4802910613847473,-1.1914565357443085,0.024144673768913653
19.25,-2.4684572931423827,-1.218612399195707,0.024170745927395397
19.26,-2.4563507963839144,-1.2457031130874423,0.02419764159240741
19.27,-2.443972752087693,-1.2727258116457358,0.024225354907967574
19.28,-2.431324341232052,-1.2996776290968477,0.02425388001809381
19.29,-2.4184067447953415,-1.326555699666999,0.024283211066803995
19.3,-2.405221143755895,-1.3533571575824492,0.024313342198116053
19.31,-2.3917687190920636,-1.38007913706942,0.02434426755604786
19.32,-2.3780506517821793,-1.406718772354171,0.024375981284617338
19.330000000000002,-2.3640681228045897,-1.433273197662933,0.024408477527842375
19.34,-2.349822313137641,-1.4597395472219374,0.024441750429740863
19.35,-2.335314403759665,-1.4861149552574435,0.02447579413433072
19.36,-2.320545575649015,-1.5123965559956731,0.024510602785629824
19.37,-2.3055170097840216,-1.538581483662885,0.024546170527656102
19.38,-2.2902298871430373,-1.5646668724853017,0.02458249150442743
19.39,-2.274685388704394,-1.5906498566891822,0.024619559859961726
19.400000000000002,-2.2588846954464383,-1.6165275705007573,0.02465736973827688
19.41,-2.242828988347518,-1.642297148146259,0.024695915283390782
19.42,-2.226519448385964,-1.6679557238519456,0.024735190639321357
19.43,-2.2099572565401298,-1.6935004318440399,0.024775189950086474
19.44,-2.1931404445750715,-1.7189280882009763,0.024815913349438008
19.45,-2.1760617757360095,-1.7442350756328873,0.02485738467293929
19.46,-2.158722783271516,-1.7694187642488404,0.024899625107304573
19.47,-2.141125544271,-1.7944765819690682,0.024942655201957396
19.48,-2.1232721358238456,-1.819405956713839,0.024986495506321347
19.490000000000002,-2.105164635019455,-1.8442043164033939,0.025031166569819987
19.5,-2.0868051189472316,-1.8688690889579749,0.02507668894187686
19.51,-2.068195664696558,-1.8933977022978494,0.02512308317191557
19.52,-2.049338349356845,-1.917787584343251,0.025170369809359647
19.53,-2.0302352500174745,-1.9420361630144467,0.02521856940363269
19.54,-2.0108884437678567,-1.96614086623167,0.025267702504158236
19.55,-1.9913000076973746,-1.9900991219151885,0.025317789660359878
19.56,-1.9714720188954382,-2.013908357985235,0.025368851421661155
19.57,-1.95140655445143,-2.037566002362077,0.025420908337485667
19.580000000000002,-1.931105691454753,-2.061069482965957,0.02547398095725696
19.59,-1.9105715069948115,-2.0844162277171163,0.025528089830398587
19.6,-1.8898060781609871,-2.107603664535822,0.025583255506334147
19.61,-1.8688114820426907,-2.1306292213423084,0.025639498534487166
19.62,-1.847589795729304,-2.1534903260568417,0.02569683946428126
19.63,-1.8261430963102383,-2.1761844065996563,0.025755298845139944
19.64,-1.8044734608748747,-2.1987088908910186,0.02581489722648683
19.650000000000002,-1.7825829665126176,-2.2210612068511706,0.025875655157745467
19.66,-1.7604736903128708,-2.2432387824003555,0.025937593188339395
19.67,-1.7381477093650153,-2.2652390454588387,0.026000731867692223
19.68,-1.7156071007584632,-2.287059423946855,0.02606509174522748
19.69,-1.692853941582595,-2.3086973457846707,0.02613069337036877
19.7,-1.6698903089268229,-2.3301502388925206,0.026197557292539617
19.71,-1.6467182798805273,-2.3514155311906704,0.026265704061163637
19.72,-1.623339931533121,-2.372490650599355,0.02633515422566434
19.73,-1.5997573409739838,-2.39337302503884,0.026405928335465352
19.740000000000002,-1.5759725852925204,-2.4140600824293674,0.02647804693999021
19.75,-1.5519877415781353,-2.434549250691182,0.026551530588662452
19.76,-1.5278046851187101,-2.454837892944148,0.026626388571883625
19.77,-1.5034178080500007,-2.4749210618296402,0.026702207964406612
19.78,-1.4788257457500509,-2.494795432375943,0.02677879933795695
19.79,-1.454031237527614,-2.514459041536359,0.026856199984543458
19.8,-1.4290370226914093,-2.5339099262642177,0.02693444719617506
19.81,-1.4038458405501908,-2.553146123512823,0.027013578264860574
19.82,-1.3784604304126766,-2.5721656702355045,0.02709363048260893
19.830000000000002,-1.3528835315876124,-2.5909666033855716,0.027174641141428965
19.84,-1.3271178833837436,-2.609546959916335,0.027256647533329525
19.85,-1.3011662251097882,-2.6279047767811234,0.02733968695031954
19.86,-1.2750312960745012,-2.6460380909332413,0.027423796684407822
19.87,-1.2487158355866002,-2.6639449393260173,0.027509014027603303
19.88,-1.2222225829548405,-2.6816233589127556,0.027595376271914794
19.89,-1.1955542774879393,-2.6990713866467853,0.027682920709351223
19.900000000000002,-1.1687136584946427,-2.716287059481416,0.02777168463192144
19.91,-1.1417034652836966,-2.733268414369959,0.027861705331634276
19.92,-1.1145264371638182,-2.7500134882657425,0.027953020100498674
19.93,-1.0871853134437628,-2.766520318122071,0.02804566623052343
19.94,-1.059682833432248,-2.782786940892273,0.028139681013717492
19.95,-1.032021736438029,-2.798811393529654,0.028235101742089663
19.96,-1.0042047617698233,-2.81459171298754,0.028331965707648874
19.97,-0.9762346487363864,-2.830125936219239,0.028430310202403938
19.98,-0.9481141366464351,-2.845412100178076,0.02853017251836379
19.990000000000002,-0.9198459648087157,-2.8604482418173633,0.028631589947537266
20.0,-0.8914328725319743,-2.8752323980904118,0.028734599781933205
20.01,-0.8628775991249276,-2.889762605950549,0.02883923931356055
20.02,-0.8341828838963319,-2.9040369023510806,0.028945545834428103
20.03,-0.8053514661549034,-2.9180533242453333,0.0290535566365448
20.04,-0.7763860852093989,-2.9318099085866134,0.029163309011919443
20.05,-0.7472894803685342,-2.945304692328248,0.029274840252560982
20.06,-0.7180623480021705,-2.958534271984165,0.029387935360344775
20.07,-0.6887026276798115,-2.9714935058630845,0.029502025454319313
20.080000000000002,-0.6592131834289114,-2.98418091706207,0.029617137202520512
20.09,-0.6295971079967213,-2.996595194108969,0.02973332524625592
20.1,-0.59985749413046,-3.0087350255316414,0.029850644226833215
20.11,-0.5699974345773886,-3.020599099857929,0.029969148785559896
20.12,-0.5400200220847262,-3.032186105615692,0.030088893563743637
20.13,-0.5099283493997342,-3.0434947313327725,0.030209933202691948
20.14,-0.47972550926963126,-3.05452366553703,0.030332322343712498
20.150000000000002,-0.44941459444166815,-3.0652715967563116,0.03045611562811284
20.16,-0.41899869766309583,-3.075737213518464,0.03058136769720051
20.17,-0.38848091168113275,-3.0859192043513466,0.030708133192283195
20.18,-0.35786432924304057,-3.0958162577828023,0.03083646675466839
20.19,-0.32715204309603796,-3.10542706234069,0.030966423025663777
20.2,-0.2963471459873866,-3.1147503065528532,0.03109805664657685
20.21,-0.2654527306643049,-3.12378467894715,0.031231422258715294
20.22,-0.23447188987405476,-3.1325288680514247,0.031366574503386604
20.23,-0.20340771636385413,-3.140981562393535,0.031503568021898465
20.240000000000002,-0.17226330288095448,-3.149141450501328,0.03164245745555842
20.25,-0.14104174217260668,-3.157007220902653,0.03178329744567401
20.26,-0.10974612698602881,-3.164577562125366,0.031926142633552916
20.27,-0.07837955006848307,-3.1718511626973127,0.03207104766050264
20.28,-0.04694510416718767,-3.1788267111463493,0.03221806716783085
20.29,-0.015445585031383283,-3.1855024271855616,0.03236717872000864
20.3,0.016118917042238293,-3.1918723726789007,0.032517644082204596
20.31,0.04774591153961025,-3.1979346192442204,0.032669321106365966
20.32,0.07943208144071823,-3.203688566240246,0.03282227933678533
20.330000000000002,0.11117410972551423,-3.209133613025695,0.0329765883177551
20.34,0.14296867937395008,-3.214269158959288,0.033132317593567696
20.35,0.17481247336601163,-3.219094603399749,0.03328953670851569
20.36,0.20670217468163946,-3.2236093457057944,0.03344831520689146
20.37,0.23863446630081936,-3.227812785236149,0.03360872263298758
20.38,0.2706060312034919,-3.2317043213495307,0.0337708285310964
20.39,0.30261355236964294,-3.2352833534046628,0.03393470244551051
20.400000000000002,0.3346537127792243,-3.2385492807602643,0.03410041392052233
20.41,0.36672319541218784,-3.2415015027750553,0.03426803250042427
20.42,0.39881868324851955,-3.244139418807759,0.03443762772950891
20.43,0.4309368592681597,-3.2464624282170935,0.03460926915206861
20.44,0.4630744064510945,-3.248469930361782,0.034783026312395965
20.45,0.49522800777726406,-3.250161324600543,0.03495896875478331
20.46,0.5273943462266547,-3.2515360102920994,0.03513716602352326
20.47,0.5595701047792067,-3.2525933867951706,0.035317687662908145
20.48,0.5917519664149059,-3.253332853468478,0.035500603217230566
20.490000000000002,0.6239366141137043,-3.253753809670742,0.035685982230782926
20.5,0.6561207308555533,-3.2538556547606836,0.03587389424785764
20.51,0.6883009996204397,-3.253637788097023,0.03606440881274731
20.52,0.7204741033984671,-3.253099609005387,0.03625759546406291
20.53,0.7526379106615556,-3.2522367594972224,0.03645285760900538
20.54,0.7847902440983612,-3.25104543878298,0.03664961030539159
20.55,0.8169277388054125,-3.2495258143255272,0.036847928951997046
20.56,0.8490470298791926,-3.247678053587734,0.037047888947596946
20.57,0.88114475241623,-3.2455023240324654,0.03724956569096677
20.580000000000002,0.9132175415130193,-3.2429987931225916,0.037453034580881804
20.59,0.9452620322660548,-3.2401676283209815,0.03765837101611732
20.6,0.9772748597718652,-3.2370089970905003,0.0378656503954488
20.61,1.0092526591269335,-3.233523066894019,0.038074948117651455
20.62,1.0411920654277882,-3.229710005194403,0.038286339581500774
20.63,1.0730897137709126,-3.2255699794545234,0.03849990018577196
20.64,1.104942239252835,-3.221103157137245,0.0387157053292405
20.650000000000002,1.13674627697005,-3.2163097057054366,0.03893383041068167
20.66,1.1684984620190522,-3.2111897926219695,0.03915435082887075
20.67,1.20019542949637,-3.2057435853497074,0.03937734198258322
20.68,1.2318338144984864,-3.199971251351522,0.03960287927059428
20.69,1.26341025212193,-3.1938729580902776,0.03983103809167944
20.7,1.2949213774631843,-3.1874488730288464,0.04006189384461388
20.71,1.326363825618777,-3.1806991636300923,0.04029552192817311
20.72,1.3577342316851921,-3.173623997356888,0.04053199774113231
20.73,1.3890292307589576,-3.166223541672096,0.040771396682266994
20.740000000000002,1.4202454579365682,-3.1584979640385873,0.041013794150352424
20.75,1.4513795483145184,-3.150447431919233,0.04125926554416386
20.76,1.4824282119114074,-3.142066998773853,0.04150710503756594
20.77,1.5133882593874888,-3.133351899659416,0.041756543487604256
20.78,1.5442564702484183,-3.124303243292566,0.04200766063295971
20.79,1.5750296239766612,-3.114922140740624,0.04226053656145229
20.8,1.605704500054727,-3.1052097030708987,0.04251525136090235
20.81,1.6362778779650804,-3.0951670413507126,0.042771885119129875
20.82,1.6667465371902308,-3.0847952666473737,0.043030517923955236
20.830000000000002,1.6971072572126542,-3.0740954900282,0.0432912298631985
20.84,1.7273568175148273,-3.0630688225605107,0.04355410102467974
20.85,1.7574919975792582,-3.0517163753116137,0.04381921149621934
20.86,1.7875095768884133,-3.040039259348832,0.044086641365637266
20.87,1.8174063349248006,-3.028038585739472,0.044356470720753875
20.88,1.8471790511708865,-3.0157154655508576,0.04462877964938916
20.89,1.8768245051091788,-3.003071009850295,0.044903648239363485
20.900000000000002,1.9063394762221544,-2.990106329705104,0.045181156578496924
20.91,1.9357207439922899,-2.9768225361826044,0.04546138475460955
20.92,1.9649650879020935,-2.963220740350102,0.04574441285552173
20.93,1.994069287434031,-2.9493020532749212,0.04603032096905344
20.94,2.0230301220706113,-2.9350675860243673,0.04631918918302506
20.95,2.0518443712942998,-2.920518449665766,0.04661109758525654
20.96,2.080508814587605,-2.9056557552664213,0.04690612626356828
20.97,2.1090202314329933,-2.8904806138936596,0.047204355305780224
20.98,2.137375401312972,-2.874994136614785,0.04750586479971278
20.990000000000002,2.1655711037100187,-2.859197434497118,0.047810734833185986
21.0,2.1936041181066104,-2.8430916186079793,0.04811904549401992
21.01,2.2214712239852537,-2.826677800014673,0.048430876870034986
21.02,2.2491692008284163,-2.8099570897845254,0.04874630904905111
21.03,2.2766943959211376,-2.7929287606205406,0.0490651510121857
21.04,2.3040412670506827,-2.775583666196803,0.04938590300193303
21.05,2.3312066490439536,-2.7579221868180297,0.04970836744790861
21.06,2.3581877982742316,-2.7399464553914683,0.05003259812499862
21.07,2.3849819711148377,-2.721658604824342,0.05035864880808973
21.080000000000002,2.4115864239390628,-2.703060768023892,0.05068657327206827
21.09,2.437998413120199,-2.6841550778973615,0.051016425291820544
21.1,2.464215195031566,-2.664943667351972,0.051348258642233226
21.11,2.490234026046446,-2.6454286692949727,0.05168212709819251
21.12,2.516052162538159,-2.625612216633586,0.05201808443458506
21.13,2.541666860879988,-2.6054964422750606,0.05235618442629708
21.14,2.5670753774452515,-2.585083479126619,0.052696480848215245
21.150000000000002,2.592274968607242,-2.564375460095502,0.05303902747522586
21.16,2.617262890739252,-2.543374518088955,0.05338387808221524
21.17,2.6420364002145993,-2.522082786014197,0.053731086444070056
21.18,2.6665927534065683,-2.500502396778479,0.05408070633567651
21.19,2.6909292066884776,-2.4786354832890214,0.054432791531921265
21.2,2.71504301643361,-2.456484178453075,0.05478739580769051
21.21,2.738931439015285,-2.4340506151778607,0.055144572937870937
21.22,2.762591730806786,-2.4113369263706286,0.05550437669734872
21.23,2.786021148181431,-2.388345244938599,0.055866860861010545
21.240000000000002,2.809216947512513,-2.365077703789015,0.05623207920374273
21.25,2.8321763851733244,-2.341536435829121,0.05660008550043156
21.26,2.8548967175371827,-2.3177235739661355,0.05697093352596374
21.27,2.877375200977373,-2.293641251107311,0.05734467705522543
21.28,2.899609091867213,-2.2692916001598666,0.05772136986310335
21.29,2.921595646579987,-2.2446767540310546,0.05810106572448364
21.3,2.943332121489012,-2.219798845628093,0.05848381841425302
21.31,2.9648157729675737,-2.194660007858235,0.05886968170729764
21.32,2.9860438573889887,-2.1692623736286984,0.059258709378504214
21.330000000000002,3.0070134642340536,-2.1436077788920844,0.05965091557023493
21.34,3.0277156857504854,-2.1176872496700896,0.06004482440666259
21.35,3.048145322069908,-2.091498020115366,0.060439656054389695
21.36,3.06830053178846,-2.065043234303064,0.060835397026377615
21.37,3.0881794735023105,-2.038326036308296,0.06123203383558829
21.38,3.1077803058075983,-2.011349570206213,0.0616295529949831
21.39,3.127101187300492,-1.9841169800719272,0.06202794101752398
21.400000000000002,3.146140276577139,-1.95663140998058,0.06242718441617245
21.41,3.1648957322336857,-1.9288960040073129,0.06282726970389002
21.42,3.183365712866299,-1.9009139062272375,0.06322818339363864
21.43,3.201548377071121,-1.872688260715506,0.06362991199837968
21.44,3.2194418834443175,-1.8442222115472295,0.06403244203107508
21.45,3.2370443905820303,-1.8155189027975598,0.0644357600046862
21.46,3.2543540570804255,-1.7865814785416085,0.06483985243217502
21.47,3.271369041535645,-1.7574130828545278,0.06524470582650288
21.48,3.2880875025438545,-1.728016859811428,0.06565030670063174
21.490000000000002,3.304507598701202,-1.6983959534874518,0.0660566415675231
21.5,3.320627488603836,-1.668553507957741,0.06646369694013848
21.51,3.3364453308479214,-1.6384926672974063,0.06687145933143984
21.52,3.351959284029601,-1.6082165755816007,0.06727991525438853
21.53,3.36716750674504,-1.577728376885434,0.0676890512219465
21.54,3.3820681575903815,-1.54703121528406,0.06809885374707512
21.55,3.3966593951617896,-1.516128234852588,0.06850930934273636
21.56,3.4109393780554087,-1.485022579666172,0.06892040452189155
21.57,3.424906264867402,-1.4537173937999215,0.06933212579750266
21.580000000000002,3.438558214193918,-1.422215821328979,0.06974445968253118
21.59,3.4518933846311075,-1.3905210063284876,0.07015739268993866
21.6,3.464909934775133,-1.3586360928735561,0.07057091133268703
21.61,3.4776060232221386,-1.3265642250393392,0.07098500212373765
21.62,3.489979808568288,-1.2943085469009454,0.07139965157605246
21.63,3.502029449409726,-1.2618722025335294,0.07181484620259286
21.64,3.513753104342616,-1.2292583360122,0.07223057251632077
21.650000000000002,3.525148931963106,-1.1964700914121003,0.07264681703019772
21.66,3.536215090867347,-1.1635106128083732,0.07306356625718521
21.67,3.546949739651501,-1.1303830442761276,0.07348080671024519
21.68,3.5573483238335024,-1.0970871656385683,0.07389789950702458
21.69,3.567402735544693,-1.063617979149138,0.07431322136057568
21.7,3.5771117748093624,-1.0299787000588505,0.07472658423479986
21.71,3.586474572121835,-0.9961729454330716,0.07513787272135637
21.72,3.595490257976424,-0.9622043323372149,0.0755469714119039
21.73,3.6041579628674536,-0.9280764778366462,0.07595376489810171
21.740000000000002,3.6124768172892403,-0.8937929989967668,0.07635813777160862
21.75,3.620445951736099,-0.8593575128829787,0.07675997462408346
21.76,3.6280644967023545,-0.8247736365606472,0.0771591600471855
21.77,3.6353315826823205,-0.7900449870951862,0.0775555786325734
21.78,3.64224634017032,-0.7551751815519611,0.07794911497190643
21.79,3.648807899660668,-0.720167836996386,0.0783396536568433
21.8,3.6550153916476864,-0.6850265704938256,0.07872707927904321
21.81,3.660867946625691,-0.6497549991096947,0.07911127643016491
21.82,3.6663646950890034,-0.6143567399093578,0.0794921297018676
21.830000000000002,3.671504767531941,-0.5788354099582168,0.07986952368581014
21.84,3.676287294448821,-0.5431946263216745,0.08024334297365138
21.85,3.6807114063339648,-0.5074380060650947,0.08061347215705052
21.86,3.6847762336816885,-0.4715691662538929,0.08097979582766629
21.87,3.6884809069863134,-0.43559172395343293,0.08134219857715791
21.88,3.691824556742156,-0.39950929622913,0.08170056499718412
21.89,3.6948063134435367,-0.36332550014634835,0.08205477967940411
21.900000000000002,3.697425307584774,-0.3270439527704899,0.08240472721547676
21.91,3.699680669660185,-0.2906682711669579,0.08275029219706088
21.92,3.70157153016409,-0.2542020724011155,0.08309135921581572
21.93,3.7030969746369498,-0.21764894508213783,0.08342780656039811
21.94,3.704250896854875,-0.18100912671826866,0.08375875394367666
21.95,3.705029461036611,-0.14428407889195158,0.08408353843619865
21.96,3.705432682797757,-0.10747765767972318,0.08440201651516935
21.97,3.705460577753913,-0.07059371915817231,0.08471404465779352
21.98,3.7051131615206785,-0.03363611940383532,0.08501947934127639
21.990000000000002,3.7043904497136526,0.003391285506711944,0.08531817704282287
22.0,3.703292457948435,0.04048463949689379,0.08560999423963783
22.01,3.701819201840624,0.07764008649017373,0.08589478740892652
22.02,3.699970697005821,0.11485377040996286,0.08617241302789372
22.03,3.6977469590596237,0.15212183517972488,0.08644272757374463
22.04,3.695148003617633,0.1894404247228707,0.08670558752368407
22.05,3.692173846295446,0.22680568296286419,0.08696084935491724
22.06,3.6888245027086652,0.26421375382311596,0.08720836954464896
22.07,3.685099988472887,0.3016607812270904,0.08744800457008439
22.080000000000002,3.681000319203712,0.3391429090982112,0.08767961090842848
22.09,3.6765255105167416,0.37665628135990237,0.08790304503688615
22.1,3.6716755780275716,0.4141970419356281,0.08811816343266253
22.11,3.666450537351805,0.45176133474879887,0.08832482257296251
22.12,3.660850404105038,0.489345303722879,0.08852287893499124
22.13,3.654875193902873,0.5269450927812788,0.08871218899595355
22.14,3.648524922360906,0.5645568458474626,0.08889260923305463
22.150000000000002,3.641799605094738,0.6021767068448541,0.08906399612349938
22.16,3.6346962328944215,0.6398018729839756,0.08922587775429221
22.17,3.627210058887801,0.6774302797866338,0.08937757759588652
22.18,3.619341848350295,0.7150580427142474,0.08951900563877527
22.19,3.6110924632044523,0.7526812444442479,0.08965008226170053
22.2,3.6024627653728354,0.7902959676540134,0.08977072784340417
22.21,3.593453616777993,0.8278982950209756,0.0898808627626283
22.22,3.584065879342487,0.8654843092225124,0.08998040739811478
22.23,3.574300414988867,0.9030500929360553,0.09006928212860567
22.240000000000002,3.564158085639691,0.940591728838996,0.09014740733284293
22.25,3.5536397532175186,0.9781052996087258,0.09021470338956851
22.26,3.542746279644898,1.0155868879226764,0.09027109067752444
22.27,3.5314785268443925,1.0530325764582256,0.09031648957545264
22.28,3.5198373567385492,1.0904384478928053,0.09035082046209515
22.29,3.5078236312499325,1.1278005849037935,0.09037400371619392
22.3,3.495438212301089,1.1651150701686215,0.09038595971649095
22.31,3.4826819618145834,1.2023779863646675,0.0903866088417282
22.32,3.4695557417129614,1.2395854161693636,0.09037587147064766
22.330000000000002,3.456060413918784,1.2767334422601002,0.0903536679819913
22.34,3.4421968403546113,1.31381814731427,0.09031991875450113
22.35,3.4279658829429884,1.3508356140093034,0.09027454416691909
22.36,3.4133684036064817,1.3877819250225794,0.0902174645979872
22.37,3.398401031884012,1.4246534753843556,0.09014833517905177
22.38,3.383057512159293,1.4614469793962876,0.09006668631476342
22.39,3.36733959224442,1.4981586427435474,0.08997259326274888
22.400000000000002,3.351249186894091,1.5347846596362735,0.0898661421890081
22.41,3.334788210863004,1.5713212242846055,0.08974741925954097
22.42,3.3179585789058406,1.6077645308987214,0.0896165106403473
22.43,3.300762205777305,1.6441107736887475,0.08947350249742707
22.44,3.283201006232078,1.6803561468648618,0.08931848099678003
22.45,3.2652768950248645,1.7164968446371909,0.08915153230440619
22.46,3.246991786910345,1.7525290612159123,0.0889727425863053
22.47,3.2283475966432245,1.788448990811153,0.08878219800847738
22.48,3.2093462389781826,1.8242528276330905,0.08857998473692216
22.490000000000002,3.1899896286699185,1.859936765891864,0.08836618893763959
22.5,3.170279680473133,1.8954969997976132,0.08814089677662962
22.51,3.150218309142503,1.9309297235605158,0.08790419441989197
22.52,3.1298074294327365,1.9662311313906984,0.08765616803342671
22.53,3.1090489560985115,2.0013974174983384,0.08739690378323352
22.54,3.0879448038945356,2.0364247760935634,0.08712648783531246
22.55,3.0664968875754863,2.07130940138655,0.08684500635566322
22.56,3.0447071218960713,2.1060474875874253,0.08655254551028589
22.57,3.0225774216109684,2.140635228906367,0.08624919146518013
22.580000000000002,3.0001097014748774,2.1750688195535144,0.08593503038634592
22.59,2.9773058762424993,2.2093444537390075,0.08561014843978328
22.6,2.9541678606685107,2.243458325673023,0.0852746317914918
22.61,2.9306975695076205,2.277406629565689,0.08492856660747167
22.62,2.906896917514505,2.311185559627181,0.08457203905372246
22.63,2.882767819443874,2.3447913100676283,0.08420513529624435
22.64,2.858310862698214,2.3782199358507112,0.08382795887815736
22.650000000000002,2.833518448345282,2.4114667562795793,0.08344078279884361
22.66,2.808391348250678,2.4445281795977,0.08304387710058966
22.67,2.782932372952111,2.4774008456905294,0.0826374941271036
22.68,2.7571443329873273,2.5100813944434757,0.08222188622209403
22.69,2.731030038894036,2.542566465741995,0.08179730572926903
22.7,2.704592301209983,2.5748526994714966,0.08136400499233727
22.71,2.6778339304728775,2.6069367355174355,0.08092223635500677
22.72,2.6507577372204656,2.638815213765221,0.08047225216098619
22.73,2.6233665319904556,2.6704847741003084,0.08001430475398358
22.740000000000002,2.5956631253205846,2.7019420564081185,0.07954864647770744
22.75,2.5676503277485905,2.7331837005740724,0.07907552967586631
22.76,2.5393309498121805,2.7642063464836246,0.0785952066921682
22.77,2.5107078020491023,2.7950066340221857,0.07810792987032178
22.78,2.4817836949970635,2.825581203075209,0.07761395155403508
22.79,2.452561439193812,2.8559266935281062,0.0771135240870168
22.8,2.4230438451770544,2.8860397452663307,0.07660689981297493
22.81,2.3932337234845393,2.915916998175293,0.0760943310756182
22.82,2.3631338846539736,2.9455550921404465,0.07557607021865456
22.830000000000002,2.332747139223094,2.9749506670472137,0.07505236958579257
22.84,2.3020762977296405,3.004100362781016,0.07452348152074079
22.85,2.271124170711318,3.0330008192273064,0.07398965836720717
22.86,2.239893568705876,3.0616486762714965,0.07345115246890044
22.87,2.20838730225102,3.0900405737990395,0.07290821616952857
22.88,2.1766081818845002,3.1181731516953475,0.07236110181280031
22.89,2.1445590181440215,3.146043049845872,0.07181006174242362
22.900000000000002,2.1122426215673222,3.173646908136036,0.07125534830210704
22.91,2.0796568821996435,3.2009796695889587,0.07069699871983881
22.92,2.0467998810085097,3.2280365919993375,0.07013509711843866
22.93,2.0136750621113046,3.2548149114184315,0.06956998202482335
22.94,1.9802858702904524,3.281311864135042,0.06900199199624674
22.95,1.946635750328426,3.307524686437932,0.0684314655899634
22.96,1.9127281470076496,3.3334506146159044,0.06785874136322713
22.97,1.8785665051105958,3.3590868849577227,0.06728415787329255
22.98,1.8441542694196886,3.384430733752187,0.06670805367741345
22.990000000000002,1.809494884717389,3.409479397288072,0.06613076733284423
23.0,1.7745917957861574,3.434230111854151,0.06555263739683934
23.01,1.7394484474084182,3.4586801137392245,0.06497400242665251
23.02,1.704068284366644,3.4828266392320577,0.06439520097953841
23.03,1.6684547514432584,3.50666692462145,0.0638165716127508
23.04,1.6326112934207355,3.530198206196168,0.0632384528835443
23.05,1.596541355081498,3.5534177202450103,0.06266118334917271
23.06,1.56024838120802,3.5763227030567433,0.06208510156689065
23.07,1.523735816582724,3.598910390920166,0.0615105460939519
23.080000000000002,1.4870071059880718,3.621178020124053,0.06093785548761088
23.09,1.4500656942065246,3.643122826957179,0.06036736830512199
23.1,1.4129150260205048,3.6647420477083426,0.05979942310373902
23.11,1.375558546212487,3.6860329186663106,0.0592343584407166
23.12,1.3379996995648935,3.7069926761198806,0.05867251287330851
23.13,1.3002414032800083,3.7276181973734004,0.058113996745681296
23.14,1.2622811395442637,3.7479027702665246,0.05755651280054276
23.150000000000002,1.2241210971496392,3.767843107389212,0.05699968400827715
23.16,1.1857652541106094,3.787437163494033,0.05644389442985034
23.17,1.1472175884416078,3.806682893333579,0.0558895281262276
23.18,1.1084820781571234,3.8255782516604127,0.055336969158374986
23.19,1.0695627012715891,3.844121193227125,0.054786601587257774
23.2,1.0304634357994942,3.86230967278628,0.05423880947384203
23.21,0.9911882597552716,3.880141645090467,0.05369397687909301
23.22,0.9517411511534103,3.897615064892251,0.05315248786397679
23.23,0.9121260880083435,3.9147278869442212,0.05261472648945864
23.240000000000002,0.872347048334546,3.931478065998949,0.052081076816504424
23.25,0.8324080101464932,3.9478635568090046,0.05155192290607999
23.26,0.7923129514586178,3.9638823141269772,0.05102764881915063
23.27,0.7520658502854093,3.9795322927054326,0.050508638616682394
23.28,0.7116706846413,3.9948114472969594,0.049995276359640566
23.29,0.67113143254078,4.009717732654123,0.04948794610899118
23.3,0.6304520719982813,4.024249103529511,0.04898703192569955
23.31,0.5896365810282939,4.038403514675691,0.04849291787073169
23.32,0.54868893764525,4.05217892084525,0.04800598800505292
23.330000000000002,0.5076131198636249,4.06557327679076,0.04752662638962908
23.34,0.4664131056978942,4.078584537264792,0.04705521708542601
23.35,0.4250928731624902,4.091210657019934,0.046592144153409024
23.36,0.3836549192146516,4.103448329809108,0.04613626755317512
23.37,0.34209933254846836,4.115292424603953,0.045683798623941084
23.38,0.3004301067785442,4.126741361126639,0.04523479646933022
23.39,0.2586514626975065,4.137793758503543,0.0447895494584056
23.400000000000002,0.21676762109802686,4.148448235861029,0.04434834596023079
23.41,0.17478280277277725,4.15870341232546,0.04391147434386934
23.42,0.13270122851438465,4.168557907023214,0.04347922297838434
23.43,0.09052711911553585,4.17801033908065,0.04305188023283949
23.44,0.048264695368857746,4.187059327624144,0.04262973447629789
23.45,0.005918178067037372,4.195703491780058,0.042213074077823244
23.46,-0.03650821199729837,4.203941450674766,0.041802187406478654
23.47,-0.07901025403146261,4.2117718234346295,0.0413973628313278
23.48,-0.12158372724282862,4.219193229186023,0.0409988887214338
23.490000000000002,-0.1642244108387244,4.226204287055311,0.0406070534458602
23.5,-0.2069280840264779,4.2328036161688605,0.04022214537367053
23.51,-0.24969052601346242,4.238989835653044,0.039844452873927926
23.52,-0.29250751600699076,4.244761564634224,0.03947426431569604
23.53,-0.3353756416367651,4.250116201163211,0.039110602457287445
23.54,-0.3782929260273911,4.255049176589765,0.03875010008436035
23.55,-0.42125511582034364,4.25955957074071,0.03839280524911898
23.56,-0.464257808432251,4.263646695045986,0.03803899522564122
23.57,-0.5072966012798025,4.267309860935541,0.037688947288004454
23.580000000000002,-0.5503670917796417,4.2705483798393145,0.037342938710286426
23.59,-0.5934648773484124,4.273361563187252,0.037001246766564896
23.6,-0.6365855554028036,4.275748722409299,0.03666414873091725
23.61,-0.6797247233594439,4.277709168935397,0.03633192187742135
23.62,-0.7228779786350227,4.279242214195492,0.03600484348015458
23.63,-0.7660409186461681,4.280347169619525,0.035683190813194814
23.64,-0.8092091408095695,4.2810233466374426,0.03536724115061944
23.650000000000002,-0.8523782425418707,4.281270056679188,0.035057271766506214
23.66,-0.8955438212597151,4.281086611174703,0.034753559934932864
23.67,-0.9387014743797921,4.280472321553934,0.0344563829299768
23.68,-0.9818467993187301,4.279426499246825,0.03416601802571586
23.69,-1.0249753934932184,4.277948455683317,0.033882742496227476
23.7,-1.0680834780585855,4.2760359211791865,0.03360534232317863
23.71,-1.111168527864103,4.273683745617715,0.03332953351833396
23.72,-1.1542261916573895,4.270891730190685,0.03305531954680521
23.73,-1.1972519821525753,4.267660031493434,0.03278302653857079
23.740000000000002,-1.2402414120637462,4.263988806121304,0.0325129806236094
23.75,-1.2831899941049867,4.259878210669639,0.03224550793189971
23.76,-1.326093240990428,4.255328401733774,0.03198093459342014
23.77,-1.36894666543414,4.2503395359090534,0.03171958673814947
23.78,-1.4117457801502535,4.244911769790816,0.031461790496066115
23.79,-1.4544860978528384,4.2390452599744055,0.03120787199714884
23.8,-1.4971631312560252,4.232740163055158,0.030958157371376076
23.81,-1.5397723930738847,4.2259966356284195,0.03071297274872659
23.82,-1.5823093960205465,4.218814834289525,0.0304726442591788
23.830000000000002,-1.6247696528100968,4.2111949156338175,0.03023749803271139
23.84,-1.6671486761566205,4.203137036256641,0.030007860199303044
23.85,-1.7094419787742483,4.19464135275333,0.029784056888932185
23.86,-1.75164507337705,4.185708021719233,0.029566414231577572
23.87,-1.7937534726791564,4.176337199749681,0.029355258357217646
23.88,-1.835762689394638,4.166529043440024,0.029150915395831152
23.89,-1.8776682442643682,4.1562836721150465,0.028953677382934827
23.900000000000002,-1.919466613940145,4.1455970498822,0.028759861260417477
23.91,-1.9611540605618474,4.1344670681348115,0.028566975273581353
23.92,-2.0027262190235255,4.122894720098675,0.02837524892183441
23.93,-2.0441787242191714,4.110880998999601,0.02818491170458487
23.94,-2.0855072110428354,4.098426898063381,0.027996193121240697
23.95,-2.1267073143885096,4.085533410515825,0.027809322671210113
23.96,-2.1677746691502437,4.072201529582725,0.027624529853901077
23.97,-2.20870491022203,4.058432248489893,0.027442044168721813
23.98,-2.2494936724979198,4.0442265604631205,0.027262095115080286
23.990000000000002,-2.290136590871918,4.029585458728214,0.02708491219238465
24.0,-2.330629300238032,4.0145099365109775,0.02691072490004306
24.01,-2.370967435490312,3.999000987037205,0.026739762737463483
24.02,-2.41114663152275,3.983059603532707,0.026572255204054134
24.03,-2.4511625232293963,3.966686779223274,0.026408431799222983
24.04,-2.491010745504243,3.949883507334719,0.02624852202237824
24.05,-2.5306869332413395,3.9326507810928315,0.026092755372927885
24.060000000000002,-2.5701867213346934,3.9149895937234183,0.025941361350280065
24.07,-2.6095057446783114,3.896900938452288,0.025794569453842925
24.080000000000002,-2.648639560514004,3.8783840334043664,0.025651557070169514
24.09,-2.6875836771592416,3.8594344919389934,0.02550910492252172
24.1,-2.7263339790072507,3.840053733142374,0.02536714283612697
24.11,-2.7648863751753407,3.8202436410184926,0.02522586570692633
24.12,-2.803236774780878,3.8000060995713034,0.02508546843086068
24.13,-2.841381086941173,3.7793429928047906,0.02494614590387109
24.14,-2.8793152207735906,3.758256204722909,0.024808093021898427
24.150000000000002,-2.917035085395455,3.7367476193296345,0.02467150468088372
24.16,-2.9545365899240914,3.7148191206289445,0.024536575776767988
24.17,-2.991815643476864,3.6924725926247928,0.024403501205492107
24.18,-3.028868155171085,3.6697099193211646,0.02427247586299714
24.19,-3.065690034124118,3.6465329847220134,0.024143694645223972
24.2,-3.1022771894532744,3.6229436728313242,0.024017352448113663
24.21,-3.138625530275919,3.59894386765305,0.023893644167607093
24.22,-3.174730965709364,3.574535453191177,0.023772764699645326
24.23,-3.210589404870972,3.5497203134496575,0.023654908940169247
24.240000000000002,-3.2461967568780694,3.524500332432469,0.023540271785119873
24.25,-3.2815489308479813,3.49887739414359,0.023429048130438213
24.26,-3.3166418358980705,3.4728533825869716,0.02332143287206516
24.27,-3.3514713811456494,3.446430181766602,0.023217620905941764
24.28,-3.386032647308794,3.419606275561022,0.023116288331625653
24.29,-3.4203205819127964,3.39237896898713,0.02301530915907777
24.3,-3.4543315514945148,3.364750965820054,0.022914783523087
24.310000000000002,-3.488061935681443,3.3367250215002886,0.0228148337369391
24.32,-3.521508114101076,3.3083038914683303,0.022715582113919823
24.330000000000002,-3.554666466380944,3.2794903311646433,0.022617150967314825
24.34,-3.5875333721485307,3.2502870960297345,0.0225196626104099
24.35,-3.6201052110313654,3.2206969415040687,0.022423239356490692
24.36,-3.652378362656932,3.190722623028152,0.022328003518843002
24.37,-3.68434920665276,3.1603668960424485,0.02223407741075248
24.38,-3.716014122646333,3.129632515987466,0.022141583345504916
24.39,-3.7473694902651804,3.098522238303668,0.022050643636385963
24.400000000000002,-3.778411689136797,3.0670388184315507,0.021961380596681377
24.41,-3.8091370988886797,3.0351850118116106,0.021873916539676914
24.42,-3.839542099148356,3.002963573884312,0.021788373778658235
24.43,-3.869623069543311,2.9703772600901615,0.02170487462691112
24.44,-3.8993763897010734,2.937428825869623,0.02162354139772123
24.45,-3.9287984392491277,2.904121026663205,0.02154449640437435
24.46,-3.957885597815002,2.870456617911369,0.021467861960156143
24.47,-3.986634245026183,2.8364383550546246,0.021393760378352385
24.48,-4.015039413088924,2.8020663144911278,0.02132164240348267
24.490000000000002,-4.043094408339141,2.767336883548475,0.02124990172096769
24.5,-4.070796140705996,2.732253366329039,0.02117853841184122
24.51,-4.098141697908739,2.6968194145809905,0.02110763669861615
24.52,-4.125128167666581,2.6610386800525485,0.021037280803805476
24.53,-4.151752637698771,2.6249148144918832,0.020967554949922085
24.54,-4.1780121957245235,2.588451469647216,0.020898543359478973
24.55,-4.203903929463085,2.551652297266715,0.020830330254989038
24.560000000000002,-4.229424926633678,2.5145209490985887,0.02076299985896524
24.57,-4.254572274955524,2.477061076891046,0.020696636393920546
24.580000000000002,-4.279343062147872,2.4392763323922546,0.020631324082367855
24.59,-4.303734375929935,2.4011703673504368,0.020567147146820158
24.6,-4.327743304020961,2.3627468335137607,0.020504189809790345
24.61,-4.351366934140164,2.3240093826304484,0.020442536293791405
24.62,-4.37460235400679,2.2849616664486674,0.020382270821336243
24.63,-4.397446651340056,2.245607336716641,0.02032347761493784
24.64,-4.419896913859207,2.2059500451825356,0.020266240897109097
24.650000000000002,-4.4419502292834645,2.1659934435945614,0.020210644890362974
24.66,-4.463603685332053,2.125741183700926,0.020156773817212443
24.67,-4.48485436972422,2.0851969172497977,0.020104711900170397
24.68,-4.505699370179179,2.0443642959894,0.020054543361749822
24.69,-4.526135774416176,2.003246971667898,0.020006352424463626
24.7,-4.546160655281888,1.961848577230236,0.01996022075708475
24.71,-4.56576645773448,1.9201668118555228,0.01991539115977281
24.72,-4.584947260246473,1.8782011450422793,0.019871229310523646
24.73,-4.603701143445482,1.8359560407225757,0.019827753102171514
24.740000000000002,-4.622026187959102,1.7934359628285277,0.019784980427550707
24.75,-4.639920474414925,1.750645375292251,0.019742929179495525
24.76,-4.657382083440568,1.7075887420458158,0.019701617250840218
24.77,-4.674409095663617,1.6642705270213531,0.019661062534419103
24.78,-4.690999591711687,1.6206951941509329,0.019621282923066426
24.79,-4.7071516522123655,1.5768672073666865,0.019582296309616505
24.8,-4.722863357793266,1.5327910306006833,0.01954412058690359
24.810000000000002,-4.738132789081984,1.4884711277850393,0.019506773647761978
24.82,-4.752958026706114,1.443911962851871,0.019470273385025966
24.830000000000002,-4.767337151293268,1.3991179997332472,0.019434637691529807
24.84,-4.781268243471038,1.3540937023613004,0.019399884460107812
24.85,-4.794749383867034,1.308843534668099,0.019366031583594234
24.86,-4.807778653108846,1.2633719605857756,0.019333096954823388
24.87,-4.820354131824086,1.2176834440463988,0.019301098466629526
24.88,-4.832473900640346,1.1717824489821014,0.019270054011846952
24.89,-4.844136040185235,1.125673439324951,0.01923998148330993
24.900000000000002,-4.85533863108635,1.0793608790070648,0.019210898773852753
24.91,-4.866079753971287,1.0328492319605598,0.019182823776309716
24.92,-4.876357489467657,0.9861429621175033,0.019155774383515074
24.93,-4.886169918203052,0.9392465334100293,0.019129768488303132
24.94,-4.89551512080508,0.8921644097702048,0.019104823983508157
24.95,-4.904390512272768,0.8449004585519457,0.01908093596386764
24.96,-4.912787593531185,0.797453103934849,0.019057883290347615
24.97,-4.920703591027168,0.7498256218194393,0.0190356140924395
24.98,-4.928137628170005,0.7020229589898503,0.019014138662732286
24.990000000000002,-4.9350888283689756,0.6540500622302665,0.018993467293814997
25.0,-4.941556315033359,0.6059118783248724,0.018973610278276647
25.01,-4.947539211572441,0.5576133540578014,0.01895457790870624
25.02,-4.953036641395502,0.5091594362132553,0.018936380477692798
25.03,-4.958047727911826,0.4605550715753674,0.01891902827782532
25.04,-4.962571594530692,0.4118052069283395,0.01890253160169283
25.05,-4.966607364661385,0.36291478905630464,0.018886900741884333
25.060000000000002,-4.970154161713187,0.3138887647434475,0.018872145990988843
25.07,-4.973211109095376,0.26473208077395327,0.018858277641595377
25.080000000000002,-4.975777330217239,0.21544968393195463,0.018845305986292943
25.09,-4.9778519484880555,0.16604652100165385,0.018833241317670554
25.1,-4.9794340873171095,0.11652753876718358,0.01882209392831722
25.11,-4.98052287011368,0.06689768401274632,0.01881187411082196
25.12,-4.9811174202870525,0.017161903522474486,0.018802592157773777
25.13,-4.981216861246507,-0.03267485591942909,0.018794258361761688
25.14,-4.980820316401326,-0.0826076475288322,0.018786883015374706
25.150000000000002,-4.979926909160792,-0.1326315245215498,0.01878047641120184
25.16,-4.978535762934187,-0.18274154011339627,0.01877504884183211
25.17,-4.976642890130107,-0.23293440825374817,0.01877058200796688
25.18,-4.974241159752822,-0.2832086788125451,0.018767015900616895
25.19,-4.971330547994279,-0.33355924595903874,0.018764344600362554
25.2,-4.967911283736406,-0.3839808713508714,0.018762564316824607
25.21,-4.963983595861123,-0.4344683166457565,0.01876167125962379
25.22,-4.959547713250356,-0.48501634350133616,0.018761661638380847
25.23,-4.954603864786027,-0.5356197135753242,0.01876253166271652
25.240000000000002,-4.94915227935006,-0.5862731885253805,0.01876427754225155
25.25,-4.943193185824382,-0.6369715300091647,0.018766895486606674
25.26,-4.93672681309091,-0.6877094996843909,0.018770381705402635
25.27,-4.929753390031575,-0.7384818592087006,0.018774732408260175
25.28,-4.922273145528294,-0.789283370239808,0.018779943804800036
25.29,-4.914286308462996,-0.8401087944353549,0.018786012104642955
25.3,-4.905793107717599,-0.8909528934530551,0.018792933517409675
25.310000000000002,-4.896793772174031,-0.9418104289505684,0.018800704252720943
25.32,-4.887288530714216,-0.9926761625855545,0.018809320520197487
25.330000000000002,-4.877277612220074,-1.0435448560157279,0.01881877852946006
25.34,-4.866761245573534,-1.0944112708987295,0.018829074490129397
25.35,-4.855739659656512,-1.145270168892274,0.018840204611826238
25.36,-4.844213083350941,-1.1961163116540026,0.01885216510417133
25.37,-4.832181745538735,-1.2469444608416296,0.018864952176785407
25.38,-4.819645636474984,-1.2977494419786204,0.0188785637841486
25.39,-4.806596326512353,-1.3485283970879516,0.018893063795032496
25.400000000000002,-4.793030643761101,-1.3992772369973283,0.018908489775588275
25.41,-4.778950113505155,-1.4499906450349516,0.01892484699140087
25.42,-4.764356261028422,-1.500663304529076,0.01894214070805522
25.43,-4.749250611614837,-1.5512898988078847,0.018960376191136247
25.44,-4.733634690548307,-1.6018651111996325,0.018979558706228902
25.45,-4.717510023112764,-1.6523836250325021,0.018999693518918098
25.46,-4.700878134592118,-1.7028401236347486,0.019020785894788783
25.47,-4.683740550270301,-1.7532292903345548,0.019042841099425882
25.48,-4.66609879543122,-1.8035458084601756,0.019065864398414335
25.490000000000002,-4.647954395358803,-1.8537843613398117,0.01908986105733907
25.5,-4.629308875336976,-1.9039396323016644,0.019114836341785013
25.51,-4.610163760649648,-1.9540063046739884,0.019140795517337116
25.52,-4.590520576580752,-2.003979061784966,0.01916774384958029
25.53,-4.570380848414194,-2.053852586962853,0.019195686604099486
25.54,-4.549746101433909,-2.1036215635358317,0.019224629046479622
25.55,-4.528617860923804,-2.1532806748321573,0.019254576442305646
25.560000000000002,-4.506997652167805,-2.20282460418003,0.019285534057162487
25.57,-4.4848870004498425,-2.2522480349076517,0.01931750715663506
25.580000000000002,-4.462287431053819,-2.3015456503432765,0.019350501006308325
25.59,-4.439200469263673,-2.350712133815088,0.019384520871767192
25.6,-4.415627640363307,-2.39974216865134,0.019419572018596613
25.61,-4.391570469636659,-2.4486304381802166,0.019455659712381505
25.62,-4.367030482367632,-2.4973716257299716,0.019492789218706816
25.63,-4.3420057496529925,-2.545960499054679,0.019530927601014755
25.64,-4.316483138411286,-2.594392244282847,0.019569920857183353
25.650000000000002,-4.2904638856923905,-2.6426618892426856,0.01960977771684523
25.66,-4.263951098521246,-2.690764426319299,0.019650527793208576
25.67,-4.236947883922762,-2.7386948478978437,0.019692200699481625
25.68,-4.209457348921889,-2.786448146363406,0.019734826048872545
25.69,-4.181482600543535,-2.8340193141011403,0.019778433454589576
25.7,-4.15302674581265,-2.881403343496135,0.019823052529840887
25.71,-4.124092891754144,-2.9285952269335445,0.019868712887834716
25.72,-4.094684145392967,-2.9755899567984563,0.01991544414177923
25.73,-4.064803613754027,-3.0223825254760253,0.01996327590488267
25.740000000000002,-4.034454403862263,-3.0689679253513553,0.020012237790353226
25.75,-4.003639622742617,-3.115341148809552,0.020062359411399076
25.76,-3.9723623774199956,-3.161497188235769,0.020113670381228462
25.77,-3.940625774919351,-3.207431036015094,0.020166200313049554
25.78,-3.9084329222655905,-3.253137684532682,0.02021997882007059
25.79,-3.8757869264836655,-3.2986121261736208,0.020275035515499737
25.8,-3.842690894598483,-3.3438493533230647,0.02033140001254524
25.810000000000002,-3.8091479336349834,-3.3888443583661174,0.020389101924415277
25.82,-3.775161150618109,-3.433592133687885,0.020448170864318032
25.830000000000002,-3.7407336525727644,-3.4780876716735207,0.020508636445461758
25.84,-3.7058685465239045,-3.5223259647081138,0.020570528281054608
25.85,-3.670568939496433,-3.5663020051768166,0.02063387598430483
25.86,-3.634837938515305,-3.61001078546472,0.02069870916842059
25.87,-3.5986786506054247,-3.653447297956974,0.02076505744661013
25.88,-3.5620941827917467,-3.696606535038671,0.02083295043208161
25.89,-3.5250876420991752,-3.7394834890949626,0.02090241773804328
25.900000000000002,-3.487662135552652,-3.7820731525109537,0.02097348897770332
25.91,-3.44982077017712,-3.824370517671751,0.021046193764269906
25.92,-3.411566652997483,-3.866370576962505,0.021120561710951297
25.93,-3.3729027041048583,-3.908068294266809,0.021196613068238224
25.94,-3.3338209746921526,-3.949457108005186,0.021273820456831842
25.95,-3.294318927025717,-3.990531680335812,0.021351917666245467
25.96,-3.2544008225123537,-4.031287783953908,0.02143097720091953
25.97,-3.21407092255892,-4.0717211915546345,0.021511071565294363
25.98,-3.1733334885722164,-4.111827675833214,0.021592273263810406
25.990000000000002,-3.1321927819590862,-4.151603009484823,0.02167465480090801
26.0,-3.0906530641263745,-4.191042965204639,0.021758288681027534
26.01,-3.0487185964808807,-4.230143315687881,0.021843247408609417
26.02,-3.0063936404294633,-4.268899833629714,0.021929603488093984
26.03,-2.9636824573789227,-4.307308291725356,0.022017429423921677
26.04,-2.9205893087361177,-4.345364462669971,0.022106797720532822
26.05,-2.8771184559078473,-4.383064119158778,0.02219778088236786
26.060000000000002,-2.8332741603009564,-4.420403033886956,0.022290451413867145
26.07,-2.7890606833222895,-4.457376979549681,0.022384881819471028
26.080000000000002,-2.744482286378645,-4.493981728842174,0.022481144603619958
26.09,-2.6995432308768836,-4.5302130544595975,0.022579312270754246
26.1,-2.654247778223803,-4.566066729097171,0.022679457325314352
26.11,-2.608600189826265,-4.601538525450059,0.022781652271740584
26.12,-2.5626047270910655,-4.6366242162134785,0.022885969614473402
26.13,-2.5162656514250674,-4.671319574082597,0.02299248185795311
26.14,-2.469587224235067,-4.70562037175263,0.023101261506620167
26.150000000000002,-2.42257370692791,-4.739522381918757,0.02321238106491492
26.16,-2.3752293609104425,-4.773021377276158,0.023325913037277716
26.17,-2.32755844758946,-4.806113130520046,0.023441929928149016
26.18,-2.279565228371826,-4.838793414345592,0.023560504241969118
26.19,-2.231249226653725,-4.8710555111553395,0.02368109186425378
26.2,-2.1826079621885643,-4.9028919386363885,0.023802852649015344
26.21,-2.1336464544960716,-4.934299353045849,0.02392589843543068
26.22,-2.0843698023305004,-4.965274453327404,0.02405035124715973
26.23,-2.034783104446033,-4.995813938424781,0.024176333107862623
26.240000000000002,-1.9848914595969054,-5.025914507281675,0.02430396604119934
26.25,-1.9346999665373523,-5.05557285884178,0.024433372070829865
26.26,-1.8842137240215562,-5.084785692048823,0.024564673220414328
26.27,-1.8334378308037707,-5.11354970584649,0.024697991513612665
26.28,-1.7823773856381773,-5.141861599178505,0.024833448974085005
26.29,-1.7310374872790302,-5.169718070988553,0.02497116762549128
26.3,-1.6794232344805107,-5.197115820220363,0.02511126949149162
26.310000000000002,-1.6275397259968547,-5.224051545817627,0.02525387659574601
26.32,-1.5753920605822986,-5.250521946724043,0.025399110961914433
26.330000000000002,-1.522985336991023,-5.2765237218833345,0.02554709461365702
26.34,-1.4703246539772827,-5.302053570239188,0.0256979495746337
26.35,-1.4174151102952584,-5.32710819073533,0.025851797868504608
26.36,-1.3642618046992054,-5.3516842823154445,0.026008761518929672
26.37,-1.3108698359433033,-5.375778543923256,0.026168962549569033
26.38,-1.2572443027818083,-5.399387674502454,0.026332522984082608
26.39,-1.2033903039688996,-5.422508372996759,0.02649956484613055
26.400000000000002,-1.1493129382588143,-5.44513733834987,0.026670210159372827
26.41,-1.0950169285870632,-5.467270903206793,0.02684448745461125
26.42,-1.0405018336658831,-5.488900498595753,0.027021113048457387
26.43,-0.9857713366130365,-5.510021869723064,0.027199767880594604
26.44,-0.9308310861521879,-5.5306327147193315,0.027380614131917478
26.45,-0.8756867310070799,-5.550730731715131,0.027563813983320338
26.46,-0.8203439199013772,-5.57031361884107,0.027749529615697772
26.47,-0.7648083015588223,-5.589379074227723,0.027937923209944107
26.48,-0.7090855247030792,-5.607924796005697,0.028129156946953924
26.490000000000002,-0.6531812380578714,-5.625948482305574,0.028323393007621614
26.5,-0.5971010903469226,-5.643447831257942,0.028520793572841565
26.51,-0.540850730293896,-5.660420540993402,0.028721520823508373
26.52,-0.48443580662253527,-5.676864309642535,0.028925736940516346
26.53,-0.427861968056504,-5.692776835335942,0.02913360410476009
26.54,-0.3711348633195459,-5.708155816204204,0.029345284497133906
26.55,-0.3142601411353241,-5.7229989503779235,0.029560940298532408
26.560000000000002,-0.25724345022756234,-5.737303935987685,0.02978073368984997
26.57,-0.2000904393199846,-5.751068471164076,0.030004826851980967
26.580000000000002,-0.14280675713625346,-5.764290254037697,0.030233381965820018
26.59,-0.08539805240011367,-5.776966982739128,0.030466561212261416
26.6,-0.027869973835227713,-5.789096355398971,0.03070452677219978
26.61,0.029771936276958365,-5.800675882602282,0.030947398307555714
26.62,0.08752542313635066,-5.811697396696045,0.03119395848842355
26.63,0.14538619678617548,-5.822156625954027,0.03144373830185862
26.64,0.20334824684317332,-5.8320523804588404,0.031696945440092564
26.650000000000002,0.26140556292402284,-5.841383470293087,0.03195378759535677
26.66,0.3195521346454026,-5.850148705539368,0.03221447245988261
26.67,0.37778195162405315,-5.858346896280296,0.03247920772590174
26.68,0.43608900347663243,-5.865976852598469,0.03274820108564544
26.69,0.49446727981988114,-5.873037384576499,0.033021660231345375
26.7,0.5529107702704571,-5.879527302296984,0.03329979285523281
26.71,0.6114134644451008,-5.885445415842535,0.03358280664953942
26.72,0.6699693519604705,-5.8907905352957535,0.03387090930649647
26.73,0.7285724224333064,-5.895561470739247,0.034164308518335636
26.740000000000002,0.7872166654802876,-5.89975703225562,0.034463211977288286
26.75,0.8458960707180921,-5.9033760299274745,0.03476782737558577
26.76,0.9046046277634611,-5.90641727383742,0.03507836240545979
26.77,0.9633363262330517,-5.908879574068059,0.03539502475914158
26.78,1.0220851557436055,-5.910761740701997,0.03571802212886284
26.79,1.0808451059117794,-5.912062583821839,0.036047562206854816
26.8,1.139610166354315,-5.912780913510191,0.036383852685349195
26.810000000000002,1.198374340874078,-5.912915491076086,0.03672709149772446
26.82,1.2571334207356288,-5.91245908034031,0.03707623833324889
26.830000000000002,1.3158825538122498,-5.911407148294075,0.03743066684695345
26.84,1.3746155927224433,-5.909759716086245,0.037790635831047664
26.85,1.4333263900847955,-5.907516804865679,0.03815640407774154
26.86,1.492008798517809,-5.904678435781242,0.038528230379244605
26.87,1.5506566706400695,-5.901244629981791,0.03890637352776688
26.88,1.6092638590700803,-5.897215408616193,0.03929109231551787
26.89,1.667824216426427,-5.892590792833307,0.03968264553470762
26.900000000000002,1.7263315953276333,-5.887370803781994,0.04008129197754576
26.91,1.7847798483922226,-5.881555462611119,0.04048729043624192
26.92,1.8431628282387809,-5.875144790469538,0.04090089970300615
26.93,1.901474387485811,-5.868138808506121,0.04132237857004793
26.94,1.9597083787518987,-5.860537537869721,0.041751985829577336
26.95,2.017858654655547,-5.852340999709207,0.04218998027380382
26.96,2.0759190678153416,-5.843549215173435,0.04263662069493747
26.97,2.133883470849786,-5.834162205411272,0.04309216588518773
26.98,2.1917457163774645,-5.824179991571574,0.0435568746367647
26.990000000000002,2.249499657016902,-5.813602594803205,0.04403100574187799
27.0,2.307139145386622,-5.802430036255032,0.04451481799273719
27.01,2.3646580341052097,-5.790662337075908,0.04500857018155242
27.02,2.4220505292354195,-5.778293311365298,0.04551159938697624
27.03,2.479310904589762,-5.765317622483559,0.046023285449091914
27.04,2.536433110569005,-5.751736638750065,0.04654396194660182
27.05,2.5934110975727807,-5.737551728507355,0.04707396246157714
27.060000000000002,2.650238816000663,-5.722764260097983,0.04761362057608851
27.07,2.706910216252224,-5.707375601864506,0.048163269872206545
27.080000000000002,2.763419248727097,-5.691387122149462,0.04872324393200243
27.09,2.8197598638248342,-5.6748001892954125,0.04929387633754659
27.1,2.8759260119450696,-5.657616171644896,0.04987550067091024
27.11,2.931911643487355,-5.639836437540474,0.05046845051416377
27.12,2.9877107088513233,-5.6214623553246845,0.05107305944937842
27.13,3.043317158436528,-5.60249529334009,0.05168966105862457
27.14,3.0987249426426016,-5.582936619929228,0.052318588923973466
27.150000000000002,3.1539280118691164,-5.562787703434653,0.05296017662749569
27.16,3.208920316515646,-5.542049912198924,0.053614757751261836
27.17,3.2636958069818234,-5.5207246145645765,0.05428266587734317
27.18,3.318248433667201,-5.498813178874174,0.05496423458781004
27.19,3.372572146971411,-5.476316973470252,0.05565979746473372
27.2,3.426660897294008,-5.453237366695376,0.056369688090184535
27.21,3.4805086350346226,-5.42957572689208,0.0570942400462338
27.22,3.5341093105928096,-5.40533342240293,0.05783378691495182
27.23,3.5874564794293167,-5.3805091734744375,0.05858845184650844
27.240000000000002,3.640542697132721,-5.355094504919703,0.059357787898730134
27.25,3.6933621213364924,-5.32909106833926,0.06014215498100759
27.26,3.7459090784338027,-5.302501618345585,0.060942000752458425
27.27,3.798177894817748,-5.275328909551195,0.061757772872199135
27.28,3.850162896881499,-5.247575696568568,0.06258991899934735
27.29,3.9018584110181522,-5.219244734010217,0.06343888679301955
27.3,3.9532587636208785,-5.190338776488621,0.06430512391233341
27.310000000000002,4.0043582810827925,-5.160860578616284,0.06518907801640567
27.32,4.05515128979701,-5.130812895005715,0.06609119676435307
27.330000000000002,4.105632116156701,-5.100198480269388,0.06701192781529335
27.34,4.1557950865549635,-5.069020089019821,0.06795171882834286
27.35,4.205634527384965,-5.037280475869489,0.06891101746261938
27.36,4.255144765039805,-5.00498239543091,0.06989027137723926
27.37,4.304320125912653,-4.972128602316558,0.07088992823132026
27.38,4.353154936396607,-4.938721851138952,0.07191043568397874
27.39,4.401643522884836,-4.9047648965105655,0.0729522413943325
27.400000000000002,4.449780211770454,-4.870260493043905,0.07401579302149822
27.41,4.497559329446579,-4.8352113953514815,0.07510153822459258
27.42,4.54497520230638,-4.7996203580457655,0.07620992466273341
27.43,4.592022156742955,-4.763490135739278,0.07734139999503697
27.44,4.638694519149471,-4.72682348304449,0.07849641188062116
27.45,4.684984622752161,-4.689617627047817,0.0796754654142176
27.46,4.730883939304709,-4.651867166249091,0.08087919439211327
27.47,4.77638738437075,-4.613576079511638,0.0821082071619136
27.48,4.821489919517642,-4.574748472127011,0.0833631112446667
27.490000000000002,4.86618650631269,-4.5353884493868035,0.08464451416141931
27.5,4.910472106323205,-4.495500116582608,0.08595302343321823
27.51,4.9543416811165395,-4.455087579005978,0.08728924658111156
27.52,4.997790192259988,-4.414154941948521,0.0886537911261456
27.53,5.040812601320904,-4.372706310701787,0.0900472645893685
27.54,5.083403869866581,-4.330745790557386,0.0914702744918265
27.55,5.125558959464374,-4.2882774868068685,0.09292342835456782
27.560000000000002,5.16727283168159,-4.245305504741829,0.09440733369863918
27.57,5.208540448085539,-4.201833949653862,0.09592259804508724
27.580000000000002,5.2493567702435735,-4.157866926834517,0.09746982891496031
27.59,5.289716759722989,-4.113408541575405,0.09904963382930447
27.6,5.329615378091137,-4.068462899168074,0.10066262030916809
27.61,5.369047586915314,-4.023034104904136,0.10230939587559722
27.62,5.408008347762871,-3.9771262640751375,0.10399056804964026
27.63,5.446492622201104,-3.9307434819726925,0.1057067443523432
27.64,5.484495371797364,-3.883889863888347,0.1074585323047545
27.650000000000002,5.522011558118963,-3.8365695151136974,0.10924653942792074
27.66,5.559036142733209,-3.78878654094034,0.11107137324288852
27.67,5.595559995439036,-3.7405381285719157,0.11293447749979085
27.68,5.631574146382441,-3.691821583201196,0.11483744106787273
27.69,5.667074441095003,-3.642642269250242,0.11678096432094426
27.7,5.702056727811869,-3.593005555688439,0.11876574710798199
27.71,5.736516854768238,-3.5429168114851,0.12079248927796529
27.72,5.770450670199259,-3.4923814056096103,0.12286189067987069
27.73,5.803854022340127,-3.4414047070312823,0.1249746511626776
27.740000000000002,5.836722759426006,-3.3899920847194838,0.12713147057536325
27.75,5.869052729692053,-3.3381489076435824,0.12933304876690482
27.76,5.9008397813734685,-3.2858805447728896,0.13158008558628184
27.77,5.932079762705401,-3.2331923650767926,0.1338732808824706
27.78,5.962768521923045,-3.1800897375246024,0.13621333450445078
27.79,5.992901907261553,-3.1265780310857063,0.1386009463011986
27.8,6.022475766956118,-3.072662614729415,0.14103681612169372
27.810000000000002,6.051485949241904,-3.018348857425097,0.14352164381491328
27.82,6.079928302354073,-2.963642128142121,0.14605612922983435
27.830000000000002,6.107798674527817,-2.908547795849797,0.1486409722154366
27.84,6.135092913998292,-2.853071229517513,0.15127687262069622
27.85,6.161806869000689,-2.797217798114579,0.15396453029459303
27.86,6.1879363877701605,-2.740992870610384,0.15670464508610304
27.87,6.2134773185419,-2.684401815974237,0.15949791684420622
27.88,6.238425509551061,-2.627450003175527,0.16234504541787848
27.89,6.262772447432208,-2.5701379327758467,0.1652481435739857
27.900000000000002,6.286505839278385,-2.5124617612797353,0.16821051341102422
27.91,6.3096225311781895,-2.4544277422325202,0.17123246746360093
27.92,6.332119631143008,-2.396042420084026,0.17431423301172053
27.93,6.353994247184192,-2.337312339284159,0.17745603733538337
27.94,6.375243487313129,-2.278244044282744,0.1806581077145943
27.95,6.395864459541171,-2.2188440795296875,0.18392067142935364
27.96,6.415854271879705,-2.1591189894748135,0.18724395575966626
27.97,6.435210032340084,-2.099075318568029,0.19062818798553238
27.98,6.4539288489336935,-2.0387196112591575,0.19407359538695698
27.990000000000002,6.472007829671895,-1.9780584119980857,0.19758040524394144
28.0,6.489444082566052,-1.9170982652347002,0.20114884483648704
28.01,6.506234715627547,-1.8558457154188237,0.20477914144459894
28.02,6.522376836867737,-1.794307307000365,0.20847152234827712
28.03,6.537867554298004,-1.7324895844291457,0.21222621482752677
28.04,6.552703975929706,-1.6703990921550753,0.2160434461623478
28.05,6.566883209774224,-1.608042374627975,0.21992344363274552
28.060000000000002,6.58040236384292,-1.5454259762977327,0.22386643451872112
28.07,6.593258546147162,-1.4825564416142356,0.2278726461002758
28.080000000000002,6.605448864698326,-1.419440315027305,0.23194230565741497
28.09,6.616970427507776,-1.356084140986851,0.23607564047013826
28.1,6.627820342586888,-1.2924944639426938,0.24027287781845125
28.11,6.637995717947023,-1.2286778283447444,0.24453424498235352
28.12,6.647493595782403,-1.1646407268470698,0.24885999179519527
28.13,6.656303114362141,-1.1003833313718123,0.2532528334965152
28.14,6.664416917491704,-1.035908239496466,0.25771347972985825
28.150000000000002,6.671833591355766,-0.9712226569782073,0.2622404390368662
28.16,6.678551722139003,-0.9063337895742125,0.2668322199591807
28.17,6.684569896026099,-0.841248843041589,0.2714873310384482
28.18,6.689886699201729,-0.7759750231375362,0.2762042808163086
28.19,6.694500717850575,-0.7105195356191614,0.2809815778344086
28.2,6.698410538157312,-0.6448895862436641,0.285817730634388
28.21,6.701614746306621,-0.5790923807681516,0.2907112477578934
28.22,6.704111928483179,-0.5131351249498236,0.29566063774656476
28.23,6.705900670871667,-0.44702502454578696,0.30066440914204867
28.240000000000002,6.706979559656763,-0.38076928531321796,0.30572107048598673
28.25,6.7073471810231435,-0.3143751130092941,0.31082913032002035
28.26,6.70700212115549,-0.2478497133911215,0.31598709718579643
28.27,6.70594296623848,-0.1812002922159005,0.3211934796249544
28.28,6.70416830245679,-0.11443405524073769,0.3264467861791414
28.29,6.701676715995103,-0.04755820822283341,0.33174552538999685
28.3,6.698466793038095,0.01942004308070633,0.33708820579916776
28.310000000000002,6.694537119770444,0.08649349291270414,0.34247333594829554
28.32,6.689879754449118,0.15365766562420285,0.34790133166071313
28.330000000000002,6.684485482738904,0.22090890721127968,0.35337158249898365
28.34,6.678354877050965,0.28823965478367974,0.35887972917800226
28.35,6.6714885704577584,0.3556423206689984,0.3644213918510799
28.36,6.6638871960317525,0.4231093171947351,0.3699921906715199
28.37,6.6555513868454055,0.4906330566884853,0.3755877457926334
28.38,6.6464817759711865,0.5582059514777484,0.3812036773677234
28.39,6.636678996481552,0.6258204138901198,0.3868356055501013
28.400000000000002,6.626143681448971,0.6934688562531229,0.39247915049307214
28.41,6.614876463945908,0.7611436908942811,0.39812993234994104
28.42,6.6028779770448205,0.8288373301411901,0.40378357127401926
28.43,6.590148853818179,0.896542186321349,0.4094356874186099
28.44,6.576689727338439,0.9642506717623536,0.41508190093702424
28.45,6.562501230678073,1.0319551987917026,0.42071783198256524
28.46,6.547583996909535,1.0996481797369924,0.4263391007085442
28.47,6.531938659105298,1.1673220269257218,0.4319413272682643
28.48,6.515565850337815,1.2349691526854862,0.4375201318150366
28.490000000000002,6.498466203679555,1.3025819693438092,0.4430711345021663
28.5,6.480640352202986,1.3701528892282147,0.44858995548295866
28.51,6.462084504995528,1.4376752049412473,0.4540722857603862
28.52,6.442788974459264,1.5051436748778877,0.4595128207660916
28.53,6.422756208930823,1.5725509288819122,0.4649049948701983
28.54,6.401989286342986,1.6398894785946059,0.4702422059996815
28.55,6.380491284628503,1.7071518356573496,0.4755178520815239
28.560000000000002,6.358265281720148,1.7743305117114527,0.4807253310427027
28.57,6.335314355550692,1.8414180183982243,0.48585804081019496
28.580000000000002,6.311641584052887,1.9084068673590453,0.49090937931098333
28.59,6.287250045159513,1.975289570235201,0.49587274447204327
28.6,6.262142816803319,2.042058638668072,0.5007415342203572
28.61,6.236322976917089,2.108706584298944,0.5055091464829007
28.62,6.209793603433568,2.1752259187691974,0.5101689791866562
28.63,6.182557774285542,2.241609153720118,0.5147144302585991
28.64,6.154618567405757,2.307848800793086,0.5191388976257119
28.650000000000002,6.125979060726988,2.3739373716294105,0.5234357792149719
28.66,6.09664233218201,2.439867377870402,0.5275984729533564
28.67,6.066611459703568,2.50563133115744,0.5316203767678476
28.68,6.035889356503632,2.571221738078487,0.5354948378451206
28.69,6.004469618448559,2.6366309184574557,0.5392124732886857
28.7,5.972351468090702,2.7018516647766386,0.5427660574653831
28.71,5.939540293593546,2.766877014286361,0.5461503425877119
28.72,5.906041483120622,2.831700004236854,0.5493600808681663
28.73,5.871860424835417,2.8963136718784424,0.5523900245192456
28.740000000000002,5.837002506901451,2.96071105446138,0.5552349257534449
28.75,5.801473117482244,3.0248851892359236,0.55788953678326
28.76,5.765277644741282,3.0888291134523955,0.5603486098211897
28.77,5.728421476842098,3.152535864361029,0.5626068970797288
28.78,5.6909100019481755,3.2159984792121468,0.5646591507713754
28.79,5.65274860822305,3.2792099952559814,0.5665001231086249
28.8,5.613942683830203,3.342163449742857,0.5681245663039752
28.810000000000002,5.574497616933156,3.404851879923028,0.5695272325699223
28.82,5.534418795695434,3.467268323046751,0.5707028741189625
28.830000000000002,5.493711608280515,3.5294058163643474,0.5716462431635932
28.84,5.452381442851939,3.5912573971260517,0.5723520919163105
28.85,5.410433058892895,3.652815906198465,0.572814736228926
28.86,5.367861956238196,3.7140714172871276,0.573023454293669
28.87,5.32467129925384,3.775016684948222,0.5729760221630915
28.88,5.280868020398172,3.835645678164715,0.5726732456066203
28.89,5.236459052129474,3.895952365919659,0.5721159303936815
28.900000000000002,5.1914513269060745,3.9559307171960425,0.5713048822937019
28.91,5.145851777186304,4.015574700976855,0.5702409070761086
28.92,5.099667335428444,4.0748782862451485,0.5689248105103273
28.93,5.05290493409084,4.133835441983891,0.5673573983657855
28.94,5.005571505631773,4.192440137176133,0.5655394764119086
28.95,4.957673982509589,4.250686340804845,0.5634718504181246
28.96,4.9092192971825686,4.308568021853077,0.5611553261538587
28.97,4.86021438210906,4.366079149303799,0.5585907093885388
28.98,4.810666169747341,4.4232136921400595,0.55577880589159
28.990000000000002,4.7605815925557415,4.47996561934485,0.5527204214324395
29.0,4.709967582992595,4.536328899901161,0.5494163617805152
29.01,4.658831073516179,4.59229750279204,0.5458674327052413
29.02,4.607178996584842,4.64786539700046,0.5420744399760469
29.03,4.555018284656862,4.703026551509469,0.5380381893623559
29.04,4.50235376813682,4.75777365226034,0.5337603197230606
29.05,4.449185658878591,4.812097047103964,0.5292473052014667
29.060000000000002,4.395520301094339,4.86599135825978,0.5245065090994493
29.07,4.341364532092747,4.919451527251652,0.5195452138161644
29.080000000000002,4.286725189182437,4.972472495603498,0.5143707017507628
29.09,4.23160910967211,5.025049204839161,0.5089902553024025
29.1,4.17602313087039,5.077176596482562,0.5034111568702336
29.11,4.119974090085977,5.128849612057544,0.4976406888534148
29.12,4.063468824627494,5.180063193088025,0.4916861336510958
29.13,4.0065141718036426,5.23081228109785,0.4855547736624353
29.14,3.949116968923045,5.281091817610936,0.4792538912865832
29.150000000000002,3.891284053294383,5.330896744151148,0.4727907689226958
29.16,3.833022262226339,5.3802220022423475,0.4661726889699298
29.17,3.7743384330275336,5.429062533408452,0.45940693382743475
29.18,3.715239403006671,5.477413279173308,0.4525007858943697
29.19,3.6557320094723713,5.525269181060832,0.4454615275698839
29.2,3.5958225368672996,5.572624641984394,0.43829717942747165
29.21,3.535513637485574,5.619471010721786,0.4310210323529867
29.22,3.474810748372017,5.6658031656374614,0.42364336848940765
29.23,3.413720052065293,5.7116167784839345,0.41617353291524306
29.240000000000002,3.3522477311041325,5.756907521013671,0.40862087070900954
29.25,3.290399968027265,5.801671064979138,0.40099472694922367
29.26,3.2281829453733546,5.845903082132851,0.39330444671439396
29.27,3.1656028456811542,5.889599244227259,0.3855593750830398
29.28,3.102665851489327,5.932755223014877,0.3777688571336696
29.29,3.0393781453366264,5.975366690248156,0.36994223794480285
29.3,2.975745909761715,6.017429317679609,0.36208886259494777
29.310000000000002,2.9117753273033244,6.0589387770617025,0.35421807616262124
29.32,2.847472580500184,6.099890740146906,0.34633922372633985
29.330000000000002,2.7828438518909575,6.14028087868773,0.3384616503646119
29.34,2.71789519992404,6.180104775991882,0.3305946685676177
29.35,2.6526286718602514,6.219355367714085,0.3227461467330809
29.36,2.587048170452129,6.2580274858241145,0.31492337957141586
29.37,2.521159513554951,6.2961174206804404,0.3071339920238566
29.38,2.4549685190240895,6.333621462641477,0.2993856090316481
29.39,2.388481004714822,6.370535902065693,0.29168585553602455
29.400000000000002,2.3217027884824977,6.406857029311514,0.2840423564782281
29.41,2.254639688182465,6.44258113473737,0.27646273679950106
29.42,2.1872975216700015,6.477704508701729,0.26895462144107757
29.43,2.11968210680048,6.512223441563005,0.2615256353442025
29.44,2.051799261429178,6.546134223679665,0.2541834034501101
29.45,1.983654803411468,6.5794331454101265,0.24693555070004514
29.46,1.915254550602627,6.612116497112853,0.239789702035242
29.47,1.8466043208580287,6.644180569146265,0.23275348239694532
29.48,1.7777099317604634,6.675621651763003,0.22583451608392882
29.490000000000002,1.708572283034583,6.706434213846043,0.21902827641966552
29.5,1.6391925353537715,6.7366131743486255,0.21232866185794685
29.51,1.5695766805419673,6.766155414300232,0.20574042223472924
29.52,1.4997307104232072,6.795057814730303,0.1992683073859785
29.53,1.429660616821429,6.823317256668321,0.19291706714765128
29.54,1.35937239156067,6.850930621143725,0.1866914513557132
29.55,1.2888720264648679,6.877894789185998,0.18059620984612101
29.560000000000002,1.2181655133580351,6.90420664182459,0.17463609245483813
29.57,1.1472588440641842,6.929863060088954,0.16881584901782784
29.580000000000002,1.0761580104072523,6.9548609250085685,0.1631402293710471
29.59,1.0048690042112778,6.979197117612877,0.15761398335046117
29.6,0.9333978173001972,7.002868518931359,0.15224186079202728
29.61,0.8617504414980488,7.025872009993456,0.14702861153171043
29.62,0.7899326217970415,7.048204400078565,0.1419780240606352
29.63,0.7179418380949325,7.0698602163668,0.13706070003307336
29.64,0.6457803463882151,7.09083570631765,0.13226309626583135
29.650000000000002,0.5734547660861564,7.111128440789868,0.12758820865463072
29.66,0.5009717165980236,7.130735990642204,0.12303903309519276
29.67,0.4283378173330072,7.149655926733433,0.118618565483234
29.68,0.3555596877004001,7.167885819922301,0.11432980171447732
29.69,0.2826439471093921,7.185423241067579,0.11017573768463938
29.7,0.20959721496927697,7.2022657610280145,0.10615936928944289
29.71,0.13642611068924415,7.218410950662379,0.10228369242460475
29.72,0.06313725367858725,7.233856380829419,0.0985517029858474
29.73,-0.0102627366535043,7.248599622387905,0.09496639686888794
29.740000000000002,-0.08376724089776244,7.262638246196592,0.0915307699694475
29.75,-0.1573696396449199,7.275969823114234,0.08824781818324692
29.76,-0.2310633135342891,7.288591923984595,0.08512053716021428
29.77,-0.3048486574020065,7.300500056817137,0.08211573117832009
29.78,-0.3787255924944149,7.311690301342406,0.07920003290862832
29.79,-0.45268689996471,7.322161051683647,0.07637561858715275
29.8,-0.5267253609661926,7.331910701964123,0.07364466444990314
29.810000000000002,-0.6008337566520847,7.340937646307085,0.07100934673289226
29.82,-0.6750048681756082,7.349240278835784,0.06847184167213276
29.830000000000002,-0.749231476690064,7.3568169936734815,0.06603432550363456
29.84,-0.8235063633486472,7.363666184943426,0.06369897446341116
29.85,-0.8978223093046594,7.369786246768879,0.06146796478747264
29.86,-0.9721720957112958,7.375175573273089,0.05934347271183233
29.87,-1.0465485037218571,7.379832558579315,0.05732767447250048
29.88,-1.1209443144895395,7.383755596810809,0.05542274630549027
29.89,-1.195352309167643,7.386943082090827,0.05363086444681209
29.900000000000002,-1.2697652918049378,7.389393398479489,0.051954066625839686
29.91,-1.3441821957851163,7.3911023807179665,0.05035682645179183
29.92,-1.4186003835938457,7.392067063853106,0.0488114124397855
29.93,-1.4930123144086689,7.392286749894044,0.047319380952415016
29.94,-1.567410447407234,7.391760740849922,0.04588228835227253
29.95,-1.6417872417670836,7.390488338729881,0.04450169100195226
29.96,-1.7161351566658658,7.388468845543057,0.04317914526404644
29.97,-1.7904466512811235,7.385701563298594,0.04191620750114921
29.98,-1.8647141847905044,7.382185794005627,0.04071443407585289
29.990000000000002,-1.938930216371578,7.3779208396732985,0.03957538135075114
30.0,-2.0130872052019133,7.372906002310749,0.03850060568843755
30.01,-2.0871776104591584,7.367140583927116,0.037491663451504564
30.02,-2.1611938913208553,7.360623886531541,0.0365501110025461
30.03,-2.235128506964653,7.3533552121331605,0.03567750470415469
30.04,-2.3089759956878932,7.345332301506223,0.03486084336208253
30.05,-2.3827332290694825,7.336551609990908,0.03407020757799288
30.060000000000002,-2.4563927306746347,7.327013259961981,0.03330562119194364
30.07,-2.529946874003259,7.31671749299963,0.032568150651428124
30.080000000000002,-2.603388032555344,7.305664550684035,0.031858862403938856
30.09,-2.676708579830774,7.293854674595388,0.031178822896969407
30.1,-2.749900889329536,7.281288106313866,0.030529098578012333
30.11,-2.822957334551515,7.267965087419664,0.029910755894561155
30.12,-2.895870288996699,7.253885859492956,0.029324861294108485
30.13,-2.968632126164971,7.23905066411394,0.028772481224147793
30.14,-3.0412352195563193,7.223459742862787,0.028254682132171742
30.150000000000002,-3.1136719426706545,7.207113337319691,0.02777253046567359
30.16,-3.185934679494677,7.190011671179919,0.027327004390643995
30.17,-3.2580177268621493,7.172151919817646,0.026903044035174243
30.18,-3.32991493400829,7.153532754374739,0.02648957998263939
30.19,-3.4016187490295855,7.1341553912806415,0.026087385375217015
30.2,-3.4731216200224218,7.114021046964829,0.02569723335508528
30.21,-3.5444159950832854,7.093130937856744,0.02531989706442178
30.22,-3.615494322308562,7.071486280385863,0.02495614964540467
30.23,-3.686349049794738,7.049088290981628,0.02460676424021156
30.240000000000002,-3.7569726256382245,7.025938186073508,0.024272513991020456
30.25,-3.8273574979354326,7.0020371820909695,0.023954172040009346
30.26,-3.8974961147828484,6.977386495463454,0.023652511529355887
30.27,-3.967380924276858,6.95198734262044,0.02336830560123816
30.28,-4.0370043745139474,6.925840939991369,0.02310232739783384
30.29,-4.106358978511699,6.898948150772338,0.022854411375646103
30.3,-4.17543806615514,6.871306064733427,0.022613486403228907
30.310000000000002,-4.244234540526883,6.842915502649613,0.022376552964432028
30.32,-4.312741076378594,6.8137786904946,0.02214413265352872
30.330000000000002,-4.380950348462007,6.7838978542420625,0.021916747064792002
30.34,-4.448855031528762,6.753275219865715,0.021694917792495213
30.35,-4.516447800330594,6.72191301333923,0.02147916643091137
30.36,-4.583721329619142,6.689813460636324,0.02127001457431381
30.37,-4.650668294146142,6.656978787730667,0.021067983816975555
30.38,-4.717281368663232,6.623411220595978,0.020873595753169934
30.39,-4.783553227922149,6.589112985205926,0.020687371977169983
30.400000000000002,-4.849476546674555,6.554086307534217,0.02050983408324895
30.41,-4.915043999672115,6.518333413554558,0.020341503665680077
30.42,-4.980248232556983,6.481856215462943,0.02018249033411074
30.43,-5.045081564308447,6.444652242013551,0.020026705738913225
30.44,-5.109536861857119,6.406722973511922,0.019872246463235443
30.45,-5.173607184648202,6.3680717136203,0.01971947388865224
30.46,-5.23728559212699,6.328701766000879,0.019568749396738246
30.47,-5.300565143738686,6.288616434315905,0.019420434369068307
30.48,-5.363438898928581,6.247819022227569,0.01927489018721705
30.490000000000002,-5.425899917141904,6.206312833398105,0.019132478232759265
30.5,-5.487941257823879,6.164101171489745,0.01899355988726974
30.51,-5.549555980419799,6.1211873401646795,0.01885849653232311
30.52,-5.61073714437487,6.077574643085159,0.01872764954949421
30.53,-5.67147780913438,6.03326638391337,0.018601380320357682
30.54,-5.731771034143539,5.988265866311564,0.01848005022648835
30.55,-5.791609878847634,5.942576393941928,0.01836402064946087
30.560000000000002,-5.850987329675506,5.896201020249439,0.018253479320125898
30.57,-5.909894946144061,5.849137684145563,0.018144828191854093
30.580000000000002,-5.968325632438104,5.801388371379935,0.018036687616269583
30.59,-6.026273032187413,5.752957519483737,0.01792929304379539
30.6,-6.083730789021855,5.703849565988086,0.01782287992485438
30.61,-6.1406925465712074,5.6540689484241655,0.017717683709869574
30.62,-6.197151948465335,5.603620104323091,0.017613939849263835
30.63,-6.253102638334018,5.552507471216046,0.017511883793460182
30.64,-6.3085382598071185,5.500735486634147,0.01741175099288149
30.650000000000002,-6.363452456514439,5.448308588108559,0.01731377689795073
30.66,-6.417838872085781,5.395231213170452,0.017218196959090888
30.67,-6.471691150151006,5.341507799350938,0.017125246626724835
30.68,-6.525002934339898,5.287142784181205,0.017035161351275578
30.69,-6.577767868282314,5.232140605192364,0.016948176583166
30.7,-6.629979595608042,5.176505699915603,0.016864527772819105
30.71,-6.681631759946939,5.120242505882035,0.016784450370657775
30.72,-6.732715776258429,5.0633507900785,0.016706356229037718
30.73,-6.783223535431132,5.005830938268253,0.01662853712565414
30.740000000000002,-6.8331495222244465,4.9476885777257,0.016551145692744716
30.75,-6.882488221587421,4.888929336115175,0.01647433470760975
30.76,-6.931234118469158,4.8295588411009485,0.016398256947549476
30.77,-6.979381697818688,4.769582720347375,0.01632306518986423
30.78,-7.026925444585115,4.709006601518723,0.01624891221185424
30.79,-7.073859843717468,4.64783611227935,0.01617595079081984
30.8,-7.12017938016485,4.586076880293522,0.016104333704061273
30.810000000000002,-7.165878538876309,4.523734533225574,0.016034213728878834
30.82,-7.210951804800898,4.46081469873984,0.01596574364257284
30.830000000000002,-7.255393662887712,4.397323004500588,0.015899076222443524
30.84,-7.2991985980857885,4.333265078172175,0.01583436424579121
30.85,-7.342361095344225,4.268646547418868,0.015771760489916145
30.86,-7.3848756396120585,4.203473039905025,0.01571141773211865
30.87,-7.426736715838383,4.13775018329491,0.01565348874969897
30.88,-7.467938808972238,4.071483605252885,0.015598126319957425
30.89,-7.508472803389456,4.004673737757358,0.015544386271177567
30.900000000000002,-7.548329751800408,3.9373209394019155,0.015491093562569275
30.91,-7.58750530392301,3.869432025504409,0.015438315930285789
30.92,-7.625995115537234,3.8010138200083627,0.015386122848635263
30.93,-7.663794842423003,3.732073146857399,0.015334583791925925
30.94,-7.700900140360291,3.662616829995041,0.015283768234465927
30.95,-7.737306665129023,3.592651693364912,0.015233745650563495
30.96,-7.773010072509172,3.522184560910536,0.015184585514526786
30.970000000000002,-7.808006018280673,3.4512222565755097,0.015136357300664007
30.98,-7.842290158223463,3.3797716043034325,0.015089130483283364
30.990000000000002,-7.875858148117514,3.307839428037827,0.015042974536693015
31.0,-7.908705643742752,3.2354325517223166,0.014997958935201184
31.01,-7.940828300879148,3.1625577993004237,0.014954153153116026
31.02,-7.972221775306628,3.089221994715774,0.014911626664745764
31.03,-8.002881722805162,3.0154319619118874,0.01487044894439856
31.04,-8.032803799154678,2.9411945248323894,0.014830689466382631
31.05,-8.061983660135146,2.866516507420801,0.014792417705006139
31.060000000000002,-8.090416961526502,2.7914047336207224,0.01475570313457729
31.07,-8.118099359108687,2.7158660273757524,0.014720615229404287
31.080000000000002,-8.145021104560868,2.6399018620978874,0.014686802523948325
31.09,-8.17116968193861,2.5635107059659927,0.014653596916004694
31.1,-8.196542304895289,2.4867004658406326,0.014621014018284976
31.11,-8.221136343021723,2.4094792014059356,0.014589080991925046
31.12,-8.244949165908764,2.331854972345921,0.014557824998060725
31.13,-8.26797814314723,2.253835838344718,0.014527273197827881
31.14,-8.290220644327972,2.1754298590863455,0.014497452752362344
31.150000000000002,-8.311674039041819,2.096645094254905,0.014468390822799966
31.16,-8.332335696879598,2.017489603534499,0.014440114570276608
31.17,-8.352202987432157,1.9379714466091453,0.014412651155928094
31.18,-8.37127328029032,1.8580986831629756,0.014386027740890293
31.19,-8.389543945044933,1.777879372880006,0.014360271486299031
31.2,-8.40701235128682,1.6973215754443682,0.014335409553290174
31.21,-8.423675868606828,1.6164333505400794,0.014311469102999554
31.220000000000002,-8.439531866595786,1.5352227578512423,0.014288477296563021
31.23,-8.454577714844524,1.4536978570619594,0.014266461295116432
31.240000000000002,-8.468810782943887,1.3718667078562479,0.014245448259795622
31.25,-8.4822284404847,1.2897373699182397,0.014225465351736447
31.26,-8.49482805705781,1.2073179029319503,0.014206539732074744
31.27,-8.50660700225404,1.1246163665815128,0.014188698561946371
31.28,-8.517562645664235,1.0416408205509429,0.014171969002487163
31.29,-8.527692356879223,0.9583993245243732,0.014156378214832979
31.3,-8.536993505489846,0.8748999381858191,0.014141953360119653
31.310000000000002,-8.545463309879995,0.791150607114266,0.014128719995631941
31.32,-8.553089518537197,0.7071519854204674,0.01411658624016517
31.330000000000002,-8.559865023641615,0.6229081634418967,0.014105462660413872
31.34,-8.565788969906931,0.5384278660943311,0.014095316342325252
31.35,-8.57086050204684,0.45371981829342806,0.014086114371846497
31.36,-8.575078764775025,0.3687927449549651,0.014077823834924806
31.37,-8.578442902805177,0.2836553709945997,0.01407041181750737
31.38,-8.580952060850985,0.19831642132810934,0.014063845405541389
31.39,-8.582605383626134,0.11278462087115126,0.014058091684974053
31.400000000000002,-8.583402015844317,0.027068694539473026,0.014053117741752557
31.41,-8.583341102219219,-0.058822632751177606,0.014048890661824099
31.42,-8.582421787464531,-0.14488063608514357,0.01404537753113587
31.43,-8.58064321629394,-0.23109659054664689,0.014042545435635065
31.44,-8.578004533421133,-0.3174617712200307,0.01404036146126888
31.45,-8.5745048835598,-0.403967453189517,0.01403879269398451
31.46,-8.570143411423631,-0.4906049115394491,0.014037806219729148
31.470000000000002,-8.564919261726311,-0.5773654213540793,0.014037369124449991
31.48,-8.558831579181533,-0.6642402577176589,0.01403744849409423
31.490000000000002,-8.55187950850298,-0.7512206957145324,0.014038011414609064
31.5,-8.544062194404345,-0.8382980104289202,0.014039024971941682
31.51,-8.535378781599313,-0.9254634769451673,0.014040456252039285
31.52,-8.525826542505225,-1.0127092317932105,0.014042301698663382
31.53,-8.515394204192159,-1.1000315174843698,0.014044733358509297
31.54,-8.5040807049925,-1.1874221472378006,0.014047827380464988
31.55,-8.49188686268147,-1.2748720884739853,0.014051634965052533
31.560000000000002,-8.47881349503431,-1.362372308613313,0.014056207312794009
31.57,-8.464861419826248,-1.4499137750761733,0.014061595624211493
31.580000000000002,-8.45003145483251,-1.5374874552830484,0.014067851099827064
31.59,-8.434324417828341,-1.6250843166542963,0.014075024940162797
31.6,-8.417741126588956,-1.7126953266103997,0.014083168345740773
31.61,-8.4002823988896,-1.8003114525717163,0.014092332517083063
31.62,-8.381949052505492,-1.887923661958729,0.014102568654711753
31.63,-8.362741905211879,-1.975522922191796,0.014113927959148911
31.64,-8.342661774783974,-2.063100200691399,0.014126461630916624
31.650000000000002,-8.321709478997018,-2.150646464877928,0.014140220870536966
31.66,-8.299885835626252,-2.238152682171772,0.014155256878532007
31.67,-8.277191662446889,-2.3256098199934128,0.014171620855423835
31.68,-8.253627777234177,-2.4130088457632093,0.014189364001734518
31.69,-8.229194997763333,-2.5003407269016433,0.014208537517986144
31.7,-8.203894141809602,-2.587596430829074,0.014229192604700779
31.71,-8.177719630355492,-2.6747681860725736,0.014251326750374672
31.720000000000002,-8.150660070502092,-2.7618495540503627,0.014274822823948699
31.73,-8.122717958269009,-2.8488315159749056,0.014299624647971803
31.740000000000002,-8.093896221092457,-2.935704970398573,0.014325678824370896
31.75,-8.064197786408691,-3.022460815873612,0.014352931955072852
31.76,-8.033625581653922,-3.1090899509523937,0.014381330642004583
31.77,-8.002182534264406,-3.195583274187166,0.014410821487092959
31.78,-7.969871571676354,-3.281931684130299,0.014441351092264895
31.79,-7.936695621326022,-3.368126079334041,0.01447286605944726
31.8,-7.902657610649621,-3.454157358350762,0.014505312990566972
31.810000000000002,-7.867760467083395,-3.540016419732741,0.014538638487550907
31.82,-7.832007118063591,-3.6256941620322563,0.014572789152325948
31.830000000000002,-7.795400491026417,-3.7111814838016786,0.01460771158681901
31.84,-7.757943513408132,-3.7964692835932556,0.014643352392956964
31.85,-7.719639112644944,-3.881548459959358,0.014679658172666723
31.86,-7.680490216173113,-3.9664099114522338,0.014716575527875156
31.87,-7.640499751428845,-4.051044536624252,0.01475405106050918
31.88,-7.599670645848402,-4.1354432340276635,0.014792031372495662
31.89,-7.558005826867987,-4.219596902214835,0.01483046306576152
31.900000000000002,-7.5155082219238505,-4.303496439738048,0.014869292742233635
31.91,-7.4721807584522395,-4.3871327451495805,0.01490846700383888
31.92,-7.428026363889358,-4.470496717001801,0.014947932452504182
31.93,-7.383047965671469,-4.553579253846961,0.0149876356901564
31.94,-7.337245975290756,-4.6363715019479885,0.015027592380621546
31.95,-7.290611810876418,-4.718865731161952,0.015068155968598718
31.96,-7.243148270339497,-4.801053423047945,0.015109494319116462
31.970000000000002,-7.194859795335467,-4.882925916629475,0.015151737545715459
31.98,-7.1457508275198025,-4.964474550930053,0.015195015761936395
31.990000000000002,-7.095825808547928,-5.045690664973274,0.015239459081319993
32.0,-7.045089180075335,-5.126565597782621,0.015285197617406921
32.01,-6.993545383757464,-5.20709068838166,0.015332361483737891
32.02,-6.941198861249737,-5.287257275793987,0.015381080793853634
32.03,-6.888054054207684,-5.367056699043026,0.015431485661294778
32.04,-6.8341154042867265,-5.446480297152373,0.015483706199602055
32.05,-6.779387353142322,-5.525519409145567,0.01553787252231616
32.06,-6.72387434242989,-5.604165374046202,0.015594114742977831
32.07,-6.667580813804965,-5.682409530877705,0.015652562975127685
32.08,-6.610511208922967,-5.76024321866367,0.01571334733230646
32.09,-6.552669969439311,-5.837657776427692,0.015776597928054893
32.1,-6.494061537009538,-5.914644543193197,0.015842444875913596
32.11,-6.434689306108511,-5.991194655903495,0.015910857975275815
32.12,-6.374548969833212,-6.067297871983272,0.015980537372847676
32.13,-6.313644170212056,-6.14294567923456,0.016051233202437645
32.14,-6.251980795161019,-6.218130017503732,0.01612302358059998
32.15,-6.18956473259595,-6.2928428266373215,0.016195986623889085
32.160000000000004,-6.1264018704326935,-6.367076046481862,0.016270200448859358
32.17,-6.0624980965872295,-6.440821616883727,0.01634574317206505
32.18,-5.997859298975404,-6.514071477689452,0.01642269291006056
32.19,-5.9324913655131075,-6.5868175687455155,0.016501127779400247
32.2,-5.866400184116184,-6.659051829898449,0.016581125896638516
32.21,-5.7995916427006176,-6.730766200994632,0.016662765378329603
32.22,-5.732071629182251,-6.801952621880594,0.01674612434102792
32.230000000000004,-5.663846031476927,-6.872603032402867,0.016831280901287878
32.24,-5.594920737500634,-6.94270937240783,0.01691831317566371
32.25,-5.525301635169212,-7.012263581742014,0.017007299280709823
32.26,-5.454994612398553,-7.081257600251899,0.017098317332980575
32.27,-5.384005557104498,-7.149683367784014,0.017191445449030382
32.28,-5.3123399272030305,-7.217532653318024,0.017286715541927747
32.29,-5.239995397314867,-7.284794226077103,0.017383310649890855
32.3,-5.16697573503521,-7.351459501284865,0.017481038147223328
32.31,-5.0932881741297225,-7.417521303055875,0.017580073588301704
32.32,-5.018939948364221,-7.482972455504554,0.01768059252750232
32.33,-4.943938291504368,-7.547805782745464,0.017782770519201723
32.34,-4.868290437315822,-7.612014108893167,0.017886783117776462
32.35,-4.792003619564402,-7.675590258062086,0.01799280587760286
32.36,-4.7150850720157695,-7.738527054366783,0.018101014353057464
32.37,-4.637542028435638,-7.800817321921772,0.018211584098516753
32.38,-4.559381722589664,-7.862453884841614,0.018324690668357284
32.39,-4.480611388243671,-7.923429567240736,0.018440509616955363
32.4,-4.401238259163318,-7.983737193233697,0.01855921649868755
32.410000000000004,-4.321269569114261,-8.043369586935055,0.018680986867930408
32.42,-4.240712551862327,-8.102319572459242,0.01880599627906023
32.43,-4.159574441173171,-8.160579973920814,0.01893442028645359
32.44,-4.077862470812509,-8.218143615434288,0.01906643444448695
32.45,-3.995583874545992,-8.27500332111422,0.019202214307536887
32.46,-3.9127434896347557,-8.331150389495367,0.01934136702009464
32.47,-3.8293409436984156,-8.386572988016134,0.01948217052520192
32.480000000000004,-3.7453839461742304,-8.441264641868834,0.019624712081744888
32.49,-3.6608809007853993,-8.495219326327499,0.019769239526118754
32.5,-3.5758402112549414,-8.548431016666274,0.019916000694719046
32.51,-3.4902702813059365,-8.600893688159266,0.020065243423941184
32.52,-3.4041795146614016,-8.652601316080617,0.020217215550180696
32.53,-3.3175763150445383,-8.703547875704361,0.02037216490983279
32.54,-3.230469086178365,-8.753727342304641,0.020530339339292998
32.55,-3.1428662317859613,-8.803133691155567,0.020691986674956735
32.56,-3.0547761555903423,-8.851760897531276,0.020857354753219547
32.57,-2.9662072613147132,-8.89960293670581,0.021026691410476618
32.58,-2.8771679526820906,-8.946653783953305,0.02120024448312349
32.59,-2.78766663341549,-8.992907414547906,0.021378261807555705
32.6,-2.697711707238117,-9.03835780376365,0.021560991220168437
32.61,-2.6073115778729887,-9.08299892687468,0.021748680557357233
32.62,-2.5164746490431824,-9.1268247591551,0.021941577655517512
32.63,-2.425209314914258,-9.169829266471169,0.02213992719081754
32.64,-2.333518805307482,-9.212001412908068,0.022342226137670135
32.65,-2.2414078270424516,-9.253331916116359,0.022547312898326764
32.660000000000004,-2.1488857405323376,-9.293816143046957,0.022755531005263244
32.67,-2.0559619061905066,-9.333449460650685,0.022967223990954966
32.68,-1.9626456844301283,-9.372227235878459,0.023182735387877754
32.69,-1.868946435664439,-9.410144835681162,0.02340240872850728
32.7,-1.7748735203066066,-9.447197627009707,0.023626587545319384
32.71,-1.6804362987700006,-9.483380976814923,0.02385561537078943
32.72,-1.5856441314677898,-9.51869025204772,0.02408983573739325
32.730000000000004,-1.490506378813142,-9.55312081965901,0.024329592177606697
32.74,-1.395032401219428,-9.586668046599627,0.024575228223905104
32.75,-1.299231559099816,-9.61932729982048,0.024827087408764322
32.76,-1.2031132128675415,-9.651093946272452,0.025085513264660023
32.77,-1.1066867229357713,-9.68196335290645,0.02535084932406808
32.78,-1.0099614497178786,-9.711930886673317,0.02562343911946379
32.79,-0.912946753627029,-9.740991914523956,0.025903626183323026
32.8,-0.81565199507646,-9.769141803409253,0.026191754048121456
32.81,-0.7180860894219654,-9.796375265467201,0.02648795689188234
32.82,-0.6202533218468789,-9.822680363395683,0.02679013134188144
32.83,-0.5221621370750492,-9.84805161530058,0.027098008111575277
32.84,-0.4238225564546108,-9.872485896684879,0.027412045780359936
32.85,-0.32524460133390776,-9.895980083051509,0.027732702927630852
32.86,-0.22643829306107466,-9.918531049903455,0.02806043813278412
32.87,-0.12741365298431562,-9.940135672743686,0.028395709975215608
32.88,-0.028180702451764406,-9.960790827075181,0.02873897703432144
32.89,0.07125053718823326,-9.980493388400879,0.029090697889497003
32.9,0.17087004458754362,-9.999240232223759,0.029451331120138407
32.910000000000004,0.2706677983980339,-10.017028234046803,0.029821335305641794
32.92,0.37063377727135705,-10.033854269372952,0.030201169025402513
32.93,0.47075795985938007,-10.049715213705186,0.03059129085881669
32.94,0.5710303248138988,-10.064607942546472,0.030992159385280212
32.95,0.6714408507867802,-10.078529331399784,0.03140423318418924
32.96,0.7719795164296768,-10.091476255768072,0.03182797083493906
32.97,0.8726363003944562,-10.10344559115431,0.032263830916925834
32.980000000000004,0.9734022410825341,-10.114431708959902,0.032711619664362285
32.99,1.0742701893332984,-10.12442497024843,0.033170002639897736
33.0,1.175229928404724,-10.133423268582087,0.03363950762761095
33.01,1.2762710425705321,-10.141424976130978,0.03412078412600029
33.02,1.3773831161045156,-10.148428465065212,0.03461448163356448
33.03,1.4785557332802521,-10.154432107554886,0.0351212496488012
33.04,1.5797784783715343,-10.159434275770112,0.03564173767020916
33.05,1.6810409356520832,-10.163433341880994,0.03617659519628673
33.06,1.7823326893956928,-10.166427678057643,0.03672647172553267
33.07,1.883643323875939,-10.168415656470156,0.03729201675644459
33.08,1.9849624233666154,-10.169395649288644,0.037873879787521235
33.09,2.0862795721415153,-10.169366028683212,0.038472710317261405
33.1,2.1875843544742155,-10.168325166823966,0.03908915784416263
33.11,2.28886635463851,-10.166271435881013,0.03972387186672369
33.12,2.3901151569081183,-10.163203208024456,0.040377501883442954
33.13,2.4913207803863897,-10.159116757029931,0.04105035148590655
33.14,2.5924743992707033,-10.154002977405279,0.04174190428573135
33.15,2.693565530969181,-10.147861001572572,0.04245308492934024
33.160000000000004,2.7945835160335686,-10.140690826525754,0.04318496438323338
33.17,2.8955176950153962,-10.13249244925879,0.04393861361390938
33.18,2.9963574084664115,-10.123265866765625,0.04471510358786841
33.19,3.0970919969382873,-10.113011076040207,0.04551550527161013
33.2,3.19771080098277,-10.101728074076481,0.04634088963163477
33.21,3.298203161151391,-10.089416857868416,0.04719232763444081
33.22,3.3985584179958965,-10.076077424409952,0.04807089024652849
33.230000000000004,3.4987659120680314,-10.061709770695032,0.04897764843439811
33.24,3.598814983919328,-10.046313893717624,0.049913673164548034
33.25,3.6986949741015316,-10.029889790471673,0.05088003540347853
33.26,3.7983952231663167,-10.012437457951128,0.05187780611768928
33.27,3.897905071665429,-9.993956893149926,0.052908056273680656
33.28,3.9972138626227838,-9.974448058071479,0.05397185440731022
33.29,4.096311324497307,-9.95390549995197,0.055070048005912246
33.3,4.195187017112479,-9.932326288765596,0.0562041859673904
33.31,4.293830193405263,-9.90971186637518,0.05737623166635907
33.32,4.392230106312409,-9.886063674643589,0.05858814847743013
33.33,4.49037600877088,-9.861383155433648,0.05984189977521795
33.34,4.588257153717638,-9.835671750608176,0.061139448934337
33.35,4.685862794089435,-9.808930902030047,0.06248275932939899
33.36,4.783182182823234,-9.781162051562081,0.06387379433501837
33.37,4.880204572855925,-9.752366641067116,0.06531451732580867
33.38,4.976919217124471,-9.722546112407969,0.06680689167638454
33.39,5.073315368565624,-9.69170190744752,0.06835288076135737
33.4,5.169382280116348,-9.659835468048588,0.06995444795534175
33.410000000000004,5.265109204656909,-9.626948235022745,0.07161355660247255
33.42,5.360485152130987,-9.593037695936674,0.07333234037975074
33.43,5.455499079162327,-9.5581024867952,0.0751140701026596
33.44,5.550140137822801,-9.522145385250543,0.0769624038511931
33.45,5.644397480184347,-9.4851691689549,0.07888099970534662
33.46,5.738260258318702,-9.44717661556055,0.08087351574511141
33.47,5.831717624297803,-9.408170502719688,0.08294361005048279
33.480000000000004,5.924758730193588,-9.36815360808451,0.08509494070145626
33.49,6.017372728077795,-9.327128709307296,0.08733116577802276
33.5,6.1095487700223625,-9.285098584040243,0.08965594336017776
33.51,6.201276008099161,-9.242066009935574,0.09207293152791526
33.52,6.292543594380127,-9.198033764645478,0.09458578836123102
33.53,6.383340648569024,-9.153004294352982,0.09719811689499322
33.54,6.4736557148765606,-9.106975275774031,0.0999135912301026
33.55,6.563477518314797,-9.059948814579645,0.10273860019711518
33.56,6.6527949521728775,-9.011929076895802,0.10568013372486126
33.57,6.741596909739754,-8.962920228848578,0.10874518174216478
33.58,6.829872284304572,-8.91292643656395,0.11194073417785594
33.59,6.917609969156473,-8.861951866167889,0.11527378096076528
33.6,7.0047988575844125,-8.810000683786479,0.1187513120197162
33.61,7.0914278428775335,-8.757077055545693,0.12238031728353915
33.62,7.177485818324916,-8.703185147571542,0.1261677866810623
33.63,7.262961677215701,-8.648329125989994,0.13012071014111662
33.64,7.3478443128388475,-8.59251315692714,0.13424607759252466
33.65,7.432122542304863,-8.53574026923411,0.13855045675069538
33.660000000000004,7.5157846333932135,-8.478009930330595,0.14304151007029645
33.67,7.598818787933369,-8.419326949434492,0.14773217879066547
33.68,7.681213230945153,-8.35969683342827,0.15263584624656118
33.69,7.7629561874483315,-8.29912508919444,0.15776589577273908
33.7,7.844035882462726,-8.237617223615473,0.16313571070395863
33.71,7.924440541007984,-8.175178743573968,0.16875867437496775
33.72,8.00415838810393,-8.111815155952392,0.17464817012052575
33.730000000000004,8.083177648770384,-8.047531967633212,0.1808175812753926
33.74,8.161486548026998,-7.9823346854990325,0.18728029117431513
33.75,8.239073310893593,-7.916228816432319,0.19404968315205318
33.76,8.31592639219441,-7.849216995950905,0.20113628478921083
33.77,8.392033365863517,-7.7813024672621856,0.20855761344806595
33.78,8.467381072022857,-7.712492082276673,0.21633818976354008
33.79,8.541956350549041,-7.642792694587092,0.22450253689416377
33.8,8.615746041318639,-7.572211157786217,0.2330751779984625
33.81,8.688736984208266,-7.500754325466772,0.24208063623496823
33.82,8.760916019094378,-7.4284290512216336,0.2515434347621936
33.83,8.832269985853596,-7.3552421886435235,0.26148809673867024
33.84,8.90278572436253,-7.281200591325164,0.2719391453229313
33.85,8.972450283851668,-7.206310687227919,0.2829198089283867
33.86,9.041251827252417,-7.130575466138088,0.2944473063629259
33.87,9.109175381205864,-7.054002009000454,0.306559961922296
33.88,9.176205256171087,-6.976598616521666,0.31930070584451486
33.89,9.242325762607022,-6.898373589408537,0.3327124683675729
33.9,9.307521210972748,-6.8193352283677156,0.3468381797294874
33.910000000000004,9.371775911727342,-6.739491834105849,0.36172077016827764
33.92,9.435074175329742,-6.658851707329754,0.37740316992193107
33.93,9.497400312239028,-6.577423148746078,0.39392830922846644
33.94,9.558739510733872,-6.495213603425288,0.41133437823203567
33.95,9.619078905364491,-6.412227631810856,0.4296514137541446
33.96,9.678399315803295,-6.328474525357783,0.4489469503156342
33.97,9.736680770515154,-6.243964258347828,0.4692930057271179
33.980000000000004,9.793903297964938,-6.158706805062742,0.49076159779921247
33.99,9.850046926617397,-6.072712139784464,0.5134247443424882
34.0,9.905091684937396,-5.9859902367947475,0.537354463167561
34.01,9.959017601389768,-5.898551070375406,0.5626227720850316
34.02,10.011805083482617,-5.810404397315401,0.5892996857530484
34.03,10.063440408336609,-5.721556115057635,0.6174261669249007
34.04,10.113900605776037,-5.632016219336436,0.647096884024629
34.05,10.163158828570992,-5.541796757235768,0.6784276886074624
34.06,10.211188229491606,-5.450909775839528,0.7115344322286541
34.07,10.257961961307906,-5.359367322231808,0.7465329664433864
34.08,10.303453176790018,-5.267181443496504,0.7835391428069114
34.09,10.34763502870807,-5.174364186717515,0.8226688128744866
34.1,10.3904819517719,-5.080927064451013,0.8640311837783128
34.11,10.43197777919451,-4.986877144686543,0.9076890545757434
34.12,10.472089634775449,-4.892227412452947,0.9537964365625469
34.13,10.510780109424976,-4.796992629922823,1.0025313306705292
34.14,10.548011794053268,-4.701187559268974,1.0540717378313917
34.15,10.583747279570586,-4.604826962664002,1.1085956589769386
34.160000000000004,10.61794915688718,-4.507925602280503,1.1662810950389826
34.17,10.650580016913237,-4.410498240291284,1.2273060469492123
34.18,10.681610124478416,-4.312556985791884,1.2918096192138557
34.19,10.711013980933512,-4.214111653322514,1.3599102234129277
34.2,10.73873986027888,-4.1151803213682525,1.4318599641911665
34.21,10.764734866606677,-4.015781453651746,1.507916894137369
34.22,10.788946104009119,-3.915933513895428,1.5883390658404848
34.230000000000004,10.811320676578417,-3.8156549658217322,1.673384531889475
34.24,10.831805688406732,-3.714964273153305,1.7633113448731177
34.25,10.850349432733864,-3.613879538116054,1.8583718438630472
34.26,10.866925376493233,-3.5124108827078393,1.9586929012094343
34.27,10.881475560035096,-3.4105771315033437,2.06454065567969
34.28,10.893925774207785,-3.30840191775273,2.176257513116239
34.29,10.904201809859666,-3.2059088747059454,2.2941858793617276
34.300000000000004,10.912229457839095,-3.1031216356129354,2.418668160258821
34.31,10.917934508994412,-3.0000638337238645,2.5500467616499174
34.32,10.921242754173978,-2.896759102288679,2.688664089377677
34.33,10.922094297528764,-2.79322667273491,2.8348002253782365
34.34,10.920448693098942,-2.6894794530646235,2.9886157128075244
34.35,10.9162095726999,-2.5855471693430867,3.1504758758791147
34.36,10.909276641471006,-2.4814607419228802,3.320761781331612
34.37,10.899549604551625,-2.377251091156658,3.499854495903513
34.38,10.886928167081116,-2.272949137397,3.6881350863334523
34.39,10.871312034198864,-2.168585800996709,3.88598461935966
34.4,10.852600911044227,-2.0641920023083644,4.093784161720764
34.410000000000004,10.830721999790818,-1.9597884992645338,4.31183047491002
34.42,10.80561483702018,-1.8553925633235324,4.540259215311779
34.43,10.777158114902097,-1.751044804342348,4.779294681898788
34.44,10.745229155732888,-1.64678634844013,5.029164225870531
34.45,10.709705281808848,-1.5426583217359537,5.290095198426682
34.46,10.670463815426341,-1.4387018503491165,5.562314950766354
34.47,10.627382078881665,-1.334958060398694,5.846050834089212
34.480000000000004,10.580337394471101,-1.2314680780037617,6.141530199594955
34.49,10.529207628074209,-1.1282724453194273,6.448983702549894
34.5,10.473899949486935,-1.0253870681333304,6.768645003665654
34.51,10.414321188860809,-0.9228481786020409,7.100234990739782
34.52,10.350365916491901,-0.8207087203660498,7.443309439975094
34.53,10.281928702676408,-0.7190216370660658,7.79742412757367
34.54,10.208904117710402,-0.6178398723425795,8.162134829738317
34.550000000000004,10.131186731889935,-0.5172163698360833,8.536997322671876
34.56,10.04867111551123,-0.4172040731872837,8.921567382576379
34.57,9.961251838870345,-0.3178559260366721,9.31540078565466
34.58,9.86882347226339,-0.21922487202481222,9.718053308109283
34.59,9.771274503432698,-0.12135713337003642,10.129037767227446
34.6,9.668530923313291,-0.024288061964094165,10.54725408046851
34.61,9.560586596202425,0.0719267109103231,10.971163315568235
34.62,9.447438043230347,0.16723025355115334,11.399217862419933
34.63,9.329081785527222,0.26156563425640095,11.829870110917216
34.64,9.20551434422347,0.3548759213238697,12.261572450952784
34.65,9.076732240449255,0.4471041830515652,12.692777272420246
34.660000000000004,8.94272533251095,0.5381935221971452,13.121937997099227
34.67,8.803409388491618,0.6280894769601645,13.54732880708482
34.68,8.658882535313108,0.7167415187249581,13.966742488562266
34.69,8.509304495440837,0.8040994694703893,14.377900103553145
34.7,8.354834991340113,0.890113151175383,14.778522714079319
34.71,8.19563374547657,0.9747323858186798,15.166331382161793
34.72,8.031860480315517,1.0579069953792055,15.539047169822439
34.730000000000004,7.8636741902413,1.1395866992190844,15.894388830483571
34.74,7.691119610145265,1.219704439586697,16.229695356013536
34.75,7.51439204176153,1.2982120555007381,16.542722847333273
34.76,7.333822449399363,1.3750800077107717,16.831644623518592
34.77,7.149741797367897,1.4502787569664144,17.094634003645485
34.78,6.962481049976658,1.5237787640171236,17.329864306789393
34.79,6.772371171534784,1.5955504896125174,17.535508852026318
34.800000000000004,6.579743126351403,1.6655643945022087,17.709740958432192
34.81,6.384889353652032,1.7337706720854225,17.850321524617137
34.82,6.188062734851081,1.800097867434849,17.95518622386285
34.83,5.989653142414758,1.8645457250141684,18.024357961764185
34.84,5.790058277631146,1.9271180824903023,18.057961592442474
34.85,5.58967584178875,1.9878187775300382,18.056121970019007
34.86,5.388903536175653,2.046651647800299,18.018963948615138
34.87,5.188139062080078,2.103620530967961,17.9466123823522
34.88,4.987780120790106,2.1587292646999403,17.83919212535143
34.89,4.7882331295385825,2.211965711724545,17.696704917360616
34.9,4.589888069019529,2.263271011347093,17.519463499696847
34.910000000000004,4.393033491365405,2.312667016812693,17.30932121464408
34.92,4.197949144343795,2.3601858295613347,17.068261808609233
34.93,4.004914775721865,2.4058595510331164,16.79826902799878
34.94,3.8142101332669185,2.4497202826681,16.50132661921934
34.95,3.6261149647461277,2.4918001259063765,16.179418328677297
34.96,3.440909017927066,2.532131182187948,15.834527902779715
34.97,3.2589480205924053,2.570716757824942,15.46873528747387
34.980000000000004,3.080533784239881,2.607546783199658,15.084356074255965
34.99,2.9057612842973977,2.642664644867584,14.683668081007644
35.0,2.734722657237252,2.676114598980093,14.268947385759212
35.01,2.5675100395318684,2.7079409016885325,13.84247006654124
35.02,2.404215567653557,2.738187809144269,13.406512201383988
35.03,2.244931378074975,2.7668995774986067,12.963349868318646
35.04,2.089751609067244,2.794120089463586,12.515265591097801
35.050000000000004,1.9388600381509549,2.819870479428583,12.064749362060521
35.06,1.7923028738875155,2.844179311071109,11.613602596928823
35.07,1.6500390536834757,2.867088051742184,11.163300215810676
35.08,1.5120275149454931,2.8886381687928107,10.71531713881436
35.09,1.3782271950801326,2.9088711295740044,10.27112828604785
35.1,1.248597031494242,2.9278284014367384,9.832208577620063
35.11,1.1230959615943832,2.94555145173203,9.400032933638972
35.12,1.0016850746823462,2.9620835543545616,8.976076483720401
35.13,0.8843033923748225,2.977466526764886,8.56136903142432
35.14,0.7708577614787747,2.99173262602776,8.15648417578446
35.15,0.6612539275095066,3.0049136740920277,7.761982701546479
35.160000000000004,0.5553976359823325,3.017041492906529,7.378425393456059
35.17,0.453194632412791,3.0281479044200785,7.006373036259699
35.18,0.3545506623161937,3.0382647305815174,6.646386414703074
35.19,0.25937147120792936,3.0474237933396777,6.2990263135321385
35.2,0.16753303915296291,3.055662454621104,5.9646218705200695
35.21,0.07886238755594108,3.0630226621790952,5.642875796865618
35.22,-0.006744802350374585,3.0695292341968154,5.333789268543525
35.230000000000004,-0.0893892164192826,3.0752062108974414,5.037386215131734
35.24,-0.16917154050390626,3.08007763250414,4.753690566208817
35.25,-0.24619246045754628,3.0841675392400894,4.48272625135271
35.26,-0.3205965270444977,3.0875072174677034,4.22421862745087
35.27,-0.3925397258612636,3.0901274560758436,3.977638869635527
35.28,-0.46211210192995367,3.092046610869386,3.7427931694404437
35.29,-0.5294032369841205,3.093282955603829,3.5194904640959246
35.300000000000004,-0.5945027127573106,3.0938547640346674,3.307539690832308
35.31,-0.657524385375942,3.0937841120399856,3.106596857959081
35.32,-0.7186611068594558,3.093104534802403,2.91574043144984
35.33,-0.7779886432674448,3.0918299629205355,2.73467594396088
35.34,-0.8355668837881814,3.089971767704386,2.563202618598363
35.35,-0.8914557176098157,3.0875413204639637,2.401119678468814
35.36,-0.9457150339206212,3.0845499925092725,2.248226346678388
35.37,-0.9984047219088299,3.0810091551503187,2.104321846333365
35.38,-1.049587951788573,3.076930645423919,1.9691828444477906
35.39,-1.0994657614331116,3.0723455829289312,1.8416075921313764
35.4,-1.1481520330174773,3.067271886837622,1.7209051084491913
35.410000000000004,-1.195677506142562,3.0617155292748217,1.606940496615241
35.42,-1.242072920409156,3.0556824823653748,1.4995788598437718
35.43,-1.2873690154181527,3.049178718234113,1.3986853013487845
35.44,-1.3315965307704105,3.042210209005871,1.3041249243443631
35.45,-1.3747862060668177,3.0347829268054802,1.2157628320445315
35.46,-1.416968780908172,3.0269028437577856,1.1334641276634994
35.47,-1.4581809523618596,3.0185767085252286,1.057049923409681
35.480000000000004,-1.4986002826517635,3.00982951054773,0.9852834260109259
35.49,-1.5383077771674254,3.000673343657643,0.9175952847881079
35.5,-1.5773167569934827,2.9911114322084678,0.8539090245691634
35.51,-1.6156405432145446,2.9811470005537104,0.7941481701820813
35.52,-1.6532924569152463,2.97078327304687,0.738236246454812
35.53,-1.6902858191801433,2.960023474041468,0.6860967782154235
35.54,-1.726633951093871,2.948870827891003,0.6376532902918638
35.550000000000004,-1.762350173741064,2.9373285589489746,0.592829307512091
35.56,-1.79744780820628,2.925399891568904,0.5515483547041575
35.57,-1.8319820873865345,2.9130930809060636,0.5134073631184719
35.58,-1.8660666908666035,2.900423365227641,0.4775319666429862
35.59,-1.899711589381447,2.887393503464469,0.44384085139394686
35.6,-1.9329216901123878,2.874005646054038,0.41229181848860375
35.61,-1.9657019002408211,2.8602619434338097,0.3828426690441341
35.62,-1.9980571269481173,2.846164546041256,0.3554512041777401
35.63,-2.02999227741567,2.831715604313837,0.33007522500660635
35.64,-2.0615122588248043,2.8169172686890454,0.3066725326479711
35.65,-2.0926219783569144,2.801771689604342,0.2852009282190175
35.660000000000004,-2.1233296833135933,2.786281378695351,0.26559121369798294
35.67,-2.1536988200971328,2.7704548462078664,0.2473244622499939
35.68,-2.183752702899484,2.7542963314732067,0.23019785280001168
35.69,-2.213492317798168,2.7378076685675117,0.21418793118034096
35.7,-2.2429186508707257,2.7209906915669086,0.19927124322327633
35.71,-2.2720326881946376,2.703847234547561,0.18542433476114367
35.72,-2.3008354158474447,2.6863791315855963,0.1726237516262368
35.730000000000004,-2.329327819906688,2.668588216757141,0.16084603965085242
35.74,-2.3575108864498486,2.65047632413836,0.150067744667312
35.75,-2.3853857378591115,2.6320453001151787,0.14026426942298906
35.76,-2.4129775016415995,2.613299191693586,0.13120871751224683
35.77,-2.4403036534379208,2.5942414666227136,0.12273499115313286
35.78,-2.467363320633661,2.5748739593406693,0.11483014967513902
35.79,-2.4941556306144657,2.5551985042855203,0.10748125240773901
35.800000000000004,-2.5206797107659775,2.535216935895332,0.10067535868040808
35.81,-2.5469346884737853,2.5149310886082135,0.09439952782263575
35.82,-2.572919691123533,2.4943427968622314,0.08864081916389695
35.83,-2.598633846100845,2.473453895095465,0.08338629203367151
35.84,-2.6240766529776476,2.4522662400597897,0.07861975004603516
35.85,-2.649260554311002,2.430782508754401,0.07421140266818341
35.86,-2.6741906749712245,2.4090050623312407,0.07009443084193755
35.87,-2.698865248609456,2.386935869330752,0.06626212284009342
35.88,-2.7232825088768555,2.364576898293362,0.06270776693544443
35.89,-2.74744068942453,2.3419301177595466,0.059424651400791506
35.9,-2.7713380239036374,2.3189974962697324,0.056406064508927836
35.910000000000004,-2.7949727459653357,2.2957810023643463,0.05364529453264741
35.92,-2.818343089260733,2.272282604583865,0.05113562974475001
35.93,-2.8414483727484092,2.2485042737020593,0.04886028195840832
35.94,-2.864294341267074,2.2244480656297916,0.04674284439071638
35.95,-2.886880334227857,2.200116143603051,0.04476645142813894
35.96,-2.9092041846834924,2.1755106775597453,0.04292822886291891
35.97,-2.9312637256867626,2.15063383743773,0.041225302487294946
35.980000000000004,-2.9530567902904488,2.12548779317486,0.03965479809350607
35.99,-2.9745812115472865,2.1000747147090446,0.03821384147379464
36.0,-2.995834822510057,2.0743967719781384,0.03689955842039958
36.01,-3.016815456231527,2.0484561349200154,0.03570907472556102
36.02,-3.037521540334051,2.022254892583268,0.03463330748535332
36.03,-3.0579549054184167,1.9957947598578385,0.03362812023573393
36.04,-3.078114043475605,1.9690780521029423,0.032685032415188366
36.050000000000004,-3.097996684906822,1.942107199840629,0.0318035788675225
36.06,-3.1176005601132313,1.9148846335930056,0.03098329443654406
36.07,-3.1369233994960384,1.8874127838821222,0.03022371396605888
36.08,-3.1559629334564354,1.8596940812300478,0.029524372299873446
36.09,-3.174716892395627,1.8317309561588313,0.0288848042817938
36.1,-3.193183006714778,1.8035258391905813,0.028304544755627332
36.11,-3.2113590068150937,1.7750811608473471,0.027783128565180046
36.12,-3.229242689169818,1.7463993222694068,0.027319217932874774
36.13,-3.246833487146284,1.717482087113378,0.026890601796833006
36.14,-3.2641300305658514,1.6883318078175586,0.026487589306304463
36.15,-3.2811302537284988,1.658951181098712,0.02610996380039758
36.160000000000004,-3.2978320909342043,1.6293429036736016,0.025757508618220876
36.17,-3.3142334764829102,1.599509672259053,0.025430007098883597
36.18,-3.330332344674595,1.5694541835718299,0.02512724258149424
36.19,-3.3461266298092247,1.539179134328716,0.024848998405161558
36.2,-3.3616142661867765,1.508687221246474,0.02459505790899413
36.21,-3.376793188107195,1.477981141041931,0.024365204432101075
36.22,-3.3916613354413365,1.4470635522249011,0.024158809794422996
36.230000000000004,-3.4062168302582605,1.4159363899322661,0.02396679106333088
36.24,-3.4204578890386066,1.3846022412229433,0.0237854486670216
36.25,-3.4343827033014804,1.3530640519356114,0.023614710864600284
36.26,-3.447989464565977,1.321324767908971,0.02345450591517221
36.27,-3.4612763643512,1.2893873349817004,0.02330476207784254
36.28,-3.474241594176226,1.2572546989925457,0.02316540761171676
36.29,-3.4868833455601593,1.2249298057801852,0.023036370775900025
36.300000000000004,-3.4991998100221036,1.1924156011832965,0.02291757982949753
36.31,-3.5111891790811365,1.1597150310406263,0.02280896303161471
36.32,-3.5228495999038905,1.1268309823209768,0.022710219824910234
36.33,-3.534178520135427,1.0937653626807393,0.02261699139554544
36.34,-3.545174135625952,1.0605209517785148,0.02252770813531728
36.35,-3.5558349928337516,1.0271009779603995,0.02244246174115591
36.36,-3.5661596382171354,0.9935086695724198,0.02236134390999131
36.37,-3.576146618234405,0.9597472549606249,0.0222844463387535
36.38,-3.5857944793438694,0.9258199624710401,0.02221186072437247
36.39,-3.5951017680038166,0.8917300204497633,0.022143678763778353
36.4,-3.6040670306725544,0.8574806572428199,0.022079992153901128
36.410000000000004,-3.6126888138083917,0.8230751011962345,0.022020892591670786
36.42,-3.620965663869617,0.7885165806561061,0.021966471774017445
36.43,-3.6288961273145386,0.7538083239684592,0.021916821397871093
36.44,-3.6364787506014586,0.7189535594793435,0.021872033160161765
36.45,-3.643711329153661,0.6839548447778082,0.021830818178045962
36.46,-3.6505915924866716,0.6488145948323241,0.02179126088234515
36.47,-3.6571184983542193,0.6135362671749619,0.021753375227390334
36.480000000000004,-3.6632910132352245,0.5781233269261359,0.021717189973913656
36.49,-3.669108103608594,0.5425792392063357,0.021682733882647333
36.5,-3.67456873595325,0.5069074691359753,0.021650035714323515
36.51,-3.6796718767481083,0.47111148183549423,0.021619124229674373
36.52,-3.684416492472088,0.435194742425306,0.02159002818943205
36.53,-3.688801549604099,0.39916071602590103,0.02156277635432876
36.54,-3.692826014623061,0.3630128677576931,0.021537397485096654
36.550000000000004,-3.6964888540078933,0.3267546627410958,0.021513920342467883
36.56,-3.699789034237506,0.29038956609659977,0.02149237368717465
36.57,-3.702724736287675,0.2539206103633915,0.021472600387122648
36.58,-3.7052911848825536,0.2173491725932053,0.021453679998238186
36.59,-3.707487476618435,0.18067872255436748,0.021435516640099857
36.6,-3.709313302477308,0.14391305490019055,0.021418149420650665
36.61,-3.7107683534411677,0.10705596428390896,0.021401617447833563
36.62,-3.7118523204920053,0.07011124535878316,0.021385959829591527
36.63,-3.7125648946118144,0.03308269277804732,0.02137121567386752
36.64,-3.7129057667825855,-0.004025898804985384,0.021357424088604537
36.65,-3.7128746279863116,-0.04121073473708087,0.02134462418174554
36.660000000000004,-3.712471169204984,-0.07846802036500522,0.02133285506123349
36.67,-3.7116950814205967,-0.11579396103544476,0.02132215583501138
36.68,-3.7105460556151413,-0.15318476209516568,0.021312565611022172
36.69,-3.7090237827706094,-0.1906366288909076,0.02130412349720884
36.7,-3.707127953868992,-0.22814576676943632,0.021296868601514356
36.71,-3.704858259892285,-0.26570838107743844,0.021290840031881697
36.72,-3.702214391822478,-0.30332067716168,0.021286076896253836
36.730000000000004,-3.699196040641562,-0.3409788603689272,0.02128261830257374
36.74,-3.6958028973315327,-0.3786791360458662,0.02128050335878439
36.75,-3.692034652874381,-0.41641770953926316,0.021279771172828754
36.76,-3.6878909982520987,-0.45419078619585773,0.021280460852649806
36.77,-3.683371624446675,-0.4919945713624161,0.021282611506190516
36.78,-3.6784734988908876,-0.5298264579508791,0.02128600192345205
36.79,-3.673192776297831,-0.5676843163257501,0.02129026012431299
36.800000000000004,-3.6675298848661155,-0.6055642350861177,0.021295374115209435
36.81,-3.6614852895354484,-0.6434622871684247,0.02130133520178445
36.82,-3.6550594552455262,-0.6813745455091946,0.02130813468968113
36.83,-3.6482528469360482,-0.7192970830449239,0.021315763884542552
36.84,-3.6410659295467096,-0.7572259727121362,0.021324214092011795
36.85,-3.63349916801722,-0.7951572874472742,0.021333476617731932
36.86,-3.6255530272872747,-0.8330871001868613,0.021343542767346048
36.87,-3.6172279722965732,-0.871011483867394,0.02135440384649722
36.88,-3.6085244679848096,-0.9089265114253962,0.021366051160828535
36.89,-3.5994429792916955,-0.94682825579731,0.021378476015983063
36.9,-3.5899839711569252,-0.9847127899196593,0.021391669717603885
36.910000000000004,-3.5801479085201917,-1.0225761867289673,0.021405623571334093
36.92,-3.569935256321208,-1.0604145191616774,0.02142032888281675
36.93,-3.559346479499668,-1.0982238601543122,0.021435776957694937
36.94,-3.548382042995271,-1.1360002826433688,0.02145195910161174
36.95,-3.537042411747709,-1.1737398595653705,0.02146886662021025
36.96,-3.5253280506966975,-1.2114386638567602,0.021486490819133522
36.97,-3.5132393436489715,-1.2490927813026333,0.02150482434660822
36.980000000000004,-3.5007700472416277,-1.2866993803531104,0.021523976173943183
36.99,-3.487917092602371,-1.3242552318942307,0.02154402385480771
37.0,-3.4746819895312178,-1.3617564022629016,0.02156497330102368
37.01,-3.4610662478281915,-1.3991989577960033,0.021586830424412957
37.02,-3.447071377293307,-1.4365789648304428,0.021609601136797423
37.03,-3.4326988877266085,-1.4738924897030472,0.021633291349998914
37.04,-3.41795028892811,-1.5111355987507238,0.02165790697583931
37.050000000000004,-3.402827090697826,-1.5483043583103788,0.021683453926140493
37.06,-3.387330802835801,-1.5853948347188402,0.021709938112724297
37.07,-3.3714629351420498,-1.6224030943130145,0.0217373654474126
37.08,-3.355224997416596,-1.659325203429782,0.021765741842027276
37.09,-3.3386184994594528,-1.6961572284060495,0.021795073208390203
37.1,-3.3216449510706676,-1.7328952355786447,0.021825365458323212
37.11,-3.3043058620502532,-1.7695352912844742,0.021856624503648184
37.12,-3.286602742198234,-1.8060734618604188,0.021888856256186986
37.13,-3.268537101314621,-1.8425058136433838,0.02192206662776151
37.14,-3.250110449199465,-1.8788284129701989,0.021956261530193574
37.15,-3.231324295652777,-1.9150373261777691,0.021991446875305062
37.160000000000004,-3.2121801504745675,-1.9511286196030018,0.022027628574917874
37.17,-3.192679523464889,-1.9870983595827245,0.02206481254085382
37.18,-3.172823924423751,-2.0229426124538445,0.02210300468493479
37.19,-3.1526148631511792,-2.0586574445532415,0.02214221091898265
37.2,-3.1320538494471823,-2.094238922217822,0.022182437154819296
37.21,-3.1111423931118143,-2.1296831117844137,0.022223689304266537
37.22,-3.0898820039450845,-2.1649860795899247,0.022265973279146267
37.230000000000004,-3.0682741917470024,-2.200143891971259,0.02230929499128038
37.24,-3.0463190545379346,-2.2351525360143443,0.022353640014838378
37.25,-3.0240056891342664,-2.2700074836565074,0.022398836671496204
37.26,-3.0013336769117056,-2.3047049862219353,0.02244486660730103
37.27,-2.978305742350145,-2.33924148992409,0.02249175696798631
37.28,-2.954924609929527,-2.3736134409763596,0.0225395348992854
37.29,-2.9311930041297454,-2.407817285592206,0.022588227546931756
37.300000000000004,-2.907113649430692,-2.4418494699850903,0.022637862056658836
37.31,-2.882689270312312,-2.475706440368401,0.022688465574199984
37.32,-2.8579225912544968,-2.5093846429556,0.022740065245288665
37.33,-2.8328163367371566,-2.542880523960125,0.022792688215658295
37.34,-2.807373231240183,-2.5761905295954355,0.022846361631042335
37.35,-2.781595999243522,-2.6093111060749226,0.022901112637174134
37.36,-2.7554873652270646,-2.642238699612046,0.022956968379787144
37.37,-2.729050053670721,-2.674969756420244,0.023013956004614793
37.38,-2.7022867890543822,-2.707500722712976,0.02307210265739054
37.39,-2.6752002958579957,-2.739828044703634,0.023131435483847725
37.4,-2.6477932985614516,-2.7719481686056775,0.023191981629719808
37.410000000000004,-2.6200685216446407,-2.8038575406325665,0.023253768240740262
37.42,-2.5920286895875115,-2.835552606997693,0.02331682246264241
37.43,-2.563676526869954,-2.867029813914517,0.02338117144115973
37.44,-2.5350147579718785,-2.8982856075964754,0.02344684232202563
37.45,-2.506046107373174,-2.9293164342570277,0.02351386225097359
37.46,-2.4767732995537908,-2.960118740109566,0.02358225837373693
37.47,-2.4471990589936183,-2.9906889713675513,0.02365205783604912
37.480000000000004,-2.417326110172545,-3.021023574244441,0.023723287783643632
37.49,-2.3871571775705234,-3.05111899495363,0.02379597536225379
37.5,-2.356694985667441,-3.0809716797085764,0.02387014771761306
37.51,-2.325942258943209,-3.110578074722718,0.02394583199545487
37.52,-2.294901721877714,-3.139934626209512,0.024023055341512688
37.53,-2.2635760989509097,-3.1690377803823546,0.024101844901519835
37.54,-2.2319681146426844,-3.197883983454704,0.024182227821209778
37.550000000000004,-2.2000804934329246,-3.226469681640017,0.024264231246316006
37.56,-2.1679150819406883,-3.2547910891063574,0.024347831550982517
37.57,-2.1354640751589677,-3.282842025607164,0.024432442189377394
37.58,-2.1027277822583477,-3.3106187825899784,0.02451793607989272
37.59,-2.069709774226366,-3.338118551107978,0.024604373665697527
37.6,-2.03641362205063,-3.3653385222142806,0.02469181538996065
37.61,-2.002842896718677,-3.3922758869620644,0.024780321695851103
37.62,-1.9690011692180671,-3.418927836404486,0.024869953026537852
37.63,-1.9348920105363374,-3.445291561594723,0.024960769825189924
37.64,-1.9005189916610967,-3.4713642535858944,0.025052832534976147
37.65,-1.8658856835798816,-3.4971431034311777,0.025146201599065547
37.660000000000004,-1.830995657280228,-3.522625302183748,0.025240937460627156
37.67,-1.7958524837497456,-3.5478080408967263,0.025337100562829794
37.68,-1.7604597339759709,-3.5726885106232893,0.025434751348842488
37.69,-1.7248209789464644,-3.597263902416594,0.025533950261834203
37.7,-1.688939789648761,-3.621531407329816,0.025634757744973972
37.71,-1.6528197370704727,-3.6454882164160782,0.02573723424143061
37.72,-1.6164643921991344,-3.669131520728555,0.025841440194373146
37.730000000000004,-1.5798773260222807,-3.692458511320421,0.02594743604697062
37.74,-1.5430621095275245,-3.715466379244801,0.026055282242391842
37.75,-1.5060223137024003,-3.738152315554869,0.026165039223805843
37.76,-1.468761509534469,-3.760513511303782,0.02627676743438159
37.77,-1.4312832680112644,-3.7825471575447143,0.026390527317288116
37.78,-1.3935911601204003,-3.8042504453307924,0.02650637931569423
37.79,-1.355688756849411,-3.8256205657151883,0.026624383872768966
37.800000000000004,-1.3175796291858295,-3.846654709751076,0.026744601431681374
37.81,-1.2792673481172714,-3.8673500684915822,0.026867092435600242
37.82,-1.2407554846312703,-3.8877038329898808,0.026991917327694615
37.83,-1.2020472683435142,-3.9077129551631216,0.02711908738922308
37.84,-1.1631398963784283,-3.9273702815514517,0.027247732637530497
37.85,-1.1240349427888634,-3.9466720125649766,0.0273775835457472
37.86,-1.0847365197664973,-3.9656161663848586,0.027508731982525056
37.87,-1.0452487395030352,-3.984200761192246,0.02764126981651583
37.88,-1.0055757141901538,-4.002423815168299,0.027775288916371387
37.89,-0.9657215560196146,-4.020283346494142,0.027910881150743312
37.9,-0.9256903771830951,-4.037777373350934,0.028048138388283468
37.910000000000004,-0.8854862898722714,-4.054903913919837,0.028187152497643725
37.92,-0.8451134062789061,-4.071660986381973,0.02832801534747565
37.93,-0.8045758385946756,-4.088046608918504,0.02847081880643112
37.94,-0.7638776990112854,-4.104058799710579,0.0286156547431619
37.95,-0.7230230997204113,-4.119695576939354,0.028762615026319868
37.96,-0.6820161529138168,-4.134954958785959,0.02891179152455658
37.97,-0.6408609707831779,-4.14983496343155,0.029063276106523917
37.980000000000004,-0.5995616655201704,-4.164333609057287,0.029217160640873752
37.99,-0.5581223493165584,-4.178448913844298,0.029373536996257645
38.0,-0.5165471343640174,-4.192178895973741,0.029532497041327467
38.01,-0.47484013285425275,-4.205521573626764,0.029694132644734993
38.02,-0.43300545697894,-4.218474964984526,0.02985853567513211
38.03,-0.39104721892984373,-4.231037088228153,0.03002579800117035
38.04,-0.34896953089863925,-4.243205961538807,0.030196011491501605
38.050000000000004,-0.30677650507700194,-4.254979603097642,0.030369268014777767
38.06,-0.2644722536566966,-4.266356031085789,0.030545659439650364
38.07,-0.22205887295438292,-4.27733063549969,0.03072470688920594
38.08,-0.17953732883116863,-4.287897588868223,0.03090557282227689
38.09,-0.1369119917198401,-4.29805568699396,0.03108835582308671
38.1,-0.09418728221292819,-4.307803792421057,0.03127316847460741
38.11,-0.051367620902872946,-4.317140767693689,0.03146012335981138
38.12,-0.008457428382144638,-4.326065475356027,0.0316493330616709
38.13,0.03453887475681705,-4.334576777952247,0.03184091016315837
38.14,0.07761686792148065,-4.342673538026505,0.03203496724724578
38.15,0.12077213051940644,-4.350354618122976,0.032231616896905534
38.160000000000004,0.16400024195815488,-4.357618880785836,0.032430971695110056
38.17,0.20729678164519427,-4.364465188559244,0.03263314422483132
38.18,0.250657328988085,-4.370892403987374,0.03283824706904174
38.19,0.2940774633943568,-4.376899389614395,0.03304639281071358
38.2,0.3375527642715703,-4.3824850079844815,0.033257694032819266
38.21,0.38107881102719354,-4.387648121641795,0.03347226331833076
38.22,0.4246511830687868,-4.392387593130508,0.03369021325022048
38.230000000000004,0.468265459803911,-4.3967022849947925,0.03391165641146086
38.24,0.5119172206400339,-4.400591059778813,0.03413670538502384
38.25,0.5556020449847161,-4.404052780026743,0.03436547275388186
38.26,0.5993155122454876,-4.407086308282749,0.03459807110100718
38.27,0.6430532294019621,-4.409690435254498,0.03483459889781021
38.28,0.6868125775648021,-4.411859440764464,0.03507423483421363
38.29,0.7305901200348387,-4.413590077385642,0.03531654004430155
38.300000000000004,0.774381297171066,-4.414882087786896,0.03556164359383071
38.31,0.8181815493323844,-4.415735214637089,0.03580967454855734
38.32,0.8619863168777883,-4.416149200605085,0.036060761974238194
38.33,0.9057910401662403,-4.416123788359747,0.03631503493662984
38.34,0.9495911595567346,-4.415658720569938,0.036572622501489044
38.35,0.9933821154081719,-4.414753739904523,0.03683365373457201
38.36,1.0371593480795462,-4.413408589032364,0.037098257701635495
38.37,1.0809182979298204,-4.411623010622326,0.03736656346843607
38.38,1.1246544053179885,-4.40939674734327,0.03763870010073052
38.39,1.1683631106029515,-4.406729541864062,0.03791479666427502
38.4,1.2120398541437032,-4.403621136853566,0.03819498222482634
38.410000000000004,1.2556800762992373,-4.400071274980641,0.038479385848141257
38.42,1.299279217428455,-4.396079698914157,0.038768136599975946
38.43,1.3428327178903503,-4.391646151322974,0.03906136354608718
38.44,1.3863360180438857,-4.386770374875957,0.03935919575223153
38.45,1.4297845582480555,-4.381452112241964,0.03966176228416579
38.46,1.4731737788617605,-4.3756911060898664,0.039969192207646116
38.47,1.5164991364002325,-4.369486941812238,0.04028158975791505
38.480000000000004,1.5597568068503818,-4.362832516859201,0.04059796892499912
38.49,1.6029426498733665,-4.355724720474395,0.04091787465974831
38.5,1.6460521345970656,-4.348164403644514,0.041241459979991735
38.51,1.6890807301493278,-4.3401524173562525,0.04156887790355825
38.52,1.7320239056580322,-4.3316896125963025,0.04190028144827699
38.53,1.7748771302509658,-4.3227768403513736,0.04223582363197634
38.54,1.817635873056008,-4.313414951608157,0.042575657472485415
38.550000000000004,1.8602956032010378,-4.303604797353342,0.042919935987633336
38.56,1.9028517898138426,-4.293347228573639,0.04326881219524849
38.57,1.9452999020223016,-4.282643096255739,0.04362243911315999
38.58,1.987635408954263,-4.271493251386339,0.04398096975919671
38.59,2.0298537797376053,-4.259898544952128,0.04434455715118779
38.6,2.0719504835001175,-4.247859827939818,0.044713354306961585
38.61,2.1139209893696775,-4.235377951336099,0.045087514244347225
38.62,2.155760766474134,-4.2224537661276695,0.045467189981173585
38.63,2.1974652839413653,-4.209088123301214,0.045852534535269815
38.64,2.2390300108991608,-4.1952818738434505,0.04624370092446424
38.65,2.280450416475398,-4.181035868741066,0.04664084216658602
38.660000000000004,2.321721969797955,-4.166350958980747,0.0470441112794643
38.67,2.362840139994622,-4.151227995549211,0.04745366128092739
38.68,2.403800396193277,-4.135667829433145,0.04786964518880444
38.69,2.444598207521767,-4.119671311619246,0.048292216020924345
38.7,2.485229043107971,-4.103239293094201,0.048721526795116266
38.71,2.525688363326998,-4.0863725462257126,0.04915771983340708
38.72,2.5659707627020363,-4.069063676586992,0.04959979167869157
38.730000000000004,2.606071374343035,-4.051308858292002,0.050047111216850966
38.74,2.645986015731253,-4.033110157018341,0.050499826067358256
38.75,2.685710504348036,-4.014469638443575,0.05095808384968738
38.76,2.7252406576747017,-3.9953893682452786,0.05142203218331196
38.77,2.7645722931925945,-3.9758714121010117,0.05189181868770597
38.78,2.803701228382975,-3.9559178356883793,0.05236759098234236
38.79,2.8426232807271883,-3.935530704684942,0.05284949668669509
38.800000000000004,2.881334267706579,-3.9147120847682606,0.05333768342023814
38.81,2.9198300068024086,-3.8934640416159407,0.05383229880244444
38.82,2.9581063154960217,-3.8717886409055424,0.05433349045278795
38.83,2.9961590112687353,-3.849687948314642,0.05484140599074231
38.84,3.0339839116018936,-3.827164029520798,0.055356193035781515
38.85,3.0715768339767586,-3.804218950201618,0.05587799920737845
38.86,3.1089335958746753,-3.780854776034662,0.056406972125007115
38.87,3.1460500147769594,-3.757073572697505,0.05694325940814113
38.88,3.182921908164955,-3.7328774058677054,0.05748700867625451
38.89,3.219545093519926,-3.7082683412228734,0.058038367548820115
38.9,3.255915388323216,-3.683248444440567,0.05859748364531195
38.910000000000004,3.292028610056167,-3.657819781198343,0.05916450458520404
38.92,3.3278805762000454,-3.631984417173814,0.059739577987969215
38.93,3.363467104236193,-3.605744418044537,0.0603228514730815
38.94,3.3987840116459265,-3.579101849488087,0.060914472660014526
38.95,3.4338271159105886,-3.552058777182021,0.06151458916824234
38.96,3.4685922345114455,-3.5246172668039524,0.06212334861723772
38.97,3.503074789740597,-3.496778331223019,0.06274081063481435
38.980000000000004,3.5372661439721127,-3.4685319595584487,0.0633660615892266
38.99,3.5711614401655605,-3.4398777848541076,0.06399888703225215
39.0,3.6047572279541282,-3.410819139570046,0.06463936970586359
39.01,3.6380500569709797,-3.3813593561663327,0.0652875923520331
39.02,3.671036476849301,-3.3515017671030165,0.06594363771273326
39.03,3.7037130372222093,-3.3212497048402105,0.06660758852993533
39.04,3.736076287722891,-3.2906065018379627,0.06727952754561188
39.050000000000004,3.768122777984532,-3.2595754905563203,0.0679595375017356
39.06,3.799849057640251,-3.2281600034553977,0.06864770114027764
39.07,3.831251676323233,-3.196363372995243,0.06934410120321065
39.08,3.862327183666642,-3.1641889316359255,0.07004882043250676
39.09,3.893072129303663,-3.131640011837492,0.07076194157013867
39.1,3.9234830628674158,-3.0987199460600583,0.07148354735807749
39.11,3.9535565339910854,-3.0654320667636714,0.07221372053829588
39.12,3.9832890923078357,-3.0317797064084004,0.072952543852766
39.13,4.01267728745085,-2.9977661974542924,0.07370010004346053
39.14,4.04171766905325,-2.9633948723614636,0.07445647185235056
39.15,4.070406786748221,-2.928669063589961,0.07522174202140877
39.160000000000004,4.098741190168946,-2.893592103599829,0.07599599329260788
39.17,4.126717428948547,-2.858167324851187,0.07677930840791893
39.18,4.154332052720209,-2.8223980598040805,0.07757177010931463
39.19,4.181581611117095,-2.7862876409185784,0.0783734611387671
39.2,4.208462653772386,-2.7498394006547255,0.0791844642382491
39.21,4.234971730319209,-2.7130566714726427,0.08000486214973163
39.22,4.261105390390746,-2.6759427858323743,0.08083473761518742
39.230000000000004,4.286860183620178,-2.638501076193963,0.0816741733765892
39.24,4.312232659640632,-2.6007348750175323,0.08252325217590795
39.25,4.337219367366796,-2.5626475137238436,0.08338205672729315
39.26,4.361810489948219,-2.5242330171240477,0.0842503795614307
39.27,4.385997269852917,-2.4854865556968653,0.08512788318174898
39.28,4.409777441059321,-2.4464125950821796,0.08601443960586913
39.29,4.433148737545915,-2.4070156009197907,0.0869099208514142
39.300000000000004,4.456108893291182,-2.3673000388494985,0.08781419893600723
39.31,4.478655642273556,-2.327270374511187,0.08872714587726933
39.32,4.500786718471521,-2.286931073544656,0.08964863369282357
39.33,4.522499855863543,-2.246286601589734,0.09057853440029234
39.34,4.543792788428104,-2.205341424286219,0.09151672001729871
39.35,4.5646632501436395,-2.1641000072739973,0.09246306256146378
39.36,4.585108974988633,-2.122566816192868,0.0934174340504106
39.37,4.605127696941549,-2.0807463166826583,0.09437970650176157
39.38,4.624717149980871,-2.038642974383167,0.0953497519331398
39.39,4.643875068085035,-1.9962612549342809,0.09632744236216631
39.4,4.662599185232524,-1.9536056239757986,0.09731264980646419
39.410000000000004,4.680887235401816,-1.9106805471475174,0.09830524628365658
39.42,4.698736952571352,-1.867490490089326,0.09930510381136445
39.43,4.716146070719612,-1.8240399184410219,0.10031209440721091
39.44,4.733112323825062,-1.780333297842433,0.10132609008881838
39.45,4.749633445866182,-1.736375093933356,0.10234696287380998
39.46,4.765707170821415,-1.6921697723536808,0.10337458477980668
39.47,4.781331232669237,-1.6477217987432047,0.10440882782443159
39.480000000000004,4.796503365388129,-1.6030356387417235,0.10544956402530788
39.49,4.811221302956533,-1.5581157579891283,0.10649666540005646
39.5,4.825482779352929,-1.5129666221252158,0.10755000396630049
39.51,4.8392855285557825,-1.4675926967898134,0.10860945174166237
39.52,4.852627284543569,-1.4219984476227172,0.10967488074376523
39.53,4.865505781294737,-1.376188340263819,0.11074616299023002
39.54,4.877918752787763,-1.3301668403529152,0.11182317049867987
39.550000000000004,4.889863917949426,-1.2839383984518313,0.11290577454251034
39.56,4.901332490097258,-1.2375008233711722,0.11399345184843357
39.57,4.912317661539179,-1.1908534536770536,0.11508551261177734
39.58,4.922818376417517,-1.144001287421667,0.11618149162846772
39.59,4.932833578874604,-1.0969493226571694,0.11728092369443155
39.6,4.9423622130527525,-1.0497025574358188,0.11838334360559336
39.61,4.951403223094295,-1.002265989809773,0.11948828615787997
39.62,4.959955553141559,-0.9546446178312229,0.12059528614721748
39.63,4.968018147336876,-0.9068434395523254,0.12170387836953274
39.64,4.9755899498225595,-0.8588674530253395,0.12281359762075023
39.65,4.982669904740942,-0.8107216563024223,0.12392397869679683
39.660000000000004,4.989256956234355,-0.7624110474357305,0.1250345563935994
39.67,4.995350048445115,-0.7139406244775235,0.1261448655070824
39.68,5.000948125515553,-0.6653153854799582,0.1272544408331727
39.69,5.006050131587994,-0.6165403284952254,0.1283628171677964
39.7,5.0106550108047685,-0.5676204515754815,0.12946952930688033
39.71,5.014761707308196,-0.518560752772987,0.130574112046349
39.72,5.018369165240606,-0.4693662301398982,0.13167610018212925
39.730000000000004,5.021476328744326,-0.42004188172837076,0.13277502851014794
39.74,5.024082141961678,-0.3705927055906659,0.1338704318263296
39.75,5.026185549034992,-0.32102369977893985,0.13496184492660104
39.76,5.027785494106592,-0.2713398623453831,0.13604880260688834
39.77,5.028880921318805,-0.22154619134215192,0.13713083966311837
39.78,5.029468181948032,-0.17164635195114455,0.1382073126300049
39.79,5.029537441523304,-0.12164067444081456,0.13927699694338708
39.800000000000004,5.029088084245411,-0.07153404317486953,0.14033911618916406
39.81,5.028120369890852,-0.021331784950031657,0.14139294645505823
39.82,5.026634558236122,0.02896077343708356,0.14243776382879425
39.83,5.024630909057718,0.07933830518982532,0.143472844398096
39.84,5.022109682132134,0.12979548351157844,0.14449746425068805
39.85,5.01907113723587,0.18032698160562016,0.14551089947429288
39.86,5.015515534145422,0.23092747267533537,0.1465124261566351
39.87,5.011443132637284,0.28159162992407305,0.14750132038543856
39.88,5.006854192487951,0.3323141265552184,0.14847685824842788
39.89,5.001748973473924,0.38308963577204824,0.14943831583332554
39.9,4.996127735371698,0.43391283077794784,0.1503849692278561
39.910000000000004,4.989990737957764,0.484778384776302,0.15131609451974415
39.92,4.983338241008627,0.5356809709703878,0.1522309677967122
39.93,4.9761705043007805,0.5866152625635902,0.15312886514648483
39.94,4.9684877876107185,0.6375759327592582,0.15400906265678593
39.95,4.960290350714933,0.6885576547607769,0.15487083641533997
39.96,4.951578453389931,0.7395551017714235,0.15571346250986964
39.97,4.942352355412205,0.7905629469945826,0.15653621702809942
39.980000000000004,4.932612316558243,0.8415758636336397,0.15733837605775375
39.99,4.922358596604555,0.8925885248918715,0.1581192156865554
40.0,4.911591148986751,0.9435956945140797,0.1588779692755143
40.01,4.900302269874913,0.9945944882160149,0.15961278141972607
40.02,4.888489628963234,1.0455806649741577,0.1603224920443428
40.03,4.876154725557088,1.0965488876896121,0.16100646683406683
40.04,4.863299058961821,1.1474938192635913,0.16166407147360212
40.050000000000004,4.84992412848278,1.1984101225973083,0.16229467164765243
40.06,4.836031433425338,1.2492924605918674,0.1628976330409203
40.07,4.821622473094842,1.300135496148482,0.16347232133810952
40.08,4.8066987467966475,1.350933892168328,0.1640181022239235
40.09,4.791261753836098,1.4016823115526194,0.1645343413830659
40.1,4.775312993518573,1.45237541720246,0.16502040450023947
40.11,4.758853965149414,1.5030078720190634,0.1654756572601479
40.12,4.741886168033979,1.5535743389036059,0.16589946534749458
40.13,4.72441110147761,1.6040694807573002,0.16629119444698318
40.14,4.706430264785687,1.6544879604812515,0.16665021024331647
40.15,4.687945157263553,1.7048244409766724,0.16697587842119815
40.160000000000004,4.668957278216551,1.7550735851447754,0.1672675646653318
40.17,4.649468126950063,1.805230055886666,0.16752463466042036
40.18,4.62947920276943,1.8552885161035564,0.16774645409116745
40.19,4.608992004980007,1.905243628696624,0.16793238864227644
40.2,4.588008032887137,1.9550900565670803,0.1680818039984508
40.21,4.566522440155082,2.004822700672699,0.16819294988925154
40.22,4.544530263132528,2.0544366442967057,0.1682643335761798
40.230000000000004,4.522034287972319,2.1039267787029168,0.16829597954252207
40.24,4.499037309840993,2.15328799487593,0.16828791394901163
40.25,4.475542123905036,2.2025151838004473,0.16824016295638178
40.26,4.451551525330952,2.251603236461138,0.1681527527253658
40.27,4.427068309285228,2.3005470438427045,0.16802570941669695
40.28,4.4020952709343995,2.349341496929745,0.1678590591911086
40.29,4.376635205444954,2.3979814867069624,0.16765282820933408
40.300000000000004,4.350690907983377,2.446461904159059,0.1674070426321064
40.31,4.324265173716207,2.494777640270634,0.16712172862015925
40.32,4.297360797809931,2.5429235860263897,0.16679691233422575
40.33,4.2699805754310525,2.5908946324109947,0.16643261993503922
40.34,4.242127301746053,2.6386856704091506,0.1660288775833326
40.35,4.213803771921477,2.686291591005457,0.1655857114398398
40.36,4.185012781123808,2.7337072851846163,0.16510314766529383
40.37,4.15575712451955,2.780927643931297,0.16458121242042797
40.38,4.126039597275183,2.8279475582301994,0.16401993186597513
40.39,4.095862994557255,2.874761919065925,0.16341933216266938
40.4,4.065230111532247,2.921365617423176,0.16277943947124363
40.410000000000004,4.0341437433666405,2.9677535442866523,0.16210027995243065
40.42,4.002606685226984,3.0139205906409567,0.16138187976696475
40.43,3.970621732279758,3.05986164747079,0.16062426507557873
40.44,3.938190529310665,3.1055714405022483,0.15982745557419295
40.45,3.905306731070572,3.151043680637094,0.15899171167988294
40.46,3.871971895886253,3.1962734521123246,0.158117849262235
40.47,3.8381897234808955,3.241256168355399,0.15720674254471548
40.480000000000004,3.8039639135776846,3.285987242793775,0.1562592657507906
40.49,3.7692981658998796,3.330462088854815,0.15527629310392857
40.5,3.7341961801706667,3.3746761199659776,0.15425869882759566
40.51,3.6986616561132553,3.4186247495546893,0.15320735714525874
40.52,3.6626982934508305,3.4623033910484065,0.1521231422803839
40.53,3.6263097919066536,3.505707457874494,0.15100692845643962
40.54,3.5894998512039096,3.548832363460409,0.14985958989689205
40.550000000000004,3.5522721710657814,3.591673521233608,0.14868200082520716
40.56,3.5146304512155324,3.6342263446214567,0.1474750354648536
40.57,3.4765783913763464,3.6764862470514115,0.14623956803929739
40.58,3.4381196912714342,3.718448641950899,0.14497647277200545
40.59,3.399258050623977,3.7601089427473746,0.14368662388644374
40.6,3.3599971691572414,3.8014625628682057,0.142370895606081
40.61,3.3203407465944097,3.8425049157408484,0.14103016215438316
40.62,3.280292482658692,3.8832314147927285,0.1396652977548172
40.63,3.23985607707327,3.9236374734513007,0.13827717663084896
40.64,3.1990352295614106,3.9637185051439348,0.13686667300594735
40.65,3.157833639846296,4.003469923298085,0.13543466110357824
40.660000000000004,3.1162532409843244,4.042886488824383,0.13398223790857314
40.67,3.0742911963443516,4.081961369630904,0.13251129337879267
40.68,3.031951103300377,4.120690318202014,0.1310231426195261
40.69,2.9892372438296007,4.15906934923383,0.12951902503653653
40.7,2.946153899909191,4.197094477422494,0.128000180035586
40.71,2.9027053535164087,4.234761717464068,0.12646784702243974
40.72,2.8588958866284226,4.272067084054697,0.12492326540285986
40.730000000000004,2.8147297812224013,4.3090065918905225,0.1233676745826083
40.74,2.7702113192756057,4.345576255667608,0.1218023139674504
40.75,2.7253447827652053,4.381772090082097,0.12022842296314819
40.76,2.6801344536683986,4.417590109830105,0.11864724097546475
40.77,2.634584613962353,4.4530263296077734,0.11706000741016208
40.78,2.5886995456243325,4.4880767641111685,0.11546796167300555
40.79,2.5424835306315043,4.522737428036431,0.11387234316975713
40.800000000000004,2.495940850961035,4.557004336079703,0.1122743913061788
40.81,2.4490757885901893,4.59087350293705,0.11067534548803595
40.82,2.401892625496134,4.624340943304616,0.10907644512109058
40.83,2.3543956436560696,4.657402671878514,0.10747892961110575
40.84,2.30658912504716,4.6900547033548845,0.10588403836384346
40.85,2.2584743965572374,4.72229135857046,0.10429208320258683
40.86,2.2100510355439256,4.754106167132436,0.10270267037210258
40.87,2.1613237928862157,4.785495779709998,0.10111691503637579
40.88,2.112297504660581,4.816456897076642,0.0995359581642779
40.89,2.0629770069436,4.846986220005798,0.09796094072468377
40.9,2.0133671358117464,4.877080449270961,0.0963930036864648
40.910000000000004,1.9634727273414925,4.9067362856456285,0.09483328801849251
40.92,1.9132986176094184,4.935950429903232,0.09328293468964169
40.93,1.8628496426919967,4.964719582817267,0.09174308466878378
40.94,1.8121306386657363,4.993040445161207,0.0902148789247914
40.95,1.7611464416071092,5.020909717708546,0.08869945842653602
40.96,1.7099018875926961,5.04832410123272,0.0871979641428924
40.97,1.6584018126989695,5.075280296507223,0.08571153704273202
40.980000000000004,1.6066510530024007,5.101775004305546,0.08424131809492644
40.99,1.554654444579572,5.1278049254011275,0.08278844826835031
41.0,1.5024168235069557,5.153366760567461,0.08135406853187517
41.01,1.4499430258610593,5.17845721057802,0.07993931985437361
41.02,1.397237887718354,5.203072976206295,0.0785453432047172
41.03,1.3443061524923947,5.227210695845026,0.07717316771197569
41.04,1.2911476864559157,5.250863821676144,0.0758177587200339
41.050000000000004,1.237764849016043,5.274027773780038,0.07447656185603434
41.06,1.1841629674840837,5.296700022949936,0.07315050856867739
41.07,1.1303473691712316,5.318878039979117,0.07184053030666061
41.08,1.0763233813887179,5.340559295660842,0.07054755851868252
41.09,1.0220963314477352,5.3617412607883885,0.06927252465344073
41.1,0.9676715466595922,5.382421406154986,0.06801636015963557
41.11,0.9130543543354817,5.402597202553913,0.06677999648596464
41.12,0.8582500817866352,5.42226612077843,0.06556436508112644
41.13,0.8032640563242448,5.441425631621812,0.06437039739381867
41.14,0.7481016052596201,5.460073205877294,0.0631990248727415
41.15,0.6927680559039533,5.478206314338151,0.062051178966592624
41.160000000000004,0.6372687355684367,5.495822427797656,0.06092779112406974
41.17,0.5816089715643801,5.512919017049047,0.05982979279387299
41.18,0.5257940912029756,5.529493552885596,0.05875811542470004
41.19,0.46982942179545484,5.545543506100567,0.05771369046524943
41.2,0.41372029065300886,5.56106634748723,0.05669744936421896
41.21,0.35747131102854035,5.576058966916574,0.055708724870472334
41.22,0.3010825923975943,5.5905147741216945,0.054736414348174105
41.230000000000004,0.2445587299080784,5.604431144691009,0.05377885240546291
41.24,0.18790543563570525,5.617806389817186,0.052836822804971435
41.25,0.13112842165606697,5.630638820692925,0.05191110930933032
41.26,0.07423340004479567,5.642926748510915,0.051002495681170906
41.27,0.01722608287748323,5.65466848446385,0.05011176568312389
41.28,-0.03988781777015726,5.665862339744407,0.04923970307782188
41.29,-0.09710258982253406,5.676506625545279,0.04838709162789555
41.300000000000004,-0.15441252120405558,5.686599653059164,0.04755471509597564
41.31,-0.21181189983900806,5.696139733478736,0.04674335724469469
41.32,-0.2692950136518002,5.70512517799669,0.04595380183668342
41.33,-0.32685615056679973,5.713554297805717,0.04518683263457314
41.34,-0.384489598508415,5.721425404098509,0.044443233400994694
41.35,-0.44218964540093286,5.728736808067746,0.043723787898580446
41.36,-0.49995057916876073,5.73548682090612,0.0430292798899612
41.37,-0.557766687736267,5.741673753806321,0.04236049313776828
41.38,-0.6156330162423795,5.747295108655644,0.04171582417052967
41.39,-0.6735477631978013,5.752345264840104,0.04108340219769745
41.4,-0.731505605174036,5.756822727653113,0.04046198429757193
41.410000000000004,-0.7895006314136341,5.760726653084386,0.03985214899773095
41.42,-0.8475269311590227,5.764056197123622,0.039254474825753616
41.43,-0.9055785936527521,5.766810515760535,0.038669540309217744
41.44,-0.9636497081373314,5.768988764984833,0.03809792397570159
41.45,-1.0217343638553116,5.770590100786223,0.03754020435278299
41.46,-1.0798266500491187,5.771613679154414,0.03699695996804102
41.47,-1.1379206559613038,5.772058656079114,0.0364687693490535
41.480000000000004,-1.1960104708344175,5.771924187550032,0.035956211023398334
41.49,-1.2540901839108862,5.771209429556875,0.0354598635186545
41.5,-1.3121538844332603,5.7699135380893525,0.034980305362399884
41.51,-1.3701956616440496,5.7680356691371735,0.034518115082212725
41.52,-1.4282096047858042,5.765574978690044,0.03407387120567097
41.53,-1.4861898779782043,5.76253048208579,0.03364785204788676
41.54,-1.5441328974773585,5.758897148860437,0.03323121233230844
41.550000000000004,-1.6020337844237102,5.754672878870616,0.03282004648159657
41.56,-1.6598865317299778,5.749857771465554,0.0324149316605804
41.57,-1.7176851323090028,5.744451925994473,0.032016445034088306
41.58,-1.775423579073586,5.738455441806593,0.03162516376694895
41.59,-1.8330958649365687,5.731868418251134,0.03124166502399073
41.6,-1.8906959828106695,5.7246909546773255,0.030866525970042864
41.61,-1.9482179256087302,5.716923150434386,0.030500323769933734
41.62,-2.005655686243551,5.708565104871539,0.030143635588492007
41.63,-2.0630032576279738,5.699616917337999,0.02979703859054611
41.64,-2.120254632674717,5.690078687183001,0.029461109940925198
41.65,-2.177403804296622,5.679950513755761,0.029136426804457688
41.660000000000004,-2.234444765406531,5.669232496405495,0.028823566345972027
41.67,-2.2913715089171616,5.65792473448144,0.02852310573029733
41.68,-2.3481780277413566,5.64602732733281,0.02823562212226203
41.69,-2.4048583147919156,5.6335403743088275,0.027961692686694795
41.7,-2.461407241495631,5.620461211838187,0.0276969252770204
41.71,-2.5178200716677113,5.606786706931972,0.02743494495766915
41.72,-2.574090907898673,5.592517862297773,0.0271760950105095
41.730000000000004,-2.6302138455074937,5.5776557049826065,0.026920760304152393
41.74,-2.686182979813031,5.562201262033523,0.026669325707209313
41.75,-2.741992406134262,5.5461555604975405,0.026422176088291206
41.76,-2.797636219790125,5.5295196274216885,0.0261796963160092
41.77,-2.853108516099597,5.512294489852982,0.025942271258974248
41.78,-2.9084033903815363,5.494481174838475,0.02571028578579782
41.79,-2.9635149379549204,5.476080709425183,0.025484124765090863
41.800000000000004,-3.018437254138725,5.457094120660123,0.02526417306546435
41.81,-3.0731644342518107,5.437522435590349,0.025050815555529723
41.82,-3.127690573613154,5.417366681262878,0.02484443710389795
41.83,-3.1820097675416923,5.396627884724736,0.024645422579180152
41.84,-3.2361161113564014,5.375307073022938,0.02445415684998732
41.85,-3.290003736794912,5.353404017198154,0.024269747404026022
41.86,-3.3436670003775877,5.3309146031341115,0.02408690145081591
41.87,-3.397100250013072,5.307840170407836,0.02390527396880331
41.88,-3.4502978215529243,5.284182748101802,0.023725189399214894
41.89,-3.5032540508485916,5.259944365298537,0.02354697218327773
41.9,-3.5559632737516336,5.235127051080519,0.023370946762218483
41.910000000000004,-3.6084198261136087,5.209732834530222,0.023197437577263846
41.92,-3.6606180437859646,5.183763744730173,0.02302676906964086
41.93,-3.7125522626202607,5.157221810762852,0.022859265680576217
41.94,-3.764216818468019,5.130109061710749,0.022695251851296717
41.95,-3.8156060471807973,5.102427526656339,0.02253505202302905
41.96,-3.866714284610045,5.074179234682154,0.022378990637000253
41.97,-3.9175358666073206,5.045366214870667,0.02222739213443701
41.980000000000004,-3.9680651290241813,5.015990496304351,0.022080580956566027
41.99,-4.018296407712078,4.9860541080657415,0.021938881544614316
42.0,-4.068224038522568,4.955559079237311,0.02180261833980858
42.01,-4.117842355507296,4.924507427917754,0.021672108153953165
42.02,-4.167145030855357,4.892896834830091,0.02154450639024973
42.03,-4.216126156355767,4.860726463597253,0.021417461546240066
42.04,-4.26478049656585,4.827999340755197,0.02129118442112788
42.050000000000004,-4.3131028160429326,4.794718492839877,0.021165885814116884
42.06,-4.361087879344233,4.760886946387321,0.021041776524411044
42.07,-4.408730451027078,4.726507727933485,0.02091906735121407
42.08,-4.456025295648757,4.691583864014347,0.02079796909372976
42.09,-4.5029671777665925,4.656118381165861,0.02067869255116182
42.1,-4.549550861937808,4.620114305924058,0.02056144852271422
42.11,-4.595771112719727,4.583574664824891,0.020446447807590667
42.12,-4.641622694669638,4.546502484404339,0.020333901204994956
42.13,-4.687100372344865,4.508900791198355,0.02022401951413081
42.14,-4.732198910302633,4.470772611742973,0.02011701353420218
42.15,-4.776913073100263,4.432120972574143,0.020013094064412776
42.160000000000004,-4.821237625295077,4.392948900227818,0.01991247190396633
42.17,-4.865167331444303,4.353259421240033,0.019815357852066777
42.18,-4.908696808636377,4.313055174284916,0.019721806798171114
42.19,-4.951818486510475,4.272332866194922,0.019629357539268394
42.2,-4.994526816075675,4.231094107243681,0.01953721541731966
42.21,-5.036817207771533,4.189342976465598,0.01944553784675457
42.22,-5.0786850720376995,4.147083552894986,0.019354482242002594
42.230000000000004,-5.120125819313819,4.104319915566158,0.019264206017493193
42.24,-5.161134860039452,4.06105614351352,0.01917486658765603
42.25,-5.201707604654245,4.017296315771384,0.019086621366920565
42.26,-5.241839463597815,3.973044511374095,0.01899962776971633
42.27,-5.281525847309808,3.928304809355964,0.018914043210472797
42.28,-5.320762166229787,3.8830812887513986,0.01883002510361962
42.29,-5.359543830797396,3.8373780285947108,0.018747730863586262
42.300000000000004,-5.397866251452281,3.791199107920212,0.018667317904802198
42.31,-5.435724838634004,3.7445486057623114,0.018588943641697074
42.32,-5.473115002782211,3.6974306011553195,0.018512765488700362
42.33,-5.510032154336519,3.649849173133581,0.018438940860241594
42.34,-5.5464717037365725,3.601808400731405,0.018367627170750245
42.35,-5.582429061421937,3.5533123629832035,0.01829898183465595
42.36,-5.617899637832255,3.504365138923286,0.01823316226638819
42.37,-5.652877529230338,3.4549685725070054,0.018169746111121977
42.38,-5.687354187163608,3.4051197670958464,0.018106920737251384
42.39,-5.721325561858422,3.3548232015278403,0.018044604233734298
42.4,-5.754787970691168,3.304083968870899,0.017982867267484378
42.410000000000004,-5.787737731038229,3.252907162192933,0.01792178050541527
42.42,-5.820171160275922,3.201297874561962,0.01786141461444076
42.43,-5.852084575780632,3.149261199045896,0.017801840261474498
42.44,-5.883474294928722,3.0968022287126833,0.01774312811343018
42.45,-5.914336635096575,3.0439260566302324,0.017685348837221455
42.46,-5.944667913660511,2.990637775866566,0.01762857309976211
42.47,-5.974464447996912,2.9369424794895935,0.017572871567965793
42.480000000000004,-6.003722555482162,2.882845260567223,0.017518314908746162
42.49,-6.032438553492582,2.8283512121674788,0.01746497378901699
42.5,-6.060608759404555,2.7734654273582695,0.01741291887569193
42.51,-6.088229490594442,2.718192999207542,0.017362220835684686
42.52,-6.115297064438625,2.6625390207832043,0.01731295033590891
42.53,-6.141807798313429,2.606508585153281,0.01726517804327837
42.54,-6.167758009595234,2.5501067853856814,0.01721897462470673
42.550000000000004,-6.19314401566042,2.4933387145483112,0.017174410747107644
42.56,-6.2179621338853135,2.436209465709198,0.01713155707739488
42.57,-6.24220529717628,2.378720409760079,0.017090089299695188
42.58,-6.265862457539729,2.3208683272347,0.017049124944125964
42.59,-6.288930918385524,2.262658987501738,0.01700866983347489
42.6,-6.311408342137116,2.204098550735697,0.01696876991209764
42.61,-6.333292391218009,2.145193177110955,0.016929471124349792
42.62,-6.354580728051689,2.085949026801933,0.016890819414586974
42.63,-6.375271015061654,2.0263722599830083,0.016852860727164767
42.64,-6.395360914671363,1.9664690368286855,0.01681564100643884
42.65,-6.414848089304314,1.9062455175133426,0.016779206196764783
42.660000000000004,-6.433730201384009,1.8457078622113572,0.016743602242498185
42.67,-6.452004913333904,1.784862231097235,0.016708875087994717
42.68,-6.469669887577499,1.7237147843453533,0.01667507067760996
42.69,-6.486722786538281,1.6622716821301324,0.01664223495569954
42.7,-6.503161272639746,1.6005390846259484,0.016610413866619038
42.71,-6.518983008305357,1.5385231520073095,0.016579653354724125
42.72,-6.53418565595861,1.4762300444485916,0.016549999364370387
42.730000000000004,-6.548766878023003,1.4136659221241705,0.016521497839913423
42.74,-6.562724336922,1.3508369452085558,0.01649419472570889
42.75,-6.576055695079097,1.2877492738761227,0.016468135966112376
42.76,-6.588758614917779,1.2244090683012914,0.016443367505479502
42.77,-6.600830758861542,1.1608224886584373,0.016419935288165866
42.78,-6.612269789333854,1.09699569512207,0.016397885258527117
42.79,-6.623073368758208,1.0329348478665652,0.016377263360918853
42.800000000000004,-6.633239159558097,0.9686461070662975,0.016358115539696676
42.81,-6.6427648227454785,0.904135631668691,0.016340487673946892
42.82,-6.651642319291685,0.8394045202272651,0.016324137468259795
42.83,-6.659864835863099,0.7744545292897546,0.016308783924440035
42.84,-6.667431339471956,0.7092923417591588,0.01629439022474163
42.85,-6.674340797130469,0.6439246405386162,0.016280919551418617
42.86,-6.680592175850874,0.5783581085311261,0.016268335086725007
42.87,-6.686184442645396,0.5125994286397345,0.01625660001291482
42.88,-6.691116564526267,0.4466552837674397,0.01624567751224207
42.89,-6.695387508505705,0.3805323568173814,0.016235530766960795
42.9,-6.698996241595944,0.31423733069255877,0.016226122959325004
42.910000000000004,-6.701941730809213,0.24777688829596956,0.016217417271588715
42.92,-6.704222943157732,0.18115771253075452,0.016209376886005957
42.93,-6.705838845653734,0.1143864862999121,0.016201964984830747
42.94,-6.706788405309444,0.047469892506487366,0.016195144750317105
42.95,-6.707070589137091,-0.019585385946520817,0.016188879364719046
42.96,-6.7066843641489005,-0.08677266615597179,0.016183132010290605
42.97,-6.705628697357101,-0.15408526521886778,0.016177865869285792
42.980000000000004,-6.703902555773918,-0.22151650023221015,0.016173044123958626
42.99,-6.701504906411581,-0.28905968829285866,0.016168629956563138
43.0,-6.698434716282318,-0.35670814649781457,0.01616458654935334
43.01,-6.6946888858432425,-0.42445620897383074,0.01616095195423322
43.02,-6.690258521148852,-0.4923011964129542,0.016158024145405885
43.03,-6.685142981293683,-0.5602365399982503,0.016155865877404627
43.04,-6.679342562392303,-0.6282552180884937,0.01615450903973942
43.050000000000004,-6.672857560559279,-0.6963502090424598,0.016153985521920246
43.06,-6.6656882719091906,-0.7645144912187789,0.016154327213457078
43.07,-6.657834992556605,-0.8327410429762258,0.01615556600385989
43.08,-6.649298018616093,-0.9010228426735275,0.016157733782638663
43.09,-6.640077646202219,-0.9693528686694592,0.016160862439303373
43.1,-6.630174171429565,-1.037724099322651,0.01616498386336399
43.11,-6.619587890412698,-1.106129512991878,0.016170129944330494
43.12,-6.608319099266189,-1.1745620880358671,0.016176332571712866
43.13,-6.596368094104599,-1.2430148028133936,0.01618362363502108
43.14,-6.583735171042515,-1.3114806356830875,0.016192035023765105
43.15,-6.570420626194502,-1.3799525650037237,0.016201598627454922
43.160000000000004,-6.55642475567512,-1.448423569134078,0.01621234633560052
43.17,-6.541747855598959,-1.5168866264327798,0.01622431003771185
43.18,-6.526390222080581,-1.5853347152586048,0.016237521623298903
43.19,-6.510352151234556,-1.6537608139702793,0.016252012981871657
43.2,-6.493633640909897,-1.722157974801624,0.016267812962052382
43.21,-6.476224440324171,-1.7905218560884886,0.01628482823217132
43.22,-6.458120829694138,-1.8588466867966134,0.016302982849128962
43.230000000000004,-6.439324788928537,-1.9271253157184167,0.016322250737011542
43.24,-6.419838297936144,-1.9953505916461722,0.016342605819905265
43.25,-6.399663336625697,-2.0635153633722987,0.01636402202189637
43.26,-6.37880188490595,-2.1316124796891667,0.016386473267071083
43.27,-6.357255922685635,-2.1996347893891945,0.016409933479515647
43.28,-6.335027429873536,-2.2675751412646563,0.01643437658331626
43.29,-6.31211838637839,-2.3354263841079708,0.016459776502559167
43.300000000000004,-6.2885307721089285,-2.403181366711556,0.01648610716133061
43.31,-6.264266566973938,-2.4708329378676863,0.01651334248371678
43.32,-6.239327750882153,-2.53837394636878,0.01654145639380392
43.33,-6.213716303742325,-2.605797241007208,0.016570422815678262
43.34,-6.187434205463187,-2.6730956705753877,0.016600215673426053
43.35,-6.160483435953525,-2.740262083865594,0.016630808891133476
43.36,-6.132865975122074,-2.8072893296702457,0.01666217639288678
43.37,-6.104583802877586,-2.8741702567817127,0.016694292102772193
43.38,-6.075638899128788,-2.9408977139924133,0.016727129944875966
43.39,-6.046033243784476,-3.007464550094622,0.01676066384328428
43.4,-6.015768816753378,-3.073863613880757,0.016794867722083384
43.410000000000004,-5.984847597944226,-3.140087754143237,0.01682971550535953
43.42,-5.953271567265812,-3.206129819674336,0.016865181117198896
43.43,-5.921042704626869,-3.271982659266473,0.016901238481687734
43.44,-5.888161567830899,-3.3376392433512505,0.016937866178051146
43.45,-5.8546175017639985,-3.403093653418929,0.01697511488724265
43.46,-5.820410765811984,-3.4683393226623287,0.01701306601013072
43.47,-5.785544910624,-3.533369430656169,0.017051796672325766
43.480000000000004,-5.75002348684919,-3.598177156975166,0.017091383999438183
43.49,-5.713850045136772,-3.6627556811938997,0.017131905117078298
43.5,-5.67702813613589,-3.7270981828870884,0.01717343715085651
43.51,-5.639561310495713,-3.791197841629403,0.017216057226383197
43.52,-5.601453118865382,-3.8550478369955603,0.017259842469268767
43.53,-5.562707111894119,-3.9186413485601417,0.017304870005123527
43.54,-5.523326840231067,-3.9819715558978634,0.01735121695955789
43.550000000000004,-5.483315854525364,-4.045031638583442,0.01739896045818226
43.56,-5.442677705426238,-4.107814776191461,0.017448177626606953
43.57,-5.401415943582827,-4.170314148296633,0.017498945590442367
43.58,-5.359534119644301,-4.232522934473634,0.017551341475298885
43.59,-5.317035784259797,-4.294434314297176,0.017605442406786923
43.6,-5.273924488078545,-4.356041467341845,0.01766132551051677
43.61,-5.230203781749682,-4.417337573182354,0.01771906791209885
43.62,-5.185877215922378,-4.478315811393378,0.017778746737143532
43.63,-5.14094834124577,-4.538969361549628,0.01784043911126124
43.64,-5.095420708369089,-4.599291403225692,0.01790422216006226
43.65,-5.049297867941472,-4.659275115996284,0.017970173009157007
43.660000000000004,-5.0025833706120535,-4.718913679436117,0.01803836878415591
43.67,-4.955273563482996,-4.778199108542891,0.018108256275916564
43.68,-4.907363614508262,-4.837123500131068,0.018179090107163436
43.69,-4.858858505994829,-4.895680702238547,0.018250929938085778
43.7,-4.809763258079754,-4.953864569343014,0.018323838633353205
43.71,-4.760082890900199,-5.011668955922035,0.018397879057635187
43.72,-4.70982242459322,-5.069087716453297,0.01847311407560135
43.730000000000004,-4.658986879295874,-5.126114705414487,0.018549606551921317
43.74,-4.607581275145324,-5.182743777283172,0.01862741935126455
43.75,-4.555610632278627,-5.238968786537039,0.01870661533830068
43.76,-4.503079970832874,-5.2947835876537335,0.018787257377699266
43.77,-4.449994310945119,-5.350182035110943,0.018869408334129943
43.78,-4.3963586727525295,-5.405157983386235,0.01895313107226217
43.79,-4.34217807639216,-5.459705286957296,0.019038488456765573
43.800000000000004,-4.2874575420010625,-5.51381780030181,0.019125543352309784
43.81,-4.2322020897164085,-5.567489377897348,0.01921435862356425
43.82,-4.176416739675249,-5.620713874221595,0.019304997135198603
43.83,-4.120106512014677,-5.673485143752199,0.01939752175188242
43.84,-4.0632764268717425,-5.7257970409668415,0.01949199533828533
43.85,-4.00593150438362,-5.777643420343096,0.019588480759076772
43.86,-3.94807676468736,-5.829018136358647,0.01968704087892639
43.87,-3.8897172279200545,-5.879915043491141,0.01978773856250375
43.88,-3.830857914218754,-5.93032799621826,0.0198906366744785
43.89,-3.7715023895291893,-5.980250279710397,0.01999566063561412
43.9,-3.711646064486196,-6.029672161009785,0.020101958051632684
43.910000000000004,-3.6512931088578893,-6.078587625712324,0.02020949278584465
43.92,-3.5904496453059522,-6.126991447060683,0.02031841235326606
43.93,-3.5291217964919386,-6.174878398297634,0.0204288642689132
43.94,-3.4673156850774456,-6.222243252665911,0.020540996047802268
43.95,-3.4050374337240266,-6.269080783408287,0.020654955204949553
43.96,-3.342293165093366,-6.315385763767432,0.020770889255371097
43.97,-3.2790890018470176,-6.361152966986117,0.02088894571408318
43.980000000000004,-3.2154310666465324,-6.406377166307109,0.021009272096102094
43.99,-3.1513254821535988,-6.451053134973082,0.02113201591644387
44.0,-3.0867783710297676,-6.495175646226807,0.021257324690124795
44.01,-3.021795855936637,-6.538739473311018,0.02138534593216107
44.02,-2.9563840595357567,-6.581739389468484,0.021516227157569002
44.03,-2.8905491044888176,-6.62417016794188,0.021650115881364597
44.04,-2.8242971134573693,-6.666026581973976,0.02178715961856416
44.050000000000004,-2.7576342091029615,-6.707303404807536,0.021927505884183983
44.06,-2.690566514087287,-6.747995409685239,0.02207130219324008
44.07,-2.6231001510718945,-6.788097369849852,0.02221869606074875
44.08,-2.5552412427183815,-6.827604058544111,0.022369835001726197
44.09,-2.486992556326125,-6.866507715129103,0.022524084509946418
44.1,-2.418353953119241,-6.904798613062441,0.02268005018589301
44.11,-2.3493322824988305,-6.9424724921599905,0.02283789805926863
44.12,-2.279934592362786,-6.979525244755882,0.022997839476940663
44.13,-2.21016793060895,-7.015952763184275,0.023160085785776604
44.14,-2.1400393451353157,-7.05175093977925,0.023324848332643595
44.15,-2.0695558838397248,-7.086915666874966,0.02349233846440913
44.160000000000004,-1.9987245946200205,-7.1214428368055795,0.023662767527940713
44.17,-1.9275525253741959,-7.155328341905173,0.02383634687010548
44.18,-1.8560467240000933,-7.188568074507905,0.02401328783777092
44.19,-1.7842142383956054,-7.221157926947908,0.02419380177780442
44.2,-1.7120621164585739,-7.253093791559336,0.024378100037073486
44.21,-1.6395974060869936,-7.284371560676277,0.024566393962445233
44.22,-1.566827155178706,-7.314987126632886,0.024758894900787174
44.230000000000004,-1.493758411631552,-7.344936381763317,0.024955814198966825
44.24,-1.420398223343528,-7.374215218401659,0.025157363203851285
44.25,-1.3467536382124747,-7.402819528882067,0.025363753262308067
44.26,-1.2728317041362849,-7.430745205538673,0.025575195721204553
44.27,-1.1986394690127984,-7.457988140705629,0.025791901927408274
44.28,-1.124183890206059,-7.484544117184569,0.0260140520686181
44.29,-1.0494669079846082,-7.510402955201328,0.026240064730510052
44.300000000000004,-0.9744931068522124,-7.535557997135162,0.026469163666187276
44.31,-0.8992702142754103,-7.560006447310404,0.026701635044754216
44.32,-0.823805957720581,-7.583745510051442,0.02693776503531582
44.33,-0.7481080646541562,-7.606772389682645,0.027177839806976856
44.34,-0.6721842625425145,-7.6290842905283975,0.027422145528842284
44.35,-0.5960422788521954,-7.650678416913037,0.02767096837001653
44.36,-0.519689841049577,-7.671551973160947,0.027924594499604546
44.37,-0.44313467660109196,-7.691702163596499,0.028183310086711107
44.38,-0.36638451297311725,-7.711126192544075,0.02844740130044118
44.39,-0.28944707763219446,-7.729821264328016,0.02871715430989917
44.4,-0.2123300980447005,-7.747784583272703,0.028992855284190037
44.410000000000004,-0.13504130167701311,-7.76501335370252,0.029274790392418763
44.42,-0.0575884159956741,-7.781504779941812,0.02956324580368972
44.43,0.020020831532939765,-7.797256066314957,0.029858507687107894
44.44,0.09777871344239575,-7.812264417146326,0.03016086221177805
44.45,0.1756775022663173,-7.826527036760299,0.030470595546805198
44.46,0.2537094705381624,-7.8400411294812224,0.030787993861293668
44.47,0.3318668907915534,-7.852803899633478,0.03111334332434846
44.480000000000004,0.41014360325867183,-7.864809538903165,0.0314461210660185
44.49,0.4885352988475635,-7.876049002070829,0.0317847913088172
44.5,0.5670340184500684,-7.8865205470051825,0.03212964964807957
44.51,0.6456316550401466,-7.896222721377525,0.03248106701033909
44.52,0.7243201015918141,-7.905154072859158,0.03283941432212949
44.53,0.8030912510789193,-7.91331314912137,0.03320506250998372
44.54,0.881936996475478,-7.920698497835464,0.03357838250043553
44.550000000000004,0.9608492307555063,-7.927308666672743,0.03395974522001865
44.56,1.0398198468928523,-7.933142203304496,0.03434952159526601
44.57,1.1188407378615322,-7.938197655402027,0.03474808255271136
44.58,1.197903796635506,-7.942473570636632,0.035155799018888184
44.59,1.2770009161887894,-7.945968496679614,0.03557304192033023
44.6,1.3561239894952313,-7.948680981202263,0.0360001821835704
44.61,1.435264909528847,-7.950609571875883,0.036437590735142446
44.62,1.5144155692635968,-7.95175281637177,0.03688563850157985
44.63,1.5935678616734974,-7.952109262361224,0.03734469640941642
44.64,1.6727136797323956,-7.951677457515542,0.037815135385184974
44.65,1.7518449793198245,-7.95045569440637,0.03829727802502967
44.660000000000004,1.8309555050928787,-7.948435182470085,0.03879007633793972
44.67,1.9100378716420539,-7.945612170264,0.03929336053525778
44.68,1.989083785620677,-7.9419866610742424,0.03980765998796235
44.69,2.0680849536820185,-7.9375586581869415,0.04033350406703159
44.7,2.1470330824794064,-7.932328164888222,0.040871422143444004
44.71,2.225919878665998,-7.926295184464221,0.041421943588176996
44.72,2.304737048895121,-7.919459720201066,0.041985597772209074
44.730000000000004,2.383476299820103,-7.911821775384878,0.04256291406651881
44.74,2.462129338094101,-7.903381353301798,0.04315442184208352
44.75,2.540687870370444,-7.8941384572379505,0.043760650469881764
44.76,2.6191436033024016,-7.884093090479466,0.04438212932089168
44.77,2.6974882435433,-7.873245256312463,0.04501938776609187
44.78,2.7757134977463,-7.861594958023089,0.04567295517645958
44.79,2.853811072564727,-7.8491421988974635,0.0463433609229734
44.800000000000004,2.931772674651908,-7.835886982221707,0.04703113437661197
44.81,3.0095900106610025,-7.821829311281968,0.047736804908352456
44.82,3.087254787245337,-7.806969189364367,0.0484609018891735
44.83,3.164758744428499,-7.791306049123918,0.049203888455077005
44.84,3.2420941148908673,-7.774831470758898,0.04996535890551667
44.85,3.3192528095564513,-7.757543822598684,0.050745791303676166
44.86,3.3962265648608887,-7.739444620516673,0.05154604126470361
44.87,3.473007117239762,-7.720535380386277,0.052366964403746545
44.88,3.5495862031287078,-7.70081761808089,0.053209416335953164
44.89,3.6259555589632004,-7.680292849473951,0.05407425267646983
44.9,3.702106921178876,-7.658962590438857,0.054962329040444693
44.910000000000004,3.7780320262113722,-7.636828356849002,0.05587450104302599
44.92,3.853722610496163,-7.613891664577827,0.05681162429935999
44.93,3.9291704104688843,-7.590154029498729,0.05777455442459489
44.94,4.00436716256512,-7.5656169674851155,0.05876414703387827
44.95,4.079304603220505,-7.540281994410381,0.059781257742358415
44.96,4.153974468870516,-7.51415062614797,0.060826742165181455
44.97,4.228368495950788,-7.487224378571275,0.06190145591749567
44.980000000000004,4.302478420896957,-7.459504767553688,0.06300625461444942
44.99,4.3762959801445,-7.430993308968658,0.0641419938711887
45.0,4.449812910129053,-7.401691518689574,0.06530952930286185
45.01,4.523020727373817,-7.3715987884662235,0.0665096577230478
45.02,4.595910325351404,-7.340708379914482,0.06774328445680361
45.03,4.668473513268912,-7.309022254748774,0.06901191533440584
45.04,4.740702206705069,-7.276543394913343,0.07031710231343255
45.050000000000004,4.812588321238597,-7.243274782352435,0.07166039735146186
45.06,4.884123772448072,-7.2092193990103635,0.073043352406069
45.07,4.9553004759122175,-7.174380226831374,0.07446751943483211
45.08,5.026110347209708,-7.138760247759732,0.07593445039532834
45.09,5.096545301919268,-7.102362443739682,0.07744569724513593
45.1,5.166597255619472,-7.06518979671554,0.07900281194182991
45.11,5.236258123889044,-7.02724528863155,0.08060734644298849
45.12,5.3055198223066595,-6.98853190143198,0.08226085270618885
45.13,5.37437426645104,-6.949052617061067,0.08396488268900935
45.14,5.4428133719007645,-6.908810417463136,0.08572098834902477
45.15,5.510829054234554,-6.867808284582427,0.08753072164381344
45.160000000000004,5.578413229031132,-6.826049200363178,0.08939563453095387
45.17,5.645557811869077,-6.783536146749714,0.09131727896802058
45.18,5.712253776174863,-6.740268152542991,0.09329740563611029
45.19,5.778491602622807,-6.696242488798733,0.0953386885356816
45.2,5.844263380368123,-6.651463398089599,0.09744405106101321
45.21,5.909561221804437,-6.6059352220975365,0.09961641594586532
45.22,5.974377239325513,-6.559662302504396,0.10185870592400253
45.230000000000004,6.038703545325113,-6.512648980992028,0.10417384372918971
45.24,6.102532252196864,-6.464899599242381,0.10656475209518673
45.25,6.165855472334531,-6.416418498937306,0.10903435375575837
45.26,6.228665318131832,-6.367210021758686,0.11158557144466781
45.27,6.290953901982528,-6.317278509388367,0.1142213278956801
45.28,6.352713336280249,-6.266628303508305,0.11694454584255468
45.29,6.4139357334187554,-6.215263745800346,0.11975814801905654
45.300000000000004,6.474613205791811,-6.163189177946338,0.12266505715895097
45.31,6.534737865793046,-6.110408941628236,0.125668195995997
45.32,6.594301825816221,-6.056927378527887,0.12877048726395982
45.33,6.65329677421018,-6.002747508449844,0.13197486585580365
45.34,6.711712651643618,-5.947867322773994,0.13528526760342977
45.35,6.769541317000618,-5.892291399859731,0.13870694943838213
45.36,6.826774944976424,-5.836025340485814,0.1422452452040572
45.37,6.883405710266235,-5.779074745431041,0.14590548874384904
45.38,6.939425787565294,-5.721445215474166,0.14969301390115453
45.39,6.994827351568722,-5.663142351394069,0.1536131545193623
45.4,7.049602576971761,-5.604171753969507,0.15767124444186922
45.410000000000004,7.10374363846965,-5.544539023979233,0.16187261751207233
45.42,7.157242710757513,-5.48424976220213,0.16622260757335983
45.43,7.210091968530592,-5.423309569416952,0.17072654846912869
45.44,7.262283586484087,-5.361724046402498,0.17538977404277303
45.45,7.3138097393132355,-5.299498793937518,0.1802176181376905
45.46,7.3646626017131664,-5.236639412800899,0.18521541459726826
45.47,7.414833910767657,-5.173150149155869,0.1903882161018387
45.480000000000004,7.464313846271506,-5.109031221883724,0.1957417286021721
45.49,7.513094146834889,-5.044288722832372,0.20128484382762477
45.5,7.561166765598505,-4.978929462428118,0.2070267049751083
45.51,7.608523655703017,-4.912960251097311,0.2129764552415306
45.52,7.655156770289121,-4.846387899266253,0.21914323782380402
45.53,7.701058062497414,-4.779219217361387,0.2255361959188276
45.54,7.746219485468594,-4.711461015809014,0.2321644727235136
45.550000000000004,7.790632992343354,-4.643120105035436,0.2390372114347748
45.56,7.834290536262295,-4.574203295467099,0.24616355524950934
45.57,7.877184070366113,-4.504717397530302,0.25355264736462985
45.58,7.919305547795469,-4.434669221651395,0.2612136309770443
45.59,7.9606469216910565,-4.364065578256678,0.2691556492836662
45.6,8.001199752595218,-4.292911484665578,0.2773866046346696
45.61,8.040954553153545,-4.22120920588378,0.28591468765885103
45.62,8.07990256489033,-4.148966447238016,0.2947541303158428
45.63,8.118035089761468,-4.076191251863355,0.3039194649692494
45.64,8.15534342972277,-4.002891662895019,0.3134252239826556
45.65,8.191818886730127,-3.9290757234680784,0.3232859397196658
45.660000000000004,8.227452762739434,-3.854751476717599,0.3335161445438851
45.67,8.2622363597065,-3.779926965778807,0.3441303708188969
45.68,8.296160979587224,-3.7046102337867692,0.35514315090830617
45.69,8.329217924337467,-3.628809323876607,0.3665690171757108
45.7,8.361398495913118,-3.5525322791833838,0.37842250198471716
45.71,8.392693996269998,-3.4757871428423304,0.3907181376989063
45.72,8.423095730735923,-3.39858093336939,0.40346893668122424
45.730000000000004,8.452594552941695,-3.3209167172808383,0.4166838068872085
45.74,8.481180613855672,-3.2428030155511167,0.43038233859694275
45.75,8.508844017337436,-3.16424921555004,0.4445855748278049
45.76,8.535574867246549,-3.085264704647479,0.45931455859716386
45.77,8.561363267442596,-3.0058588702132476,0.4745903329223993
45.78,8.5861993217851,-2.926041099617329,0.49043394082085845
45.79,8.610073134133646,-2.8458207802295368,0.5068664253099207
45.800000000000004,8.63297480834781,-2.7652072994196852,0.523908829406967
45.81,8.654894448287125,-2.684210044557758,0.5415821961293421
45.82,8.67582215781117,-2.6028384030135694,0.5599075684944266
45.83,8.695748040779508,-2.5211017621569893,0.5789059895195893
45.84,8.714662674783193,-2.4390075545260363,0.5985943210336652
45.85,8.732556719570992,-2.3565602152783836,0.618983999972485
45.86,8.749418674152327,-2.27377030615658,0.6401006023144956
45.87,8.76523692272059,-2.1906487785987534,0.661970568752609
45.88,8.779999849469181,-2.107206584042973,0.6846203399797534
45.89,8.793695838591473,-2.0234546739274837,0.7080763566888084
45.9,8.806313274280866,-1.9394039996903552,0.732365059572702
45.910000000000004,8.817840540730758,-1.855065512769655,0.7575128893243641
45.92,8.828266022134526,-1.7704501646036306,0.783546286636671
45.93,8.837578102685569,-1.6855689066303503,0.810491692202552
45.94,8.845765166577277,-1.6004326902879413,0.8383755467149192
45.95,8.852815598003048,-1.5150524670144712,0.8672242908667054
45.96,8.858718917619354,-1.4294359902142226,0.8970578185805704
45.97,8.86346487383121,-1.3435888046548357,0.9278880426004823
45.980000000000004,8.867040223007768,-1.2575235786858974,0.9597385982355096
45.99,8.869431645647254,-1.1712531762117973,0.9926334815101291
46.0,8.870625822247895,-1.0847904611367425,1.0265966884488855
46.01,8.870609433307921,-0.9981482973650001,1.061652215076301
46.02,8.869369159325556,-0.9113395488007762,1.0978240574169238
46.03,8.86689168079903,-0.8243770793484617,1.135136211495225
46.04,8.863163678226572,-0.7372737529122625,1.1736126733357521
46.050000000000004,8.858171832106404,-0.6500424333963845,1.2132774389630558
46.06,8.851902822936761,-0.562695984705219,1.254154504401602
46.07,8.844343331215867,-0.4752472707429716,1.2962678656759408
46.08,8.835480018194248,-0.38770871945555013,1.3396417915394714
46.09,8.825299316557693,-0.3000840886441497,1.3842990029458027
46.1,8.81378836235117,-0.2123843751230616,1.4302403446840182
46.11,8.800934533940735,-0.12462479705548174,1.4774614916494522
46.12,8.78672520969245,-0.03682057260466798,1.5259581187374067
46.13,8.771147767972364,0.05101308006618405,1.5757259008432207
46.14,8.754189587146557,0.13886094279369154,1.6267605128621256
46.15,8.735838045581085,0.22670779741465885,1.6790576296894593
46.160000000000004,8.71608052164199,0.31453842576589053,1.7326129262205627
46.17,8.694904393695362,0.4023376096840038,1.7874220773506624
46.18,8.672297040107248,0.4900901310058029,1.8434807579750982
46.19,8.64824583924371,0.57778077156803,1.9007846429891737
46.2,8.622738169470791,0.6653943132074895,1.9593294072882323
46.21,8.595761409154585,0.7529155377607981,2.0191107257674945
46.22,8.567302936661138,0.8403292270647611,2.080124273322303
46.230000000000004,8.537345510197143,0.9276238439342847,2.1423690017794392
46.24,8.50587107350998,1.014791315444315,2.2058100864356924
46.25,8.472875163437603,1.1018151778496235,2.270373298794484
46.26,8.43835372397571,1.1886786833704506,2.335983629127174
46.27,8.402302699119966,1.2753650842270974,2.402566067705169
46.28,8.364718032866113,1.3618576326396812,2.470045604799734
46.29,8.325595669209822,1.4481395808285036,2.5383472306822754
46.300000000000004,8.284931552146753,1.5341941810138657,2.6073959356242025
46.31,8.24272162567266,1.6200046854158856,2.677116709896776
46.32,8.198961833783205,1.7055543462548641,2.7474345437714045
46.33,8.153648120474081,1.7908264157510416,2.818274427519447
46.34,8.106776429740947,1.8758041461247181,2.889561351412315
46.35,8.058342705579562,1.9604707895960134,2.961220305721265
46.36,8.008333903744074,2.0448110090428866,3.033175707141137
46.37,7.956733631390369,2.1288116547253955,3.1053125802687536
46.38,7.903554387754961,2.212456577242075,3.177481609961498
46.39,7.848809766762635,2.295729487038696,3.2495328047018135
46.4,7.792513362338058,2.3786140945612106,3.321316172972297
46.410000000000004,7.734678768405899,2.4610941102555683,3.392681723255544
46.42,7.675319578890945,2.5431532445675433,3.4634794640339996
46.43,7.614449387717865,2.624775207943086,3.5335594037902602
46.44,7.552081788811366,2.7059437108280875,3.602771551006871
46.45,7.48823037609611,2.786642463668496,3.670965914166426
46.46,7.422908743496895,2.8668551769100894,3.737992501751374
46.47,7.356128557870468,2.9465653501884033,3.8036999620032974
46.480000000000004,7.287872410836873,3.0257534466993334,3.8679085562091284
46.49,7.218159855625651,3.104404317862993,3.930445833769543
46.5,7.1470265330597496,3.18250462270378,3.991148098247007
46.51,7.074508083962164,3.2600410202460353,4.049851653203938
46.52,7.0006401491558385,3.3370001695141545,4.106392802202796
46.53,6.925458369463873,3.4133687295323694,4.1606078488059195
46.54,6.848998385709211,3.489133359325076,4.212333096575768
46.550000000000004,6.771295838714793,3.5642807179166693,4.261404849074794
46.56,6.692386369303726,3.638797464331383,4.307659409865348
46.57,6.612305618298951,3.7126702575936115,4.350933082509883
46.58,6.531089226523463,3.785885756727697,4.3910621705708195
46.59,6.44875854682815,3.8584251891615398,4.427846601053132
46.6,6.365326645952832,3.930266439978745,4.461095176004115
46.61,6.280843466117743,4.001401246195079,4.490736497745322
46.62,6.195360113380562,4.071821784527378,4.516702557583271
46.63,6.108927693798908,4.141520231692529,4.5389253468244934
46.64,6.021597313430582,4.210488764407268,4.557336856775475
46.65,5.933420078333204,4.278719559388483,4.571869078742749
46.660000000000004,5.844447094564389,4.346204793353056,4.582454004032838
46.67,5.754729468181944,4.41293664301773,4.5890236239522455
46.68,5.664318305243486,4.478907285099389,4.591509929807497
46.69,5.573264711806694,4.544108896314869,4.589844912905109
46.7,5.481619772820123,4.608533568081931,4.583960111158997
46.71,5.389428919485576,4.67215518416084,4.573715090127579
46.72,5.296735874848183,4.734956888932477,4.559105081765417
46.730000000000004,5.203587460158972,4.796937849040185,4.540229215164284
46.74,5.110030496669172,4.858097231127171,4.517186619415993
46.75,5.016111805629812,4.918434201836779,4.4900764236123205
46.76,4.92187820829199,4.977947927812306,4.4589977568450525
46.77,4.827376525906734,5.0366375756970925,4.4240497482059515
46.78,4.732653579725275,5.0945023121343525,4.385331526786854
46.79,4.637756190998641,5.151541303767425,4.342942221679523
46.800000000000004,4.542731180977861,5.207753717239648,4.296980961975712
46.81,4.4476253709141655,5.26313871919424,4.247546876767275
46.82,4.352485582058585,5.3176954762745385,4.194739095145966
46.83,4.2573586356622135,5.371423155123842,4.138656746203574
46.84,4.162295361770872,5.424312893182597,4.079420027175199
46.85,4.067341554977364,5.476346382526699,4.017222543657305
46.86,3.9725238455614362,5.527525537887341,3.952250053314463
46.87,3.877868229201606,5.577853162080547,3.8846869369431056
46.88,3.783400701576327,5.62733205792238,3.814717575339617
46.89,3.689147258364253,5.675965028228793,3.7425263493005323
46.9,3.595133895243836,5.7237548758158505,3.6682976396222355
46.910000000000004,3.5013866078935285,5.770704403499608,3.5922158271011075
46.92,3.4079313919919847,5.816816414096027,3.514465292533691
46.93,3.314794243217656,5.862093710421165,3.4352304167163665
46.94,3.2220011572490623,5.906539095291049,3.3546955804455694
46.95,3.12958370304637,5.950151692205516,3.2730670907333983
46.96,3.0375748708135353,5.992924069822298,3.190581649776445
46.97,2.945982860901414,6.0348592837188555,3.1074043933242663
46.980000000000004,2.8548145543983465,6.075961084456142,3.0236960439748106
46.99,2.7640768323928655,6.11623322259502,2.9396173243262065
47.0,2.6737765759733105,6.155679448696441,2.8553289569764027
47.01,2.5839206662280865,6.194303513321328,2.7709916645234074
47.02,2.4945159842455333,6.232109167030631,2.6867661695651703
47.03,2.405569411114183,6.269100160385216,2.602813194699819
47.04,2.3170878279223754,6.305280243946035,2.519293462525303
47.050000000000004,2.2290781157584534,6.340653168274033,2.4363676956395715
47.06,2.141545465795493,6.37522188080242,2.3541927782757646
47.07,2.054486481230931,6.4089870859177385,2.2728861570236676
47.08,1.9678975111936157,6.44195143220953,2.19254231332003
47.09,1.8817751403916618,6.474117754509631,2.1132554582991476
47.1,1.7961159535333682,6.505488887649812,2.035119803095486
47.11,1.7109165353268496,6.536067666461908,1.9582295588433412
47.12,1.626173470480282,6.5658569257777355,1.8826789366770647
47.13,1.5418833437017816,6.594859500429127,1.808562147730957
47.14,1.458042739699645,6.623078225247857,1.7359734031394758
47.15,1.374648243181988,6.650515935065761,1.6650069140369204
47.160000000000004,1.2916964388569272,6.677175464714671,1.5957568915575946
47.17,1.2091645310592458,6.703061756028904,1.5282245097121312
47.18,1.1270180230480624,6.728180024089824,1.4623258042088214
47.19,1.0452519839496912,6.75253157539886,1.3980986123612762
47.2,0.9638618463278256,6.776117672813536,1.3355823963834172
47.21,0.8828430427463327,6.798939579191327,1.2748166184892986
47.22,0.8021910057689058,6.820998557389758,1.215840740892841
47.230000000000004,0.7219011679592391,6.842295870266353,1.15869422580797
47.24,0.6419689618811982,6.862832780678591,1.1034165354487318
47.25,0.5623898200984769,6.882610551483995,1.050047132029051
47.26,0.48315917517482665,6.901630445540074,0.9986254777628929
47.27,0.40427245967394276,6.919893725704349,0.9491910348641885
47.28,0.3257202701924149,6.937402218074692,0.9017554958285523
47.29,0.2474272784702018,6.9541651853153486,0.8559379578114653
47.300000000000004,0.16936981527500863,6.970185336092285,0.811622956199385
47.31,0.09154887580251769,6.985462439044868,0.7688327442892743
47.32,0.013965455248244718,6.999996262812496,0.7275895753780016
47.33,-0.06337945119223887,7.013786576034557,0.6879157027624672
47.34,-0.14048484832341623,7.026833147350446,0.6498333797395446
47.35,-0.21734974094960657,7.039135745399536,0.613364859606188
47.36,-0.29397313387529367,7.050694138821221,0.5785323956592705
47.37,-0.37035403190490546,7.06150809625489,0.5453582411956919
47.38,-0.44649143984292516,7.071577386339938,0.5138646495123307
47.39,-0.5223843624936729,7.080901777715739,0.4840738739061319
47.4,-0.5980318046616317,7.0894810390216865,0.45600816767397273
47.410000000000004,-0.6734327711512837,7.097314938897174,0.4296897841127352
47.42,-0.7486286609641533,7.104407490283453,0.40485053667481447
47.43,-0.8236804721913096,7.110764692006806,0.3810668901968849
47.44,-0.8985853831522185,7.116386169510052,0.3583383675105202
47.45,-0.9733399512867735,7.12127148615321,0.33666867693089053
47.46,-1.0479407340347093,7.125420205296295,0.31606152677321203
47.47,-1.1223842888359192,7.128831890299325,0.296520625352654
47.480000000000004,-1.1966671731302967,7.131506104522321,0.278049680984389
47.49,-1.2707859443575764,7.133442411325298,0.2606524019836285
47.5,-1.3447371599576519,7.134640374068275,0.2443324966655441
47.51,-1.4185173773703639,7.13509955611127,0.2290936733453211
47.52,-1.4921231540356046,7.1348195208143,0.21493964033813506
47.53,-1.565558151191605,7.133800276391235,0.20182023024640183
47.54,-1.6388669602156107,7.132044538632496,0.18936819911109903
47.550000000000004,-1.712053062620688,7.129552688466683,0.1775170407856038
47.56,-1.7851105163156085,7.126324535833379,0.16627083621441682
47.57,-1.8580333792092993,7.122359890672165,0.15563366634201337
47.58,-1.9308157092106362,7.117658562922621,0.1456096121128773
47.59,-2.0034515642285458,7.112220362524326,0.13620275447148603
47.6,-2.0759350021718004,7.106045099416868,0.1274171743623368
47.61,-2.148260080949327,7.099132583539824,0.11925695272990659
47.62,-2.2204208584700003,7.091482624832776,0.11172617051867928
47.63,-2.2924113926427476,7.0830950332353,0.10482890867313406
47.64,-2.3642257686928434,7.073969619651789,0.09856902118090051
47.65,-2.4358763041521048,7.064106925550501,0.0927972873985196
47.660000000000004,-2.507372904353265,7.053507727118454,0.08737864395231203
47.67,-2.5787099623490866,7.04217232639476,0.08230555370335592
47.68,-2.649881871192486,7.03010102541851,0.0775704795127177
47.69,-2.7208830239363277,7.017294126228801,0.07316588424146782
47.7,-2.7917078136335274,7.00375193086472,0.06908423075067388
47.71,-2.86235063333685,6.989474741365383,0.0653179819014121
47.72,-2.9328076522189077,6.974462700847926,0.06184371990414161
47.730000000000004,-3.0030798960213834,6.958715674171159,0.05859302799962566
47.74,-3.0731617455037927,6.942234315628045,0.05555493943670669
47.75,-3.1430468595568457,6.9250193530576345,0.05272485157471521
47.76,-3.212728897071202,6.907071514298986,0.05009816177298413
47.77,-3.282201516937571,6.8883915271911444,0.04767026739084469
47.78,-3.351458378046515,6.868980119573198,0.04543656578763325
47.79,-3.4204932745728374,6.848837984011048,0.043391150673689795
47.800000000000004,-3.4893047400232096,6.827964678209287,0.041482044682505825
47.81,-3.5578883802073906,6.80636080438286,0.03968436461591614
47.82,-3.62623717711582,6.784027696126734,0.03799832342985496
47.83,-3.6943441127388876,6.7609666870358875,0.03642413408025792
47.84,-3.7622021690670313,6.737179110705284,0.03496200952305968
47.85,-3.829804328090545,6.712666300729937,0.033612162714197924
47.86,-3.897143571799867,6.68742959070481,0.03237480660960722
47.870000000000005,-3.964212882185435,6.6614703142248635,0.03125015416522245
47.88,-4.031005241237544,6.634789804885114,0.03023841833698082
47.89,-4.0975148101384224,6.607389101441516,0.029327678658488766
47.9,-4.163738148718252,6.579268865580117,0.028481281053904243
47.910000000000004,-4.229668703903997,6.550430771822316,0.02769454675890548
47.92,-4.295299702081457,6.520876556969426,0.026965064608632443
47.93,-4.360624369636575,6.490607957822693,0.026290423438223402
47.94,-4.425635987603219,6.459626643475218,0.025667493395214198
47.95,-4.490328314753225,6.427933801031914,0.02508701930392518
47.96,-4.554694689166391,6.395531350813022,0.024545582361571432
47.97,-4.618728308401581,6.3624214088528515,0.02404164275549489
47.980000000000004,-4.682422370017657,6.328606091185709,0.02357366067303761
47.99,-4.745770073361875,6.29408750606511,0.023140053366273398
48.0,-4.808764976458958,6.258866332911958,0.022730999209635297
48.01,-4.871400539844206,6.222944129436324,0.022340299305492414
48.02,-4.933669949955962,6.186323743222893,0.021968609826303657
48.03,-4.995566393232433,6.149008021856425,0.02161658694452871
48.04,-5.057083056111959,6.110999812921607,0.021284886832626467
48.050000000000004,-5.118213125032882,6.07230196400312,0.020974165663055874
48.06,-5.178949786433411,6.03291732268573,0.020685079608276535
48.07,-5.2392862267518865,5.992848736554119,0.02041828484074738
48.08,-5.2992156324266055,5.952099053192997,0.020174437532927574
48.09,-5.358731189895908,5.910671120187046,0.019954193857276127
48.1,-5.417826205665999,5.8685661290233515,0.019750512992634053
48.11,-5.476494264439442,5.825784871851206,0.019552118151291625
48.120000000000005,-5.534728913815439,5.782331015867037,0.019359458732175695
48.13,-5.592523700120023,5.738208258973843,0.019173117745991026
48.14,-5.649872169679352,5.693420299074535,0.018993678203441982
48.15,-5.706767868819538,5.647970834072051,0.01882172311523306
48.160000000000004,-5.763204343866737,5.601863561869299,0.018657835492068647
48.17,-5.819175141146983,5.555102180369285,0.018502598344653468
48.18,-5.874673806986432,5.507690387474913,0.018356594683691906
48.19,-5.929693887711197,5.459631881089124,0.01822040751988846
48.2,-5.984228929647433,5.410930359114824,0.018094619863947538
48.21,-6.038272460832164,5.361589450190426,0.017979671805030958
48.22,-6.091817322628334,5.311609934226488,0.017869658383839623
48.230000000000004,-6.1448570659844,5.260994562593649,0.017761395411914224
48.24,-6.197385741926646,5.209747855195495,0.01765511198892644
48.25,-6.249397401481465,5.157874331935504,0.017551037214547698
48.26,-6.3008860956752155,5.105378512717187,0.017449400188449524
48.27,-6.3518458755342895,5.052264917444021,0.017350430010303362
48.28,-6.402270792084971,4.998538066019596,0.017254355779780867
48.29,-6.452154896353654,4.9442024783473855,0.017161406596553484
48.300000000000004,-6.50149223936673,4.889262674330865,0.01707181156029267
48.31,-6.550276872150486,4.833723173873625,0.016985799770670065
48.32,-6.598502845731314,4.77758849687914,0.016903600327357122
48.33,-6.646163737694847,4.720862325772066,0.016824997067037807
48.34,-6.693250459146919,4.663543520052089,0.01674699298145996
48.35,-6.7397571550881,4.605636479788641,0.01666916955277598
48.36,-6.785678692754024,4.547146867701727,0.016591749112776565
48.370000000000005,-6.831009939380325,4.488080346511354,0.016514953993252427
48.38,-6.875745762202541,4.42844257893765,0.016439006525994435
48.39,-6.919881028456306,4.368239227700623,0.016364129042793295
48.4,-6.963410605377222,4.307475955520319,0.01629054387543977
48.410000000000004,-7.006329360200919,4.246158425116741,0.016218473355724565
48.42,-7.048632160162939,4.184292299210024,0.016148139815438545
48.43,-7.090313872498915,4.121883240520171,0.016079765586372422
48.44,-7.131369364444447,4.05893691176723,0.01601357300031695
48.45,-7.171793503235168,3.995458975671202,0.015949784389062853
48.46,-7.211581156106619,3.9314550949522244,0.01588862208440098
48.47,-7.250727190294432,3.8669309323303,0.01583030841812204
48.480000000000004,-7.289226473034235,3.801892150525429,0.015775065722016764
48.49,-7.327073871561577,3.736344412257751,0.015723116327875982
48.5,-7.364263835089949,3.6702927949542916,0.01567450026940601
48.51,-7.40078671296411,3.6037364835124284,0.0156272582117136
48.52,-7.4366369766122205,3.5366801237131744,0.015580796646230705
48.53,-7.471810554059973,3.4691303662849355,0.015535109318770701
48.54,-7.506303373333135,3.4010938619559736,0.015490189975146862
48.550000000000004,-7.5401113624574725,3.33257726145455,0.015446032361172465
48.56,-7.573230449458681,3.263587215509072,0.015402630222660885
48.57,-7.605656562362526,3.194130374847802,0.015359977305425397
48.58,-7.63738562919475,3.1242133901990483,0.01531806735527931
48.59,-7.6684135779811164,3.0538429122910724,0.015276894118035908
48.6,-7.698736336747326,2.9830255918522828,0.015236451339508555
48.61,-7.728349833519141,2.9117680796109404,0.015196732765510531
48.620000000000005,-7.757249996322326,2.8400770262953046,0.01515773214185512
48.63,-7.7854327531825795,2.767959082633786,0.015119443214355686
48.64,-7.8128940321256675,2.6954208993546445,0.015081859728825508
48.65,-7.839629761177331,2.62246912718619,0.015044975431077898
48.660000000000004,-7.865635868363332,2.5491104168566805,0.015008784066926139
48.67,-7.890907507347809,2.4753506442688313,0.014973262061516848
48.68,-7.915435050269611,2.4011907771174528,0.014938296423301786
48.69,-7.939214279196877,2.32663698073714,0.014903925691959821
48.7,-7.962242286484415,2.251696712852989,0.014870220360903944
48.71,-7.984516164486982,2.176377431190254,0.014837250923547221
48.72,-8.00603300555939,2.1006865934740304,0.014805087873302645
48.730000000000004,-8.026789902056441,2.0246316574294125,0.01477380170358321
48.74,-8.046783946332901,1.948220080781657,0.014743462907801978
48.75,-8.066012230743574,1.8714593212558581,0.014714141979371945
48.76,-8.084471847643252,1.7943568365771645,0.014685909411706125
48.77,-8.102159889386739,1.7169200844706693,0.014658835698217515
48.78,-8.119073448328802,1.639156522661631,0.014632991332319175
48.79,-8.135209616824243,1.5610736088751431,0.0146084468074241
48.800000000000004,-8.150565487227867,1.4826788008362977,0.01458527261694529
48.81,-8.165138151894444,1.4039795562703556,0.014563539254295795
48.82,-8.178924703178774,1.3249833329024088,0.014543317212888617
48.83,-8.191922233435651,1.2456975884576063,0.01452467698613677
48.84,-8.204123994925116,1.1661269403731374,0.014507350727675368
48.85,-8.215522900030596,1.0862755532953299,0.014490912063597554
48.86,-8.226117311804318,1.0061515012650892,0.014475336886640091
48.870000000000005,-8.235905614828917,0.9257628739975308,0.014460602826570385
48.88,-8.244886193687007,0.8451177612079406,0.014446687513155873
48.89,-8.253057432961223,0.764224252611434,0.014433568576163963
48.9,-8.260417717234192,0.6830904379231834,0.014421223645362073
48.910000000000004,-8.266965431088549,0.6017244068583029,0.01440963035051761
48.92,-8.272698959106906,0.5201342491320807,0.01439876632139801
48.93,-8.277616685871902,0.43832805445963097,0.01438860918777068
48.94,-8.28171699596616,0.356313912556126,0.014379136579403037
48.95,-8.284998273972313,0.2740999131366797,0.014370326126062493
48.96,-8.287458904472983,0.19169414591658107,0.014362155457516478
48.97,-8.2890972720508,0.10910470061094402,0.014354602203532402
48.980000000000004,-8.28991176128839,0.026339666934881656,0.014347643993877678
48.99,-8.289900756768384,-0.05659286539631592,0.014341258458319732
49.0,-8.28906135342377,-0.139685429665589,0.014335435785464779
49.01,-8.287381802381748,-0.22293492041890933,0.014330274611727253
49.02,-8.284859716840764,-0.3063338696876915,0.014325822540287492
49.03,-8.281495199910037,-0.38987362130952524,0.014322106593202506
49.04,-8.277288354698786,-0.47354551912217807,0.014319153792529288
49.050000000000004,-8.27223928431623,-0.5573409069634179,0.014316991160324841
49.06,-8.266348091871592,-0.6412511286708337,0.014315645718646167
49.07,-8.25961488047409,-0.7252675280821935,0.014315144489550263
49.08,-8.252039753232939,-0.8093814490352057,0.014315514495094132
49.09,-8.243622813257357,-0.8935842353676381,0.014316782757334775
49.1,-8.234364163656574,-0.9778672309170795,0.014318976298329192
49.11,-8.224263907539802,-1.0622217795212978,0.01432212214013438
49.120000000000005,-8.213322148016253,-1.1466392250180617,0.014326247304807346
49.13,-8.201538988195162,-1.2311109112449594,0.014331378814405084
49.14,-8.188914531185741,-1.3156281820397588,0.014337543690984595
49.15,-8.175448880097209,-1.4001823812401684,0.014344768956602885
49.160000000000004,-8.161142138038773,-1.4847648526839567,0.014353081633316953
49.17,-8.145994408119675,-1.5693669402087118,0.014362508743183794
49.18,-8.130005793449124,-1.6539799876522017,0.014373077308260412
49.19,-8.113176397136339,-1.7385953388521351,0.014384814350603806
49.2,-8.095506322290527,-1.8232043376462803,0.014397746892270987
49.21,-8.076992504300357,-1.90779929427398,0.014411906361172948
49.22,-8.057620994069874,-1.992376014505456,0.014427311922979984
49.230000000000004,-8.037391950367647,-2.0769262408070936,0.014443925415489802
49.24,-8.016307494209014,-2.1614411306268955,0.014461703813656005
49.25,-7.99436974660927,-2.2459118414130455,0.01448060409243222
49.26,-7.971580828583721,-2.3303295306136667,0.014500583226772073
49.27,-7.947942861147659,-2.414685355676943,0.014521598191629197
49.28,-7.923457965316425,-2.4989704740508767,0.014543605961957187
49.29,-7.898128262105312,-2.583176043183652,0.014566563512709676
49.300000000000004,-7.871955872529608,-2.6672932205234523,0.014590427818840308
49.31,-7.84494291760466,-2.751313163518281,0.014615155855302665
49.32,-7.817091518345757,-2.8352270296163207,0.01464070459705039
49.33,-7.788403795768207,-2.919025976265696,0.014667031019037099
49.34,-7.758881870887296,-3.0027011609145884,0.01469409209621644
49.35,-7.728527864718377,-3.0862437410110033,0.01472184480354199
49.36,-7.697343898276734,-3.1696448740031227,0.014750246115967394
49.370000000000005,-7.665332092577655,-3.25289571733913,0.014779253008446291
49.38,-7.632494568636492,-3.3359874284670292,0.014808822455932263
49.39,-7.598833447468532,-3.418911164835005,0.014838911433378954
49.4,-7.564350850089083,-3.5016580838911784,0.014869476915739982
49.410000000000004,-7.529048897513426,-3.584219343083732,0.014900475877968992
49.42,-7.492929710756922,-3.6665860998606723,0.014931865295019563
49.43,-7.455995410834852,-3.748749511670181,0.014963602141845337
49.44,-7.418245564403358,-3.8307011229898884,0.014995680086754557
49.45,-7.379670204924192,-3.9124341424258646,0.01502829863054237
49.46,-7.340271288027841,-3.993940284066908,0.01506158381604198
49.47,-7.300052568762286,-4.075211008133912,0.015095641724798355
49.480000000000004,-7.259017802175505,-4.156237774847768,0.015130578438356473
49.49,-7.217170743315565,-4.237012044429196,0.01516650003826123
49.5,-7.174515147230445,-4.317525277099088,0.015203512606057602
49.51,-7.131054768968155,-4.397768933078279,0.015241722223290536
49.52,-7.086793363576669,-4.47773447258766,0.015281234971505013
49.53,-7.041734686104061,-4.557413355847953,0.015322156932245923
49.54,-6.995882491598307,-4.6367970430800485,0.015364594187058243
49.550000000000004,-6.949240535107382,-4.715876994504838,0.015408652817486953
49.56,-6.90181257167936,-4.794644670343043,0.015454438905076941
49.57,-6.853602356362218,-4.873091530815556,0.015502058531373186
49.58,-6.804613644203964,-4.951209036143208,0.015551617777920638
49.59,-6.7548501902525695,-5.028988646546893,0.015603222726264283
49.6,-6.704315749556115,-5.106421822247333,0.015656979457948996
49.61,-6.653014077162574,-5.1835000234654185,0.01571299405451976
49.620000000000005,-6.600948928119916,-5.260214710422039,0.015771372597521573
49.63,-6.548119895530407,-5.336556885353339,0.01583176968615047
49.64,-6.494521666432538,-5.412517202033703,0.015893189663488575
49.65,-6.440159127284031,-5.488087612862244,0.01595563457418555
49.660000000000004,-6.385037600514052,-5.563260121814405,0.016019151535183716
49.67,-6.329162408551888,-5.6380267328654705,0.016083787663425244
49.68,-6.272538873826705,-5.712379449990883,0.01614959007585245
49.69,-6.215172318767712,-5.786310277166034,0.01621660588940761
49.7,-6.157068065804072,-5.859811218366366,0.01628488222103303
49.71,-6.098231437365076,-5.932874277567166,0.016354466187670887
49.72,-6.0386677558798905,-6.005491458743874,0.0164254049062635
49.730000000000004,-5.978382343777677,-6.077654765871933,0.016497745493753185
49.74,-5.91738052348773,-6.149356202926631,0.016571535067082113
49.75,-5.855667617439213,-6.220587773883409,0.016646820743192597
49.76,-5.793248948061334,-6.291341482717659,0.016723649639026915
49.77,-5.730129837783252,-6.361609333404819,0.01680206887152738
49.78,-5.666315609034267,-6.43138332992018,0.016882125557636164
49.79,-5.601811584243539,-6.500655476239184,0.016963866814295576
49.800000000000004,-5.536623085840229,-6.56941777633727,0.017047339758447955
49.81,-5.470755436253636,-6.637662234189728,0.017132591507035447
49.82,-5.404207377741392,-6.705378772145282,0.017219179184119103
49.83,-5.336977758810673,-6.772557608839702,0.017306673778419386
49.84,-5.269073331727968,-6.839191606653544,0.017395238082410988
49.85,-5.200500855307519,-6.905273630099811,0.017485035377524515
49.86,-5.131267088363422,-6.970796543691649,0.01757622894519075
49.870000000000005,-5.06137878970977,-7.035753211942203,0.017668982066840495
49.88,-4.990842718160806,-7.1001364993644795,0.017763458023904336
49.89,-4.919665632530626,-7.163939270471623,0.017859820097813072
49.9,-4.8478542916333724,-7.227154389776731,0.017958231569997426
49.910000000000004,-4.775415454283138,-7.289774721792948,0.018058855721888204
49.92,-4.70235587929417,-7.351793131033282,0.018161855834915985
49.93,-4.628682325480559,-7.413202482010877,0.018267395190511567
49.94,-4.5544015516564516,-7.473995639238831,0.01837563707010568
49.95,-4.479520316635936,-7.534165467230285,0.01848674475512913
49.96,-4.404045379233264,-7.593704830498252,0.018600881527012482
49.97,-4.327983498262526,-7.652606593555874,0.018718210667186548
49.980000000000004,-4.25134143253781,-7.710863620916291,0.01883889545708214
49.99,-4.17412594087337,-7.768468777092517,0.018963099178129814
