t,x,y,z
0.0,17.67715816276679,12.931379185960404,43.91404334248268
0.01,17.081047370898506,9.969693401418118,44.721811108597365
0.02,16.26002936698441,7.067622912977976,44.94118858645374
0.03,15.25089419827541,4.358850103395524,44.64225873268058
0.04,14.093302572459645,1.9331859960677287,43.918253654720814
0.05,12.832122219467571,-0.14909407619779813,42.877060143303595
0.06,11.510370713761024,-1.875137366585299,41.62420587812997
0.07,10.167947055105547,-3.2510441574932836,40.25314300707374
0.08,8.837796204767821,-4.310731989973325,38.83855208265705
0.09,7.547373655893154,-5.093618313517666,37.43605354607714
0.1,6.316708248109998,-5.64729170502523,36.08393355288187
0.11,5.159554346043433,-6.015766025210795,34.80438136711801
0.12,4.084801501791452,-6.241744926414583,33.609691216044034
0.13,3.096019284037494,-6.360231658230133,32.50245930995189
0.14,2.1938739859842307,-6.402709205820318,31.481142273939145
0.15,1.376081621680005,-6.392627306196388,30.54037412370849
0.16,0.6385063661230963,-6.350625206969681,29.67360197750568
0.17,-0.02414154006203173,-6.291672127066914,28.873582010400163
0.18,-0.6176979349309771,-6.227676579068247,28.133871559601697
0.19,-1.1491355807895038,-6.167778078966258,27.44746468605066
0.2,-1.624528106241354,-6.118645855249035,26.80938339442901
0.21,-2.0511059685765,-6.085290990400554,26.214390964029853
0.22,-2.4348400724590906,-6.070896776865564,25.658985027848107
0.23,-2.781618064529969,-6.078197541940256,25.140057809370944
0.24,-3.0981601623406516,-6.108191943414284,24.654727209814265
0.25,-3.388284183718522,-6.162323853196608,24.201951139397273
0.26,-3.656583951516481,-6.24159889312648,23.780467647436144
0.27,-3.9096983718636547,-6.345117906649356,23.388772582205284
0.28,-4.150122811478776,-6.473159205548988,23.027253466701023
0.29,-4.379948086942005,-6.626169249745846,22.69645473099206
0.3,-4.60327927723374,-6.803741451449945,22.396415162714145
0.31,-4.825879188944868,-7.0040840745182615,22.12714822945892
0.32,-5.0485102007547376,-7.226921460574113,21.890266869687082
0.33,-5.271760002945256,-7.472041372557019,21.687433915731127
0.34,-5.496216285798335,-7.739231573406499,21.520312199923566
0.35000000000000003,-5.72462013381712,-8.027624056657741,21.39036115872696
0.36,-5.9621541191424425,-8.334559385918112,21.299022421363322
0.37,-6.208419059607839,-8.658098730650257,21.248463676822233
0.38,-6.4627692652106346,-8.99635735643266,21.240880156480063
0.39,-6.724559045948157,-9.347450528843805,21.278467091713182
0.4,-6.993142711817733,-9.709493513462176,21.363419713897958
0.41000000000000003,-7.2704630228066245,-10.079611733000238,21.49868729560306
0.42,-7.558053471271626,-10.452754136939763,21.686277588269693
0.43,-7.853895111531984,-10.823907180399203,21.926697883921857
0.44,-8.15596333700324,-11.188058354949252,22.220453427811
0.45,-8.462258220770359,-11.540182534074484,22.568093579642834
0.46,-8.77267229239911,-11.873672982821544,22.973132011215853
0.47000000000000003,-9.0850079546533,-12.18102157707907,23.434003930181674
0.48,-9.395292092902663,-12.455238009752314,23.945705114852878
0.49,-9.69955159251694,-12.689331973746537,24.503231343542044
0.5,-9.993859572771372,-12.876067979848283,25.101844675175986
0.51,-10.274967450386535,-13.004779631371154,25.739730376655512
0.52,-10.538682591313334,-13.07020464177846,26.407282579806537
0.53,-10.78041641011703,-13.069235603752169,27.092288758837164
0.54,-10.995580321362889,-12.998765109974242,27.782536387955474
0.55,-11.178573404820243,-12.851855785719058,28.46693413806231
0.56,-11.324632430930874,-12.624983803848016,29.13449459038985
0.5700000000000001,-11.431821622161536,-12.32550203449969,29.77185721833908
0.58,-11.498242927962135,-11.960907542860351,30.365625887243546
0.59,-11.521746268850679,-11.538244799950395,30.90236003724704
0.6,-11.498230615476011,-11.060505084322909,31.37058157962217
0.61,-11.428796559712616,-10.538826805434912,31.764739017291866
0.62,-11.316009734112212,-9.986834393238105,32.08014709426722
0.63,-11.161178111073411,-9.41715144185985,32.31090776610561
0.64,-10.96471232423434,-8.83953731988276,32.45323436652807
0.65,-10.732156956138605,-8.265561321378788,32.51144145100091
0.66,-10.469343465113129,-7.7069587436011275,32.49021141169712
0.67,-10.179912144598854,-7.1744124652200245,32.39137523528061
0.68,-9.868260990136552,-6.674134399195724,32.22057908779428
0.6900000000000001,-9.540603168436192,-6.211208261268982,31.98700158051006
0.7000000000000001,-9.203021558412356,-5.790950542226615,31.699291045298004
0.71,-8.86022773823487,-5.417779986863202,31.36285222627132
0.72,-8.51658766657479,-5.09129625330565,30.985479477052838
0.73,-8.176542847906694,-4.810544999839803,30.575567230012098
0.74,-7.8446448058980325,-4.574823709043674,30.141214690585855
0.75,-7.525212531459573,-4.384195044216671,29.68742860201202
0.76,-7.22032496801376,-4.235810527510721,29.218878637625973
0.77,-6.931763600200867,-4.126326977007249,28.74049944571637
0.78,-6.661309912661171,-4.0524012107876795,28.25722567457187
0.79,-6.410946240636732,-4.01115383446365,27.773511032488106
0.8,-6.1823249496685575,-4.000909544631118,27.291645227683027
0.81,-5.975812534890261,-4.019076264280911,26.813913031972127
0.8200000000000001,-5.791716726487997,-4.062987223365498,26.342648270216444
0.8300000000000001,-5.630332289783289,-4.130079252391236,25.88017549393237
0.84,-5.491683463729884,-4.219013721693347,25.42839796850977
0.85,-5.375572003267494,-4.328496103570693,24.988638437307458
0.86,-5.2817972704068525,-4.457085275552368,24.56217765462372
0.87,-5.210158627158695,-4.603340115167466,24.15029637475684
0.88,-5.160006779870784,-4.76655202921886,23.754533279066163
0.89,-5.130492761716651,-4.946928219747821,23.37646630127935
0.9,-5.12145767467378,-5.143948069328834,23.0172255765713
0.91,-5.132749572566578,-5.357081607944053,22.67793698770401
0.92,-5.16421650921945,-5.585798865575629,22.35972641743948
0.93,-5.215696522129204,-5.829605307446924,22.063732665515435
0.9400000000000001,-5.286344005017426,-6.0903743144663816,21.79213485050184
0.9500000000000001,-5.375595044751731,-6.368826291088108,21.54723897213628
0.96,-5.48331351030028,-6.664138598617795,21.330892302258864
0.97,-5.609363270631239,-6.975488598361148,21.144942112709682
0.98,-5.75360819471277,-7.302053651623857,20.991235675328838
0.99,-5.915912151513037,-7.6430111197116215,20.871620261956433
1.0,-6.096139010000203,-7.997538363930136,20.78794314443257
1.01,-6.294152639142431,-8.3648127455851,20.742051594597346
1.02,-6.509880759898002,-8.744809523798612,20.73712163350173
1.03,-6.742642997518738,-9.13674507981243,20.77741539815937
1.04,-6.991164157938844,-9.537487443810145,20.865031104741785
1.05,-7.2541629188414065,-9.94387190045925,21.00202749707687
1.06,-7.530357957909509,-10.352733734427233,21.190463318992528
1.07,-7.819094469479739,-10.76088597627182,21.43344445627499
1.08,-8.119961660364432,-11.16347195797985,21.734516079480482
1.09,-8.430119776658323,-11.554057217822281,22.093195170795518
1.1,-8.746612317912485,-11.926167386741799,22.50880441968859
1.11,-9.066523736303091,-12.273281891230766,22.980796402729062
1.12,-9.388110980713787,-12.586837060640503,23.512120127796198
1.1300000000000001,-9.70756963716176,-12.858554038214582,24.098556748782528
1.1400000000000001,-10.020011873036772,-13.081026496336158,24.7323432240571
1.1500000000000001,-10.320549855728585,-13.246848107388399,25.40571651198896
1.16,-10.604315047390365,-13.34701407403773,26.112219775166984
1.17,-10.86655285821913,-13.371250846037189,26.845601613193157
1.18,-11.102521312016027,-13.317956499044898,27.591535967715057
1.19,-11.307475312353803,-13.186188603752221,28.33511707046602
1.2,-11.47637436787358,-12.974209790405087,29.061579888147122
1.21,-11.60271234597242,-12.676767523558311,29.75792321844338
1.22,-11.684416973535072,-12.301368899942211,30.41108892574037
1.23,-11.720396709709155,-11.858244683994588,31.007761261520137
1.24,-11.709040346044498,-11.356945372647624,31.53437567906325
1.25,-11.6464417028406,-10.803687561117503,31.97889245727131
1.26,-11.53495889267187,-10.21229090588484,32.337023175604685
1.27,-11.37821211565635,-9.59817198582143,32.60552296932454
1.28,-11.177543314476033,-8.975121456955513,32.779063562967586
1.29,-10.935343599478845,-8.35433420487701,32.85764155164524
1.3,-10.658229480855804,-7.747929716907041,32.847846742045206
1.31,-10.35252616641879,-7.168038377745902,32.755721756858314
1.32,-10.022225273178108,-6.6242289367070795,32.58438674294639
1.33,-9.673271594691576,-6.121406739819124,32.343028213181164
1.34,-9.312190055480208,-5.664046199868233,32.04212705682815
1.35,-8.945206445450376,-5.257289318930434,31.6900239225998
1.36,-8.577175540454158,-4.902672351128008,31.29330141582985
1.37,-8.212563630970354,-4.598432515629949,30.86079477173124
1.3800000000000001,-7.855837070197268,-4.34279547483482,30.401353464625004
1.3900000000000001,-7.511631733668084,-4.134640684013894,29.922459745409274
1.4000000000000001,-7.183120796998471,-3.972031772800154,29.42856506885882
1.41,-6.872167140096112,-3.8512609815063805,28.92460342679869
1.42,-6.5806254476166535,-3.76860600615096,28.415522477024716
1.43,-6.3106591799474145,-3.720904683715002,27.905816817939485
1.44,-6.063733774434852,-3.7057311498820398,27.398212789613815
1.45,-5.840165284161412,-3.7200168670706555,26.895111869901054
1.46,-5.640257474550111,-3.7606815466665484,26.39891886914746
1.47,-5.46430819394051,-3.825167507885069,25.91196863137344
1.48,-5.3122905965473715,-3.912089620503423,25.435910783269883
1.49,-5.183944478543087,-4.019726442801777,24.972037688676505
1.5,-5.079007480787832,-4.146343667856389,24.521639530832108
1.51,-4.9969917095673875,-4.290506186810768,24.086068003473027
1.52,-4.936875277639747,-4.452042752648152,23.66672019025797
1.53,-4.898369688108582,-4.630453428626453,23.264676885539973
1.54,-4.8812528984949735,-4.825175182955192,22.88099623585258
1.55,-4.885302866320001,-5.0356449838438895,22.516736387729328
1.56,-4.910143685484525,-5.261536832495246,22.173024989402556
1.57,-4.9542276486419885,-5.5045591738839414,21.85175524907257
1.58,-5.017273846496124,-5.764899617661619,21.554692035076133
1.59,-5.0993671235603015,-6.042224498138997,21.283478473680844
1.6,-5.2005923243478875,-6.336200149626787,21.039757691154307
1.61,-5.321034293372251,-6.646492906435707,20.825172813764127
1.62,-5.460777875146761,-6.972769102876471,20.6413669677779
1.6300000000000001,-5.619907914184784,-7.314695073259795,20.48998327946323
1.6400000000000001,-5.798411021659164,-7.672399480387627,20.373097100244355
1.6500000000000001,-5.995579993638543,-8.047229789361962,20.294885943247635
1.6600000000000001,-6.210700364135893,-8.437664208340127,20.258210668045574
1.67,-6.443098688409483,-8.841813367806957,20.26567058198391
1.68,-6.692101521717601,-9.25778789824731,20.319864992408387
1.69,-6.957035419318515,-9.683698430146022,20.42339320666475
1.7,-7.238186330504979,-10.117760724310001,20.580536246938113
1.71,-7.534885302287563,-10.555832156943245,20.7948000079345
1.72,-7.844950315908202,-10.992442033327539,21.067501613941115
1.73,-8.166199219277395,-11.422119582473979,21.399957980117364
1.74,-8.496535181709337,-11.839360699718608,21.793690624376826
1.75,-8.835000127161978,-12.237180275158275,22.25286767113144
1.76,-9.178223743524105,-12.607003318075149,22.775666968978477
1.77,-9.521937481436192,-12.940245096446828,23.358083078395286
1.78,-9.861875100699063,-13.228311200579036,23.996125685383852
1.79,-10.19428060760288,-13.459742258610344,24.689276792102138
1.8,-10.514265864186905,-13.625227042912064,25.43006753769418
1.81,-10.816094203315753,-13.718432348785704,26.205574522766035
1.82,-11.094028957854036,-13.733024971532773,27.00287434792377
1.83,-11.341599607080381,-13.658948377490757,27.81085374043944
1.84,-11.552864203079274,-13.490005733895131,28.616890150614932
1.85,-11.723873925957735,-13.230978860987994,29.40329365485762
1.86,-11.85070689956654,-12.886793349127196,30.152306637181507
1.87,-11.928322221507107,-12.46018706145034,30.846358887444918
1.8800000000000001,-11.951924231114155,-11.954679323957285,31.471771416388165
1.8900000000000001,-11.922416571945037,-11.385252064133027,32.01808127189147
1.9000000000000001,-11.840892988582228,-10.76738538805747,32.47479842717732
1.9100000000000001,-11.704874793881263,-10.112700987905196,32.82983112971681
1.92,-11.517237347079025,-9.435745767012468,33.0815220235425
1.93,-11.283944032180809,-8.753509877137956,33.23210614984563
1.94,-11.00985574564175,-8.082397519476599,33.282463102305535
1.95,-10.69795906091103,-7.434085531729963,33.233916132447064
1.96,-10.35562485075224,-6.818270666084891,33.09635325677569
1.97,-9.99045216896924,-6.244771212810829,32.87991896432136
1.98,-9.608123276092464,-5.722249520003491,32.59124040600558
1.99,-9.214736147708214,-5.253090604898876,32.24039420395744
2.0,-8.816842311516018,-4.838586703547256,31.838851558402823
2.0100000000000002,-8.421054313429602,-4.480754428293907,31.39684388142897
2.02,-8.032426512587923,-4.179759857100415,30.921183534391613
2.0300000000000002,-7.654469982209241,-3.9319074479910547,30.419571489623
2.04,-7.290667580841227,-3.7334081892867834,29.89977315756908
2.05,-6.944644351903319,-3.5807082722812593,29.369262099564818
2.06,-6.619852263775752,-3.4713735942858004,28.832436738141315
2.07,-6.317501620156828,-3.401510475860166,28.292810591956314
2.08,-6.038530636644438,-3.36694388268442,27.754043987735454
2.09,-5.7839440009814815,-3.363651076114006,27.219735563573845
2.1,-5.554794533137679,-3.3890830329600465,26.69240398540813
2.11,-5.35111264753455,-3.4406708268597423,26.173753160796625
2.12,-5.172778074038949,-3.5156945014383782,25.665479370897145
2.13,-5.019512712743581,-3.6116737232516423,25.169284308432474
2.14,-4.890641102583593,-3.7272925584988403,24.68653707974302
2.15,-4.785784226725075,-3.861357447337288,24.218243422235325
2.16,-4.704585775199906,-4.012656316890212,23.765398446453784
2.17,-4.646522119337712,-4.180104669920722,23.329031797043243
2.18,-4.609965839558359,-4.363858152139399,22.910436500568615
2.19,-4.594527813475663,-4.563839916739184,22.51071350770369
2.2,-4.600136144854983,-4.779795544576496,22.13090403257089
2.21,-4.626718937461681,-5.0114706165077205,21.772049289292685
2.22,-4.674204295061117,-5.25861071338928,21.43519049199149
2.23,-4.742146221795508,-5.521588841378901,21.1215198880493
2.24,-4.8289888099915865,-5.802784005920493,20.833133915053534
2.25,-4.934669112334955,-6.10225807618307,20.572115872181804
2.2600000000000002,-5.059301893143921,-6.41978415851293,20.34050662907526
2.27,-5.20300191673677,-6.755135359256319,20.140347055375102
2.2800000000000002,-5.365883947431812,-7.10808478475954,19.97367802072248
2.29,-5.548062749547333,-7.478405541368836,19.842540394758597
2.3000000000000003,-5.749653087401645,-7.865870735430512,19.748975047124606
2.31,-5.970791972585671,-8.271027496792406,19.696073865867696
2.32,-6.211099406618142,-8.69382184093763,19.688431748956404
2.33,-6.469728399649299,-9.131740381263612,19.729143286507412
2.34,-6.745825992606117,-9.582222739915801,19.821260695602586
2.35,-7.038539226415614,-10.042708539039733,19.967836193323812
2.36,-7.347307153760974,-10.510685084980668,20.172404634499372
2.37,-7.67242260723382,-10.98228930289204,20.440287728036978
2.38,-8.01163512617318,-11.450890482705763,20.773196873790624
2.39,-8.362306580120718,-11.909622038224907,21.17224625219462
2.4,-8.721799185892973,-12.351617213327406,21.638551016624746
2.41,-9.088679774370291,-12.768648510199702,22.176612411111403
2.42,-9.459633596996927,-13.150412619197384,22.785703624925358
2.43,-9.829340547934205,-13.486860058038788,23.459490097046714
2.44,-10.192480521343391,-13.767941344442184,24.191637266455476
2.45,-10.543856803425385,-13.98251429984343,24.976975912106735
2.46,-10.878372154425975,-14.1167382954259,25.811113202163746
2.47,-11.189775883071611,-14.164354019641628,26.678526642474747
2.48,-11.471687826799583,-14.120083894738928,27.56245620026671
2.49,-11.717239496929084,-13.976876076168187,28.446676298501547
2.5,-11.918349349794187,-13.724591383732163,29.31648415547547
2.5100000000000002,-12.071141724440846,-13.370406077016128,30.15287446599711
2.52,-12.172336597496754,-12.923803367573528,30.936211127536094
2.5300000000000002,-12.218111838682288,-12.39328617990145,31.64682225509641
2.54,-12.202843280290915,-11.783806153992373,32.26862035649743
2.5500000000000003,-12.127943580547896,-11.112519520035942,32.79256265286855
2.56,-11.996043219284804,-10.398807523651174,33.210209175522046
2.57,-11.80617668003211,-9.658573305221562,33.51080598807433
2.58,-11.562308698379322,-8.908116916755228,33.69485812426701
2.59,-11.271916649073969,-8.165602554022138,33.76796718923
2.6,-10.94076665045644,-7.448398834948457,33.733444490653774
2.61,-10.57373319198475,-6.768126435545517,33.59664313657465
2.62,-10.179334858601374,-6.133886636499745,33.37034924565622
2.63,-9.765823662405477,-5.555089836580072,33.06636048935326
2.64,-9.33968372186752,-5.037935325852693,32.693230834239245
2.65,-8.90759994924344,-4.582540978958329,32.26319011986322
2.66,-8.476348626078853,-4.188717403687863,31.78884245348907
2.67,-8.052657438888458,-3.8572459794666827,31.27996778216673
2.68,-7.640862898150356,-3.5851782072084317,30.74402381164365
2.69,-7.244489112608852,-3.3677820912711773,30.18904913473617
2.7,-6.867220755170426,-3.20053633752703,29.622879176150597
2.71,-6.512779656376084,-3.0800591377517943,29.05072817065259
2.72,-6.182626523311899,-3.0017735904780647,28.476489226860963
2.73,-5.877921456264399,-2.960845011761908,27.904113224493155
2.74,-5.599849719809375,-2.952929669573749,27.337205837515793
2.75,-5.3489553278178645,-2.9749667409612988,26.777900043464143
2.7600000000000002,-5.125210354755323,-3.023657860530379,26.228044049809704
2.77,-4.928538957767444,-3.0957468146802256,25.689488926097773
2.7800000000000002,-4.758347897023371,-3.1889855182104,25.163756072948686
2.79,-4.614039788543066,-3.301691643896246,24.651779932733124
2.8000000000000003,-4.4950886173758855,-3.4321408282800254,24.154438764520915
2.81,-4.400739544637083,-3.578819840989543,23.672658788328494
2.82,-4.329477715739887,-3.7415255715700764,23.207510917385996
2.83,-4.280863728696982,-3.9199042598692935,22.759820464548653
2.84,-4.254605427075431,-4.113514346184236,22.330380727533175
2.85,-4.250410654442286,-4.3219142708119795,21.919985004056187
2.86,-4.267334633473463,-4.5452404425149675,21.529502453374455
2.87,-4.302989938240406,-4.785441479059825,21.16032228222882
2.88,-4.357548562970413,-5.042843921548652,20.81396103626599
2.89,-4.4314228570679415,-5.317588920282773,20.491925428137492
2.9,-4.525025169937441,-5.609817625563464,20.19572217049491
2.91,-4.638767850983372,-5.919671187692053,19.926857975989776
2.92,-4.773063249610181,-6.247290756969813,19.686839557273665
2.93,-4.928323715222332,-6.592817483698074,19.47717362699811
2.94,-5.1044118047486124,-6.957523841531325,19.299995619566378
2.95,-5.300124143752571,-7.3436763185120535,19.159196597907673
2.96,-5.515208304376344,-7.750483967229459,19.058072648533834
2.97,-5.749460578010976,-8.177033360846837,18.999874090721796
2.98,-6.0026772560474715,-8.62241107252741,18.987851243748512
2.99,-6.274654629876879,-9.085703675434475,19.02525442689092
3.0,-6.5654544806075545,-9.566078454617324,19.115699101313712
3.0100000000000002,-6.876025059810631,-10.061576350515187,19.264762434935225
3.02,-7.20505739837767,-10.567318241279384,19.476105381451724
3.0300000000000002,-7.55087838539945,-11.07814647583985,19.75297734388238
3.04,-7.911814909966698,-11.588903403126423,20.098627725246327
3.0500000000000003,-8.28694226014215,-12.094098032003858,20.517763474565285
3.06,-8.6748142887524,-12.585118024900252,21.014325797112562
3.0700000000000003,-9.0712191716302,-13.051678707828858,21.587085903811705
3.08,-9.471869937814851,-13.483480897368834,22.234672226888947
3.09,-9.873102126214073,-13.869022840703478,22.957862877766267
3.1,-10.270933202480238,-14.194400685261177,23.75558434048952
3.11,-10.658511068381271,-14.4482829391733,24.6161119032883
3.12,-11.028863446483143,-14.619495437305664,25.527287159291397
3.13,-11.374880312643288,-14.694520583336102,26.478622049733573
3.14,-11.68924118055607,-14.65946249442501,27.45846898314646
3.15,-11.965141614005775,-14.512771240057385,28.444788648202124
3.16,-12.195814522789359,-14.253657855894907,29.414943271355998
3.17,-12.372887644402038,-13.87721303167475,30.347148838510833
3.18,-12.489769689420191,-13.385325938938276,31.221852314247776
3.19,-12.544701087323126,-12.793928338345031,32.0192713615347
3.2,-12.535569752512577,-12.11855421731434,32.71937912265765
3.21,-12.457233045034826,-11.370174098235744,33.303865963192685
3.22,-12.31238051506832,-10.569755896371923,33.765956562744826
3.23,-12.1056384487914,-9.741014767111517,34.10066066831877
3.24,-11.837958628823891,-8.903980290604373,34.30082781097372
3.25,-11.51593841117724,-8.076902197250526,34.37228622249159
3.2600000000000002,-11.148744770682057,-7.278662554205627,34.32491661760171
3.27,-10.74288441391934,-6.5265870231177505,34.16481920235173
3.2800000000000002,-10.306226915395758,-5.830122944804742,33.90393807622033
3.29,-9.848445637639397,-5.196727571572965,33.558150558280474
3.3000000000000003,-9.378377762976525,-4.634582678689359,33.14022925347093
3.31,-8.903058922756312,-4.1449141866454315,32.66180059854784
3.3200000000000003,-8.429382238612046,-3.7253063153408856,32.13641235543267
3.33,-7.964350910561211,-3.3736685381491482,31.577089386926236
3.34,-7.514064258201226,-3.087885603760426,30.992470805670468
3.35,-7.082155180066127,-2.862387339991751,30.39033978953467
3.36,-6.67211943880295,-2.69130732272655,29.778610342862805
3.37,-6.287663057289014,-2.569809800262533,29.163246377785164
3.38,-5.930333777571919,-2.4925955231228114,28.54818179687145
3.39,-5.601183878693435,-2.454068815719392,27.937300361748722
3.4,-5.301306154379337,-2.449308280969622,27.33395680954957
3.41,-5.030930675070522,-2.4744790510623447,26.74008852830397
3.42,-4.789937542930933,-2.525769502788145,26.157400812828286
3.43,-4.577888593888414,-2.599767384832519,25.587527454533827
3.44,-4.3939224403200186,-2.6941342881105084,25.031444473995684
3.45,-4.2372744295922145,-2.8066753494328953,24.48987496860258
3.46,-4.106991560885006,-2.935357699585108,23.963578197957347
3.47,-4.00158431063511,-3.079336356994447,23.453353065465294
3.48,-3.920412531959319,-3.2379957772564274,22.959751659622622
3.49,-3.8629378956575056,-3.410682844850287,22.48330215880192
3.5,-3.8284560056183987,-3.596833263422908,22.024551552216757
3.5100000000000002,-3.814394199189964,-3.7972781828016706,21.584392994750516
3.52,-3.820205338128387,-4.01261996908904,21.163780376049182
3.5300000000000002,-3.8461143633124895,-4.243150725726909,20.763614995075727
3.54,-3.8923462156210897,-4.489162556157131,20.384798150793195
3.5500000000000003,-3.9591258359330133,-4.750947563821604,20.02823114216456
3.56,-4.046678165127075,-5.028797852162177,19.69481526815286
3.5700000000000003,-4.154082526497626,-5.324298051010875,19.38568414394595
3.58,-4.279862381998542,-5.639901148351397,19.10304294646172
3.59,-4.42438881934749,-5.976143442571233,18.84938945652943
3.6,-4.588055204187463,-6.333537104305343,18.627220940137658
3.61,-4.771254902161431,-6.712594304188636,18.439034663275024
3.62,-4.974381278912393,-7.113827212856087,18.2873278919301
3.63,-5.197827700083316,-7.537748000942601,18.1745978920915
3.64,-5.442152473390041,-7.985310964968466,18.103831535917895
3.65,-5.7078120368377245,-8.45699040741615,18.079817912011674
3.66,-5.994426689174287,-8.950808401484506,18.107009758906365
3.67,-6.301578421292997,-9.464678465870922,18.189805810626837
3.68,-6.628849224087174,-9.99651411927287,18.33260480119796
3.69,-6.9759121601425855,-10.544257185519939,18.539933610542768
3.7,-7.343636686936898,-11.104832765092551,18.8184661556964
3.71,-7.730449729484906,-11.671041368089702,19.172563128538282
3.72,-8.133871380100738,-12.234927555851348,19.605467518216155
3.73,-8.551421731098445,-12.788535889717348,20.120422313877693
3.74,-8.98159022330774,-13.322919242630835,20.723127182558294
3.75,-9.420907178385658,-13.825340778812752,21.414993407327746
3.7600000000000002,-9.863647302971993,-14.282179942600807,22.192088472980352
3.77,-10.30412513365345,-14.679694780151879,23.050685336453355
3.7800000000000002,-10.73741564063705,-15.000273863912437,23.991015701234097
3.79,-11.155993132191677,-15.229360272699152,25.000532700078224
3.8000000000000003,-11.551288035513355,-15.354692742901467,26.061480383211702
3.81,-11.91456799133073,-15.362762538164068,27.156801875994635
3.8200000000000003,-12.23631384592632,-15.23587564043103,28.271181907668247
3.83,-12.508874206885737,-14.974002159568801,29.378309166351492
3.84,-12.7249885035364,-14.580418534829244,30.449917548728493
3.85,-12.875713011234861,-14.05464084795441,31.458271310406044
3.86,-12.95372594698263,-13.4021167143472,32.380163849739944
3.87,-12.958248873317347,-12.644900567873098,33.19466881835323
3.88,-12.887125229335258,-11.803749783593748,33.879779777091024
3.89,-12.736258143734188,-10.896454067439567,34.41813742831555
3.9,-12.51197019437981,-9.951212710789726,34.80776421860303
3.91,-12.221055610409563,-8.996994229355241,35.04720278268458
3.92,-11.866278657753853,-8.056762791833425,35.134016238348636
3.93,-11.457310265884544,-7.149978381463052,35.08056110117348
3.94,-11.005202844010556,-6.296479878554535,34.90119421087781
3.95,-10.517950582339726,-5.511863269490303,34.60677631145548
3.96,-10.005795628264154,-4.802670603532879,34.21530123149235
3.97,-9.479588769049705,-4.1750957697020645,33.74546374460352
3.98,-8.948788350987511,-3.6338141467992773,33.21111824162817
3.99,-8.420704678088974,-3.1748407623435093,32.626562758159075
4.0,-7.902496514496748,-2.7932644507246858,32.006521323590256
4.01,-7.401309685345934,-2.4851150120701284,31.363304853522784
4.0200000000000005,-6.92187044063188,-2.2446805482427146,30.704654920067778
4.03,-6.467710348270007,-2.0644096338748605,30.03848601016444
4.04,-6.0425291439735815,-1.9377223938397883,29.3715474693671
4.05,-5.648006945341074,-1.858127892632342,28.707963199492305
4.0600000000000005,-5.285216338521052,-1.8189046618198474,28.051485631069387
4.07,-4.954996817122986,-1.8145238211785673,27.40505902683411
4.08,-4.657175411921126,-1.8401456513455123,26.77040747206447
4.09,-4.391345498155759,-1.8910798552749624,26.149146203416258
4.1,-4.156647029759947,-1.9638496814836857,25.542319486955492
4.11,-3.952153467859532,-2.0554492402396245,24.950490276073296
4.12,-3.7765360683218447,-2.163252356377638,24.374286262724635
4.13,-3.6283269657615165,-2.2857562807358804,23.814174718325397
4.14,-3.5066151094400317,-2.4215621286336724,23.270405058253893
4.15,-3.410254250908173,-2.569386673690478,22.74324173449649
4.16,-3.3368611930370577,-2.7291116567108302,22.233063656927715
4.17,-3.2857084496853384,-2.9007386138819684,21.74019162980817
4.18,-3.2564135766934963,-3.084175064171932,21.26492760976267
4.19,-3.2485941299020147,-3.279328526548777,20.807573553415995
4.2,-3.260701466371674,-3.486854968472023,20.36853759476871
4.21,-3.290564315846044,-3.708586214208153,19.948692185377205
4.22,-3.338559560092209,-3.945340056366807,19.549004051592977
4.23,-3.4051241901528355,-4.197903244993294,19.17043840365308
4.24,-3.4906951970705684,-4.4670625301328535,18.81396045179467
4.25,-3.5957095718880714,-4.753604661830792,18.480535406254802
4.26,-3.720230035759104,-5.05864262934771,18.171149672871714
4.2700000000000005,-3.8627866827405475,-5.384816940916929,17.88756223748743
4.28,-4.02370504071209,-5.733483247096645,17.632433311873154
4.29,-4.203606426686012,-6.105757221908742,17.40847026667986
4.3,-4.403112157674578,-6.502754539375076,17.218380472558547
4.3100000000000005,-4.622843550690081,-6.925590873517541,17.064871300160203
4.32,-4.86346687962711,-7.375450311316515,16.95065881264649
4.33,-5.126443855478102,-7.854332427212449,16.879330030097215
4.34,-5.412145993366321,-8.361587035112823,16.856060147635578
4.3500000000000005,-5.720440731085901,-8.895650914987689,16.886191915356132
4.36,-6.0511955064308935,-9.45496084680695,16.97506808335342
4.37,-6.40427775719543,-10.037953610540654,17.128031401721987
4.38,-6.779554929315282,-10.643065986778634,17.35042462986522
4.39,-7.17817550347548,-11.267630356692408,17.649427593040315
4.4,-7.599665431720983,-11.904068999990482,18.03184797389673
4.41,-8.041480489385403,-12.543455211837282,18.502495617114082
4.42,-8.501076451802462,-13.176862287397402,19.066180367372088
4.43,-8.976870513343204,-13.794508410270009,19.729910218164726
4.44,-9.465626872963709,-14.381638113412006,20.49743798961613
4.45,-9.961066991142943,-14.921702443265762,21.365925738125252
4.46,-10.456973145198116,-15.397930922202402,22.332884420870563
4.47,-10.947858620587219,-15.789211081693876,23.399509995360397
4.48,-11.424649228000167,-16.07705020273655,24.551192417692558
4.49,-11.877190097631294,-16.24473256041759,25.76843986167571
4.5,-12.2950716809866,-16.27261765264232,27.03345758500152
4.51,-12.66743151387876,-16.14120428785059,28.32603998160797
4.5200000000000005,-12.98446603719308,-15.849456289419402,29.612516773090626
4.53,-13.236279479966727,-15.397128152968147,30.858388357174274
4.54,-13.410205495087755,-14.777912170825585,32.03117144387328
4.55,-13.500925757025026,-14.00913600204292,33.1014850612964
4.5600000000000005,-13.50588502936206,-13.116269069418335,34.040128523197986
4.57,-13.418502738336377,-12.119009933201351,34.81821095308713
4.58,-13.240223675786424,-11.047428420633867,35.423311457477425
4.59,-12.976975188363427,-9.938098677377948,35.84814607192809
4.6000000000000005,-12.63085130133167,-8.821838556306675,36.08525752673624
4.61,-12.212669361422616,-7.727642446451043,36.14632096046452
4.62,-11.734345807660373,-6.68491509758756,36.045022571302134
4.63,-11.204968767843043,-5.715090854619951,35.79444173503197
4.64,-10.638096744808964,-4.83073540653152,35.41812448237775
4.65,-10.046816583448912,-4.044864831226593,34.93768276745361
4.66,-9.44185912319086,-3.361614726202886,34.37175669416215
4.67,-8.834007341185467,-2.7779902563838164,33.74173830840719
4.68,-8.233791090148056,-2.291604418880267,33.066893861827786
4.69,-7.6489970487333565,-1.8969742078273817,32.36023251521597
4.7,-7.086014677363476,-1.5850693353709802,31.634736404209594
4.71,-6.550853177139393,-1.3476314569259518,30.900728136089025
4.72,-6.047047482941224,-1.1754145606676758,30.165608056991204
4.73,-5.57769537285666,-1.0595336363934673,29.435804588046192
4.74,-5.144176355713336,-0.9916440790169379,28.71529001292706
4.75,-4.747414731713723,-0.9638287726558716,28.00732544618366
4.76,-4.387437797968338,-0.9696046828262203,27.31379534432616
4.7700000000000005,-4.063537643680677,-1.002869315423525,26.636073358383165
4.78,-3.7747029317688208,-1.0588676860310775,25.97493935385111
4.79,-3.519585438992803,-1.1333638929751377,25.33088063990703
4.8,-3.2964867376085967,-1.2232160598506825,24.703956584126814
4.8100000000000005,-3.1038945079272913,-1.325628072228477,24.09406005020068
4.82,-2.9396237135095826,-1.4387313669822015,23.501212878784724
4.83,-2.802185543776227,-1.5612869440930897,22.925281419618447
4.84,-2.690197569652267,-1.6920796121759818,22.36608341506253
4.8500000000000005,-2.600970017787335,-1.8308512197773963,21.823506088015858
4.86,-2.5333553021017847,-1.977613574324759,21.29750943847022
4.87,-2.4867203769700206,-2.132271665801976,20.7880559696362
4.88,-2.4603190444589877,-2.294781888980363,20.295106116624556
4.89,-2.4508961629188777,-2.466572475326168,19.818676859690143
4.9,-2.4575173751282255,-2.648871645448159,19.359091075648156
4.91,-2.4806191971722313,-2.8424148435213046,18.91673679258053
4.92,-2.5206381451360977,-3.0479375137206195,18.492002038569062
4.93,-2.578010735105026,-3.2661751002211035,18.0852748416956
4.94,-2.653173483164226,-3.4978630471977774,17.696943230041956
4.95,-2.7451307766339674,-3.74470474200937,17.327519497335075
4.96,-2.8521941686714434,-4.00954881151471,16.97823935107487
4.97,-2.9750658390045075,-4.2941062614443775,16.650599556557687
4.98,-3.1144792638303915,-4.600070075162989,16.3460972304755
4.99,-3.27116791934629,-4.929133236035081,16.066229489520357
5.0,-3.4457773073231994,-5.283042416209009,15.812423857493865
5.01,-3.6387467076808937,-5.663775006818751,15.586711778942089
5.0200000000000005,-3.8510149834627216,-6.073145846119157,15.392560991156188
5.03,-4.08357885749172,-6.512942294913587,15.233542297347373
5.04,-4.33743505259098,-6.984951714005504,15.1132265007268
5.05,-4.613633368868163,-7.490991416971541,15.035162158204294
5.0600000000000005,-4.9140182942895505,-8.032668132206036,15.00339350853681
5.07,-5.239489906453245,-8.609493088692522,15.024325544171477
5.08,-5.590531444542679,-9.220528481347483,15.104806826355276
5.09,-5.967626147741257,-9.86483650508736,15.251685916335195
5.1000000000000005,-6.371257255232425,-10.541479354828654,15.47181137535824
5.11,-6.802847383162589,-11.248951548112627,15.773351866468051
5.12,-7.2626351506854725,-11.980514201872111,16.16555581854004
5.13,-7.748730695719902,-12.727079798816819,16.656356930808254
5.14,-8.259236679710003,-13.479557291713991,17.25368210761859
5.15,-8.793126314782452,-14.227911975619978,17.967498545795024
5.16,-9.347386640689358,-14.955226822011467,18.805107355906763
5.17,-9.91561037717437,-15.641582711379398,19.767325184129053
5.18,-10.491598222343775,-16.26661680060581,20.855885499585035
5.19,-11.069607317781799,-16.804447338129915,22.07522304349416
5.2,-11.638534495326802,-17.22931756827578,23.40994017684203
5.21,-12.186266912143594,-17.51627859133312,24.840759441086533
5.22,-12.700550360832338,-17.63492499180884,26.352009587925675
5.23,-13.167959808192848,-17.562426290416028,27.91506804533048
5.24,-13.574553072582214,-17.289773861192582,29.487090742293585
5.25,-13.904632618089662,-16.802029101859,31.026109274148315
5.26,-14.143478291872446,-16.093554428438168,32.49051406962234
5.2700000000000005,-14.28415364449399,-15.191079297998893,33.83537142953693
5.28,-14.318711112802493,-14.120121783137352,35.01540977256845
5.29,-14.23812789265946,-12.904267963555256,35.99554010301004
5.3,-14.04622392381764,-11.590423752534633,36.757803182323016
5.3100000000000005,-13.744178457758457,-10.223938182158445,37.282616011454756
5.32,-13.33899145207608,-8.846858140871976,37.57078465093916
5.33,-12.845193251440206,-7.504452428101939,37.63681657955497
5.34,-12.27304544728865,-6.233920104210524,37.493322608281495
5.3500000000000005,-11.639427587698805,-5.059849247390723,37.16985166472153
5.36,-10.961152493804303,-4.005736432525092,36.69528153263552
5.37,-10.25302210590613,-3.0809136526216863,36.09737961788535
5.38,-9.530923381623753,-2.286770645601997,35.40790695607949
5.39,-8.808996774827222,-1.6232175589917572,34.65220169672415
5.4,-8.098224285844351,-1.0811646758370355,33.85206411814345
5.41,-7.408995654185091,-0.6505868074097614,33.027041125734925
5.42,-6.749168902570739,-0.3193062611093448,32.19133709093712
5.43,-6.12491149046204,-0.07423489904732275,31.356367312222797
5.44,-5.540319248175993,0.09749690760535126,30.5303362834313
5.45,-4.9980732380989945,0.2081093055854401,29.71877151007456
5.46,-4.499367184242955,0.26869945871329914,28.92542849134424
5.47,-4.0444170727992,0.28912973553419624,28.152392624924115
5.48,-3.6323382232750068,0.27785618398591616,27.400816434414025
5.49,-3.26176402937966,0.2421702257752733,26.670899225064964
5.5,-2.930771304897643,0.18807868777621445,25.962484819365404
5.51,-2.637116118115464,0.12045415772719605,25.275025177828894
5.5200000000000005,-2.3784011187051313,0.043085105889794195,24.607834225617534
5.53,-2.1519487543349665,-0.040930280785140036,23.960252809055227
5.54,-1.9553461667020515,-0.12934777874354547,23.331479705143373
5.55,-1.7858334749764597,-0.22045184299098913,22.720695936892017
5.5600000000000005,-1.6411928675865561,-0.31315994468575703,22.12731449446987
5.57,-1.5189144699669015,-0.4068977413656585,21.550582482083232
5.58,-1.4172834069248434,-0.5012555549633928,20.989997632962627
5.59,-1.334503010633138,-0.5959947474090336,20.445093423301067
5.6000000000000005,-1.2680159286779151,-0.6916810411608953,19.915350781329728
5.61,-1.216859303286159,-0.7885099143485456,19.400379588009425
5.62,-1.1802565628920518,-0.886601285521646,18.899804328280894
5.63,-1.15659285119721,-0.9866085871239876,18.41323825068404
5.64,-1.1439727260324928,-1.089875118883655,17.94040041270205
5.65,-1.142309038432136,-1.196987639995886,17.481118613160067
5.66,-1.1515499427359606,-1.308514499092948,17.035221993655348
5.67,-1.171627059053841,-1.4250325872474439,16.60253981415874
5.68,-1.201195150081874,-1.5479341202721049,16.182954722729903
5.69,-1.239648923347446,-1.6787208216270737,15.776483888846826
5.7,-1.2873034343204612,-1.8185146192209718,15.383165101500696
5.71,-1.344473738470835,-1.9684374409624545,15.00303614968259
5.72,-1.4113754619147996,-2.1296253055706247,14.636129152827033
5.73,-1.4876034408022025,-2.3035372844771875,14.282587392913761
5.74,-1.5736946362803121,-2.491930602947478,13.942877000795793
5.75,-1.67041464519891,-2.6965708671435538,13.617502570538532
5.76,-1.7785290644077714,-2.9192236832274565,13.30696869620741
5.7700000000000005,-1.8986199830800201,-3.1614965398118087,13.011753002499963
5.78,-2.031185444983508,-3.4251508526202055,12.732783784058949
5.79,-2.17739526625404,-3.7127499324960156,12.471544385794868
5.8,-2.338450378086013,-4.026889529210239,12.2295342403597
5.8100000000000005,-2.515536858312796,-4.370082257582364,12.008204586299499
5.82,-2.7098197817192204,-4.74418359518763,11.809089482659155
5.83,-2.9228481681388776,-5.152108647090246,11.635273540529692
5.84,-3.156246406754076,-5.597075405449537,11.49011920203
5.8500000000000005,-3.4116408917402388,-6.08229310388623,11.37697931054526
5.86,-3.690900413894494,-6.610086928755022,11.299065799676272
5.87,-3.9960304885558666,-7.182743309701202,11.262193056744366
5.88,-4.328957950735773,-7.803002406196336,11.273193775070014
5.89,-4.69160963544563,-8.473604377711995,11.3389006479737
5.9,-5.086252066717304,-9.196995848937842,11.46612310900757
5.91,-5.515039082025787,-9.972735941543503,11.66451436572338
5.92,-5.9791899584632695,-10.79885509634068,11.946011397349709
5.93,-6.479906269577787,-11.673373348264647,12.32257681779094
5.94,-7.018708649771126,-12.594219242080865,12.80671470935489
5.95,-7.596735434414228,-13.55364120487955,13.413601196857742
5.96,-8.211957225793801,-14.537121093187231,14.157438653393926
5.97,-8.862083706007919,-15.52981584338042,15.052220293170532
5.98,-9.545736163600367,-16.514337684551936,16.115208561934825
5.99,-10.256642396923063,-17.461067804151206,17.35589312234371
6.0,-10.985682582530917,-18.336981990599348,18.77783881436344
6.01,-11.724795465805782,-19.104972850042465,20.390021760883254
6.0200000000000005,-12.460387143945034,-19.720689222055363,22.18241557372795
6.03,-13.174202064532954,-20.14110742848544,24.126570532266484
6.04,-13.847884762842678,-20.316830017029137,26.198031811649546
6.05,-14.460600816895282,-20.206838958261077,28.352310691311907
6.0600000000000005,-14.989851559640794,-19.79087930088297,30.52072217511179
6.07,-15.409934297906947,-19.03713227100315,32.6366340107184
6.08,-15.701911452277239,-17.95763932079055,34.626116554309775
6.09,-15.85141936977611,-16.590257260655942,36.41026088654165
6.1000000000000005,-15.840674337931462,-14.966858470251303,37.91862317722088
6.11,-15.669015072734638,-13.159565638177371,39.10904955778464
6.12,-15.334287304968377,-11.243000438105831,39.941629239854294
6.13,-14.846845708954586,-9.293561667151863,40.41546988739641
6.140000000000001,-14.224201167261395,-7.391985993060038,40.545664519082344
6.15,-13.48377525707146,-5.598171409362704,40.36152258418418
6.16,-12.652329040404705,-3.9622786167196824,39.91351849617519
6.17,-11.752932786135746,-2.516829475414773,39.249254615215015
6.18,-10.812134080528661,-1.2739803793691964,38.42561381161591
6.19,-9.852970781043796,-0.23769350943101686,37.48992663222565
6.2,-8.895934177894956,0.6034465118831058,36.48544307936707
6.21,-7.9587713108901985,1.2656704925360942,35.44678559302651
6.22,-7.0556594587181785,1.7704577614716224,34.40120131228321
6.23,-6.196968128752067,2.141031757555473,33.367830999822395
6.24,-5.390306735234354,2.400168210846769,32.359771289967505
6.25,-4.6404249783253135,2.569784293842659,31.385441726118138
6.26,-3.949087990655778,2.668993978038276,30.448584431928676
6.2700000000000005,-3.316860039056033,2.715033556959988,29.55095559628441
6.28,-2.7422823446574367,2.7219694211780388,28.692084774692965
6.29,-2.2229582459205672,2.7022486094912535,27.87070357822666
6.3,-1.7557400035133484,2.665195533769592,27.08470747083971
6.3100000000000005,-1.336926725601969,2.6192212467387703,26.33175172114153
6.32,-0.9622510775596309,2.5701924246097687,25.609397350816657
6.33,-0.6281521845259246,2.523041825963246,24.915557594502662
6.34,-0.32997453545500294,2.4818355089319457,24.248057168220658
6.3500000000000005,-0.06377064165097812,2.4492640068426708,23.60520691243753
6.36,0.1744776989811157,2.4275990226111013,22.985405786219367
6.37,0.38881989137761763,2.4183497781232655,22.3872542939113
6.38,0.5822166348761336,2.422971742508514,21.80968833122179
6.390000000000001,0.7585511450987128,2.4420415553412154,21.25181531617211
6.4,0.9204495048376258,2.476458206877138,20.712915724640972
6.41,1.0713529243582178,2.5264174220738274,20.192310199795784
6.42,1.2134619045133368,2.5926129237330766,19.689699627162724
6.43,1.348850697873195,2.6757413735947866,19.204792857487544
6.44,1.4805899546493935,2.775639655469525,18.737229763776647
6.45,1.610250515504263,2.893260414577985,18.28718133299636
6.46,1.739185248455488,3.029725038393469,17.854877753249202
6.47,1.8699003301493757,3.1850724254992406,17.440223969046635
6.48,2.004415623119956,3.359839117877426,17.04355353887764
6.49,2.1437535774471095,3.5555149186923067,16.66560226717958
6.5,2.2889366432107523,3.7735896311082104,16.30710595838971
6.51,2.4419639587990134,4.014704217953488,15.968564515685262
6.5200000000000005,2.6051073058409058,4.27963362888108,15.651057399080866
6.53,2.7794218180932755,4.570430439792356,15.356341122823064
6.54,2.9659586267649245,4.889151063534564,15.086173791365619
6.55,3.1658354961074866,5.237779848408676,14.84227213144233
6.5600000000000005,3.381442793457301,5.617025242467401,14.626170577377069
6.57,3.6145327112610164,6.028526005845079,14.441253333895462
6.58,3.8663898694393937,6.474459804889386,14.291396046530686
6.59,4.138298887913177,6.9570043059479625,14.18047436081593
6.6000000000000005,4.431727263802784,7.478260982847615,14.112271257029686
6.61,4.749298460309011,8.038976134663955,14.091104600453836
6.62,5.092238795703543,8.638926495753779,14.123990698800334
6.63,5.46143064935392,9.277893097447732,14.2182984467561
6.640000000000001,5.857756400627715,9.955656971076527,14.381396739008066
6.65,6.28239837941812,10.671979383594277,14.6208711927237
6.66,6.73749424440671,11.423635373214289,14.946340071510674
6.67,7.2222540653292935,12.2027827247218,15.367515241536257
6.68,7.73540696722299,13.00123163887248,15.893935239321857
6.69,8.27592121204518,13.810768852799608,16.535606462567113
6.7,8.843321337201191,14.618951111874651,17.30470009978636
6.71,9.432587680331878,15.405843039645157,18.206543297525425
6.72,10.037849333446639,16.150801086992892,19.245001883295455
6.73,10.654057858553585,16.830743398637225,20.4271631625875
6.74,11.272541181598095,17.41665572850547,21.749479531007708
6.75,11.88130612352502,17.879449825889964,23.197511940240492
6.76,12.468562109156116,18.185660316942037,24.760374625354824
6.7700000000000005,13.02043446699807,18.303917411132492,26.41451067298505
6.78,13.520949460488152,18.214916615906105,28.118106666955534
6.79,13.952919031361313,17.893771054634083,29.830917082704865
6.8,14.299542979493326,17.32516425482356,31.50866133060853
6.8100000000000005,14.549030637898417,16.525552163703495,33.09608203619449
6.82,14.68777125803381,15.508235792553148,34.537796038821604
6.83,14.704307337725853,14.29459611430824,35.78973453702622
6.84,14.598900724615858,12.934748876768168,36.818359140340824
6.8500000000000005,14.366514576698515,11.472971755899803,37.588947956805775
6.86,14.014044300891037,9.961086203542326,38.096308455553036
6.87,13.554082051616573,8.456322577631735,38.34481454902575
6.88,12.995532219603684,7.003734864946345,38.343084349959376
6.890000000000001,12.357366392601337,5.6403724245938704,38.122525110240865
6.9,11.656405807789092,4.400138872016272,37.71112039162598
6.91,10.910548955107481,3.2976041651287176,37.14392364220741
6.92,10.138940509966673,2.3432828659147575,36.45826539985992
6.93,9.357413235309622,1.538709721719824,35.68378695443504
6.94,8.580248145426134,0.8748051905112428,34.850146555198315
6.95,7.8204969668720015,0.342470992811743,33.98175619543121
6.96,7.0880273971650425,-0.0721317250209011,33.097011133880244
6.97,6.39084168918929,-0.3837435292675401,32.210519974054094
6.98,5.734772356645759,-0.6075913007651391,31.333048246835716
6.99,5.123412444003154,-0.7585310791976546,30.471740555703686
7.0,4.5588083250539775,-0.8499890869221083,29.631370893874724
7.01,4.041659221215772,-0.89406222208336,28.814578488504413
7.0200000000000005,3.571389048070024,-0.9012180187847134,28.02264830774912
7.03,3.146544496063066,-0.8803912386241726,27.255712104648754
7.04,2.7650641279191914,-0.8391080225422837,26.51340173012988
7.05,2.4245619573368984,-0.7832736734249067,25.794925862673153
7.0600000000000005,2.1222101219591236,-0.7179477982346172,25.09924865921143
7.07,1.8550764949171907,-0.6468621808083849,24.425353266835927
7.08,1.6203390816352479,-0.5731510807427009,23.772158367934896
7.09,1.4149206472774953,-0.49886526405341236,23.138544889585543
7.1000000000000005,1.2362256704779946,-0.42579370995733723,22.52367627401876
7.11,1.081039359523619,-0.3549022718988652,21.92650596233596
7.12,0.9473067604422081,-0.28708971626937285,21.34627572347087
7.13,0.8326637196062378,-0.22290036547862702,20.782299827895123
7.140000000000001,0.7345529823050607,-0.16211361097161497,20.2339462936206
7.15,0.6516833451042221,-0.10503000977766216,19.70059020663058
7.16,0.5820350699582212,-0.05145309062476431,19.18166737928914
7.17,0.5236129265771134,-0.0007874330385061468,18.67676154207042
7.18,0.47559125190167645,0.04702455102975195,18.185454802025696
7.19,0.436803779254966,0.0922691231611129,17.707292228531045
7.2,0.40556447195147827,0.13576218911413052,17.241795825123077
7.21,0.38134426159143314,0.17773891410162534,16.788645363608776
7.22,0.3636770260499155,0.21840061692844379,16.347529925051624
7.23,0.35148538272927377,0.25852594619578306,15.918148337555952
7.24,0.3441516888269273,0.29871606680546026,15.500213991415443
7.25,0.3414675767897629,0.33926878164837115,15.093440845098998
7.26,0.34310623870711454,0.3805742658788877,14.697524420507307
7.2700000000000005,0.34842293391930407,0.42337495822796906,14.312132881586127
7.28,0.3573508258510365,0.4681016137538887,13.93705384844527
7.29,0.36989136906426545,0.515139098594369,13.572087135613588
7.3,0.3859216923012334,0.5649326680224385,13.216979643188028
7.3100000000000005,0.40514613403326627,0.6181616327011444,12.871403032413598
7.32,0.4277737056239853,0.6754297022078977,12.535241841974981
7.33,0.4540502776947654,0.737328862894648,12.208396228379838
7.34,0.484201099182564,0.8044477535616402,11.890754596560459
7.3500000000000005,0.5181432652234987,0.8774039876338365,11.582028243276836
7.36,0.5560838467199044,0.9570456348359636,11.282090225324955
7.37,0.5983673019328741,1.0442674590040306,10.990891427939948
7.38,0.6453334245927781,1.1399497836005932,10.708376182072024
7.390000000000001,0.6972775300114092,1.2447543857263008,10.434391053980843
7.4,0.7547215924975319,1.3598393830203965,10.169011525131756
7.41,0.818260082238103,1.4865565876634108,9.912401536071004
7.42,0.8884822677133727,1.6262313362711236,9.664714532000952
7.43,0.9659441612772032,1.7798611569706373,9.425972292509098
7.44,1.0514193820933506,1.9491690123564733,9.196480032652246
7.45,1.1457430710230894,2.136137554604865,8.976645333873684
7.46,1.249742018060004,2.3426475807560547,8.76686218675331
7.47,1.3643588938649034,2.5702052725235123,8.567671404838338
7.48,1.490874830168572,2.8213877243248304,8.380093217530424
7.49,1.630607775812073,3.0989638299473823,8.205201763413198
7.5,1.7848007578931917,3.4054470073124152,8.043995159420492
7.51,1.9548097174156012,3.7432786222386154,7.897928499466981
7.5200000000000005,2.1425204655285977,4.116199674391467,7.769374458514027
7.53,2.349847542813315,4.5280314347457065,7.660748117080724
7.54,2.5785844809040332,4.981939807042781,7.574282981062353
7.55,2.830870127198516,5.481539487550184,7.51385415649735
7.5600000000000005,3.1092065941163147,6.031588083654289,7.48453349219967
7.57,3.416088499997585,6.6367899980816745,7.49134328219241
7.58,3.75399421852826,7.3005809968515205,7.5395329203970025
7.59,4.125864794434821,8.026725464311225,7.638083681174124
7.6000000000000005,4.534761452095367,8.819404306833189,7.796851858393912
7.61,4.983733672989664,9.682582450722869,8.025623535651233
7.62,5.475577602474648,10.617324147947675,8.336953670040677
7.63,6.012854939682835,11.622628875094348,8.7474687097027
7.640000000000001,6.5981364397212445,12.697473569558234,9.274027582538794
7.65,7.234082696377175,13.838591716436863,9.935522964269106
7.66,7.920610571836871,15.032448276525699,10.753977076386219
7.67,8.65670420873777,16.26312773853081,11.75155660787304
7.68,9.44234233010497,17.512832504807456,12.953892320636285
7.69,10.272101637782544,18.74635884448287,14.381520046950557
7.7,11.136449010504347,19.921268260898266,16.048116072782385
7.71,12.026451287383537,20.99045033610365,17.971116273400916
7.72,12.926087731188343,21.891131815092105,20.14739973276732
7.73,13.81399241118688,22.55687024411551,22.556177521730937
7.74,14.667002873927562,22.910743968345486,25.174399859737168
7.75,15.454507149618385,22.894394212925672,27.92891523407252
7.76,16.14343094569634,22.446067564513807,30.739969025886918
7.7700000000000005,16.70064286053189,21.530058225741726,33.50946332423386
7.78,17.09645142984499,20.160364033810907,36.113491647466915
7.79,17.29881511618514,18.351519199499812,38.435280603931815
7.8,17.294937655380046,16.191647202110634,40.37796528579923
7.8100000000000005,17.070269741711545,13.773347481494753,41.853406984826876
7.82,16.631480068708676,11.21964657294522,42.83034059967044
7.83,15.988124479277738,8.654613200688976,43.295886335023134
7.84,15.168193200920374,6.189668376088679,43.29438928858788
7.8500000000000005,14.200198557437552,3.920180153095748,42.881767016434495
7.86,13.121666874816725,1.905264418959356,42.14285605153701
7.87,11.968025081754641,0.18272780940450195,41.159240631100815
7.88,10.775235794817961,-1.244329938799531,40.014546935432456
7.890000000000001,9.574426939566365,-2.3853379946451705,38.777805476972055
7.9,8.392140809897409,-3.2684282998128795,37.506329314786726
7.91,7.249333659552019,-3.9263604463089234,36.2411214934667
7.92,6.162464886331186,-4.396168078080442,35.01237937615049
7.930000000000001,5.14152805483937,-4.7137805429539315,33.837068635550395
7.94,4.193862095559149,-4.912370650417428,32.72556321294465
7.95,3.3216644035662375,-5.0207242622360155,31.680510345242467
7.96,2.525537085378038,-5.064023752895856,30.701767563116885
7.97,1.8031148339831269,-5.062100453703508,29.78594945606582
7.98,1.1508565232491992,-5.032316947126938,28.928605763354188
7.99,0.5641974988949627,-4.986906754732546,28.124974158882296
8.0,0.03816497633951904,-4.936901888685979,27.370330072776536
8.01,-0.433381369690063,-4.890000676028518,26.65973011098443
8.02,-0.8557843385199505,-4.852324156991716,25.98928275224353
8.03,-1.2352152700026302,-4.828442726695565,25.355300007997776
8.040000000000001,-1.5768806359289251,-4.821857235373593,24.755025465972665
8.05,-1.8869609863594825,-4.834743847738586,24.185941890948733
8.06,-2.1695720327733414,-4.86898932236298,23.646573614670853
8.07,-2.4296502219127483,-4.925963033484835,23.13533085403338
8.08,-2.6724971106219826,-5.006059807188116,22.65113326069689
8.09,-2.9007466008446827,-5.110382704356706,22.193888426664405
8.1,-3.1176910046071002,-5.239682494712583,21.763341087074885
8.11,-3.3288467491688865,-5.393203838794513,21.359042435198422
8.120000000000001,-3.5362206653666415,-5.571555950077637,20.98192526528209
8.13,-3.7413538413689684,-5.77556486982016,20.63306770782268
8.14,-3.9464298420474924,-6.005744275398516,20.313369901339946
8.15,-4.15689396389472,-6.260741431642382,20.02318984602545
8.16,-4.374146630255609,-6.540713120099062,19.76459494259867
8.17,-4.598763928341304,-6.8461814931633205,19.539926585194547
8.18,-4.831321945362948,-7.177668703229925,19.351526167948027
8.19,-5.072617613057349,-7.535649643646172,19.201707715107297
8.2,-5.3275164166692575,-7.919112706727891,19.092605754805255
8.21,-5.59751350244402,-8.326266332558953,19.02756405194284
8.22,-5.882213125925498,-8.755510534783223,19.010273058445936
8.23,-6.181219542657697,-9.205245327044782,19.044423226240404
8.24,-6.494137008184575,-9.67387072298764,19.133705007252107
8.25,-6.820844059174597,-10.159729057021456,19.28193937748672
8.26,-7.164125152440956,-10.658986211851158,19.49427889722139
8.27,-7.5231762061838365,-11.165202393724613,19.774058350102486
8.28,-7.8959132143329,-11.671805881474492,20.123990294923324
8.290000000000001,-8.28025217081788,-12.172224953933554,20.546787290477294
8.3,-8.675131386858194,-12.659179069952591,21.046874035437295
8.31,-9.078620807828258,-13.122172282953368,21.62649249610683
8.32,-9.485870024869927,-13.549901576714372,22.282453375315256
8.33,-9.89198792138911,-13.931068000556882,23.011494590203725
8.34,-10.29284624575444,-14.252065513328093,23.813276597807498
8.35,-10.68324667283176,-14.498806939384188,24.68193670769028
8.36,-11.055898757420485,-14.661042404597497,25.602643743155106
8.370000000000001,-11.40349674964148,-14.728556633238542,26.56050341930295
8.38,-11.718126689858487,-14.686521053069177,27.543097145617367
8.39,-11.992460722037508,-14.526976161815915,28.533244061376703
8.4,-12.220404207841467,-14.2527737549294,29.507314448152904
8.41,-12.395817352116062,-13.866680076480614,30.441659279028233
8.42,-12.510069745348522,-13.365976384447833,31.31390435976704
8.43,-12.559775403213477,-12.761960629835293,32.105981248055436
8.44,-12.54464445744303,-12.073618919519,32.80070089278894
8.45,-12.462094498356537,-11.317266420513928,33.379322515765026
8.46,-12.310108302813234,-10.5084616167744,33.829877107972955
8.47,-12.094955228378,-9.671138586382721,34.15177781721505
8.48,-11.822598584907944,-8.82919146089823,34.34402700201252
8.49,-11.495507170739092,-8.001147526152538,34.404423282194365
8.5,-11.12203934440915,-7.2027221436990825,34.34360634968022
8.51,-10.711743154438281,-6.449946363150083,34.17401504509249
8.52,-10.271626536434173,-5.756505624072184,33.90398695281815
8.53,-9.81016232737336,-5.127830131947086,33.547800854892834
8.540000000000001,-9.336562835348381,-4.568213813433024,33.12153374771711
8.55,-8.859462980833994,-4.082809204585941,32.63735201623432
8.56,-8.385135384890459,-3.6696347620168828,32.10629224542956
8.57,-7.919367065842637,-3.3243452600648373,31.540411800799646
8.58,-7.468047462094097,-3.0428423035452337,30.95139983104061
8.59,-7.036514218427704,-2.8218961030938785,30.34663883216723
8.6,-6.627521363444851,-2.655758851477343,29.732188655245096
8.61,-6.243576788423453,-2.5383045257261143,29.11430705440553
8.620000000000001,-5.887375150645317,-2.464437971562376,28.49782395927574
8.63,-5.559896583571837,-2.4292088725770458,27.885843696799984
8.64,-5.261743635569338,-2.4275264387029085,27.281377621357876
8.65,-4.993280640257753,-2.4551282809755874,26.68697687180622
8.66,-4.754154096177532,-2.508636175322861,26.10404256596539
8.67,-4.543884876393588,-2.584654498597145,25.53380343801841
8.68,-4.3616887676494915,-2.6804124941039595,24.977475267840916
8.69,-4.206685052681174,-2.794222898939116,24.43587826570733
8.700000000000001,-4.078138597126925,-2.9244426604234652,23.909687514577744
8.71,-3.9750751576462644,-3.0695447463197367,23.39959546538354
8.72,-3.8955505011252254,-3.2290544714332,22.906313901081987
8.73,-3.839010498193325,-3.4027067212470907,22.43037593164743
8.74,-3.8051343775580375,-3.590183689142383,21.97229239615882
8.75,-3.7936013679268377,-3.7911675685000525,21.532574133695114
8.76,-3.802976010448502,-4.006111761533762,21.111896681560722
8.77,-3.8308880682248434,-4.236797212189728,20.7115028769358
8.78,-3.8776781761938324,-4.483725365324636,20.332610769943628
8.790000000000001,-3.943780127884411,-4.747343456078344,19.976431103561794
8.8,-4.029627716825483,-5.028098719590566,19.64417462076808
8.81,-4.135654736545988,-5.3264383910011555,19.337052064540075
8.82,-4.262294980574854,-5.642809705449922,19.05627417785543
8.83,-4.409564923264399,-5.978372834136746,18.80319623938853
8.84,-4.576133831464845,-6.336280041227293,18.580497652925736
8.85,-4.762079945670925,-6.716883819629474,18.391458162628147
8.86,-4.967654977859488,-7.1202215409957015,18.23934944161396
8.870000000000001,-5.193110640007426,-7.546330576978469,18.127443163001356
8.88,-5.4386986440915095,-7.995248299230038,18.05901099990858
8.89,-5.704670702088625,-8.467012079402899,18.037324625453806
8.9,-5.991424376948829,-8.961760115370925,18.065891072350965
8.91,-6.299970073368851,-9.478952223770207,18.15033302149458
8.92,-6.629632361703569,-10.014919401069942,18.295560085361895
8.93,-6.979407024678656,-10.56558860817258,18.506132014569083
8.94,-7.34828984501978,-11.126886805980575,18.78660855973231
8.950000000000001,-7.735759209042617,-11.694700183928257,19.142409860250492
8.96,-8.141496445653463,-12.262062662209688,19.57999208645892
8.97,-8.562135936703498,-12.81879645649206,20.101204286070384
8.98,-8.994073921362054,-13.354591014831602,20.7075073025672
8.99,-9.434180154666885,-13.85863102666318,21.401839043371314
9.0,-9.879590798911629,-14.316512233032492,22.188179578920877
9.01,-10.323455691945101,-14.71352971038259,23.058364906350718
9.02,-10.758524528805623,-15.035147368231938,24.002999299857155
9.03,-11.177647672667112,-15.265572640352675,25.013917846709283
9.040000000000001,-11.57357956236743,-15.38561434769284,26.083515974634636
9.05,-11.937665663386912,-15.386569122633263,27.189639147772024
9.06,-12.261089475688086,-15.261254658361795,28.308341308267394
9.07,-12.533571906372858,-14.997293037798238,29.417081738077844
9.08,-12.746034016798587,-14.589650817701331,30.492421660619605
9.09,-12.893911391940783,-14.051723841793176,31.50678257027733
9.1,-12.97263925963158,-13.39707500365929,32.43249017284376
9.11,-12.974266924693472,-12.633589099690344,33.24380495994879
9.120000000000001,-12.897979448104943,-11.782129361995226,33.92595284412071
9.13,-12.74690776918289,-10.870605053095677,34.46688876641119
9.14,-12.520120811458916,-9.922564215083089,34.85231579810446
9.15,-12.223199064187764,-8.962273103119895,35.08350443867784
9.16,-11.865746859985638,-8.01626115410191,35.16794338876264
9.17,-11.4538979885379,-7.1081064927358435,35.10953747302915
9.18,-10.996825384109236,-6.2531196982559365,34.92183871031772
9.19,-10.506219216246429,-5.465299017673571,34.6230398537736
9.200000000000001,-9.991577330847036,-4.757307366716354,34.226863177783564
9.21,-9.46217840431366,-4.131733594263749,33.74988973192457
9.22,-8.927809104525306,-3.5890838515022288,33.21048245697903
9.23,-8.397648028349597,-3.1304915072275517,32.62325583777756
9.24,-7.878112707047266,-2.7514515009632903,31.99979530397718
9.25,-7.3749984173469025,-2.445417006915242,31.352256624543934
9.26,-6.894321568375443,-2.2067806406180974,30.69086606844229
9.27,-6.439662414595941,-2.0288677638813657,30.022215034991728
9.28,-6.013594579856081,-1.9041037971405692,29.352629620110307
9.290000000000001,-5.618751327307569,-1.8261401623928406,28.68714551845629
9.3,-5.255917391263876,-1.788732319750484,28.02897488942788
9.31,-4.925591102295034,-1.7857317399578991,27.38106539427537
9.32,-4.6278826256761025,-1.8124161941933394,26.745274196844573
9.33,-4.362300732661731,-1.86439615856267,26.122914868404383
9.34,-4.127952327951276,-1.9377909294094098,25.51515084824901
9.35,-3.923690909681554,-2.0299070850783743,24.922544498286896
9.36,-3.7485239259966345,-2.1381831888362868,24.345510738388523
9.370000000000001,-3.600721677333509,-2.2607083533657963,23.78454388080331
9.38,-3.4789554702918797,-2.396469226220617,23.239967164339873
9.39,-3.3824355980188923,-2.544432360442587,22.711999222631096
9.4,-3.3101011854842373,-2.703707929631434,22.20087837205643
9.41,-3.2593333649230907,-2.8747570415850126,21.707034192530053
9.42,-3.229511112247868,-3.0578901496268873,21.230886184320063
9.43,-3.220467160764078,-3.2532549417856833,20.772832444380263
9.44,-3.2320342437772274,-3.4609991060900236,20.333271069664466
9.450000000000001,-3.263896033153514,-3.681366020984913,19.912609710679103
9.46,-3.313716543023141,-3.916259524509764,19.511630416614743
9.47,-3.3810990144618223,-4.167160607520277,19.131544248733544
9.48,-3.4665067708288357,-4.435103472777403,18.77357804920633
9.49,-3.570403135483461,-4.721122323042092,18.438958660203916
9.5,-3.6932514317849767,-5.026251361075295,18.128912923897126
9.51,-3.835429147264947,-5.351611136533405,17.844661373797283
9.52,-3.9962322279462583,-5.699449537290257,17.587892474976304
9.53,-4.175883483803918,-6.071168080650853,17.36155915894778
9.540000000000001,-4.375012698186447,-6.467769416125004,17.168790712788955
9.55,-4.594249654442265,-6.890256193222312,17.012716423577164
9.56,-4.834224135919891,-7.339631061452582,16.896465578389638
9.57,-5.095634112165093,-7.816980341080292,16.823203802369463
9.58,-5.3797637730004695,-8.323520407775401,16.797240941724684
9.59,-5.686827209335258,-8.857908508192896,16.824075371844085
9.6,-6.016718195877572,-9.418263282502668,16.909240212669825
9.61,-6.369330507335528,-10.002703370874615,17.05826858414407
9.620000000000001,-6.744557918417311,-10.609347413478737,17.27669360620903
9.63,-7.1433100227370705,-11.235760891386219,17.57152705903904
9.64,-7.565160303976649,-11.874909442044634,17.949686398856556
9.65,-8.007650782036851,-12.517873793714797,18.416171032318612
9.66,-8.46832108330656,-13.155733757212195,18.975977653442914
9.67,-8.945461077160875,-13.77880419991692,19.635949780957617
9.68,-9.43601315679232,-14.372450345008108,20.40046397348313
9.69,-9.933783023785152,-14.920080056107711,21.266868424449807
9.700000000000001,-10.432568831494072,-15.40495749869498,22.23263514437212
9.71,-10.926886841278359,-15.805961368512039,23.299371739540767
9.72,-11.407773384495773,-16.10399926611317,24.453252602611947
9.73,-11.86502340746172,-16.282044545377225,25.674625006119435
9.74,-12.288203748128238,-16.32053536228922,26.945426658234716
9.75,-12.666312052649076,-16.199107358362944,28.24616404880545
9.76,-12.989390092115167,-15.916130943366095,29.543093069203586
9.77,-13.247462340122024,-15.471226597667064,30.801343817858413
9.78,-13.427799740342909,-14.857485985169705,31.98792576558786
9.790000000000001,-13.52464071243019,-14.091479410847295,33.073057533422975
9.8,-13.535217863645034,-13.198959118605238,34.02720537864421
9.81,-13.452906607718216,-12.199637720071847,34.8206872486509
9.82,-13.278766641893569,-11.12327834169715,35.44016472841858
9.83,-13.01871909374071,-10.006983135195082,35.87814362993196
9.84,-12.674759556374303,-8.88203844411838,36.12651707053206
9.85,-12.25756983418284,-7.777907187045507,36.196793060451945
9.86,-11.779152584495327,-6.724524881847554,36.10277909685991
9.870000000000001,-11.248714689045121,-5.743846673371151,35.85719717700021
9.88,-10.67990932659008,-4.848918377179122,35.48393891489586
9.89,-10.085950609664915,-4.053063988028449,35.00493434869135
9.9,-9.477672413389223,-3.3605682488445754,34.43897855721186
9.91,-8.865931392152788,-2.7687343884942504,33.8077784779004
9.92,-8.261459922575938,-2.2754092299657045,33.13079754834854
9.93,-7.672238010962129,-1.8748496727728976,32.42136337481172
9.94,-7.104680475921422,-1.557878305431321,31.69279793152336
9.950000000000001,-6.564985902460733,-1.3163864956905056,30.955502218738204
9.96,-6.056633791964769,-1.1408319921481223,30.217097998656527
9.97,-5.582879096801246,-1.0222079199741125,29.484038885524082
9.98,-5.1452729647264475,-0.9521242018348172,28.760239644033312
9.99,-4.744622143727096,-0.9226316308807234,28.049111135090754
10.0,-4.380887944543335,-0.9269617820808791,27.35255990665703
10.01,-4.053541907209347,-0.9589601626431309,26.672005880666397
10.02,-3.761501690819683,-1.013854091808596,26.00810985336593
10.03,-3.503338649757062,-1.0872521516950846,25.36123925165399
10.040000000000001,-3.2774312548220523,-1.1759447575467699,24.73165546663144
10.05,-3.082207478215106,-1.2771749910110104,24.119350776640765
10.06,-2.9154318592290314,-1.3891347293143514,23.524136031885
10.07,-2.7756502428913232,-1.510334434444703,22.945808350781245
10.08,-2.661119228024364,-1.63953201988928,22.384197953651313
10.09,-2.5694610871757795,-1.776670945206148,21.839234632933838
10.1,-2.4998055393451812,-1.921524142140358,21.31081165615152
10.11,-2.4513992134033202,-2.0738168849622802,20.798816855060405
10.120000000000001,-2.422329814237778,-2.2339231993537267,20.303203677674905
10.13,-2.4099971260249173,-2.403383728377111,19.824185666113614
10.14,-2.41454882563919,-2.5828543713356433,19.362005697367902
10.15,-2.4362098709634576,-2.772957229886755,18.916904950702154
10.16,-2.475205219880584,-2.9743144056878768,18.489124605380752
10.17,-2.531759830273431,-3.18754800039644,18.07890584066808
10.18,-2.6045181193596516,-3.4143239745705287,17.686635546538422
10.19,-2.6921470990108016,-3.657106534014318,17.313320924152695
10.200000000000001,-2.7952606273359746,-3.917523850721002,16.96013392991201
10.21,-2.9144746799433334,-4.197202951299752,16.62824651873057
10.22,-3.050405232441096,-4.497770862359872,16.31883064552238
10.23,-3.2034750754514763,-4.820910414186654,16.032975411837544
10.24,-3.3737801712996958,-5.168587732973327,15.772362644139058
10.25,-3.5622367089823546,-5.54275474163435,15.539890147497415
10.26,-3.769829131108634,-5.945352659704381,15.338519968469814
10.27,-3.997541880287714,-6.378322706718075,15.171214153613452
10.28,-4.2464073261303,-6.843622436354967,15.040876718033969
10.290000000000001,-4.517913010313619,-7.342897257767264,14.95073940035887
10.3,-4.813035022580157,-7.8766620187739615,14.90645176425974
10.31,-5.132576757087243,-8.44526617569016,14.914072851494733
10.32,-5.477341607992163,-9.049059184830872,14.979661703822016
10.33,-5.848144281735801,-9.68839509792331,15.109283307150651
10.34,-6.2468749305465545,-10.362919743435725,15.310207005730202
10.35,-6.673862172242691,-11.067852582080825,15.590998518513228
10.36,-7.128211734825403,-11.797138788793955,15.960015029573615
10.370000000000001,-7.6090293462959675,-12.544723538510596,16.425613722985336
10.38,-8.116108602128028,-13.304112839307413,16.99758036113108
10.39,-8.648172466148019,-14.062574307648752,17.68553975754364
10.4,-9.200550390647642,-14.803192653567399,18.49396099316119
10.41,-9.768498505717837,-15.50896660005944,19.427244366733866
10.42,-10.347989527999152,-16.15960118161395,20.493120860085188
10.43,-10.930659976831846,-16.72995648123473,21.686664695439607
10.44,-11.506361632296485,-17.19476858204676,22.997174731581218
10.450000000000001,-12.065218316595915,-17.524232778291676,24.417832177961998
10.46,-12.594895913597421,-17.691059162595167,25.928153038926673
10.47,-13.081105595925356,-17.676589961969242,27.493098398095327
10.48,-13.508722414801204,-17.45744754543224,29.07931042463174
10.49,-13.862578998678924,-17.016074245188427,30.649883566665316
10.5,-14.131374142044042,-16.363428353239982,32.1560294423341
10.51,-14.302773816112623,-15.508896527327696,33.54847213093052
10.52,-14.364338120555244,-14.463779432326932,34.785240176660686
10.53,-14.314859180612064,-13.268903297517998,35.833993346087794
10.540000000000001,-14.150259358707313,-11.963313456561306,36.66058336172732
10.55,-13.871144350164538,-10.587857604906766,37.24959670261888
10.56,-13.489467245162501,-9.193948560805895,37.603605457766164
10.57,-13.01198864491193,-7.826503570644197,37.72241366124281
10.58,-12.452570708064487,-6.520045481471009,37.62690385438868
10.59,-11.828056847823198,-5.308417726835261,37.343364152726885
10.6,-11.152680825194713,-4.213623076088803,36.89677726965197
10.61,-10.444070131038213,-3.245847567096665,36.32125261624739
10.620000000000001,-9.718634587417034,-2.4151433456338722,35.6458539159101
10.63,-8.98927869597363,-1.716819925459636,34.896037508866684
10.64,-8.268406407653108,-1.1420642041189442,34.09789488389176
10.65,-7.567402518142425,-0.6828138359432527,33.271394263238086
10.66,-6.894287156179466,-0.326712008580033,32.431452501173176
10.67,-6.25580309604407,-0.06087738010013362,31.59029871700544
10.68,-5.656586743016712,0.1279579962245545,30.756810865049218
10.69,-5.0996601207386565,0.2524309774375788,29.937185732807436
10.700000000000001,-4.586490413122402,0.3241716166313172,29.1354423704003
10.71,-4.117435264784905,0.35340642417690277,28.35408798166957
10.72,-3.6919477171883135,0.348999016037093,27.59433056567913
10.73,-3.308721610518398,0.3187358471081324,26.856599405167373
10.74,-2.9658350124512385,0.26882171328721083,26.140783913532164
10.75,-2.66106069526302,0.20449468446881267,25.446312991014192
10.76,-2.3918513906152428,0.13003404289406822,24.772608265563075
10.77,-2.155723288809042,0.048463917496580036,24.118679251393342
10.78,-1.9501164206129573,-0.03762499371891208,23.483916417400213
10.790000000000001,-1.7723524678655793,-0.12642285048587393,22.86750482367433
10.8,-1.6199644929893302,-0.21666540355997432,22.268583368652312
10.81,-1.4907133560223198,-0.30761064320163545,21.68657267887021
10.82,-1.3822615742315467,-0.3988427605209558,21.12086417949652
10.83,-1.2924408512228305,-0.49031579194383046,20.57088644000101
10.84,-1.220071947549009,-0.5819123777326438,20.036192284159497
10.85,-1.163486435891548,-0.6737759895111727,19.516304420101413
10.86,-1.1201702275474956,-0.7668614006974502,19.010755719841775
10.870000000000001,-1.0896089482294284,-0.8615189813881794,18.51928244900627
10.88,-1.0714408103845459,-0.9580361804580749,18.041633484940817
10.89,-1.0650110577352263,-1.0568757890743696,17.577538600819892
10.9,-1.0679667821273833,-1.1597787101409984,17.126649855537927
10.91,-1.0800531959325088,-1.2676806559460296,16.68881295731798
10.92,-1.1014957057119756,-1.3812682693283727,16.26390976216246
10.93,-1.1325197180271565,-1.5012281931269371,15.851822126073767
10.94,-1.173318533093417,-1.628262373736181,15.452433136852543
10.950000000000001,-1.2228450103892723,-1.763854347822396,15.065740846726841
10.96,-1.2808463013037592,-1.909650489148638,14.691904491724673
10.97,-1.3477963228725895,-2.067043998620037,14.331088430182607
10.98,-1.4241689921314669,-2.237428077141699,13.983457020437285
10.99,-1.5103022111325304,-2.422144416826033,13.649166446114597
11.0,-1.606409900292661,-2.6227017585916608,13.328616101841277
11.01,-1.7133237361974936,-2.8410833186684807,13.022524248858357
11.02,-1.8319174099903506,-3.079296890853604,12.73162182497463
11.03,-1.963054791312819,-3.339330001743019,12.456628879695648
11.040000000000001,-2.107450517646304,-3.6228255898447004,12.198274712101394
11.05,-2.2662943401513056,-3.932310251125796,11.958276703639484
11.06,-2.44095585413321,-4.27066648264172,11.738624166941618
11.07,-2.6328046548973796,-4.640776781447837,11.541306414639541
11.08,-2.8431316824025035,-5.044921388066744,11.368048335327371
11.09,-3.073525231349063,-5.485466052024108,11.221846036862427
11.1,-3.325887820431635,-5.965796605770169,11.106923742830954
11.11,-3.602123257415074,-6.489304542204484,11.027510532151888
11.120000000000001,-3.9041653414400246,-7.059046549623035,10.987613061576276
11.13,-4.234040992172365,-7.676905074458876,10.992897463010047
11.14,-4.593742249521834,-8.34501685503582,11.051645246027093
11.15,-4.985257704697796,-9.065553542395474,11.172226065309783
11.16,-5.410759183214408,-9.840707303557807,11.362967624484858
11.17,-5.872774405951802,-10.67024051729154,11.633979030280054
11.18,-6.372173138564194,-11.549973838830116,11.998582249872042
11.19,-6.909605249252044,-12.475445770943427,12.470343855357944
11.200000000000001,-7.485911269409385,-13.442208580347295,13.063158577172993
11.21,-8.102140243246367,-14.440917795106879,13.79365344958767
11.22,-8.755268330116712,-15.452594995543151,14.675958636306794
11.23,-9.441547665430264,-16.457277672170076,15.723408418843015
11.24,-10.15801012768117,-17.432291370505332,16.952856853412083
11.25,-10.896526840890598,-18.3426625904804,18.37097773984898
11.26,-11.645590963477748,-19.149975024306347,19.975784777968506
11.27,-12.394451493943478,-19.809977322318204,21.770984510868235
11.28,-13.126151277819279,-20.275669664961185,23.73465233719075
11.290000000000001,-13.820139615587532,-20.50390848451894,25.82776289769762
11.3,-14.45511217412465,-20.442284431792054,28.0154168523484
11.31,-15.008537887125861,-20.062831451090208,30.23520821615161
11.32,-15.457383107284047,-19.353685501069886,32.409457453880776
11.33,-15.774807655358348,-18.29539523808853,34.462764251343444
11.34,-15.947060068116965,-16.928593262035715,36.31978370342354
11.35,-15.962022598922385,-15.304550164257302,37.90448284732554
11.36,-15.807989910781494,-13.474811061476128,39.16069861119776
11.370000000000001,-15.490589557483037,-11.524621185303575,40.06088227513982
11.38,-15.012612871395996,-9.532423225902281,40.58488037772246
11.39,-14.394071177351188,-7.577168296435615,40.75569508520258
11.4,-13.65305266525302,-5.730664475755847,40.5990916384333
11.41,-12.814770044224778,-4.039795317615272,40.1652440605126
11.42,-11.905322236851891,-2.544544997444909,39.50678819774833
11.43,-10.950000535318827,-1.257450277230506,38.678246207545314
11.44,-9.974177622653357,-0.18183644339695304,37.73359266545323
11.450000000000001,-8.998625807533267,0.6912787848389155,36.715790326832895
11.46,-8.042109771403759,1.3788486862155735,35.66190478795582
11.47,-7.119336642013611,1.9031764936615456,34.6004523245226
11.48,-6.241332568960915,2.288274647924224,33.551505302581724
11.49,-5.416125290870945,2.557961037800695,32.5291753360729
11.5,-4.648272592279955,2.7347620190840756,31.54181455907624
11.51,-3.940442714799189,2.838757878969776,30.593724638163575
11.52,-3.2926060896520255,2.8878889869519324,29.686593579091436
11.53,-2.7037578153046713,2.8967678065185067,28.819967053216835
11.540000000000001,-2.171435084106638,2.878091974790728,27.992183323827746
11.55,-1.6922707972967013,2.8419446439190166,27.20105705200034
11.56,-1.2627525508166833,2.7965278519404557,26.44428746975511
11.57,-0.8783243138540586,2.7484954908322323,25.71904463242717
11.58,-0.5349182933971055,2.7026146419489634,25.02311818438371
11.59,-0.22864806975838503,2.6633364080250495,24.354559581947566
11.6,0.045267967324622294,2.6333222990955196,23.71131303679889
11.61,0.29065709612243096,2.6149538148634597,23.091712688464025
11.620000000000001,0.5116195599626407,2.6097672053611314,22.49439876975781
11.63,0.7117356714324296,2.6191837369005424,21.918195254907403
11.64,0.8946010810226515,2.643976288644629,21.362207730822
11.65,1.0630566510631674,2.6850726591645766,20.82577059384206
11.66,1.2206596592803918,2.74267487405273,20.308187176087102
11.67,1.3695237881245068,2.817569145554826,19.80922175949733
11.68,1.5119679499467824,2.9103276866259518,19.32860551549899
11.69,1.6510983341816927,3.0208530591229783,18.866063062216647
11.700000000000001,1.788463849272988,3.150202082019957,18.42182187241041
11.71,1.9255120114593087,3.2995062832825695,17.99613569134274
11.72,2.0650089664173077,3.468717067471009,17.588998687004796
11.73,2.208919888784269,3.6585665464581636,17.20098048188741
11.74,2.358254346718768,3.8706647629736333,16.832987294761836
11.75,2.514021908379381,4.10662175974702,16.485925344399327
11.76,2.6783456323279458,4.36702432619879,16.16037192217884
11.77,2.8536695748611955,4.6524508566431795,15.857565990845476
11.78,3.0410366947608822,4.964938595001218,15.579612563972503
11.790000000000001,3.2414849771783554,5.306529656514326,15.328618918234433
11.8,3.4560864767021497,5.6792381073383105,15.106671813473541
11.81,3.6873421756384315,6.08385718405605,14.915553426278144
11.82,3.9371531179622195,6.52154732945971,14.75899365206867
11.83,4.206674958694405,6.994060754387408,14.641445495182325
11.84,4.497063352855881,7.503149669677258,14.567361959956322
11.85,4.809527939475763,8.050569333935735,14.54117653057309
11.86,5.146889818842468,8.637304704889914,14.567507824919188
11.870000000000001,5.510492756423901,9.261892128280989,14.65361721770961
11.88,5.900676209144363,9.922420933262472,14.807477197481933
11.89,6.317779633928348,10.616980448988205,15.037060252773772
11.9,6.762144523927741,11.343660282242837,15.350340659132096
11.91,7.2354313771407925,12.099061585838204,15.756942212756664
11.92,7.737134732953631,12.873256710162348,16.266425994907284
11.93,8.264689776954373,13.65458325102534,16.88697453262999
11.94,8.815574340717236,14.431373986322374,17.626870319349784
11.950000000000001,9.388242974893519,15.189144106394782,18.497219169990448
11.96,9.97687886382883,15.905925103377584,19.500685130152316
11.97,10.573868492011819,16.558523438359387,20.636002170509585
11.98,11.172250988401277,17.12112968927702,21.905460750263803
11.99,11.762480339617918,17.563790898162537,23.3020992636234
12.0,12.331158094543358,17.86022603372804,24.801886064111432
12.01,12.864721651996087,17.982315749756513,26.381796241208107
12.02,13.348677763542653,17.898160192419752,28.017772087984042
12.030000000000001,13.768453206424825,17.598892629184938,29.664290001906295
12.040000000000001,14.108934952620599,17.077075513286427,31.273164026675683
12.05,14.352017019954037,16.319074213160523,32.79812893719289
12.06,14.489880430146435,15.351907174143367,34.19345511494272
12.07,14.516760759046749,14.210423238597958,35.41310826569671
12.08,14.422718772128405,12.921433948164125,36.41572756191751
12.09,14.210328076282526,11.531428119697068,37.18367369475801
12.1,13.884409294173945,10.092848539917448,37.70203909264535
12.11,13.450148869938637,8.650309783346795,37.96835376093968
12.120000000000001,12.923884875036897,7.250203600526307,38.00202770199807
12.13,12.318005236354125,5.933060737773835,37.81900702199018
12.14,11.64964258944627,4.723542850407017,37.450465320774526
12.15,10.937171268948303,3.6442836267558407,36.92958559857214
12.16,10.19627881822134,2.704722414329229,36.285796927531635
12.17,9.443289997031583,1.9037350427333357,35.55238362824409
12.18,8.693072356982205,1.2395780672922019,34.75682813687757
12.19,7.956904290935424,0.7020403863331013,33.92113655801118
12.200000000000001,7.245259517247485,0.2794005201851497,33.0648408948994
12.21,6.566094055762093,-0.0419929303154602,32.20237410107203
12.22,5.925311253422792,-0.2762589578050128,31.344923222023752
12.23,5.32682782663352,-0.4372591673792643,30.50008583205125
12.24,4.773015423051323,-0.5378903718417669,29.673012397738106
12.25,4.264736557491715,-0.5898134101782826,28.86690015504939
12.26,3.8018370264496477,-0.603188011301255,28.083437719036503
12.27,3.3831676006234264,-0.5868144537007358,27.32330058015693
12.280000000000001,3.0070807060256115,-0.5479588701282886,26.586406237496785
12.290000000000001,2.6712706553861665,-0.49257226887989397,25.872227615484277
12.3,2.3732704153982342,-0.42580354390379366,25.17998604209305
12.31,2.110304201206595,-0.35130976648406365,24.508805306475224
12.32,1.879663394087425,-0.27228945922719466,23.857727741353248
12.33,1.6786000583202463,-0.19084404973491167,23.225829401291964
12.34,1.504546162961199,-0.10866560074256516,22.61236087480046
12.35,1.354800499465942,-0.02680036693226967,22.016392590058587
12.36,1.2271130835365678,0.05387374124844307,21.437148336934154
12.370000000000001,1.1191407794532524,0.1332073928973095,20.874036782067897
12.38,1.0289860713003414,0.2109477672648966,20.326587937761
12.39,0.9543552277337835,0.28730210687889945,19.794107343058517
12.4,0.8941062624979785,0.3623774828673155,19.276137544263573
12.41,0.846796300530239,0.4364972128486903,18.772250020782536
12.42,0.8103581857603497,0.5106243005901117,18.28204786157339
12.43,0.7843117492353051,0.5851013578140151,17.805196863534224
12.44,0.768286896898662,0.6602172301251004,17.34136564603457
12.450000000000001,0.761414980535404,0.7365808764803274,16.890237061561514
12.46,0.7620114099247483,0.815564987612305,16.45157107818396
12.47,0.7699935759772306,0.897770353730267,16.025139538021755
12.48,0.7853872794002176,0.9837363164922952,15.610713019365784
12.49,0.8082179625996668,1.0740024471397536,15.20806209919778
12.5,0.8377915156109731,1.1696721075150316,14.816983762561247
12.51,0.8736850965278438,1.2720682037749154,14.437387166519398
12.52,0.916235257219449,1.3821211456738294,14.069210836349091
12.530000000000001,0.9657785495549684,1.5007613429662192,13.712393297327118
12.540000000000001,1.0226486321037964,1.6289198037645736,13.366872878351936
12.55,1.0867923602584573,1.7677462269824353,13.032631123237547
12.56,1.1585100496336462,1.9187862453413638,12.709908489202995
12.57,1.2384798832596262,2.083605751204673,12.399020368851632
12.58,1.3273800441666588,2.2637706369356767,12.100282154786813
12.59,1.4258375522858848,2.460743443946828,11.813952334633635
12.6,1.534458333699631,2.6759854315854756,11.540368127981024
12.61,1.654250804383795,2.9118258786616145,11.2804503604119
12.620000000000001,1.7862607561333443,3.1706724676483113,11.035168607262822
12.63,1.931527675495754,3.454821309337659,10.805460857254413
12.64,2.09119747679117,3.765950403519569,10.59240568458804
12.65,2.2667524564875166,4.1070312775841815,10.39803562960243
12.66,2.4597168947765446,4.481328300993771,10.224522918794383
12.67,2.671611356753515,4.892013612650073,10.073996142779375
12.68,2.9041065098577854,5.3414682817989805,9.948914055409064
12.69,3.15928442654603,5.833143385864801,9.853667432822347
12.700000000000001,3.4392807511660335,6.370817687686281,9.792958375287665
12.71,3.746225937086946,6.958199956861426,9.771409746924833
12.72,4.0822730220058725,7.597825167639153,9.794060232027071
12.73,4.449805439668793,8.292178901943684,9.86961708947905
12.74,4.851249556353742,9.043951882381842,10.0074608815389
12.75,5.28907111534469,9.855838364577062,10.21693046445264
12.76,5.765901051609223,10.728612497088001,10.508484680795585
12.77,6.2831579425297175,11.658662374546468,10.896729000047614
12.780000000000001,6.84196623381879,12.641817683522103,11.3969364723767
12.790000000000001,7.44374828078812,13.674030760975667,12.024900478231038
12.8,8.089829253251985,14.745641575138816,12.799563700045937
12.81,8.77708096069768,15.836111829372676,13.737477888878644
12.82,9.501799142566773,16.92396951806329,14.854603506646217
12.83,10.260956433836617,17.984951227175245,16.170125261689467
12.84,11.046380281580555,18.98029191071796,17.694044378642424
12.85,11.845684015993482,19.86653161828706,19.42576210529456
12.86,12.647181808975292,20.593484256838813,21.37062468697384
12.870000000000001,13.431953352850407,21.106938230739466,23.504576793286308
12.88,14.177176602716761,21.35616565546454,25.785377185897847
12.89,14.858943252873104,21.280301660022758,28.174199956570114
12.9,15.45162647043454,20.84918338330076,30.596544247776205
12.91,15.928234966913836,20.043103241888353,32.964623662493835
12.92,16.26006028676896,18.84663271563832,35.19258996114116
12.93,16.431887490217374,17.311112984652432,37.1912516911155
12.94,16.42642073624974,15.487525590886088,38.872279540443074
12.950000000000001,16.236016699392525,13.446936596516068,40.18083081705367
12.96,15.864252003344568,11.287674513144111,41.0801105626254
12.97,15.318605729241588,9.099283710021854,41.56171566799809
12.98,14.621919714509286,6.9764483419194505,41.65288474337347
12.99,13.794746870685605,4.991765908566265,41.39028345896028
13.0,12.868192262754855,3.2002484679827914,40.837314094954266
13.01,11.869894619545473,1.6367487388724906,40.053876550409214
13.02,10.8299800100765,0.3112988196906674,39.107153712574224
13.030000000000001,9.774607356152606,-0.7768784408439575,38.05286212072369
13.040000000000001,8.72725206448065,-1.643521898284179,36.94026063079786
13.05,7.706721119863525,-2.312127123309335,35.80721303890899
13.06,6.728416206676299,-2.8093612257655574,34.68234432081528
13.07,5.802945029154432,-3.1640282650705607,33.585095782080884
13.08,4.937492968105137,-3.4027303224301213,32.5273459151952
13.09,4.136312203939463,-3.5507630004941184,31.515966867387633
13.1,3.400630612403654,-3.629347412083383,30.553182164865465
13.11,2.7299807518573673,-3.6577143520621624,29.639091115441108
13.120000000000001,2.1221674166287716,-3.6506287160451327,28.771742743436118
13.13,1.5739246751312082,-3.6213159870053078,27.94841649344555
13.14,1.0811161177690944,-3.579747500327617,27.165708957019042
13.15,0.6396267200349494,-3.533955693401156,26.420737762864796
13.16,0.24421909386277674,-3.490495660250925,25.71011224809725
13.17,-0.10964584472739544,-3.4541602351022234,25.03122259784406
13.18,-0.4269700763608469,-3.4287908811520635,24.381519281051144
13.19,-0.7123821292054692,-3.417002044535697,23.759092445513375
13.200000000000001,-0.9700992868117755,-3.4211980013570202,23.162308174236017
13.21,-1.2046398222824741,-3.4426706953145056,22.58959679512047
13.22,-1.4196810881098523,-3.482716531584287,22.03997895767703
13.23,-1.6195405862486254,-3.541965639224952,21.512571965302577
13.24,-1.8068454201500692,-3.621388114910394,21.006962467385584
13.25,-1.9845946094222688,-3.721674953138865,20.52270533001032
13.26,-2.1568278809602823,-3.842743315370574,20.059557601734745
13.27,-2.325350454290748,-3.985669190527693,19.617944613538477
13.280000000000001,-2.491810755635784,-4.151614581619779,19.19832401205248
13.290000000000001,-2.659652146374979,-4.3404074088251585,18.80076811641994
13.3,-2.831486873571774,-4.552404346868202,18.426024483956645
13.31,-3.008418422963257,-4.789047524602905,18.075365205065857
13.32,-3.1915502802865174,-5.051779070883265,17.750062370150825
13.33,-3.382849550504206,-5.341422392441194,17.45116732035394
13.34,-3.585878236665708,-5.6575985400393085,17.18004429041681
13.35,-3.8016493135384835,-6.001691083754641,16.93947735215494
13.36,-4.030997803086902,-6.375209080887742,16.73232023430435
13.370000000000001,-4.27475872727538,-6.779661588739238,16.561426665601008
13.38,-4.534391988341326,-7.216341761857658,16.42949052880458
13.39,-4.813646036276216,-7.684904256377099,16.339597582990635
13.4,-5.113268810732652,-8.184834797021114,16.29699094523722
13.41,-5.433560404983666,-8.715701034732072,16.307112225102575
13.42,-5.77482091230229,-9.277070620452339,16.375403032144945
13.43,-6.137350425961552,-9.86851120512428,16.507304975922576
13.44,-6.522848769587641,-10.488842319244952,16.709110753066906
13.450000000000001,-6.932856842127206,-11.132591209729163,16.988220657104726
13.46,-7.365862182505356,-11.79276036819766,17.351046874452816
13.47,-7.820312082054889,-12.462350575238334,17.80398350828243
13.48,-8.29509197449442,-13.13420027977537,18.354194267706124
13.49,-8.789441342055566,-13.796956500470644,19.009894669578088
13.5,-9.298534806878592,-14.434905073419086,19.77278146345343
13.51,-9.817092733577729,-15.032134687980514,20.643792181432328
13.52,-10.340830050935775,-15.570740902168295,21.62728901718642
13.530000000000001,-10.863281758816486,-16.0290267217915,22.720234465527664
13.540000000000001,-11.3744397574809,-16.386627894473058,23.907466139026518
13.55,-11.864268267613829,-16.62290858697304,25.17397756277436
13.56,-12.322543911287397,-16.711193053016096,26.508259429826385
13.57,-12.737904070000189,-16.63802965296132,27.881573414614458
13.58,-13.098723782634528,-16.395765751023248,29.25909104105891
13.59,-13.39142477723331,-15.970075537966595,30.607344022554244
13.6,-13.604637461153601,-15.359286062172222,31.892629997438128
13.61,-13.732834980200543,-14.585422224015588,33.07813212524954
13.620000000000001,-13.769640325986149,-13.669151817564549,34.126815312405846
13.63,-13.706799094679837,-12.627549522034812,35.00886762196959
13.64,-13.547444659989127,-11.497453761495642,35.70929506880983
13.65,-13.293927335527254,-10.316637133300299,36.21231127682794
13.66,-12.94901718515405,-9.117955600709173,36.512303896263504
13.67,-12.5253501435226,-7.937619113998113,36.62128942989163
13.68,-12.032439860915373,-6.809273919006061,36.547994612139995
13.69,-11.48197055290903,-5.754520881822266,36.31103796663602
13.700000000000001,-10.889232352758663,-4.792101030277278,35.9359986998029
13.71,-10.26669165748488,-3.9369607453441224,35.4433102658972
13.72,-9.626961615428897,-3.1908484139048556,34.8574658745631
13.73,-8.98299043229172,-2.5543364378553983,34.203136517323465
13.74,-8.345535385241163,-2.0253944249717337,33.49807182316129
13.75,-7.722720585626211,-1.5954387647385702,32.75907266323198
13.76,-7.122821960827846,-1.2561123751620373,32.00120721671455
13.77,-6.551630714053718,-0.9975156404871985,31.234720828112437
13.780000000000001,-6.013636579982962,-0.8092616070797616,30.468564173977537
13.790000000000001,-5.511776279568606,-0.6813499984892633,29.708932712529204
13.8,-5.048031711441298,-0.6043215307214757,28.96050863963665
13.81,-4.623195203853038,-0.5696963435103782,28.226276490635293
13.82,-4.23726160121569,-0.5697453392827331,27.508377875134954
13.83,-3.889444558810695,-0.5980105367252837,26.80783926384814
13.84,-3.5785160152787507,-0.6489545497996577,26.125345763316915
13.85,-3.302909108288356,-0.7178659730138477,25.46102953236525
13.86,-3.0607262375713784,-0.801244846666177,24.81480006859937
13.870000000000001,-2.850032102400096,-0.8960416487429392,24.186492014601328
13.88,-2.6688524944195815,-1.000224997417921,23.57585230498837
13.89,-2.515284002701812,-1.111972117707535,22.982484055790255
13.9,-2.386846868464837,-1.2303979744708216,22.406049469175887
13.91,-2.282152840866667,-1.354856954012635,21.8462377007139
13.92,-2.1998235824066503,-1.4847360746179465,21.302744110233764
13.93,-2.1370730530338897,-1.6204727182980339,20.775396290002686
13.94,-2.0929082951212648,-1.7624967306322608,20.26407180353293
13.950000000000001,-2.066910485548154,-1.9110643141116523,19.768636104555753
13.96,-2.0586608011939482,-2.0664316712271535,19.288954646802676
13.97,-2.066483920127887,-2.2295620969768217,18.82496076923972
13.98,-2.088351700534662,-2.4023178087040424,18.376900678476844
13.99,-2.1246090997414977,-2.585729633548186,17.945103824474405
14.0,-2.1756340796949174,-2.780813492950286,17.529899412592723
14.01,-2.2418046023414444,-2.988585308351376,17.13161664819211
14.02,-2.323219579200167,-3.2101728035130295,16.750560873092002
14.030000000000001,-2.4183349926990063,-3.4477316158312354,16.38722029160917
14.040000000000001,-2.527533006507957,-3.703280341942789,16.042803010251365
14.05,-2.651643010560869,-3.978712168398239,15.718602417192237
14.06,-2.7914943947915765,-4.2759202817480935,15.415911900605499
14.07,-2.9479161180521336,-4.596797704289589,15.136024447984765
14.08,-3.1213151004423634,-4.943125048047608,14.880111226966376
14.09,-3.312399964746308,-5.316980063860072,14.650641904706433
14.1,-3.522370215950996,-5.720670363045242,14.450781708478681
14.11,-3.7524253590434595,-6.1565035569213835,14.283695865556862
14.120000000000001,-4.003768074195006,-6.626785966030197,14.152543330610502
14.13,-4.277948027508707,-7.133386910610675,14.060393530091726
14.14,-4.576305341206106,-7.677286591157205,14.012691814818682
14.15,-4.89990163482723,-8.259379941386076,14.015833409574052
14.16,-5.249798527912105,-8.880561895013576,14.076213539140516
14.17,-5.627093683754976,-9.54174048520004,14.200240743055764
14.18,-6.034018460893078,-10.24293520633942,14.395575062922456
14.19,-6.471102871116614,-10.97983749642617,14.671623283695778
14.200000000000001,-6.937906472198292,-11.747145173307342,15.037844065219623
14.21,-7.4339888219105665,-12.539556054829577,15.503696067337682
14.22,-7.959847694541545,-13.351052933952326,16.080431579579248
14.23,-8.514116542503118,-14.168282142919917,16.77866115031183
14.24,-9.092352168317497,-14.974201639058837,17.605126855930408
14.25,-9.690229333405586,-15.751667375845066,18.566948539066114
14.26,-10.30414333533365,-16.479054759423832,19.67393338912305
14.27,-10.925193077449707,-17.1286011023229,20.921972389627943
14.280000000000001,-11.543108611254354,-17.672065868115002,22.303258750379488
14.290000000000001,-12.147957974858404,-18.075289949713223,23.8146890667369
14.3,-12.725783782492693,-18.30874599049149,25.431351975880457
14.31,-13.261012362198096,-18.34762237068762,27.118096279754308
14.32,-13.73682049971692,-18.159585278839455,28.842965588873273
14.33,-14.137205635326737,-17.730316507523533,30.561535117275028
14.34,-14.448268918603649,-17.065637564713555,32.21807247088513
14.35,-14.653046681952487,-16.16441749720774,33.75791319943287
14.36,-14.740553904342743,-15.047963887186077,35.13486217777457
14.370000000000001,-14.707419796308898,-13.760530659726955,36.30593196699397
14.38,-14.545769903583695,-12.339543080018776,37.23089481888109
14.39,-14.260974436226126,-10.838635637039003,37.897084109100284
14.4,-13.85966621773108,-9.31463217586736,38.29508540865599
14.41,-13.351083004455472,-7.814747115281471,38.43200383502392
14.42,-12.753489524955903,-6.385601196742779,38.33332484374978
14.43,-12.081142247841072,-5.064539054674169,38.02193637501177
14.44,-11.353833134269713,-3.8723923092671697,37.53537761271483
14.450000000000001,-10.590353995155391,-2.828609896464387,36.90855405075752
14.46,-9.80706512211837,-1.9352394325105706,36.174053703343546
14.47,-9.02060266307073,-1.1878603660159186,35.365885197407465
14.48,-8.24495440086262,-0.580144996274823,34.509718814435516
14.49,-7.491378762349376,-0.09895527884677469,33.62731807264479
14.5,-6.769277600361639,0.2698938947913552,32.73600249091205
14.51,-6.0856246651337385,0.5418727829759289,31.848508051351033
14.52,-5.445177936699648,0.7323655579637656,30.973993787900987
14.530000000000001,-4.8509416797347065,0.8556508868852238,30.118450393384997
14.540000000000001,-4.30418914588727,0.9248280394351878,29.2856386176257
14.55,-3.804988803343503,0.9513865557687391,28.477431143791225
14.56,-3.3524888621352,0.9452588954769301,27.69461642193162
14.57,-2.944776248488883,0.9145899424801115,26.93688426039275
14.58,-2.579612215279196,0.8663710431168479,26.203733311998484
14.59,-2.254436085318504,0.8061883897040254,25.494215436619967
14.6,-1.9661925163897993,0.738484798784544,24.807165659286994
14.61,-1.7121464368757755,0.6667789066319052,24.141621008285014
14.620000000000001,-1.4890022712271846,0.593610229109763,23.4963143433484
14.63,-1.2941371952428486,0.5209939685415115,22.870282430955143
14.64,-1.1246238589080757,0.45051749155761545,22.262637221792655
14.65,-0.9775641684726863,0.3828262870786845,21.672498480557394
14.66,-0.8510438146589245,0.3188042816886835,21.099097716217415
14.67,-0.7421778354290783,0.25859107908520235,20.54163636058616
14.68,-0.6490987303776445,0.20230218563069896,19.99950955571236
14.69,-0.5703669624247858,0.15018926128446675,19.472166599244645
14.700000000000001,-0.5036218082331977,0.10166415048946216,18.959070865313826
14.71,-0.44759210471674815,0.05642430994743772,18.459766058355022
14.72,-0.40146199222533413,0.014420729296773453,17.97381136856611
14.73,-0.36360760691303906,-0.024861875626682912,17.500855639573548
14.74,-0.33279613880840964,-0.061981836173811894,17.040544560243646
14.75,-0.30856138806287503,-0.09717068262903282,16.592456066012833
14.76,-0.29000804698617005,-0.13089149189659524,16.156163935448465
14.77,-0.2762269212481369,-0.1636873975835787,15.731380107947304
14.780000000000001,-0.26695544274403343,-0.19579768084279034,15.317907774131498
14.790000000000001,-0.26158324668365696,-0.22775256852414022,14.91539206078707
14.8,-0.2596751264276071,-0.26005871043764095,14.523496429365858
14.81,-0.2611224012606629,-0.29300243924944774,14.142005954305521
14.82,-0.26572787325760383,-0.3269416048799515,13.770668941606374
14.83,-0.2730915414074935,-0.3624564381040168,13.40914431755967
14.84,-0.2832083011481998,-0.39988189614110814,13.057248562732408
14.85,-0.29611347912759683,-0.43952374458814425,12.714814646982452
14.86,-0.3117681532206381,-0.48177264849030094,12.381607958178105
14.870000000000001,-0.3300468021044328,-0.527271855848383,12.057295236697856
14.88,-0.3510800153169309,-0.5765317394720615,11.7417556858303
14.89,-0.3750134692711118,-0.6300501484458996,11.434881630820561
14.9,-0.4019920071120799,-0.6883260415084758,11.136559116161356
14.91,-0.4321829993313696,-0.7519455411757595,10.846539157859352
14.92,-0.4658660138576435,-0.8216378882667701,10.564657371271073
14.93,-0.5033432298362005,-0.8981450485852016,10.29080835526663
14.94,-0.5449165470251746,-0.9822084248593137,10.024886435806632
14.950000000000001,-0.5908422611393074,-1.0744771141428007,9.766740412536365
14.96,-0.6415633685858918,-1.1759750772970088,9.516397960426204
14.97,-0.697634732509396,-1.2879514169152884,9.273995250055808
14.98,-0.7596109746824954,-1.411654215788989,9.039668048277157
14.99,-0.8279910728948979,-1.5479750862198325,8.813398214727492
15.0,-0.9034947695324903,-1.6982974147194103,8.59531584853359
15.01,-0.9869797556086006,-1.8644875326538268,8.385731719095299
15.02,-1.0792854112987789,-2.048371235987216,8.184952585669896
15.030000000000001,-1.1810947769985778,-2.2513809064893264,7.993370801061285
15.040000000000001,-1.293533562434387,-2.475822103402801,7.811746070490635
15.05,-1.417858837889157,-2.7242775191822948,7.640901472730294
15.06,-1.5552335387371292,-2.9990908047375053,7.481623063940433
15.07,-1.7068460521962558,-3.3025169127431173,7.335097624114663
15.08,-1.8744854507914048,-3.6381574691643728,7.203203484099928
15.09,-2.0599805887521034,-4.0097080874842765,7.08785250523079
15.1,-2.264906622605293,-4.420102037135773,6.990826756247864
15.11,-2.4912713603453054,-4.872987762128771,6.915351088403665
15.120000000000001,-2.7415329068806726,-5.373082410580234,6.86547463517689
15.13,-3.018113667512509,-5.924950272817491,6.845140587475903
15.14,-3.3233638293004004,-6.53209430912539,6.8588325677044075
15.15,-3.6602362559561508,-7.1992245329129,6.914201003348293
15.16,-4.031789059281132,-7.931372977337979,7.0193377379851425
15.17,-4.441046977588201,-8.732907425027703,7.182126148809531
15.18,-4.891020939912011,-9.606108049232066,7.413967191987513
15.19,-5.384794199817169,-10.553275863969237,7.729533981257524
15.200000000000001,-5.925509502327274,-11.576684344174978,8.143522047848663
15.21,-6.516164721203378,-12.674855925891608,8.672853215113067
15.22,-7.158204603636892,-13.840241011775944,9.33900898324679
15.23,-7.852911102416755,-15.06483389704063,10.164080706319215
15.24,-8.601615056987889,-16.33627661546553,11.173132603710243
15.25,-9.400836688408432,-17.62700784037207,12.389580197276963
15.26,-10.246039538818454,-18.906787856790096,13.836215872737936
15.27,-11.132802695347065,-20.137400219124853,15.54045117326293
15.280000000000001,-12.046950890189981,-21.261124982726002,17.50700776281061
15.290000000000001,-12.97206415534418,-22.216809982425254,19.73497607609312
15.3,-13.890079230581865,-22.93165054558001,22.22117813786043
15.31,-14.773351122851079,-23.33324164607648,24.917813367069133
15.32,-15.59164232749986,-23.342098192320375,27.77255856455491
15.33,-16.31132064045835,-22.901345271629122,30.698223476064854
15.34,-16.89680266906269,-21.979873528702072,33.5777666558577
15.35,-17.31073319517307,-20.553987317324644,36.29449006982175
15.36,-17.53042123375067,-18.685585646475595,38.72283239650193
15.370000000000001,-17.529762524936636,-16.43574529322332,40.74236017815783
15.38,-17.30283045553008,-13.915738034822704,42.28128693828693
15.39,-16.847714080894804,-11.253036984375946,43.28315111086697
15.4,-16.182847681169832,-8.578714006615664,43.75731049825145
15.41,-15.331399651491324,-6.018699579049089,43.73456062513518
15.42,-14.328041231440647,-3.663940587418554,43.2883517132161
15.43,-13.209248450386204,-1.5856142915489193,42.50101598855927
15.44,-12.014590966931735,0.18715216536074308,41.46694174691835
15.450000000000001,-10.780628396639175,1.6444333195489618,40.27037387482206
15.46,-9.5403300753324,2.804029349057758,38.986621655651064
15.47,-8.32102848337079,3.693726242584853,37.67335506651778
15.48,-7.144831578565048,4.3512817708984555,36.375218678485766
15.49,-6.027302255642039,4.815615824195291,35.120002189444804
15.5,-4.980137035084076,5.125128193220469,33.926491273136875
15.51,-4.008728489072812,5.314081732212606,32.80247522674158
15.52,-3.116596277898095,5.413185636515757,31.751272194295243
15.530000000000001,-2.30293204813405,5.447311836562479,30.770845080207845
15.540000000000001,-1.5655359992023452,5.438307988558721,29.85744451531094
15.55,-0.9004340131721877,5.401940099720299,29.005993195452252
15.56,-0.3028013318973308,5.352273416648719,28.211027681350412
15.57,0.23308698693932683,5.299234376819006,27.466999961283214
15.58,0.7129179777174552,5.251032376271659,26.76896461025718
15.59,1.1432069229852373,5.2133626028716105,26.11243873171642
15.6,1.5296539336631125,5.190972082751244,25.493959266435223
15.610000000000001,1.878472273799371,5.186827843256953,24.91021156944261
15.620000000000001,2.194273171125537,5.203531248382442,24.359117464181022
15.63,2.4833251767697564,5.242496345563274,23.838315170068665
15.64,2.750000124461161,5.304761024633984,23.346815189313777
15.65,2.9976355604398397,5.391620104856537,22.88410266540573
15.66,3.2320045384976646,5.502983588127574,22.448945889797013
15.67,3.4567477678224314,5.6389379957325145,22.04137082907394
15.68,3.67383232854425,5.800192675260093,21.66209602808743
15.69,3.885680868306679,5.9872490592805665,21.31171515708887
15.700000000000001,4.098085471661605,6.198813426611117,20.99015944595817
15.71,4.312921513446182,6.434896380509177,20.698923997068913
15.72,4.530968548727402,6.695961378538882,20.439852239635286
15.73,4.75300613257222,6.9824718782643265,20.214787602871535
15.74,4.9810712669947,7.294551215159299,20.025366869292274
15.75,5.22155606784445,7.630367277435041,19.872980746112123
15.76,5.474748962420808,7.988645283723026,19.76068364589167
15.77,5.740066928099497,8.368281516508874,19.69171224800092
15.780000000000001,6.016926942256287,8.768172258278273,19.669303231809863
15.790000000000001,6.304745982266801,9.187213791516701,19.696693276688517
15.8,6.602941025506809,9.624302398709842,19.77711906200687
15.81,6.912940321267753,10.077331945153947,19.91421717104815
15.82,7.238211365997114,10.540459861232497,20.111667751183678
15.83,7.577025422685991,11.007935327244835,20.371785413459158
15.84,7.927440149197445,11.474063407290318,20.69683556833539
15.85,8.287580940059794,11.933131854959177,21.089189221556474
15.860000000000001,8.657288871450021,12.377880888931712,21.553540149034617
15.870000000000001,9.033629566175295,12.798707751814343,22.089287215727033
15.88,9.41224010317579,13.185869740476988,22.6934421158942
15.89,9.788768902134562,13.52959755469451,23.363063708180654
15.9,10.159816421578,13.817106434315319,24.098856835126895
15.91,10.52018208911172,14.037253060606682,24.893002064171423
15.92,10.86343208075806,14.181259029342918,25.732339883176095
15.93,11.183132566812219,14.240345892951927,26.603710806373353
15.94,11.472184258847417,14.201054989132105,27.496721965670044
15.950000000000001,11.724315918415101,14.057613064103226,28.395983884464112
15.96,11.934322457453526,13.812668875392523,29.280903551656447
15.97,12.096992755257817,13.468857841536929,30.130887992229223
15.98,12.20479141098155,13.02408869579728,30.926417742134866
15.99,12.254170690728316,12.486598163833655,31.651829095862215
16.0,12.245129617235417,11.872810344425266,32.29232314951011
16.01,12.176431527390134,11.197853581118732,32.83221174632463
16.02,12.044792314513623,10.473881606975668,33.25860418001151
16.03,11.855318206417508,9.72071340894041,33.570494206932786
16.04,11.614001937718529,8.9590518863067,33.76782658194139
16.05,11.323403076225128,8.206624061659133,33.84775020976428
16.06,10.989036493825783,7.476706883331121,33.816240691023964
16.07,10.619665150272548,6.782657727463079,33.68442296140665
16.080000000000002,10.222743393669,6.137749272857714,33.4609219981019
16.09,9.804538338971883,5.5491844001433,33.154726004277826
16.1,9.372915141455893,5.020221954487986,32.77965316812415
16.11,8.935810833680009,4.5546604957958525,32.34875361875164
16.12,8.5000420734614,4.155076993752364,31.870914735437562
16.13,8.07055097512084,3.818073915356541,31.356011529164224
16.14,7.652171052607929,3.5397996604342126,30.814194612103257
16.15,7.249870716683535,3.316794350734489,30.254926602511
16.16,6.867688555067443,3.1460244751590234,29.68368354750427
16.17,6.507704857590998,3.0224800119618327,29.10557072733007
16.18,6.171917728085896,2.9410250738079493,28.525794263385652
16.19,5.862465356506886,2.897513288559952,27.9485419341843
16.2,5.580007597725112,2.8881124876484994,27.37635800268651
16.21,5.324764638319058,2.908778080348765,26.811650256539252
16.22,5.096974334709756,2.9558064641683424,26.256801632567623
16.23,4.896483994478275,3.0266901094057066,25.713434082377557
16.240000000000002,4.722781320580951,3.1189861426191134,25.182624404154634
16.25,4.57531495074883,3.2302857942156082,24.66545811473378
16.26,4.452985205142461,3.359270022600508,24.163169979697088
16.27,4.355108693226164,3.505081749379632,23.676612019395876
16.28,4.281225146129953,3.666720281656561,23.206512866657093
16.29,4.230874267163284,3.84318494391074,22.753601158062658
16.3,4.202424169173674,4.034444490163965,22.318815229040826
16.31,4.19459814831347,4.241187632411634,21.903249930120356
16.32,4.207433549044441,4.463515591567597,21.50787341515063
16.330000000000002,4.240967715828362,4.701529588545482,21.133653837981466
16.34,4.2952379931269835,4.9553308442589,20.781559352462658
16.35,4.3702817143210595,5.22502059390616,20.45255811454073
16.36,4.464980176027252,5.512246338131889,20.14806266368387
16.37,4.578372572268068,5.818674809044581,19.870352566440985
16.38,4.71071140331026,6.144464036973428,19.621700628495496
16.39,4.862249169420755,6.489772052248069,19.404379655530455
16.4,5.033238370866278,6.85475688519767,19.22066245322925
16.41,5.223931507913783,7.2395765661519,19.07282182727497
16.42,5.434581080830048,7.644389125440041,18.963130583350924
16.43,5.665560458879428,8.069937518755356,18.89451040250046
16.44,5.9169703102436495,8.516616774994384,18.87162767382844
16.45,6.188178915477728,8.98221193987898,18.8983019491488
16.46,6.478529161364741,9.464407051663189,18.978288706538592
16.47,6.787363934687367,9.960886148600379,19.11534342407479
16.48,7.114127142762731,10.469362406723937,19.313359569687403
16.490000000000002,7.459545854942259,10.986698044698299,19.57828618321415
16.5,7.821930727151839,11.506152500950703,19.913492227551387
16.51,8.198700619140528,12.02032842291806,20.321227602101402
16.52,8.587274390656859,12.521828458036548,20.803742206265955
16.53,8.98590710310481,13.00234149869992,21.365359089056618
16.54,9.391563733852157,13.450460541824341,22.007182404007043
16.55,9.79887693366442,13.85433964580885,22.724520326840654
16.56,10.202463677489128,14.202136779272404,23.512642299465814
16.57,10.597482838446433,14.478924701215893,24.370378791290534
16.580000000000002,10.97762508542125,14.671508792487463,25.288334391866126
16.59,11.335345393368732,14.7704904306906,26.249688719011015
16.6,11.663080365687156,14.766366356866627,27.237672204304946
16.61,11.952081443110123,14.643659892363491,28.238366464826964
16.62,12.19546201565514,14.399970569108543,29.231345109795036
16.63,12.387627118675937,14.040739209910884,30.19234288133393
16.64,12.522672739196649,13.570762925600198,31.09709077073132
16.65,12.59227547837181,12.990458258296114,31.923766412299102
16.66,12.595115374312176,12.316284262664405,32.65610201947494
16.67,12.531854205708344,11.569019145412284,33.27852436740112
16.68,12.399260561681722,10.765274244393702,33.773467149157455
16.69,12.199314136244277,9.924595730576193,34.13562475436402
16.7,11.939300381355576,9.071046223041806,34.36662704226972
16.71,11.62454786612161,8.227500389685424,34.466082191200435
16.72,11.259423543919233,7.410523196086419,34.437560561042275
16.73,10.85380126154884,6.634949253500791,34.294712625364234
16.740000000000002,10.4168200263482,5.915724397783727,34.049576746876575
16.75,9.955713248790834,5.2621300567533655,33.712383764625876
16.76,9.479524372807036,4.677594197805143,33.29909397109132
16.77,8.997415023597515,4.16589522685528,32.825175785513636
16.78,8.517053623899905,3.7291899114218308,32.30144596990997
16.79,8.044016167538524,3.3630872316584073,31.739130319653864
16.8,7.583761712398494,3.06267123147675,31.14973513581005
16.81,7.1418990726106735,2.823644034973144,30.543609326058526
16.82,6.72253393684172,2.6418097230998954,29.92660876301969
16.830000000000002,6.327910532717598,2.5109766633336834,29.30444643597454
16.84,5.960411006083044,2.425171419777959,28.68272073179515
16.85,5.621871401845145,2.379540334456072,28.065199849277942
16.86,5.312750295979623,2.3690857536425654,27.454533446649023
16.87,5.033426370201696,2.3889943845117623,26.853355790416128
16.88,4.783828509130166,2.4357191937624827,26.263597340765717
16.89,4.563505031815515,2.5058834734307123,25.686366838984203
16.9,4.371861861694436,2.5962458167224756,25.122773079361725
16.91,4.207674060435278,2.704938794516199,24.573854982001613
16.92,4.070144115288119,2.830385331555036,24.040225233601944
16.93,3.9585574080863455,2.9709543902566753,23.522456618803496
16.94,3.8713794136331074,3.1256768925011933,23.02122901134064
16.95,3.807251748407593,3.2945103578367534,22.537197425907337
16.96,3.7658109169457403,3.477169738648958,22.070885961604294
16.97,3.746693662230005,3.6733698663109178,21.622818686265138
16.98,3.749421691154857,3.882898744164453,21.193527770852775
16.990000000000002,3.771325317925997,4.1072838181264695,20.783900977193852
17.0,3.8117501889979395,4.34762649503785,20.395182526366465
17.01,3.8711458669287806,4.604450040492761,20.02861111247182
17.02,3.9499619142765465,4.878277720085017,19.68542542961166
17.03,4.048647893599362,5.169632799408808,19.36686417188722
17.04,4.167653367455225,5.479038544057922,19.074166033400214
17.05,4.30740056187037,5.807065410911282,18.808573794114622
17.06,4.466927480560855,6.156507920191104,18.571992878016587
17.07,4.645760966142404,6.5288299492133,18.36759581173793
17.080000000000002,4.844172538810225,6.924122647029045,18.198683861839804
17.09,5.062433718759496,7.34247716268948,18.0685582948833
17.1,5.3008160261856325,7.783984645246195,17.980520377429382
17.11,5.559590981283726,8.248736243750173,17.937871376039173
17.12,5.839034220965041,8.736826645270748,17.943917670302643
17.13,6.140203611303467,9.248463009639305,18.00350492059542
17.14,6.463081277386277,9.780966219520453,18.122132290749946
17.150000000000002,6.806671492091629,10.330389030417939,18.30451823950373
17.16,7.16997852829765,10.892784197835487,18.5553812255942
17.17,7.552093076204011,11.464220329370846,18.87957288364632
17.18,7.953394486330624,12.039467000371541,19.28417190398465
17.19,8.37142394855615,12.608900183151306,19.77249137753094
17.2,8.802617699082788,13.162118519630047,20.346231818848132
17.21,9.24346998269133,13.688680330651488,21.007274475660775
17.22,9.691770590278457,14.175608588524161,21.761682726406246
17.23,10.141814559686397,14.607774925893459,22.605039797760803
17.240000000000002,10.586357514862836,14.970346465648568,23.52820169939728
17.25,11.018162744912694,15.248401253315986,24.522119988040345
17.26,11.430186734087965,15.42199592360166,25.581558580642557
17.27,11.814021893257868,15.478388666045618,26.688653212216522
17.28,12.160687247002967,15.40984431320726,27.819230215320392
17.29,12.460716756352054,15.206715122332815,28.949666308765117
17.3,12.70327858734883,14.855766179535841,30.05802505457108
17.31,12.882660363833097,14.36692096510044,31.11678782191812
17.32,12.993970142412266,13.75357417655723,32.097523081007836
17.330000000000002,13.030302438095312,13.02544661322626,32.97216153937213
17.34,12.986885021580454,12.19644207712381,33.72146938239666
17.35,12.866554847183414,11.294591990741427,34.332580910656944
17.36,12.66975773231709,10.345917784380617,34.79059241028836
17.37,12.39816868211124,9.37365861401329,35.08960972969843
17.38,12.061349059855706,8.405070969046882,35.23672366072291
17.39,11.666898535165592,7.466355083368964,35.23663941459462
17.400000000000002,11.221830976768848,6.575578230699122,35.09815724958337
17.41,10.738003948341424,5.747358870120021,34.83976778738746
17.42,10.226019185264168,4.996452018474213,34.477009653886384
17.43,9.695033050203993,4.328790458021638,34.02513242166744
17.44,9.155044268473857,3.745280410291801,33.50298801009439
17.45,8.61594280524638,3.2475110851772593,32.92741630230369
17.46,8.085149082510295,2.8328488453275096,32.31051389946282
17.47,7.568648923470085,2.4946862277572563,31.66476323655202
17.48,7.072624267777671,2.227035831207705,31.001760164099288
17.490000000000002,6.601687714783832,2.0238622554350947,30.329047437727745
17.5,6.158660004460948,1.8773894037216023,29.653291429965087
17.51,5.746547764720388,1.7805747550826574,28.980243814437756
17.52,5.366534439659574,1.7271169978478869,28.313530811507306
17.53,5.019171778284016,1.7106551737666167,27.65641560220238
17.54,4.704848815539654,1.7257000464662011,27.011068523271355
17.55,4.423163151376563,1.7677811912253736,26.37883019610524
17.56,4.173376123952346,1.83267111099333,25.76097225295066
17.57,3.954345592801171,1.9172049651252443,25.158239657549053
17.580000000000002,3.7651320813416627,2.018591795775309,24.571116606002402
17.59,3.6041472728513666,2.1346034140517816,24.000061902515014
17.6,3.4698274546488674,2.2640754025309526,23.445321948506344
17.61,3.3613252833317824,2.4057890693639123,22.907059198704914
17.62,3.2775006876605186,2.5586812467724847,22.385473260203945
17.63,3.2157646915705467,2.7230304129147878,21.88102245470546
17.64,3.175474644982228,2.8990163598273284,21.394040594371265
17.650000000000002,3.156377128608597,3.086685075910915,20.924821658246596
17.66,3.158218723162659,3.286082549566338,20.473659625376655
17.67,3.1800351243659706,3.497691867648628,20.040909342051023
17.68,3.2194167249780237,3.7234775283992,19.627404345365093
17.69,3.276561326800573,3.964489911906699,19.234167553352496
17.7,3.351889565436547,4.221669344669411,18.862218948027348
17.71,3.445822076488968,4.4959561531859755,18.512578511403234
17.72,3.55877949556074,4.7882906639546565,18.186266225494236
17.73,3.690584194466033,5.1001250084930065,17.88431652699047
17.740000000000002,3.8403125866512635,5.433798407995115,17.608657125056208
17.75,4.008549911979929,5.790593107203382,17.36200131202726
17.76,4.195950470394058,6.171737361079458,17.147078608044772
17.77,4.4031685618354235,6.5784594245844765,16.966618533250212
17.78,4.630858486246082,7.011987552680123,16.823350607784768
17.79,4.880046363542014,7.47409277680396,16.72011976710537
17.8,5.151707585638389,7.965595372284512,16.661346815930532
17.81,5.445945710902375,8.485390234623644,16.652366868111955
17.82,5.762850840168364,9.032346944725534,16.69852115294534
17.830000000000002,6.102513074270434,9.605335083493806,16.80515089972642
17.84,6.465022514042637,10.20322423183205,16.97759733775083
17.85,6.851195272274596,10.824560907515224,17.22216229989181
17.86,7.26163062462952,11.463844861262775,17.54650329607285
17.87,7.694272931749462,12.113015739797923,17.95624835869237
17.88,8.146979929550522,12.763980129552694,18.456939293208354
17.89,8.618056131094303,13.408417459514634,19.055081393752054
17.900000000000002,9.105928280661663,14.033857594919244,19.75789632678979
17.91,9.605099659235709,14.624206332767931,20.564767113489673
17.92,10.109688574763746,15.163247896672544,21.474281718022855
17.93,10.614715196107372,15.632101770975243,22.488908026567337
17.94,11.112841336460228,16.00975228338406,23.60225508259469
17.95,11.593884424515558,16.277953426416584,24.79649169151305
17.96,12.047635355261539,16.417866284089996,26.054193334185566
17.97,12.463515997625885,16.40483888995958,27.360676339983858
17.98,12.83089451994434,16.230699695068104,28.685529707994903
17.990000000000002,13.139211403627554,15.89243926327951,29.994061006661163
18.0,13.375274684467499,15.379758782859756,31.252330739931978
18.01,13.529248375319538,14.696650847321783,32.428534573318366
18.02,13.598062213738956,13.869126167267414,33.49096613008625
18.03,13.577931035430085,12.922147335581585,34.407712094446985
18.04,13.462105351753468,11.874996188692068,35.15334445220799
18.05,13.255064655650722,10.7624797861858,35.719027054851395
18.06,12.961555508935746,9.621345100091855,36.0958907018712
18.07,12.585360287669914,8.482027334181884,36.28178255324922
18.080000000000002,12.139329074171133,7.375116299358299,36.29180441993222
18.09,11.63404164593173,6.329859212983954,36.13815774440098
18.1,11.080402284167002,5.36399236555974,35.838579095798735
18.11,10.492922771513479,4.4909008040390095,35.41825429803128
18.12,9.883973077426402,3.722559227114697,34.8972956492612
18.13,9.264588752163457,3.0586194292983784,34.29656966966245
18.14,8.645991491023516,2.496332576343548,33.6381057498506
18.150000000000002,8.038198629560952,2.0330950403800756,32.93891782939722
18.16,7.448336526851976,1.660699704403027,32.212471591229715
18.17,6.883208383014879,1.37013415547597,31.471701162678492
18.18,6.347809618956306,1.1525436468455605,30.725533905167087
18.19,5.845633023414738,0.9981167176497323,29.98152877897025
18.2,5.379272652945236,0.8980032405969172,29.244869131921725
18.21,4.9499067139894715,0.8435956179011979,28.519539896553407
18.22,4.558132683501995,0.827275913960518,27.80820513022437
18.23,4.203558246513453,0.8424603095196312,27.11250149661541
18.240000000000002,3.885447183537829,0.8833461343540757,26.433426582405808
18.25,3.602515798463193,0.9450472372596651,25.771543759974385
18.26,3.3531723480614546,1.0237665307473351,25.127121137581796
18.27,3.135807882676401,1.1163279448498804,24.50011146087098
18.28,2.9483231200561377,1.2202717409578745,23.890432512289795
18.29,2.789037075362991,1.3339240501674277,23.297896912604514
18.3,2.656089848134142,1.4558080395823416,22.722273637140066
18.31,2.547147010672438,1.5853732879762408,22.16330831499194
18.32,2.461209025267337,1.7222016679640637,21.620883734780687
18.330000000000002,2.397374665164015,1.8658559987082117,21.09489227843041
18.34,2.3530014099750045,2.0168205278302453,20.585250345523892
18.35,2.3263074853051373,2.176067656016279,20.09200172249312
18.36,2.3172711249245936,2.3440580008805525,19.61522783626207
18.37,2.325870562603528,2.521252180037537,19.155010113754013
18.38,2.3520840321120953,2.7081108111014593,18.7114299818929
18.39,2.3950153883507195,2.9056631483672617,18.28463562690656
18.400000000000002,2.4525596166458734,3.1163225604304774,17.875236168015515
18.41,2.5250531943205377,3.3415071055050056,17.48401957361213
18.42,2.612964500023119,3.582564251125271,17.11177310537505
18.43,2.7167619124019113,3.840841464825367,16.759284024983465
18.44,2.836780213749051,4.117758894614172,16.427298159500147
18.45,2.9725244269430484,4.415480936245821,16.116737697121746
18.46,3.124641502438029,4.736078515969199,15.829660666559409
18.47,3.294054513444064,5.0815207418447805,15.568282421016772
18.48,3.481686533171456,5.453776721933512,15.334818313697069
18.490000000000002,3.6884613157549855,5.8548161642044585,15.1314752812027
18.5,3.915383824415141,6.286551029217519,14.960296101825778
18.51,4.163512756651528,6.750530337051724,14.825323715843913
18.52,4.433883916283705,7.248202719860359,14.731404974380323
18.53,4.727533107131599,7.7810168097973955,14.68338672855806
18.54,5.045496133014736,8.35042123901607,14.686115829500276
18.55,5.389575082856994,8.95774076597844,14.744827853155366
18.56,5.76107156945804,9.601577142412378,14.866878556447269
18.57,6.160079457683748,10.27918151148468,15.060319888954936
18.580000000000002,6.586691512507521,10.987804378340353,15.333203933054852
18.59,7.041111922691516,11.724722725663188,15.693715967638909
18.6,7.5247106962068955,12.485078093284184,16.15229215288257
18.61,8.035560665373524,13.257478077191225,16.717470566385035
18.62,8.570657141460563,14.029481780318623,17.396782800791787
18.63,9.127296792094835,14.788497382379434,18.198489609658278
18.64,9.70316034124726,15.517101952236015,19.13244872609518
18.650000000000002,10.29092821164779,16.19213881390541,20.197604965789843
18.66,10.882489714400444,16.79007722258614,21.391140453040432
18.67,11.470533908697066,17.282479773935986,22.715240560684318
18.68,12.04354293019665,17.641432553486936,24.153620656993557
18.69,12.587965597427017,17.84199883724564,25.680223536436348
18.7,13.089815504708067,17.85448751483266,27.271725289798763
18.71,13.53437996992477,17.655053750945623,28.896452826158413
18.72,13.907726998672029,17.240640188022923,30.506344702681798
18.73,14.19405053554201,16.60328487868408,32.05319378938038
18.740000000000002,14.377840959593545,15.74131681315747,33.492014820386366
18.75,14.454389883284536,14.690267971203724,34.77990307121991
18.76,14.418439481124725,13.485816906686642,35.87369609870556
18.77,14.26240064925231,12.158203743086824,36.74093762011774
18.78,13.992785786497434,10.75782286605321,37.37111559757181
18.79,13.613774012399487,9.334112483456448,37.75244382098261
18.8,13.135236972826823,7.929720163338769,37.893545536672136
18.81,12.573565407346521,6.587978828834931,37.81536677356396
18.82,11.941391549662047,5.342161018292392,37.53748896985906
18.830000000000002,11.25698954242444,4.212262814132601,37.093941040887906
18.84,10.53745484542769,3.2171793563444413,36.515415747924976
18.85,9.7979631248778,2.3597335744979544,35.83129689802455
18.86,9.054110100818873,1.6370125565072167,35.0729404197408
18.87,8.319076365403914,1.0445882393342432,34.26421886444848
18.88,7.603151044146892,0.5709841473657452,33.42533681416277
18.89,6.915501482052816,0.2040490246650969,32.57303275678878
18.900000000000002,6.26290531322234,-0.07003303508994535,31.719901565075382
18.91,5.6502469571151845,-0.26493137954290474,30.875113909775557
18.92,5.080659288275756,-0.3937351870453738,30.04502019951257
18.93,4.555721975072507,-0.46853967821062437,29.23384171352369
18.94,4.075797480026607,-0.5000606193590469,28.443838094208814
18.95,3.6402266308513607,-0.49757712047648667,27.676274554020353
18.96,3.24761766121366,-0.46896103644895276,26.93147943003415
18.97,2.8960794474570815,-0.4207950052771773,26.20930737374993
18.98,2.58336375846981,-0.3584501562779208,25.509089896807883
18.990000000000002,2.3067465431764576,-0.28617749947607374,24.83005215233664
19.0,2.0637304178856346,-0.207415283227028,24.17127895387074
19.01,1.851475725465374,-0.12472788517179303,23.532044802613957
19.02,1.6673920484594307,-0.039896925358620695,22.911424743525625
19.03,1.5089272841337633,0.04563676664145677,22.308566825024926
19.04,1.3737696582670347,0.13084026226872597,21.72284795549035
19.05,1.2594606619857613,0.21541827047529338,21.153451933156813
19.06,1.1635152919612555,0.29929954929869884,20.5998099135566
19.07,1.084390457110805,0.38243681021079545,20.061478020502037
19.080000000000002,1.0210234593444265,0.4647440981062286,19.537976694922676
19.09,0.9715387013662024,0.5466357224374027,19.028783337355666
19.1,0.9338516490337747,0.629107936098816,18.533468614512614
19.11,0.9075438327031086,0.7124690293126501,18.051769036794532
19.12,0.8922240379476044,0.7970134419666979,17.583423230265296
19.13,0.8869186178439717,0.8833990943369069,17.128132498478223
19.14,0.8898017106329287,0.9731233019441943,16.68556236918708
19.150000000000002,0.9008548018631509,1.0668745598287503,16.25551372719895
19.16,0.920170027864174,1.1652816338086243,15.83779511892892
19.17,0.947839524965555,1.268973289701971,15.432215090791631
19.18,0.9833785506062539,1.3789521383239642,15.038626088702653
19.19,1.026022127692715,1.4967944734650767,14.657036875649238
19.2,1.0761716371559873,1.6236219014105249,14.287471148433692
19.21,1.1342514410821471,1.7605441776622954,13.929951902421031
19.22,1.2006859015571947,1.9086710577221875,13.58450213297679
19.23,1.2756007407222163,2.0691462527994675,13.25119516186466
19.240000000000002,1.3591722622052078,2.243568330761243,12.930384495413415
19.25,1.452182612285748,2.4337844321975193,12.622520526331808
19.26,1.555420069824218,2.641642795188427,12.328053738834868
19.27,1.6696415067111974,2.868920727554135,12.04741588321957
19.28,1.7954917385237368,3.1170842418444416,11.781196581361005
19.29,1.9341019600807885,3.388588987960503,11.530695529124012
19.3,2.0866986560521075,3.6860952526512687,11.297310048094314
19.31,2.2545016946597176,4.0122311925472545,11.082420272549738
19.32,2.4386757187873638,4.368910350774067,10.887334112679463
19.330000000000002,2.640838008975804,4.759060101335193,10.714724233212863
19.34,2.8627503933426013,5.186122506360691,10.567668662313439
19.35,3.1061739838717464,5.6535297054972355,10.449235858922332
19.36,3.3728875883895895,6.163815972987976,10.362321176677087
19.37,3.6649554595583194,6.719817024732065,10.312325079593924
19.38,3.98453606432809,7.324953776876173,10.305648903271576
19.39,4.333788066768733,7.982647091955203,10.348693442604032
19.400000000000002,4.715208862936267,8.69564142118487,10.44769295201811
19.41,5.131030691796586,9.464519397608946,10.612524779645385
19.42,5.583065399555605,10.28944444394218,10.854915819382752
19.43,6.073124832418619,11.170579982898191,11.186592965126811
19.44,6.603782483322002,12.10759330761906,11.620220108381384
19.45,7.176028695870565,13.092807065599892,12.171423752891187
19.46,7.788942194504851,14.11498365562048,12.856295808156474
19.47,8.441628852186774,15.162891596448164,13.690994386653797
19.48,9.133870039444897,16.22164108397098,14.694866711142577
19.490000000000002,9.860342943139129,17.262844275768675,15.88113149978133
19.5,10.613632309522613,18.25521009433656,17.259346316207203
19.51,11.386920376078736,19.163317248278922,18.842868229378603
19.52,12.167207288902194,19.9408693773852,20.62740053875695
19.53,12.937859289567303,20.539833632612684,22.596548494018457
19.54,13.681876741911324,20.903379433238413,24.736994025038165
19.55,14.376347994277937,20.987322681483917,26.998235110554226
19.56,14.996439182813372,20.750551340061463,29.319911239571468
19.57,15.515721250777846,20.150776763253425,31.639089407803205
19.580000000000002,15.91220454950668,19.19580449804235,33.86778483521954
19.59,16.161831455854976,17.89357192760197,35.91539368742212
19.6,16.246547945785842,16.27836899100463,37.705581372061104
19.61,16.15983402869832,14.424247827316245,39.170705078724865
19.62,15.893576169930709,12.400903985865996,40.25793939985967
19.63,15.458345935491254,10.303173696133538,40.95419462799844
19.64,14.862832318845388,8.217633663571059,41.25562483492935
19.650000000000002,14.131483397529031,6.222055323509782,41.200192240526114
19.66,13.286786715473571,4.383387650731914,40.8285267362554
19.67,12.357635127920217,2.7404136451361425,40.201826079878096
19.68,11.371972691635177,1.3227765629620274,39.37894767199268
19.69,10.355972979376613,0.13116907011654816,38.417882381309106
19.7,9.334627207473078,-0.8396161806105267,37.37161601839653
19.71,8.3278674313597,-1.6072189357508602,36.28075576924338
19.72,7.352986581597042,-2.1943408867183596,35.17847174035837
19.73,6.422764688161116,-2.6272850808942074,34.088852138385576
19.740000000000002,5.546094143268384,-2.9322439506273534,33.02747439430267
19.75,4.729117842424575,-3.1341021729592047,32.00472913194767
19.76,3.9745178293563956,-3.255234920734688,31.02543274408
19.77,3.28344431052294,-3.3155919510489915,30.091614030510584
19.78,2.6543910327439484,-3.3314115631207732,29.202490632778094
19.79,2.0851103552224477,-3.317032201193909,28.356340876248183
19.8,1.5723804878410375,-3.283286911890127,27.550647900547375
19.81,1.1120234137835312,-3.239856018830371,26.782416642100596
19.82,0.6995176027182334,-3.1934986237467404,26.04875721133463
19.830000000000002,0.33096543721605054,-3.1501375128042852,25.347288205688
19.84,0.0013070146667925053,-3.114024988238958,24.675238781428607
19.85,-0.29395869746809844,-3.088599505116732,24.030462075325136
19.86,-0.559428000864685,-3.076268485964823,23.411063035338483
19.87,-0.7991158554825382,-3.0788503387416646,22.815663814383832
19.88,-1.0172105872655557,-3.0977147179411717,22.242833599704376
19.89,-1.217039682319776,-3.134051933449294,21.691886063009367
19.900000000000002,-1.4025129267928311,-3.188471033624867,21.1617656420224
19.91,-1.5764303521912617,-3.261695627237485,20.652131038594582
19.92,-1.7413922142979734,-3.3544842752237853,20.16283774757399
19.93,-1.901151448377298,-3.466837218634932,19.69335072384798
19.94,-2.057589507845416,-3.5996793516048644,19.24389010282401
19.95,-2.2122166028879087,-3.7541371980389378,18.814818631062273
19.96,-2.367937097848029,-3.9302595984114115,18.40618217594146
19.97,-2.527497111070761,-4.128307854524397,18.018535527071894
19.98,-2.692016541379455,-4.3498477509186175,17.65305187567343
19.990000000000002,-2.862614843288832,-4.5964454223387685,17.31090454938733
20.0,-3.041008390788204,-4.869103128820237,16.993031167611623
20.01,-3.230340647994465,-5.167558357996886,16.700396849531014
20.02,-3.4318268863473396,-5.493466723716075,16.43541390461796
20.03,-3.646506702622535,-5.8486535546567255,16.20059072198162
20.04,-3.8754196935954615,-6.234944179497273,15.99843569073152
20.05,-4.120393748494628,-6.653635682562586,15.831198616420272
20.06,-4.384333808450413,-7.104659725392287,15.702001045407469
20.07,-4.668105925544729,-7.588694573959478,15.615812715230902
20.080000000000002,-4.972474093727465,-8.106472311743785,15.577664576666919
20.09,-5.298202306948484,-8.658725022224782,15.592587580491799
20.1,-5.646448191579756,-9.246151605330791,15.665711364960723
20.11,-6.020065946142465,-9.867404891325407,15.803569822520826
20.12,-6.419051315108404,-10.518304279989426,16.013561642058256
20.13,-6.842880366637192,-11.194478158371405,16.30307601441133
20.14,-7.2910291688890325,-11.891554913520846,16.679502130418733
20.150000000000002,-7.763993807686165,-12.604555104575017,17.151726881287612
20.16,-8.261067339707918,-13.322672615689669,17.728231150767037
20.17,-8.778398069686164,-14.03213733592073,18.413884170410576
20.18,-9.312102620790402,-14.71915939397886,19.21352846542443
20.19,-9.859513917174827,-15.36745333145993,20.13525377523898
20.2,-10.414206903260947,-15.95530505392415,21.17771727514981
20.21,-10.967424509316963,-16.460445687811553,22.33359420281058
20.22,-11.510794203442892,-16.858179483894045,23.598387573346237
20.23,-12.034550525521833,-17.121663356101845,24.961263359419135
20.240000000000002,-12.525998816724668,-17.23181522877891,26.393677250674013
20.25,-12.972128178707806,-17.16845299660186,27.86715245995356
20.26,-13.358672882762267,-16.90654379588802,29.354716123532132
20.27,-13.674176843283423,-16.447659522897506,30.814739863400302
20.28,-13.907722825161237,-15.798357568991158,32.202823232985175
20.29,-14.04522523888506,-14.958415438003417,33.47692967093549
20.3,-14.081351517561258,-13.95386235011442,34.60356876025179
20.31,-14.014056003948728,-12.820778394037664,35.5503123533618
20.32,-13.836885616453387,-11.588678501085177,36.28672209897659
20.330000000000002,-13.55681346500521,-10.300694810914512,36.8077206108406
20.34,-13.182858866355497,-9.002839644204238,37.111452015417754
20.35,-12.720412283279977,-7.731340982955386,37.19917205828839
20.36,-12.184751793497925,-6.518182522721928,37.09293583790958
20.37,-11.589829579767805,-5.394369125745534,36.81306793026475
20.38,-10.949074627474888,-4.376720290417701,36.38387435914518
20.39,-10.278918175965087,-3.4760615133617745,35.83618315688631
20.400000000000002,-9.593742936336161,-2.701067228908082,35.194459401024
20.41,-8.905431332472475,-2.0466834788989674,34.48237588902793
20.42,-8.2257316281673,-1.506072646500279,33.72388796293849
20.43,-7.564875887127753,-1.0724706474736316,32.93641076032098
20.44,-6.930047378205425,-0.7346609402423048,32.133855382442725
20.45,-6.327791267055099,-0.4812386380660332,31.327792094016573
20.46,-5.762234121314742,-0.30026632366620987,30.52654393985567
20.47,-5.236224887526388,-0.18051321212689314,29.73607120321776
20.48,-4.751451656879058,-0.11157198132779644,28.960642232062742
20.490000000000002,-4.308326956068349,-0.08404612820523633,28.202871780480457
20.5,-3.906424032457065,-0.08990206701800599,27.464139849537204
20.51,-3.544608312833648,-0.12196578023657824,26.745198532373163
20.52,-3.2212365390200346,-0.17459267739573714,26.04623385452507
20.53,-2.9344908075117355,-0.2429338884553727,25.367163696123864
20.54,-2.682165765219563,-0.32311097937012906,24.70747732647396
20.55,-2.4618460953054675,-0.4121593808121308,24.066604003694117
20.56,-2.271262000962864,-0.5078638396527542,23.44402546422114
20.57,-2.108046472878662,-0.6085204732019653,22.839122805452096
20.580000000000002,-1.970077334168636,-0.71309124382885,22.25136961002565
20.59,-1.8553841336946497,-0.820808214421878,21.680325665575428
20.6,-1.7613774934976636,-0.9315562346444949,21.125423929117872
20.61,-1.6868937585972674,-1.045262692351336,20.58630452946526
20.62,-1.6309592787643885,-1.161818251611616,20.062637535071424
20.63,-1.5912269454307661,-1.2818883252999453,19.55407848399395
20.64,-1.5658559714854343,-1.406555242729889,19.060408694541692
20.650000000000002,-1.5547213704201246,-1.5362950391699979,18.58148961506195
20.66,-1.5576983014536054,-1.6715836844465524,18.117182698316707
20.67,-1.574648050123528,-1.8129047290525462,17.667349399214576
20.68,-1.6037918339702821,-1.9618309691149032,17.231921414679366
20.69,-1.6442052477539209,-2.1201078507016615,16.81106208588432
20.7,-1.6962467768735678,-2.28891096568726,16.404982080682306
20.71,-1.7602749067284125,-2.4694159059463696,16.013892066925607
20.72,-1.8366312578327535,-2.662803285017245,15.638000480513993
20.73,-1.9248084615957186,-2.870707154465687,15.277551619760308
20.740000000000002,-2.024978105546181,-3.0951610951177915,14.93332412311073
20.75,-2.1379163880731915,-3.3381289307174056,14.60625810477389
20.76,-2.2643995075659213,-3.601574485008638,14.297293678958074
20.77,-2.405194747286367,-3.887447001875273,14.007357722832069
20.78,-2.560895350652018,-4.197399199978022,13.737315545150798
20.79,-2.7325435898700405,-4.5337857876286165,13.489234398971606
20.8,-2.921371873038855,-4.899267147686215,13.265551109562567
20.81,-3.128612608256627,-5.296503663009473,13.068702502192098
20.82,-3.355528666560706,-5.727968812029972,12.900969327388207
20.830000000000002,-3.603640265280524,-6.195436879572527,12.765201740890559
20.84,-3.8745474557367348,-6.701384796689244,12.666399856957998
20.85,-4.169844219339252,-7.24839218544048,12.60973534008103
20.86,-4.491124709544182,-7.839038681550609,12.600379610738214
20.87,-4.840471164264844,-8.475375328025727,12.643442484345046
20.88,-5.219604136713916,-9.157233351285027,12.746982228749806
20.89,-5.629632744508924,-9.883866716863471,12.92051197243676
20.900000000000002,-6.071666105266995,-10.654529390295306,13.173544843890078
20.91,-6.547010506925483,-11.46848016472765,13.51580587966847
20.92,-7.057459772250923,-12.321566136151732,13.959316810164527
20.93,-7.601927897352438,-13.20346802898037,14.516160647668203
20.94,-8.178831280365753,-14.103306181091932,15.19816946601266
20.95,-8.787097258378695,-15.009835796641388,16.018466937249475
20.96,-9.4244593992294,-15.90403344060086,16.99024089114963
20.97,-10.083956119748473,-16.759943036727105,18.118483532954095
20.98,-10.758529266812603,-17.551066056853706,19.40841102436468
20.990000000000002,-11.440853601200624,-18.24455611934846,20.866138513454853
21.0,-12.117600307458035,-18.803916355306804,22.476937038355604
21.01,-12.77441850927331,-19.191470434513956,24.223539190694513
21.02,-13.395691162932252,-19.363630702090834,26.087392574050682
21.03,-13.962632520103396,-19.294121403091072,28.0202983973277
21.04,-14.455412509002329,-18.956547755447357,29.97069624666541
21.05,-14.852577753556085,-18.324322453596093,31.886198877980945
21.06,-15.139232291752103,-17.41466227176879,33.70013461177364
21.07,-15.299547181874297,-16.246143776617487,35.34422587823239
21.080000000000002,-15.319059488209591,-14.844465894929801,36.76270752289656
21.09,-15.19730856251118,-13.270973306250422,37.914199671077355
21.1,-14.928556669737524,-11.58133790965411,38.758133883087154
21.11,-14.522331855683538,-9.841891723931035,39.2912735217124
21.12,-13.99183002369543,-8.122345360382798,39.51841712197257
21.13,-13.350124533843735,-6.475453179880972,39.45785935432721
21.14,-12.620227884650323,-4.94808863411174,39.14919663161343
21.150000000000002,-11.821296482944176,-3.5751776534233515,38.62887079643879
21.16,-10.976549364143734,-2.3715725783482737,37.944581570039624
21.17,-10.107139214532314,-1.3484933169574322,37.138083190807414
21.18,-9.231216445693576,-0.4990050866051856,36.24694079290874
21.19,-8.365899037629758,0.18733904526846146,35.305838901631574
21.2,-7.524909598316932,0.7252560645157191,34.34039997928255
21.21,-6.719200946871289,1.133248862636938,33.37109766230921
21.22,-5.956861850938691,1.4306564473961996,32.41248747872026
21.23,-5.243458983050529,1.6363818448683944,31.47471411329806
21.240000000000002,-4.581958333303982,1.7679714388511825,30.563978906705
21.25,-3.973848201061571,1.840983378262762,29.683531031087583
21.26,-3.4188800188370267,1.869218452207429,28.83476339597943
21.27,-2.91561848460991,1.864219149234528,28.0176375724392
21.28,-2.461913324689441,1.8359424711154724,27.231245281843233
21.29,-2.0547304812738676,1.792122380587228,26.474194155726014
21.3,-1.6910204842546583,1.7393305101606953,25.74484568155729
21.31,-1.3669360861130855,1.682468506535651,25.04149555386189
21.32,-1.0792764961711705,1.625613661425447,24.362627298480604
21.330000000000002,-0.824000678869359,1.5719530289294903,23.70650492940097
21.34,-0.5977168556565929,1.5235620906408005,23.07173594412385
21.35,-0.3976854321891182,1.4825332951084491,22.457186747431408
21.36,-0.22003213318267184,1.4498454817768167,21.86176829724392
21.37,-0.06206707906849468,1.4264621590372841,21.284483801113353
21.38,0.07902414887158735,1.4129811744161596,20.72444719174814
21.39,0.20587162936800024,1.409713480696069,20.181055158978626
21.400000000000002,0.32074640180676806,1.4169889479438127,19.65367140940928
21.41,0.42593926407881183,1.4349073832148833,19.14179649021338
21.42,0.5234270555280828,1.463663666145355,18.644927603550563
21.43,0.6148805204998471,1.503448152737244,18.162665673781987
21.44,0.7019842152872224,1.5544329083137483,17.694715140238124
21.45,0.7863295500313845,1.616778962892128,17.240790840817617
21.46,0.869051778587766,1.6909938711491939,16.800617425531232
21.47,0.9516144059129995,1.777296943333699,16.373992871566944
21.48,1.0354418528942855,1.8760469116798324,15.960922057274855
21.490000000000002,1.1213030921406033,1.988248426040458,15.561414742785436
21.5,1.2100127039215212,2.1148468416532795,15.175471057153237
21.51,1.3031545362911916,2.2559881133039394,14.803067212675646
21.52,1.4018228614013615,2.4128114151856925,14.444515217797658
21.53,1.5068419164638382,2.5868435916261796,14.100206317345535
21.54,1.6190384118707974,2.7796055636627797,13.770530052499641
21.55,1.7396938465899734,2.991810994596076,13.455748109637526
21.56,1.8701684078087648,3.2249409598905405,13.156696569870517
21.57,2.0115702442368173,3.4812812544410554,12.874517367887576
21.580000000000002,2.16500750458364,3.7631176731422595,12.610352438377983
21.59,2.3317758548266254,4.072269082548546,12.365198930943238
21.6,2.5136017305418203,4.410323845950785,12.140640672729864
21.61,2.7119658410505663,4.780242355341445,11.939281011828268
21.62,2.9283349701055634,5.185034205686342,11.763749906832583
21.63,3.164230410732995,5.627492321920043,11.616545457493887
21.64,3.421610639625067,6.109386368881729,11.50060984066885
21.650000000000002,3.7024377720397315,6.6335648840478925,11.421174211674982
21.66,4.008641682560841,7.203080361422195,11.383707024707888
21.67,4.342171725806765,7.820974706923403,11.393639490514598
21.68,4.705434707789735,8.489287655555556,11.45656014239937
21.69,5.100317496464537,9.208350430144302,11.581778286200187
21.7,5.528415891808265,9.978339139034135,11.779588787311402
21.71,5.991325693798597,10.799429890570615,12.060286511127597
21.72,6.491487247111562,11.671648390618712,12.434961882399822
21.73,7.030006611295859,12.588470688059036,12.917317767291781
21.740000000000002,7.605790123842047,13.539470477645716,13.52143290514709
21.75,8.217733816337581,14.514210208002279,14.261383784745856
21.76,8.865547111856966,15.501006445143744,15.153277365037303
21.77,9.546124132158983,16.47697231617054,16.211155754576442
21.78,10.252203919382572,17.41358270582338,17.44252800710187
21.79,10.977002666002043,18.28112866356613,18.85684525462175
21.8,11.711539533321384,19.04082045597248,20.458223087555425
21.81,12.440606746264715,19.65052335506559,22.230689238656687
21.82,13.148900507334886,20.06364165710357,24.160938691280585
21.830000000000002,13.818090106355093,20.233792264472214,26.219655120113256
21.84,14.426275576226848,20.129387325200053,28.350743187493983
21.85,14.949785067016165,19.70989182785205,30.50039677587381
21.86,15.366907485112453,18.962261845712966,32.601086754559375
21.87,15.659461462323591,17.903788287258738,34.57244613692372
21.88,15.805387312102765,16.54433966216918,36.33799215210013
21.89,15.796641131345968,14.938234284056074,37.83933048585371
21.900000000000002,15.626584757971504,13.15034465881496,39.01933534833649
21.91,15.294131845155906,11.248644711346353,39.84830360789818
21.92,14.814106863077754,9.319145598659084,40.32632895370061
21.93,14.196215139297342,7.433621797553064,40.458154117135756
21.94,13.464184663080093,5.652742727683183,40.28373738392268
21.95,12.639709741085797,4.0295281352043295,39.84304185551628
21.96,11.748398124978332,2.590275220187719,39.1898228015185
21.97,10.81580151422516,1.3559497143322399,38.37628074225159
21.98,9.863903860542168,0.32387937470006634,37.44907329545531
21.990000000000002,8.914168980041149,-0.5160123490284082,36.45370052719361
22.0,7.983570246942867,-1.1784759530403575,35.42295887303
22.01,7.086235499700715,-1.6844092797524284,34.38393430624192
22.02,6.232764966763389,-2.056786854979521,33.356019733775895
22.03,5.430625309275771,-2.3180611282450054,32.352259842151184
22.04,4.684544462170692,-2.4898745477938813,31.38105826354473
22.05,3.9965449265643636,-2.591119972395769,30.446485679432453
22.06,3.3671287256321367,-2.6388272966709914,29.55047880360499
22.07,2.794928788142853,-2.647132487595419,28.69255096585153
22.080000000000002,2.2777412900994563,-2.6282518722431116,27.871532595706345
22.09,1.8124121572560707,-2.5916133028846327,27.085467236263952
22.1,1.3951939558346431,-2.545639362483094,26.33204351569311
22.11,1.022043649759615,-2.496102637067433,25.608948205368335
22.12,0.6893485220795703,-2.448177117927252,24.914174399920498
22.13,0.3923737591495514,-2.4054731068373894,24.245509943644006
22.14,0.12746387456197683,-2.3710071784482216,23.601340706625816
22.150000000000002,-0.10931904974578852,-2.3471782922075586,22.980059092904742
22.16,-0.3219056353342463,-2.335285024025066,22.3803349453312
22.17,-0.5135654255605134,-2.3367471597854452,21.801019674130856
22.18,-0.6878315732347035,-2.3522736631626446,21.241181384155755
22.19,-0.8478934801364069,-2.382587979524285,20.700205182559166
22.2,-0.9964851909725125,-2.428165781540914,20.177357894958508
22.21,-1.135753643314798,-2.4896775228619674,19.672285340152357
22.22,-1.2687817095218819,-2.5671609411431384,19.18449481061662
22.23,-1.3973897112954832,-2.6613053543664207,18.713932722730036
22.240000000000002,-1.5231923848813522,-2.772902788603524,18.260606974286933
22.25,-1.648863863135631,-2.90191185301146,17.824365321270243
22.26,-1.7760522142107371,-3.0491714940023735,17.405453592630664
22.27,-1.9058842526099007,-3.2159486867595537,17.004256084773196
22.28,-2.039672798380498,-3.4033206289124776,16.621107956892153
22.29,-2.1799489075927068,-3.6113052555524066,16.256304752881775
22.3,-2.328081096092484,-3.841425718267674,15.910939399324233
22.31,-2.4851372388246293,-4.095539474318336,15.586226599473445
22.32,-2.652185210734159,-4.375503980964794,15.283381056582856
22.330000000000002,-2.8311213437286775,-4.682216071484497,15.003296058216879
22.34,-3.0239719373324814,-5.016812608542012,14.747834258483492
22.35,-3.231932384767048,-5.381597383839408,14.519711711307203
22.36,-3.4561979231959676,-5.778874388643769,14.321644579733306
22.37,-3.6980407634086587,-6.210878225790847,14.156283873045247
22.38,-3.959892600998816,-6.6786173580514605,14.026138965019518
22.39,-4.2434365999327195,-7.1833659805794055,13.936251564732437
22.400000000000002,-4.549942357785715,-7.726718614056963,13.892257085252513
22.41,-4.880679472133123,-8.310269779166358,13.899790939648199
22.42,-5.237188648750705,-8.935659651938778,13.964448132693443
22.43,-5.622281730327652,-9.602999319622505,14.092865353804974
22.44,-6.0364928091646695,-10.309063158822067,14.29410451306493
22.45,-6.479908145839166,-11.050305455945837,14.577467076656424
22.46,-6.952614000929157,-11.823180497403209,14.952254510762916
22.47,-7.455064758372309,-12.62396999043104,15.428323061031223
22.48,-7.987982627456213,-13.44364897742976,16.017599078749402
22.490000000000002,-8.54824153877954,-14.267227348520002,16.72870832277243
22.5,-9.132258354439918,-15.079410317530666,17.569754647087358
22.51,-9.737240214948319,-15.863494810389946,18.551232064156803
22.52,-10.357669108064623,-16.594800648735383,19.67807358234524
22.53,-10.984206076136267,-17.24587015823019,20.94565870947164
22.54,-11.60786567824107,-17.787302804897163,22.351905821256953
22.55,-12.21791555835183,-18.18493469376932,23.889237279542577
22.56,-12.799163254814466,-18.410819100278744,25.527537111094958
22.57,-13.335997509777037,-18.435544134499498,27.236507576110032
22.580000000000002,-13.811788267098436,-18.225867315414618,28.985049978541348
22.59,-14.211166524098022,-17.77722329080749,30.72062353859353
22.6,-14.518269099929688,-17.087311081581667,32.38781149248422
22.61,-14.715437959444186,-16.152589132432066,33.93507139924921
22.62,-14.795743626444477,-15.00825864489765,35.31464745995689
22.63,-14.75171539518851,-13.691800994760392,36.4780383109797
22.64,-14.577597987802871,-12.242608670175283,37.391819795557545
22.650000000000002,-14.280679177958081,-10.719840232635383,38.042712748733045
22.66,-13.863733537891918,-9.176484720207213,38.4176733180554
22.67,-13.34153980405087,-7.662355736101078,38.53330765689571
22.68,-12.729939345415245,-6.226420885157575,38.409875651404136
22.69,-12.044307135470252,-4.900885780664168,38.07485145638871
22.7,-11.305557573133838,-3.710235837708852,37.56713365280662
22.71,-10.531105740911169,-2.671058312501243,36.919500785278906
22.72,-9.738623546907823,-1.7828300553028156,36.16818235915424
22.73,-8.944945407879255,-1.0439938632506087,35.345928679711875
22.740000000000002,-8.163157850579752,-0.445151294082087,34.47772841001338
22.75,-7.4050530431576504,0.02677615484136897,33.586003370121404
22.76,-6.67969746364077,0.3866620016323694,32.68746451953325
22.77,-5.993812154793259,0.65037480379576,31.794634025514043
22.78,-5.352127330740435,0.8335015353124683,30.916262752717575
22.79,-4.757396725918284,0.9504499179579762,30.05814140327314
22.8,-4.2107878212315795,1.014449449501134,29.22373168720762
22.81,-3.712196749540503,1.0367719697823772,28.414596778900563
22.82,-3.260545916360503,1.0273561257316375,27.631387591144165
22.830000000000002,-2.8538665441777016,0.9946727148726444,26.87379707132545
22.84,-2.489829303942031,0.9453436850261746,26.141016483410606
22.85,-2.1656403351793525,0.884885690943249,25.432087685531105
22.86,-1.8782682160414947,0.8176413005036984,24.74585205397951
22.87,-1.6249649019984176,0.7472016791980458,24.081202928259863
22.88,-1.4022432897265764,0.6760495079314528,23.436882491327772
22.89,-1.2076328246258763,0.6060886598946524,22.811939097909033
22.900000000000002,-1.0379300871837145,0.5387122258618133,22.20533796528475
22.91,-0.8903827100508381,0.4747225079639945,21.616158319699537
22.92,-0.7631779479779065,0.415069084263145,21.04365025465023
22.93,-0.6532316508776393,0.3597923069630735,20.487147892200078
22.94,-0.5586360438463915,0.30896069954815264,19.946031984824717
22.95,-0.47812785396877905,0.2628903042301652,19.419672963476238
22.96,-0.40929131028626053,0.22102483853056126,18.90754820775772
22.97,-0.35058331154854344,0.18309255094532423,18.409232310971667
22.98,-0.3011174921327542,0.1492090933006866,17.92429090379684
22.990000000000002,-0.25949462244275795,0.11893043905937496,17.452250448753112
23.0,-0.22436770646884913,0.09153955092733967,16.992694855344507
23.01,-0.19517843883154362,0.06697974881410024,16.54530071670043
23.02,-0.17115110579668003,0.044981993483300065,16.109732488202713
23.03,-0.1512613339854869,0.02490491734212455,15.685662987452904
23.04,-0.1351441745204707,0.006623554732256287,15.272824277101966
23.05,-0.12239179214184752,-0.010039342439772888,14.870925595517205
23.06,-0.11235014930798218,-0.025579929916043687,14.479599182240351
23.07,-0.10476084412225421,-0.04014825873919131,14.09861490950739
23.080000000000002,-0.09925494970304617,-0.054021328803602074,13.727733635796122
23.09,-0.0955856400322112,-0.06750620398718854,13.366598127263787
23.1,-0.0935796320225408,-0.08082887863640273,13.014897889809909
23.11,-0.09294202275994218,-0.09418484236102917,12.672535423001811
23.12,-0.09369094495103333,-0.10764002596440653,12.339179031451227
23.13,-0.09571021977070103,-0.12140480141181459,12.014529782874034
23.14,-0.09880517392530973,-0.13579918213308534,11.698414890289534
23.150000000000002,-0.10298121855835454,-0.15097549427223023,11.390651590839056
23.16,-0.1082448455651569,-0.16708509638023114,11.091056895444158
23.17,-0.1145929346069772,-0.18428833417441418,10.799434836638232
23.18,-0.12200316454696855,-0.20281886464178844,10.51552162016424
23.19,-0.13053967526314283,-0.22291378783610327,10.239106397120976
23.2,-0.1402781440583303,-0.24480520609305284,9.969989514272662
23.21,-0.151292181826346,-0.2687126018949434,9.707983385611277
23.22,-0.1636514540644902,-0.29479285720953674,9.453001867770226
23.23,-0.17747007606149756,-0.3233994626594132,9.204851654246596
23.240000000000002,-0.192870592177093,-0.3549296622503119,8.963305942715175
23.25,-0.20997515381441018,-0.3897453875677541,8.728153644191528
23.26,-0.22892564340059776,-0.4280705672536434,8.499304971402925
23.27,-0.24990058661288084,-0.4703879512731687,8.276650052992537
23.28,-0.2730815010293092,-0.5172244002729425,8.060066432833258
23.29,-0.2986951442449848,-0.5689944336916561,7.849459841749186
23.3,-0.32708017878792517,-0.6261536972579308,7.6447592528094495
23.31,-0.3585455647095148,-0.6894886532051436,7.445837678999124
23.32,-0.3933986202258255,-0.7597897240219618,7.2525672074829455
23.330000000000002,-0.43196902835783757,-0.837629630545476,7.06489676219232
23.34,-0.4746878887287695,-0.9238887055509393,6.8828566862334455
23.35,-0.5220112869189948,-1.0196750764417537,6.706466035622048
23.36,-0.5743903321730918,-1.1260170822363993,6.535752742051727
23.37,-0.6323688237207192,-1.2437997869868964,6.370823518169465
23.38,-0.6966809755562156,-1.3745682814523377,6.211803947350756
23.39,-0.7680756919707725,-1.5199494737680694,6.058816440213028
23.400000000000002,-0.8471792755930276,-1.6813495934934057,5.912025709366973
23.41,-0.934858961106019,-1.8605603186373294,5.771876374922946
23.42,-1.032273982546549,-2.0598717152743173,5.638917088972139
23.43,-1.140519677624983,-2.2814617017381,5.5136778040344545
23.44,-1.2605185219408843,-2.527294091074062,5.396843253773336
23.45,-1.393826359448937,-2.800588444675527,5.289614287778023
23.46,-1.5420956204860756,-3.104744081433944,5.193244557504748
23.47,-1.706726262921182,-3.442439917836473,5.108855846828507
23.48,-1.8895338950051663,-3.817328238657765,5.038568007613519
23.490000000000002,-2.092703075416524,-4.234022092283486,4.985031466346637
23.5,-2.3183070727484716,-4.69671630896293,4.950788811519606
23.51,-2.568580042569848,-5.209189186852162,4.939347905848563
23.52,-2.8465711517999828,-5.777123848772213,4.955924139282892
23.53,-3.1553431393684126,-6.406262878037468,5.005769179879924
23.54,-3.497500237031341,-7.100938920002922,5.094654227684526
23.55,-3.8765007254350143,-7.866434448489721,5.232148634955542
23.56,-4.2961312272363825,-8.708627871775358,5.42862591664458
23.57,-4.759890283218191,-9.632268429520941,5.694538962563922
23.580000000000002,-5.271284109063242,-10.6396298975929,6.045391205302987
23.59,-5.834123836315026,-11.732900665093585,6.4991843833250105
23.6,-6.452123360589379,-12.91296515331405,7.074577860065352
23.61,-7.127516605872053,-14.173314122953915,7.7955359150427705
23.62,-7.86190461274172,-15.50501733014707,8.688181712889989
23.63,-8.656984408640561,-16.89485042401604,9.781248698034918
23.64,-9.509894414892198,-18.31371002985415,11.103426692667837
23.650000000000002,-10.41695507735308,-19.72920410419659,12.684276479578035
23.66,-11.372151267739723,-21.09477457860886,14.553176137368357
23.67,-12.359951164754857,-22.344777973118845,16.71887600075226
23.68,-13.36442523027513,-23.408043526402817,19.19155532862159
23.69,-14.362393730377796,-24.197763581382105,21.955929145723125
23.7,-15.322533300947455,-24.62473636649211,24.963911052091614
23.71,-16.210452482434725,-24.593200114906132,28.156097144493238
23.72,-16.98616106006881,-24.046882272076793,31.412812927639568
23.73,-17.605267421842893,-22.92241427499909,34.608661171091704
23.740000000000002,-18.031765910017175,-21.23766541370406,37.595231858617325
23.75,-18.231181999027307,-19.04096753352756,40.215093939221575
23.76,-18.180618830998633,-16.424762217239614,42.34744862291062
23.77,-17.870941199807167,-13.532920994099062,43.89491158804636
23.78,-17.30797779191927,-10.517587162874499,44.82340603880718
23.79,-16.51448438432126,-7.545379010366475,45.14596166850614
23.8,-15.52172918686517,-4.745907061860347,44.92463533074489
23.81,-14.370550134732344,-2.2283167187900648,44.25121679394719
23.82,-13.106423013473089,-0.05049030607788696,43.23766395118228
23.830000000000002,-11.773440146439647,1.75836246627895,41.99138189464871
23.84,-10.413288657175974,3.2095601966805267,40.61303733336987
23.85,-9.061279845531104,4.328504878973254,39.18112965613403
23.86,-7.745233987695995,5.160835110695416,37.75632904549988
23.87,-6.487510751236266,5.751103145078654,36.37964855025626
23.88,-5.302995714673696,6.147452109205781,35.07691106708168
23.89,-4.200936858593037,6.39194993591074,33.86036446443141
23.900000000000002,-3.1862664264481637,6.523579550593171,32.73466430701846
23.91,-2.259650810449988,6.572981055609888,31.69775945340276
23.92,-1.4191101086124411,6.567251247215417,30.744764276799668
23.93,-0.6608162819580166,6.52613275774433,29.868642848646378
23.94,0.02038236396005777,6.4661871576528664,29.062460006492365
23.95,0.6310866793117609,6.4000639382535764,28.318304411440476
23.96,1.1772248225836528,6.336823654254035,27.630107323087227
23.97,1.6660385390628099,6.283925501210963,26.99146035910896
23.98,2.104011235331242,6.246078724604168,26.397688419108064
23.990000000000002,2.4977550958538193,6.2271406139849805,25.844476098729
24.0,2.8539510403848283,6.229242424838403,25.32826627095462
24.01,3.176906979066198,6.254569009419853,24.847284230776683
24.02,3.4732193470840427,6.303948281229334,24.398965917459876
24.03,3.748277255815976,6.377364817834142,23.98194397159439
24.04,4.004813189450098,6.475630069249963,23.59614533179185
24.05,4.246374001586615,6.599184487953032,23.241236947836853
24.060000000000002,4.479944621526345,6.746351113531643,22.916078417314864
24.07,4.707551695184227,6.916858065805038,22.62156189352832
24.080000000000002,4.930356913451514,7.110766987735317,22.358887540341915
24.09,5.149524062787513,7.328138906875294,22.1292550759205
24.1,5.3707982260229175,7.567405202187599,21.93298714021762
24.11,5.598404184758698,7.826353573117732,21.77110289793994
24.12,5.831807821670368,8.103908084233108,21.645723079197193
24.13,6.070475019433113,8.398992800100762,21.55896841409931
24.14,6.313871660722454,8.710531785288133,21.512959632756075
24.150000000000002,6.561463628213659,9.03744910436235,21.509817465277372
24.16,6.814254497180125,9.378099819574663,21.551742974309242
24.17,7.077075544905644,9.72799466250418,21.64070514703254
24.18,7.349033688349028,10.083022963942627,21.77784757035921
24.19,7.628661713523245,10.439210594766235,21.964260869904134
24.2,7.914492406440873,10.79258342585074,22.201035671281964
24.21,8.2058407119084,11.138852747818492,22.49024894554752
24.22,8.50322367915992,11.471840756938427,22.834676232893507
24.23,8.803578319045453,11.78513367162861,23.231603956357933
24.240000000000002,9.103543597024458,12.072367995522068,23.677902223050655
24.25,9.399758478556398,12.327180232251866,24.170441140081454
24.26,9.689296903240603,12.542138903250594,24.707404487146146
24.27,9.969841325411968,12.708050911611082,25.287152370724677
24.28,10.237138357272888,12.820164060337152,25.90026010449192
24.29,10.486783088046826,12.874085868721831,26.536768911047382
24.3,10.714364174937492,12.865388598867504,27.186735111407216
24.310000000000002,10.914639893750637,12.784943551752356,27.842331625109097
24.32,11.083833864010638,12.631143439791336,28.492864708277924
24.330000000000002,11.219286206602895,12.408392453201337,29.125141618266227
24.34,11.318337042412594,12.121094782199526,29.72596961242561
24.35,11.377718739720178,11.772446760769391,30.282228266504656
24.36,11.393285062375053,11.36361425622197,30.783572216806856
24.37,11.36588053831086,10.905273316375391,31.222899514923938
24.38,11.296929037179964,10.409226209402572,31.59327570663245
24.39,11.186323367929923,9.885877478536402,31.88652787712963
24.400000000000002,11.033568820115798,9.343750611859498,32.097507817760174
24.41,10.843412083322699,8.794725401251494,32.228429595867254
24.42,10.620803257173847,8.250836630685798,32.28173892363349
24.43,10.36884313185125,7.722928803608705,32.25760620162
24.44,10.090945826439626,7.217986468329832,32.15938231248319
24.45,9.793007820137841,6.7423237796499045,31.995033123617834
24.46,9.480847769493167,6.302353146967855,31.772280907310318
24.47,9.158854476666376,5.90401407011671,31.49567841306501
24.48,8.831403080142676,5.548450605853445,31.17240445529771
24.490000000000002,8.50314522081455,5.235883082341758,30.81081363571175
24.5,8.178803511939076,4.966714772208491,30.41905098453426
24.51,7.863042354672144,4.742235931392977,30.002233292935173
24.52,7.558382677144556,4.560301965639433,29.565356233491812
24.53,7.266953352872893,4.417985434695533,29.11387036744526
24.54,6.990883255374156,4.312358898309182,28.653226256037204
24.55,6.732485538285341,4.240829445085462,28.188486010410102
24.560000000000002,6.494016632044979,4.2020666496944115,27.72221473001846
24.57,6.276065020891575,4.193547251011464,27.256977018840757
24.580000000000002,6.079068422536821,4.212573264091056,26.795465639625572
24.59,5.903465247358406,4.256448931472002,26.340372885460802
24.6,5.749804298088465,4.323409503043698,25.894000607552783
24.61,5.618186445998868,4.412302307694823,25.45782979964322
24.62,5.508444299809719,4.521567549487413,25.033273753120607
24.63,5.420410468241299,4.6496454324833625,24.621745759374047
24.64,5.353830271423518,4.795201391611374,24.22473953849743
24.650000000000002,5.308004545301163,4.958350692806738,23.84405295421788
24.66,5.282647571851788,5.138610961195482,23.48093965866921
24.67,5.277557936236212,5.335315544743043,23.13656405597548
24.68,5.292534223615273,5.547797791414591,22.812090550261253
24.69,5.327375019149817,5.775391049175585,22.50868354565062
24.7,5.381553522977855,6.018712002282677,22.228036088530523
24.71,5.454316843305824,6.279236587958831,21.972541424726934
24.72,5.545472120377184,6.556207803813666,21.743930471008824
24.73,5.654836441307817,6.848829207940287,21.54392012165204
24.740000000000002,5.782226893213511,7.156304358431503,21.374227270932682
24.75,5.927460563210028,7.477836813380106,21.236568813126812
24.76,6.090354538413289,7.812630130879232,21.132661642510346
24.77,6.270728119346331,8.159900359818142,21.064235629205136
24.78,6.468515317977441,8.52017912054178,21.034835513883785
24.79,6.682937963087113,8.892209844590283,21.04764473727055
24.8,6.912874835008339,9.273261554838347,21.104624624997452
24.810000000000002,7.157204714073884,9.66060327416028,21.20773650269653
24.82,7.414806380616492,10.051504025430374,21.35894169599974
24.830000000000002,7.685152265993002,10.443291493042853,21.561305786458277
24.84,7.967826663587891,10.831808907723639,21.81831498695514
24.85,8.260290348060401,11.211274444750158,22.129706677545386
24.86,8.559919401470584,11.575866356777222,22.495065185491793
24.87,8.864096664271257,11.9197572649362,22.913996237684415
24.88,9.171268933720897,12.235716422993894,23.389383170913426
24.89,9.478312952741122,12.516032124379288,23.918821919678834
24.900000000000002,9.780766535418115,12.75372328277963,24.495600853312833
24.91,10.074167495838068,12.941808811882229,25.11300834114754
24.92,10.35406888861467,13.072716839320838,25.764882787949865
24.93,10.61613182447281,13.13583554883533,26.44734861333244
24.94,10.855878446406402,13.128094787112174,27.148487952715094
24.95,11.068793586010825,13.048081203089632,27.85474071274701
24.96,11.250355995093146,12.894363466544098,28.552549996202302
24.97,11.39449681031683,12.661077910489551,29.22966077324805
24.98,11.497742406868534,12.350552452703614,29.87420328418103
24.990000000000002,11.558848704476556,11.971823628253437,30.473526289118244
25.0,11.576571622869253,11.533927972206271,31.014978548176764
25.01,11.547514887105299,11.042766330494176,31.48558489575005
25.02,11.470750346845522,10.506938417947975,31.878147848887746
25.03,11.349525229013441,9.940618163849413,32.18916686428168
25.04,11.186693775770344,9.357765085451128,32.414708985957766
25.05,10.982182181304621,8.769301267332189,32.54957546225431
25.060000000000002,10.74079894238076,8.186098093365674,32.59772975396098
25.07,10.468679581417451,7.61947354893251,32.56499100221366
25.080000000000002,10.17087469961163,7.080478910784293,32.455378502567726
25.09,9.851206375097322,6.5761762976677485,32.27285129098166
25.1,9.51576701154764,6.111003494881841,32.02684188634308
25.11,9.170720420025596,5.689418242173609,31.72685416978325
25.12,8.821501684218541,5.316127760268852,31.379292733893326
25.13,8.472345081342993,4.991125387903479,30.991137381863933
25.14,8.127387876760686,4.712954987621011,30.57059923651672
25.150000000000002,7.790775812149246,4.480174106910154,30.12587475167643
25.16,7.466988084620698,4.292280228050836,29.663020922229215
25.17,7.158613460207792,4.147014944526279,29.186323237462048
25.18,6.867363771255796,4.0409623737357325,28.700579736417065
25.19,6.594950850109553,3.9707066330782674,28.210588458135724
25.2,6.343430313859606,3.933474080254949,27.720492118826158
25.21,6.114134027648419,3.9271822183485297,27.232654488280545
25.22,5.907318272646879,3.9490849257202894,26.749409294616186
25.23,5.723232703747632,3.9964293159953996,26.27309421823534
25.240000000000002,5.562122782831234,4.066787076151022,25.80603424285119
25.25,5.424009880602936,4.158967143637131,25.350017946497076
25.26,5.308697277026418,4.271503114249431,24.906324920220747
25.27,5.2159818828143125,4.4028833959334275,24.476220218112758
25.28,5.145626074622515,4.551643622302595,24.06098636465437
25.29,5.096662534701389,4.717580613130444,23.66223842024024
25.3,5.068582571286266,4.900518625613294,23.281268423994845
25.310000000000002,5.061193625186963,5.0999449239544505,22.91919523506435
25.32,5.074303137213265,5.315346772357197,22.577137712594887
25.330000000000002,5.107718548174976,5.546211435025048,22.256214715732227
25.34,5.161000972162205,5.792734532462613,21.9578060662361
25.35,5.233079461857217,6.057019132656958,21.68432781263381
25.36,5.323798658308926,6.338645530229649,21.437675547673745
25.37,5.433097268860495,6.636928393476286,21.219665113984163
25.38,5.560914000854944,6.951182390692057,21.03211235419365
25.39,5.707187561635465,7.280722190172581,20.876833110930512
25.400000000000002,5.871856658545111,7.624862460213148,20.755643226823253
25.41,6.054859998926916,7.982917869109027,20.670358544500335
25.42,6.256142529988571,8.354408416822874,20.62305466459277
25.43,6.475351924509062,8.739944554494945,20.618207842174932
25.44,6.71141837465161,9.137318603581734,20.65868195880622
25.45,6.963189177110502,9.543687480435025,20.74673358398083
25.46,7.229511628580371,9.956208101407176,20.884619287193058
25.47,7.509278975539365,10.37204798445713,21.074666949453636
25.48,7.802769389412727,10.787971048571176,21.32138909764222
25.490000000000002,8.108307613228131,11.198251761198595,21.62636622282612
25.5,8.423097751215408,11.596558692350662,21.98945661166179
25.51,8.74434390760473,11.976560412039076,22.410518550806074
25.52,9.069694188153532,12.331476906866323,22.89071385429503
25.53,9.39730070384179,12.652471262538949,23.432265162796096
25.54,9.722572264604777,12.931497409484889,24.028805094230474
25.55,10.04066686385247,13.160666292977897,24.67320381702768
25.560000000000002,10.346742583780955,13.332087185706134,25.358333167393244
25.57,10.636152365297464,13.434470399494318,26.080129301436642
25.580000000000002,10.904079649061142,13.4607646266974,26.829053006521193
25.59,11.14545459082151,13.40894112149797,27.59025686154585
25.6,11.355207346328445,13.276971138078588,28.34889344541064
25.61,11.52696079076814,13.058973122605375,29.090777955528615
25.62,11.654948205632056,12.751732302226019,29.802756529143732
25.63,11.73773826903751,12.36554323915653,30.470608555945756
25.64,11.774009089157126,11.911033976716924,31.080074901935838
25.650000000000002,11.762031699683368,11.39818287388001,31.616785002783317
25.66,11.697856747728032,10.832602373675828,32.068863552541146
25.67,11.583693788789313,10.228125211157295,32.43219440753448
25.68,11.423177590793344,9.60069096372291,32.7036847359276
25.69,11.217775014505552,8.964543372113923,32.878078600915835
25.7,10.970161235504639,8.331219568587084,32.955484793682906
25.71,10.687087810752159,7.713185076983572,32.94265378817426
25.72,10.374926660407906,7.122897789138526,32.845661592626406
25.73,10.037745807631062,6.569905365581742,32.668019057907415
25.740000000000002,9.681772400559726,6.059205242012597,32.419477120657824
25.75,9.313733878918711,5.595449539109423,32.11085887587859
25.76,8.93990912078449,5.18393323610454,31.750418811443446
25.77,8.565176177352145,4.825599629734615,31.34521114067223
25.78,8.194161664867476,4.518566013869528,30.9042681265656
25.79,7.831492262209425,4.260949828854498,30.436621901052607
25.8,7.48190637764212,4.0518618405433235,29.949444195903293
25.810000000000002,7.148327044676251,3.888999290093926,29.447379626724178
25.82,6.832692830724149,3.7684418501674095,28.935595289762325
25.830000000000002,6.536943341881637,3.6862704477997483,28.41925777354905
25.84,6.263394560684915,3.639486889667449,27.90271730345531
25.85,6.013214731404419,3.6254263315112265,27.388553500601816
25.86,5.786766296790924,3.640846347291711,26.87920347997557
25.87,5.5844117940695055,3.6825073509021546,26.377104680463834
25.88,5.406412039529592,3.748068382628487,25.8845394592321
25.89,5.252597458213554,3.8359946525147355,25.402987354654574
25.900000000000002,5.122690744846932,3.94448160999958,24.933703871076332
25.91,5.016414594155234,4.071724704521672,24.47794451284245
25.92,4.933056296060414,4.216634573202815,24.037177783396782
25.93,4.871879068837705,4.378941987884668,23.612739392081416
25.94,4.832623843527409,4.5580072801319735,23.205654632659936
25.95,4.815031737645537,4.753190556538291,22.816948692610257
25.96,4.8188438687080595,4.963851923697443,22.44764675940972
25.97,4.843078002099854,5.190361219698593,22.099066484087857
25.98,4.886409254510858,5.434086138318193,21.773040903099005
25.990000000000002,4.948915521436425,5.694827343909299,21.47111957601278
26.0,5.0306998956913125,5.972353916886339,21.194844478019984
26.01,5.131865470090365,6.266434937664036,20.94575758431115
26.02,5.252515337448301,6.576839486656707,20.725400870077166
26.03,5.3927525905799945,6.9033366442791,20.5353163105086
26.04,5.552636821752228,7.2459082231935845,20.37720152150059
26.05,5.73158469109719,7.606375666263764,20.2547190120752
26.060000000000002,5.928988383719819,7.984025484489115,20.170936230343845
26.07,6.144339395388904,8.377365218047576,20.12848987699719
26.080000000000002,6.377129221873466,8.784902407117503,20.130016652725853
26.09,6.62684935894221,9.205144591876689,20.178153258220487
26.1,6.893345348502898,9.636779766363544,20.276090281183958
26.11,7.177105767586722,10.077673161777707,20.428655290777108
26.12,7.476388390273948,10.522998703640829,20.638038311969147
26.13,7.789209736023169,10.967722622493424,20.906098408458284
26.14,8.113586324293408,11.406811148876635,21.234694643943072
26.150000000000002,8.44825516854409,11.834937486439292,21.627063145863932
26.16,8.791943030120471,12.24453716433838,22.0860555545813
26.17,9.14064691480273,12.62702937549362,22.608960066644972
26.18,9.490256631734109,12.973829142143677,23.192852221213048
26.19,9.836944281139393,13.275674651515926,23.835936478698514
26.2,10.177364636675154,13.520842052929321,24.537717039175124
26.21,10.505870394996414,13.701228390242484,25.287574218631825
26.22,10.816535178772927,13.809279970215112,26.073714354352692
26.23,11.103366522901405,13.83685624761799,26.88467705955719
26.240000000000002,11.35990047989123,13.771388610838065,27.71134380138613
26.25,11.581080055757695,13.61228058093235,28.537423537718
26.26,11.762230130840823,13.362263869787201,29.34469014533783
26.27,11.898539151937001,13.023760375116032,30.114923841068777
26.28,11.983153812400463,12.59483010949409,30.831458966039982
26.29,12.014266743226866,12.08569348885091,31.481126942798937
26.3,11.99201127794052,11.511083892534502,32.05123243990496
26.310000000000002,11.91508976209977,10.884153488176423,32.52802952713561
26.32,11.781232623345755,10.215843124597885,32.90118502063122
26.330000000000002,11.595461283384774,9.523842166040263,33.170463525607616
26.34,11.363289545444857,8.826345883181359,33.336162189702094
26.35,11.087235725039118,8.138854254100124,33.395909604729276
26.36,10.772189738924599,7.472692903409587,33.35491882280383
26.37,10.425971282248694,6.839268515126217,33.223229172956195
26.38,10.055554135622785,6.250052255575904,33.00909533571419
26.39,9.666409254531443,5.7119984854621775,32.719557827090604
26.400000000000002,9.265522694146679,5.2277578763509664,32.36662279223619
26.41,8.859978559036986,4.800065682708491,31.962261975542187
26.42,8.456316818106895,4.432015704737619,31.514708266668197
26.43,8.0589306407412,4.121287009491429,31.032071353687535
26.44,7.671870807052876,3.864370234642843,30.523137063239492
26.45,7.299216225983047,3.657801390483992,29.996639142636525
26.46,6.945305507346514,3.4993006134665996,29.458652550425388
26.47,6.6123262001275105,3.3851918037456996,28.913333305865415
26.48,6.3017567426450265,3.310991654809043,28.365192262251536
26.490000000000002,6.015166974128191,3.2724097987437957,27.81861229629098
26.5,5.753987444588673,3.266459068210901,27.276489925309672
26.51,5.518432708261619,3.2899426821655378,26.740942819966204
26.52,5.308592304028554,3.33955279444291,26.214102810087272
26.53,5.124484270339312,3.4124344582141966,25.69805747785535
26.54,4.965781477200425,3.506902099040486,25.194228816991924
26.55,4.832057197457001,3.621177275693997,24.703655537334424
26.560000000000002,4.722884848905908,3.7534756830274345,24.227374240388638
26.57,4.637324710046485,3.902622258614079,23.766623658999332
26.580000000000002,4.57438089226751,4.0684214987838745,23.322603205280313
26.59,4.533789082325102,4.250366502068738,22.896186610977217
26.6,4.515288061112736,4.447947914052205,22.488246306855725
26.61,4.51861660952393,4.6606563803175405,22.099654723682086
26.62,4.542349609562988,4.889216660134771,21.731577526956748
26.63,4.584984172707351,5.135075752698947,21.38570245185742
26.64,4.646785677944528,5.398204961431702,21.06358529790869
26.650000000000002,4.728028597785003,5.678567026542417,20.766780420954795
26.66,4.828987404739237,5.976124688240451,20.496842176839937
26.67,4.949936571317798,6.29084068673548,20.255324921408036
26.68,5.091150570031095,6.622677762236748,20.04378301050337
26.69,5.25289578895386,6.971623637548699,19.86378453559515
26.7,5.434561801653698,7.339715839261299,19.71846026725169
26.71,5.6353767154299685,7.727376388566756,19.61144912654633
26.72,5.854977895050007,8.133344536587513,19.545740928331934
26.73,6.093002705281449,8.556359534446571,19.52432548746125
26.740000000000002,6.349088510891696,8.995160633266506,19.550192618787104
26.75,6.6228997013954185,9.44850408570908,19.626369871556484
26.76,6.9152203463364135,9.915196170027514,19.757801940450374
26.77,7.2252383854781606,10.391089516586323,19.948258736463817
26.78,7.551125104362267,10.871042609051385,20.20028229608687
26.79,7.891051788529887,11.349913931087892,20.51641465580926
26.8,8.243405111876303,11.822509237293135,20.899626164920083
26.810000000000002,8.607608684072071,12.281769854020208,21.354959513577576
26.82,8.98009760616733,12.718324960674362,21.881534085906864
26.830000000000002,9.35666350769083,13.122660470706201,22.477191613376444
26.84,9.733189144604934,13.485076083144746,23.14013320513588
26.85,10.106463877939866,13.792773082465187,23.871862936804007
26.86,10.470794420539544,14.035108971647734,24.663456095472377
26.87,10.819694411277025,14.202669359418795,25.502774463832868
26.88,11.146662542857827,14.285875130069192,26.37779080310778
26.89,11.44468641328439,14.270010977899346,27.27960607324662
26.900000000000002,11.707566143599594,14.150759224474404,28.191351299933867
26.91,11.929569711347643,13.929213204729486,29.092341662995764
26.92,12.104823826624648,13.6061104880422,29.96192287153835
26.93,12.225269564215276,13.17721434241321,30.78128580569985
26.94,12.28809445948438,12.652861775210226,31.534013462808172
26.95,12.292538275675682,12.048764750638085,32.20378067192744
26.96,12.236026362477569,11.378448184168256,32.77313164855979
26.97,12.115484712509073,10.653866176150853,33.22953422464757
26.98,11.936123083829157,9.895930575759799,33.571168347834785
26.990000000000002,11.703523264920952,9.12602607342868,33.79656817515887
27.0,11.419575960557024,8.361636925706426,33.90167355384598
27.01,11.090096639394723,7.61673348204341,33.89270900301579
27.02,10.723778154945897,6.90582451842015,33.780379451656145
27.03,10.327703195298433,6.24301848105852,33.57253610760125
27.04,9.908417620959954,5.6357062587441185,33.278811297668675
27.05,9.4741465440039,5.088049168721765,32.91332713290434
27.060000000000002,9.033097746514997,4.604912068230607,32.48898020993536
27.07,8.591956727873303,4.18862503091731,32.01486527557568
27.080000000000002,8.155948676710876,3.8358433249640753,31.501626904278027
27.09,7.730260349115857,3.5430031253308645,30.96006221529111
27.1,7.320331592917436,3.307274658296567,30.399498274979276
27.11,6.930040514366353,3.125293037033395,29.82539384998429
27.12,6.561611256837979,2.991772232269862,29.243498465614987
27.13,6.2173661546057835,2.9015423624606913,28.65947933008365
27.14,5.899553099041306,2.8505499806471155,28.077324773514338
27.150000000000002,5.608734867726823,2.83460227034602,27.499759664423355
27.16,5.34526761031684,2.8493971139490775,26.92948831705897
27.17,5.109600612820328,2.8912622838510544,26.36884891328189
27.18,4.901550428188896,2.9575162734544174,25.819311478671175
27.19,4.72064696582263,3.0454963215876987,25.282226583274426
27.2,4.566241325038223,3.152744455453901,24.75892520600739
27.21,4.437229091495033,3.2779879413668818,24.25039862511952
27.22,4.333049143154841,3.4201010967366234,23.75736167603474
27.23,4.253191478825873,3.5779295894789307,23.280521737548348
27.240000000000002,4.196832713995531,3.7505260304520975,22.82064725323453
27.25,4.162010357762235,3.938268910948102,22.378823353795372
27.26,4.1484389426236925,4.141264018861049,21.955946220571477
27.27,4.156087260408264,4.359501925353431,21.55287118997411
27.28,4.184924102944311,4.592973201588041,21.170453598413957
27.29,4.234918262060166,4.84166841872735,20.80954878230226
27.3,4.304985485880389,5.106676984744557,20.471270444352218
27.310000000000002,4.3936440253628986,5.389902566257746,20.157537240444285
27.32,4.501173728782079,5.691687526240007,19.870325972473083
27.330000000000002,4.627874739183006,6.012354671756618,19.61161133430503
27.34,4.774047199610589,6.352226809872412,19.383368019806948
27.35,4.939991253109932,6.71162674765269,19.18757072284529
27.36,5.126007042725917,7.09087729216226,19.02619413728683
27.37,5.332400780413571,7.491080849428204,18.90175442644932
27.38,5.559126736142179,7.9134318285864875,18.818377983993354
27.39,5.805795634422446,8.356485099050833,18.779774188868767
27.400000000000002,6.072010983529075,8.818701136767588,18.789615278764256
27.41,6.3573762917367365,9.29854041768308,18.85157349136844
27.42,6.661495067320413,9.794463417744145,18.96932106437003
27.43,6.984695489208513,10.30488760406607,19.147565820485994
27.44,7.3271392223060445,10.825543922896221,19.39171826942284
27.45,7.686767512229214,11.350038843264995,19.70480294524209
27.46,8.061465825683062,11.871949381513874,20.089776101029194
27.47,8.449270161955766,12.384815332085141,20.549927057602574
27.48,8.849243542988832,12.880213301661373,21.09093606342548
27.490000000000002,9.257264201724654,13.346838952905024,21.71169113644349
27.5,9.668363470848314,13.773159622190573,22.409236805503838
27.51,10.07773686799517,14.147234797194061,23.18134639067574
27.52,10.481240663408071,14.45369583887489,24.02849173520882
27.53,10.871975277224585,14.680574666468047,24.938459827686863
27.54,11.242467136848873,14.816977909033067,25.896443718194337
27.55,11.585085991955994,14.850757564627186,26.88838165372177
27.560000000000002,11.891511155682362,14.765996934934408,27.901801918516934
27.57,12.15495873234636,14.562132349229763,28.9139913435393
27.580000000000002,12.368942588981911,14.24124620140036,29.900568717197405
27.59,12.525800182665181,13.80266328290792,30.83746905794013
27.6,12.617990627142756,13.247601102016839,31.704004702436894
27.61,12.644405375201147,12.594132255724517,32.48152872107995
27.62,12.603880255335314,11.860775677648936,33.15105408724902
27.63,12.491292341231793,11.060862630634148,33.69351783055268
27.64,12.310359851363165,10.216700465521008,34.10455741193901
27.650000000000002,12.067509416373078,9.353582267298062,34.38299964892648
27.66,11.76617119483282,8.494225050595917,34.525079632373036
27.67,11.41147887470859,7.655506191294521,34.535427739664364
27.68,11.013575565347821,6.8543794239751215,34.4270159593542
27.69,10.58089063998505,6.107613775150222,34.20997972026997
27.7,10.120805379136323,5.424575826245631,33.89546417769475
27.71,9.642931755058669,4.81014965642617,33.50008090600534
27.72,9.15671258908129,4.270112388401776,33.0387683182023
27.73,8.669543991204305,3.8061749732171535,32.52268858022948
27.740000000000002,8.187657333313112,3.414213357303696,31.964608489858342
27.75,7.717285206334976,3.0900264270076216,31.377330745000776
27.76,7.264572602673245,2.8305013929370673,30.77034757296395
27.77,6.833150362125176,2.630391245598157,30.150084699117162
27.78,6.4258543262066565,2.4832494723919196,29.523435512942253
27.79,6.045827234708303,2.383436263843537,28.896287536744108
27.8,5.694580914463945,2.325757871914844,28.272165501439307
27.810000000000002,5.372810641269917,2.3047078473215312,27.65428460761075
27.82,5.08121325262993,2.315427125042743,27.045613690557026
27.830000000000002,4.819731036848892,2.3541753926368805,26.44790486184884
27.84,4.587963730304179,2.4171887351149617,25.862561600928007
27.85,4.385183494420563,2.5012110310258104,25.290866649431354
27.86,4.210435643445634,2.6041708252049798,24.7335904784005
27.87,4.062950065079061,2.7241034971056615,24.191369380862323
27.88,3.941680677048929,2.8592208860419563,23.664888426100738
27.89,3.8449495569725753,3.0088323474613876,23.154885061175403
27.900000000000002,3.7721166131098065,3.172415655677675,22.661842161616228
27.91,3.722639727175112,3.349420992159706,22.186222289527468
27.92,3.69585578598084,3.5393678603550547,21.728494473223183
27.93,3.6890921633752884,3.7433085926469594,21.289376992359426
27.94,3.7016659239944754,3.9620717572714317,20.869822465195046
27.95,3.7338784565657788,4.196049482123652,20.470778318700425
27.96,3.7860311498166075,4.44563389509912,20.09319197984537
27.97,3.8584253924743113,4.711217124092995,19.73801087560023
27.98,3.9513625732663273,4.9931912970008,19.40618243293485
27.990000000000002,4.064538602493509,5.292630188884502,19.09873229548005
28.0,4.196166964104024,5.61244083197367,18.81764782128776
28.01,4.34648354701945,5.953447006496178,18.565562300795012
28.02,4.5159151928533205,6.3162653303260345,18.34512096899141
28.03,4.704888743219397,6.701512421337741,18.15896906086622
28.04,4.9138310397311855,7.109804897405269,18.00975181140899
28.05,5.143168924002477,7.541759376403158,17.90011445560904
28.060000000000002,5.393512255732711,7.998341649871845,17.83307739404781
28.07,5.665544209935312,8.480104778287089,17.813458197285478
28.080000000000002,5.9589619707375885,8.985086551783642,17.845943119286943
28.09,6.273396051709943,9.511173517855925,17.935153404084584
28.1,6.608476966423211,10.056252223999087,18.08571029571088
28.11,6.963912556046817,10.618227750521191,18.30234247393529
28.12,7.340652482086948,11.193883424902573,18.59200598935123
28.13,7.737144068526227,11.775793978086647,18.959456718282823
28.14,8.150815701082061,12.355748998443598,19.408226198075653
28.150000000000002,8.579095765471436,12.925538074343002,19.941845966074933
28.16,9.020463424450334,13.47577116000552,20.566354708824175
28.17,9.471323442064689,13.993015236118243,21.283116320646002
28.18,9.925812484249338,14.463018236158547,22.08822811586494
28.19,10.37813583187732,14.871319051074208,22.978133381974008
28.2,10.823176904161903,15.199254656954636,23.953029991847277
28.21,11.25286514498633,15.431717620680388,24.99916075989023
28.22,11.658183853468387,15.555673533104518,26.09814673918359
28.23,12.0299172656593,15.556210404014216,27.23264299007675
28.240000000000002,12.358394460866748,15.415647121236336,28.385907050836426
28.25,12.635648194964515,15.134692236386522,29.52966439472197
28.26,12.853944276744555,14.716411906197814,30.634245624036232
28.27,13.003319821168503,14.158696434400785,31.67088160989537
28.28,13.07740888879584,13.470725894753627,32.615636816501066
28.29,13.075240185998434,12.675975285948866,33.44617869806717
28.3,12.993360641045388,11.794884107495545,34.13856851104471
28.310000000000002,12.829240813452593,10.847592470422152,34.67753385145113
28.32,12.590032166680475,9.864837856559909,35.06146504375738
28.330000000000002,12.281884129392001,8.876744469564102,35.287724677585544
28.34,11.908222763972319,7.905955917094882,35.35605350421251
28.35,11.480010698268622,6.973522498487048,35.28097882397184
28.36,11.007987430146644,6.100600129080433,35.07636015332076
28.37,10.5008604609393,5.300928034782778,34.75499224627097
28.38,9.969854188297523,4.5812160788108525,34.33691873340764
28.39,9.426160576059765,3.948862816604546,33.84067637474091
28.400000000000002,8.87877283407106,3.405877472983362,33.28044564335265
28.41,8.33542243133739,2.947443588097921,32.67200882367074
28.42,7.8038700659475415,2.56880334999938,32.03092224148548
28.43,7.291043659624076,2.2658017120314162,31.36781476153729
28.44,6.801291596322848,2.031187686914494,30.691165822928745
28.45,6.338737528867852,1.8573480505733078,30.009438832666874
28.46,5.9064602894578835,1.7374111121164937,29.328290652234912
28.47,5.505892883526775,1.6640195633218728,28.651994771490482
28.48,5.138434881089878,1.6304278114218966,27.984411261676346
28.490000000000002,4.8044425569452525,1.6311956494637425,27.32781825710196
28.5,4.5037048331840035,1.6609061822255402,26.684114031743594
28.51,4.23567987619517,1.7151228765508824,26.054722781936412
28.52,3.999279538015845,1.7903553240080412,25.440231445789177
28.53,3.793231411343879,1.8833055823904192,24.84124460506432
28.54,3.616176195827066,1.9917519704414877,24.258284977733464
28.55,3.4670492744844115,2.1139288588531073,23.691583824691715
28.560000000000002,3.3444197160242064,2.248266802800128,23.141382652710462
28.57,3.2461815787230064,2.3942351704242792,22.607933834046882
28.580000000000002,3.1715384915321834,2.5513911638456546,22.09141422594791
28.59,3.1197946467131685,2.719267172569077,21.591995703553458
28.6,3.089744494618352,2.897687500006656,21.109869467078482
28.61,3.078416883417979,3.088107035058718,20.64547396280149
28.62,3.0856893947766704,3.2912502027057022,20.199401865200173
28.63,3.1118600913375993,3.5076574385104977,19.77224644244522
28.64,3.1572270357439622,3.737869178036293,19.36460096270668
28.650000000000002,3.2220882906389314,3.982425856846048,18.977058694155087
28.66,3.306446073988671,4.242071306076501,18.610221359037183
28.67,3.408032594532058,4.519450282640914,18.265192242533935
28.68,3.526824969852983,4.816297543502198,17.943823346339766
28.69,3.6634608682958003,5.13395484470442,17.648026251482403
28.7,3.8185779582046813,5.4737639422912086,17.379712538990006
28.71,3.992813907924006,5.837066592306658,17.140793789890328
28.72,4.186789421185986,6.22530756652571,16.93314454513555
28.73,4.400962884029987,6.6404140460397585,16.759183793106793
28.740000000000002,4.635835843732206,7.083143161813828,16.62304646020507
28.75,4.89193568818469,7.554011722985027,16.529072866440245
28.76,5.169789805279763,8.053536538690967,16.48160333182208
28.77,5.469925582909371,8.58223441806857,16.484978176360435
28.78,5.793112317540381,9.140667625357992,16.543720115188204
28.79,6.140980622320109,9.727906765466862,16.66408596776991
28.8,6.513119962108716,10.33997031101034,16.852544140912975
28.810000000000002,6.908779829558024,10.97260938071994,17.115440184354526
28.82,7.327209717319823,11.621575093327142,17.459119647831578
28.830000000000002,7.768373212117916,12.282281544055138,17.89109689380831
28.84,8.231613401541278,12.945387926181736,18.418999831153318
28.85,8.713177704706238,13.598366584473036,19.046429164604408
28.86,9.209211307200214,14.228643197254744,19.77683949791996
28.87,9.716751207465757,14.822220640295228,20.616164758052715
28.88,10.23069490641406,15.36038301142215,21.564775862955596
28.89,10.742876787852351,15.823828980416211,22.61478705154882
28.900000000000002,11.245264916817808,16.192310173128256,23.759384642722917
28.91,11.729735763149643,16.44102802391942,24.992500185172986
28.92,12.185342052349101,16.553749304552632,26.289926191110933
28.93,12.600735562482503,16.51595739581391,27.624741362354417
28.94,12.96314492672387,16.306010990242335,28.972723451563382
28.95,13.261653414268945,15.918087699540397,30.302199948317195
28.96,13.487692630923291,15.361386797125961,31.575079300672567
28.97,13.631253167380233,14.642066322474996,32.75337367597075
28.98,13.682531647706043,13.769144195789202,33.80542846757939
28.990000000000002,13.641213714886062,12.77455692175746,34.706476985620185
29.0,13.50489740987921,11.688779327459875,35.430109621432585
29.01,13.272252826528934,10.540881450304616,35.96091173618976
29.02,12.953091317231545,9.369628861740976,36.3007919545736
29.03,12.554517148980842,8.211879117791296,36.44938856667203
29.04,12.08432595385284,7.094852233825904,36.41590884117576
29.05,11.557196380190794,6.04370229769344,36.221998711694255
29.060000000000002,10.98463018598191,5.081318943666573,35.884747278138384
29.07,10.37935275556245,4.2173061854816005,35.427165455148526
29.080000000000002,9.755493170244073,3.4587975960329906,34.874920496988146
29.09,9.12512113006795,2.8107999240908015,34.247851791728024
29.1,8.497672812778907,2.2671826066749277,33.564958814641436
29.11,7.882438331844397,1.8206533679650565,32.84551192133867
29.12,7.288041102408937,1.4649369687107519,32.10392205034464
29.13,6.720193981734184,1.1906970797108962,31.35041179687193
29.14,6.18395685907008,0.9879550986124267,30.594582866805514
29.150000000000002,5.6823242591261005,0.8470912278807322,29.842909222484803
29.16,5.217590164155682,0.7587179911023019,29.100618896873627
29.17,4.790842389438952,0.7143995265669628,28.371022545546058
29.18,4.402354356033715,0.7064839352091757,27.65662808261133
29.19,4.05149657800811,0.7285231514685054,26.958670646750587
29.2,3.7372347757948936,0.7747589412100788,26.278062970064166
29.21,3.4583453038597542,0.8404109436149155,25.615096840788475
29.22,3.212908225622812,0.9217635142341191,24.96994375060937
29.23,2.999261212386347,1.0158319846827255,24.342452863362492
29.240000000000002,2.8151981535559627,1.1202590742414937,23.73251922805798
29.25,2.658955746735394,1.2334719913140053,23.13981605978845
29.26,2.5288356412042763,1.3540378020652408,22.56396634734396
29.27,2.4222875242264004,1.4814889046530475,22.004825507948745
29.28,2.3381911730424356,1.615517700189741,21.462195160763347
29.29,2.275640258371647,1.755769712518823,20.935855501427994
29.3,2.23235760234406,1.9026508100078279,20.42562469348634
29.310000000000002,2.2061473516766146,2.0573319249835684,19.93151976897487
29.32,2.196994760850835,2.2202787181502988,19.45362258651015
29.330000000000002,2.2048958316728307,2.3919522260563344,18.99201503891575
29.34,2.229846565948714,2.572813485249754,18.546779019015904
29.35,2.2712375242036194,2.763725910285467,18.118015122818402
29.36,2.3268076579192245,2.9671748920371974,17.70614647100883
29.37,2.3967580896967533,3.184677308782702,17.31186595638526
29.38,2.481565098736363,3.4175993376825473,16.935874629529607
29.39,2.5817049642383205,3.667307155897621,16.578873541023217
29.400000000000002,2.6975534676709656,3.9352120306136853,16.241541060694512
29.41,2.828662042604573,4.223378148342481,15.92476191958345
29.42,2.9756582315547124,4.533948138254972,15.630441771275532
29.43,3.139490422573067,4.868980347668028,15.360641400024752
29.44,3.3211070037115418,5.230533123898977,15.117421590084705
29.45,3.521454988766995,5.620662780635657,14.902832753611023
29.46,3.7414387776655373,6.041230588446526,14.718810564805604
29.47,3.9821355412364614,6.493950014930269,14.569227127507219
29.48,4.244701418547352,6.980575781115309,14.458669065121015
29.490000000000002,4.530292548665544,7.502862608029594,14.39172300105231
29.5,4.840075117434833,8.06257216683419,14.372970931542227
29.51,5.176091775228564,8.661407022542702,14.40724532196448
29.52,5.539497914187629,9.298294637283998,14.501911925602252
29.53,5.930634530795224,9.971165339508856,14.665137969912081
29.54,6.3498426215340125,10.677949457667129,14.905090682350323
29.55,6.797463182887232,11.416577320209646,15.229937290373618
29.560000000000002,7.274835654329158,12.183816020107457,15.649532549179144
29.57,7.78143116239561,12.969785624267631,16.173957265338128
29.580000000000002,8.314523474184634,13.76236761886407,16.811418575874008
29.59,8.871414057690266,14.549439402704486,17.570195376857175
29.6,9.450421141297731,15.316105439504486,18.46180891856334
29.61,10.045604953241611,16.03978514377139,19.489128418435243
29.62,10.649031897375536,16.6965777283061,20.650390124303623
29.63,11.253456283732978,17.259910813901172,21.947460826255067
29.64,11.849089034951236,17.698994766227734,23.37311883075452
29.650000000000002,12.422089736828735,17.987077307853763,24.902357953094786
29.66,12.958441452205626,18.09544678064244,26.51116777950828
29.67,13.44328918417952,17.991851036070763,28.17403801084451
29.68,13.86181412839602,17.667940932481763,29.84388391354741
29.69,14.198511621749272,17.116415625715483,31.471092837464862
29.7,14.434923154642265,16.32493243149608,33.00816944451512
29.71,14.563635523368172,15.322777215476007,34.4085733288338
29.72,14.579033639544349,14.146067414992556,35.62549136429593
29.73,14.471238488364824,12.823220937290206,36.618074505987
29.740000000000002,14.243635921144339,11.403097720586468,37.36978786559577
29.75,13.900871248993795,9.938941698852306,37.865877822343066
29.76,13.449438247216657,8.476464363383071,38.1066916816398
29.77,12.90617489547478,7.062934748827991,38.112609978744366
29.78,12.283662737407624,5.738294521837525,37.90103077333881
29.79,11.5999903256505,4.526545182313811,37.50539209982163
29.8,10.873631352815329,3.450102835955577,36.958918240257475
29.810000000000002,10.120564254954944,2.516355151958072,36.29220777389302
29.82,9.357344024133285,1.7238597163875016,35.53933383324378
29.830000000000002,8.59864646170571,1.0697425074065012,34.72707437162867
29.84,7.855762011948369,0.5429264206857455,33.877889652784866
29.85,7.139111795233102,0.13114655865229052,33.01082751158774
29.86,6.45645870368115,-0.17990277551550177,32.14013474288671
29.87,5.8134767355474795,-0.4046777681260892,31.27643579228129
29.88,5.21388784711777,-0.5573065618208288,30.42703722555081
29.89,4.659812954388853,-0.6507436496130695,29.59688613917411
29.900000000000002,4.151947532222059,-0.6967334753765043,28.788630043908757
29.91,3.6898903056996573,-0.705480450586919,28.003849495852407
29.92,3.272404489983582,-0.6855933736591495,27.242977179357432
29.93,2.89753697647059,-0.6444484526076791,26.505770208810247
29.94,2.5629449579912627,-0.5880017753597088,25.79168697226487
29.95,2.266214519968618,-0.5209653311991874,25.099804320809575
29.96,2.0043047343354976,-0.4471344073962578,24.42913507279719
29.97,1.7746516795076412,-0.36951928180507504,23.77864862359941
29.98,1.574207450402259,-0.2903501195954421,23.147508790959087
29.990000000000002,1.4005357810950254,-0.21129165032202005,22.534682183097278
30.0,1.2506445488316107,-0.13323276331387435,21.93938934976981
30.01,1.1223895220889641,-0.05688478666543348,21.360927905855696
30.02,1.0135894404136288,0.01719993564726284,20.79858688626976
30.03,0.9219921798319419,0.0890825694484603,20.251798188533602
30.04,0.8460077034123186,0.15870729407460182,19.720006703178598
30.05,0.783344991258301,0.226601140997016,19.202641659902515
30.060000000000002,0.7328783388893809,0.2929962789970392,18.699254814991384
30.07,0.69382206200748,0.3579719174581242,18.209423918465113
30.080000000000002,0.6645678286431348,0.4222679712060323,17.732800538112308
30.09,0.6437669074128554,0.4868492089471038,17.269089542880774
30.1,0.6311496816377958,0.5520453640935137,16.817939915333135
30.11,0.6264470242356699,0.618185834118253,16.379000604224206
30.12,0.6286521158599204,0.6860816308142734,15.951984997453525
30.13,0.6368146338647577,0.7567908170667086,15.536693890742928
30.14,0.6510043390592554,0.8308696769895719,15.132892374762063
30.150000000000002,0.6712932385220839,0.9088732199229475,14.740345406322547
30.16,0.6976547713522481,0.9914129225068431,14.358829731371545
30.17,0.7294496966837957,1.0796265978575756,13.988244791690331
30.18,0.766814614329112,1.1745193487558085,13.628485094108033
30.19,0.8100741814412997,1.2770165137081277,13.279430535464673
30.2,0.8595530551734041,1.3880434312209784,12.94096101260077
30.21,0.9154414389639969,1.5085316951781724,12.613004776737457
30.22,0.9778782894229949,1.6396811879926005,12.295698712896986
30.23,1.0474607977444905,1.7829225256109886,11.989195203874914
30.240000000000002,1.1248049573488768,1.939691098719936,11.69364391164854
30.25,1.2104971081871918,2.1113696764139362,11.40918323556972
30.26,1.3050332717104605,2.2992080507682044,11.136065554766022
30.27,1.4093277445119976,2.505247334396459,10.874968664451357
30.28,1.5243705887313606,2.731667570954486,10.626623478523195
30.29,1.6511351162108,2.980597558038391,10.391736845295794
30.3,1.7905203553267126,3.253739776067759,10.170979028883348
30.310000000000002,1.9438904060853457,3.55378736459148,9.965840764042188
30.32,2.1127210652079222,3.8837227684359994,9.777991734741299
30.330000000000002,2.2984728919419197,4.246440853126669,9.609060224750168
30.34,2.502614830094932,4.64423014088232,9.460869598799395
30.35,2.72707773681761,5.080706191376674,9.336847788399245
30.36,2.973878452561975,5.559832707830946,9.240694789551664
30.37,3.2450124409450503,6.085417543408381,9.176002020238203
30.38,3.54250630324218,6.6600830680275145,9.146847862777653
30.39,3.8688623116919114,7.287378401653399,9.160318295328187
30.400000000000002,4.226653425835854,7.97113564093612,9.223912427566967
30.41,4.618478704819567,8.715074497166958,9.34499069260919
30.42,5.046912289331515,9.520902622567144,9.532503858061142
30.43,5.514170005286125,10.388621880542884,9.799541367879486
30.44,6.022427073413902,11.318183024571288,10.159563854361416
30.45,6.574193134915214,12.309523238669849,10.626443939649619
30.46,7.171203162146095,13.356594696361356,11.217229899662554
30.47,7.812807943862091,14.447153986804997,11.950352199631215
30.48,8.498302614157117,15.56881090401639,12.84434665941142
30.490000000000002,9.228049727957105,16.706083917984678,13.921961377300553
30.5,9.996171593030116,17.827294476048625,15.198466526500715
30.51,10.794249609239706,18.896772047915288,16.684784868218642
30.52,11.614544384843017,19.875617564344598,18.395174502528754
30.53,12.444006234416332,20.711512477002685,20.329187843333475
30.54,13.263835762449974,21.349373646422666,22.467130363972256
30.55,14.054701552324527,21.72465429753323,24.79299960586213
30.560000000000002,14.791029176367127,21.786121093916062,27.25047581999838
30.57,15.444877294035185,21.486976905614455,29.769954712708852
30.580000000000002,15.986687475074708,20.781936741867355,32.27725524862649
30.59,16.391866795491595,19.68222708713771,34.67109724268866
30.6,16.63275235757317,18.196963449519032,36.84871887649767
30.61,16.692040394717925,16.376442669082007,38.72569287896616
30.62,16.56122036928874,14.304543704375938,40.22492362979626
30.63,16.235229193758915,12.067224418477325,41.297784575549834
30.64,15.72584581018021,9.774508278891822,41.93122870794024
30.650000000000002,15.04640539680538,7.521298334687996,42.13480670069135
30.66,14.225103660917194,5.396526926481087,41.95589591127213
30.67,13.28811583238592,3.464587897441656,41.44815014350733
30.68,12.268981121618223,1.7674946322961456,40.684926723212335
30.69,11.197410132516726,0.32537317501274554,39.73186661190263
30.7,10.10335228714765,-0.8649429016113802,38.656415276055164
30.71,9.012053651506353,-1.815385222374855,37.51147669907915
30.72,7.9449890378951835,-2.550465959174839,36.341372448580834
30.73,6.918612109639541,-3.099007675796814,35.17752604648584
30.740000000000002,5.945831133236386,-3.4912713232659076,34.04281899275557
30.75,5.034227708242002,-3.7569120995611023,32.95072612981759
30.76,4.1893186216218234,-3.9228458479568347,31.909184997728214
30.77,3.412645053497504,-4.0132945155296245,30.92093228551477
30.78,2.7041450229164523,-4.048283497257376,29.98587877634958
30.79,2.0614612922653084,-4.044949647847718,29.101866838471693
30.8,1.4813589577184378,-4.017287262995419,28.265631924581893
30.810000000000002,0.9598108267093158,-3.9758543139662565,27.47372718921579
30.82,0.4919473114149049,-3.93014001668159,26.722472825901445
30.830000000000002,0.07281688371516482,-3.8866223799846185,26.008446984519136
30.84,-0.30243020059878145,-3.8508426469042596,25.32847440951166
30.85,-0.6393668075998722,-3.8266306330364177,24.67975960422053
30.86,-0.9423604741222642,-3.817345110816896,24.060247720067725
30.87,-1.2166497855802603,-3.824993661402,23.467780664469544
30.88,-1.4662376489954403,-3.851323378581291,22.901051877693643
30.89,-1.6959166549413616,-3.89744448674981,22.35872141026221
30.900000000000002,-1.9094485075834684,-3.964203425745651,21.84009921129951
30.91,-2.1094319045131127,-4.05285168060285,21.34489388281949
30.92,-2.300519867646056,-4.163314709846407,20.87239818319801
30.93,-2.485656232440046,-4.29610705693028,20.42269934065536
30.94,-2.66651739093653,-4.452407204877351,19.996275622887033
30.95,-2.845400827118437,-4.632982374591276,19.593465434522187
30.96,-3.02676661021691,-4.837059038347069,19.2144653278364
30.970000000000002,-3.2121321306757604,-5.0656598539778335,18.860617890650104
30.98,-3.4025950887738388,-5.320076453239501,18.53338854951382
30.990000000000002,-3.5992589745396444,-5.601596977247841,18.234240574392697
31.0,-3.8055401890676004,-5.9100347685431185,17.964050249451706
31.01,-4.024139828150457,-6.245344140290531,17.724952203442758
31.02,-4.255730665474369,-6.60863690401449,17.520059973966454
31.03,-4.500985474725812,-7.001024871239897,17.352487098623094
31.04,-4.760577029590922,-7.423619853491121,17.225347115013232
31.05,-5.036403706007381,-7.877309441539813,17.141615008985916
31.060000000000002,-5.332527825962192,-8.361087729792732,17.105038010771445
31.07,-5.648947173235295,-8.873050194941445,17.120937899551258
31.080000000000002,-5.985363438656304,-9.411290891598098,17.194707673759034
31.09,-6.341478313054364,-9.97390387437409,17.331740331828364
31.1,-6.716993487259119,-10.5589831978816,17.53742887219301
31.11,-7.112266096415548,-11.164296349760065,17.81763568072186
31.12,-7.529214615104747,-11.783341836057522,18.179583420109257
31.13,-7.9657187960429106,-12.406767217259903,18.627939795461582
31.14,-8.41916957484666,-13.02518159608809,19.16704201248725
31.150000000000002,-8.887269031115377,-13.629018793485914,19.801959116790638
31.16,-9.368186568431465,-14.205197363204915,20.53907457006628
31.17,-9.85610134399569,-14.737494778295007,21.37574305586913
31.18,-10.344605927058433,-15.209588877292045,22.30796801203184
31.19,-10.827890552467354,-15.60260767627688,23.335011374442427
31.2,-11.298560321550218,-15.896233016828399,24.449250279893935
31.21,-11.746662491601546,-16.074891246849493,25.63043689513831
31.220000000000002,-12.162167121549922,-16.12266390740022,26.85840993181907
31.23,-12.534182585205977,-16.017327235653728,28.11603748561043
31.240000000000002,-12.853065206116119,-15.7544787957844,29.373732233225823
31.25,-13.109767805045303,-15.33642470995534,30.59763366380683
31.26,-13.293516372597546,-14.761277265186127,31.7544716333089
31.27,-13.395447497070526,-14.034889208759457,32.81557162067315
31.28,-13.413796543019705,-13.183059633471371,33.7544134667334
31.29,-13.345028501033367,-12.2294706142558,34.543613154780886
31.3,-13.185859385638816,-11.19694748445024,35.16462371956198
31.310000000000002,-12.942897769666073,-10.120297732482516,35.61260684938114
31.32,-12.620047739082429,-9.03241521826665,35.88052888756389
31.330000000000002,-12.223712427545083,-7.960227009555387,35.973034857369555
31.34,-11.76666018248704,-6.930931981565804,35.90594546493574
31.35,-11.258511472474796,-5.9691644315096815,35.69087341238261
31.36,-10.710694037737765,-5.087923647484571,35.34730837068319
31.37,-10.136437915778487,-4.2979342589620835,34.898499908818756
31.38,-9.547088353071345,-3.608098448960936,34.362327170986546
31.39,-8.952551385412425,-3.016119886381402,33.75778062261669
31.400000000000002,-8.362750878890212,-2.518230548178029,33.10453773032732
31.41,-7.786775172188089,-2.111119836746875,32.417505374312576
31.42,-7.230705910115218,-1.7869434592773692,31.70813266342436
31.43,-6.7002532569915845,-1.5370287542839254,30.987671141465878
31.44,-6.199870327455565,-1.3532792699175007,30.26387730474268
31.45,-5.732251053466419,-1.2267491591367576,29.543158806351485
31.46,-5.29961056660649,-1.1493618585404468,28.830348274798343
31.470000000000002,-4.90268265603372,-1.113556060398962,28.128529227159905
31.48,-4.541896734114994,-1.1124532868473886,27.4401281432713
31.490000000000002,-4.216664021835362,-1.1403870542006374,26.766631821147822
31.5,-3.9261484886353273,-1.192158970926834,26.10908575826241
31.51,-3.6692072138108984,-1.2638047707108544,25.46797567420092
31.52,-3.4443613764890477,-1.3517339882533406,24.843686610287044
31.53,-3.24977494440156,-1.4534023874638726,24.236216321117475
31.54,-3.084105116318818,-1.566868231068161,23.64561674959874
31.55,-2.9452816399787927,-1.6904934204154063,23.071849193581762
31.560000000000002,-2.83145110298546,-1.82349555781791,22.514787661879087
31.57,-2.741655919515185,-1.9652195396034513,21.974364553598036
31.580000000000002,-2.674709965225477,-2.1151214556908196,21.45052444651395
31.59,-2.6276144849151746,-2.2739774387023557,20.943392783340595
31.6,-2.5996259722912187,-2.4423191832078928,20.45313894996883
31.61,-2.5906607880220953,-2.620445481496777,19.97991413880023
31.62,-2.600635292776265,-2.8086551258586026,19.523869542235673
31.63,-2.6293691621147777,-3.0073057720937597,19.08515996211605
31.64,-2.674524501230882,-3.21838747809533,18.66420439711953
31.650000000000002,-2.7354645126813097,-3.4436683967914923,18.261827062703446
31.66,-2.8126336015595377,-3.6843809931891593,17.87888240930961
31.67,-2.9064761729591284,-3.9417577322955037,17.51622488737943
31.68,-3.0174366319735224,-4.217031079117342,17.174708947354837
31.69,-3.145483367894323,-4.511788798558754,16.855157754784443
31.7,-3.2901361631449615,-4.82837664553686,16.559147433694726
31.71,-3.4521999302876236,-5.168572601834337,16.289062403603285
31.720000000000002,-3.6325328776638828,-5.534122986177249,16.047305596063605
31.73,-3.8319932136152874,-5.926774117291618,15.83627994262913
31.740000000000002,-4.051449506750553,-6.348296407480582,15.658350223812535
31.75,-4.291933213939324,-6.800596876823143,15.515986452420636
31.76,-4.554326284049722,-7.284665490603333,15.413866635737577
31.77,-4.839437038081855,-7.801243963922746,15.35716412869862
31.78,-5.14807379703622,-8.35107401188369,15.351052286238927
31.79,-5.481044881912891,-8.934897349587708,15.400704463293692
31.8,-5.839870987941018,-9.553339821163949,15.511806766309794
31.810000000000002,-6.225772789827637,-10.203961216907107,15.691848479197292
31.82,-6.638201352325965,-10.882324233166488,15.948526307094408
31.830000000000002,-7.076583289096465,-11.583977138554149,16.28953128623756
31.84,-7.540473987695338,-12.304471328336517,16.72275697327734
31.85,-8.030540570968682,-13.036705535723888,17.25856400642874
31.86,-8.543866794920046,-13.76730146863918,17.90333767105153
31.87,-9.076463040263985,-14.482036893274572,18.66199452718019
31.88,-9.62473490175263,-15.166253515650567,19.54066102912358
31.89,-10.18479048291192,-15.80001014794891,20.5456263092078
31.900000000000002,-10.748132068008452,-16.36030547128973,21.67063696326818
31.91,-11.305837331679163,-16.82389987591791,22.908440611139298
31.92,-11.849240448515637,-17.161860580250913,24.255592774174307
31.93,-12.366180112231794,-17.3514583291945,25.688720147412507
31.94,-12.84345528130572,-17.373441982755217,27.177790385398925
31.95,-13.266814957754123,-17.202007816252227,28.69546419354161
31.96,-13.622807147142748,-16.824575361415004,30.20598052596623
31.970000000000002,-13.90027339308894,-16.248223426371986,31.663559908638724
31.98,-14.086259581853136,-15.475899731814934,33.022746545117734
31.990000000000002,-14.169509604503842,-14.518329690502792,34.24508041062308
32.0,-14.148345140791255,-13.412514168442515,35.29753309746059
32.01,-14.017159824482874,-12.19126793220352,36.14501614874464
32.02,-13.776012755024515,-10.891916204312,36.7714245383868
32.03,-13.43545700323299,-9.563067560838398,37.1760699525222
32.04,-13.000869859337756,-8.2472425049176,37.35528304739109
32.05,-12.484135268528021,-6.977969993551854,37.3252333579852
32.06,-11.901280788167968,-5.78877715592711,37.109323841142164
32.07,-11.265087309201085,-4.7038259949673344,36.72873877973852
32.08,-10.592200933368206,-3.734833642587784,36.214760394329055
32.09,-9.898495480254487,-2.8935099709140317,35.59553993185377
32.1,-9.196675497262731,-2.1787886391524802,34.89523698453457
32.11,-8.499032306355293,-1.5836319413539481,34.13934645294959
32.12,-7.81714032981452,-1.1016149973673015,33.348629992862776
32.13,-7.159097649633568,-0.722180747382804,32.537862168455874
32.14,-6.532102470853007,-0.4335303615791748,31.720419143538102
32.15,-5.940965617889853,-0.22347962977852331,30.905596836678228
32.160000000000004,-5.389472417865893,-0.08000517336084743,30.100584255903964
32.17,-4.879618910384986,0.008088948426479885,29.310175286149175
32.18,-4.412122862738783,0.05081514728173701,28.537382722543455
32.19,-3.9868820738826645,0.057166540842976926,27.78413488378951
32.2,-3.60295408907483,0.03476901463092007,27.051205371356822
32.21,-3.2587918624540064,-0.009981914605451,26.338877815586205
32.22,-2.9525252990112945,-0.07177297660972638,25.647008950823533
32.230000000000004,-2.681855735390714,-0.14624386360642025,24.975088476557495
32.24,-2.444539622727362,-0.23013137419015428,24.322574728518724
32.25,-2.23813024539841,-0.3207737911000552,23.68890716489651
32.26,-2.060159854721362,-0.4162632689516189,23.07333567017341
32.27,-1.9083843509727223,-0.5152237575167032,22.475299169902577
32.28,-1.7803390863568853,-0.6167949655134021,21.894195418846465
32.29,-1.6741948577375443,-0.7205393724225564,21.32943601786418
32.3,-1.5883734603899613,-0.8260208052391947,20.780518606977008
32.31,-1.5201324702232455,-0.9338571589388937,20.247073597975017
32.32,-1.468391755188046,-1.0443246594663371,19.728804412409346
32.33,-1.4325213303320234,-1.1574939142145895,19.225408715716966
32.34,-1.4115434888506684,-1.2736500301659843,18.73657059280984
32.35,-1.402667533347069,-1.3945728085736622,18.261982316810137
32.36,-1.4055667926208042,-1.5211526469038175,17.801564767624843
32.37,-1.4204306987576343,-1.654012862661939,17.355269748631024
32.38,-1.4474486838433425,-1.7937767733536174,16.92304906320544
32.39,-1.486796438888854,-1.9410756718095803,16.504853393726584
32.4,-1.5370919366528324,-2.097642602599099,16.100587247169056
32.410000000000004,-1.5976730721748185,-2.2654434475825775,15.710480201156773
32.42,-1.669044414884544,-2.44589950007797,15.334911266628424
32.43,-1.7517105342118653,-2.6404320534035843,14.974259454521865
32.44,-1.846107745153727,-2.8504498363047865,14.62888598778675
32.45,-1.9522039709225134,-3.077505403179266,14.299221988843776
32.46,-2.0707097385194233,-3.3237287452705804,13.986259891034884
32.47,-2.2025285442046805,-3.5913298568732976,13.691079535424048
32.480000000000004,-2.348563884238548,-3.8825187322820476,13.414760763075297
32.49,-2.509663737656425,-4.199289579259504,13.158337312232046
32.5,-2.686798741540065,-4.54351635629182,12.923520045231651
32.51,-2.881340949301149,-4.91799885443523,12.71296448091808
32.52,-3.0946811156617704,-5.325589772115131,12.529360729562923
32.53,-3.3282121126235342,-5.769116340089689,12.375374015575087
32.54,-3.5834750337471077,-6.250625344056731,12.253711410949045
32.55,-3.8622133039185784,-6.772385069151191,12.169427279905696
32.56,-4.1661791607053305,-7.336976886362125,12.128218242900216
32.57,-4.497124841674091,-7.946982166677373,12.135780920387857
32.58,-4.8570621335565605,-8.604869506887178,12.197718641841709
32.59,-5.248033776045759,-9.310984590113884,12.32193871934921
32.6,-5.6712234157034285,-10.064133533569594,12.518756570683102
32.61,-6.1277849379550435,-10.863098259939468,12.79853905580166
32.62,-6.618970542725757,-11.706698597387414,13.171755185968212
32.63,-7.146713983259498,-12.591240915031154,13.65107498246219
32.64,-7.709980837579346,-13.505530781745495,14.249502474971996
32.65,-8.306913812459879,-14.437226708408147,14.979632913832305
32.660000000000004,-8.936139485872333,-15.37372893514338,15.855319939401381
32.67,-9.595230371789079,-16.294728776469007,16.89067921371959
32.68,-10.27668996477716,-17.172009790945687,18.090497137649653
32.69,-10.972866802645948,-17.97661188969438,19.459764605723173
32.7,-11.675548408022568,-18.67265149537838,21.00394069002108
32.71,-12.370226366332455,-19.221075315776226,22.705932753652263
32.72,-13.041480406251925,-19.581061457654346,24.546699266812436
32.730000000000004,-13.672405419433964,-19.70723906085291,26.502873453908638
32.74,-14.24275484046896,-19.573455239312928,28.52065849286792
32.75,-14.730996372347443,-19.15093733131359,30.544492332049455
32.76,-15.115494693620157,-18.418501692918415,32.51600895899047
32.77,-15.381168994733093,-17.398855510874466,34.36354627190198
32.78,-15.510567996154755,-16.111548256155817,36.015184631067235
32.79,-15.491826721111233,-14.593625239032507,37.41644226674543
32.8,-15.324389505275466,-12.912287724135712,38.524170543084004
32.81,-15.004068613114454,-11.127866604485153,39.30288681143339
32.82,-14.544891875166291,-9.314192260066086,39.756799769325575
32.83,-13.958685382610502,-7.541616883858312,39.8914483178613
32.84,-13.263759124680753,-5.862498285796346,39.737562869111365
32.85,-12.483277716089264,-4.3253427260140125,39.336453528677005
32.86,-11.638338032907305,-2.957789648914907,38.730787647839705
32.87,-10.753583347768082,-1.7746401057323955,37.97146109928229
32.88,-9.849825694205961,-0.7807484327808971,37.100218465122616
32.89,-8.945966377491855,0.03439673409900168,36.15719068236023
32.9,-8.058879788166886,0.6830577613517249,35.174897393653985
32.910000000000004,-7.201802850354049,1.1834371106607713,34.17850691462465
32.92,-6.385101283970456,1.5559366022841705,33.18706653720652
32.93,-5.6159852342639365,1.8212302187472593,32.213548726955445
32.94,-4.899243008951893,1.998830994019245,31.266716455872338
32.95,-4.237261611620351,2.1068675165373025,30.351428710407745
32.96,-3.630633192591702,2.1608654193957846,29.46997046639032
32.97,-3.0785938919025875,2.1745801027879437,28.62273639849962
32.980000000000004,-2.5792575971286507,2.159218208089644,27.809070323886104
32.99,-2.129810020071877,2.1245037189918254,27.027566684615746
33.0,-1.726859084276219,2.077785012166534,26.2763404973176
33.01,-1.3671997480747526,2.0251759812021604,25.553664808736873
33.02,-1.0463857734957953,1.971653801049385,24.857391129056424
33.03,-0.7610968376011953,1.9207458360347756,24.185846176377403
33.04,-0.5079176280368861,1.8756373228234076,23.53747022780583
33.05,-0.28253840751903275,1.8382322374216231,22.91081569671694
33.06,-0.08194403985173523,1.810259579170301,22.30470150560914
33.07,0.09733646888092037,1.792872283031343,21.71798371282626
33.08,0.2583499840102479,1.786805519485385,21.14964622067118
33.09,0.40403708846201014,1.7926764289735115,20.599046838457483
33.1,0.5370684044447669,1.8108482856864392,20.065400435650925
33.11,0.6599099478283036,1.8415985997853712,19.5481764918662
33.12,0.7744650782992638,1.8854136729998903,19.046931942743008
33.13,0.883264501972278,1.9423302550872257,18.561284281294473
33.14,0.9877596300097657,2.0128919353753814,18.091070290137708
33.15,1.0895549058855187,2.0975190139881623,17.636064308306114
33.160000000000004,1.1907901948564885,2.196307794904696,17.195972606870093
33.17,1.2925563000375733,2.310121798849451,16.77090301775059
33.18,1.395857749430137,2.4398840222447706,16.360991709846733
33.19,1.5024680825101857,2.585799284932355,15.966149892938324
33.2,1.6139402253757078,2.748697590803072,15.586666902603794
33.21,1.7312348227041134,2.9301314393050237,15.223132045964338
33.22,1.8553125191730482,3.1316533298866487,14.876134630140333
33.230000000000004,1.9875666315049931,3.354166143289638,14.546026181828863
33.24,2.129729855166148,3.5985712224155635,14.233484388421623
33.25,2.2828944722136346,3.867092543943939,13.9399033079163
33.26,2.448143461752225,4.161970504039054,13.666684585291781
33.27,2.626676089634983,4.485255894230318,13.415143351706124
33.28,2.820498198836092,4.8380840065275965,13.186710446866712
33.29,3.0311905801047896,5.222942103062082,12.984313173709301
33.3,3.2602024819826596,5.642584065651764,12.811070091384941
33.31,3.5089831530114726,6.099763776114971,12.670099759044597
33.32,3.779440367103775,6.596497378825736,12.564203907393399
33.33,4.073605860775174,7.1343594831513615,12.498345375481858
33.34,4.393102563642545,7.715459675751282,12.47890884665901
33.35,4.739553395609098,8.341907557550146,12.512279023617165
33.36,5.114773364069328,9.015823574810344,12.604787527571569
33.37,5.521348188195735,9.737568002365494,12.764067721445736
33.38,5.960229343446053,10.504432260830272,13.000704285331073
33.39,6.432076434616009,11.313455412276344,13.325560644408949
33.4,6.937549066502258,12.161676518776988,13.749500223861201
33.410000000000004,7.478078650753748,13.04501861159818,14.285068079861016
33.42,8.05300532609076,13.951189340887973,14.945464664950329
33.43,8.65925904391035,14.864555956660968,15.741804189137401
33.44,9.29395015834167,15.76941084027308,16.68567609968073
33.45,9.954557885567219,16.644640806836392,17.791084115908223
33.46,10.632645389419471,17.460072398218237,19.05989437709565
33.47,11.318571582993737,18.184492889905425,20.491403138249588
33.480000000000004,12.003448796085298,18.78004242429317,22.08938629662979
33.49,12.672116969385982,19.20887773725585,23.83160874831233
33.5,13.307350104994574,19.43535164441898,25.686870867975454
33.51,13.891134638957757,19.41508047296954,27.627874323077375
33.52,14.40444438399911,19.12501902319254,29.602937135429883
33.53,14.828135592368382,18.555523360447285,31.548147159483396
33.54,15.138917828041738,17.68608115821862,33.401691471112144
33.55,15.32393141543453,16.5441671282497,35.10150538798026
33.56,15.374142912641295,15.1736151081512,36.584515798612415
33.57,15.276658662288062,13.610510521532685,37.79608487639331
33.58,15.034781462609786,11.92005253297884,38.710992779861776
33.59,14.651019357268202,10.169994571750598,39.30588241967794
33.6,14.136421225505526,8.422733309832651,39.58733749032132
33.61,13.509643707472975,6.742683991527619,39.57750606519467
33.62,12.786932193811204,5.176962450396648,39.30434106945159
33.63,11.992427173147467,3.7602847790735687,38.814297982227814
33.64,11.146993849872343,2.51772302961233,38.147927551528745
33.65,10.272547651601796,1.4531110617827037,37.35147971048023
33.660000000000004,9.389345746645189,0.5670761756152602,36.46559155690559
33.67,8.513870714772752,-0.15112455943597836,35.52349147674967
33.68,7.660960712886224,-0.7162690957019023,34.55347931866216
33.69,6.842086341351754,-1.147012994830485,33.5771278913919
33.7,6.065880673538631,-1.462871100750973,32.61020962366143
33.71,5.338212892093477,-1.6831657564393787,31.66337459258505
33.72,4.6627475214182255,-1.8259377322788701,30.74362737030098
33.730000000000004,4.04098275005544,-1.9074678158716152,29.854477217712816
33.74,3.473080141944321,-1.9420576150609667,28.997561754036518
33.75,2.9575214671164156,-1.9417300245786386,28.172941374860837
33.76,2.4922115731173498,-1.916604806623124,27.37976383106138
33.77,2.074531009532696,-1.8750274485640686,26.616636798500576
33.78,1.7008645695115776,-1.8237419356454274,25.881782786113455
33.79,1.3679891986134618,-1.7679232428547103,25.173524524406755
33.8,1.071872812004744,-1.7120676214543584,24.490067805920663
33.81,0.8088625824563392,-1.6591292278913987,23.829881610178912
33.82,0.5760421022388289,-1.6117900699658287,23.191638987518115
33.83,0.369316155806523,-1.5716989824991043,22.573840943715908
33.84,0.18579247248016445,-1.5402003410328176,21.97553119790824
33.85,0.022662814982396667,-1.518497566175235,21.395798719236627
33.86,-0.12341900855206393,-1.5069801105556657,20.833579668552044
33.87,-0.25509021712732804,-1.5060982848746671,20.288227428562514
33.88,-0.3746540589691133,-1.5162379147021785,19.75906778426696
33.89,-0.48447955763394424,-1.537495578626383,19.245581830528586
33.9,-0.5862767934082953,-1.570167570897486,18.74727162530894
33.910000000000004,-0.682257073986104,-1.6143284524198875,18.263815865177676
33.92,-0.7738359599557461,-1.6703989732258115,17.794971103520478
33.93,-0.8626022806985509,-1.738598237514337,17.34044294511881
33.94,-0.9502360393353997,-1.8190489963760414,16.89998975979797
33.95,-1.0376963547512679,-1.9125132676403969,16.473559150598067
33.96,-1.1260861819409405,-2.0196233317135754,16.06108191332883
33.97,-1.217286620409612,-2.1404415549249367,15.662462745366785
33.980000000000004,-1.3122428745031445,-2.2760797223466502,15.277846581905987
33.99,-1.4117215820948426,-2.4278255007829785,14.907410225646313
34.0,-1.5166274155604762,-2.5967666283362765,14.551313820204172
34.01,-1.6286148914822247,-2.7832566443059,14.209862921013581
34.02,-1.7487661360673303,-2.989021833200229,13.883796678919214
34.03,-1.8780368421301104,-3.216009973101005,13.573895227004858
34.04,-2.017390902987543,-3.4661497908110275,13.280931474071538
34.05,-2.168337458334317,-3.7404474613111622,13.005523141211585
34.06,-2.3324264280619333,-4.04084924475806,12.749229701828414
34.07,-2.510976124811153,-4.370029707935348,12.513994399567503
34.08,-2.7053048612230794,-4.730663417627287,12.30176047807378
34.09,-2.9168950980384607,-5.124908682803846,12.114271892907254
34.1,-3.14761869835173,-5.554640366616635,11.954336061942668
34.11,-3.3992200521433347,-6.0229004550776,11.82616570264729
34.12,-3.6734373455960823,-6.532760414355666,11.733997334445455
34.13,-3.972086114799434,-7.087147528066191,11.68189796093463
34.14,-4.297410530004843,-7.687700092377038,11.674553315426573
34.15,-4.651289621393128,-8.33595951967436,11.719921693143151
34.160000000000004,-5.035520903248608,-9.03356162879645,11.826323005673302
34.17,-5.451916594071531,-9.782153295811327,12.002073815982417
34.18,-5.903120186426009,-10.582701812832019,12.256188027144779
34.19,-6.390229862760279,-11.430898731534459,12.60082708587216
34.2,-6.913368945537745,-12.320904002793766,13.048917117039098
34.21,-7.472660757220684,-13.246877577483145,13.61338424551915
34.22,-8.069036563425742,-14.201978805931184,14.308990252829126
34.230000000000004,-8.701059312927981,-15.169686039604725,15.150423058117399
34.24,-9.363965753674501,-16.128636875089427,16.148583105222
34.25,-10.053325817844055,-17.057081583592403,17.315480770038814
34.26,-10.764052273069076,-17.925330984037792,18.663227097494246
34.27,-11.484712388352872,-18.696088707126858,20.18736966506856
34.28,-12.203384162996729,-19.33024352895633,21.883412109846546
34.29,-12.90657330945865,-19.78155171656624,23.74348601518544
34.300000000000004,-13.574864070539311,-20.0113872782788,25.72834098089085
34.31,-14.187932252438296,-19.979155675524694,27.7971241967114
34.32,-14.72412407971968,-19.644622512613196,29.904005266105848
34.33,-15.163250851039102,-19.00345167303348,31.976658735135082
34.34,-15.482982493303378,-18.04846092185487,33.94106137948783
34.35,-15.664387034664902,-16.792847352112897,35.72930229865879
34.36,-15.699370701166698,-15.290205796188163,37.2760598621615
34.37,-15.575314405730303,-13.587141465574845,38.52065105891311
34.38,-15.295774997965541,-11.756332288927439,39.43716555398957
34.39,-14.865177229469053,-9.87467525203673,40.00465070266583
34.4,-14.29660697344931,-8.011312408322317,40.234177673955266
34.410000000000004,-13.610545084793404,-6.235720967671967,40.15347904164032
34.42,-12.826367876572776,-4.596411044130493,39.79846889710721
34.43,-11.970444073939527,-3.129484913705481,39.22163577683395
34.44,-11.065533259918958,-1.856714633547265,38.469471061632525
34.45,-10.135334440624527,-0.7793286315769129,37.59312725639921
34.46,-9.200908340562396,0.10560791053406837,36.6349210151666
34.47,-8.279990941181282,0.8121757786636653,35.63067123591396
34.480000000000004,-7.387269731585334,1.359271939308009,34.608492979381275
34.49,-6.534313570637462,1.7682852578803394,33.58996192682587
34.5,-5.729437309040346,2.0614810225483593,32.59018303787275
34.51,-4.977863224682938,2.2597813127680566,31.61829415120066
34.52,-4.282843461872615,2.3825379410924556,30.680226831153757
34.53,-3.645087643546683,2.4469561507226527,29.778478025367594
34.54,-3.0641346175437127,2.467827503278636,28.9135887976134
34.550000000000004,-2.5380119521358364,2.4574403572534638,28.084658923694228
34.56,-2.063864864151755,2.426158607465441,27.2901678607855
34.57,-1.6384858241216953,2.3820557249248577,26.52812111865392
34.58,-1.2578896313506658,2.3321561599687834,25.79630422753425
34.59,-0.9182113829382261,2.2813278057427926,25.092657760737396
34.6,-0.6158196601745212,2.234007456536319,24.41525831604907
34.61,-0.3461078314753708,2.1931874880936983,23.762208558916054
34.62,-0.10579320092125655,2.1611719633322894,23.132022984409073
34.63,0.10901108552641592,2.139877539120197,22.523301948228745
34.64,0.3018755675811634,2.130464686165334,21.934992538264634
34.65,0.4760446997726778,2.1339034689583696,21.36605762867408
34.660000000000004,0.634625486943687,2.1509763707157292,20.815623057260087
34.67,0.7806141099208319,2.1820728411706325,20.282946722476364
34.68,0.9164286274285476,2.2275855608400654,19.76756628833185
34.69,1.0441727311423528,2.2880690743953935,19.269154612423808
34.7,1.1667006953565648,2.3635578044724275,18.78735713579256
34.71,1.2854884073633186,2.454852733193333,18.322066203481157
34.72,1.4020307279518789,2.5627071406862676,17.87317465873909
34.730000000000004,1.5190865812331047,2.686908461162407,17.44053610780952
34.74,1.6379864089131781,2.8284398260302037,17.02441211097753
34.75,1.7596740705670488,2.98859658798862,16.62513498542504
34.76,1.885378239533325,3.168384332606448,16.24295996660799
34.77,2.017594426101117,3.367767967062454,15.878089729892782
34.78,2.15753794753107,3.588381212343167,15.53150192789512
34.79,2.3061970773880587,3.8321125426556155,15.204263451927357
34.800000000000004,2.4645610365291657,4.100849139677374,14.897440579521595
34.81,2.634467877280142,4.395477531031905,14.6118306004274
34.82,2.8178448275582206,4.717349724353845,14.349220365580967
34.83,3.0159694282334604,5.068840796053497,14.11206134926943
34.84,3.230119220176079,5.452325822541443,13.902805025779786
34.85,3.461676091548579,5.870042490194636,13.72379436485361
34.86,3.7128539285909965,6.323115597515452,13.577465270526185
34.87,3.9852637471947188,6.8134320431762125,13.468621841972654
34.88,4.280321120576261,7.343133113486359,13.402433255603139
34.89,4.599441621951498,7.914360094754188,13.384068687827888
34.9,4.9445756825047,8.529092848118621,13.418554381149168
34.910000000000004,5.318169716492795,9.187106242300462,13.512690071012663
34.92,5.7209626300914085,9.886666321632392,13.675608967820812
34.93,6.153609189906917,10.626013550755122,13.916514039131176
34.94,6.616764162545445,11.403388394308905,14.244608252501273
34.95,7.1120888416417785,12.216202964095428,14.670463039568606
34.96,7.639661953178429,13.05502675347079,15.205639529659173
34.97,8.197115779125017,13.907498196659295,15.860279637973399
34.980000000000004,8.78211279833225,14.761252808620029,16.64460920995572
34.99,9.393284353677096,15.60095951199748,17.57199747134758
35.0,10.02466714895398,16.40217294724099,18.647375155555356
35.01,10.668324095955004,17.138741920661566,19.871431444987817
35.02,11.317152424555772,17.7814075566989,21.249257070439384
35.03,11.96031675642536,18.29577573154921,22.77312923624601
35.04,12.58279985185629,18.64987571093713,24.418015283851695
35.050000000000004,13.169482568818989,18.808512006168964,26.161108654798973
35.06,13.70411514066038,18.73625941168828,27.973383521861926
35.07,14.16954124710541,18.42040413142457,29.801456941584213
35.08,14.5470035563236,17.844565554300104,31.591150368086996
35.09,14.81758275318299,16.99948442477664,33.289407170075506
35.1,14.972014733342839,15.91829048736264,34.83920393613907
35.11,14.9996915099439,14.632957552655247,36.18315130163436
35.12,14.891431305696,13.178198541324605,37.279862135277476
35.13,14.651937266828213,11.615711557283824,38.10664600259903
35.14,14.281389496789554,10.001257232563596,38.641415715674086
35.15,13.793120920944041,8.39151514211241,38.89498637879042
35.160000000000004,13.202400943976507,6.8434389209432425,38.88334977268738
35.17,12.524444466039686,5.396622292848726,38.63239104244324
35.18,11.78104643408137,4.083017493386349,38.18228411483468
35.19,10.990752885208732,2.9249655208106358,37.56782616836991
35.2,10.173229581194484,1.9266926655772871,36.830166745504
35.21,9.347125940169148,1.090283919085521,36.00536495733768
35.22,8.527270056970961,0.40655815582322036,35.12280208766291
35.230000000000004,7.72718354130658,-0.1368177315606275,34.20881197271935
35.24,6.95782265319583,-0.5554967041342207,33.28317968270181
35.25,6.227104308336592,-0.8664633371842602,32.36075431469795
35.26,5.540860403476527,-1.0868187073934452,31.45233426274668
35.27,4.90270589273635,-1.2325209971546833,30.56480084760032
35.28,4.314471786259004,-1.318302666985078,29.702549207954902
35.29,3.776272840526847,-1.357074194180093,28.867482596200926
35.300000000000004,3.2874511956073498,-1.3600542623635838,28.06045583836139
35.31,2.8460718610141558,-1.3367104552531541,27.281264795366624
35.32,2.449697943786898,-1.2948992257116094,26.52898131374532
35.33,2.095837352647024,-1.2406783151114744,25.802438472078368
35.34,1.7809771664808163,-1.1793472934086071,25.10023909652296
35.35,1.5021312622531857,-1.1147567382393468,24.421148351946556
35.36,1.2559937601262683,-1.0501563829770029,23.763835287924373
35.37,1.0390906149835675,-0.9876502895727823,23.12695892417727
35.38,0.848867096101795,-0.9292553137715448,22.509477058674047
35.39,0.6817014664844514,-0.8759179015712012,21.910270243666282
35.4,0.5351312459578154,-0.8283731378470544,21.3285123002601
35.410000000000004,0.4071902713003107,-0.7875425479872523,20.763471066007575
35.42,0.29464777408009013,-0.7533656600219911,20.214386785064885
35.43,0.19567970226596404,-0.7260299286056126,19.68066337347053
35.44,0.10887370701318173,-0.705882135382973,19.161743449945114
35.45,0.03196708012569999,-0.692581321547077,18.6570954285788
35.46,-0.03666547520648028,-0.6860045767635636,18.1662026971891
35.47,-0.09844431293174491,-0.6859161358268905,17.68860946094732
35.480000000000004,-0.15461798589445724,-0.6924116670138438,17.223971081486056
35.49,-0.20639735535073023,-0.7053261133472377,16.77202604019669
35.5,-0.254821229822348,-0.724616961946855,16.332316703953385
35.51,-0.3008877063970463,-0.750183085858176,15.904571259934405
35.52,-0.3452597652431758,-0.7822933631292105,15.488525267611962
35.53,-0.3888016372980865,-0.820821380376041,15.083845638534457
35.54,-0.4322015334094723,-0.866039630404679,14.69029635667314
35.550000000000004,-0.47606367874711575,-0.9183942826420375,14.307677238102281
35.56,-0.5211338757361816,-0.9779919419040615,13.935789773303126
35.57,-0.5680134726738599,-1.045230307009747,13.57448617332576
35.58,-0.6171919318070452,-1.1207569621427642,13.223634811567623
35.59,-0.6692143918197591,-1.2051019239911112,12.883066434686343
35.6,-0.7248134273748749,-1.298653145430263,12.552578975143948
35.61,-0.7845534717031667,-1.4024715298811445,12.232201591319399
35.62,-0.848977794225928,-1.517677440263728,11.92198320772777
35.63,-0.9186944265245092,-1.6452216725087772,11.621952508045522
35.64,-0.99457318378002,-1.785771532246524,11.332187468817574
35.65,-1.077351538255895,-1.9408392787483653,11.052970018534326
35.660000000000004,-1.1677461344968232,-2.1120143402313722,10.784595978879242
35.67,-1.2665139013728395,-2.3007443867470982,10.527304308748592
35.68,-1.374706882757083,-2.5084066666907985,10.281429966157653
35.69,-1.4934586023822773,-2.7372930326667158,10.047828964339372
35.7,-1.623897043568304,-2.9897694739371294,9.827394067422158
35.71,-1.7671335652376896,-3.2679712642996557,9.620961417707408
35.72,-1.924437971717155,-3.5737941247959104,9.429691035728297
35.730000000000004,-2.097403770028121,-3.910541258376024,9.255572476275857
35.74,-2.2876439960264454,-4.28164049182913,9.100648853558809
35.75,-2.4967683315296014,-4.690061944579304,8.966818857047793
35.76,-2.7266605448007155,-5.138321549191783,8.85683844149405
35.77,-2.9795032640605843,-5.630565327488847,8.775012763337806
35.78,-3.2574881027564864,-6.171031276941517,8.725705977934927
35.79,-3.5628191732111945,-6.7633197616606004,8.713028661848945
35.800000000000004,-3.8980024820002863,-7.410281872759088,8.743392123190866
35.81,-4.265740400127827,-8.115636071987872,8.825483197339375
35.82,-4.668736793133466,-8.883118222550394,8.968012214755298
35.83,-5.109721880658081,-9.715591301560158,9.179690053834028
35.84,-5.591033913800013,-10.612671634233582,9.47352542602442
35.85,-6.114791755854333,-11.573223774822656,9.864649896630311
35.86,-6.6832142577725655,-12.596183487742573,10.368282749360574
35.87,-7.2988149289022015,-13.677301597512251,11.00205655774021
35.88,-7.960814086617955,-14.802510243101509,11.78545836197849
35.89,-8.667669022729875,-15.956273961458987,12.737892415762346
35.9,-9.419008556557667,-17.121732596818273,13.882228522728457
35.910000000000004,-10.209938086918871,-18.2664704037782,15.23672784810752
35.92,-11.030524869853364,-19.350120098398666,16.8105402170144
35.93,-11.871374358938088,-20.330139405112796,18.615405596942622
35.94,-12.719144664800407,-21.150873478031105,20.65223045620078
35.95,-13.553062719571127,-21.75368127899464,22.89565627657804
35.96,-14.351872796864306,-22.070703323106642,25.32386969215131
35.97,-15.088817849717987,-22.048449257334777,27.87648129216975
35.980000000000004,-15.734328846633925,-21.64280096290668,30.474334806992605
35.99,-16.256909669090522,-20.809878617666467,33.035484698693125
36.0,-16.631930305630487,-19.568512483811645,35.4535180302423
36.01,-16.832072874691505,-17.93777019585585,37.62040392889724
36.02,-16.84098698222984,-15.97749920254801,39.45152841163549
36.03,-16.651570270092517,-13.781156401031257,40.872661387631744
36.04,-16.2623018884687,-11.444143868611668,41.84295505567229
36.050000000000004,-15.687262062955547,-9.081609559430259,42.35663931009899
36.06,-14.943814707342668,-6.789852555829078,42.43577715570188
36.07,-14.06209943955159,-4.657181883798684,42.13482342981657
36.08,-13.071103128559432,-2.7416192004496365,41.516638189230356
36.09,-12.00560922281402,-1.0813838104536493,40.658256944736166
36.1,-10.8961638947131,0.3124488635650624,39.62831710376499
36.11,-9.773020725186182,1.447275818733125,38.4947175619033
36.12,-8.660506138137485,2.341027833263169,37.30831180254046
36.13,-7.579644528404271,3.0214328505550005,36.11152627936989
36.14,-6.545649010794979,3.5201274381938923,34.933053261904995
36.15,-5.570361820941319,3.8685677007634602,33.7931418232435
36.160000000000004,-4.660529533171109,4.097434161265546,32.702967913465315
36.17,-3.820276927313455,4.233397907276166,31.668379231600937
36.18,-3.0502448882838418,4.300343786537336,30.6906579707339
36.19,-2.349720979365782,4.3177462325844544,29.76845343939962
36.2,-1.7157715813080927,4.30204461243802,28.898764631352964
36.21,-1.1443914303937244,4.266681722424708,28.077763594338318
36.22,-0.6312636000466734,4.221649001105978,27.30178024781537
36.230000000000004,-0.17145341375497541,4.175750994563474,26.566765235331403
36.24,0.2404523484336596,4.134959194982764,25.86911237000832
36.25,0.6097236427145459,4.104448171754495,25.2057944810867
36.26,0.9415559729716181,4.087805137328111,24.574002423598888
36.27,1.241086240665488,4.087743107862809,23.971385818745503
36.28,1.5131817878262988,4.106153113410643,23.396200940619632
36.29,1.7620234012766256,4.144962060916653,22.847198101628823
36.300000000000004,1.9925643792815593,4.2046991617815594,22.323152936668357
36.31,2.2076956779452384,4.286498330015193,21.823643312419666
36.32,2.410874231049652,4.391182569559357,21.348152817635423
36.33,2.6068055977720475,4.518555093864898,20.896258710562986
36.34,2.797466310834552,4.669541334602443,20.468490924339104
36.35,2.98463478974563,4.8451623001136355,20.06543379502894
36.36,3.1721116827283145,5.045251865041215,19.687210939169475
36.37,3.3632572051920224,5.269703089778625,19.33464779891922
36.38,3.559099798819463,5.5196761333939754,19.009408038069996
36.39,3.7606678021427276,5.796331213128648,18.713155351094247
36.4,3.9694197179226043,6.100612826091035,18.44740951359319
36.410000000000004,4.189891928415467,6.4316645977040885,18.213173103238468
36.42,4.423445445299627,6.789753713418933,18.013444782674515
36.43,4.670563968300139,7.17554358040144,17.851603835978995
36.44,4.93173119714191,7.589697605817257,17.731029547229753
36.45,5.207430831550046,8.032879196832358,17.65510120050459
36.46,5.499656240289171,8.50526402226138,17.627283656093987
36.47,5.811701950168372,9.0046610872601,17.65200308876381
36.480000000000004,6.143223703370984,9.528351367759878,17.734256307845815
36.49,6.4937517508996425,10.073627127394046,17.879046350416075
36.5,6.8628163437576815,10.63778062979704,18.091376253550816
36.51,7.250517552435051,11.217964950185083,18.376795072882665
36.52,7.658186817401557,11.808101308493557,18.742267312727932
36.53,8.083404181673236,12.39892302941364,19.19149254937607
36.54,8.523303302895673,12.98103203368403,19.72776193843573
36.550000000000004,8.97528625095791,13.544874962903183,20.35496127446501
36.56,9.437594815982132,14.077736572534482,21.07863522669627
36.57,9.904549407435127,14.564304165935546,21.89527478333906
36.58,10.369746306317314,14.989231357089919,22.79973263383738
36.59,10.827194591831493,15.33507366906142,23.78939721452268
36.6,11.269961949736661,15.582720604142155,24.857291039637637
36.61,11.6887541142424,15.719074812113286,25.983243637415168
36.62,12.074193232091188,15.731208822428137,27.146700931588708
36.63,12.415833935915074,15.599433453378307,28.33021437559022
36.64,12.704769634965468,15.319085830741045,29.507738974136466
36.65,12.933322706788989,14.895321787315535,30.64806700706993
36.660000000000004,13.092905536873904,14.331180210756333,31.720125611260332
36.67,13.174254280327421,13.629535582105541,32.697103931013345
36.68,13.176197678252809,12.814087058059952,33.556896318478465
36.69,13.097441478912716,11.909596830107255,34.276826201231096
36.7,12.933474182014145,10.936215552773135,34.837012957892014
36.71,12.690738116026624,9.92414470124744,35.23550328596696
36.72,12.377027341125618,8.905210168886448,35.47199952256968
36.730000000000004,11.995884150524649,7.905087795802041,35.545029894165566
36.74,11.55769569655633,6.94478133039678,35.46873973456428
36.75,11.074244750710086,6.04553466266201,35.259280602145814
36.76,10.55455536485535,5.223207466393857,34.92949117544186
36.77,10.009985023913254,4.484257464000089,34.49980529819309
36.78,9.452240995690005,3.8352134004427416,33.99053219772606
36.79,8.890984952282587,3.2792564702127565,33.41655546814592
36.800000000000004,8.33404205348841,2.811144745157049,32.793597258734806
36.81,7.789201075275263,2.4252351301524793,32.13754114998144
36.82,7.263847209005534,2.1169004410988386,31.460319672308405
36.83,6.762428698891387,1.8788166435414289,30.770213696315736
36.84,6.288856686780408,1.7027823318626163,30.075567251525495
36.85,5.846476771032157,1.5815558521143611,29.38232572207899
36.86,5.436803583587015,1.5075913175254607,28.69483397298164
36.87,5.061062974240995,1.4738550078261716,28.016915705542022
36.88,4.719509064747297,1.4745539626691309,27.35068051483359
36.89,4.411978759561828,1.5040707578922614,26.697872678777983
36.9,4.137610507449134,1.5579872826285863,26.059794184147087
36.910000000000004,3.8954818780582916,1.6325193109295233,25.437141257766765
36.92,3.6842949876700395,1.724288602128602,24.830523682745106
36.93,3.502567974146136,1.8310745894588794,24.240155496565393
36.94,3.34901653726254,1.9508580780771625,23.66612447331638
36.95,3.2216509490695713,2.082239442293132,23.108653101735825
36.96,3.1190519590750982,2.224641135444022,22.567919511549402
36.97,3.040413061154127,2.3774437632627863,22.044009043799836
36.980000000000004,2.984786880961071,2.540092266163666,21.537011730052683
36.99,2.9492332734989803,2.713337701632061,21.04717457767586
37.0,2.9329055598953038,2.8978885513420582,20.574883930206283
37.01,2.9358841232358523,3.094150377913566,20.120522830499294
37.02,2.958249346606459,3.302528743966645,19.684474321409933
37.03,3.0000816130929033,3.523429212120907,19.26712144579416
37.04,3.0606193646995195,3.7578382003988007,18.868896753953724
37.050000000000004,3.1376517362489436,4.008312844022865,18.49080518581945
37.06,3.23157607396986,4.276220316728631,18.134218428611494
37.07,3.3429679743715424,4.562824057983295,17.800514108582124
37.08,3.4724030339632153,4.86938750725388,17.491069851983884
37.09,3.620456849254215,5.197174104007653,17.20726328506913
37.1,3.7872513763896953,5.5479456133069585,16.950425820106197
37.11,3.9727106057793966,5.923788527199906,16.723039443918175
37.12,4.177574278213215,6.325970842360375,16.52851634559274
37.13,4.4025941452344295,6.75574794288457,16.370276282390627
37.14,4.648521958385833,7.214375212867772,16.251739011572877
37.15,4.91611048224969,7.703108927486386,16.17632432754551
37.160000000000004,5.206818838796123,8.223400315665636,16.147967701040578
37.17,5.521510181829296,8.774588279734486,16.172407043908418
37.18,5.860206329579833,9.354902445941553,16.255773559167764
37.19,6.222929100278167,9.962572440535098,16.404198449837377
37.2,6.609700312155009,10.595827889763841,16.623812918936206
37.21,7.02130751079378,11.252659160868246,16.921754874404456
37.22,7.458052141973299,11.926670465343435,17.306160610009766
37.230000000000004,7.917587559214477,12.608464919471938,17.783066406853035
37.24,8.397501377469101,13.288608804152181,18.358442822281532
37.25,8.896029385755975,13.957216891398032,19.039708644543
37.26,9.410625135196804,14.599323337606638,19.833112672466534
37.27,9.934923232103488,15.196776729675504,20.73697135275504
37.28,10.462419273331056,15.731291223969915,21.74940535886784
37.29,10.987414018750032,16.18016027872438,22.873079396315216
37.300000000000004,11.500452354583574,16.521622317413563,24.09463235196943
37.31,11.990537016795793,16.73606746573382,25.393659465758702
37.32,12.446441584266445,16.801067435917343,26.751572714769175
37.33,12.856209366862226,16.693909915089417,28.147077145703992
37.34,13.208569602463292,16.411014586644967,29.542991451357754
37.35,13.491998533011625,15.949275268243575,30.901113072923994
37.36,13.692525303006015,15.300312804373792,32.18553904880995
37.37,13.804111162279462,14.48399499116814,33.36197961496142
37.38,13.822613654451384,13.526882256368905,34.395834711365325
37.39,13.739910256912736,12.449634899701671,35.25451862116799
37.4,13.558504327185792,11.288158108062326,35.924023022563425
37.410000000000004,13.283211722768609,10.082932067347587,36.392992092325564
37.42,12.916547580113434,8.868192230141164,36.65498092966721
37.43,12.471444515941418,7.6786671389200425,36.724045512808544
37.44,11.959272146372188,6.548052018982284,36.61265685283922
37.45,11.391299088310776,5.497964381387137,36.33906469425332
37.46,10.783119840896923,4.544760026998847,35.93045453269001
37.47,10.147901945275708,3.7027989653467204,35.40876272226775
37.480000000000004,9.498067760431573,2.9728967171337155,34.79768250045674
37.49,8.846358822400452,2.3535703453843952,34.121928129876885
37.5,8.203573368865504,1.842204127792285,33.39994656828434
37.51,7.577668842493672,1.429586738392681,32.647546164961284
37.52,6.976538279367865,1.1065489611854422,31.879269791066093
37.53,6.405706238457496,0.8629575737947566,31.104999077562532
37.54,5.869462458220335,0.6881843104461846,30.333199637792895
37.550000000000004,5.370354899338087,0.5720913981738729,29.569695380498615
37.56,4.9101712644294055,0.5051765297940672,28.818668217338587
37.57,4.4894540243651075,0.4789604846563993,28.083001243614223
37.58,4.107927917057709,0.48593607596883753,27.36431323096126
37.59,3.76472594203266,0.5195834651954264,26.663630673782585
37.6,3.4583816720042453,0.5745959599003432,25.981448702074754
37.61,3.187221968606872,0.6464963679651127,25.317674908779875
37.62,2.9494397775689296,0.7316452818531293,24.672241914012634
37.63,2.742792426231986,0.8273806309113062,24.044855512466196
37.64,2.565395136114107,0.9315432546045289,23.435071263458426
37.65,2.414823767718613,1.042715368620438,22.84263115635944
37.660000000000004,2.289343158197497,1.1599466243526022,22.26713904655387
37.67,2.187474260799312,1.282262244371444,21.708125007096534
37.68,2.1066026535462696,1.409878567636897,21.165380153949318
37.69,2.0454990799514694,1.5430018605850422,20.63870217656053
37.7,2.0034190494758266,1.6816217236885789,20.127843056409066
37.71,1.9793457795017066,1.8258757730212904,19.632567747829572
37.72,1.9703288525919853,1.9773748166928558,19.152870526534816
37.730000000000004,1.9759249238243604,2.1371599971917963,18.68888403569916
37.74,1.9963641998386328,2.305984013900443,18.240734082361726
37.75,2.031876887274611,2.4845995662014664,17.808546473560632
37.76,2.082693192772105,2.6737593534774238,17.392447016334344
37.77,2.1482036645607065,2.874701993650114,16.992583646115882
37.78,2.2267792588275617,3.0898578897232847,16.609521022703124
37.79,2.3189699271687605,3.3209649860104578,16.244134731433643
37.800000000000004,2.4254263716589324,3.5697155359494896,15.89730587509834
37.81,2.546799294372474,3.837801792977701,15.569915556488839
37.82,2.6834446982246556,4.12689737763003,15.262753549866547
37.83,2.8355379390788547,4.438972303933484,14.977192037304656
37.84,3.004081454060897,4.776325746955669,14.715433723731312
37.85,3.19010753242775,5.141263997136122,14.479701407775753
37.86,3.3946484634367327,5.5360933449150895,14.272217888066642
37.87,3.6188117903089387,5.962897094472691,14.095075433519467
37.88,3.863930343618642,6.4233885235345305,13.951738502550464
37.89,4.13132786546098,6.919538477228684,13.847053930451244
37.9,4.422326454203086,7.453325100876537,13.785885800095514
37.910000000000004,4.738248208212161,8.026726539799581,13.773098194357106
37.92,5.081087247483918,8.641582803863091,13.813690777020037
37.93,5.452363600551607,9.297221046624138,13.915215247875174
37.94,5.852583655324997,9.991787629379287,14.086427843619376
37.95,6.282253423793894,10.723428691455037,14.336085028634209
37.96,6.741882079109554,11.490291284198971,14.672946567456274
37.97,7.233090648652073,12.28910088251737,15.10762933445034
37.980000000000004,7.755203476937451,13.109549191752224,15.650898902208016
37.99,8.305682339727035,13.939337486034761,16.31215712620347
38.0,8.882079856228945,14.766159370070403,17.101027190957016
38.01,9.48273733524962,15.574191418914697,18.029938236564384
38.02,10.101221851658764,16.339202633718656,19.101945880145646
38.03,10.72960338966863,17.035760544447612,20.316798613133308
38.04,11.360724235470236,17.634846635427255,21.67889824326848
38.050000000000004,11.98339126840639,18.103909772584483,23.1776619047257
38.06,12.583063909215028,18.41312155274665,24.787708360728644
38.07,13.145047817306553,18.528887487547593,26.486155976844113
38.08,13.653484543956095,18.419130777642692,28.2429891580302
38.09,14.09203334333041,18.07420076852769,30.006365277902894
38.1,14.442749765122528,17.48023972944402,31.72394200640169
38.11,14.687950696607507,16.630509529188775,33.34495688834514
38.12,14.819678284367344,15.558916634059962,34.81675384945478
38.13,14.828855814891064,14.298531900906298,36.08626225385675
38.14,14.706892937927487,12.88258024675564,37.11475960941253
38.15,14.459055654984862,11.369500273743855,37.8835269592173
38.160000000000004,14.086528861974278,9.813114766176012,38.373195786393225
38.17,13.601804489091553,8.26559007025089,38.594369941717964
38.18,13.02044204051154,6.779917044160636,38.56452360113199
38.19,12.356648062825467,5.393652102244596,38.30712503818
38.2,11.631594450180604,4.134992224909115,37.860982742596015
38.21,10.862956133416894,3.0256570645098364,37.259081382532266
38.22,10.069161856454041,2.0686560034549175,36.53892314855596
38.230000000000004,9.26806764369101,1.2652459769550086,35.73567313002974
38.24,8.473668068495796,0.6078189697972458,34.876223113921014
38.25,7.69884577620663,0.08403979192321176,33.98551347480498
38.26,6.953803165647384,-0.3204552550131289,33.08217677220587
38.27,6.246277342875725,-0.6215920338310692,32.18064520198922
38.28,5.581851633708947,-0.8353975909216799,31.291023860093272
38.29,4.963869043862791,-0.9770682831815708,30.420404854700045
38.300000000000004,4.394094040945658,-1.0605225687419277,29.57276789234496
38.31,3.8729071252715026,-1.0978532801311438,28.750454905260447
38.32,3.3994576582410865,-1.0999206685766152,27.954523585024848
38.33,2.972227712276699,-1.0755005906770443,27.184708298535416
38.34,2.588887112930877,-1.0320715014002169,26.44038934281636
38.35,2.2469109064759767,-0.9758210263022744,25.72060781018232
38.36,1.9430718545401051,-0.9116008895376817,25.024203471427633
38.37,1.6745824502666489,-0.843041683877006,24.35005459586714
38.38,1.4381118119006113,-0.7731946875133993,23.69686063699504
38.39,1.2306447588190914,-0.7041667305627392,23.063540006127415
38.4,1.0495003974654886,-0.637835144474167,22.449153790527607
38.410000000000004,0.8913663747973097,-0.5749426392720245,21.852615855581686
38.42,0.7542473930700749,-0.5164080556156483,21.273165492056176
38.43,0.635713820674613,-0.4628053265929082,20.710008660275797
38.44,0.5329773206973785,-0.4139433967574935,20.162407129379204
38.45,0.44461633827550073,-0.3701824910949349,19.62986875789172
38.46,0.36877223772361045,-0.33153324809058266,19.111845971074263
38.47,0.30323603347952505,-0.2973853612580706,18.60778074053199
38.480000000000004,0.2470839847479044,-0.26781806289388277,18.117311715164373
38.49,0.19915378064449415,-0.24270524209223493,17.640013365475255
38.5,0.157777044136078,-0.2213330007044059,17.175335775641308
38.51,0.12227285198140277,-0.20361532706923757,16.722974825638964
38.52,0.09189855333304739,-0.18940811792837295,16.282637301792604
38.53,0.06554046689171544,-0.17816763775038194,15.853989078064284
38.54,0.04268635691388176,-0.16973064169380142,15.43670244621803
38.550000000000004,0.022627527762844973,-0.16384284410514935,15.03046049001018
38.56,0.004925561948602532,-0.16032156577690773,14.634947925968985
38.57,-0.010719611447121013,-0.15907484017783025,14.249862058712786
38.58,-0.024938992096375377,-0.15995664389031977,13.874937014014035
38.59,-0.037943852479294896,-0.1628952678775997,13.509841488566202
38.6,-0.050083274774343045,-0.16771254806019192,13.154450824907766
38.61,-0.06161131134539126,-0.1743497664809886,12.808447475464273
38.62,-0.07270855946459931,-0.18280076814101823,12.471433856334938
38.63,-0.08365736903490986,-0.19305823876843226,12.143305960248817
38.64,-0.09465261523009241,-0.20528533155198955,11.823891668220165
38.65,-0.1058842197513628,-0.21960016630744159,11.513000912521512
38.660000000000004,-0.11751042550258078,-0.2359651457616313,11.21037770386157
38.67,-0.12965017736111598,-0.25448291375949544,10.91575220290946
38.68,-0.14243492877614533,-0.2752610406397006,10.62887033678927
38.69,-0.15608110243685458,-0.29844470018258823,10.34957193369818
38.7,-0.17078966819979585,-0.3243269551216517,10.07769074573148
38.71,-0.18675524190660603,-0.3532133241260891,9.813054588592987
38.72,-0.20414293969621528,-0.38535541700491555,9.555490464319059
38.730000000000004,-0.22304786604076887,-0.420902223840079,9.304841718437189
38.74,-0.2437112937468796,-0.46030296521031866,9.060979628051768
38.75,-0.2663905468757252,-0.5040378820823874,8.82377713099529
38.76,-0.29131974057560556,-0.5524910244796416,8.592992899044553
38.77,-0.31875653467890225,-0.6061405864349787,8.368480950274353
38.78,-0.3489951153962997,-0.6656143836242433,8.150264578890836
38.79,-0.3823190519643232,-0.731510614335773,7.938344539950623
38.800000000000004,-0.419000968371136,-0.804356024840305,7.732544492523761
38.81,-0.4594844798269993,-0.8850829682696518,7.532782550741138
38.82,-0.5042398053939746,-0.9746917963199548,7.339009919000753
38.83,-0.5536970210504578,-1.0740348105083641,7.151203572479976
38.84,-0.6083317592419566,-1.183998316612499,6.96945482828692
38.85,-0.6688181802480458,-1.306072434085074,6.793865097247531
38.86,-0.7358349478566606,-1.4417527064385167,6.62453564901622
38.87,-0.8100269199306975,-1.5920350060309651,6.46168252709393
38.88,-0.8922756851292333,-1.7587207202414166,6.305680981692296
38.89,-0.9835462821993153,-1.9440366636060893,6.156911807893449
38.9,-1.08470986799104,-2.1499178753190047,6.0157263627981985
38.910000000000004,-1.1967129603168163,-2.378134532474362,5.882737904688931
38.92,-1.3210299335934028,-2.6316772376823985,5.758976031022517
38.93,-1.4591411775839804,-2.913563305930412,5.645471826738298
38.94,-1.6122019288600657,-3.2261330731365336,5.543206489254533
38.95,-1.7820047806566142,-3.573036151400444,5.454079881917384
38.96,-1.9706042746015398,-3.958462867492438,5.380248394588543
38.97,-2.1799022777647443,-4.386034786308716,5.323750114112792
38.980000000000004,-2.4120256538862206,-4.8595242463506505,5.2877927305503105
38.99,-2.6696917839524947,-5.3843470616648625,5.276847072458634
39.0,-2.9555867335676784,-5.965789043691553,5.295306790584366
39.01,-3.2722705059753325,-6.607828635662954,5.34811465322563
39.02,-3.6230919298282096,-7.315928842736343,5.443579946444527
39.03,-4.011553409683143,-8.095989054653389,5.590517581964626
39.04,-4.440932777102254,-8.952738517752499,5.797855056001959
39.050000000000004,-4.914674978093158,-9.889227759382743,6.07921923403327
39.06,-5.436498859768449,-10.908744027385131,6.450333105745887
39.07,-6.010045880300696,-12.013737152022857,6.9272602699176575
39.08,-6.638105520419994,-13.20071950936742,7.531117931555108
39.09,-7.323024275669144,-14.463702057571572,8.285883638511821
39.1,-8.06712851039353,-15.794977520048603,9.217232681754878
39.11,-8.869418653446374,-17.17309947194533,10.353302734275733
39.12,-9.727351468161146,-18.571472948551076,11.722125856811687
39.13,-10.638251849121273,-19.95649620889763,13.355654838524867
39.14,-11.59061143660684,-21.272379298265484,15.270590554331486
39.15,-12.571095587959352,-22.45841469821349,17.48073462011123
39.160000000000004,-13.563085420869374,-23.438831240370416,19.992539815223108
39.17,-14.539416627399328,-24.130089106213585,22.772453712186213
39.18,-15.471035441381371,-24.436947980694548,25.786810586180938
39.19,-16.321323720343354,-24.285750929730284,28.946595737991192
39.2,-17.04976001944611,-23.609779799433685,32.14093273336321
39.21,-17.615915055574867,-22.37032207672704,35.2439047632391
39.22,-17.985310720682744,-20.598224233662947,38.101147921128245
39.230000000000004,-18.12272166382828,-18.33300739608541,40.57091009538029
39.24,-18.015549537617638,-15.697676217365121,42.542386626074354
39.25,-17.652522460917357,-12.820463844550847,43.92950037891982
39.26,-17.04747170842471,-9.863193828440933,44.71362264210976
39.27,-16.219232809357894,-6.971517367475611,44.912106456368384
39.28,-15.205431348712207,-4.276527829576076,44.598022039524366
39.29,-14.044962283813431,-1.8668142164054669,43.862732771504
39.300000000000004,-12.782973249266592,0.19952915406446703,42.81514054810755
39.31,-11.461731086439386,1.9103826848865393,41.559107964157164
39.32,-10.121259890264952,3.2729083783704183,40.188115621067396
39.33,-8.793928618824175,4.321062581353015,38.77528032704756
39.34,-7.507214291819545,5.094529746392872,37.37609027821168
39.35,-6.280568690461968,5.640836734741615,36.02768961978227
39.36,-5.12781816156183,6.003789763481223,34.752173138050864
39.37,-4.057248910846882,6.225834010469062,33.56129046284232
39.38,-3.0727290468789525,6.341587925474259,32.457602457607635
39.39,-2.1746452282002235,6.382233188710787,31.43918144732843
39.4,-1.3607018143473384,6.371234895487048,30.500922039078382
39.410000000000004,-0.6266601492930083,6.328744331200657,29.63641405885133
39.42,0.03282770663988699,6.269881957172312,28.83822191884618
39.43,0.6234378978234785,6.206272917421739,28.09979271233629
39.44,1.1523037733377135,6.147031265207834,27.414483572053452
39.45,1.6254241062698946,6.098615439852454,26.777109034296362
39.46,2.0500805166938685,6.065919127764049,26.18256731995456
39.47,2.4322033612652962,6.052234707862797,25.627439519575866
39.480000000000004,2.777493408704879,6.060411612891611,25.108585681306316
39.49,3.0927824356101965,6.091343090684199,24.623163848427595
39.5,3.381936140863853,6.14641033971646,24.17024352450906
39.51,3.649350808542639,6.226669653489488,23.74871083470768
39.52,3.901673081287985,6.331188004487294,23.356902083972656
39.53,4.141535425440757,6.460200677681778,22.995192665124282
39.54,4.371039111276795,6.614174789428564,22.664193465349932
39.550000000000004,4.593969653369905,6.79283181073223,22.36402803958144
39.56,4.816333678417529,6.9942642313330845,22.094514858295113
39.57,5.038967984448535,7.218197017382687,21.85731142540896
39.58,5.262415310173778,7.464467208522245,21.654169800273912
39.59,5.487218394304273,7.732911844393163,21.486842042240813
39.6,5.715775352961113,8.022780228785633,21.356880512120107
39.61,5.953536189145533,8.331335947746265,21.26565328995222
39.62,6.200225861436178,8.656578932082185,21.215297098837574
39.63,6.455191656215857,8.996595624363579,21.20799399939478
39.64,6.717780859866827,9.349472467159902,21.245926052242442
39.65,6.98734075877189,9.713295903041331,21.331275317999147
39.660000000000004,7.265631366782879,10.085256370529317,21.467069952736882
39.67,7.554303152877275,10.46032134305792,21.655538196294554
39.68,7.851322401170639,10.833441742627645,21.89715048838286
39.69,8.154639952009216,11.19957112530826,22.192370809627125
39.7,8.4622228533888,11.553655242287007,22.541691415787533
39.71,8.773986918426562,11.889116741549135,22.948609850094922
39.72,9.087840390630825,12.19838208684859,23.411797054816336
39.730000000000004,9.399730374410002,12.474413537220089,23.926226996505527
39.74,9.705603974171837,12.710173351697769,24.486873641715142
39.75,10.0014538301301,12.898407489119448,25.088939050552856
39.76,10.284073545590902,13.028336004824302,25.730522338360917
39.77,10.54928085214928,13.094505710849278,26.40206933677217
39.78,10.792428158500243,13.093774085515028,27.09129370387712
39.79,11.008867873339366,13.022998607142373,27.785909097767725
39.800000000000004,11.192901221994578,12.875261522182823,28.474693654590364
39.81,11.339673123452913,12.646976572031999,29.146501269601067
39.82,11.447317180939264,12.345515615837842,29.78785213480471
39.83,11.51400970576936,11.978405849855111,30.385229225573813
39.84,11.537633868088069,11.552706044367108,30.925071694734687
39.85,11.513801911093546,11.07152701453497,31.395864172832123
39.86,11.443677824972175,10.546167475826701,31.792029681938384
39.87,11.329985626862278,9.99033766383982,32.108832287187
39.88,11.174054615633477,9.416740133251606,32.340254549306216
39.89,10.976201564082741,8.835325954224775,32.4825758801725
39.9,10.74200963822273,8.257775178443735,32.5402313141027
39.910000000000004,10.477329434925021,7.695913936519998,32.517984251639774
39.92,10.185833557211646,7.16044686697197,32.41761044258633
39.93,9.87209568918792,6.657567932253877,32.244967518717715
39.94,9.542380418560883,6.1923947127852115,32.00934644509442
39.95,9.20280533252555,5.770303209851258,31.71941016676308
39.96,8.85807794415173,5.395642804465414,31.380471601244874
39.97,8.512561754180268,5.067967145316454,31.000493706447898
39.980000000000004,8.170686510047183,4.786334354598353,30.588011631311463
39.99,7.8369805794077605,4.550070667577751,30.151184288750535
40.0,7.515586667383337,4.359027743975766,29.69489769909314
40.01,7.208688887254341,4.210237829103729,29.223958228288836
40.02,6.918255096196498,4.100331690590511,28.74343525959414
40.03,6.646283030961858,4.025985305144481,28.258373549102547
40.04,6.395126798391082,3.9851465854256793,27.77254446585426
40.050000000000004,6.165666161046768,3.9754309700887367,27.288396568943938
40.06,5.9582734605143415,3.993977535751166,26.808407056350248
40.07,5.77332103837873,4.037925359030451,26.335053126050834
40.08,5.611232478959854,4.105176989601122,25.870705800416875
40.09,5.472053616000206,4.194553002333767,25.416998286969562
40.1,5.355558494439596,4.304446734474147,24.975285598512095
40.11,5.261520971484631,4.433250782492034,24.546922659207258
40.12,5.189559469333833,4.57961550160412,24.133345937176887
40.13,5.138771322566891,4.743510174784107,23.736173087904845
40.14,5.108908840785242,4.924431956270794,23.35655369971202
40.15,5.099812363029086,5.121765448470807,22.99558440362126
40.160000000000004,5.111322228338686,5.334895253790819,22.654361830655475
40.17,5.143274966870689,5.563214290096205,22.333985555493143
40.18,5.194635362745033,5.808068847968465,22.03636435652351
40.19,5.264657135017396,6.070349654980745,21.76365665761486
40.2,5.353301079209145,6.349441815101413,21.517577116280943
40.21,5.460527990841453,6.64473043229823,21.299840390036024
40.22,5.586298665435676,6.95560061053955,21.11216113639384
40.230000000000004,5.730573898513219,7.281437453793773,20.956254012868207
40.24,5.893314485595177,7.621626066028593,20.833833676973263
40.25,6.074481593221855,7.97560258364003,20.74666321503218
40.26,6.27383229466612,8.344324569143092,20.698489290316715
40.27,6.490502391354144,8.726591071804311,20.69252943413757
40.28,6.723515771581626,9.119970297496735,20.731091444823818
40.29,6.971896323644723,9.522030452094217,20.81648312070451
40.300000000000004,7.2346679358396315,9.930339741470645,20.951012260108822
40.31,7.5115952202971625,10.342472854387632,21.13813084895812
40.32,7.802408082584705,10.754225359387931,21.381482438066023
40.33,8.10460304475766,11.159860087343,21.681469260742574
40.34,8.415615684510794,11.553615934144181,22.038402635704646
40.35,8.732906691905303,11.929715721685051,22.452662134613576
40.36,9.055298321698697,12.280800147804669,22.92811681256249
40.37,9.379596416883192,12.598594924629964,23.46250003561345
40.38,9.701237625870993,12.875281583887185,24.049698883594182
40.39,10.015658597073614,13.103041657302006,24.68360043633115
40.4,10.31835956089852,13.273311553179909,25.3589121411196
40.410000000000004,10.605024785805796,13.374856688128649,26.072320427749244
40.42,10.870669433366245,13.403431516088515,26.811222946591247
40.43,11.11020041392526,13.355991057770652,27.561568296131256
40.44,11.318436475600308,13.229208666070397,28.30936934182381
40.45,11.488239484001449,13.013894523584064,29.042482752077532
40.46,11.616104189255656,12.71351876758972,29.747247409081528
40.47,11.700240718331743,12.337202897721761,30.408935204004
40.480000000000004,11.738859198198398,11.894068413614367,31.01281802801303
40.49,11.72856010667081,11.39059984437643,31.54430949919642
40.5,11.666877543319535,10.833956597938643,31.99446614779174
40.51,11.556743525706985,10.23942638313811,32.35865718753369
40.52,11.400941454319574,9.622311506077661,32.6319839821413
40.53,11.199300747399647,8.994583781001642,32.807914045518174
40.54,10.95655992703971,8.368564472704389,32.88968973185488
40.550000000000004,10.679129482750806,7.757332144805221,32.88301357151378
40.56,10.372134432406153,7.173461793991374,32.79169156689593
40.57,10.039730239790128,6.624897902190197,32.62029445799025
40.58,9.688741829271352,6.117181956113047,32.379112398864415
40.59,9.325999465027325,5.655983609635303,32.07826992440666
40.6,8.956999001831875,5.24651540428104,31.7243711593465
40.61,8.586464653243516,4.888528783927185,31.325780812493306
40.62,8.219194953684132,4.5807911930752105,30.891797088177924
40.63,7.860093030151312,4.322308824343429,30.431398503905985
40.64,7.513818064155813,4.112721057558188,29.950208461731116
40.65,7.182836680071226,3.948703654429256,29.453518045470393
40.660000000000004,6.869324057263669,3.826439772299536,28.94691416092206
40.67,6.575544901510572,3.742248278423382,28.435862870460898
40.68,6.303869300370812,3.6936777350142735,27.923952950460716
40.69,6.0550444978672635,3.677761238556746,27.413810412425494
40.7,5.829547329344673,3.6913027082764174,26.908133201233344
40.71,5.6278616359611116,3.7311796130753576,26.409608422938557
40.72,5.450312475292392,3.795333075548413,25.920398846798406
40.730000000000004,5.296748194472001,3.8819561972547407,25.441922471015445
40.74,5.166956265829202,3.9891374384678846,24.97554076896091
40.75,5.060694332737959,4.115006093702988,24.522629323471342
40.76,4.97708072293256,4.2588638967043035,24.084770874849227
40.77,4.915616229873292,4.420228828367117,23.663130194000733
40.78,4.876074376229805,4.598353409993263,23.25870847608846
40.79,4.8582286846716105,4.7924901628849135,22.872506916274112
40.800000000000004,4.861808386363167,5.001947521616261,22.505542815586132
40.81,4.885257136579508,5.2278721279673235,22.159445516771815
40.82,4.927949452404819,5.470816656404826,21.835896071258826
40.83,4.989961594520176,5.730541798720042,21.536383396281877
40.84,5.071369823606717,6.006808246704446,21.262396409075496
40.85,5.172250400345402,6.299376692148919,21.01542402687479
40.86,5.292679585417356,6.608007826844926,20.79695516691426
40.87,5.432733635157206,6.93246237008416,20.608478762536098
40.88,5.592125931928513,7.274021804815957,20.45265527601144
40.89,5.770197169336102,7.633249901019451,20.332838918310134
40.9,5.966458141660968,8.008871447204333,20.251583062266086
40.910000000000004,6.180419643184155,8.399611231880344,20.211441080713314
40.92,6.411592468186251,8.804194043556384,20.21496634648591
40.93,6.659490193560602,9.221346487263846,20.264716004877503
40.94,6.924690417436116,9.65003729869527,20.364915698317883
40.95,7.206662240729013,10.08686604495363,20.519110064488295
40.96,7.503586406003401,10.527218083887359,20.729283441640263
40.97,7.813643655823981,10.966478773345825,20.99742016802563
40.980000000000004,8.135040584081821,11.40003123337128,21.325555858536756
40.99,8.467256313367638,11.822322922664803,21.71817502480635
41.0,8.807732883699744,12.225440137747261,22.175490457588086
41.01,9.15260507065437,12.6011038308711,22.695078377308317
41.02,9.498007649807997,12.941034954288995,23.274515004393823
41.03,9.840709884569184,13.235308966193008,23.91400401921586
41.04,10.176769620818776,13.473382361390321,24.610225772995946
41.050000000000004,10.500480145596855,13.64755526160683,25.35214750624058
41.06,10.806116781654069,13.750163323561457,26.12865947813726
41.07,11.087754860917414,13.771691038095314,26.929822995417258
41.08,11.339314928297112,13.701422344211887,27.746179552678992
41.09,11.555956651811325,13.540400493982338,28.56048328750655
41.1,11.732943755546438,13.290645240195495,29.354854568468973
41.11,11.864978867449693,12.95283942932012,30.111578129951845
41.12,11.945716893417442,12.525576561884236,30.815548730766647
41.13,11.974259764963323,12.021058547496025,31.45362996973294
41.14,11.950447326063296,11.453290083235776,32.01272156887398
41.15,11.871732598263405,10.833538848826246,32.47836010800259
41.160000000000004,11.737228543030916,10.173584838301725,32.8426818491859
41.17,11.552195955698675,9.491259872245967,33.105388628346475
41.18,11.321802710387788,8.804394395687256,33.266056124977034
41.19,11.047745797193917,8.12727357116159,33.321892327938386
41.2,10.735690283052074,7.471127296902701,33.27930845938879
41.21,10.393402147751647,6.84742453627584,33.14789159793504
41.22,10.02736733219207,6.2675345909142175,32.93486797981709
41.230000000000004,9.64299098354331,5.737578010953947,32.64775309666038
41.24,9.247231774780309,5.2603635763524395,32.29844486350243
41.25,8.847082556531154,4.838998126375435,31.89845769889771
41.26,8.44866822876033,4.476436450211491,31.455506553229043
41.27,8.056311367100285,4.170095443118201,30.977878972867934
41.28,7.6741635733866005,3.916609726003227,30.474333172774347
41.29,7.306443975065578,3.7127374537824935,29.953488939043247
41.300000000000004,6.957391667977297,3.556453852386042,29.4210089028296
41.31,6.62891133771563,3.4439858106814856,28.88111053118413
41.32,6.322426455896783,3.370978919634001,28.338259054147453
41.33,6.039530730058686,3.3333165202240513,27.796786402709525
41.34,5.781768022077516,3.3280578644898298,27.259626017179247
41.35,5.549386251651836,3.3520134987216603,26.72892424137164
41.36,5.342532167214671,3.4019252758231824,26.206822845816276
41.37,5.1612390184547925,3.475090004090644,25.69541428473966
41.38,5.005141575145816,3.569936006982614,25.196125349916432
41.39,4.873812975493812,3.684643580813606,24.71002481312939
41.4,4.766826904790632,3.8173876953821395,24.238180085168107
41.410000000000004,4.683299052882473,3.9670263923784512,23.78180330866288
41.42,4.622257484659026,4.133476314764254,23.342093321664976
41.43,4.583437215298328,4.31619780395318,22.91999913511013
41.44,4.566578106451448,4.514646093000676,22.51646813473821
41.45,4.57142001976947,4.728276414962339,22.132447706288797
41.46,4.596648738348847,4.957737076717347,21.76913396757659
41.47,4.64082128491552,5.204469126177403,21.428196425471395
41.480000000000004,4.704172222482106,5.468432294540644,21.111194553003084
41.49,4.786947544785024,5.749574866193903,20.81968614692538
41.5,4.889393245560821,6.04784512552457,20.55522900399132
41.51,5.011755318546006,6.363191356919853,20.31938092095417
41.52,5.154279757477199,6.695561844767203,20.11369969456706
41.53,5.317186683374123,7.0449862167897175,19.93979154490887
41.54,5.499800718732797,7.4135199969160075,19.800990444507338
41.550000000000004,5.701446016427826,7.801119132623188,19.700768929466612
41.56,5.921738367280115,8.206489122861269,19.642075564460477
41.57,6.160293562110995,8.628335466581081,19.627858914162474
41.58,6.416727391741661,9.065363662733187,19.66106754324623
41.59,6.690749280388225,9.516332416722836,19.7447922841649
41.6,6.983094876450451,9.979748086124872,19.88414549082086
41.61,7.292600046841637,10.451132657305404,20.082406877318643
41.62,7.617449257598723,10.92539072928508,20.342003201156768
41.63,7.955826974758892,11.397426901084883,20.665361219834008
41.64,8.306264891664261,11.86201389000514,21.05563665178243
41.65,8.667917367711476,12.311682229604125,21.517374835133406
41.660000000000004,9.03697731640669,12.737114200007838,22.04902607321732
41.67,9.409265093453532,13.128939233610735,22.648266515583526
41.68,9.78075483458161,13.477421523712938,23.313433859125578
41.69,10.14805964174269,13.76975028509594,24.04545276341583
41.7,10.505344162886484,13.995952380709337,24.83440549655417
41.71,10.846263472965344,14.14696537490962,25.668151065839623
41.72,11.16443582987926,14.213349775078322,26.534798143181153
41.730000000000004,11.452937743897719,14.180800229502902,27.425360737800972
41.74,11.705806065370261,14.046522322529832,28.322453655672504
41.75,11.917461722014563,13.811895279128338,29.20581675943552
41.76,12.08210487237463,13.477777082867537,30.055230979134194
41.77,12.19190599389634,13.040809042010554,30.852404960723007
41.78,12.24465139385295,12.512212455317894,31.5815608912756
41.79,12.239854875385912,11.907460310094251,32.22706571580876
41.800000000000004,12.174929519302216,11.239697405105783,32.77202925960343
41.81,12.047380701964808,10.5214059204623,33.20522430244775
41.82,11.862580761927378,9.773067507737046,33.52540493783986
41.83,11.626051688914606,9.01540279164073,33.73143982667116
41.84,11.339525819246575,8.265140245975362,33.81961094986718
41.85,11.009159359790877,7.535833558516472,33.796765116671786
41.86,10.64363833250353,6.841466645609573,33.67362800635535
41.87,10.249875512448204,6.195474566977887,33.45779440101068
41.88,9.834298824919655,5.604568379765847,33.158853039830966
41.89,9.404910755668237,5.072616327990679,32.790616495079476
41.9,8.969686905561561,4.604110501713341,32.365652776539314
41.910000000000004,8.535098179960114,4.20098645950515,31.892738444517413
41.92,8.106225480082681,3.859974211842705,31.382145665959435
41.93,7.688115359097525,3.5776150944138694,30.844289087559837
41.94,7.2859725031752935,3.3510008663839015,30.288332665529886
41.95,6.9035071212186665,3.1768106125149913,29.71958132367766
41.96,6.542849708928044,3.0500032342408026,29.143464319798987
41.97,6.206177361869984,2.96557499857474,28.5653935298209
41.980000000000004,5.895683232430075,2.919443148771028,27.98943210227706
41.99,5.6119770936701405,2.907634718444779,27.41819493156973
42.0,5.355394823201436,2.92607018240048,26.854232031483058
42.01,5.126270298336969,2.971159589841585,26.29995284555777
42.02,4.924404526635934,3.040378237222728,25.756901531900372
42.03,4.749299063965228,3.1311758486984758,25.22631251767455
42.04,4.600396665289125,3.241086835868101,24.70942109673739
42.050000000000004,4.4766880608569375,3.3688088908064784,24.20730982272122
42.06,4.3775342402385204,3.513420793037488,23.720762965126383
42.07,4.302409591724783,3.6739220148107883,23.2505356561267
42.08,4.250747057614016,3.8493406487159083,22.797390325225045
42.09,4.220707318214083,4.03991118601236,22.36238198333447
42.1,4.211523730248985,4.246029101918719,21.946565392093476
42.11,4.223197563085005,4.467708681592822,21.550891293381678
42.12,4.255730086088455,4.704964210192378,21.176310429079
42.13,4.30912256862569,4.95780997287528,20.82377354106512
42.14,4.383306416206662,5.226353727272983,20.49424670948723
42.15,4.4766946484303425,5.51286048388305,20.189360442813964
42.160000000000004,4.588822732286714,5.81841123312637,19.9113352084594
42.17,4.719951262113325,6.143164035165292,19.662356615444388
42.18,4.8703408322479556,6.4872769501628085,19.444610272789188
42.19,5.0402520370283135,6.850908038281702,19.260281789514256
42.2,5.229945470792248,7.234215359685035,19.111556774639958
42.21,5.439681869570631,7.637358051562583,19.000621597460945
42.22,5.669779150201961,8.061618102761537,18.93099705235222
42.230000000000004,5.919991565854702,8.506600725435474,18.907073231322897
42.24,6.18976445542154,8.970180127250512,18.932504118480143
42.25,6.478543157795687,9.45023051587371,19.01094369793106
42.26,6.785773011870186,9.944626098971815,19.146045953782792
42.27,7.111146279920468,10.451285848579872,19.34184546322209
42.28,7.45526435121807,10.966658166170294,19.604369651019255
42.29,7.816099261583078,11.483909561588526,19.936607953614658
42.300000000000004,8.19115038050916,11.99588355496339,20.340907107134022
42.31,8.577919553596745,12.495423087020042,20.819619631752467
42.32,8.97502879338041,12.974177749774478,21.377667652568398
42.33,9.379026258406132,13.420845203184978,22.01495524911089
42.34,9.784653192350284,13.823754299400708,22.72712565743447
42.35,10.18666782491445,14.171170697262514,23.509922674152524
42.36,10.580427800694533,14.447806351508758,24.36289441201883
42.37,10.959393679602123,14.641386886666035,25.27513896587017
42.38,11.316098111049385,14.742332771068906,26.230407283726688
42.39,11.643012809239055,14.740667503965163,27.21265873116149
42.4,11.931609383541803,14.620789043264747,28.208693371982744
42.410000000000004,12.17526786887637,14.381789214792096,29.19730990320467
42.42,12.368160061885792,14.028256600620612,30.154378145494352
42.43,12.503950064495003,13.56367302206043,31.055825284406037
42.44,12.574739886593436,12.988831287643855,31.880729717658237
42.45,12.57957860461028,12.320947671972823,32.612696585695296
42.46,12.518686520738841,11.580002765797492,33.23559152003931
42.47,12.388275289956615,10.781531578613839,33.73159035894906
42.480000000000004,12.191133176173263,9.945831176536343,34.09632193285091
42.49,11.934261631956383,9.096994990049451,34.33088742400955
42.5,11.62248987692173,8.257529208176965,34.434115013878554
42.51,11.260503663503513,7.4435683510100175,34.41000583016597
42.52,10.858057927372156,6.670147483850048,34.27194543181218
42.53,10.424030107199732,5.952444962232771,34.03141123467369
42.54,9.965766053130588,5.299581568445166,33.69888077672188
42.550000000000004,9.492249431094871,4.715090088503139,33.29020481484965
42.56,9.01254604049674,4.203040107254394,32.8205056461914
42.57,8.53422173201856,3.765606346023698,32.300511534935524
42.58,8.062888083681052,3.3983957655922024,31.74162232041592
42.59,7.604067515120221,3.0965962235917965,31.155454912034397
42.6,7.163425304610862,2.8560946833810608,30.552194252684124
42.61,6.744984281900821,2.672720612233594,29.937592645507838
42.62,6.351059733000874,2.5403943412415564,29.317636627743482
42.63,5.984122924978553,2.453269909466783,28.697976426926914
42.64,5.645973915438003,2.406456213333176,28.082110662828587
42.65,5.337084390547316,2.3949200701515303,27.47292474291936
42.660000000000004,5.0578560016234775,2.4138137072747674,26.87320888767187
42.67,4.808232936536523,2.4595620068832216,26.2847167788187
42.68,4.587803602916009,2.5288856354647606,25.70862290375466
42.69,4.3960147517307275,2.6186237527145524,25.14610858659743
42.7,4.231681219243705,2.7268095044459217,24.598176640020796
42.71,4.093987065462264,2.851853780243455,24.065464808256337
42.72,3.9821880707393182,2.992137329328351,23.54858510378165
42.730000000000004,3.894783071641278,3.1466618602072276,23.04824794155459
42.74,3.830375506102854,3.3154020226662815,22.56511847643941
42.75,3.788641852647798,3.498064285544355,22.099704063818365
42.76,3.7692609153693595,3.6943539217104995,21.65251173546394
42.77,3.771838896637988,3.9040224588394836,21.224056693589908
42.78,3.793790638243886,4.128526338921597,20.815294791979863
42.79,3.8342777509139667,4.369053260287716,20.42751574721839
42.800000000000004,3.893738015831841,4.626116395635257,20.061952707072432
42.81,3.972609214180987,4.90022891766108,19.719838819309725
42.82,4.071329127145003,5.191903999062591,19.402407231697197
42.83,4.190335535907451,5.501654812537014,19.11089109200206
42.84,4.330054474858786,5.830015297702867,18.846526308645196
42.85,4.4896387543768945,6.1796121606777925,18.61126010859046
42.86,4.668532626801605,6.55204242074222,18.40831182045869
42.87,4.866996492922726,6.947356819141631,18.24097848009923
42.88,5.0852907535302245,7.365606097121812,18.112557123361345
42.89,5.323675809413598,7.806840995927649,18.026344786094565
42.9,5.582412061362801,8.271112256804912,17.985638504148127
42.910000000000004,5.861760082953298,8.758470763811507,17.993735537938182
42.92,6.162696827678103,9.269046175339236,18.055378690243547
42.93,6.4852920609578195,9.800220562548395,18.176133910430515
42.94,6.828519825883657,10.347984515861423,18.360629967059374
42.95,7.1913541655470885,10.908328625701161,18.613495628690625
42.96,7.572833357485473,11.477251144040405,18.939468372368875
42.97,7.973239443163128,12.049420836671922,19.345683634131856
42.980000000000004,8.390152143511804,12.615237941098673,19.835486041631363
42.99,8.819978760569189,13.164333718046759,20.410360810899917
43.0,9.259167918990014,13.686306815424883,21.071924158469905
43.01,9.705457579603282,14.168135783163494,21.82605751901909
43.02,10.153222109509365,14.594713349471565,22.668504990980626
43.03,10.595184442650794,14.951380562541111,23.58987017229959
43.04,11.024071506601555,15.223421758148511,24.5808172746212
43.050000000000004,11.432757999257241,15.391122826118988,25.63594094832695
43.06,11.812959249393497,15.441717165142355,26.737777410222712
43.07,12.155870041959552,15.36789857272121,27.862086415765223
43.08,12.452231288976742,15.160646123108325,28.9850774824514
43.09,12.691087977092662,14.806509258909793,30.084763394651755
43.1,12.866746055633953,14.31538148934586,31.13415882166286
43.11,12.974484130077332,13.70113532813365,32.10533346920866
43.12,13.007833700894546,12.974378607573282,32.97055516372648
43.13,12.96182938763422,12.148266542971491,33.710432608472686
43.14,12.839377696030162,11.250418326775343,34.31267976688378
43.15,12.641400498526961,10.307086429891054,34.76326824088457
43.160000000000004,12.369159158412844,9.341261076901496,35.05580944126189
43.17,12.032139037031026,8.379519652783301,35.19750968791985
43.18,11.638350344845417,7.447817050896614,35.193740224723605
43.19,11.194645238616244,6.564419917429652,35.05282252838334
43.2,10.712667565249923,5.743355873224625,34.793021569842
43.21,10.203127738188847,4.99885372420656,34.430237112768936
43.22,9.675013225837887,4.337215936357041,33.97916682920593
43.230000000000004,9.138117479211855,3.759063835099895,33.45839065635979
43.24,8.60213687585121,3.2655460447436093,32.884868896156426
43.25,8.074540789861844,2.8545102260761186,32.27043166818852
43.26,7.561252452355985,2.5194908889890293,31.627329197276914
43.27,7.068354662570967,2.254414329163002,30.96711795683374
43.28,6.600543922677926,2.0533166123646263,30.297286589228264
43.29,6.160505106912191,1.9085277237391047,29.6243262427645
43.300000000000004,5.7511635163424595,1.8131076676824758,28.954082073586097
43.31,5.37383084286964,1.7607836349638795,28.290091685917652
43.32,5.0289968640290335,1.7450824509212526,27.635398810444936
43.33,4.717149640996427,1.760791456656053,26.99243205641022
43.34,4.437744247085046,1.8035111506952333,26.362485203195014
43.35,4.1900012829902105,1.8689875927319155,25.746754573952146
43.36,3.972910606279128,1.9540914472724455,25.146083783312484
43.37,3.785451307729598,2.0561315108993887,24.560978236735213
43.38,3.626178854099257,2.1728077511712907,23.991906875938867
43.39,3.493473427244333,2.302993867360269,23.439152207317704
43.4,3.3864390908660877,2.4456110520631373,22.902926764758366
43.410000000000004,3.3040756928753807,2.599627542473682,22.383448865952253
43.42,3.243837695348186,2.765129172907612,21.881068602919918
43.43,3.204832657559743,2.9424289927287504,21.396166965197303
43.44,3.186880847876469,3.1316464152698753,20.92910303985089
43.45,3.1898025346647905,3.332900853863913,20.480235913946856
43.46,3.2132641093397307,3.546401180574914,20.049933915589
43.47,3.254749489336898,3.773964079085678,19.638917528376158
43.480000000000004,3.3137786042762247,4.016996924065983,19.24828998614949
43.49,3.3908088618130057,4.27646284171274,18.87916394237501
43.5,3.486297669602654,4.553324958223373,18.532652050517868
43.51,3.6007024353005486,4.8485463997951355,18.209866964043517
43.52,3.734309395396876,5.163241157909463,17.9119060414423
43.53,3.8861295149438635,5.499768961014217,17.640343153604018
43.54,4.05646763215521,5.859573975399067,17.397958120514385
43.550000000000004,4.245998896477441,6.243795413860735,17.187667773338855
43.56,4.455398457356672,6.653572489195117,17.012388943243323
43.57,4.685341464239415,7.090044414198918,16.87503846139322
43.58,4.936682160389054,7.554619857223655,16.77855009222814
43.59,5.2107838078769895,8.048856143459798,16.726932874290487
43.6,5.50774533577031,8.571490501142502,16.725603816391114
43.61,5.827488828302453,9.120933719664217,16.780063671753858
43.62,6.16993636970667,9.695596588417038,16.8958131936026
43.63,6.535010044216477,10.293889896793505,17.07835313516138
43.64,6.922866837315065,10.91417613118482,17.33348436213597
43.65,7.334733996808734,11.551986536157962,17.66922353534519
43.660000000000004,7.768783470590029,12.198650569597984,18.091253204701463
43.67,8.222553389432706,12.845166405164052,18.60459613620151
43.68,8.69370642637197,13.482496281661712,19.214584215503137
43.69,9.18079860707215,14.098861485850083,19.929213025431718
43.7,9.678624065031684,14.67786461865419,20.748166278064122
43.71,10.18092172476007,15.202664774073934,21.668643056316775
43.72,10.681890923900472,15.65487161656589,22.690278282264476
43.730000000000004,11.174717987072942,16.012731258028598,23.809617749593727
43.74,11.649195526852987,16.258634889535976,25.00769157263018
43.75,12.094949725572082,16.375229725134062,26.264785563210026
43.76,12.501073480353327,16.338564112261622,27.564811351880238
43.77,12.857009560795195,16.138742441439692,28.87951151036441
43.78,13.152674826983358,15.775588437015486,30.17352714497227
43.79,13.376644231189976,15.24516892517478,31.412023424050016
43.800000000000004,13.518327480321693,14.548617892285568,32.5636844462764
43.81,13.574524692983,13.710652374453478,33.59838148356393
43.82,13.540895792964763,12.755019194483772,34.48526070849981
43.83,13.412157938557808,11.703636000831077,35.200919481763314
43.84,13.193993023230764,10.59302107876187,35.737359361231334
43.85,12.890103109958176,9.4585792217837,36.08487392847667
43.86,12.505724377780908,8.329798052605621,36.2447335283087
43.87,12.05378340136128,7.237271181490115,36.23223169971565
43.88,11.54400335917902,6.20908000239387,36.05861611593096
43.89,10.988313247926056,5.261240682783275,35.74364981136942
43.9,10.400989276736215,4.407131839233028,35.31178113797412
43.910000000000004,9.793842279008715,3.657371021112085,34.78231887522013
43.92,9.177721874001675,3.010733139717453,34.17639917043914
43.93,8.56364338549741,2.4647063993536356,33.515606198265196
43.94,7.96137972767478,2.016045913810007,32.815827792127926
43.95,7.377798267441818,1.6563592168057584,32.09039402413701
43.96,6.819540103583356,1.3770070215469323,31.35190215501664
43.97,6.291255922353727,1.1689699637944189,30.608864047202974
43.980000000000004,5.796390972332261,1.0225119439874246,29.86854677113638
43.99,5.3373926601146975,0.9290082272377265,29.13597561983329
44.0,4.915297950284587,0.8801201840287586,28.4148592146484
44.01,4.530499946882629,0.8684076452702197,27.707759844684574
44.02,4.1826978704273685,0.8872855744177781,27.016253853693303
44.03,3.8709614712582647,0.9312027294789678,26.341383190682148
44.04,3.5941448673215386,0.9956792766655088,25.68365555924688
44.050000000000004,3.3505235560051183,1.0768318946615325,25.043241408319368
44.06,3.1385387589699274,1.1715269315337624,24.420100348242116
44.07,2.9560404130448377,1.277477544829307,23.814273136411867
44.08,2.80137787712013,1.3931393705202693,23.225547902921868
44.09,2.673052679225521,1.5170145636924666,22.653636869254946
44.1,2.56845397439697,1.6486861379807185,22.098430859518427
44.11,2.486447659974308,1.7878956804623138,21.559789164440634
44.12,2.4262643887540296,1.9342817654566486,21.037544943511044
44.13,2.38625613264331,2.087916437677052,20.531582700210322
44.14,2.363388425754363,2.2502027304803973,20.04205169162695
44.15,2.3576247747385817,2.4217667300997245,19.569125346689187
44.160000000000004,2.369135491843231,2.603155622675395,19.112971575833768
44.17,2.3980908893155455,2.794916594347381,18.67375828949839
44.18,2.4446592809793537,2.997597919978456,18.251653428465122
44.19,2.507081825836739,3.213003801863944,17.846998931484816
44.2,2.5841225543848783,3.4434261593338333,17.460671521216856
44.21,2.6763769577448926,3.690340018181817,17.093647168753204
44.22,2.7844405270380617,3.955220404202074,16.746901845184983
44.230000000000004,2.9089087533857096,4.239542343188835,16.421411521603368
44.24,3.050015137622439,4.544967650224858,16.118082056659745
44.25,3.2076863070379815,4.873682243310542,15.838548613718661
44.26,3.3828469791062905,5.227693934528297,15.58536622273947
44.27,3.5764620997593015,5.608996667178459,15.361112562134334
44.28,3.789496614928532,6.019584384560539,15.168365310315883
44.29,4.022960411532569,6.461450294040324,15.009610179124348
44.300000000000004,4.278105038732329,6.936214112437206,14.88789755328164
44.31,4.555945656206655,7.444907662578986,14.80845775982918
44.32,4.857446611359521,7.988519090401002,14.776752685050367
44.33,5.1835722515947324,8.568036541838264,14.798244215228696
44.34,5.535374883377436,9.184478116234436,14.878428243197108
44.35,5.914893303629681,9.837831556308508,15.024121908579563
44.36,6.322397367789501,10.524359282810094,15.243606660147313
44.37,6.757540742930171,11.239707140580945,15.545205507362622
44.38,7.219977096125303,11.979520974463345,15.937241459688071
44.39,7.710114261136015,12.739051424263241,16.42934917206138
44.4,8.227381065695154,13.507619877786182,17.03158630805549
44.410000000000004,8.767990011622347,14.270619732831975,17.75026891208436
44.42,9.328076415086661,15.013390969897639,18.591618090858603
44.43,9.904785880956315,15.718557105839677,19.56502231731573
44.44,10.491257903350666,16.362226529211608,20.670147770116078
44.45,11.078278566339637,16.919675552414414,21.90045759849693
44.46,11.657115228464619,17.363197531908817,23.25281539474879
44.47,12.216942038061635,17.663126868194798,24.714645126663342
44.480000000000004,12.74375684063865,17.796876943822937,26.25544561294541
44.49,13.22315673546658,17.739372830254627,27.845715443686824
44.5,13.639789066076895,17.464281599407563,29.45466701761065
44.51,13.980593763052642,16.97298557222952,31.034430588777074
44.52,14.232140466176874,16.268157509455683,32.535389908005506
44.53,14.379227305213421,15.35048267750642,33.91205530327469
44.54,14.417161000458659,14.253842000258073,35.12550719509817
44.550000000000004,14.341149843240284,13.014822704118298,36.13632197541431
44.56,14.146683263260368,11.668967226721373,36.91683925209619
44.57,13.841862174222646,10.267980900878458,37.459792329310275
44.58,13.430821704143622,8.859082159381671,37.75634591840707
44.59,12.926203077584692,7.48326675769767,37.82132111743743
44.6,12.343873882424075,6.181542799453198,37.67603737270573
44.61,11.697012382880072,4.9826557778406055,37.34249426171245
44.62,11.00431250859867,3.9041024394624433,36.85541942827563
44.63,10.282256129117524,2.9618522986264217,36.24422849119118
44.64,9.545393755366007,2.1554403919761045,35.53791523547523
44.65,8.808478615474087,1.480718096414342,34.766330066444546
44.660000000000004,8.084009042466384,0.9317649627850435,33.95138014626057
44.67,7.381618723104674,0.4966653958050118,33.11187243918899
44.68,6.709640201601267,0.16288949343214426,32.26303087193575
44.69,6.074156170516199,-0.08317031658980265,31.416240516885765
44.7,5.479369703055797,-0.2548156944363675,30.579646004160338
44.71,4.927941983635926,-0.3647761597395013,29.758922223307167
44.72,4.4210317414859395,-0.4245005586458319,28.95746037270375
44.730000000000004,3.958690045973971,-0.44413237248586496,28.17739709252479
44.74,3.540102378628759,-0.43242960070910713,27.419678216074328
44.75,3.1636827970048786,-0.39673694306035884,26.684380847404
44.76,2.827282945426646,-0.3431316800235331,25.971199336073763
44.77,2.5286935122855603,-0.2765728129083242,25.279544781556833
44.78,2.2652382722694893,-0.20102995450733452,24.60866766071787
44.79,2.0343465101854274,-0.11966943797370194,23.957632637654154
44.800000000000004,1.833401454453599,-0.034699216998452624,23.32569393533852
44.81,1.6597518179555655,0.052143959580461335,22.712102713075232
44.82,1.5108976355544956,0.1396311810622259,22.115955259858012
44.83,1.3845133858869672,0.22714039550000092,21.536649853704894
44.84,1.2785068165771836,0.3141631005082249,20.97348260189205
44.85,1.190566022601304,0.40078092108951335,20.42589904893178
44.86,1.119348048730155,0.48696438333738234,19.893465294773033
44.87,1.0627628634514128,0.5731106618614842,19.375713056706036
44.88,1.0191108427341724,0.6598956184817713,18.872209190855603
44.89,0.9879527825093016,0.7475697651458817,18.382583874284098
44.9,0.9688508974174541,0.8363829994829814,17.90646735019841
44.910000000000004,0.9601330825703287,0.9273300617534216,17.443531817695497
44.92,0.9602388865105379,1.021765304902968,16.99359247255949
44.93,0.9692607672718865,1.120287873121924,16.55649160085904
44.94,0.9872939327561107,1.2234954644785279,16.13207146851049
44.95,1.0144335908649693,1.3319857770410977,15.720174341429903
44.96,1.049866635862474,1.4469364071974147,15.320599044562938
44.97,1.0929142369982157,1.5699138292229649,14.93329437223111
44.980000000000004,1.1439905789675038,1.7020383851193959,14.558337517642574
44.99,1.2035102448361363,1.8444302108313249,14.195805707660371
45.0,1.2717743859480803,1.9982119874107145,13.845742330886328
45.01,1.3486114941744598,2.164757289955456,13.508170443823735
45.02,1.4346161382237665,2.345801994416984,13.183532207310792
45.03,1.5305173027745451,2.543106811917119,12.872323866674204
45.04,1.6370439601275397,2.7584324297295018,12.575041648492475
45.050000000000004,1.75479318966714,2.993273289625753,12.292020054662515
45.06,1.884661711551418,3.249653385047889,12.02419721986678
45.07,2.027818524084284,3.5301095499488593,11.77296053635755
45.08,2.1854326255695673,3.8371786182814547,11.53969739638731
45.09,2.3586419208022376,4.173118290471348,11.325613841718756
45.1,2.5487689170931276,4.540137869901727,11.132462140145506
45.11,2.757434463752138,4.941485480473552,10.963224735875778
45.12,2.9862685101601247,5.380452568823683,10.820925215133734
45.13,3.2369265018288993,5.860102965956048,10.708420448040732
45.14,3.5113582851559753,6.382725355941269,10.629320792119104
45.15,3.8116890638666443,6.9515342575598655,10.589691015737298
45.160000000000004,4.140045078347259,7.569869402149408,10.595783472181335
45.17,4.498589836921311,8.241008361754654,10.653749997582644
45.18,4.889678485314408,8.96663101410287,10.770615800096158
45.19,5.315197987719527,9.74680890068429,10.957267779216442
45.2,5.7769327151423635,10.581552528273793,11.225122071138552
45.21,6.2767561842509725,11.470939478018035,11.585651823445765
45.22,6.817244748968255,12.413019409081077,12.052406168662472
45.230000000000004,7.398172047676968,13.39776646405075,12.64093760157644
45.24,8.018495811824584,14.41374157071172,13.366785311897422
45.25,8.677407164123709,15.449416838728636,14.24607578360541
45.26,9.3738212401278,16.486105177873974,15.297421930184049
45.27,10.100934235293456,17.493694488587938,16.531001671020924
45.28,10.851157732314949,18.440952623891175,17.955747644645363
45.29,11.617084877900503,19.289763361550712,19.58296302212073
45.300000000000004,12.383816456383371,19.993877803501647,21.400859137642193
45.31,13.134740435530851,20.504964255020372,23.39332584362895
45.32,13.851813341940082,20.76825068548906,25.539946530337723
45.33,14.511856696168138,20.74562978102692,27.78364607107527
45.34,15.090041766624296,20.395489077704283,30.065077846312416
45.35,15.561158686577883,19.688677594647157,32.316660208112275
45.36,15.905070436464317,18.640962351686298,34.45086289606374
45.37,16.097664217084187,17.261016578425252,36.38124847806514
45.38,16.126298097192905,15.597989760048812,38.03931517387468
45.39,15.984718016353728,13.724345712014868,39.36183489246097
45.4,15.669169555356822,11.712752234502787,40.30947954657651
45.410000000000004,15.191554817070166,9.65617136085545,40.87423072792122
45.42,14.56300296416237,7.634452708003482,41.0618056529754
45.43,13.808920619848955,5.72080486236329,40.913570624126514
45.44,12.951675921046611,3.972720774016901,40.4720579169285
45.45,12.02019666629883,2.423564001291541,39.798653969976606
45.46,11.040861482427239,1.096345220144477,38.948724787371425
45.47,10.038951405684866,-0.012314310887173024,37.97772792293734
45.480000000000004,9.037787961618363,-0.9097340907096476,36.934052745476144
45.49,8.055772622311025,-1.614875064665887,35.85497521018815
45.5,7.108556932800383,-2.1505841124535965,34.770062449546266
45.51,6.2078591250521615,-2.542412099485569,33.700818767998
45.52,5.361255951091011,-2.8154120210649323,32.66093680194721
45.53,4.574171637604399,-2.993199311681821,31.6592930147801
45.54,3.8486553017584644,-3.09684270286126,30.6997965404631
45.550000000000004,3.1852113956023924,-3.144667451550799,29.78384648769256
45.56,2.582178631709803,-3.1523208647544037,28.910602315671596
45.57,2.037102679768192,-3.13280941200605,28.07828588376779
45.58,1.5467257726659263,-3.09611928936145,27.284384262779966
45.59,1.1066358302564803,-3.051228069769196,26.526067021968355
45.6,0.7126711128547564,-3.0043953617509658,25.800748210982807
45.61,0.3609519978268719,-2.961175617135807,25.10601321637579
45.62,0.0463253974654495,-2.9253477853245973,24.43946568146961
45.63,-0.23525545083610447,-2.9000139064534554,23.799118677687844
45.64,-0.48836376755123895,-2.887477422209326,23.18314104201502
45.65,-0.7167980486680269,-2.8895163347329964,22.590337063919165
45.660000000000004,-0.9246010625788348,-2.9073222032789334,22.019322453471773
45.67,-1.1150348193451745,-2.9419957563091823,21.469285029367654
45.68,-1.2917919055005898,-2.994083697370676,20.939482031642395
45.69,-1.457684620392087,-3.06416081461707,20.429476084088808
45.7,-1.614962878416581,-3.1530843987851203,19.93897254384159
45.71,-1.7671917695340744,-3.260834805407035,19.46759715890719
45.72,-1.9164084567143338,-3.3881833138661297,19.01552126512437
45.730000000000004,-2.064074693569773,-3.5362369250534402,18.583046375092255
45.74,-2.212577563659455,-3.7054266471095936,18.170288812956958
45.75,-2.365007958193202,-3.895745436304478,17.77757365691834
45.76,-2.522420573418918,-4.1087370577126325,17.405924179827085
45.77,-2.6858122834024063,-4.345988414343516,17.05637934414201
45.78,-2.856565382318144,-4.608759669651669,16.729843936826843
45.79,-3.03793106799395,-4.8968578128614215,16.427094235977798
45.800000000000004,-3.2312939781907204,-5.211873380466271,16.15035696339884
45.81,-3.437676809349176,-5.55571774667165,15.902040570104885
45.82,-3.6581022579104436,-5.930302285683654,15.68455350711027
45.83,-3.894050021955869,-6.33723460331014,15.500093805519853
45.84,-4.148490315601912,-6.776778253738599,15.351214497560388
45.85,-4.4226080881202945,-7.249918176863371,15.242661907594208
45.86,-4.717358442793999,-7.75776803123321,15.179359099349599
45.87,-5.033696482905838,-8.301441475396569,15.16622913655496
45.88,-5.372841032076544,-8.882030782328057,15.208218361732225
45.89,-5.73760551932191,-9.498943329947366,15.311397666287037
45.9,-6.128376615560023,-10.148960165317636,15.483409143520351
45.910000000000004,-6.544966121971026,-10.828647167488988,15.732009702213444
45.92,-6.98718583973417,-11.534570215510074,16.064956251147045
45.93,-7.455617082582693,-12.262919837758355,16.49098578256254
45.94,-7.9505675110860174,-13.004541871358484,17.019734717720212
45.95,-8.468807186586904,-13.746533903322241,17.657580814456015
45.96,-9.006949641495645,-14.475926056908783,18.41073523082897
45.97,-9.56257080874937,-15.178173150830897,19.28803728824584
45.980000000000004,-10.130688177676069,-15.83208190810487,20.29271342469476
45.99,-10.702961417024214,-16.41482381219074,21.419724563240297
46.0,-11.271362140029998,-16.90220229710903,22.665946335993038
46.01,-11.827127991277525,-17.265253907114225,24.026532478389104
46.02,-12.35737734577804,-17.481227576050916,25.475877584279683
46.03,-12.848822796653158,-17.527754160359766,26.9867250132399
46.04,-13.287203603132248,-17.375139334648676,28.534786381711484
46.050000000000004,-13.659442481868584,-17.016836011914492,30.079134242807015
46.06,-13.953078290608344,-16.454935405076387,31.573319538063075
46.07,-14.152649363134673,-15.684012625622554,32.97249749783875
46.08,-14.249774971536441,-14.72388744789372,34.23766755509235
46.09,-14.24092349350693,-13.609916178043619,35.33095897650618
46.1,-14.118353588582146,-12.370733336806463,36.21598266177295
46.11,-13.885673009867013,-11.04957837461102,36.879302411754196
46.12,-13.549016129361,-9.694672162714806,37.311306329429264
46.13,-13.113582170599397,-8.346338644170455,37.51074862278577
46.14,-12.595019531762997,-7.044117905755531,37.497657525494475
46.15,-12.005787332107644,-5.82434046244826,37.28852099396169
46.160000000000004,-11.361247035032818,-4.707720440227521,36.910683265682714
46.17,-10.678946666390818,-3.7119189416608824,36.395699380611404
46.18,-9.973211055429301,-2.846797611311539,35.76948362034429
46.19,-9.258128342506748,-2.109421149509901,35.06087565652044
46.2,-8.54753072187816,-1.4967795178119,34.296160623178494
46.21,-7.851961728632498,-1.0010920974560196,33.493897372846156
46.22,-7.180508710364404,-0.6108348388204659,32.671799195623215
46.230000000000004,-6.540384973521557,-0.3139626365200815,31.842922434778703
46.24,-5.936853116990591,-0.09769126532711968,31.01732681599122
46.25,-5.373565395117598,0.050338087441787506,30.20222505273501
46.26,-4.852629645429485,0.14172294756075565,29.40246995760522
46.27,-4.374895458533653,0.18693450335769837,28.621094838262824
46.28,-3.940160694301031,0.19521212352897926,27.85997331519952
46.29,-3.5474122152683543,0.17439911562859248,27.119927642886974
46.300000000000004,-3.1951598564896937,0.1312827289280601,26.40112150280789
46.31,-2.8813271770173743,0.07123322703805715,25.70331675410814
46.32,-2.603747895692834,-0.0012889371885319717,25.025956240349988
46.33,-2.359937252502125,-0.0826451021749237,24.36840836489111
46.34,-2.1474052124927807,-0.17021888574509225,23.729934121986012
46.35,-1.9635419773555722,-0.26205893803883473,23.1099070843163
46.36,-1.8061164240516792,-0.35670056303458225,22.507510041044046
46.37,-1.6727056160566938,-0.45320493634911607,21.922183272895786
46.38,-1.5611580036648756,-0.5511082185201057,21.353375828025907
46.39,-1.4695695122132089,-0.6499348111500236,20.800433516976227
46.4,-1.3955338528808334,-0.7501345868201772,20.262929964480264
46.410000000000004,-1.3380999268569747,-0.8518200738901388,19.740518802378233
46.42,-1.2964668520191136,-0.9550300031784653,19.232848607321916
46.43,-1.2682318466933369,-1.0607972350049228,18.739520336228676
46.44,-1.2519903861168855,-1.1701916290031698,18.260273133273888
46.45,-1.2476909704749934,-1.283697888635599,17.794928433119942
46.46,-1.2552820999528995,-1.4018007173643596,17.343307670430217
46.47,-1.2746568686307644,-1.525017694793174,16.90523257770117
46.480000000000004,-1.3041163811618848,-1.6550128152685317,16.48059201116168
46.49,-1.3431310520872157,-1.7933000545713285,16.069426380080586
46.5,-1.3920421900829572,-1.9409643249728996,15.671796865650167
46.51,-1.4511911038252916,-2.099090538744491,15.287764649063025
46.52,-1.5207760075971744,-2.2688231065865163,14.91738661798401
46.53,-1.6003577248677485,-2.45187775260155,14.560903437727779
46.54,-1.690442687452031,-2.6500655304978817,14.218907765227561
46.550000000000004,-1.7917111825681926,-2.865161688499849,13.892021642596475
46.56,-1.9048434974341841,-3.0989414748313258,13.58086711194833
46.57,-2.0304362451653493,-3.3530424788249165,13.285977687983376
46.58,-2.1692332018512372,-3.6293511585098397,13.008314512302146
46.59,-2.3223932761938357,-3.9304430337174026,12.74952311406819
46.6,-2.491087373408238,-4.258913476710787,12.511266382277135
46.61,-2.6764783337264504,-4.617312687577789,12.295176380398047
46.62,-2.879719809562006,-5.007503252056975,12.102882668695482
46.63,-3.102398398360452,-5.432244423366003,11.937747936039209
46.64,-3.3462082376254854,-5.894684989848609,11.803556814551822
46.65,-3.61284346486127,-6.397973739849421,11.70409393635556
46.660000000000004,-3.9040812756918277,-6.944671612675577,11.642858183949635
46.67,-4.221821068515748,-7.5365128602768525,11.625541701598356
46.68,-4.567907898920997,-8.17564031514634,11.659662915867182
46.69,-4.94418634425654,-8.864200262289671,11.752746532748702
46.7,-5.352756817866987,-9.604345719684284,11.91230216513434
46.71,-5.796053902143977,-10.395711967433614,12.147840320908323
46.72,-6.274788548944226,-11.234517811607216,12.471669261164891
46.730000000000004,-6.789498401996498,-12.116798356767298,12.89625074000833
46.74,-7.340841896895381,-13.038615422063359,13.4342173073438
46.75,-7.930214096778622,-13.992426475392442,14.100822715122776
46.76,-8.555059508717637,-14.961159985449463,14.909363963979942
46.77,-9.211758948073644,-15.92637395071793,15.872110033381448
46.78,-9.897517620445216,-16.86826292163328,17.00395260886912
46.79,-10.60617840421336,-17.75640982393713,18.31411660588716
46.800000000000004,-11.32680681166533,-18.55547491423516,19.800616861306963
46.81,-12.049182485819657,-19.22676562385196,21.46558997103207
46.82,-12.75959391282239,-19.725644347074542,23.29759655415964
46.83,-13.439029139944319,-20.012281253201284,25.260898605630327
46.84,-14.067940642024526,-20.041336149503366,27.322413509095064
46.85,-14.625283684296216,-19.77598773919675,29.43474365613153
46.86,-15.090113769356917,-19.20662969705443,31.526639436519577
46.87,-15.437732802303826,-18.312821208002696,33.527540166393365
46.88,-15.650776285387956,-17.112477234464965,35.36845888523663
46.89,-15.719803876213623,-15.656508719646759,36.97967022195239
46.9,-15.630475827006773,-13.986366161825256,38.29727388368036
46.910000000000004,-15.384365500589738,-12.171656160686892,39.291101446355505
46.92,-14.985152575540068,-10.28964643051308,39.93624459914281
46.93,-14.443669892401724,-8.410324696806118,40.238136403207456
46.94,-13.780277130435902,-6.6058341263327005,40.22232748738974
46.95,-13.013297231636306,-4.928631987431844,39.921307046149764
46.96,-12.16904619490553,-3.417757806625242,39.38706901287977
46.97,-11.2703236241729,-2.0990403400072917,38.666116619220325
46.980000000000004,-10.34148648950103,-0.9763248706256018,37.810450192783584
46.99,-9.404096747849048,-0.04891105363201875,36.864214411242514
47.0,-8.476619596773086,0.6960445976406103,35.86484946521875
47.01,-7.574538379652678,1.2765631464700542,34.84223221137131
47.02,-6.710242155123726,1.7139387282492144,33.8196047309052
47.03,-5.892601458380295,2.0304702720786394,32.81317451478237
47.04,-5.12759142183257,2.247370374471148,31.833292250603705
47.050000000000004,-4.418815897386351,2.38485630109196,30.88664341068191
47.06,-3.7673749919594366,2.460264209724029,29.97604763692163
47.07,-3.1731342743448385,2.4892261207370927,29.102579582023942
47.08,-2.6342627252368915,2.484322902673937,28.26559902270477
47.09,-2.1482173411673005,2.4567138447381365,27.463511409948786
47.1,-1.7117490170166383,2.414685892054735,26.6944192984198
47.11,-1.3210963982778847,2.3656035760016043,25.95627410447774
47.12,-0.9721673025961713,2.314740444087635,25.246734383997413
47.13,-0.661542448797269,2.266682409008805,24.563962239936274
47.14,-0.3845668302512776,2.2246941146466237,23.90595121588473
47.15,-0.13757294664488118,2.1911279410421556,23.27120705661523
47.160000000000004,0.08296274558017286,2.16816670873082,22.658323989919054
47.17,0.281033265522264,2.1569343207831992,22.06594515350379
47.18,0.4596439061787482,2.158563036301863,21.493122398317382
47.19,0.6221932726078897,2.173651566579087,20.939076780288698
47.2,0.7712579464685309,2.2028080405816097,20.403123643614332
47.21,0.9099434660315222,2.2463721708780455,19.88462337975597
47.22,1.0401413009808778,2.3050761103545017,19.383248236399655
47.230000000000004,1.1644407738143105,2.379092736581823,18.89859986702607
47.24,1.2850332826019142,2.4687273425134335,18.430505341495948
47.25,1.4032136837100992,2.5748815651570327,17.978977698450972
47.26,1.5208406532916392,2.6980008814603678,17.54389864806943
47.27,1.6403523177858235,2.8381669890147108,17.125211608138503
47.28,1.762825691939436,2.996656977672175,16.723353401798054
47.29,1.889285556582891,3.174791957290741,16.338776314686378
47.300000000000004,2.0213090343391378,3.373295563498553,15.97178753433165
47.31,2.1610791011733275,3.5926048871278957,15.62294434533635
47.32,2.309697150938665,3.834635838461998,15.293430885299983
47.33,2.4682308004656326,4.101345363809848,14.984445157269125
47.34,2.637818103849837,4.394582376257076,14.697139840762818
47.35,2.820565081975085,4.714960898359603,14.43252980490468
47.36,3.0180682408583515,5.064417062107382,14.193007829949796
47.37,3.2316336722856778,5.445397729953482,13.98128040914928
47.38,3.462567468043276,5.860349764351282,13.80005403575413
47.39,3.7125007115757596,6.311326003473171,13.651828750800101
47.4,3.9836687162282294,6.799383683334104,13.540186905411254
47.410000000000004,4.27749944835758,7.326292702363231,13.470707430964714
47.42,4.595370290330402,7.893877034269295,13.449041824370289
47.43,4.938658688497813,8.503960678817231,13.480841555585256
47.44,5.309869350836276,9.15809689129119,13.57187882507296
47.45,5.71076737100352,9.854659420029934,13.73058639012039
47.46,6.14167485709695,10.590724920509436,13.96658386163541
47.47,6.602913917214814,11.363370048207134,14.28949085052619
47.480000000000004,7.09486130181438,12.169674858921226,14.70899533580839
47.49,7.61908479851242,13.004107149614015,15.237206023703784
47.5,8.173893738310896,13.85342936796926,15.884753418225673
47.51,8.756176585870415,14.703051817207152,16.660927977272138
47.52,9.363163063985894,15.538118518151013,17.576038938008196
47.53,9.991534430893216,16.33739222732684,18.64104703926418
47.54,10.632760998784468,17.073111871806276,19.854916169177226
47.550000000000004,11.277872536211117,17.716839165811294,21.215852698661283
47.56,11.918212332076342,18.233867007433542,22.725296786109173
47.57,12.539334420771251,18.591853497923353,24.359498990608515
47.58,13.125440052711284,18.760178100854578,26.088542343761965
47.59,13.659946299540989,18.699942577022068,27.88648954865936
47.6,14.125974192768869,18.393655025656457,29.706105602123763
47.61,14.506866193828843,17.836117030490904,31.48996990441084
47.62,14.781716509999036,17.01100797687476,33.18228676214531
47.63,14.93923412211634,15.942406095826225,34.72999967435526
47.64,14.973244272919297,14.673000505276157,36.080179601862
47.65,14.87285253177392,13.236715533160732,37.183544518265585
47.660000000000004,14.639733676015743,11.68651861229547,38.01855269598665
47.67,14.279620104123776,10.084519672666342,38.56921245598152
47.68,13.799202308256023,8.484002821438517,38.83504628427052
47.69,13.216981035589594,6.9392077507407155,38.839263350365016
47.7,12.5471418028377,5.495260173474858,38.60298499952065
47.71,11.810348524215016,4.18001537354472,38.16563464610266
47.72,11.026662316267148,3.0187632127244246,37.56472721790053
47.730000000000004,10.21440094143052,2.017299572040187,36.836979335235995
47.74,9.392411498950118,1.1745841430634525,36.02087556662631
47.75,8.57606198752882,0.4849509540739576,35.14555026900883
47.76,7.778492684101255,-0.06471373093721111,34.23698898914798
47.77,7.010723145994123,-0.4893463173484657,33.31532622252281
47.78,6.280939648998597,-0.8057353381495393,32.395861488878346
47.79,5.5950799869594015,-1.0308447669517444,31.489350410494843
47.800000000000004,4.956880747721504,-1.1806168343936025,30.603090678608392
47.81,4.368146904539924,-1.2698245982584386,29.741329797198667
47.82,3.8293416208871447,-1.3113562350950887,28.906451087352057
47.83,3.3395812929534077,-1.3165737216047204,28.0993665591419
47.84,2.8973126144167134,-1.2946275886761045,27.31976489869991
47.85,2.5002031006867833,-1.2535682946180755,26.566897736452365
47.86,2.145437087328654,-1.199730337625723,25.839679549989842
47.870000000000005,1.8298151574880306,-1.1383336939065212,25.136732489232706
47.88,1.5502473938413186,-1.0731968234446296,24.45673953733735
47.89,1.3035893561054903,-1.0077328299243618,23.79847789610729
47.9,1.086245838440154,-0.9439083772488535,23.16067810371861
47.910000000000004,0.8957877171402558,-0.8837160811107804,22.54227022969248
47.92,0.7286965917437505,-0.8283652571643686,21.942166731843397
47.93,0.5822762555752867,-0.7784960097913909,21.359534513842274
47.94,0.45471359279912205,-0.734959889830492,20.793643523015007
47.95,0.34285761868174364,-0.6978200081925197,20.243651183916505
47.96,0.2446619872058109,-0.6671770613266532,19.70895816985754
47.97,0.1588101144393158,-0.6433851676979937,19.189066308388227
47.980000000000004,0.0832216068797218,-0.6261187410101147,18.683348595281757
47.99,0.016246018045701804,-0.6151930644366508,18.1913902277207
48.0,-0.04363216694671921,-0.6105444148080243,17.712760289032868
48.01,-0.09760596933504553,-0.6119148419709053,17.247026235623842
48.02,-0.14680805527318974,-0.6192485928626933,16.79388079652235
48.03,-0.1924193221374713,-0.632490030241869,16.35299815427147
48.04,-0.2352348303307349,-0.6514917237325192,15.923969094371577
48.050000000000004,-0.2760649219219399,-0.6763190117132631,15.506544982707075
48.06,-0.315653349797262,-0.706918313551473,15.100431254894994
48.07,-0.3546519467527686,-0.7435062352104667,14.705399016396903
48.08,-0.39374785662253303,-0.7863275528218362,14.32122821795007
48.09,-0.43362256246969466,-0.8354343057080107,13.947625353097155
48.1,-0.4746914735172866,-0.8913135121962068,13.584449409694358
48.11,-0.5173758280683969,-0.9544509356858274,13.231554297423527
48.120000000000005,-0.5624051259144253,-1.024945965917606,12.888601868036153
48.13,-0.6103076653830806,-1.1035069985545338,12.55549202615035
48.14,-0.6615264551850272,-1.1910155758699794,12.232198737462117
48.15,-0.716525148159281,-1.28828631068475,11.918686311592706
48.160000000000004,-0.7759998463438504,-1.395701523444831,11.614869887083936
48.17,-0.8406081845534725,-1.5143774021348428,11.320795497555011
48.18,-0.9109700913441592,-1.6456128710957045,11.036538024811948
48.19,-0.987707845618827,-1.790634482432102,10.76215621159851
48.2,-1.071567635073125,-1.9502894910829638,10.497729579205812
48.21,-1.1634754571519244,-2.126342400705722,10.243740094985055
48.22,-1.264371224156736,-2.320760992270091,10.00073442855457
48.230000000000004,-1.3751581198707803,-2.535374364109919,9.769198270113618
48.24,-1.496676816016947,-2.7714880270002005,9.549498385567075
48.25,-1.6302472393043705,-3.031734410306244,9.342771825772914
48.26,-1.777262035256053,-3.318981143486507,9.150274301858863
48.27,-1.9390530928844179,-3.63579683831936,8.973156304669294
48.28,-2.116984134379786,-3.9843197191173347,8.81289430145509
48.29,-2.3128635239766666,-4.368164298767598,8.672063320345034
48.300000000000004,-2.528531393045694,-4.791070674028186,8.55330759667045
48.31,-2.765784911008438,-5.256207456442885,8.459043329354882
48.32,-3.026775904374561,-5.766769200982772,8.393174878428647
48.33,-3.3140048345906195,-6.327184158654797,8.36117103686344
48.34,-3.629975103962872,-6.941895645750619,8.36851311699258
48.35,-3.977111447211059,-7.614264885399246,8.42049662424941
48.36,-4.358042694772588,-8.347044860129134,8.525958560169734
48.370000000000005,-4.775545865704964,-9.143542328532009,8.695415715093416
48.38,-5.232425501677978,-10.007044355261868,8.93934590909848
48.39,-5.731609333113841,-10.938615533802642,9.269494377268845
48.4,-6.275022649154184,-11.935134441050119,9.702338185425786
48.410000000000004,-6.864335008930725,-12.993019577343993,10.255150919733834
48.42,-7.501632797596276,-14.108415975737369,10.946182636114338
48.43,-8.187381271293363,-15.268155783016807,11.796488712091094
48.44,-8.918836934245311,-16.451145090921443,12.825990939897011
48.45,-9.693549103025264,-17.636085107269512,14.0557402348511
48.46,-10.508255291437635,-18.792182559435915,15.50919027279748
48.47,-11.3512968095473,-19.872796030057586,17.19248496673532
48.480000000000004,-12.210027288736834,-20.829510357972566,19.109768364541964
48.49,-13.070966362173353,-21.60360244804934,21.264892581157305
48.5,-13.911570355044754,-22.132796397544656,23.625495227512804
48.51,-14.707295352725842,-22.350020192190378,26.15510581114274
48.52,-15.430366060615253,-22.195211306168524,28.7949098184843
48.53,-16.05034129673722,-21.636140028589583,31.451381804540315
48.54,-16.53322024858681,-20.630868932240517,34.03164191013984
48.550000000000004,-16.85483562595945,-19.206560855554443,36.42875125448611
48.56,-16.991967690861085,-17.406724555386507,38.53158702781068
48.57,-16.926973595629235,-15.293823151704899,40.255334128083845
48.58,-16.658255140197724,-12.975871113542482,41.53820351339252
48.59,-16.185955915840765,-10.555682427105378,42.34555488129692
48.6,-15.531587248033262,-8.151462295192763,42.692852981230345
48.61,-14.71424746007264,-5.860176167242713,42.60860322731104
48.620000000000005,-13.767446340534034,-3.759759217499999,42.16024098262909
48.63,-12.722018809255069,-1.903944149516565,41.41615977182413
48.64,-11.613500095512483,-0.3170879223164278,40.45755324270926
48.65,-10.472873988827475,0.9950918841027467,39.353890948529454
48.660000000000004,-9.329218890430537,2.0454089048641917,38.16891342389957
48.67,-8.205930200652606,2.859330299946937,36.951450696274506
48.68,-7.122580416017245,3.4671158698755584,35.73966020575225
48.69,-6.092828513269924,3.902883708748773,34.55891002960836
48.7,-5.126815619659176,4.198439354243789,33.425378523340264
48.71,-4.2300431241374215,4.384417566245458,32.34800226843192
48.72,-3.4050731345010217,4.486654619059633,31.32986863679839
48.730000000000004,-2.6518205702696904,4.528366560939774,30.370971146632808
48.74,-1.9683952021296467,4.52766581624683,29.468724474223567
48.75,-1.3513068576562661,4.500276653088467,28.619516813713368
48.76,-0.7960710701161801,4.4582964408963965,27.818919816053228
48.77,-0.2980804113417791,4.4110339431942265,27.06298363787835
48.78,0.1481755076915111,4.366571313347954,26.34760454653512
48.79,0.5481543822261743,4.330234232847185,25.66924306925363
48.800000000000004,0.90707935807281,4.306593733686263,25.02482502012602
48.81,1.2304069794053896,4.298811226257817,24.411759047771756
48.82,1.523160394102838,4.309429487485267,23.82775899615692
48.83,1.7902645244221427,4.3398678921158345,23.271269650933124
48.84,2.0355424662618207,4.391786791123529,22.741242162575094
48.85,2.2641245875642384,4.465729040835868,22.23639900930015
48.86,2.479290887089859,4.562510363800231,21.756536742288993
48.870000000000005,2.6836865448890466,4.683213158294106,21.30171885329011
48.88,2.8819598157212294,4.827568465603912,20.87137557290411
48.89,3.0770820192987527,4.9958536090209495,20.465916021440254
48.9,3.2705749518911302,5.189129650231512,20.08635650796947
48.910000000000004,3.464090086131975,5.408379669216804,19.733670637601293
48.92,3.6622076018813368,5.6527059865049685,19.40811505316213
48.93,3.867208029699472,5.9222878558443375,19.111337070414862
48.94,4.079898412960575,6.218144378148874,18.845564966669432
48.95,4.301085795038999,6.541294654332776,18.613027019235624
48.96,4.531758415477019,6.89269954174032,18.41589932528356
48.97,4.776536177100287,7.271689701395105,18.255732097934764
48.980000000000004,5.037140070014644,7.677376941721556,18.1359544156481
48.99,5.313560099441715,8.109261908176553,18.060645880409655
49.0,5.605786270603678,8.566845246217833,18.033886094205233
49.01,5.91380858872253,9.049627601302852,18.059754659020744
49.02,6.237640740704322,9.557104412298928,18.14233880165796
49.03,6.580083737610027,10.087077916594318,18.286773072647684
49.04,6.942033321980891,10.634178011579387,18.498076805242846
49.050000000000004,7.322011654416177,11.192817044095824,18.78060768772542
49.06,7.718540895514334,11.757407360984116,19.13872340837676
49.07,8.13063483692484,12.32218917070793,19.57756184456254
49.08,8.558035116976269,12.878142577594963,20.103375394140393
49.09,8.99675906296526,13.413336503990898,20.716449350135807
49.1,9.442408073453453,13.915737741407966,21.416405610226434
49.11,9.891107217439925,14.372415725555038,22.204706013736203
49.120000000000005,10.338813284466625,14.766986181532166,23.082237276552554
49.13,10.77784679663828,15.084792360223869,24.037129329264864
49.14,11.200269541592863,15.311429772822525,25.056603850262032
49.15,11.598114191499734,15.429797206941481,26.129918315746682
49.160000000000004,11.963065965007338,15.423134007045475,27.243289663276023
49.17,12.286584764743337,15.287167622439862,28.37065246087075
49.18,12.56010158392678,15.018152206001428,29.48541135345912
49.19,12.772259392969088,14.604387770297587,30.562531372186697
49.2,12.916602701381498,14.052659597653047,31.57719666355115
49.21,12.99031554449662,13.381900901897959,32.50371564902228
49.22,12.990105332456588,12.610289632660669,33.316271575725764
49.230000000000004,12.909790263907889,11.750677946489642,33.9933952247879
49.24,12.752344066561761,10.828872442292552,34.52663366150165
49.25,12.52232480343693,9.873702732217012,34.90856794091685
49.26,12.22081591228907,8.909075505438041,35.13197022090159
49.27,11.856944811725924,7.958659230803514,35.20577748311978
49.28,11.44090171735679,7.046609065680912,35.14051539871972
49.29,10.979761863217508,6.19157860635252,34.9445418552779
49.300000000000004,10.484325854760346,5.404385496708977,34.63590375816309
49.31,9.965888738364583,4.695848612460058,34.23294256674026
49.32,9.433827798450388,4.073062330145924,33.74966723875645
49.33,8.896867879891602,3.5343906466859325,33.20292472635536
49.34,8.363809059259669,3.077819773646402,32.60971772838084
49.35,7.842689204932004,2.7015173535521337,31.98231694752438
49.36,7.338730751491843,2.399090442061759,31.330893081677104
49.370000000000005,6.856896947717639,2.163437492741976,30.66581474852714
49.38,6.401972839719048,1.9884166753929966,29.994669946490653
49.39,5.97612446366038,1.866832095652719,29.322748121641183
49.4,5.5812241751648335,1.7913856380857638,28.655221574235007
49.410000000000004,5.218723484332667,1.756028493196347,27.995737230489404
49.42,4.888959353069254,1.7551333734404853,27.346441728064654
49.43,4.592000172715772,1.7834041546159642,26.709470183090126
49.44,4.327156194743376,1.8367983264297645,26.08621536754304
49.45,4.093540994681387,1.9114905823855148,25.477521554409524
49.46,3.8900008861267783,2.0042866243658035,24.884188670841155
49.47,3.7153927985889084,2.113158188590244,24.306603902572814
49.480000000000004,3.568649348183514,2.236202656166726,23.74505546440219
49.49,3.4477963740208555,2.3720277819768993,23.199949646345782
49.5,3.351464709008899,2.5200357184290225,22.671582404825273
49.51,3.2789774979272637,2.679648051176374,22.16014817304286
49.52,3.229654917331204,2.8502878098479956,21.665841463771233
49.53,3.201065698957731,3.0324903636413008,21.18898142526873
49.54,3.191642230860007,3.2273310860852296,20.730150599819492
49.550000000000004,3.201581948878572,3.4352476771104383,20.28995016289164
49.56,3.231082288853939,3.656677836647133,19.868981289954206
49.57,3.2803406866266345,3.8920592646259613,19.4678451564753
49.58,3.3495539061080684,4.141830116235781,19.08714293926281
49.59,3.4371445052238547,4.407813417251677,18.727690656931966
49.6,3.541928381474884,4.692269015232637,18.391116646875574
49.61,3.6644889231183475,4.99642829920979,18.07924120053521
49.620000000000005,3.805409518411486,5.3215226582143185,17.793884609352528
49.63,3.965273555611234,5.668783481276709,17.536867164769767
49.64,4.14466442297482,6.039442157428128,17.310009158228564
49.65,4.344033724442247,6.435317329867478,17.115212943357296
49.660000000000004,4.563700401916435,6.858000727805995,16.955855854716475
49.67,4.804143547106601,7.307807095815361,16.83617428784907
49.68,5.065844338514034,7.785038712184783,16.760408729381297
49.69,5.349283954639873,8.289997855203179,16.73279966593951
49.7,5.654943573985483,8.822986803159854,16.757587584150095
49.71,5.98386657800889,9.384357388038518,16.83958245181646
49.72,6.3371367726219505,9.972080991784477,16.98530343512863
49.730000000000004,6.713886038885601,10.58176090437077,17.200829223248903
49.74,7.1131755621542805,11.20894927840483,17.4921983181647
49.75,7.534073567036004,11.849199798650579,17.86545964229818
49.76,7.976988009229596,12.496949339713375,18.328881654603688
49.77,8.439906831537277,13.141143557131539,18.88798327960055
49.78,8.918881515810304,13.769217428797804,19.54559956878778
49.79,9.410016607938857,14.368570876768926,20.30472518104535
49.800000000000004,9.910374992619708,14.923896323883607,21.171449826016033
49.81,10.413320564458049,15.416539636976848,22.141330542238187
49.82,10.91075123673559,15.827840505834795,23.20561481130622
49.83,11.394828413941926,16.136820975052785,24.358043832061128
49.84,11.856749332632765,16.321231506212794,25.587864998381306
49.85,12.285584223136516,16.367659730033235,26.86888337095918
49.86,12.670214951194666,16.262535971893957,28.174483139602142
49.870000000000005,12.997972103917009,15.98507061159326,29.480441102078366
49.88,13.25967140743036,15.537836454257253,30.753397784898326
49.89,13.447464884347509,14.931474736641448,31.956958960332067
49.9,13.551313889319225,14.172146367604297,33.05519554281081
49.910000000000004,13.564270751073911,13.274701764581227,34.0207096912386
49.92,13.487236028947041,12.271891893031686,34.83161310715562
49.93,13.31742125097793,11.192418174034676,35.46379586631504
49.94,13.056791549392676,10.066418597704288,35.908729696331434
49.95,12.715500251282194,8.9309914218579,36.17030850524291
49.96,12.299689886591821,7.819321750781361,36.24894551594585
49.97,11.819130217345048,6.75547229383971,36.15801610239027
49.980000000000004,11.287924527517294,5.762659241719124,35.91859791334178
49.99,10.717095693526387,4.860024505083197,35.5472392082248
50.0,10.119146339374481,4.054386806452531,35.06697091290533
50.01,9.507270528575328,3.3515143878834044,34.50175487712833
50.02,8.892545614923606,2.7538642267359297,33.869672038977455
50.03,8.283799776004422,2.255054182983864,33.18870690774
50.04,7.6899076731741784,1.848536004476871,32.47638521429423
50.050000000000004,7.118386444322659,1.5276515983994214,31.744702487365178
50.06,6.574056364529882,1.2825517582110726,31.003876577203673
50.07,6.061579494274114,1.1042787626466257,30.262248380880852
50.08,5.583602824283342,0.9834807298375138,29.525546305407126
50.09,5.14215215330952,0.9116125711198897,28.798528539101785
50.1,4.737869270018802,0.8807671811147302,28.084165041466367
50.11,4.370810417363375,0.8838444064274027,27.384664746799473
50.120000000000005,4.040301103203887,0.9150400754281063,26.701303315248467
50.13,3.745350958781392,0.9690056717259795,26.03479421240116
50.14,3.48448003297109,1.0416593775247909,25.385462604234863
50.15,3.255964486232975,1.1294126546987098,24.753467211452595
50.160000000000004,3.058139804362944,1.2297553061609754,24.138738126860666
50.17,2.8892516633066223,1.3405046204896789,23.541208421762956
50.18,2.747087328253524,1.460333284989875,22.960694943089507
50.19,2.6302649393127817,1.588330445899657,22.39694648143899
50.2,2.5373097957424666,1.7236670630059039,21.849723549262436
50.21,2.4655824947355733,1.866523875634258,21.318966647487986
50.22,2.414147919357621,2.0171285865945485,20.804683141776028
50.230000000000004,2.3824992855538616,2.1755884120237026,20.306868546980773
50.24,2.370129809269607,2.342010568058306,19.825518377957504
50.25,2.374905391850269,2.5174701848729426,19.360624896879333
50.26,2.39511941981378,2.703668209760221,18.91248576157192
50.27,2.4311435222302067,2.9015386810182138,18.48156514922467
50.28,2.4833502074446874,3.112015221008458,18.068327275828675
50.29,2.552111983802431,3.3360314520929104,17.67323635737408
50.300000000000004,2.637692444683991,3.574578502409378,17.296742780152925
50.31,2.7385034375236237,3.8299165583213663,16.939359870622457
50.32,2.854511888800342,4.104180200889148,16.602509889531113
50.33,2.9865135867526935,4.39916239733561,16.287818570489772
50.34,3.1353043196193395,4.7166561148838735,15.996911647109128
50.35,3.3016798756386176,5.058454320756375,15.73141485300048
50.36,3.4863623638539005,5.426383938784053,15.492874457793457
50.370000000000005,3.6899017790764645,5.822399814038992,15.283447618788472
50.38,3.9132897067511845,6.248320234812464,15.106865195860932
50.39,4.157570010784373,6.705943194331554,14.966976688889467
50.4,4.423786555082206,7.197066685823078,14.867631597752872
50.410000000000004,4.713071785107266,7.723534969055267,14.812645920391015
50.42,5.027364279280994,8.286793180354875,14.80649980243486
50.43,5.367474735383948,8.885995795313342,14.856110355601457
50.44,5.733856037738047,9.519917012764308,14.968758507488277
50.45,6.126961070665495,10.187331031541904,15.151725185692946
50.46,6.547248563653083,10.887013850272194,15.41229699015459
50.47,6.996344014165794,11.616605771155836,15.75951508620924
50.480000000000004,7.473779942481588,12.367817535373687,16.202589538941865
50.49,7.977398118330127,13.13067609614158,16.74957384436048
50.5,8.505047852056759,13.895209135013527,17.408537258380115
50.51,9.055785961898541,14.64952921592707,18.190440607143227
50.52,9.625075559846794,15.37422818281814,19.100032738366373
50.53,10.206039085213686,16.04809513283179,20.137455963441667
50.54,10.79234494050741,16.64860406577294,21.305288642335523
50.550000000000004,11.376497006537814,17.147853145194254,22.60296678478244
50.56,11.946177598335689,17.519866649535896,24.010844889232366
50.57,12.48876785492724,17.73858228658846,25.508371717397775
50.58,12.991163175301011,17.770908894983847,27.078110892138348
50.59,13.439244961195751,17.60163584851111,28.68185275185049
50.6,13.818743630061462,17.22270623191792,30.274605864690184
50.61,14.111994821543433,16.61584530416051,31.813115025102622
50.620000000000005,14.307821485419954,15.792656018164775,33.253141900064065
50.63,14.399899570828325,14.783537333235843,34.54891095659945
50.64,14.378648603889353,13.613058936091766,35.65539205302844
50.65,14.240124263936421,12.315286393779855,36.54589537234425
50.660000000000004,13.989639862757725,10.941223951493281,37.20402993281189
50.67,13.628107075364882,9.53508052511733,37.61472423907601
50.68,13.168392655923883,8.141788508205233,37.79019895869026
50.69,12.62382660565553,6.805955499910997,37.744483227882554
50.7,12.007220982186219,5.558196874508715,37.49813289262938
50.71,11.337157698347363,4.4224272397062006,37.084297443789644
50.72,10.62917482523783,3.417716494235087,36.53053963943291
50.730000000000004,9.899183165200622,2.5466515865101287,35.86841659130992
50.74,9.16312838019239,1.8101576029152895,35.128699279260196
50.75,8.433460244721678,1.2033754612021514,34.334073805336
50.76,7.721042923901601,0.7153059506193877,33.506460132193915
50.77,7.035297999137526,0.3347753402034145,32.66246107480275
50.78,6.383163278707247,0.04823826117290303,31.81533126313762
50.79,5.7697434705529105,-0.1576833709369975,30.974556201243445
50.800000000000004,5.19854206035148,-0.2960366186725564,30.14701984726953
50.81,4.671289066678511,-0.37873402809797396,29.33717529728999
50.82,4.188611268378448,-0.41671690237740827,28.547773778391615
50.83,3.7499338578636814,-0.41926426371329806,27.7800652629477
50.84,3.354122679910856,-0.39436679616144144,27.03468437011869
50.85,2.9994573318737365,-0.34867036785740974,26.311667838245494
50.86,2.6835993582153645,-0.28768042124144855,25.610343098351205
50.870000000000005,2.4041377583342314,-0.21587460161151584,24.930063704703993
50.88,2.1585879348111123,-0.13669823325225033,24.27006802658392
50.89,1.9441313760817949,-0.05285652934682063,23.629414163915733
50.9,1.7582350279470655,0.03375175686943448,23.00740661272763
50.910000000000004,1.5984139839311386,0.12171306876438594,22.403217161881805
50.92,1.4621017189650853,0.21002151522903714,21.816231575038685
50.93,1.3469277790952228,0.2981950540428692,21.24566872316556
50.94,1.2510068148955804,0.3861156318822425,20.690968010948524
50.95,1.1727388365678555,0.4736379866984935,20.151655227271114
50.96,1.1095446403667204,0.5613283317586379,19.627190920303025
50.97,1.0604723448344202,0.6494415283426258,19.11718475761222
50.980000000000004,1.0248975503959459,0.73811774954837,18.62127398440308
50.99,1.0016064506403963,0.8278685722042584,18.13906880575384
51.0,0.9882616523471465,0.9202350922299263,17.670207645239014
51.01,0.9846990180555212,1.0157587802252772,17.214520376478788
51.02,0.990932629727224,1.1148829071870254,16.771848547869173
51.03,1.0069765693239412,1.2180507441116717,16.342033707807115
51.04,1.0320411969527146,1.3262665994128149,15.924850198595072
51.050000000000004,1.0649294441735928,1.4412624461729198,15.520110823346267
51.06,1.1059096625820655,1.5640740391440573,15.127804381405097
51.07,1.15527419156428,1.69572308602817,14.747922119343206
51.08,1.2132739991483519,1.8372326940338584,14.380453423360539
51.09,1.2795636095549394,1.9898217652891563,14.025450583583527
51.1,1.3545286939635302,2.155097697743718,13.683209889407605
51.11,1.4388683794587893,2.334713257463817,13.354070321881872
51.120000000000005,1.5332817931254095,2.5303212105157713,13.038370862055466
51.13,1.6383041742081594,2.7434470440034358,12.736402857099993
51.14,1.7543516792501943,2.9757131228714857,12.448759976904613
51.15,1.8824811347337622,3.2294366725248955,12.176573166558954
51.160000000000004,2.0237849182522005,3.5069683613265643,11.920994083185818
51.17,2.179332382105198,3.8105664211709587,11.683110781966151
51.18,2.3501925788543083,4.142115207206222,11.464056341891789
51.19,2.537862925506915,4.504559555343491,11.266228204019413
51.2,2.7439059584536425,4.901047071046873,11.092210903097785
51.21,2.969878136646126,5.334684264078523,10.944553249822453
51.22,3.217342515651767,5.807758873153146,10.825775289911846
51.230000000000004,3.4882828529695944,6.323252113708357,10.740701720921072
51.24,3.7847888708200768,6.884547532856005,10.694755536551538
51.25,4.108950989255375,7.495027193999688,10.693354209398612
51.26,4.462965344678805,8.157335966997687,10.741812739014001
51.27,4.848904551685818,8.872621507914346,10.848944000300657
51.28,5.268723468312807,9.641906375240405,11.02503031277876
51.29,5.724376952596975,10.466213127468109,11.28035399596869
51.300000000000004,6.218406234753893,11.346286895870268,11.625812420225209
51.31,6.752174222335506,12.276923582329815,12.075494657345365
51.32,7.325392416288097,13.24963873179611,12.644521470000528
51.33,7.937765661908822,14.255940032286793,13.34801412890935
51.34,8.589824702947693,15.285621311352378,14.203493343959533
51.35,9.278507794045602,16.31637033673828,15.226269131209092
51.36,9.997699384305536,17.321242538037048,16.427392639287085
51.370000000000005,10.741913285932009,18.271867973368966,17.820371467760353
51.38,11.5024628687113,19.129054770532843,19.411712628785878
51.39,12.264914832173469,19.84879704656032,21.19092622114566
51.4,13.014997176449873,20.381663982461497,23.15174780379696
51.410000000000004,13.733745695863973,20.677792569496827,25.265816039862262
51.42,14.39829451900439,20.69728799773492,27.480388368689134
51.43,14.98430189319726,20.39003819333115,29.74613348702951
51.44,15.468594689598431,19.738942514047356,31.99038800763092
51.45,15.828964256049991,18.74775644517277,34.12721929590624
51.46,16.040480638398687,17.417880842016864,36.075757219111686
51.47,16.093146711087847,15.805931377849129,37.76535713041949
51.480000000000004,15.975514180213867,13.971930764011086,39.12642987917352
51.49,15.686402402738203,11.99051810144827,40.12355977504279
51.5,15.233923098911003,9.952378928328697,40.738802738747054
51.51,14.629750950789841,7.935701545345962,40.979237660329936
51.52,13.897781720458037,6.0177538438785065,40.88023997349732
51.53,13.059364677916015,4.254999125710137,40.48260490697557
51.54,12.143693464962755,2.6858401336543505,39.846651779939506
51.550000000000004,11.176129493400254,1.3335814985661196,39.02590852261597
51.56,10.182714581444461,0.19812475625273107,38.077673414237545
51.57,9.186338397125278,-0.726058089733137,37.04929556499684
51.58,8.206472248926463,-1.4560010691380292,35.98001454400981
51.59,7.2589146475553274,-2.014259606442737,34.900466321891656
51.6,6.355710197245164,-2.4255622213481405,33.83258824139676
51.61,5.505534418668365,-2.7150166133854894,32.791945478957906
51.620000000000005,4.713416115860978,-2.906151148826395,31.78734687615459
51.63,3.9824903561454237,-3.0204430180680695,30.823875729353663
51.64,3.3130705430551464,-3.0764088743891356,29.90312303144974
51.65,2.7041163901561855,-3.0900429438613215,29.024878063625014
51.660000000000004,2.1532683352703965,-3.0741744540136042,28.187344133796042
51.67,1.657176376234045,-3.0400143431900855,27.388140150063272
51.68,1.212061131456119,-2.9957620651756374,26.624695098913932
51.69,0.8136308862437769,-2.948753468499696,25.894344127652715
51.7,0.45703221850087505,-2.904000319110305,25.194470962946994
51.71,0.13865616398829564,-2.8659054766027263,24.522980914390622
51.72,-0.1461099538898059,-2.8377406368822213,23.877805238282676
51.730000000000004,-0.40149400549741043,-2.8217682736259198,23.257140348856925
51.74,-0.6317649462991521,-2.819789088080763,22.659555797928512
51.75,-0.8406113560029156,-2.8331173375397727,22.083894138612827
51.76,-1.0319872909879284,-2.862619277156284,21.529037776299823
51.77,-1.2086838045361055,-2.9091800925416726,20.99440991915822
51.78,-1.373768817025737,-2.9734537932734173,20.479425936972035
51.79,-1.5306410278795788,-3.0557312168890642,19.983617573909147
51.800000000000004,-1.6811560586322396,-3.1569514262010148,19.506898714845562
51.81,-1.827681026800293,-3.2776659379884356,19.0491412754872
51.82,-1.9734693816798956,-3.4177171019802604,18.610374289889375
51.83,-2.119847157103004,-3.5783122020175573,18.19106122733081
51.84,-2.2680019419922006,-3.760758801936232,17.791686962480284
51.85,-2.4202214396020314,-3.965483985570912,17.4125376462623
51.86,-2.579395336976672,-4.192605006169705,17.054323146884727
51.870000000000005,-2.7465176915337,-4.443880877391134,16.718481510669157
51.88,-2.92255382684151,-4.721094549643604,16.406458883395253
51.89,-3.1085663326952373,-5.025944524088234,16.119659612514678
51.9,-3.3074772260667844,-5.358577331471368,15.859149142337943
51.910000000000004,-3.5210886819183798,-5.720262524481289,15.627585123072594
51.92,-3.750458692683838,-6.112936904327466,15.428100719428302
51.93,-3.9966452507974224,-6.538537272220126,15.263829096114245
51.94,-4.260805730871497,-6.998959789309724,15.137862477819585
51.95,-4.545832349043114,-7.4948679287152675,15.0533509161617
51.96,-4.85323510580566,-8.026236875312039,15.015864401594197
51.97,-5.183759703176569,-8.593180467039506,15.031544483579703
51.980000000000004,-5.538151843173342,-9.195812541837244,15.106532711580995
51.99,-5.917160555326054,-9.834247567762338,15.246972068632465
52.0,-6.323046995353615,-10.507728219187154,15.460180441871087
52.01,-6.7565667170372645,-11.210967568736242,15.754745452023684
52.02,-7.216641922629908,-11.937361181372172,16.138903429663863
52.03,-7.702194814383461,-12.680304622055957,16.620890705364374
52.04,-8.212940438623004,-13.4327372080858,17.21032370188727
52.050000000000004,-8.747660833235104,-14.18143629306115,17.91645043848872
52.06,-9.301364694030573,-14.909085567430083,18.743125087594738
52.07,-9.868976382625707,-15.598271826937044,19.694140218409654
52.08,-10.44644445299063,-16.228033424603307,20.776705770560906
52.09,-11.025191731638019,-16.77314323509617,21.98461309697027
52.1,-11.594726983318063,-17.208510460747,23.30581479513698
52.11,-12.144822969678549,-17.50427725413714,24.73240243427418
52.120000000000005,-12.663083392299255,-17.63416421248728,26.24260551499693
52.13,-13.135422116858535,-17.58097204349278,27.80029241903332
52.14,-13.546714949881263,-17.32257106878956,29.371056317415874
52.15,-13.881882682639551,-16.843486952910244,30.9175711832587
52.160000000000004,-14.130459475766624,-16.156919405119627,32.39175757711473
52.17,-14.280895510062184,-15.274489909374664,33.74511798322214
52.18,-14.321173639802804,-14.2092530698112,34.93703205466935
52.19,-14.25094758646326,-13.002869046619036,35.93747568260395
52.2,-14.067042194930472,-11.695186853244035,36.71464966917889
52.21,-13.770913107879917,-10.326971344995092,37.25561643542999
52.22,-13.374800712303514,-8.94838066587065,37.56486326153083
52.230000000000004,-12.885901444428212,-7.602870585901736,37.644138120642225
52.24,-12.318543838442778,-6.323214943152994,37.51550955795727
52.25,-11.689542330649473,-5.1414231915224065,37.205476739030786
52.26,-11.013104710905742,-4.077649772507627,36.73913083301469
52.27,-10.306357105769678,-3.1406044709939565,36.14996688405945
52.28,-9.585162144743277,-2.338246595611828,35.46643238665693
52.29,-8.8622239553595,-1.665557867769053,34.71337968723541
52.300000000000004,-8.149831229373826,-1.1143686259618382,33.91575580731604
52.31,-7.458493929781938,-0.6759640538068049,33.09173035225793
52.32,-6.796027213072122,-0.33755136062357893,32.256192412081965
52.33,-6.168621479739468,-0.08648504357054894,31.420573276486753
52.34,-5.580698835931305,0.09031651934439779,30.59334249757034
52.35,-5.035001238418977,0.20507539431100086,29.780343494814137
52.36,-4.532826731819872,0.26902722940967616,28.985335153230157
52.370000000000005,-4.074495287949777,0.2921559300914286,28.210644282891455
52.38,-3.659175126165587,0.2830671038318801,27.457309676104458
52.39,-3.285531959051217,0.24902581860636416,26.72562551025579
52.4,-2.95151579861638,0.19616470780218154,26.015484097705745
52.410000000000004,-2.6551325749687806,0.1293805402232248,25.326355670749347
52.42,-2.3937862708564293,0.052666353217210415,24.657652194140276
52.43,-2.164873060893656,-0.03087317485260492,24.008566550516676
52.44,-1.9659720104052565,-0.11891197309130908,23.37833406312935
52.45,-1.7945677111124467,-0.20970588544951976,22.766204942632797
52.46,-1.6481463112903092,-0.30222339652685126,22.171399657399988
52.47,-1.5243578682968,-0.3957238024439641,21.593401787835127
52.480000000000004,-1.4210527997990527,-0.4898505955245426,21.03164802352716
52.49,-1.3367722617958122,-0.5843161128520484,20.48549670537902
52.5,-1.2690137370905221,-0.6795838887687875,19.954515767412236
52.51,-1.2163371057813877,-0.7760995218479951,19.438362884381558
52.52,-1.1780988306861682,-0.8739799995073847,18.936634719688012
52.53,-1.1535633517096842,-0.973400147532109,18.448932053584453
52.54,-1.140326882007873,-1.0758109596776402,17.974994978562574
52.550000000000004,-1.1375810808255886,-1.1822188521565358,17.514650805358478
52.56,-1.1453560016685715,-1.293183131298059,17.067712021060263
52.57,-1.1636816980425533,-1.4092631034316985,16.63399111275504
52.58,-1.1925013357695111,-1.5310771293956786,16.21330325276237
52.59,-1.23041500136604,-1.6603806571401587,15.80558977228743
52.6,-1.2772044545218546,-1.798648809683989,15.410952845980365
52.61,-1.3332364601785303,-1.947029049731265,15.029502974093871
52.620000000000005,-1.3988777832776689,-2.106668839986111,14.661350656880686
52.63,-1.4743084555378136,-2.2787710806836268,14.306581442032607
52.64,-1.5594358513882682,-2.464995879068792,13.965445727689529
52.65,-1.654947140584858,-2.6672037635749315,13.638529178162752
52.660000000000004,-1.761589016388495,-2.8872539829944817,13.326434180655264
52.67,-1.8801079988171148,-3.1270055175380467,13.02976300057887
52.68,-2.011072842707235,-3.3880383747957636,12.749113284923181
52.69,-2.1554255233766493,-3.672498333423385,12.485802228452744
52.7,-2.314433537147593,-3.983032787014883,12.241484334906831
52.71,-2.489364380341958,-4.322289129163561,12.017814108025231
52.72,-2.6814512255918066,-4.692675044940646,11.816338904214723
52.730000000000004,-2.8920297360635234,-5.096256448214979,11.639260450276712
52.74,-3.12277511287369,-5.536214772833771,11.49023750253825
52.75,-3.3753829564122153,-6.015822266767965,11.373008830439847
52.76,-3.6515747272924743,-6.538268032247109,11.291226692082613
52.77,-3.953387836652734,-7.105688441064621,11.248930340361442
52.78,-4.282813085717572,-7.720297634292725,11.25313698774421
52.79,-4.641787036743957,-8.384476642345557,11.311338873851739
52.800000000000004,-5.032252139487112,-9.100610237616834,11.431023811194773
52.81,-5.456723152273008,-9.8704528770138,11.620129645066847
52.82,-5.916783106158848,-10.691856016950075,11.890227016317631
52.83,-6.413317695157126,-11.561544754297433,12.254015949002513
52.84,-6.947212613280731,-12.47624418592832,12.724196467177254
52.85,-7.520014540917083,-13.431817618757998,13.314897922375978
52.86,-8.13131618536361,-14.415287094421844,14.04155200117344
52.870000000000005,-8.778008840091061,-15.409168163105651,14.917645524255095
52.88,-9.457218435433857,-16.395829531389804,15.957402124930837
52.89,-10.165759463624328,-17.35067983584345,17.17680941534654
52.9,-10.894256382367946,-18.238961566727106,18.57857162688767
52.910000000000004,-11.63259922297069,-19.024498366101188,20.164265586008653
52.92,-12.370214363622043,-19.662873031618183,21.937009171857916
52.93,-13.089062752076726,-20.110307200318843,23.86854503129676
52.94,-13.769789275295393,-20.323055614346863,25.925645887609342
52.95,-14.391902420183396,-20.25015456455574,28.075148318919098
52.96,-14.933339324820174,-19.870486571081027,30.250534808472747
52.97,-15.370467728492306,-19.164976903729293,32.37918475823285
52.980000000000004,-15.678936776207342,-18.121165780907994,34.38975760153271
52.99,-15.846240099043698,-16.78195743423283,36.20704044787702
53.0,-15.85763378729326,-15.188792089671068,37.75596959042355
53.01,-15.704668923482085,-13.39669790878417,38.98740520163909
53.02,-15.391551644775987,-11.488017081193663,39.86992260050483
53.03,-14.921395324265184,-9.536589683433325,40.386857615569944
53.04,-14.314349036762808,-7.621499789592705,40.55965216048379
53.050000000000004,-13.58653908066068,-5.810162511833978,40.41146830732012
53.06,-12.763882218777619,-4.149353342356946,39.99265716186286
53.07,-11.870804793092974,-2.6782569978599904,39.35186681951219
53.08,-10.93247102618905,-1.408686284750224,38.54332654076633
53.09,-9.973377597709675,-0.3458066774017632,37.618280612623494
53.1,-9.013952236133303,0.519595636927482,36.61921751851236
53.11,-8.072604030312268,1.2030753789411481,35.58223381898307
53.120000000000005,-7.163635267283068,1.7264255259403336,34.53541280261764
53.13,-6.298122847800169,2.112392496802518,33.498848639921654
53.14,-5.4840631218331835,2.3841096816793286,32.48661742550393
53.15,-4.726100361266996,2.5636077556392785,31.507169398379073
53.160000000000004,-4.026896224883183,2.6705420114144625,30.565180458215398
53.17,-3.3867502507045537,2.722311501049926,29.66236157889053
53.18,-2.804621088363142,2.73338673356068,28.798605262949398
53.19,-2.2782163810127587,2.716286129807806,27.97248099054356
53.2,-1.804243668769543,2.680984699037954,27.18201080423226
53.21,-1.3793739227636925,2.6354880650610903,26.425039518072257
53.22,-0.9992019793472953,2.5865611461934788,25.698989185881636
53.230000000000004,-0.6597513133335492,2.5389829605302427,25.001712142132124
53.24,-0.35716531400927404,2.497102765071282,24.331212531456835
53.25,-0.08679518370569039,2.4635847457972675,23.685461222290538
53.26,0.15484629545438083,2.4408427451692183,23.062975964996873
53.27,0.3721812385912124,2.4304264168050196,22.46240043575142
53.28,0.5682356410340723,2.4336206321847933,21.882583821672068
53.29,0.7467487886241967,2.4512364923549823,21.322460966961344
53.300000000000004,0.9106618969212985,2.4841270475310977,20.781496266896383
53.31,1.06300430743305,2.532812696243662,20.259066277794084
53.32,1.2064798744241818,2.5976417005745915,19.7546344318471
53.33,1.3429514334753452,2.6794394993216675,19.267955136761792
53.34,1.4753693933637708,2.778263516714007,18.798716825147025
53.35,1.6057719342489256,2.8946318035436645,18.346967194916544
53.36,1.7354206195570567,3.029550469596411,17.912901091993703
53.370000000000005,1.8660964758976097,3.1836347403491305,17.496603523014542
53.38,2.0006490665404635,3.3568813677671803,17.098197818998628
53.39,2.140200405328042,3.5507969917044995,16.718471564318566
53.4,2.285731461784868,3.767002072480458,16.358253114418208
53.410000000000004,2.438394206056534,4.006927724616264,16.018308702043832
53.42,2.600825847796344,4.270576204876073,15.699227019206507
53.43,2.7745166447300167,4.559628477407117,15.402699345953108
53.44,2.9605632203793864,4.876241917711688,15.130628014039207
53.45,3.160062198266436,5.222573901292332,14.884915355220215
53.46,3.3745687007249923,5.600266901975324,14.667291678847674
53.47,3.6065647669622307,6.009970634440967,14.480248848039214
53.480000000000004,3.857369326390967,6.45369107405851,14.3278678417305
53.49,4.128221307197578,6.93352550825914,14.214293483261983
53.5,4.42035963756897,7.45157122447498,14.143670595973774
53.51,4.735878020895273,8.009510584606298,14.120000336226154
53.52,5.07704689292898,8.607106304443915,14.14934204910383
53.53,5.444633750390704,9.243590461547345,14.239442452883411
53.54,5.839390176489628,9.918195863624465,14.3980589040503
53.550000000000004,6.2620677544350105,10.63015531838326,14.632948759090091
53.56,6.714335003655377,11.378135005941381,14.952913322961816
53.57,7.196963142405636,12.155295977212523,15.368257751843435
53.58,7.7082996810783495,12.952069427928533,15.888289688043812
53.59,8.246668237497277,13.758875573607558,16.522300301309542
53.6,8.811241325754528,14.565095390256507,17.281825548471588
53.61,9.398736374276552,15.35216672201956,18.17538364105902
53.620000000000005,10.00264022480445,16.098064031421913,19.20530404159896
53.63,10.616794372066657,16.7800667744528,20.375492011938533
53.64,11.234619356165469,17.36930563508,21.690319226394614
53.65,11.843744581656548,17.836440635792172,23.132863769379732
53.660000000000004,12.43110454553987,18.15251117200347,24.68354078502617
53.67,12.983406709470335,18.281176590419474,26.327208013367517
53.68,13.48540595738839,18.19964540622769,28.027427329492205
53.69,13.921234654274068,17.89489239021769,29.736763921897516
53.7,14.272220268064688,17.344161163136956,31.410055475481446
53.71,14.524445926990174,16.552489786277878,32.99815854902651
53.72,14.669003450443869,15.547816886598449,34.44780905081679
53.730000000000004,14.693565775782277,14.351523156610948,35.70699941283357
53.74,14.593041393688944,13.00037401885109,36.74269575787626
53.75,14.370517508884038,11.548984347301959,37.530222469962915
53.76,14.025377350371592,10.045145723882555,38.04947436395938
53.77,13.571223880363469,8.541663131800012,38.310878594897716
53.78,13.020367267312462,7.089824461583181,38.32502001703552
53.79,12.38709533406155,5.725342369641643,38.11527922549872
53.800000000000004,11.691488515128889,4.479260527712917,37.71664309522931
53.81,10.949931083169124,3.372828109579191,37.159336366714044
53.82,10.180827217301188,2.41145691746716,36.48059900726773
53.83,9.401541783640852,1.599237117749738,35.71349159238007
53.84,8.62577580331155,0.9289437711987758,34.88482927963753
53.85,7.866381387004985,0.3899868332932168,34.01996337101741
53.86,7.133792801868756,-0.030455653470605026,33.13754106353918
53.870000000000005,6.436007349216244,-0.34738664037461964,32.25247067676241
53.88,5.778765781682662,-0.5759270190236571,31.37561966933374
53.89,5.166039658066981,-0.7306980411554795,30.514463750871457
53.9,4.599873376182764,-0.8254281230399297,29.673912875492803
53.910000000000004,4.080992220697843,-0.8720324790010165,28.85661941008104
53.92,3.6089705114451585,-0.8810690018023234,28.063925963263735
53.93,3.182471284390206,-0.861703909919696,27.296250297686708
53.94,2.7993995368549562,-0.8213160650911294,26.553129895249455
53.95,2.4572904121516506,-0.7661947387929895,25.83380281373534
53.96,2.1535188146311364,-0.7010446122807668,25.137242749857773
53.97,1.885044622734855,-0.6299226879270905,24.462493950304662
53.980000000000004,1.6490676412103245,-0.5558234442295938,23.808458770567533
53.99,1.4425756258642553,-0.481074944087172,23.17397429389779
54.0,1.262705334412171,-0.4071535270004406,22.5581461175022
54.01,1.1071327264661877,-0.33557204057440565,21.96022937836968
54.02,0.9727424211431168,-0.2667316306928608,21.379298976863634
54.03,0.8576791056758213,-0.20118183242199542,20.814629540894902
54.04,0.7596990339885941,-0.13919340812242464,20.26555757460844
54.050000000000004,0.6764083550634175,-0.08042718031461134,19.731508172921835
54.06,0.6067317338128284,-0.02499118151388313,19.211922795451784
54.07,0.548900754461361,0.027355500242283066,18.706297030566954
54.08,0.5009044002958782,0.0772804421253355,18.214261740278246
54.09,0.46219972567147477,0.1249431159684436,17.7354245536175
54.1,0.4321694073993334,0.17054397283823183,17.2693948034722
54.11,0.4090438368141881,0.21495572415630698,16.81581930922524
54.120000000000005,0.39212739046053957,0.25865842187557425,16.374324344335538
54.13,0.3811563318779033,0.30192803717755656,15.944525078610178
54.14,0.37555355794626166,0.34521829989818725,15.5260987598711
54.15,0.3743303390171222,0.38933782929256167,15.118883297918376
54.160000000000004,0.37744789914980725,0.4346791544909753,14.722608436518641
54.17,0.38492078961332776,0.481607894710429,14.336995532304416
54.18,0.396389013199224,0.5306875616471243,13.961762009463035
54.19,0.41133447532935086,0.5826873907559756,13.596656446493364
54.2,0.42991792482745156,0.6381064481905477,13.24145831456286
54.21,0.45231012554462696,0.6974391748777,12.895947368895026
54.22,0.4786136415883061,0.7612064899225355,12.559906686090013
54.230000000000004,0.5086834711808527,0.8301564520497714,12.233185985510294
54.24,0.5427358008742471,0.9050870239069121,11.915696608428307
54.25,0.5810414013718248,0.9867869149147277,11.607352211677268
54.26,0.6238667368160679,1.076040401232829,11.308063740549848
54.27,0.6714542570830718,1.1736351481722231,11.017711434692927
54.28,0.7242545485130262,1.2806420611725946,10.736268336694273
54.29,0.7827766968234061,1.3982021427941622,10.463738845997185
54.300000000000004,0.8475266085344124,1.5274522391512388,10.200127367805948
54.31,0.9188917771111945,1.66941147828586,9.945514106547135
54.32,0.9975872592417062,1.825640372156538,9.700209197004598
54.33,1.0844948066411806,1.9979385102593081,9.464565552938147
54.34,1.1804889134218792,2.188091243242146,9.238930935045358
54.35,1.2862240971921641,2.39745445361701,9.023573657163983
54.36,1.4027723428520988,2.6282091297491017,8.819279285640945
54.370000000000005,1.5314246341241988,2.882966977947208,8.627027439556926
54.38,1.6734372844152796,3.1642476125398784,8.447756789862272
54.39,1.8299280081410547,3.4741290036594097,8.282454435047255
54.4,2.0025486945015776,3.8159691350639418,8.1331391889576
54.410000000000004,2.193060001516475,4.193401184128769,8.001997929099185
54.42,2.4031439079001053,4.609700279912331,7.891037847977251
54.43,2.6346345149023054,5.067802267892551,7.8029787259117445
54.44,2.8899510903196592,5.572169703317285,7.742278956537121
54.45,3.171543330791884,6.12736470945524,7.713480198562302
54.46,3.4817347350419325,6.737094634284319,7.720881899985582
54.47,3.823127916615681,7.404804215371648,7.771485891804015
54.480000000000004,4.198653222185049,8.134919330128628,7.874169504473226
54.49,4.611242950584692,8.931833213536047,8.03776375439284
54.5,5.063778966676889,9.798107777320688,8.271977419102965
54.51,5.558939787096677,10.733884523133174,8.591419435943068
54.52,6.099366955048403,11.73917456975986,9.011674631036282
54.53,6.687900743805105,12.813786227759865,9.548865767721425
54.54,7.3261525728398205,13.950445425137746,10.222872699061774
54.550000000000004,8.013794199328162,15.135883801110847,11.05510011572572
54.56,8.750800964687187,16.356809668321322,12.067858992935433
54.57,9.536243662838835,17.591271492951346,13.286115063219695
54.58,10.362769601737796,18.80208854124106,14.726585215004777
54.59,11.222528664201526,19.950462176957107,16.405806894517
54.6,12.106131980206555,20.9863130534355,18.33967613916992
54.61,12.995290730724726,21.84767011863886,20.516358079106585
54.620000000000005,13.870658694822156,22.466827005765385,22.92417197282906
54.63,14.707532330754967,22.77305493448965,25.527289942353043
54.64,15.47544920793982,22.70991590229749,28.252189559289747
54.65,16.141777404935358,22.21007812276408,31.026876757107367
54.660000000000004,16.675695544255653,21.259220663793705,33.74390669315968
54.67,17.04535875849728,19.857906206662523,36.283647717894105
54.68,17.223350854415553,18.034643911369898,38.538201708527914
54.69,17.196628896293287,15.878246212660574,40.408274411545825
54.7,16.95193500160835,13.477055200284557,41.815930097029536
54.71,16.497832811019904,10.957206219646457,42.731303893734825
54.72,15.843976364696726,8.43468103584097,43.147333840458046
54.730000000000004,15.019469486231758,6.021177196862008,43.10959137551828
54.74,14.051970060326473,3.803396516095458,42.67409819350624
54.75,12.979200337674447,1.8403505282049404,41.92462721852817
54.76,11.835201573821173,0.16336803654589582,40.939971182808144
54.77,10.655387184204487,-1.2232335571400395,39.80229075058933
54.78,9.469448212368121,-2.3315411920782396,38.57676565555321
54.79,8.30380094755618,-3.1879156611459267,37.31928103924376
54.800000000000004,7.17807607835443,-3.825900522277545,36.06887914511127
54.81,6.108202720050898,-4.2808122771907735,34.854115231680396
54.82,5.103973331433861,-4.588250202013239,33.691832109714845
54.83,4.172065163935008,-4.7799103348957415,32.591275101901545
54.84,3.314764174268607,-4.884404648070789,31.55546311166377
54.85,2.5323681862815777,-4.9253693386501824,30.58396851949413
54.86,1.8225051526943932,-4.922809920498654,29.67356858713913
54.870000000000005,1.1816914238748333,-4.89303415141831,28.819972130135564
54.88,0.6054919005883739,-4.848175459058025,28.01877589041591
54.89,0.08862125984294322,-4.799053573034042,27.26509650411235
54.9,-0.3744540844080748,-4.753115572838329,26.554506495951284
54.910000000000004,-0.7894891932833746,-4.716525003847925,25.883033384164783
54.92,-1.1622047857750288,-4.693457266808933,25.24737707882862
54.93,-1.498292473759998,-4.687276326827241,24.644553384058625
54.94,-1.8028322786229936,-4.700416927133346,24.072420710075264
54.95,-2.0804438629754425,-4.734958508746744,23.529295203517126
54.96,-2.3367248737227424,-4.791558726178068,23.013585583910388
54.97,-2.574968025039707,-4.871406104506994,22.524876454016212
54.980000000000004,-2.798907434773811,-4.975419104398329,22.06263814408956
54.99,-3.013771525334448,-5.103238939392516,21.626150126318628
55.0,-3.2217474902068433,-5.255642095474204,21.21596094010538
55.01,-3.424707958283424,-5.43355371283899,20.832731606248483
55.02,-3.626486286360178,-5.636786136834952,20.476682984243006
55.03,-3.831319660236893,-5.864544341986588,20.148521830981654
55.04,-4.040112656694197,-6.117668941340502,19.85009294709527
55.050000000000004,-4.253737890614573,-6.397017406866988,19.583250260911797
55.06,-4.4731467023458205,-6.703419324139668,19.349826523674626
55.07,-4.703298344728027,-7.035954798635069,19.150878346374892
55.08,-4.946693073813996,-7.393592127289988,18.98902380199057
55.09,-5.203261095636637,-7.77603115233639,18.86773605703014
55.1,-5.472932616228312,-8.182971716005415,18.79048827800234
55.11,-5.7556378416219225,-8.614113660529005,18.760753631415614
55.120000000000005,-6.051306977850409,-9.069156828139178,18.782005283778556
55.13,-6.362335876370372,-9.54665290931149,18.85823084667874
55.14,-6.691180698200068,-10.042117290034236,18.993777033211508
55.15,-7.036614288611721,-10.550934471536626,19.192434698351708
55.160000000000004,-7.397393363741818,-11.06849220063623,19.457991823106383
55.17,-7.772347576579591,-11.590176748896965,19.794334063982152
55.18,-8.162061455954802,-12.109991765897556,20.207585512309855
55.19,-8.56420122764697,-12.618322835468096,20.699657349819663
55.2,-8.97497163787942,-13.10498276953799,21.270453650627875
55.21,-9.390597121660795,-13.559764343418644,21.91993998565051
55.22,-9.808626370113071,-13.969985799849653,22.652052217575164
55.230000000000004,-10.223870125885028,-14.322107230264878,23.461637691764473
55.24,-10.629404634002682,-14.603625950304206,24.338018954921864
55.25,-11.018306219078589,-14.802037161332949,25.27052047176165
55.26,-11.383762734547222,-14.900364979662895,26.251826796960795
55.27,-11.718502881808075,-14.888023504397676,27.266145687975076
55.28,-12.014938713070311,-14.761441633678356,28.29067650103333
55.29,-12.26529222486286,-14.51644970015414,29.302704274624414
55.300000000000004,-12.459232603330674,-14.141704826914443,30.281339725742807
55.31,-12.592175601600204,-13.64609926794505,31.20476658865587
55.32,-12.661668457761683,-13.045546045438291,32.05044734295894
55.33,-12.664748193786457,-12.355173966363232,32.79573026164974
55.34,-12.595541387994636,-11.585095324205419,33.42189865943157
55.35,-12.45673945132381,-10.75749537886269,33.92137016437716
55.36,-12.25271539796718,-9.89736732352174,34.28758856835745
55.370000000000005,-11.98405815184711,-9.025329261418067,34.5125608822155
55.38,-11.657978750049,-8.161490369588059,34.60269196631694
55.39,-11.283728754770014,-7.326753332486691,34.567509636554746
55.4,-10.867605539234933,-6.539174116176357,34.41270186429189
55.410000000000004,-10.418517467472569,-5.808826453056411,34.15205166379157
55.42,-9.946759635797182,-5.144654310485015,33.80220566140967
55.43,-9.461015597845593,-4.555513031489999,33.37553696778042
55.44,-8.968825719308818,-4.0416830688225325,32.8854792062935
55.45,-8.477888783134002,-3.6012351423700366,32.34695258064813
55.46,-7.9959155066084495,-3.232922671141522,31.773124715592573
55.47,-7.528512601021927,-2.9335163086771745,31.172524953980925
55.480000000000004,-7.079703039117794,-2.6968062331325466,30.554133458982037
55.49,-6.653752515749527,-2.516910082938531,29.926499352543722
55.5,-6.254149636994173,-2.3886874160903786,29.295090345487477
55.51,-5.882350491499008,-2.3060532584399334,28.664330386964416
55.52,-5.539791036082182,-2.2630098945844583,28.038566269448108
55.53,-5.227579346751385,-2.2548686382439147,27.42074754241119
55.54,-4.945654295511126,-2.277241154492638,26.812784148266612
55.550000000000004,-4.693837081718684,-2.3257708855807895,26.216555103890872
55.56,-4.471654843517978,-2.3971475042214427,25.633454411740917
55.57,-4.278374636378304,-2.4887675554754316,25.064309773443792
55.58,-4.113150894327346,-2.5981048980262322,24.509943025840336
55.59,-3.9744358248902922,-2.7235848686537376,23.97118824398853
55.6,-3.8613623936282004,-2.8641023865101163,23.448516447919673
55.61,-3.7732442986956123,-3.0185181504825964,22.942342358315294
55.620000000000005,-3.7090490573869173,-3.185925210976083,22.45312837298129
55.63,-3.666545098633435,-3.3668538488082715,21.98161072360862
55.64,-3.6453366111391015,-3.561510569813918,21.528428931679894
55.65,-3.645295359516579,-3.769978210990441,21.094195278757624
55.660000000000004,-3.666293108378552,-3.9923396093354224,20.67952204640402
55.67,-3.7081243138407296,-4.2287374095037435,20.285025557499896
55.68,-3.7687454193520833,-4.481020044640697,19.911671703299966
55.69,-3.8476057680203577,-4.750617819114,19.561006307143586
55.7,-3.9451211339803174,-5.038326762761607,19.234625919420253
55.71,-4.061707291366513,-5.34494290542086,18.93412709052015
55.72,-4.197780014313697,-5.671262276929698,18.66110637083275
55.730000000000004,-4.3537550769566735,-6.0180809071261265,18.41716031074761
55.74,-4.529822618515111,-6.386892739366424,18.20406324017592
55.75,-4.725755616746762,-6.779759277082474,18.024909366378598
55.76,-4.9417658280185295,-7.19670727519212,17.88337637456036
55.77,-5.178088031476614,-7.637677613173221,17.783143919389918
55.78,-5.434957006266709,-8.10261117050269,17.72789165553618
55.79,-5.712607531534997,-8.59144882665837,17.721299237667836
55.800000000000004,-6.0113501839105705,-9.104166905391905,17.767135649661636
55.81,-6.332446136061458,-9.640170300330032,17.871042258584488
55.82,-6.675414293334541,-10.195647443441658,18.038385085502398
55.83,-7.03913230699003,-10.766159544616965,18.274016755064057
55.84,-7.422477828288419,-11.347267813746553,18.582789891918402
55.85,-7.824770539226876,-11.934464369719564,18.97031463707823
55.86,-8.245810485032491,-12.520202397099649,19.443599003171876
55.870000000000005,-8.68199177528132,-13.093385558902286,20.00460562705948
55.88,-9.129352432166522,-13.642741809889426,20.654731771755735
55.89,-9.58445525206129,-14.156431427389034,21.396958723807533
55.9,-10.044099738173545,-14.618899174440395,22.234795214729157
55.910000000000004,-10.50094702427607,-15.014448919599154,23.159008694033357
55.92,-10.94727026878369,-15.32755866018831,24.15918223539527
55.93,-11.375444888036087,-15.540895274259652,25.226597009340068
55.94,-11.777495694458436,-15.63488776220685,26.35139821979503
55.95,-12.144192808028347,-15.601261771498697,27.508956461861125
55.96,-12.466215553488459,-15.432807251905617,28.673436249193337
55.97,-12.7322790340279,-15.11514711055835,29.820827555018905
55.980000000000004,-12.934072282062559,-14.648476314806869,30.92503172169723
55.99,-13.066892345845247,-14.048068463617692,31.956944241881608
56.0,-13.125551679807607,-13.328337289665289,32.88734220654304
56.01,-13.102226248911293,-12.499002258529988,33.69096175365042
56.02,-12.99827198744026,-11.586055614265657,34.354189454574396
56.03,-12.816454115755787,-10.618799612986852,34.86419713232957
56.04,-12.555943266148512,-9.621611058579163,35.20894843273353
56.050000000000004,-12.225289832819588,-8.621630792165021,35.394101828845905
56.06,-11.834193750643756,-7.646856704360323,35.427072220872155
56.07,-11.388783241075734,-6.719278617679646,35.31400215647937
56.08,-10.900565550595243,-5.853691580739008,35.07286382725009
56.09,-10.381431581531636,-5.06494442594196,34.721837006183065
56.1,-9.840720337875217,-4.362607386590152,34.2756639887788
56.11,-9.288543897177123,-3.7474509531285936,33.75363138113943
56.120000000000005,-8.735161643829752,-3.2202804575415556,33.174523762115946
56.13,-8.189138866560612,-2.7800936141035666,32.551398115718754
56.14,-7.656750928275583,-2.4202114740253453,31.89688041216427
56.15,-7.144263170128906,-2.1339425464330404,31.223345934961742
56.160000000000004,-6.656840167383699,-1.9151421824654218,30.539301256141368
56.17,-6.1976249107753425,-1.7558280722938733,29.851667094524522
56.18,-5.769674321172698,-1.648440932749135,29.166567044822155
56.19,-5.374402647078725,-1.5862219813343597,28.48780018998
56.2,-5.012535640541082,-1.5624215421583252,27.818711313933317
56.21,-4.684457698234161,-1.5713923738330224,27.161591865331886
56.22,-4.389797584237028,-1.6081502653228013,26.51786617295844
56.230000000000004,-4.127854457661337,-1.668171518551991,25.88883366762103
56.24,-3.8974423688332784,-1.748180152336534,25.275154193954204
56.25,-3.6973744055458053,-1.8450698531579361,24.67727609950374
56.26,-3.526034634181376,-1.9565432677944843,24.095670216587965
56.27,-3.382138397848871,-2.0811493335186424,23.53046054742979
56.28,-3.2645664072024116,-2.2174527607824057,22.981688767550168
56.29,-3.171251333523952,-2.364677330802833,22.449569236310683
56.300000000000004,-3.1006653983212282,-2.5228382508223155,21.934415255178305
56.31,-3.052303137682548,-2.6917683266299166,21.436443231893573
56.32,-3.025659087696061,-2.8713003640150334,20.955869574195937
56.33,-3.019467293548206,-3.061694632336259,20.49291385277763
56.34,-3.0309019259841006,-3.26473034995923,20.048039542208542
56.35,-3.060103045598744,-3.481281490513587,19.621979448478726
56.36,-3.1074744396084535,-3.7121050623072036,19.215476842617942
56.370000000000005,-3.1734198952295984,-3.957958073647993,18.829274995655997
56.38,-3.2583431996784014,-4.21959753284334,18.46411717862351
56.39,-3.362514478424347,-4.497877731914615,18.12074079944042
56.4,-3.4841488830149325,-4.795384517642555,17.800234505283058
56.410000000000004,-3.6231296997999056,-5.114035235680499,17.50478113001898
56.42,-3.780188706771156,-5.455201898491454,17.236735886473728
56.43,-3.9560576819208655,-5.820256518539099,16.998453987472192
56.44,-4.151468403241121,-6.210571108286896,16.79229064583949
56.45,-4.36715264872417,-6.627517680198608,16.62060107440063
56.46,-4.6039731827349035,-7.072987824473993,16.48590912935413
56.47,-4.862610286321735,-7.547996955997535,16.392500516781862
56.480000000000004,-5.143446945280242,-8.052290019058763,16.345473722348164
56.49,-5.446865311287262,-8.585608486087995,16.3499282971172
56.5,-5.773247536020222,-9.147693829516612,16.410963792153016
56.51,-6.122977589680849,-9.738288227404336,16.533681314142147
56.52,-6.497569289569458,-10.356593201634782,16.72465694452608
56.53,-6.897150229346568,-10.997630330681055,16.991172419762947
56.54,-7.320311862962812,-11.654979505921535,17.33963458596458
56.550000000000004,-7.76564564436889,-12.322220618734644,17.776450289243044
56.56,-8.232286347789106,-12.992734807433322,18.309060932649537
56.57,-8.719123846015707,-13.655441040247393,18.945281697737556
56.58,-9.22140214791577,-14.295246141735474,19.686972203860496
56.59,-9.7341223091914,-14.896931527582929,20.535569003729623
56.6,-10.253350668307775,-15.443036569937547,21.496382184857843
56.61,-10.772500625614237,-15.912474621360479,22.56607867158349
56.620000000000005,-11.281865771783227,-16.28520856781752,23.730582276555655
56.63,-11.771740320191535,-16.540846443016022,24.976126970395978
56.64,-12.23218699383467,-16.652926912216984,26.292382269738177
56.65,-12.65199221210195,-16.60761688333683,27.651436505289862
56.660000000000004,-13.019668814092256,-16.39629354588587,29.019625738857524
56.67,-13.321768404703809,-16.003864986425693,30.36473861215222
56.68,-13.546755591871417,-15.427447125587387,31.653684514347265
56.69,-13.688780825670472,-14.687243910759355,32.84955663877551
56.7,-13.741166235391793,-13.802143351319232,33.91521661881885
56.71,-13.69518100964559,-12.787675273734356,34.82022323364615
56.72,-13.553324643599813,-11.679696787280916,35.54839115915988
56.730000000000004,-13.317487801552518,-10.515238661615603,36.08277555991034
56.74,-12.989635009793238,-9.326604671914655,36.4157191006044
56.75,-12.582035265812976,-8.1500085608035,36.55787925504677
56.76,-12.103966366931873,-7.019635707813472,36.5168985621621
56.77,-11.566295007025515,-5.9581070291689535,36.30964048375947
56.78,-10.98431151763154,-4.984776914956733,35.96134031860744
56.79,-10.370327279015878,-4.116040072492733,35.49201256188123
56.800000000000004,-9.736971793404837,-3.3547399118630743,34.92567078354302
56.81,-9.097324857520396,-2.702122044485166,34.28707276666411
56.82,-8.462236829222064,-2.157322934962658,33.59445636118375
56.83,-7.840197961435454,-1.7120307807814301,32.864850866478825
56.84,-7.239610047267794,-1.3581685778710562,32.11391519017293
56.85,-6.666402439068859,-1.0864801686907097,31.352231987293095
56.86,-6.125313180842162,-0.8864505878087144,30.58922926470175
56.870000000000005,-5.619809315338228,-0.7484596593756481,29.83139346020057
56.88,-5.151792687040957,-0.662826780395161,29.083704061600667
56.89,-4.722249914819706,-0.6209777928975234,28.349480072124813
56.9,-4.331346674498686,-0.6150812256995642,27.630990051684336
56.910000000000004,-3.9786550748329215,-0.638575673142736,26.929473814156424
56.92,-3.662948724553375,-0.68582758107058,26.24570485746749
56.93,-3.382707571686116,-0.7520006350333295,25.579987064493356
56.94,-3.13612550177994,-0.833427004323679,24.93229083031867
56.95,-2.9213511320064374,-0.926940447497214,24.302529880268377
56.96,-2.736239731863564,-1.0303513590091062,23.690368101354554
56.97,-2.579066598702288,-1.1418801307350854,23.095443865513936
56.980000000000004,-2.4475384900018846,-1.2603116151241283,22.51744927528001
56.99,-2.3398024659815495,-1.3851947309265022,21.95612729224912
57.0,-2.2546992269686252,-1.5159583483913261,21.41121059562499
57.01,-2.1903919437796486,-1.6524405560168316,20.8824840673322
57.02,-2.1443842849367,-1.795575223296316,20.369896798227714
57.03,-2.116295119203069,-1.9457034622295633,19.87334624317311
57.04,-2.10584743018122,-2.1031205903875865,19.39272461361649
57.050000000000004,-2.112763579491821,-2.268122251503803,18.9279241450661
57.06,-2.135094058956003,-2.442090320764698,18.479001557071864
57.07,-2.1714638944237605,-2.6269123580218716,18.046375774119493
57.08,-2.2222643204956065,-2.8237439223682945,17.63048990619796
57.09,-2.2878865717721064,-3.0337405728970923,17.231787063295943
57.1,-2.3687218828536794,-3.258057868700937,16.85071035540298
57.11,-2.4646162204005706,-3.498099609309336,16.487669748637032
57.120000000000005,-2.574662923494001,-3.756087775630906,16.1435189588272
57.13,-2.6995936933994265,-4.033981712454874,15.81970872536581
57.14,-2.840234358991447,-4.3337112379370755,15.517709226564207
57.15,-2.9974107491445867,-4.6572061702331755,15.238990640733995
57.160000000000004,-3.1719156454995563,-5.006379104777471,14.984977377345201
57.17,-3.3643886424278993,-5.3830962089221215,14.757411552577345
57.18,-3.5758964776350326,-5.789508118272507,14.55960804029963
57.19,-3.8075951233157723,-6.227817895563713,14.39509923266123
57.2,-4.060640551665123,-6.700228603531175,14.267417521811247
57.21,-4.336270951141308,-7.20893719948765,14.180012173344375
57.22,-4.636287673057438,-7.755414090022123,14.136860825077864
57.230000000000004,-4.961800889364732,-8.33992260471235,14.144657441449604
57.24,-5.313739466674058,-8.962620492242994,14.210470154088409
57.25,-5.6930322715969615,-9.623665501299957,14.341367094623083
57.26,-6.100783854144266,-10.323236611527278,14.544523917047362
57.27,-6.539003438579833,-11.059325500832491,14.828851541203276
57.28,-7.007219709662474,-11.825226807783597,15.204005073453823
57.29,-7.50440837260365,-12.613724971886231,15.679529292765512
57.300000000000004,-8.029638933067186,-13.417611200437147,16.265142560552995
57.31,-8.582879749062299,-14.226671203979217,16.973066864252434
57.32,-9.160044716621659,-15.022732108884416,17.810119153926582
57.33,-9.755758094535535,-15.786405416927614,18.78103705361032
57.34,-10.365253991998722,-16.49698690895847,19.892850975046205
57.35,-10.981596767895468,-17.127095043180194,21.147307789537418
57.36,-11.593430044586865,-17.64802147023717,22.532283021190374
57.370000000000005,-12.189488204001117,-18.028793037575433,24.037587160260806
57.38,-12.757292377754847,-18.235241604760503,25.64802270773529
57.39,-13.281218010229079,-18.24559122133351,27.32523365502832
57.4,-13.744936768682692,-18.036369117933063,29.03028252010952
57.410000000000004,-14.13084905866189,-17.582565120451203,30.723827965590253
57.42,-14.426117272016144,-16.89389219483615,32.352335659172
57.43,-14.617651663344885,-15.982397547192653,33.86045804775635
57.44,-14.690650784909014,-14.859238242277716,35.19935709682242
57.45,-14.64302046338872,-13.56906119747017,36.332412418460905
57.46,-14.470621429089999,-12.15663191925774,37.22179015611601
57.47,-14.173872916078754,-10.668081712361694,37.84995956771939
57.480000000000004,-13.765686328682012,-9.16142148967767,38.21973824280664
57.49,-13.253363580734039,-7.686661152474654,38.33217496982107
57.5,-12.653035191495892,-6.282876987192854,38.21255346752287
57.51,-11.982695824973511,-4.9878743403357335,37.88977183240164
57.52,-11.258531492604813,-3.8234979404691787,37.3941458535736
57.53,-10.500274112099362,-2.8019852392229216,36.764237112220876
57.54,-9.72510288188154,-1.931972592818759,36.03140758928009
57.550000000000004,-8.947377422281878,-1.2057328465618422,35.225183687484794
57.56,-8.18110495068154,-0.6140109799068455,34.37429374838352
57.57,-7.437561111308426,-0.14641086812348691,33.49848845382744
57.58,-6.725627410942818,0.2115946079677006,32.614324628663525
57.59,-6.052061497558444,0.4751072814632701,31.734196623387326
57.6,-5.421517267066538,0.658950274356918,30.866764583311063
57.61,-4.836736306143806,0.7771707319490322,30.018088980474374
57.620000000000005,-4.2989735730815095,0.8425158086731427,29.191635814509617
57.63,-3.808217557783369,0.8661595947494605,28.389233936461345
57.64,-3.363586276301635,0.8577807847264435,27.61171225038712
57.65,-2.9632836945986503,0.8253503217145282,26.8588483632764
57.660000000000004,-2.60494912918812,0.7755441771728783,26.13006358680556
57.67,-2.286032356709135,0.7139107740203373,25.42448297528801
57.68,-2.003588182658601,0.6447462618222393,24.741010024305954
57.69,-1.7549469154779713,0.5714203902829358,24.07862452363988
57.7,-1.5368674141604792,0.49642279949698775,23.436226847754416
57.71,-1.3468313196517883,0.4216173221581119,22.812891636533962
57.72,-1.1817433211246249,0.3484531220110325,22.207699583318284
57.730000000000004,-1.0391194928477894,0.27771232348589714,21.619820331819657
57.74,-0.9169197801776924,0.21006396909866493,21.04847966871958
57.75,-0.8122049062476044,0.14551159775859773,20.49302523959087
57.76,-0.7234264916690364,0.0843495057003428,19.952892863840777
57.77,-0.6491247763841053,0.026816914885743132,19.427512529978564
57.78,-0.5869356438112209,-0.0279021238351006,18.916316360819447
57.79,-0.5357384021002833,-0.08000195824675432,18.41884166594549
57.800000000000004,-0.4945502122807708,-0.12958697646440837,17.934652350954245
57.81,-0.4615446613216767,-0.177609882926604,17.463433568225607
57.82,-0.436052107221835,-0.22441746741699242,17.004808261126637
57.83,-0.4177159688949944,-0.2701372682902108,16.558372218694277
57.84,-0.40574197205383783,-0.3152482125760061,16.12375202644175
57.85,-0.3988741299120081,-0.3607868770925581,15.700690471454328
57.86,-0.3969337449896894,-0.4070945131851882,15.28893045099241
57.870000000000005,-0.39978509145701635,-0.45448116392057897,14.88821331190653
57.88,-0.40714509895951334,-0.5033841961145401,14.498262982775906
57.89,-0.41835715775937865,-0.5547236077517799,14.118784472725352
57.9,-0.4334601834433491,-0.6090271497916881,13.749597975239169
57.910000000000004,-0.4525711417570863,-0.6667657377598489,13.390534585603554
57.92,-0.4757907360591201,-0.7284161222233668,13.041421946289189
57.93,-0.5028538757810321,-0.7946831224011299,12.702004378682416
57.94,-0.5338447947470059,-0.866396686585588,12.37208574049769
57.95,-0.5690528071509988,-0.9443515567543982,12.05151118998132
57.96,-0.6087672271868918,-1.0293424748850495,11.740125885380287
57.97,-0.6532069466912525,-1.1220600882833143,11.437803586437022
57.980000000000004,-0.7026157440544526,-1.2233266876373496,11.144562708277768
57.99,-0.7574501196774434,-1.3343565373792545,10.860461778198584
58.0,-0.8181713872676915,-1.4563720428282774,10.585559042734971
58.01,-0.8852267650526023,-1.5904122233908538,10.319864445027436
58.02,-0.95920793507327,-1.7375168299932986,10.063436709696099
58.03,-1.0409050359161216,-1.8994687763783027,9.816577863665186
58.04,-1.131114162900332,-2.0780830206382457,9.579599549794521
58.050000000000004,-1.2305734613638142,-2.2748743504846183,9.352781326368266
58.06,-1.3401512807149962,-2.491416048653649,9.136689123660908
58.07,-1.4610080393770173,-2.7302607306043596,8.932236193000756
58.08,-1.5943112694451018,-2.993989036680233,8.740342793644006
58.09,-1.741144487021711,-3.2846988450914436,8.561818778761511
58.1,-1.902983914368047,-3.605040971282735,8.398181566627636
58.11,-2.0816067223799357,-3.9584962235945422,8.251445146420407
58.120000000000005,-2.2787754701963188,-4.348508420003811,8.123605060004365
58.13,-2.4959879843818342,-4.777721673786737,8.016698982970443
58.14,-2.735373706356616,-5.250040538311229,7.9345629267796545
58.15,-2.9993247902763494,-5.769981705780188,7.881523218023474
58.160000000000004,-3.2901902218844485,-6.341848343506135,7.861782177096982
58.17,-3.6102610164168385,-6.968702722265315,7.88038287531309
58.18,-3.9623559626326452,-7.654669440581232,7.945518879816722
58.19,-4.349368194572764,-8.404121676508986,8.06572311323719
58.2,-4.774212646301465,-9.2209557845895,8.249433919856255
58.21,-5.239663431030579,-10.106298046351341,8.508447417633594
58.22,-5.748295218588626,-11.060382816094787,8.85789202923309
58.230000000000004,-6.302707588894782,-12.083479862871556,9.312974646190572
58.24,-6.9057079024185395,-13.173620494338431,9.890671559737488
58.25,-7.557753011814671,-14.319937326776849,10.61161263237254
58.26,-8.258558201137946,-15.509771511747395,11.4968776574792
58.27,-9.008639942393863,-16.729331779645683,12.57028704812499
58.28,-9.804221426994067,-17.949336964009174,13.853264363952643
58.29,-10.637519333528164,-19.132518606476708,15.361309364843034
58.300000000000004,-11.501332862349301,-20.238901819324468,17.113112941773668
58.31,-12.3829114706169,-21.212717343985982,19.114342344555723
58.32,-13.263052971099688,-21.992512196941593,21.35035893146821
58.33,-14.122340384702254,-22.506708572929668,23.810232910473808
58.34,-14.933167494774498,-22.69296841518647,26.43787777847623
58.35,-15.664889633451386,-22.491584515809503,29.162944746539967
58.36,-16.28532642841486,-21.847133565829726,31.905820445277712
58.370000000000005,-16.764931174772393,-20.760373247777874,34.55185835583019
58.38,-17.070282743632756,-19.227168022526453,36.985816958159354
58.39,-17.182132300229206,-17.30624239575822,39.106499537953596
58.4,-17.085534387708087,-15.08195568766191,40.816395364008415
58.410000000000004,-16.77501949914091,-12.65384283566693,42.058691145333356
58.42,-16.258867034295857,-10.146783918479837,42.80635423933865
58.43,-15.553568921824287,-7.671505910391553,43.07338523917664
58.44,-14.687558799140678,-5.335520731590914,42.90596742235188
58.45,-13.69143953506896,-3.211154643128449,42.37064732340494
58.46,-12.601619541556799,-1.3528482717384986,41.54832919617624
58.47,-11.452235321322481,0.22156806585438804,40.51868678372756
58.480000000000004,-10.27718695194797,1.5098347817703563,39.35832685357776
58.49,-9.104311659300434,2.5311017762705936,38.12809322202118
58.5,-7.958058041852842,3.312258560576506,36.878349553261515
58.51,-6.856630546938117,3.8883978614826153,35.64462310078932
58.52,-5.81377325466085,4.293781653217474,34.450928876720965
58.53,-4.838440156686514,4.563012630148636,33.31199913745209
58.54,-3.935472806820381,4.725976256299495,32.23459388303268
58.550000000000004,-3.1069117559146804,4.810058369867233,31.221068328182298
58.56,-2.3519930320924844,4.836873692782001,30.269777874545127
58.57,-1.668152555709248,4.825781474973519,29.37760637203271
58.58,-1.0515138109367217,4.791151848001148,28.540057357514012
58.59,-0.49751388779561156,4.744802107323498,27.752746577016996
58.6,-0.0006272112251144435,4.69638925191442,27.010862474666034
58.61,0.44433029032817084,4.652875079032338,26.310397711706855
58.620000000000005,0.8435330990080411,4.619762082479054,25.64741694884715
58.63,1.2020656915062031,4.601148703325934,25.019161489294948
58.64,1.525985841798699,4.600085298780737,24.42262715016469
58.65,1.8198428218052904,4.618675910136742,23.855998913632977
58.660000000000004,2.088545617176795,4.658583521654796,23.317591584010863
58.67,2.3372161013405597,4.720644813143705,22.806098230671346
58.68,2.5687947095259123,4.806099111640245,22.321090335712764
58.69,2.787442143183942,4.915523606320662,21.861928113780117
58.7,2.9980876145820448,5.048641501392262,21.428303361170098
58.71,3.202617476131794,5.206431862863257,21.020844778808375
58.72,3.4028321647778546,5.38991398061616,20.640201989396097
58.730000000000004,3.6031157752507794,5.598506846662268,20.2864820819687
58.74,3.8068880537789047,5.831749084362326,19.960685788864303
58.75,4.015053710746069,6.090522723902681,19.664652158488696
58.76,4.22851745653597,6.375709795469536,19.400220239247925
58.77,4.44843555495525,6.688102785695544,19.16916432276102
58.78,4.67998618209581,7.026674973101428,18.972617301273207
58.79,4.924927281105443,7.390707107684567,18.813517543252356
58.800000000000004,5.183266996542261,7.779979889928055,18.695378803072362
58.81,5.455013472963817,8.194274020314145,18.621714835107355
58.82,5.740174854928213,8.633370199325913,18.596039393731196
58.83,6.03881453821186,9.09703527877274,18.621875818229526
58.84,6.354370272362987,9.583222224424354,18.703483355850896
58.85,6.688008816962466,10.08747975696082,18.845189624739316
58.86,7.03851097399368,10.605394429561755,19.050995435591478
58.870000000000005,7.404657545440061,11.132552795406827,19.324901599104248
58.88,7.78550789436719,11.66447737277093,19.671251753174033
58.89,8.181763571975324,12.194289936317029,20.096233402199406
58.9,8.59051692092072,12.712053111172656,20.601251604410642
58.910000000000004,9.008004679792839,13.207631771845794,21.186623876871572
58.92,9.430622804273971,13.670718948635862,21.8531173645927
58.93,9.856106959121838,14.087736866220022,22.60489596595806
58.94,10.278486846456023,14.445021836887397,23.43479243443778
58.95,10.690701047396466,14.729570548548859,24.332448625052177
58.96,11.08570136123621,14.928110775754464,25.287749929227488
58.97,11.456596222003279,15.022463838144956,26.29378374859471
58.980000000000004,11.795804748650594,15.003988383910585,27.33176188757871
58.99,12.0955091730366,14.868167713401371,28.378659333414728
59.0,12.347259859206682,14.608481714685025,29.411765147002086
59.01,12.540962506474749,14.214930018103274,30.409828708732014
59.02,12.672677692631295,13.699807346170724,31.34957059277415
59.03,12.739396522178932,13.078568276964692,32.2073265033415
59.04,12.736752539007046,12.36434826341424,32.95934980822503
59.050000000000004,12.660100332349872,11.568986646804566,33.588909869473504
59.06,12.513086223168223,10.717514059730354,34.088132744866314
59.07,12.298654908514782,9.834945457645068,34.448213420636534
59.08,12.018005326030057,8.94159842855491,34.663418939576616
59.09,11.680033905608537,8.059380854391339,34.74198907645034
59.1,11.293512081897024,7.210356721671123,34.69195890425228
59.11,10.8644964537329,6.410919304506804,34.520011590425
59.120000000000005,10.403122107886867,5.671352404343827,34.24239503934819
59.13,9.919771517907998,5.002104594084043,33.875318980047844
59.14,9.422760608721633,4.4103336002246785,33.43086524985814
59.15,8.92015277062015,3.895191822988146,32.92427547228691
59.160000000000004,8.420117615649486,3.4553931061490917,32.37113458908679
59.17,7.930289679413532,3.090220713214747,31.782989035866766
59.18,7.455574944093313,2.7944178598820093,31.169089314436842
59.19,7.000380967865038,2.561538978020972,30.539095301631697
59.2,6.569555920943104,2.386282285497709,29.901112345253907
59.21,6.1656648574000785,2.2627997777920044,29.260164492817324
59.22,5.790338875726963,2.184572876802651,28.620941009083722
59.230000000000004,5.445283482250842,2.1457893425089867,27.987690451856214
59.24,5.131067731106382,2.1416600845713036,27.36293694017726
59.25,4.847684627137403,2.1672883861518097,26.748784628644966
59.26,4.594898322196028,2.218576963590068,26.14702932427389
59.27,4.372034797144679,2.292422993466442,25.558679917930885
59.28,4.17836705640195,2.385707853891406,24.984623189642946
59.29,4.012641327928515,2.496162219433291,24.42573292224587
59.300000000000004,3.873775298039155,2.622416770909842,23.882543111516384
59.31,3.7609768198420785,2.7630236004058837,23.355481092018152
59.32,3.6731026091363477,2.916751331808299,22.84500972601091
59.33,3.6079849701137676,3.083676448609216,22.351725895970183
59.34,3.56511307155128,3.2637624758731856,21.87609966452395
59.35,3.544181382026076,3.456895359861643,21.418582524226096
59.36,3.5448843701152475,3.6629610468364033,20.979625967629506
59.370000000000005,3.565946771324714,3.882513755860389,20.55978262903899
59.38,3.605224402968605,4.1173972018733895,20.16012789103678
59.39,3.6630489479876713,4.368370274028168,19.781867654344765
59.4,3.739845755962259,4.636139053241629,19.426205395488825
59.410000000000004,3.836040176472789,4.921409620430884,19.094344590994595
59.42,3.952057559099471,5.224888056512432,18.78748871738842
59.43,4.088244907940162,5.5473806339090155,18.50684895682604
59.44,4.24353409440553,5.891475634953413,18.254284190763673
59.45,4.417802478776683,6.2584859321701245,18.03277610853701
59.46,4.611504381021351,6.648977387196565,17.845417874515775
59.47,4.825094121107629,7.063515861670922,17.69530265306921
59.480000000000004,5.059026019003667,7.502667217231455,17.58552360856665
59.49,5.313754394677113,7.966997315515474,17.519173905377663
59.5,5.590132726930544,8.457383547567497,17.499913556589366
59.51,5.889008231414507,8.973383709293794,17.533153872838838
59.52,6.20988667952627,9.512327943170552,17.623981950491178
59.53,6.552229522723422,10.07148962407592,17.777451639018533
59.54,6.915498212464232,10.64814212688919,17.99861678789323
59.550000000000004,7.299626993998165,11.239528361936847,18.293211935637
59.56,7.70498506499648,11.839919627117796,18.668359901703923
59.57,8.128951823439209,12.440040206382259,19.127847212366948
59.58,8.568642661094657,13.03045228423616,19.675126670230824
59.59,9.021466787251564,13.601535839815199,20.314400631679742
59.6,9.485188639573268,14.140408589243805,21.051071330014892
59.61,9.953803068802763,14.631542392092845,21.881405542359314
59.620000000000005,10.420769918178355,15.059350906504616,22.800342842223372
59.63,10.88004610710255,15.405864762186301,23.80568534730583
59.64,11.324402834040951,15.652250238729405,24.889169738880838
59.65,11.74438155731141,15.785146785018405,26.030299795061293
59.660000000000004,12.130447666542993,15.791056774757841,27.20849443781904
59.67,12.471870033695188,15.649734296373616,28.406142371657175
59.68,12.759768329186063,15.358215044325702,29.59582536692996
59.69,12.986312696111428,14.921592938190056,30.745892487720184
59.7,13.14241631261328,14.342060827270233,31.824864505747716
59.71,13.219224482044757,13.624092383137352,32.805946325016144
59.72,13.21582250866139,12.792525227134316,33.666766868553374
59.730000000000004,13.13029740069742,11.871846633469815,34.383879686495604
59.74,12.958609509663152,10.883029428407314,34.93842421340939
59.75,12.707971294895543,9.8575813868972,35.32918597481656
59.76,12.385846795946662,8.827693905735828,35.55535691116432
59.77,11.995843097727823,7.81854358442979,35.61648579146334
59.78,11.549174006294304,6.8516640831340485,35.527919527453186
59.79,11.057473003490385,5.948785194395564,35.30536507278057
59.800000000000004,10.52998582870766,5.124579570659491,34.96267913564738
59.81,9.978445677255603,4.385422224917117,34.521125807315
59.82,9.41457602219763,3.7383907837206385,34.000587689433786
59.83,8.847731096385408,3.1853088597350823,33.41602526581794
59.84,8.285961346681892,2.7205960677299434,32.78381500439751
59.85,7.737346192572936,2.338718974851992,32.120109632390566
59.86,7.208976770899216,2.0349072699584143,31.43590868226738
59.870000000000005,6.7050730050247775,1.8012030650202933,30.739805742327004
59.88,6.229863172961029,1.6294212933095014,30.040264794527396
59.89,5.786448874628984,1.5122111338426778,29.342817563529554
59.9,5.3760467364294025,1.441762417761229,28.651759224072975
59.910000000000004,5.000008184365733,1.4112371023110757,27.970735263187066
59.92,4.6584930224165175,1.414716076137314,27.30190188539562
59.93,4.35117741054399,1.4464825415846156,26.647037011523235
59.94,4.077200328921188,1.5021638949667202,26.007094546778383
59.95,3.835542675503293,1.5778680705697985,25.382794768349434
59.96,3.62479495991498,1.6704682990834505,24.774620261236564
59.97,3.4436626872592195,1.7777038432437193,24.182767529512116
59.980000000000004,3.2907211248317996,1.897481976281484,23.607410372424436
59.99,3.1637628854006987,2.0287826801010724,23.04866115211477
60.0,3.061731882528844,2.1707726841762116,22.506609311510527
60.01,2.983758329582358,2.3225642850315436,21.981346019434795
60.02,2.9279432473222937,2.48399071036694,21.472969724352584
60.03,2.892170491886075,2.6560162332381676,20.98171380860293
60.04,2.8762672070448727,2.8389398192343074,20.507892743635633
60.050000000000004,2.880085534953275,3.033047651393258,20.051821468416833
60.06,2.903477617765856,3.2386259127524992,19.613814921913644
60.07,2.9453399610879276,3.45662090146693,19.19420562847741
60.08,3.0037048583765316,3.6892655578125417,18.79375547202607
60.09,3.0789506778069518,3.937783984766765,18.41354989504022
60.1,3.1715408453159504,4.203352538567548,18.05467937382272
60.11,3.281938786840443,4.487147575453362,17.718234384675604
60.120000000000005,3.4106058627521643,4.790347167324681,17.405304782327107
60.13,3.557208944667043,5.114891930082308,17.1170416771613
60.14,3.721752011102863,5.4628131434275575,16.855782222510836
60.15,3.9049742664361062,5.835614844723262,16.62432896288686
60.160000000000004,4.107614915043407,6.234801071332549,16.425484442800396
60.17,4.330413161300959,6.661875860617686,16.262051206762877
60.18,4.574172898882936,7.118404938699855,16.136816043176655
60.19,4.84037522699085,7.606092153168926,16.053214444689363
60.2,5.12963668635028,8.124726981532977,16.016639287943388
60.21,5.442269657743659,8.673678740389944,16.032766058779824
60.22,5.778586521954028,9.252316746338863,16.107270243039675
60.230000000000004,6.138899659764496,9.860010315978855,16.245827326564108
60.24,6.523918423705817,10.49606368813215,16.454553162064514
60.25,6.935040065843241,11.156734664585104,16.741616862119926
60.26,7.370867175441775,11.834657279519092,17.113882512875335
60.27,7.829687272697183,12.522281069401846,17.577968542574208
60.28,8.309940826444254,13.212026517771065,18.140817622349612
60.29,8.810931952053261,13.893240072197374,18.811823321872687
60.300000000000004,9.328061547798503,14.549672723546559,19.593454764864177
60.31,9.855742134677424,15.164491388064864,20.486250215605047
60.32,10.389021716161823,15.719496361069947,21.49337244038254
60.33,10.921720790191408,16.191901979639745,22.61459505477153
60.34,11.44346245639938,16.560464302498282,23.834097322116836
60.35,11.943686024868633,16.80405794743439,25.13539948796107
60.36,12.411687454069988,16.895240056038517,26.505957387296732
60.370000000000005,12.83577306173752,16.818290619942466,27.91765096346952
60.38,13.20395075251888,16.565911207244795,29.33388861307988
60.39,13.50240122031385,16.12482949794828,30.719023547190034
60.4,13.718560281429882,15.491110894431305,32.037803258769735
60.410000000000004,13.846817784968728,14.688162310891528,33.25229750789063
60.42,13.880984753316515,13.738751682028484,34.32429757422052
60.43,13.812464935295653,12.6610520494604,35.222312415963536
60.44,13.644387447960245,11.493279612532206,35.93109884398265
60.45,13.379478857676794,10.275335567456215,36.435032799398414
60.46,13.020758273067251,9.04173872389801,36.72894063448258
60.47,12.581512683489688,7.829965941101534,36.82607514273452
60.480000000000004,12.071635447637167,6.674671758804063,36.736005700117126
60.49,11.503578028500295,5.597817086600797,36.479050891138066
60.5,10.893106211649561,4.618597898706394,36.08203017436209
60.51,10.253047329710792,3.7514084150041507,35.56660913657419
60.52,9.596565365549377,2.997411470609518,34.9583678028629
60.53,8.936950709518019,2.357041938261631,34.282450533129435
60.54,8.28484473411258,1.8271951250476683,33.55718546321004
60.550000000000004,7.648909147094561,1.3985602317651677,32.8001064609288
60.56,7.0374558345487035,1.0622814888149839,32.025799101703484
60.57,6.456075935448978,0.8076107858131584,31.244843711430267
60.58,5.909355465653833,0.6238375741937032,30.46610780640701
60.59,5.400048237969091,0.500376393260372,29.695585560857005
60.6,4.929980458012352,0.4276246477846001,28.937695965987203
60.61,4.499713293871879,0.3966126315744786,28.19528975279151
60.620000000000005,4.109197793194222,0.3997341397386407,27.47014526910225
60.63,3.757464190805151,0.4301807297337871,26.763290240036742
60.64,3.443139366781734,0.4823477203954417,26.075201214308844
60.65,3.1646023780224968,0.551699245027972,25.405820734655613
60.660000000000004,2.9197893331219857,0.6344058125674423,24.75502120249431
60.67,2.706721826464446,0.7276594682743223,24.122514937436726
60.68,2.523057383250673,0.8292078521822319,23.50787932357745
60.69,2.366806332759499,0.937511310597704,22.910608892337212
60.7,2.2360535991633985,1.05125105765487,22.33025439672203
60.71,2.128232298966569,1.170073712436552,21.7664929882258
60.72,2.042177136682193,1.2936526010707352,21.219048001894922
60.730000000000004,1.9767591623899794,1.4216717254428628,20.68763530234126
60.74,1.9290319777032916,1.5549739232486333,20.171916377822683
60.75,1.8979066148245112,1.694255014894429,19.671767303421817
60.76,1.8832221204555937,1.839875815454541,19.187131272153053
60.77,1.884817541298501,1.9921971400033707,18.717951477030464
60.78,1.902311523325459,2.1517058075863416,18.26416668652032
60.79,1.9332256026734833,2.3204390610509478,17.825797902089512
60.800000000000004,1.9772039300324313,2.4999314445468355,17.403160165361314
60.81,2.0346235234968937,2.6913763342031873,16.996610755232886
60.82,2.105861401161549,2.8959671061495653,16.606506950600494
60.83,2.191236981435503,3.11491743268749,16.233200650062045
60.84,2.289951284815509,3.3500772593410293,15.877156394989838
60.85,2.4022682465936973,3.603526194416979,15.53947964856073
60.86,2.5290324314792256,3.8772276338363953,15.22140933992289
60.870000000000005,2.6710884041812926,4.173144973520392,14.924184398224535
60.88,2.8292748783166695,4.493237496818042,14.649038381666033
60.89,3.004115574477211,4.8392935972548035,14.397230487660982
60.9,3.1965484352400573,5.213548649684979,14.17137132995134
60.910000000000004,3.4078062745614686,5.618474797159509,13.974526113182044
60.92,3.6391219063972478,6.056544182728462,13.809760041998441
60.93,3.8917571498050534,6.530199429795191,13.680093195770448
60.94,4.16739422137956,7.041149562926685,13.588836178044003
60.95,4.467454418034283,7.590688070029714,13.541809672352874
60.96,4.793216079589054,8.180168307044902,13.545321301407672
60.97,5.145957545864334,8.810943629914032,13.605678687918886
60.980000000000004,5.527184170467672,9.48438290772341,13.729284178429914
60.99,5.939024889025015,10.19979085223466,13.924367215051197
61.0,6.381706877352376,10.95307836271162,14.200791186102954
61.01,6.8551792418512285,11.739905912663449,14.56847557277075
61.02,7.359459999591017,12.555954792042973,15.037438030324637
61.03,7.895687466946338,13.394650782461085,15.620233282837749
61.04,8.461424998165626,14.24139046557536,16.326844022316184
61.050000000000004,9.052849695190929,15.080039228965507,17.16568157678218
61.06,9.666609598110917,15.893942465332284,18.14658550039927
61.07,10.298414256660461,16.659365922519186,19.278541824149876
61.08,10.938811503061217,17.347525801904013,20.55752164933624
61.09,11.578152259530642,17.92866579975383,21.97974512045205
61.1,12.206307429973108,18.366671635750123,23.54209658971009
61.11,12.807948627736472,18.631175593893953,25.21548383949229
61.120000000000005,13.36692720188713,18.692683347575926,26.967124934769032
61.13,13.865972930765846,18.5140980112335,28.76673944029216
61.14,14.288710175696144,18.08649235239677,30.562037699951023
61.15,14.61888653881827,17.408748929489313,32.29467365358498
61.160000000000004,14.837265697263417,16.474137658996206,33.909480666072106
61.17,14.935518835677257,15.315582960392131,35.35602531528794
61.18,14.906617093347917,13.973474556183566,36.58346529563
61.19,14.742833718798442,12.487177034897512,37.55346769153184
61.2,14.45110422478673,10.918198465772113,38.25111263863324
61.21,14.03452290017941,9.323168044995196,38.66175006500318
61.22,13.507248704509106,7.754631438593511,38.800876591977556
61.230000000000004,12.88591498889884,6.264790292946627,38.69002792792801
61.24,12.186455518097626,4.888592299058755,38.35734424868191
61.25,11.43066883487899,3.6519882203867904,37.843735841019736
61.26,10.636753017172307,2.5731187799712503,37.18392669565719
61.27,9.82321458145349,1.6516512628756919,36.41618456689314
61.28,9.007627560366878,0.8859245343476069,35.57504319093037
61.29,8.203764094237032,0.2662196068518259,34.6869850775948
61.300000000000004,7.423899309554353,-0.22124657241988852,33.77539485419648
61.31,6.6776736437803335,-0.5922829590167261,32.857979844672776
61.32,5.972108621466445,-0.8637277665927362,31.947575766673687
61.33,5.311998352944749,-1.0518398567321652,31.053418965900754
61.34,4.700149479237554,-1.171929181094521,30.181251962561806
61.35,4.137875047882279,-1.237745809719515,29.334446417461823
61.36,3.624975677988812,-1.2613551610865035,28.51455101852099
61.370000000000005,3.160226548086864,-1.2529865139541234,27.722029371901304
61.38,2.7416459517083256,-1.2213248952026685,26.956544728789144
61.39,2.3666144930608333,-1.1733848831696392,26.217096594467616
61.4,2.0323693010892705,-1.115078032274145,25.502354213739444
61.410000000000004,1.735627864053134,-1.0508347600995014,24.81110849464514
61.42,1.4734940792573648,-0.9842149955529257,24.142066044800004
61.43,1.2423175629745289,-0.9180161027311153,23.493879321441902
61.44,1.0393228901338887,-0.8541788487798595,22.865579901834934
61.45,0.8618279958795081,-0.7943932167302015,22.256205435293403
61.46,0.7062646036676679,-0.7392383578715346,21.664558348243155
61.47,0.5706058959614482,-0.6896457239708593,21.08988738761825
61.480000000000004,0.45257729281959375,-0.6462565459817283,20.531457498256493
61.49,0.34933873256765025,-0.6087302789741212,19.98856830085853
61.5,0.2593432527397732,-0.5773934902757294,19.460686690127325
61.51,0.1808237798826893,-0.552376951906864,18.947315895744605
61.52,0.11171539654112111,-0.5332166655520558,18.44797804348335
61.53,0.050928250057410585,-0.5199298672485898,17.962091736569427
61.54,-0.003071970259725401,-0.5122702447300296,17.48923075841655
61.550000000000004,-0.051390429889038546,-0.5101387150539719,17.02915575611337
61.56,-0.09519117198352774,-0.5132259418127305,16.581429650275503
61.57,-0.13546021106358028,-0.5214700305524472,16.145733300029782
61.58,-0.1728541963022398,-0.5348495626839588,15.721691161762505
61.59,-0.20821961717910337,-0.5531742539937781,15.309023341901195
61.6,-0.24223074724505067,-0.5764963369374024,14.907438817693237
61.61,-0.2754658309779838,-0.6049603262677131,14.516640435145316
61.620000000000005,-0.30856296677540196,-0.6385723906947858,14.136375736983046
61.63,-0.3419165422314767,-0.6775781489292287,13.766475907305503
61.64,-0.37593824953397365,-0.7222091478048296,13.40675060191894
61.65,-0.41129259266014356,-0.7725806973555104,13.056876413406407
61.660000000000004,-0.44844038799159935,-0.82923984588189,12.716678946759592
61.67,-0.4877971697175519,-0.8927961370229611,12.386012793728941
61.68,-0.5297905820036996,-0.9637004075144179,12.064730163798757
61.690000000000005,-0.5749081070108735,-1.042235350174095,11.752711601260435
61.7,-0.6236399036143765,-1.1293186284016188,11.449880744679056
61.71,-0.6764747126371582,-1.2259086992747896,11.156162957430446
61.72,-0.7339103501843468,-1.3327284848638312,10.871479335726837
61.730000000000004,-0.7965421115414064,-1.4505344511473617,10.5958642742691
61.74,-0.8650188994813964,-1.5806927590339441,10.329451177900689
61.75,-0.9399900045205318,-1.724581256717428,10.072374619363202
61.76,-1.0221651100759326,-1.8833002632042375,9.824728761518237
61.77,-1.1124308957982019,-2.0583121496850874,9.58683886458714
61.78,-1.2116979855857837,-2.2516198407724723,9.359207628887924
61.79,-1.3208761068816657,-2.465220576123352,9.142336075006321
61.800000000000004,-1.4408764227900313,-2.700620427481497,8.936686348884571
61.81,-1.572960315842074,-2.960170973949488,8.743310999872147
61.82,-1.718519535659763,-3.2468173154317306,8.563505626103671
61.83,-1.878937380867021,-3.5634544528163294,8.398542801229071
61.84,-2.0556010073828546,-3.9123281575328193,8.249684336291986
61.85,-2.250372952037292,-4.296896064588907,8.119436364701981
61.86,-2.4652295054392925,-4.721068027323829,8.010607908052501
61.870000000000005,-2.7021029331148334,-5.1885267460943645,7.925882863465482
61.88,-2.9629644906341612,-5.702226181560198,7.86855647668038
61.89,-3.250360550165233,-6.266685215381963,7.844313432185078
61.9,-3.5669008672068347,-6.886655083250462,7.8590695198591645
61.910000000000004,-3.9151688572677883,-7.566277555864811,7.918444903317721
61.92,-4.297868369910851,-8.308203067868568,8.030418321358704
61.93,-4.717901155636028,-9.115798918191736,8.206098684920999
61.940000000000005,-5.178177950831137,-9.9924769708134,8.456663091968629
61.95,-5.681804142019024,-10.940266823402988,8.794008745609604
61.96,-6.231000279677988,-11.956364048948497,9.234811244264561
61.97,-6.827547243581355,-13.036933458286057,9.79712742823028
61.980000000000004,-7.47358389685053,-14.17805378448545,10.499789285984159
61.99,-8.169977904640792,-15.367372801986795,11.3648554072984
62.0,-8.914112038282898,-16.58345567095592,12.413627889784069
62.01,-9.703605439478762,-17.804513742611817,13.66851948888342
62.02,-10.53514816519149,-18.998750129831066,15.154028379689152
62.03,-11.397023425282882,-20.117942965526645,16.877715461612322
62.04,-12.27664796263057,-21.111840486198016,18.845772449600606
62.050000000000004,-13.15981508365411,-21.91883229863395,21.061940393832817
62.06,-14.02316976631341,-22.473354569811498,23.493047454692505
62.07,-14.841591934274536,-22.703166618425005,26.104219576676186
62.08,-15.585708254862777,-22.547591566998886,28.83034221892347
62.09,-16.223328164533115,-21.96817014151405,31.575027893168578
62.1,-16.71953347900323,-20.922600747815046,34.241567711619815
62.11,-17.049253852302705,-19.442489201551886,36.714834285282436
62.120000000000005,-17.185841361375275,-17.56575192803908,38.877617145973154
62.13,-17.114065504191476,-15.367176110874809,40.64420571513703
62.14,-16.829166393983794,-12.957436798088445,41.94450861312962
62.15,-16.334710412879513,-10.447330839615415,42.75051824409759
62.160000000000004,-15.651786792919165,-7.962701387286067,43.07514887246348
62.17,-14.801820146539981,-5.6018902623627,42.954993421096994
62.18,-13.819420161568393,-3.4487716783440128,42.46022316407242
62.190000000000005,-12.737589454222205,-1.5539202053170804,41.666171998507444
62.2,-11.593299613609478,0.055583126445152065,40.65752016377457
62.21,-10.418592851156083,1.3791556727115641,39.50763035813002
62.22,-9.243633367989535,2.430843230907356,38.28233407968002
62.230000000000004,-8.09204774631848,3.239828776391857,37.0317706043019
62.24,-6.9836868198411945,3.838298555452204,35.793739047481836
62.25,-5.932618691151086,4.262548803135108,34.593861033749675
62.26,-4.948147900937745,4.545949257465403,33.44720821460888
62.27,-4.0359367003638,4.72032717175591,32.362158002280474
62.28,-3.1979524124940326,4.8120382587808175,31.340732105941125
62.29,-2.433836516591016,4.844945949636648,30.382119314445827
62.300000000000004,-1.7413293101807317,4.837143544060876,29.483030977947713
62.31,-1.1165678487224762,4.804594811461191,28.63935775155027
62.32,-0.5547521013797493,4.759238632346009,27.846175942935727
62.33,-0.051174249813875354,4.710464941639823,27.09935235187034
62.34,0.40023291878399614,4.666179422162319,26.39419984281041
62.35,0.8050673691391792,4.631481115733411,25.72711421212832
62.36,1.1683150771663404,4.6110313920019514,25.09512894828882
62.370000000000005,1.4961147189917021,4.607779546841241,24.495291735756005
62.38,1.7931440285521845,4.624119024987086,23.925641016404708
62.39,2.0650852889569986,4.661527718413825,23.384183125033424
62.4,2.315909363516828,4.721158316989925,22.870011982563234
62.410000000000004,2.5490402392102256,4.804234220918548,22.382475850083427
62.42,2.770021360611985,4.910703359731693,21.92057662339657
62.43,2.981712853809691,5.041224920562203,21.48451808313315
62.440000000000005,3.1861851333910756,5.196771664275451,21.074769653822614
62.45,3.3869344035782456,5.377506157690281,20.69145181087918
62.46,3.5885378763214053,5.582634469705149,20.33486902437267
62.47,3.79218174030373,5.812996060153434,20.006540426952327
62.480000000000004,3.998944883165894,6.069486680357717,19.708017548402758
62.49,4.2101734672685485,6.3528835128594485,19.440781206044058
62.5,4.431010830825558,6.661996653722043,19.205683571694166
62.51,4.663260449103622,6.996475265774784,19.005315370187596
62.52,4.90715521314508,7.356582153117828,18.842793421831722
62.53,5.162928013991753,7.742580119850556,18.72123454693425
62.54,5.430811742685971,8.154731970073108,18.643755565802532
62.550000000000004,5.711687404254927,8.593111721860748,18.613513027685315
62.56,6.009876716348295,9.055447932374003,18.634267124517844
62.57,6.325483231807644,9.53847241765134,18.71017014087176
62.58,6.657716013421097,10.039000001239845,18.845371439432462
62.59,7.005784123977026,10.553845506686981,19.04402038288551
62.6,7.36917208854581,11.079798149891285,19.31050996525839
62.61,7.749330763616866,11.611618223655249,19.650838461869593
62.620000000000005,8.144224846090461,12.140737224821947,20.06765602208191
62.63,8.550889667782116,12.658285898850416,20.56276275711089
62.64,8.96639586594384,13.155374466742897,21.138050105451537
62.65,9.388918162066235,13.621141131869592,21.798144958125675
62.660000000000004,9.813855399835882,14.042412271699106,22.54013781694926
62.67,10.235232217439547,14.40610704447105,23.35750041992075
62.68,10.647145750302345,14.698609683003227,24.244355768156243
62.690000000000005,11.043763027962026,14.9024478546402,25.197105124796646
62.7,11.417421851365084,15.007009535483215,26.198995850834137
62.71,11.76011464511928,15.003523490585152,27.230522245791587
62.72,12.063303831722603,14.88077327255349,28.273093823790447
62.730000000000004,12.317810585027548,14.626471652521408,29.308627417461494
62.74,12.518035536345195,14.24735009840128,30.312062734906764
62.75,12.658732323821202,13.751900252203788,31.257688095727307
62.76,12.732753705464825,13.145001076932083,32.12016914294527
62.77,12.734989644573526,12.436485718746841,32.88083821666328
62.78,12.666964615884364,11.649665502821746,33.525388233141825
62.79,12.528534420602899,10.806384561038277,34.03810103547668
62.800000000000004,12.318615951945036,9.925437464519009,34.40843305345358
62.81,12.044824989195229,9.031573575745544,34.639470263929745
62.82,11.714459464681962,8.149598855059553,34.733916561993965
62.83,11.331885248930812,7.298455386900053,34.69424080012153
62.84,10.906994572255977,6.492766462148973,34.53461925759842
62.85,10.450052799465004,5.747348964426981,34.26953127783278
62.86,9.968987916642961,5.073132439601723,33.91004903936707
62.870000000000005,9.47289261775923,4.472870489385922,33.472599861733514
62.88,8.971134478706784,3.9489824652420022,32.973961589830346
62.89,8.471976380964627,3.5034103173482887,32.42613202692324
62.9,7.981305354334762,3.1317433314405214,31.840548616273253
62.910000000000004,7.5047625066676575,2.828612033791987,31.229138707747964
62.92,7.048183682308078,2.589481388949368,30.601766517308423
62.93,6.615256433556097,2.4088693538235493,29.964616323891867
62.940000000000005,6.208507748527668,2.2801376811648284,29.323941472826778
62.95,5.830618994676429,2.1971946998103618,28.685214967916473
62.96,5.482782085345647,2.1546495000926265,28.051718476271386
62.97,5.16553171952134,2.1470622392412344,27.426351813807297
62.980000000000004,4.879259682708331,2.1695688657355845,26.811564915251225
62.99,4.623588639586976,2.2184243706578908,26.208789464786253
63.0,4.397944149656796,2.290008088921433,25.619320972578922
63.01,4.201381804481587,2.381260242415476,25.044314645427097
63.02,4.032944334146495,2.49018551459596,24.4843225790425
63.03,3.8917849295496927,2.614906209959816,23.9397755506718
63.04,3.77650545366684,2.7538908075468367,23.411289398856752
63.050000000000004,3.685511629906762,2.9066224136377437,22.899543191327698
63.06,3.6182228311696925,3.0725898808821706,22.40487387077954
63.07,3.574072795907396,3.2512777387864586,21.927613544157794
63.08,3.5520249656252596,3.4424456354480983,21.468161329660695
63.09,3.5492362605662557,3.6474899878098523,21.027419543498528
63.1,3.565608969866169,3.867072668720665,20.60626864865932
63.11,3.601487386760623,4.101655414474659,20.205550891234754
63.120000000000005,3.6572158044852965,4.351699961365999,19.82610851731656
63.13,3.7331385162757424,4.617668045688314,19.468783772997273
63.14,3.829599815367625,4.900021403735755,19.134418904368612
63.15,3.9455127180405283,5.200579222029328,18.824142683477945
63.160000000000004,4.079521524815567,5.521737052681387,18.540227504742433
63.17,4.232132398302493,5.864315572775094,18.285220305076603
63.18,4.403857518933465,6.229130063821869,18.061667873755173
63.190000000000005,4.595209067140694,6.616995807333193,17.872117000052967
63.2,4.806699223355977,7.028728084819713,17.719114473245185
63.21,5.038857717359695,7.4651849072442005,17.605223109734602
63.22,5.292611446314871,7.928034537324669,17.534059344184552
63.230000000000004,5.568116246481053,8.416639886282033,17.5104213929015
63.24,5.865164933282694,8.929409869286935,17.53908489093332
63.25,6.183550322144824,9.464753401511052,17.624825473327817
63.26,6.523065228492287,10.021079398125718,17.77241877513283
63.27,6.883929917287041,10.596788699865579,17.9871694942108
63.28,7.267064374708084,11.18774328879899,18.276077324092256
63.29,7.670534523964579,11.786424732676222,18.64373660284093
63.300000000000004,8.09209983348541,12.385130668966532,19.094424630759356
63.31,8.529641673712135,12.976130860623071,19.632689238460454
63.32,8.98206294919796,13.549368781705008,20.265594498890636
63.33,9.444746030445026,14.090746108726455,20.992968742757984
63.34,9.912029995181403,14.5857604070281,21.81240151222875
63.35,10.378619670208879,15.018999574102931,22.7230235371509
63.36,10.839208988426874,15.371390028754616,23.723888172024473
63.370000000000005,11.284979760070293,15.627438331689433,24.79920546206818
63.38,11.706764636903824,15.772218599176215,25.931711607210786
63.39,12.095061990419586,15.786755281603392,27.106703264443723
63.4,12.440296939580808,15.656742132478456,28.304278069560944
63.410000000000004,12.733692972614703,15.381951922940766,29.49385004908389
63.42,12.96619449570029,14.961614984467111,30.644728845264346
63.43,13.126426864024458,14.389960030305275,31.72871420052205
63.440000000000005,13.210227494249155,13.68360924888809,32.71978935597159
63.45,13.215453077142113,12.865067422364891,33.591873458222764
63.46,13.13602881848826,11.95138865005305,34.318953769543064
63.47,12.972918180501518,10.968434350258482,34.8895969135105
63.480000000000004,12.731950851226417,9.948667429339357,35.297680487171434
63.49,12.41474970300957,8.919890400484157,35.535045204510645
63.5,12.030175123140564,7.907301610210563,35.61046942382141
63.51,11.589711433137827,6.936771573133747,35.53698643664327
63.52,11.101371402991155,6.029529341687482,35.324223023471426
63.53,10.576643332652939,5.197136770082306,34.99177189099865
63.54,10.027821855425543,4.4506819794900805,34.56026762280956
63.550000000000004,9.465066595764531,3.7974584122708643,34.04539682669769
63.56,8.897741153123635,3.235231057970256,33.46540939045271
63.57,8.335288170842018,2.761313325591484,32.83866567289458
63.58,7.786117059648614,2.3729319080775833,32.17826322343579
63.59,7.255757886253346,2.0626467343438595,31.495239497212925
63.6,6.7496026586871185,1.8226615018026624,30.800430299230538
63.61,6.2720769769313485,1.6458810915786966,30.101109582232286
63.620000000000005,5.825633031516766,1.524079265182794,29.40329811107262
63.63,5.4125275573903515,1.4497704490653534,28.711944590957472
63.64,5.033566676096121,1.41614181170842,28.03002503167079
63.65,4.689154933569125,1.4166829980195328,27.360191532350076
63.660000000000004,4.378956445587043,1.4462245854991396,26.704105428812234
63.67,4.1022288692519995,1.499903371808284,26.062927108162103
63.68,3.857869840294943,1.5739991869010364,25.437394487559153
63.690000000000005,3.644691032725709,1.6653887504618463,24.827897542328014
63.7,3.4611737097432322,1.7712807603798202,24.23480633486234
63.71,3.3055247795655203,1.8901433599512447,23.658255167802764
63.72,3.1766238619704517,2.020524906328657,23.098224750008782
63.730000000000004,3.0729760943569704,2.1612305494219655,22.554773578039082
63.74,2.9923723990819635,2.312276941996959,22.028197606121108
63.75,2.9340730123465595,2.473522938625101,21.518600385663373
63.76,2.897457126865704,2.6447787458879852,21.026065341107902
63.77,2.8816383611756375,2.825999767013917,20.550687241123054
63.78,2.8834263283901245,3.01886919296391,20.092850547809526
63.79,2.9024206183538435,3.2244819640493536,19.653203448346094
63.800000000000004,2.9390943208737945,3.4435565132781143,19.232398110295286
63.81,2.993920525756894,3.676811273657589,18.831086701220514
63.82,3.0673723228101295,3.924964678195633,18.449921388684288
63.83,3.159922801840469,4.188735159899954,18.089554340249418
63.84,3.271055191785544,4.469612895830616,17.75073149535209
63.85,3.398950667940056,4.770603359949868,17.435101440106084
63.86,3.5442061042753275,5.093297207236151,17.144814019582157
63.870000000000005,3.7075297051886276,5.439208414789687,16.882024301705705
63.88,3.8896296750768724,5.809850959709953,16.64888735440269
63.89,4.091214219840165,6.206738825996963,16.44755824007403
63.9,4.313089694722765,6.631731134413819,16.280216581526034
63.910000000000004,4.556007850374597,7.086017472241089,16.15077284606224
63.92,4.820597424055541,7.570118713393349,16.0639694154184
63.93,5.107487153025994,8.084555731786132,16.02454867132997
63.940000000000005,5.417305774546414,8.629849401335058,16.03725299553255
63.95,5.750769435514934,9.20654883077696,16.10687787481052
63.96,6.109750145908232,9.814294450919206,16.23973613814706
63.97,6.494188890520018,10.449060974126466,16.442901478922018
63.980000000000004,6.903286347714878,11.106167322967261,16.72326272920403
63.99,7.336243195856515,11.780932420008705,17.087708721061112
64.0,7.792852616952906,12.46849611678511,17.54408298350042
64.01,8.272813400470362,13.159511811426437,18.101068950948605
64.02,8.772267176272075,13.840536559877208,18.762754657899894
64.03,9.287127322771834,14.498001207526933,19.532903245633964
64.04,9.814142106933646,15.116838872645452,20.417790290879367
64.05,10.347973860007054,15.676776810552148,21.418281253222062
64.06,10.879978528861704,16.156959250233058,22.525922955895815
64.07000000000001,11.401635219765948,16.535387029710403,23.733507331043487
64.08,11.904069609854002,16.785423793469068,25.03397505845605
64.09,12.375508150832419,16.889717486544413,26.400890290886956
64.1,12.803811301969041,16.832454594114385,27.80528996650441
64.11,13.175321155212696,16.589754048240824,29.221246023664136
64.12,13.478795256175477,16.158430930320673,30.613125495485313
64.13,13.704827756240004,15.548089555318262,31.93974434768539
64.14,13.841893755176793,14.763841345739595,33.160405603666135
64.15,13.8812983903659,13.82017977791049,34.2426403878561
64.16,13.822943498466845,12.752681210122732,35.15950183393793
64.17,13.662637780226053,11.592298577797147,35.88195489649849
64.18,13.402408668695307,10.373632083609444,36.39945018534937
64.19,13.052831802235103,9.13944222606182,36.71411953848546
64.2,12.619519611439596,7.927013920974172,36.82492774098923
64.21000000000001,12.113928577324913,6.764630845982941,36.74812884515306
64.22,11.55120166475737,5.680266821558227,36.50612727221449
64.23,10.943265180949904,4.694629628785631,36.117858122021055
64.24,10.304565853719453,3.8161028436954134,35.6108235865915
64.25,9.64978012027571,3.053489437066877,35.01100495565288
64.26,8.99064745776332,2.4070495339688778,34.33877473117251
64.27,8.337384839875343,1.8690724005742274,33.61551388826911
64.28,7.700125145036737,1.4324120632661617,32.86106099937731
64.29,7.0866533054566725,1.0891135120602458,32.08788322332566
64.3,6.502796325283979,0.8281581484931382,31.307417170063072
64.31,5.953190405590492,0.6390457687427491,30.52841228456145
64.32000000000001,5.4409708093347255,0.5110580594960281,29.757320153122166
64.33,4.967828914403935,0.4345485941118711,28.99838596232085
64.34,4.534483942817608,0.40047909466057324,28.254740063588052
64.35,4.140816346222963,0.4009591554377565,27.5282750620632
64.36,3.786043093275076,0.4293614858067655,26.820063753325268
64.37,3.4688922854019855,0.47997331860594067,26.130464228210332
64.38,3.18755663557538,0.5481150112869267,25.45963495216155
64.39,2.94009979790182,0.629933074777931,24.807404276349942
64.4,2.724621320175684,0.7225001582502213,24.173421683004907
64.41,2.538661246732534,0.8235461325875595,23.557281407926933
64.42,2.380427012826635,0.9313765808819668,22.958593126749154
64.43,2.247509517644474,1.0448029763301614,22.376985228510588
64.44,2.1380446107055904,1.1633564748729803,21.812054389037154
64.45,2.050855669258925,1.2865499780883332,21.263376984980464
64.46000000000001,1.9836594791960047,1.414436043705589,20.730644731919423
64.47,1.9342300345921655,1.547742165340808,20.21374687467705
64.48,1.9021896641555884,1.6867434777322934,19.71251001473537
64.49,1.8871720023808967,1.8317110854766079,19.226760004677725
64.5,1.8886572200516938,1.9829989286877405,18.75632611879747
64.51,1.9040834001112212,2.142378196053934,18.301212103017065
64.52,1.932895064079474,2.311246130706432,17.86166722836178
64.53,1.9754104840306987,2.4906187943310414,17.437958308213307
64.54,2.0319479320390292,2.681512248612856,17.030352155955228
64.55,2.102825340127316,2.8849427008855937,16.63911551712654
64.56,2.1872320100352702,3.1025873051372077,16.26442527626881
64.57000000000001,2.2847245388849706,3.336652289111213,15.90705474644391
64.58,2.3960543368833407,3.5889979329771333,15.568141994838472
64.59,2.5219728142377873,3.8614845169055774,15.248825088637691
64.6,2.6632313811550414,4.15597232106566,14.950242095028633
64.61,2.8204088987150526,4.474276885167965,14.673402343232175
64.62,2.9940343836626795,4.8184191867976205,14.419927011876126
64.63,3.185282788234761,5.190800861928238,14.192552823163291
64.64,3.395357613817092,5.593836178589482,13.994053343351556
64.65,3.6254623617946655,6.029939404809446,13.827202138699795
64.66,3.8769240047800158,6.501293476324179,13.694612437237392
64.67,4.151230653114387,7.009476273737241,13.60055821551408
64.68,4.449721976476178,7.556122387116825,13.55087195461999
64.69,4.773734761507704,8.14287006525792,13.551400630331182
64.7,5.124609202910945,8.771360277327345,13.607990322279154
64.71000000000001,5.504600717302115,9.44314755591536,13.726912524270139
64.72,5.914933998546102,10.15604613559719,13.917088389166247
64.73,6.3557382341016915,10.906346763724965,14.188256278791423
64.74,6.827142611425246,11.690340187646658,14.550154554968278
64.75,7.329340572296461,12.50432033126789,15.0126229017942
64.76,7.8634700877275785,13.3416974243354,15.588154023273695
64.77,8.42714215182599,14.187876139646226,16.286788559081852
64.78,9.016658933442411,15.026946688598933,17.116999522456496
64.79,9.628801773198218,15.84250689855994,18.08864253639183
64.8,10.259439685490737,16.611142819246755,19.210830071205827
64.81,10.899181020789376,17.30425799256965,20.480011881220594
64.82000000000001,11.538430874051294,17.892338318464176,21.892818370894773
64.83,12.167321056901699,18.339548543602604,23.446644456199003
64.84,12.770671347712739,18.615326108492333,25.113000458436247
64.85,13.332417511713416,18.690089008059424,26.85950395183023
64.86,13.835287684014476,18.526497736609127,28.65652165015702
64.87,14.262877246592403,18.114635460285104,30.452447625360854
64.88,14.599019354928394,17.45294213005511,32.18920656005586
64.89,14.824457783234292,16.533652332403722,33.81177313674738
64.9,14.930315195200082,15.388548526793723,35.26933048873808
64.91,14.909357330875972,14.057798418301442,36.51062215728283
64.92,14.753680226431767,12.579739116943125,37.49632614311955
64.93,14.469948255264873,11.015291576653771,38.21089273762952
64.94,14.060882600136884,9.421434206558756,38.6387122045959
64.95,13.540209869366475,7.850777568201536,38.794047149537
64.96000000000001,12.924815428217844,6.355828832785267,38.698223621319904
64.97,12.230057180419799,4.9726035031989575,38.37837791014731
64.98,11.47760603069195,3.727407473819824,37.8754474500421
64.99,10.685974494241066,2.639114782813887,37.22403715900663
65.0,9.873586827601617,1.7082473085508982,36.462372889029865
65.01,9.05814464428077,0.933492731049852,35.62547343700788
65.02,8.253594632772815,0.30533316749479655,34.74001373690147
65.03,7.472297200694745,-0.18975445330686266,33.82980327439069
65.04,6.7240448686184715,-0.5675218426249576,32.91270291380304
65.05,6.016079395312161,-0.8445920511554761,32.00195247862371
65.06,5.353341709187869,-1.037432682218283,31.106830616387388
65.07000000000001,4.738795120108376,-1.1613188710154583,30.23334022854244
65.08,4.173681029288217,-1.2301550553725795,29.38514297219465
65.09,3.6578735092362713,-1.2560285545930299,28.563759314526834
65.1,3.190270802685461,-1.2494831182120951,27.769821493832364
65.11,2.7690884768752895,-1.2190562587356746,27.002783759483243
65.12,2.3916087969892406,-1.172046681350815,26.261744869755745
65.13,2.0551715201588188,-1.1141610423200246,25.54564700243963
65.14,1.7563649844391436,-1.0501429913745022,24.85305759900242
65.15,1.4922998937809384,-0.983489848232031,24.18271407898578
65.16,1.2595108677741316,-0.917022425059874,23.533358443005564
65.17,1.055002469755375,-0.8527238352303455,22.903932614188168
65.18,0.8762156509896768,-0.7924809314095764,22.29345202364801
65.19,0.7195444121670748,-0.7369422017184933,21.700758863038853
65.2,0.5828461507290219,-0.6868091641206991,21.12507856430533
65.21000000000001,0.46402125855328324,-0.6427585844696994,20.56570149147345
65.22,0.3600628740555368,-0.6046234669605259,20.021939461016856
65.23,0.2693668337096131,-0.5726074338029163,19.493238654486685
65.24,0.19037042628151635,-0.5468844026814021,18.979037175108044
65.25,0.12099017907866123,-0.5270536802235651,18.478763687948604
65.26,0.05994527344403327,-0.5130931507232115,17.992050641717945
65.27,0.0057959406172523945,-0.5047246226560531,17.51842572074437
65.28,-0.04258085834213353,-0.501670200673171,17.057537369189877
65.29,-0.08631712370074433,-0.5039364776354639,16.608952818241026
65.3,-0.12637935947923246,-0.5113130888956924,16.1723783122263
65.31,-0.16360353152343757,-0.5236191369208537,15.747545464404435
65.32000000000001,-0.19868340734229972,-0.5407928192797573,15.334122036889108
65.33,-0.2323043700183692,-0.5629404472846066,14.93173802331303
65.34,-0.26506108636636655,-0.5901661892845944,14.54022955054397
65.35,-0.2975752352213626,-0.6223887117058782,14.159230431904408
65.36,-0.3303035017926025,-0.6598722202042072,13.788565860582548
65.37,-0.3637055127148141,-0.702903300065418,13.428079744968915
65.38,-0.3983809573507426,-0.7515977750729502,13.077449180940418
65.39,-0.43474028345243176,-0.8064517115625732,12.736501133393169
65.4,-0.47315760632403514,-0.8680247238810358,12.405096115492558
65.41,-0.5140713448332337,-0.9366631136104429,12.083060498641297
65.42,-0.5580023640979817,-1.0127982421016302,11.77024285605509
65.43,-0.6054176433255039,-1.0972711004722404,11.466562853773564
65.44,-0.6567836465728336,-1.190925200786705,11.171940580775235
65.45,-0.7125833698129438,-1.2944233186643161,10.886263563867551
65.46000000000001,-0.7734160147200996,-1.4087213597779193,10.609571440391568
65.47,-0.8399226867699712,-1.5351093781991034,10.342014364642974
65.48,-0.9127441954030101,-1.6748754901615641,10.083741783118938
65.49,-0.9925108919369688,-1.8289746685339663,9.834796563695255
65.5,-1.0800736679005292,-1.9988851307160267,9.595464988961
65.51,-1.176380923916137,-2.1865242459196894,9.366205015554678
65.52,-1.2823742435158478,-2.3937901309067144,9.14746790330124
65.53,-1.3988836890406295,-2.6222022000590033,8.939672549949027
65.54,-1.5271310374638698,-2.874213284141003,8.743831941182991
65.55,-1.6684892890131846,-3.15267521095195,8.5611416174102
65.56,-1.8243064552362058,-3.460306044620011,8.392757412797707
65.57000000000001,-1.995912661950068,-3.799124447595873,8.239960816057081
65.58,-2.185138469643488,-4.172712663200602,8.105113135799744
65.59,-2.3938983124324658,-4.584995533445679,7.990736103565388
65.6,-2.6240055947640943,-5.039469181259651,7.899223186722654
65.61,-2.8773861275282413,-5.539083866005617,7.834040693365151
65.62,-3.1566221372369956,-6.088451666338468,7.800510108457767
65.63,-3.464331354470402,-6.6922971053997635,7.804032744217369
65.64,-3.8029821528671355,-7.354430634426697,7.849664901178481
65.65,-4.175244106258205,-8.077909267807645,7.945587789608837
65.66,-4.584097477499952,-8.866556060992401,8.10222202706038
65.67,-5.032533028415771,-9.724166078258321,8.329935287417653
65.68,-5.523484941086953,-10.652402470321224,8.640137847586256
65.69,-6.05928537463993,-11.649427083021905,9.049261368882833
65.7,-6.6421415256702385,-12.713077716636109,9.574652327240639
65.71000000000001,-7.274580754964579,-13.840624243688493,10.234593293446306
65.72,-7.957155383455152,-15.019771538342116,11.050520344627952
65.73,-8.68804396457829,-16.232111207282866,12.043982314391423
65.74,-9.466022217188943,-17.458960096832563,13.238354087084877
65.75,-10.287735680558635,-18.669275735315594,14.657126987441663
65.76,-11.142675345630831,-19.818179773351755,16.31077899828638
65.77,-12.02026114176183,-20.858913139328894,18.2107467656273
65.78,-12.906950198747584,-21.731558101324257,20.361741612379728
65.79,-13.78034095039109,-22.371144764931618,22.736518459518017
65.8,-14.617210611611068,-22.704018907412284,25.309867120399375
65.81,-15.388807320441906,-22.669139142667053,28.018422495236877
65.82000000000001,-16.062923569395362,-22.218709278145578,30.773913602339316
65.83,-16.605438373542526,-21.305422923247292,33.48530030280349
65.84,-16.989342564498518,-19.95070696251014,36.035152820667214
65.85,-17.18463811760534,-18.176507425034824,38.304823778065
65.86,-17.175323310326295,-16.05494910723863,40.202904531909766
65.87,-16.95285927459028,-13.688361538821582,41.64867296327259
65.88,-16.518601759449595,-11.186650699027387,42.60529091203183
65.89,-15.886671932646097,-8.675568755238316,43.06736481729843
65.9,-15.080054656244137,-6.259454502914492,43.07051279800602
65.91,-14.12979565560019,-4.03287003989399,42.674272581647436
65.92,-13.070012115852977,-2.0520093776867294,41.955676318796726
65.93,-11.937055592876536,-0.35590073785377463,40.99709970211691
65.94,-10.764273103603694,1.05300188501626,39.87622535502259
65.95,-9.583496332761852,2.1830563085598365,38.663504135447766
65.96000000000001,-8.419692900019738,3.060608401485701,37.412290547144366
65.97,-7.2944016924672255,3.716872392140632,36.164740981223225
65.98,-6.222909373608088,4.188299830311296,34.94958599156704
65.99,-5.216089921998546,4.5088524055219965,33.78458592530599
66.0,-4.280402477288272,4.7115859036552425,32.67988771440504
66.01,-3.41893532168611,4.824065478159085,31.63904154053882
66.02,-2.631931805775177,4.871434075367252,30.662105620934415
66.03,-1.9175926553688134,4.873122731410375,29.746068040770993
66.04,-1.2723647783630492,4.8460079819819555,28.887010469728157
66.05,-0.6917391993862367,4.802937275212272,28.08001516461739
66.06,-0.17099924178264664,4.753966440336266,27.320846389010466
66.07000000000001,0.2957481035781664,4.707605847877022,26.604842688101943
66.08,0.7140526874979486,4.6695556138908865,25.928150383021148
66.09,1.089362097314992,4.644781921835068,25.28734275874997
66.1,1.4275527875576628,4.636459928276136,24.679550917704717
66.11,1.733714794610056,4.647293297060117,24.102515165172374
66.12,2.0133168135092236,4.678736823060477,23.554247553954916
66.13,2.2698737947133774,4.73244690016988,23.033821515600163
66.14,2.50850341142999,4.809174106926454,22.539976390013475
66.15,2.733657935748899,4.9092371746845505,22.072123093537133
66.16,2.947711575778518,5.033698369247432,21.630400602350868
66.17,3.1538170728562127,5.183182702555773,21.214776326935397
66.18,3.3571441254530683,5.356859501114872,20.825144987010102
66.19,3.5594154608205955,5.55541789519729,20.46264007681439
66.2,3.7619711606104973,5.7797413657125745,20.128503084840204
66.21000000000001,3.9665668886106915,6.030510681029659,19.823856690407254
66.22,4.178416034882422,6.306478997102548,19.549203127103365
66.23,4.39909401734314,6.6077075325173364,19.30679708026594
66.24,4.62904720045699,6.934760416841413,19.09928904611415
66.25,4.868721948689392,7.288201779643955,18.929329520865878
66.26,5.118564626504796,7.668595750492765,18.79956900073992
66.27,5.381858899758911,8.075573654619689,18.712517221072194
66.28,5.6617882667467025,8.50701361335866,18.671554396329608
66.29,5.95789902557331,8.96098638697622,18.680727280081676
66.3,6.269732273641876,9.435563696909938,18.744083246676034
66.31,6.596829108356884,9.928817264599422,18.865669670460623
66.32000000000001,6.938970412532359,10.438769927006351,19.049669719183196
66.33,7.298508966435711,10.96124345357196,19.30165963433273
66.34,7.674365967919501,11.489112370454366,19.62513436818339
66.35,8.064246515801624,12.01505571956567,20.022883409315366
66.36,8.465855708902149,12.531752542820946,20.497696246310902
66.37,8.877960934841383,13.030902006650328,21.054534896986556
66.38,9.29774739045626,13.50075356567771,21.6946567241662
66.39,9.719998422636957,13.928884727253061,22.41413120191634
66.4,10.139497428996453,14.302857041782135,23.209045509603282
66.41,10.551704333857938,14.606983758698599,24.07930239798017
66.42,10.950084796629183,14.827585639103166,25.01491284639249
66.43,11.326845982680313,14.9539498573248,25.99934109251649
66.44,11.67415244089298,14.975063604034236,27.01621401031815
66.45,11.983190574317833,14.874014770862455,28.05209512974164
66.46000000000001,12.24682419679829,14.648370891453627,29.084988755678427
66.47,12.458735260342849,14.301892351364335,30.089426604891525
66.48,12.611962574852642,13.83695484553162,31.039995502100965
66.49,12.697927028873142,13.253671285787847,31.914295611098698
66.5,12.715422831469757,12.570067855780163,32.694096115031655
66.51,12.664250281541245,11.806686440213273,33.361299505929495
66.52,12.539841057498931,10.979074388126811,33.89640207603123
66.53,12.345312774096953,10.109364867897398,34.29462058691041
66.54,12.087712480044344,9.22352101182669,34.556122056635274
66.55,11.77134163288392,8.345252501431117,34.678568220284326
66.56,11.401449939028298,7.491850798714862,34.66695484794307
66.57000000000001,10.9884443718723,6.680216099601429,34.53514009891558
66.58,10.541271187829528,5.926978445409168,34.294305625690875
66.59,10.067781983503531,5.241088034933755,33.9564915542848
66.6,9.577611964512986,4.627010172509762,33.53882873561194
66.61,9.080342463532618,4.090047680325743,33.056700724692114
66.62,8.583569256184477,3.631100187821848,32.52156087328676
66.63,8.093507773538722,3.2455286851943304,31.946195563219085
66.64,7.616370997222735,2.928643444726391,31.343409010054522
66.65,7.158211100189837,2.676804206447233,30.72278021320493
66.66,6.722561516805066,2.4844484302255583,30.090645089220246
66.67,6.312213562370826,2.344931101145436,29.453682922850355
66.68,5.930248914663729,2.252462213412622,28.817423216061165
66.69,5.577902896085774,2.2015624418608177,28.185332898038013
66.7,5.255720898887421,2.1865193939404732,27.5606868127096
66.71000000000001,4.96434170456671,2.202582488015328,26.946078884158254
66.72,4.703519082968501,2.245937479483286,26.3429797417482
66.73,4.472699419317889,2.312720382288647,25.7527778459525
66.74,4.271110576633294,2.399986596538899,25.176715564186612
66.75,4.097816041111976,2.5055680283396127,24.61545688149984
66.76,3.9518946841082965,2.6272527865062183,24.06956059481697
66.77,3.8319353907368314,2.763512856823539,23.539642856126203
66.78,3.7366355941722373,2.9139050027798548,23.02624906675553
66.79,3.665335913178673,3.077763050085164,22.529817659576043
66.8,3.617377474508337,3.254420402125535,22.050786994536605
66.81,3.5910827737949265,3.443907536317533,21.589661157760112
66.82000000000001,3.584494405147936,3.647367806589084,21.14719846282794
66.83,3.5977757367735133,3.8651857869663973,20.72419789675315
66.84,3.631126634295523,4.097727382973217,20.321457708417476
66.85,3.684746963337696,4.3453585001320025,19.939776146705018
66.86,3.7588365895240106,4.608445043966584,19.579951460497636
66.87,3.852765439773348,4.888093261339586,19.24286855501972
66.88,3.964638478779859,5.186916296679025,18.930265013451123
66.89,4.0948414343870425,5.5058723142721595,18.644362901468128
66.9,4.243890390350552,5.845813272014524,18.387389858485538
66.91,4.412301430425932,6.207591127801536,18.161573523917987
66.92,4.600590638369459,6.592057839530168,17.96914153717918
66.93,4.809274097936707,7.000065365095866,17.81232153768379
66.94,5.038935792124931,7.433282366295535,17.693949688243354
66.95,5.2898277481065765,7.8923249276237675,17.618426829790657
66.96000000000001,5.561917280117306,8.376093316269696,17.59024047446409
66.97,5.8551712424634195,8.883484400155922,17.61387730553888
66.98,6.169556489452484,9.413395047207231,17.693824006290406
66.99,6.505041465938249,9.964722808394967,17.834569170304416
67.0,6.862639003854816,10.535926967562293,18.04225715390689
67.01,7.2419414096329175,11.121548131067055,18.322823921351027
67.02,7.641048424294368,11.714715326954071,18.68076163562872
67.03,8.0580597888627,12.308557583270705,19.120562459733428
67.04,8.491612832088636,12.895964594597324,19.64792156324161
67.05,8.940107967238715,13.466116622318475,20.26866180466545
67.06,9.398574033040664,14.005341946763222,20.981811824411565
67.07000000000001,9.861830000392514,14.499899492213416,21.785958695348395
67.08,10.325428248394545,14.934011461636883,22.682868714809526
67.09,10.783309403826888,15.289798810357466,23.6681776696889
67.1,11.226757544738922,15.552066553432638,24.726616548794063
67.11,11.6470273583681,15.705616469418864,25.84283822316997
67.12,12.034930749606643,15.729525264434713,27.005056710920915
67.13,12.381307575392668,15.613788015712533,28.190385097177817
67.14,12.677291672936002,15.356415024541604,29.3692305515685
67.15,12.913216114961157,14.953167438347279,30.51237113056161
67.16,13.07837648886796,14.399217274836172,31.593193485136194
67.17,13.169043097025122,13.712703994620675,32.58494502881825
67.18,13.182047821113386,12.913890250518259,33.46054297094389
67.19,13.110742700777617,12.017518208930946,34.194644850161005
67.2,12.95727178933388,11.050653303341004,34.77645830153248
67.21000000000001,12.726451288205466,10.044754219509667,35.19779216398802
67.22,12.419286558234143,9.026217590166635,35.45002594316348
67.23,12.045006177644781,8.02085780506545,35.54217744845786
67.24,11.614262626453419,7.055080325757422,35.48549574034168
67.25,11.134785061296895,6.149353122487648,35.28913000989996
67.26,10.618254252763453,5.315756315119113,34.97268223842898
67.27,10.076670167437552,4.566470198963701,34.55573678668668
67.28,9.51989209628618,3.9086225403957355,34.053769088172984
67.29,8.957511182215061,3.340427832985081,33.4853787302833
67.3,8.399176067220752,2.8600676639599585,32.868824250061245
67.31,7.853001416962077,2.4650160637344847,32.2168414663138
67.32000000000001,7.324692017913218,2.148021305086058,31.54083521789283
67.33,6.819949970592391,1.9017082290219556,30.851832563670104
67.34,6.343095172288397,1.7189572210303856,30.157243634428387
67.35,5.896556097966371,1.5916035608123134,29.463287916572888
67.36,5.482917306372189,1.5122718868213505,28.775031325980752
67.37,5.1030193561705355,1.4742767478192815,28.09556712085534
67.38,4.757279966547178,1.471137312121652,27.4277256574345
67.39,4.445627861084336,1.4976155990712223,26.77326784206424
67.4,4.1674098936574735,1.5488468698714706,26.1332908543204
67.41,3.9214142637363696,1.6208808424871444,25.508811998576565
67.42,3.7065439401176974,1.7108033668835707,24.90020875279791
67.43,3.521486660325422,1.8158365915669548,24.307796556612832
67.44,3.364285150321014,1.9341117552867944,23.731873267657004
67.45,3.233866643036813,2.0642992762380694,23.17249085568425
67.46000000000001,3.1290585253155605,2.2051459888450404,22.6296999865269
67.47,3.047349137669085,2.3564412345593886,22.103698503056396
67.48,2.987795547448845,2.5182248722923197,21.59467880716956
67.49,2.9499308318698954,2.690429399712396,21.102810845554107
67.5,2.9332880681470113,2.8729873144891274,20.62826456489489
67.51,2.9359773260459177,3.0666178794992414,20.17130070962518
67.52,2.955943764435606,3.272949778765718,19.732547198377816
67.53,2.9935362867801083,3.4928252259961576,19.312715050921284
67.54,3.049123701344913,3.727077803859345,18.91251505177537
67.55,3.1230748163954067,3.9765410950239835,18.532657985459732
67.56,3.2157584401973027,4.24204868215985,18.173854636492443
67.57000000000001,3.326612891068347,4.525177362885173,17.836846247924907
67.58,3.454378141056644,4.828545026911013,17.523239731224116
67.59,3.599715495906219,5.153625903524377,17.23526091614099
67.6,3.7633354583266416,5.501859884352021,16.975142667568857
67.61,3.9459485310283586,5.87468686102261,16.745117850399495
67.62,4.148265216721134,6.27354672516335,16.547419329525816
67.63,4.371073140056964,6.700197018033418,16.38426384494661
67.64,4.615185431290961,7.156268545614243,16.259185727789216
67.65,4.881133095694964,7.64200497943627,16.177063158677505
67.66,5.169434790418224,8.157593693898669,16.142807935706443
67.67,5.480609172611235,8.703222063402833,16.16133185697089
67.68,5.815174899423278,9.27907746234798,16.237546720565888
67.69,6.17454186355558,9.8851876919348,16.37728430158652
67.7,6.559505667455294,10.518101208255835,16.587858668975294
67.71000000000001,6.96903526933869,11.17241750306301,16.876040360027417
67.72,7.402090064188171,11.84273071276969,17.248594207705647
67.73,7.857864468312055,12.523631275634095,17.712672398367115
67.74,8.336436801632882,13.206768832152983,18.27745996406175
67.75,8.83408835391814,13.878297877496497,18.946977048187794
67.76,9.34633482165605,14.523832394606107,19.72409071864636
67.77,9.869188094442615,15.12828513256644,20.6132675818846
67.78,10.397937856375039,15.671886609452148,21.61717175739068
67.79,10.923918882142917,16.13372651226342,22.726338536775682
67.8,11.438250986675891,16.492575736342193,23.930990934318736
67.81,11.931891374066813,16.72176487004793,25.224536837574576
67.82000000000001,12.393418029676472,16.80386282559306,26.58182085785421
67.83,12.810873499073413,16.725019658973928,27.972408196693316
67.84,13.170905622978262,16.464906905042085,29.368168540583614
67.85,13.461580040914583,16.016080237293398,30.736182460374028
67.86,13.674381691255627,15.391165609974424,32.03625428793738
67.87,13.799612048182306,14.600354267400993,33.22814170055658
67.88,13.82732944509426,13.65476502744817,34.278534633552965
67.89,13.75784842797626,12.589268781664888,35.163479155001205
67.9,13.589557700521159,11.437934492862468,35.85748067580225
67.91,13.32239326769267,10.233132684663651,36.347304671137024
67.92,12.96724578143763,9.015528716687585,36.63745042670209
67.93,12.531672332405575,7.822849602005469,36.72954266387499
67.94,12.025623059038077,6.682330042577748,36.63731329925727
67.95,11.46438703738237,5.619485446276081,36.38437726237281
67.96000000000001,10.860118092674172,4.655433863404017,35.98980415332138
67.97,10.226546902089428,3.797738515506671,35.47941648000459
67.98,9.578030947794469,3.0527292810551345,34.879603282759746
67.99,8.926369405060104,2.4216961379188096,34.21032471362982
68.0,8.281362318007103,1.8974109913905557,33.49168017582012
68.01,7.652748557121569,1.4728708189738025,32.74236835448517
68.02,7.04806276066155,1.1395673360108414,31.97498586470875
68.03,6.473161032081196,0.886683970596012,31.200854657840825
68.04,5.932390160814875,0.7040766636046516,30.428189903858488
68.05,5.428605388052583,0.5812798874286842,29.663389835587292
68.06,4.963483180320508,0.5088419365188825,28.910616855420297
68.07000000000001,4.537797356629267,0.47806270205001344,28.17287146308476
68.08,4.151391469588367,0.4812740142746382,27.451945471568155
68.09,3.803337940888305,0.5119221124119753,26.748995729441596
68.1,3.492475731145574,0.5644892239338337,26.0644117898095
68.11,3.217091893213826,0.6344214778157791,25.39840993370509
68.12,2.9751670455498465,0.7180500977969944,24.750738393086312
68.13,2.7647226799251037,0.8126550105811331,24.12105879063308
68.14,2.583678940850199,0.9158351057267343,23.509059533284063
68.15,2.4298608508309796,1.026147533014367,22.91442612529257
68.16,2.301747024389847,1.1424177960573285,22.336711208288474
68.17,2.19660381915145,1.2641816736208813,21.775535053297997
68.18,2.1129246030237185,1.391289789370231,21.230646755773417
68.19,2.049833376172999,1.5234836711036281,20.70180964788393
68.2,2.005916385805226,1.6607916278046702,20.18880164413961
68.21000000000001,1.9780892273795176,1.8046502528447868,19.6915451276449
68.22,1.9660577369088919,1.9557300574049858,19.210025203401838
68.23,1.9699007031785467,2.1145446692248866,18.74422491579057
68.24,1.9896969149737034,2.2816077160432267,18.294127309193968
68.25,2.0254016468544145,2.457500444893389,17.85971951613648
68.26,2.0747896861713775,2.6442955479309096,17.441220460694193
68.27,2.1373793336159395,2.8438267982911456,17.03917502665487
68.28,2.2136578248196472,3.0574972236418305,16.65414948725666
68.29,2.304112395413792,3.2867098516498583,16.28671011573944
68.3,2.4092020612485543,3.532873473114556,15.937418504336835
68.31,2.528504572483415,3.79777689686534,15.606933313910917
68.32000000000001,2.6624266241050565,4.083594716230514,15.296725671711332
68.33,2.81194248696795,4.392478376607643,15.008473652810725
68.34,2.9780264319272165,4.726579323395626,14.743855332280518
68.35000000000001,3.161650436317919,5.088045220281475,14.5045436914592
68.36,3.3636354592196915,5.47869749045429,14.29220576008004
68.37,3.585080064507343,5.900567373862998,14.110182655408607
68.38,3.8272651271816915,6.355937612331592,13.962429863405733
68.39,4.091471522244875,6.8470909476865645,13.852902870031324
68.4,4.3790211386978575,7.376311036504817,13.785512349658264
68.41,4.691840157175363,7.945247498958334,13.764428394278148
68.42,5.031206002318081,8.554021238192684,13.796680602300428
68.43,5.398103858611555,9.202543221289933,13.88990678555361
68.44,5.793518910541176,9.89072441533192,14.051744755865851
68.45,6.218584512124309,10.618508039344448,14.289955170991991
68.46000000000001,6.675172493548762,11.383587437730434,14.61422768799007
68.47,7.162689731742113,12.178366203453162,15.034804607548567
68.48,7.679987321900342,12.994625818624671,15.56174116833362
68.49,8.226077063639194,13.824147884913799,16.2054135507474
68.5,8.8005834452254,14.654929785980269,16.978604812709143
68.51,9.398640902589648,15.46682199744801,17.887677050730158
68.52,10.014340871493843,16.238698965931558,18.93721430616875
68.53,10.642532863250906,16.94722714418183,20.134790039050962
68.54,11.27466575396785,17.56246399554192,21.478255157052384
68.55,11.89854155004217,18.054023061782555,22.95355046576803
68.56,12.502151861463773,18.38728772301399,24.550107119181117
68.57000000000001,13.071251853951498,18.52891443803959,26.244650718398354
68.58,13.589253865643945,18.457651224231636,27.99443366250636
68.59,14.03839108691608,18.14660328599422,29.758365722820013
68.60000000000001,14.401301784520452,17.57944069888038,31.490456595025314
68.61,14.665270627268669,16.771738413681128,33.13271843553665
68.62,14.815425212079036,15.735135903798401,34.62713454900915
68.63,14.840129076129772,14.492677905735517,35.92757299049662
68.64,14.739071981588511,13.09620095306899,36.997425924059044
68.65,14.50629789953165,11.590791652617487,37.79976124116591
68.66,14.149662186352195,10.032156457233054,38.329861893047976
68.67,13.681196556815543,8.480308723958556,38.59045563289008
68.68,13.110521766859348,6.981572906778497,38.59156807200767
68.69,12.4574186669879,5.576233218551537,38.36599624398442
68.7,11.738728539692666,4.299042321600044,37.942368279971504
68.71000000000001,10.973839084426402,3.1649739959617196,37.358995041014296
68.72,10.18270124013755,2.186919963776392,36.65413138660615
68.73,9.381284592152332,1.3643977597572625,35.85860326562603
68.74,8.584407272091063,0.6869563069124828,35.003914110392
68.75,7.80581437758924,0.14497398392807204,34.11582427735568
68.76,7.055610698904589,-0.27557749184492125,33.21290456803777
68.77,6.341960329663598,-0.5904123154404173,32.309995301536105
68.78,5.670742580199847,-0.8156058864448112,31.41787951763981
68.79,5.045701921476309,-0.9665557556334724,30.543852485673384
68.8,4.468822303436765,-1.0574027490514721,29.69253404164611
68.81,3.940514787158585,-1.1005833926942765,28.866424441862627
68.82000000000001,3.46028153395057,-1.1070639877565522,28.06645311355628
68.83,3.02654321903789,-1.0859623625461028,27.292723765460455
68.84,2.637027074473857,-1.0449596019783745,26.544728262866016
68.85000000000001,2.2890652467008232,-0.9902526740525612,25.821546637256716
68.86,1.9797447237405446,-0.9268221667278538,25.121907286540925
68.87,1.7062448525331286,-0.8588015432830189,24.444637231742195
68.88,1.4651753363075113,-0.7891574527228759,23.788433098380647
68.89,1.2537944044654241,-0.7200831120414637,23.152280757625213
68.9,1.068838631726288,-0.6534241143997048,22.535147046230033
68.91,0.9074510273851163,-0.5902064249992351,21.936064615571013
68.92,0.7676224768855481,-0.5313861147769743,21.35418096391534
68.93,0.6460998277767623,-0.4772287580897259,20.78869845746794
68.94,0.5408520233518892,-0.42795004740835296,20.238993945977732
68.95,0.450529967051577,-0.3839500604958368,19.704472351012488
68.96000000000001,0.37260303842251846,-0.3449543968746016,19.184447181972054
68.97,0.305349545626752,-0.310670583883891,18.67844743195976
68.98,0.2478592615004835,-0.28110810662966157,18.186116262130152
68.99,0.19858018793484852,-0.25592890916124494,17.706956939852944
69.0,0.1559539660707858,-0.23461769859636142,17.24049515414231
69.01,0.1193768815457117,-0.2170700394208821,16.786479225226035
69.02,0.08799996263317382,-0.20303386979820542,16.344573912990683
69.03,0.06072419359384741,-0.19209158014674985,15.914321227813213
69.04,0.036970240393197074,-0.18412306664776912,15.495418923755222
69.05,0.01608622964488583,-0.1788864060755715,15.087618676262258
69.06,-0.0022945442651035146,-0.17619252825320844,14.690543697201358
69.07000000000001,-0.01884910505521742,-0.17578316091665105,14.303966352813859
69.08,-0.033865013637293245,-0.17765582608434308,13.92766205086023
69.09,-0.04772591306349137,-0.18166780093918602,13.5612562036692
69.10000000000001,-0.06078911590588708,-0.1876931123029464,13.204521182998048
69.11,-0.07324203100666546,-0.19575122959480665,12.857207725509593
69.12,-0.08534145366707611,-0.2058844835708767,12.519076460556349
69.13,-0.09732484472761846,-0.21802896705298971,12.189797431466983
69.14,-0.10944412035254732,-0.2322734588671314,11.869199320611505
69.15,-0.12194359962320546,-0.24872712637446034,11.557128045181374
69.16,-0.1349532739236919,-0.2674552741366108,11.253322182366674
69.17,-0.1485697333004542,-0.28859329201941875,10.957548589719574
69.18,-0.162939269363062,-0.3122893521385261,10.669600399251845
69.19,-0.17832266420020382,-0.33877213964972924,10.38931871469637
69.2,-0.19493831593271138,-0.3683109252897673,10.116519110203026
69.21000000000001,-0.21300257681601079,-0.4011752591405629,9.851016113041902
69.22,-0.23265295990610324,-0.4375625339287684,9.592625956408892
69.23,-0.2540625402743782,-0.4778470512697306,9.341209630000431
69.24,-0.277503688133434,-0.5225672657584448,9.09664908263584
69.25,-0.30324277471647726,-0.5722406675809062,8.858825988768663
69.26,-0.3314835653085447,-0.627163022131458,8.62761677273847
69.27,-0.3625328726059454,-0.6879835104850498,8.402897294363635
69.28,-0.39673234843856797,-0.7554722119163634,8.184544349755056
69.29,-0.4344065764476966,-0.8302661651771583,7.972432845957831
69.3,-0.4759360124462939,-0.9129619766183318,7.7665110382340234
69.31,-0.5218193016141477,-1.0046243075609496,7.566804217144487
69.32000000000001,-0.5725579113130663,-1.1063313867827447,7.373339114983453
69.33,-0.6286367891354655,-1.218927171577025,7.186145126044086
69.34,-0.6906859903462532,-1.343693096286955,7.005346289154006
69.35000000000001,-0.7593917083199272,-1.4821636413288783,6.831097154493574
69.36,-0.8354158765639884,-1.6357576921823462,6.6635461583714415
69.37,-0.9195038146874739,-1.8058321495448508,6.502978272882508
69.38,-1.0127235117220736,-1.9946631189022317,6.349915289995784
69.39,-1.1161684823879154,-2.2046148757692325,6.2048938492126
69.4,-1.2307357679395903,-2.4374827934298473,6.068338630218473
69.41,-1.357655057782469,-2.6956868374492418,5.941184198810168
69.42,-1.498532630444728,-2.9825639668686272,5.824743798573432
69.43,-1.6548898244494177,-3.3012162476968645,5.720243956343142
69.44,-1.8281084861758374,-3.6541772479711927,5.629064083654679
69.45,-2.0203219803321906,-4.045786968239187,5.553789956074307
69.46000000000001,-2.233754584540472,-4.480618388326559,5.497127199268122
69.47,-2.470304776689037,-4.9620893371123715,5.461540435854836
69.48,-2.732476964950509,-5.494750404008146,5.451484394455131
69.49,-3.023214932879148,-6.084311232324434,5.472344252808131
69.5,-3.345369575846655,-6.735970540517093,5.529326898648603
69.51,-3.701864319732678,-7.453699557679993,5.629486268294039
69.52,-4.096220362989005,-8.242930563430853,5.782942050266447
69.53,-4.531988007338372,-9.109137171602008,5.999893163207241
69.54,-5.012596594947806,-10.05559027985244,6.2920357910712
69.55,-5.541424127777233,-11.083867036851856,6.67628797202909
69.56,-6.121877948676045,-12.195609053996625,7.170362611815348
69.57000000000001,-6.757281260037922,-13.389553740712312,7.793915785668521
69.58,-7.449221459421517,-14.65635875318519,8.571703227826703
69.59,-8.198964693891842,-15.985459658828509,9.52955275985475
69.60000000000001,-9.00722495980451,-17.35982639547662,10.696209732949493
69.61,-9.869624872525307,-18.746366068450264,12.098101303034728
69.62,-10.78151227507065,-20.109405416424327,13.763230376697244
69.63,-11.734788440094738,-21.397255699718077,15.71657325817798
69.64,-12.71198808231399,-22.541865024793555,17.95918752301926
69.65,-13.695317517255233,-23.469520684922443,20.493998448596827
69.66,-14.659683413938629,-24.094387142905898,23.295678237962214
69.67,-15.572611736169769,-24.33224814365146,26.305102636455853
69.68,-16.398593652943674,-24.095074451878062,29.4519798067703
69.69,-17.098783732230437,-23.342138014407187,32.61088474346223
69.7,-17.629720843531214,-22.025899811412575,35.65163652569518
69.71000000000001,-17.959907779230473,-20.18388231462477,38.43273946852386
69.72,-18.06050756411803,-17.883815865989405,40.80869092846355
69.73,-17.91357495955927,-15.22703802671447,42.67626127175633
69.74,-17.51650044000141,-12.361060172220386,43.9612938748651
69.75,-16.880221112267993,-9.432709972450047,44.64975974500965
69.76,-16.03065992429885,-6.594901741954686,44.77081092626102
69.77,-15.001676912763715,-3.96125628185517,44.396336326962185
69.78,-13.834241157828966,-1.6229631346581463,43.620210579579954
69.79,-12.57237349141896,0.3775923572125105,42.55037135143814
69.8,-11.257837519282113,2.022209513796257,41.28656100708898
69.81,-9.928488131042078,3.33095645428571,39.918575232837725
69.82000000000001,-8.616863221823431,4.331836677314387,38.516877851247436
69.83,-7.3475499780080025,5.069196594249473,37.132949469103096
69.84,-6.139974889263286,5.586509632290335,35.80138521312629
69.85000000000001,-5.006879669438566,5.929019727296076,34.54322330172818
69.86,-3.95575295924932,6.135494704121678,33.36789270079233
69.87,-2.9900917761358525,6.241663364211682,32.278438587083556
69.88,-2.109777699800746,6.275438886565926,31.27202207025196
69.89,-1.3122857317228491,6.261447820609256,30.343536334124178
69.9,-0.5933684527918539,6.21768905352732,29.486450003796435
69.91,0.052180440938860956,6.158997476550427,28.694280993356802
69.92,0.631022844810096,6.0971621838273515,27.959641768020724
69.93,1.1489948559956544,6.039969780248591,27.277093061165083
69.94,1.6124450728015314,5.994431544317484,26.641310991213317
69.95,2.0286063090196955,5.964905043019541,26.04745656139362
69.96000000000001,2.4028639828237055,5.954923274330622,25.492302878849994
69.97,2.7425405944715187,5.966464003391516,24.972296327942082
69.98,3.0521527780699595,6.001074202948516,24.485844944403194
69.99,3.3359285032081707,6.060249067239785,24.03156387261443
70.0,3.6008941980033153,6.1437692390576135,23.607338295723075
70.01,3.8503333840174663,6.251957277275592,23.213110608809504
70.02,4.086623061462741,6.385418623104402,22.84922786993338
70.03,4.313814073960748,6.543977586047352,22.515580556834045
70.04,4.537853493011519,6.725970618064505,22.21189804756948
70.05,4.759888160746263,6.931389543219834,21.939564488897204
70.06,4.980830253762329,7.160321634207896,21.70003634449303
70.07000000000001,5.201595564148183,7.412853295820862,21.494769535822574
70.08,5.427917202366541,7.687582450386085,21.324619923184017
70.09,5.663844772664225,7.982252820158566,21.191159589586587
70.10000000000001,5.9085444214788705,8.295482622270553,21.096802730952387
70.11,6.161182295248065,8.62589007385419,21.04396354320329
70.12,6.42092454041048,8.972093392043039,21.035056222260973
70.13,6.686937303403331,9.332710793968745,21.072494964047284
70.14,6.958492948356624,9.70632380820806,21.158710599788296
70.15,7.239730891906206,10.088935826192975,21.296584454869734
70.16,7.531743186738624,10.474974142813632,21.487606982292476
70.17,7.832597486146063,10.85944177104746,21.73263198736119
70.18,8.140361443419462,11.237341723870232,22.032513275379763
70.19,8.453386246816809,11.60355040354898,22.388584006236936
70.2,8.771795188237444,11.951089213043538,22.80458064574323
70.21000000000001,9.092399006741726,12.272432222610824,23.277510160849346
70.22,9.411200007297193,12.560211718112283,23.802899758988758
70.23,9.724200494872752,12.807059985410577,24.376276647597223
70.24,10.027715572119416,13.004470492682858,24.994514693026453
70.25,10.318525330094934,13.142168703050212,25.654822726195977
70.26,10.591847333726157,13.21547703642861,26.34564480791237
70.27,10.842763398967055,13.220208103044667,27.05475095373344
70.28,11.066268292447154,13.151793155191319,27.770050971955396
70.29,11.256160736068493,13.000431312080128,28.48176356464628
70.3,11.40894020798751,12.768172563913556,29.17673299927399
70.31,11.522117739469214,12.461501216030273,29.84031885068855
70.32000000000001,11.593204361777945,12.08690157376989,30.45788069373699
70.33,11.6181748545416,11.648066235127907,31.015108108531145
70.34,11.594338462053626,11.150645733922461,31.502563361002387
70.35000000000001,11.52374835788587,10.608550969402707,31.913770604904464
70.36,11.408377655214634,10.03571206524181,32.242109280559
70.37,11.247063282689206,9.442748205557752,32.479256783236956
70.38,11.043339205869273,8.841476122907993,32.626025605951426
70.39,10.80296440805274,8.245042974081471,32.68621933099376
70.4,10.530889730292385,7.666325731974212,32.662537049794
70.41,10.230103123475853,7.114488445385261,32.556912369947376
70.42,9.906854313125915,6.595997237937689,32.37811294939414
70.43,9.567719627129806,6.11727105562835,32.135444817236355
70.44,9.218256518828255,5.685001856149827,31.835369500968426
70.45,8.863147941778541,5.300956766064351,31.48515742477251
70.46000000000001,8.507332467738578,4.964880595434667,31.09402358163266
70.47,8.155789294233244,4.676592202746812,30.671102667350198
70.48,7.813797249871263,4.436904504312774,30.222691835868982
70.49,7.484283674761284,4.243494627395978,29.753970014012495
70.5,7.169458178222635,4.092906105605351,29.27065944643126
70.51,6.871530369576064,3.981682472550676,28.778482377777785
70.52,6.59284999857085,3.906642536201998,28.282825979874524
70.53,6.335629790823617,3.865878975231258,27.786517059490453
70.54,6.10049668901887,3.856557211507664,27.292079487889332
70.55,5.887923464010214,3.8756711602960396,26.80215995664511
70.56,5.698395300689106,3.9202731064931435,26.31940180341456
70.57000000000001,5.532354210787298,3.988559680618435,25.846026320326693
70.58,5.389660642834831,4.078954781381054,25.383458541608064
70.59,5.270059452113148,4.189704314269888,24.933037071981275
70.60000000000001,5.173295121383928,4.319054831535726,24.496100751913165
70.61,5.098708895313474,4.466150259660093,24.074200847023913
70.62,5.045702333852662,4.630771619795703,23.66868968195334
70.63,5.014040685440409,4.812242670422313,23.28065168155853
70.64,5.003489198515392,5.009887170020663,22.91117127069434
70.65,5.013813121516437,5.223028877070735,22.561332874217264
70.66,5.044321177950804,5.451884968270612,22.232512577011736
70.67,5.093804242425373,5.698071464351297,21.92677267714881
70.68,5.162236628668978,5.961248571180806,21.64575150940147
70.69,5.249644934965517,6.240981890584219,21.39106112077185
70.7,5.35605575959927,6.536837024387823,21.16431355826102
70.71000000000001,5.481495700854159,6.848379574416717,20.967120868871152
70.72,5.625991357013999,7.1751751424959185,20.80109509960425
70.73,5.789558110335691,7.516884543507365,20.667918415416988
70.74,5.971772330701487,7.874981070278192,20.57109879471838
70.75,6.171903335425357,8.248697790620378,20.51373771459444
70.76,6.389265564451431,8.63616213833037,20.498307781494187
70.77,6.623173457723745,9.035501547204538,20.52728160186639
70.78,6.87294145518734,9.444843451040962,20.603131782159988
70.79,7.1382603743715265,9.862473776009848,20.728931092323148
70.8,7.419390013321938,10.28573953604047,20.909120335076693
70.81,7.714375517312923,10.709530607408581,21.1452049119837
70.82000000000001,8.021047318483946,11.128570534631663,21.438377527830063
70.83,8.337235848974403,11.537582862227222,21.78983088740135
70.84,8.661488372137649,11.930820731698681,22.20239078170753
70.85000000000001,8.992002900652729,12.300531357861566,22.677671773990674
70.86,9.32472731588977,12.638608878503119,23.211821991991783
70.87,9.655559036267372,12.936956192207536,23.80087007058122
70.88,9.980575880364476,13.186644410531136,24.44196793284654
70.89,10.295994858013303,13.376415632676936,25.133320264364624
70.9,10.596463427501655,13.499869646509028,25.8636210824009
70.91,10.876461749326975,13.55123629492473,26.62053828457361
70.92,11.130381109653879,13.524244273501756,27.391968461358363
70.93,11.351752670604654,13.407758298752702,28.168172441913296
70.94,11.536282588981813,13.202875614163105,28.93416112293416
70.95,11.680363545835428,12.914560473530845,29.67322430873717
70.96000000000001,11.780379419840045,12.547760185922169,30.368650575972524
70.97,11.83056019177285,12.103332461735505,31.00466103598568
70.98,11.829031467862233,11.58983712850931,31.570434072004797
70.99,11.777136939394362,11.022074157087339,32.056581399888735
71.0,11.675417131605032,10.414135405204282,32.45303005661243
71.01,11.52176846187329,9.776671866137995,32.75039654394516
71.02,11.320953317737768,9.12461352809658,32.94985714830737
71.03,11.078835481993462,8.473728313334263,33.05388016003076
71.04,10.799255878554737,7.8385438464765365,33.062607137926584
71.05,10.486123288578415,7.228826002831855,32.97991455917116
71.06,10.146655146673078,6.6533217713177155,32.81580473015893
71.07000000000001,9.787845033827475,6.12098750037547,32.5795159221046
71.08,9.415095863178108,5.638658441732627,32.27705404488385
71.09,9.03417394929838,5.20770487745877,31.918517371860638
71.10000000000001,8.650994905780083,4.829032599613211,31.514681636453833
71.11,8.271736962388124,4.504448621817891,31.0746273453477
71.12,7.901028029990198,4.233453711209992,30.604448226701706
71.13,7.541979835631693,4.012368602416961,30.111303099772847
71.14,7.197694962488821,3.8374922867023513,29.602368266141468
71.15,6.871394951730786,3.705339902075598,29.084561261332542
71.16,6.566226251343523,3.6137651807691817,28.561835928090186
71.17,6.283250496848464,3.5593382406030236,28.03737169273973
71.18,6.0232410494904824,3.53831368622124,27.514533506015567
71.19,5.787016855110707,3.5470168870112593,26.996656480958617
71.2,5.575566801177855,3.5829370369368565,26.486210716745983
71.21000000000001,5.388890731343647,3.643855018044634,25.984783494040155
71.22,5.226774009346646,3.727419915410538,25.493934008687745
71.23,5.088946752383903,3.8313757124703476,25.015257193567297
71.24,4.9747423967629425,3.954550763995329,24.55038422837802
71.25,4.8837816776849925,4.095980803589162,24.100377206620674
71.26,4.815769977569733,4.254616826904782,23.666210295985216
71.27,4.770412678836715,4.429409829595029,23.248857664161516
71.28,4.746722668808148,4.620035282825536,22.84952271237403
71.29,4.743352729796138,4.827203008291385,22.469708753309213
71.3,4.760273966014434,5.050738600452065,22.110618717172063
71.31,4.797481357112552,5.290447214532454,21.773448878015017
71.32000000000001,4.85496988273995,5.546134005756495,21.459395509892058
71.33,4.93273452254597,5.817604129348036,21.169654886857035
71.34,5.0305651565788185,6.105225728038649,20.90562945775748
71.35000000000001,5.1474695748682,6.411236148104546,20.66989328230272
71.36,5.283210941133375,6.735422548623841,20.464784150294573
71.37,5.4376647421842845,7.077243039322342,20.292555719888405
71.38,5.610706464830043,7.436155729923964,20.15546164924065
71.39,5.8022115958806975,7.811618730154614,20.055755596506867
71.4,6.01205562214557,8.20309014973868,19.995691219843227
71.41,6.240323323824549,8.610373544960936,19.978024056588197
71.42,6.487338032852993,9.03324731214415,20.00734573295621
71.43,6.7520582129688105,9.4686905956878,20.08662401393407
71.44,7.033312790948527,9.913441029937871,20.218599638531284
71.45,7.3299306935698745,10.364236249242252,20.40601334575795
71.46000000000001,7.6409346812321015,10.817837849210424,20.65193174786065
71.47,7.96645285913153,11.269894526116945,20.961430672321466
71.48,8.304002471928095,11.713325618565554,21.33548721555001
71.49,8.650491020273382,12.14073023161561,21.774082943762245
71.5,9.002826004820909,12.544707470328927,22.277199423176448
71.51,9.359033344513076,12.916336084115274,22.8479898535746
71.52,9.71556946990871,13.245414917361588,23.48443791228597
71.53,10.0669260505657,13.52267241963057,24.178588928051486
71.54,10.407594686702133,13.738837095964293,24.922488024813756
71.55,10.73216486407533,13.883160350913261,25.70950041544193
71.56,11.035362836220385,13.943096060822107,26.533169536458793
71.57000000000001,11.311341827831093,13.915086192561903,27.37717711661555
71.58,11.554201201823773,13.79640211000956,28.224374523647352
71.59,11.757365351203214,13.582223702334646,29.05796565098322
71.60000000000001,11.913122378600319,13.265018475784263,29.8626605806474
71.61,12.019022470753262,12.854717484306803,30.621728691685274
71.62,12.073236012093233,12.363244499957165,31.31819554854733
71.63,12.073583486763924,11.801975272392694,31.935002187206067
71.64,12.015245771441613,11.177502900007083,32.457727711666536
71.65,11.90029495763255,10.50582095894282,32.88065166646673
71.66,11.73271477951258,9.805751755703845,33.19935483740922
71.67,11.51348029031187,9.093659681097153,33.40694580176763
71.68,11.246177284015948,8.383577834160382,33.504773899237165
71.69,10.938361972576784,7.690657720908456,33.50035277877568
71.7,10.596613287788145,7.029845328718137,33.39959633326236
71.71000000000001,10.22586071954455,6.411290653888894,33.20789025778192
71.72,9.833798507390846,5.841130529308833,32.937388855916225
71.73,9.428230633817064,5.3256425162666545,32.60019748672994
71.74,9.015693718053935,4.870426284972515,32.20467917262853
71.75,8.60177883780093,4.4746908614932295,31.760915558330662
71.76,8.192082332160322,4.136680284948174,31.2797456276425
71.77,7.792340116973793,3.85502963608309,30.771283750452916
71.78,7.407244713412348,3.6280352863890077,30.241821985819303
71.79,7.039468284823719,3.4513056250473753,29.697515638672677
71.8,6.691583417058595,3.3202833642020155,29.144631937535024
71.81,6.366522613873167,3.231061766793317,28.58866895264047
71.82000000000001,6.065981452801327,3.1800904409821538,28.03294030547739
71.83,5.790629906526821,3.1633065636080637,27.480453091378752
71.84,5.541151542465161,3.176688331458598,26.934213674341816
71.85000000000001,5.318106766978659,3.2171898131579413,26.39674081392059
71.86,5.1212824372213825,3.2823565462698223,25.869525591051268
71.87,4.950327373246011,3.369671770889702,25.35393737519395
71.88,4.804804543162342,3.4767969760722766,24.851410811546213
71.89,4.6840067629840405,3.602482163823665,24.363286225094495
71.9,4.587411109079984,3.7456948913363264,23.8904229263296
71.91,4.51451467811604,3.9053834176652726,23.433652353378356
71.92,4.464716826074364,4.0805729221041895,22.993833307516688
71.93,4.43630821781647,4.271550620664629,22.57222902601672
71.94,4.428796719157066,4.478489268184147,22.16996563918937
71.95,4.442155244768709,4.701297552717585,21.78806369261985
71.96000000000001,4.476356709324004,4.939884162318914,21.427543731895092
71.97,4.5313740274954375,5.194157785042016,21.08942630260192
71.98,4.607060353837972,5.464215870953666,20.774775651874467
71.99,4.701928442946001,5.752357512293274,20.485506216504408
72.0,4.815654465610194,6.059235206468747,20.223867570230595
72.01,4.948383715022986,6.384783740977397,19.992026209827618
72.02,5.100261484376703,6.728937903316437,19.79214863206989
72.03,5.27143306686433,7.091632480984552,19.62640133373099
72.04,5.4620437556782235,7.472802261478982,19.496950811585382
72.05,5.672238853031518,7.872382071653909,19.405963598249627
72.06,5.902325368770474,8.291286913181194,19.357064063392105
72.07000000000001,6.151983851526524,8.728785590669943,19.35461413766593
72.08,6.420429962397072,9.182387508721341,19.401926698483035
72.09,6.706879362480677,9.649602071938515,19.502314623255582
72.10000000000001,7.01054771287477,10.12793868492267,19.659090789395574
72.11,7.3310704803340485,10.614937461300762,19.876225696704875
72.12,7.668731857252995,11.106309667566467,20.159195118702424
72.13,8.021132895344932,11.59507020290178,20.50992334794462
72.14,8.385599213002104,12.074081339707396,20.9299377427618
72.15,8.75949256573906,12.536185203008355,21.42086060974398
72.16,9.141285698477626,12.97245278046881,21.9871865652506
72.17,9.526983236198424,13.371971725080323,22.626789011656122
72.18,9.911340108268728,13.723930437952767,23.334233653292873
72.19,10.289136870818012,14.0173837370579,24.10427090058936
72.2,10.655615903483433,14.237663347662874,24.93530161604793
72.21000000000001,11.004454626543009,14.37463759563986,25.815332832366636
72.22,11.32870489345721,14.420836568674003,26.72800931811477
72.23,11.621340690013469,14.368420180377257,27.657126637791848
72.24,11.873955688525472,14.203665197272276,28.58899331448144
72.25,12.08088734823239,13.927654854562546,29.504188488138304
72.26,12.237640776637695,13.547294726135668,30.380966028761335
72.27,12.339461837340082,13.068991356017255,31.19755335221149
72.28,12.379090249771785,12.494688485395834,31.934388368152437
72.29,12.355906423399158,11.83994844998508,32.57828939394875
72.3,12.271384135206063,11.124473763179317,33.11704289339729
72.31,12.12379495541423,10.36475696698425,33.53630412787193
72.32000000000001,11.914930969453993,9.577963868453663,33.831821990973786
72.33,11.651890909220391,8.785092673826416,34.00691318878468
72.34,11.3404964074998,8.00640508644282,34.06323020448367
72.35000000000001,10.984912198477767,7.25644158046785,34.00361538054978
72.36,10.593975180438965,6.547297545798473,33.84061121619355
72.37,10.176446205555358,5.891306949634217,33.58633351659547
72.38,9.739142913828045,5.297440865698439,33.24975270443156
72.39,9.289804377253233,4.76777501153653,32.844434474236614
72.4,8.836384586401481,4.303991895465602,32.384475056259475
72.41,8.386236945924097,3.90837325412305,31.880461276675724
72.42,7.944436575768472,3.5778454992264477,31.341623001696206
72.43,7.51563683909291,3.3077813360083237,30.777820206587574
72.44,7.104646920180637,3.0938848668325587,30.198418198955803
72.45,6.715532023104335,2.932552457346805,29.609158534272005
72.46000000000001,6.350207570828789,2.8185256480264487,29.014930450128727
72.47,6.010483981471575,2.746427768156338,28.420692330808865
72.48,5.698196530941532,2.711825309111244,27.83037712774607
72.49,5.413864739911666,2.7105839914729914,27.246463393354645
72.5,5.157742352094174,2.738466444873755,26.671320221736583
72.51,4.929935811101478,2.791956339942642,26.10711279282421
72.52,4.7299909449554685,2.868544568665984,25.555083113400784
72.53,4.557324136683321,2.9656668344657904,25.01623566495414
72.54,4.41115763785474,3.080973989682368,24.491649333098067
72.55,4.290316504351382,3.2133136708225494,23.982376600306488
72.56,4.194211718107413,3.3617145625533196,23.489049318112322
72.57000000000001,4.1222993587670125,3.525183546758518,23.012275400734385
72.58,4.0736653394875,3.7029682407630373,22.55274580504297
72.59,4.0461640032390465,3.895688081545696,22.111574188736263
72.60000000000001,4.039557140798239,4.103529138939143,21.68965329907922
72.61,4.0538742527061435,4.3265515708190145,21.287828185297105
72.62,4.0891448395038985,4.56481553506191,20.90694389661346
72.63,4.1453984017325025,4.818381189543116,20.547845482254065
72.64,4.221989705891026,5.088032280347154,20.211503350081006
72.65,4.317102298888577,5.376135770334817,19.899734340130347
72.66,4.430949008178577,5.68322897821022,19.614644334727576
72.67,4.563879392651384,6.009713303899915,19.358334401512707
72.68,4.716243011196886,6.35599014732916,19.13290560812699
72.69,4.888389422704857,6.7224609084231,18.9404590222115
72.7,5.080668186065822,7.109526987108458,18.783095711406514
72.71000000000001,5.2934382978199395,7.518056064115909,18.663227706221335
72.72,5.526790332607455,7.9495235785671445,18.585002934058895
72.73,5.780395353897711,8.40256264481535,18.552389510286613
72.74,6.053901098087994,8.875538319268447,18.56926163258577
72.75,6.346955301577087,9.366815658336996,18.639493498637616
72.76,6.6592057007626195,9.874759718429544,18.766959306123375
72.77,6.990913306027801,10.397730884594502,18.956437028722213
72.78,7.342336853940427,10.931500104118609,19.213712235369854
72.79,7.711356320805532,11.469371159395369,19.54203521567843
72.8,8.095754816386773,12.004590672098654,19.944536112075458
72.81,8.49345992308549,12.530357809553083,20.42465413359334
72.82000000000001,8.903495550593458,13.037711755128,20.988164257378163
72.83,9.32168103996033,13.514797874989126,21.633965011187332
72.84,9.742938726601189,13.949570866845521,22.359033399449302
72.85000000000001,10.162373862865037,14.329453524741544,23.161231218881266
72.86,10.575480263884348,14.63823539884529,24.04061393341169
72.87,10.974900136901413,14.863511850908658,24.984006406516535
72.88,11.35278814806107,14.993888241277498,25.975926368040827
72.89,11.701121489340023,15.016158729196016,27.001953527621843
72.9,12.011492352581895,14.914661866396056,28.04827635535905
72.91,12.276833550390723,14.689567717325385,29.09058810945445
72.92,12.490248060138024,14.342919354832013,30.103406895641783
72.93,12.643283035125114,13.872918462141094,31.06180138010763
72.94,12.729238216452025,13.2837254286674,31.944564779965336
72.95,12.747097654570135,12.594869248855968,32.732030827967776
72.96000000000001,12.694897216131437,11.824967494687622,33.403741954234334
72.97,12.56785269957407,10.98865697086314,33.94178013553484
72.98,12.371224498354106,10.110901030998415,34.34310161802386
72.99,12.11166894183601,9.218248930949917,34.606206126616755
73.0,11.79156645362735,8.332838531148465,34.72699814329974
73.01,11.418126917978375,7.472343181035008,34.713869840693526
73.02,11.001800148377225,6.654860354416948,34.58014843434255
73.03,10.550392430727927,5.897045564581209,34.33519066739163
73.04,10.072624513426993,5.206590399189916,33.993281296110254
73.05,9.578600769858499,4.588957002196241,33.5718847242379
73.06,9.077730845324973,4.050353000876886,33.08503174393026
73.07000000000001,8.577110384606934,3.589556401907874,32.5450611570525
73.08,8.083365153267493,3.2023010932959624,31.965477634764234
73.09,7.603190033930242,2.8846440177762673,31.359226442029776
73.10000000000001,7.142211041283028,2.633004779569793,30.734462472951932
73.11,6.703760015655181,2.4408846730549856,30.098331539899203
73.12,6.291109430240063,2.3016528139912786,29.458006656466207
73.13,5.907068645005553,2.209803267278374,28.818471944663088
73.14,5.552694094611888,2.15946003735099,28.18331655314942
73.15,5.228893830064035,2.1448332562822454,27.556012425154748
73.16,4.936061277408453,2.1615015347654376,26.938825546356398
73.17,4.673931840409328,2.205317983885283,26.333285124104595
73.18,4.442070632618328,2.2722939405561244,25.740910483995325
73.19,4.239516963258487,2.3597105639681306,25.16275981359325
73.2,4.065404007719192,2.465234479245054,24.599423882631474
73.21000000000001,3.9187203328950497,2.5866430767184987,24.051508705031814
73.22,3.797789735477579,2.722826700542315,23.51967916127212
73.23,3.701796805526121,2.8729640118943385,23.004356540219227
73.24,3.6300705392310393,3.036188221186321,22.50593034522954
73.25,3.5815662591924675,3.2118607956878296,22.02482383001241
73.26,3.553813355864562,3.4008178577333705,21.561717278753598
73.27,3.546499911765436,3.603480467232598,21.11728796156664
73.28,3.5596591261245787,3.820119027153958,20.692194757468126
73.29,3.5933241981715267,4.051003940465041,20.28709654547657
73.3,3.6475283271357006,4.296405610133356,19.902652204610355
73.31,3.7212695091774073,4.557447776564421,19.539640959289468
73.32000000000001,3.8127673407511855,4.8364549274811095,19.19961696867677
73.33,3.9224852766435925,5.134363310478034,18.884438397353776
73.34,4.050948687836595,5.452064480233249,18.595963980408268
73.35000000000001,4.198682945311708,5.7904499914235545,18.336052452929394
73.36,4.366213420050336,6.150411398725634,18.106562550006142
73.37,4.5540605650055355,6.532903839876456,17.909357366471976
73.38,4.762501870972951,6.940381576637253,17.746997304672814
73.39,4.991624158624945,7.373386865855029,17.623496445397762
73.4,5.241540021322408,7.831432419850007,17.543050394417406
73.41,5.5123620524261145,8.314030950942273,17.509854757502097
73.42,5.804202845298004,8.820695171453984,17.52810514042206
73.43,6.11717499329888,9.350937793705262,17.601997148947707
73.44,6.45183982283922,9.90425522226106,17.736260469597767
73.45,6.80931932677627,10.477754148711137,17.937487585597815
73.46000000000001,7.188244653297162,11.065685463153129,18.210793006295507
73.47,7.587029158840439,11.662173343602905,18.561099954506027
73.48,8.004119600127401,12.261345275152546,18.993391644441047
73.49,8.439280487002849,12.855976632127708,19.515177705000607
73.5,8.88938510744581,13.434064712649542,20.1292581411552
73.51,9.349727922706187,13.982617447899074,20.835686823132086
73.52,9.815737950167065,14.48847060957796,21.634999983703555
73.53,10.283859365398904,14.934974217848719,22.53142231424193
73.54,10.746689306554476,15.305399217049201,23.515500173137426
73.55,11.195731555348907,15.583763616378496,24.573875095861283
73.56,11.622482253199967,15.752916440864833,25.694179690004788
73.57000000000001,12.018100310142524,15.791891786424811,26.865238853712935
73.58,12.37329437804424,15.693418872054771,28.06073727970701
73.59,12.678742564000109,15.452628008120415,29.25202166292077
73.60000000000001,12.9228285526306,15.058078222743353,30.411569792017197
73.61,13.096450367803895,14.510391358509883,31.51234027918194
73.62,13.196033884808179,13.829182112821833,32.525685160501524
73.63,13.217735066277509,13.033664716876299,33.42284380521463
73.64,13.154433379952561,12.137035769775256,34.17857207553588
73.65,13.008125298720653,11.166514785736549,34.78166378869779
73.66,12.783135738846621,10.153771645630878,35.222673325194506
73.67,12.480257680337179,9.125364497334855,35.49264583706927
73.68,12.108951755667094,8.108022262008976,35.60043860799449
73.69,11.679728931683366,7.128980649039935,35.55651636757235
73.7,11.200174785863272,6.20888717062741,35.36986336365501
73.71000000000001,10.682348669166071,5.360723785269929,35.06059829065847
73.72,10.13835262819519,4.597627452188104,34.648274223587066
73.73,9.577965825339367,3.9264394487168857,34.14864495264924
73.74,9.011128220431544,3.3458060018935774,33.58096024759746
73.75,8.447837969609738,2.8546075235552775,32.96367671068513
73.76,7.896166956336488,2.45008808145129,32.30949107261755
73.77,7.361866390011484,2.1247701854463603,31.630458082831858
73.78,6.850936955195818,1.87145118267757,30.937946648250062
73.79,6.367854052040466,1.6828611862640386,30.2394609769673
73.8,5.915265992929457,1.5505690677816388,29.541452437506265
73.81,5.49575260856086,1.4673278562385903,28.84895299895028
73.82000000000001,5.110220744256649,1.4260305612279862,28.165230717562345
73.83,4.759220749713472,1.4200231791813376,27.493241900862845
73.84,4.442462532391397,1.4441109354162602,26.83467559797642
73.85000000000001,4.1592581061760825,1.4932686723822237,26.190745657634714
73.86,3.908666637504756,1.5636146533043132,25.562310665686017
73.87,3.6895689128372156,1.6517909929848296,24.949859877983737
73.88,3.500389610261936,1.7549239945227662,24.353735942348308
73.89,3.339477824904858,1.871366188625017,23.774052881661163
73.9,3.205619984862596,1.999578377511396,23.21094502089657
73.91,3.0969763794716347,2.1384335394973837,22.664538258337586
73.92,3.0117523593868696,2.2877332148326697,22.134925615402032
73.93,2.949268787974153,2.447174347109846,21.62219313095023
73.94,2.908854928306591,2.616450935636314,21.12642686662628
73.95,2.8888562153627277,2.795811855613792,20.647766089519497
73.96000000000001,2.8864959190910393,2.9868953817230777,20.186678887063533
73.97,2.90198001145961,3.1904071041765367,19.74373771163688
73.98,2.9356688980144563,3.4069847274480383,19.31951347413851
73.99,2.987922984301453,3.6372659560102547,18.914577085469872
74.0,3.059102675866721,3.8818884943371303,18.529499456530043
74.01,3.1492925003899224,4.141695166725244,18.164858270741203
74.02,3.2563741215401736,4.419508231478825,17.82171593956617
74.03,3.380352532732225,4.71721471112324,17.50189407081952
74.04,3.5218806311012156,5.036283185056687,17.2072781558876
74.05,3.6816113137821853,5.378182232677248,16.939753686156596
74.06,3.860197477910868,5.744380433384472,16.70120615301159
74.07000000000001,4.058264186010097,6.13652104547971,16.49346057196392
74.08,4.276384388315278,6.556442313974484,16.319266970321525
74.09,4.5152504877825015,7.005074070345235,16.18288328348708
74.10000000000001,4.775565473538016,7.4832729879733915,16.088643310856288
74.11,5.058032334707948,7.991895740240218,16.04088085182462
74.12,5.3633540604196455,8.531799000529166,16.043929705787374
74.13,5.692886965552626,9.103795444742369,16.102707811389113
74.14,6.04771659492604,9.706071692978206,16.223879964255985
74.15,6.427405768072928,10.335037918024712,16.414162809987236
74.16,6.831499523496709,10.987092757014347,16.68026667358373
74.17,7.259549470800336,11.658636611650536,17.0289113912804
74.18,7.712322760221451,12.344915793535566,17.469018558868644
74.19,8.18817432493713,13.035308744678627,18.007577905664334
74.2,8.683610928338787,13.717551982337516,18.649246346094984
74.21000000000001,9.195193106923181,14.379358872637074,19.39882787723444
74.22,9.720468502379557,15.005675631990377,20.264157475616052
74.23,10.25302771739395,15.57656874609961,21.24317703260139
74.24,10.784888810330534,16.07166421645234,22.329685076812172
74.25,11.308508361973363,16.46814810547067,23.52038284065897
74.26,11.814881007739794,16.741335026591,24.80560220631581
74.27,12.292098750314961,16.873464533518924,26.159511403899536
74.28,12.728040102215612,16.845976588132636,27.55631211167509
74.29,13.109559690680447,16.634257948339794,28.972206441754327
74.3,13.425810489798623,16.23790575588108,30.369568530333247
74.31,13.666586618387102,15.662496260219239,31.70760489291042
74.32000000000001,13.81863117150739,14.906774257363905,32.9468812308844
74.33,13.875406257037403,13.990018014012318,34.05527467706764
74.34,13.835451940970326,12.945410883413134,35.00267127885611
74.35000000000001,13.692061480827954,11.799433626096329,35.75772677526638
74.36,13.449102587982281,10.589054430658859,36.311481900045436
74.37,13.115934312462835,9.357491780172687,36.66253300749712
74.38,12.6968003406892,8.140794476802878,36.80759375562232
74.39,12.203804258385253,6.968585339944212,36.76322381578583
74.4,11.651333964953373,5.870734563977842,36.54975781908965
74.41,11.050905186040966,4.867962407806009,36.18582979714062
74.42,10.417507779361753,3.970390399188056,35.699274054779046
74.43,9.7656657428867,3.188660955080453,35.11520342709283
74.44,9.10701399747159,2.5224645166230317,34.45475566939816
74.45,8.452553008877828,1.9653568644520698,33.74033021792293
74.46000000000001,7.812916758978766,1.5117035619993797,32.99157067339619
74.47,7.195535299657311,1.1529252716067553,32.22147889909639
74.48,6.60670456213049,0.8781948017037698,31.442367906066522
74.49,6.051460165380092,0.6771772954967823,30.66316811016189
74.5,5.533008855448778,0.5389815123548988,29.89084630858545
74.51,5.0532711297247905,0.4539929134519973,29.12993294381742
74.52,4.613326530029463,0.41295948970195867,28.383952468705502
74.53,4.21316680326631,0.40790469618869074,27.654859958602035
74.54,3.852026198272983,0.43185672967071215,26.94379528293279
74.55,3.528604723501708,0.4789449074282089,26.25133718555409
74.56,3.241420457386478,0.5443287408172481,25.5775662450286
74.57000000000001,2.988367410548616,0.6240373764904235,24.92232117859321
74.58,2.767568647804119,0.714981669146914,24.28549969176121
74.59,2.576799677644529,0.8147625723273323,23.666596714618688
74.60000000000001,2.4141134513524216,0.9216397917465392,23.06511944559026
74.61,2.277086212648186,1.0344207476964256,22.480772752377124
74.62,2.163904916522527,1.152515847574755,21.913195469325572
74.63,2.0732261511831993,1.2752970531850714,21.361927161384767
74.64,2.0026512684366935,1.4028294299704533,20.82662868465652
74.65,1.9504156194246576,1.5356938226468917,20.307165030963567
74.66,1.9160133443991736,1.6740881274166197,19.803388397248852
74.67,1.8989385836121904,1.8182102404824638,19.315150980453172
74.68,1.8979426002702446,1.968723859332513,18.842293426878534
74.69,1.9105475113410517,2.1276304462863567,18.384808933406795
74.7,1.9368826952150267,2.295922685932294,17.942920750939656
74.71000000000001,1.97726651609507,2.4744963260255517,17.516861596031116
74.72,2.0320173381840028,2.6642471143212982,17.106864185235075
74.73,2.1014035874708545,2.866097781226116,16.713157643192194
74.74,2.1841179554794925,3.08208798223577,16.33603180778423
74.75,2.279986098420378,3.3143743734986493,15.976335977696708
74.76,2.3897241332058257,3.564752806118926,15.635062376125418
74.77,2.514048176748071,3.8350191312006716,15.313203226266051
74.78,2.653642456543589,4.126957812974467,15.011728336818521
74.79,2.8087575973131336,4.442316899990573,14.731626989725504
74.8,2.9802830388361223,4.783351807576986,14.475102173614873
74.81,3.1693625209945853,5.152446697024774,14.244639515469526
74.82000000000001,3.3771397836698345,5.551985729623566,14.042724642273464
74.83,3.6047755390625746,5.984299358469809,13.871769941201851
74.84,3.853634317637188,6.451147992009514,13.734537229778033
74.85000000000001,4.12509382850735,6.9543889454490735,13.636004865155813
74.86,4.420508336762467,7.495966969939212,13.581469663168118
74.87,4.74123210749322,8.077826816632983,13.576228439647661
74.88,5.088909144098232,8.701950936245417,13.625555831915838
74.89,5.465639544101368,9.368507261267585,13.736395180246062
74.9,5.872007116310044,10.07512342161673,13.917936029446908
74.91,6.308456697063804,10.819300595859662,14.179477085295758
74.92,6.775433122704075,11.598539962566399,14.530317053571164
74.93,7.27400598976042,12.409898633438086,14.980765875771713
74.94,7.804451044201295,13.244057862474547,15.542676939389422
74.95,8.363930637056983,14.087326758763911,16.22554797963577
74.96000000000001,8.949497621094373,14.925944486921995,17.03876009799693
74.97,9.559236352806122,15.744099047101004,17.994633504703547
74.98,10.187259147802749,16.517122453551256,19.09792890695615
74.99,10.824814717556677,17.217985441313488,20.347054579460256
75.0,11.463834917414548,17.81706071577506,21.744035265224213
75.01,12.093618492932315,18.279978743746955,23.281020172882997
75.02,12.699054256741169,18.5763302479202,24.93034103486626
75.03,13.264726568072268,18.672986608928838,26.665728108257465
75.04,13.773969393465906,18.535550583588787,28.45692221854156
75.05,14.210306542911134,18.155266010960005,30.250333236284504
75.06,14.55588421307782,17.521331407934664,31.990656115623068
75.07000000000001,14.791761101391714,16.62581073351577,33.62496636708248
75.08,14.910338830276828,15.505275170842804,35.10034538809458
75.09,14.903609964045613,14.19754908730567,36.36353603577703
75.10000000000001,14.762691070591274,12.737528091610669,37.37523218378015
75.11,14.493728821623876,11.185325899982338,38.118712024909584
75.12,14.09896282336054,9.597478723477332,38.576672180482575
75.13,13.591357372119566,8.026737108429254,38.76142029104639
75.14,12.987602509498245,6.526264695706048,38.69320252592608
75.15,12.302653407282882,5.133228359785136,38.39786010728881
75.16,11.557985862024388,3.875030528833629,37.915785931389244
75.17,10.771991629413101,2.771925655446818,37.2812888907874
75.18,9.963222948348433,1.825433785393225,36.53270801661719
75.19,9.149667079678872,1.0351691395768092,35.70542746785238
75.2,8.34542853819424,0.39224291360079433,34.82645236551755
75.21000000000001,7.563026755682481,-0.11649747296590263,33.92023175623762
75.22,6.812556829848551,-0.506198698537516,33.00517214584417
75.23,6.101438843204988,-0.7936563954429586,32.094954615092696
75.24,5.435029790106205,-0.9952296962979275,31.19926382751812
75.25,4.8163982418258415,-1.126323874995066,30.324491642247374
75.26,4.247004918173253,-1.200959188542437,29.474515548438006
75.27,3.726817762982067,-1.2312664092002326,28.65099541319452
75.28,3.2549142330957093,-1.2279450609672522,27.854643890932323
75.29,2.829469180708273,-1.1999463936518868,27.085245659332664
75.3,2.4480427061469383,-1.1544259734455802,26.34186951532087
75.31,2.1078033199143777,-1.097401616236445,25.62344772205457
75.32000000000001,1.8055668659041721,-1.03354607085648,24.92866236509984
75.33,1.5385147605506266,-0.9667332738850501,24.256145670615833
75.34,1.3030206339865356,-0.8997122964944427,23.604731613558766
75.35000000000001,1.096191932238805,-0.8344854990515047,22.973322796613598
75.36,0.9151728770806802,-0.7728869333807885,22.3607942564823
75.37,0.7566116417674253,-0.7156526770363745,21.766206912966172
75.38,0.6185568897147262,-0.6637645110142641,21.188781595785883
75.39,0.49846085918162,-0.617757085591001,20.627714144877302
75.4,0.39357475051419577,-0.5774376173282479,20.082276370625856
75.41,0.3024978612716833,-0.5431434481451543,19.55185972366645
75.42,0.223309290557128,-0.5149357875690623,19.03589029137383
75.43,0.1538365017508341,-0.49242726520174934,18.533939987838025
75.44,0.09304677334451913,-0.47559096620761737,18.045612246198914
75.45,0.03939801137733345,-0.4641604880334923,17.570494223218994
75.46000000000001,-0.008298194542980022,-0.4579564900113587,17.10810718871951
75.47,-0.05107515886198355,-0.4567559809847728,16.658126600151135
75.48,-0.08990487938143445,-0.46031102491864967,16.220061225828417
75.49,-0.12562686542704438,-0.4686315959620435,15.793656725877673
75.5,-0.15894299720812854,-0.4815857646435634,15.378734915211567
75.51,-0.19059746219548504,-0.49909382417925485,14.974936309216275
75.52,-0.22101111473973364,-0.5211763825599464,14.58193651048936
75.53,-0.2509249994946731,-0.5478257386803705,14.199440089882476
75.54,-0.2808226199884106,-0.5792172861179687,13.82721739401777
75.55,-0.31099273754283197,-0.6155899409295279,13.465051168228912
75.56,-0.3419763810402199,-0.65703775541746,13.112713102882692
75.57000000000001,-0.3743734368058511,-0.7038178182065602,12.770000442731604
75.58,-0.4084618894303671,-0.7564890696722535,12.436741261974
75.59,-0.44451867414393254,-0.8156112281320518,12.112763707002816
75.60000000000001,-0.48300994431600225,-0.8814417779805787,11.797880994172855
75.61,-0.5244785827140007,-0.9544199459227154,11.491953485935785
75.62,-0.5693249718738344,-1.0353609312752514,11.19487872611776
75.63,-0.6179494943311633,-1.1250799333545367,10.90655425854666
75.64,-0.6708719145844715,-1.2242125933171393,10.626889709418133
75.65,-0.728741595206367,-1.3336503009597123,10.355932696586313
75.66,-0.7921414303562689,-1.4546244810318856,10.093790628821854
75.67,-0.8616542653043867,-1.588366642751539,9.84057091769008
75.68,-0.9378513342324579,-1.7358205001204834,9.5963375613215
75.69,-1.0215102143362929,-1.8984453690633107,9.361345154135721
75.7,-1.113519866202142,-2.0782239029993628,9.135982123599437
75.71000000000001,-1.2147679205355775,-2.2771286171391543,8.9206356616521
75.72,-1.3261261320817095,-2.496453688902422,8.715720129345648
75.73,-1.4488173295740359,-2.738399619938642,8.522109190572161
75.74,-1.5841988999592909,-3.005846274382227,8.340827577887074
75.75,-1.7335982814449753,-3.301568529511249,8.172886498256327
75.76,-1.8982115012628555,-3.6276046519011946,8.01956613414567
75.77,-2.0797918487457188,-3.987397099311701,7.883051936663669
75.78,-2.280214982968254,-4.384758553277157,7.76565452403277
75.79,-2.501289257557729,-4.823119214429728,7.669563557192798
75.8,-2.7449911715985276,-5.305561876054344,7.598008265851628
75.81,-3.0138084941693504,-5.836684355128689,7.555923590971108
75.82000000000001,-3.3102527653192575,-6.4211757117368675,7.548312005136588
75.83,-3.636717489452521,-7.062808455083215,7.579865489251806
75.84,-3.9959509376251683,-7.7650559423766845,7.65841482631363
75.85000000000001,-4.3910105539195,-8.532214986785366,7.79374321357184
75.86,-4.824956730282079,-9.36852690165724,7.995552114794632
75.87,-5.3007266372069495,-10.276026299411381,8.27457338333271
75.88,-5.820887894391474,-11.254004166918365,8.646690320086423
75.89,-6.387954882727039,-12.301596882146326,9.128656387961962
75.9,-7.004677470361162,-13.417228198873921,9.738092116622399
75.91,-7.671973176798733,-14.590406430676623,10.496211895376046
75.92,-8.389014860097943,-15.80581011287779,11.425035446357422
75.93,-9.155564925088164,-17.047751390724073,12.548463523081567
75.94,-9.96868042049817,-18.287352550732933,13.890421078315326
75.95,-10.819457040311534,-19.483249750189113,15.465338913554048
75.96000000000001,-11.6991884426345,-20.592145313272173,17.28954551784791
75.97,-12.595240807551496,-21.556229913765126,19.370928495167625
75.98,-13.486884727457744,-22.310733250260828,21.68994516009073
75.99,-14.352859433457773,-22.781249280188742,24.23075309307399
76.0,-15.164742852034378,-22.902660395244222,26.93538708479082
76.01,-15.89048663022632,-22.61792157726013,29.724147478809122
76.02,-16.49617517999062,-21.871146007373465,32.51159775218582
76.03,-16.952308068319862,-20.669736551219795,35.17858866347414
76.04,-17.225666808974168,-19.018895435596804,37.60418347295719
76.05,-17.29720663139841,-16.983354891643206,39.686981013225974
76.06,-17.153772680710905,-14.657287360479945,41.33213578826229
76.07000000000001,-16.792365441219285,-12.148046268222155,42.48854515899095
76.08,-16.223392930905952,-9.585131935140796,43.136282301634864
76.09,-15.46683739609951,-7.0810538305726,43.299465743661955
76.10000000000001,-14.552477923333463,-4.741720250604757,43.0309069402046
76.11,-13.513651569516986,-2.6350618982438507,42.40514231622047
76.12,-12.387400928236348,-0.8107496080903278,41.506015103747174
76.13,-11.20900780722371,0.7201194633475816,40.41599000931406
76.14,-10.012096073737085,1.959822595354662,39.21085333792334
76.15,-8.824038958819072,2.932180138008652,37.950630177053846
76.16,-7.668623653407061,3.667105265356456,36.683023118923984
76.17,-6.563108444885323,4.201623750413782,35.44151705799341
76.18,-5.520120605585735,4.571058661494978,34.247350914688724
76.19,-4.547835665367006,4.8103924463145695,33.11346644621231
76.2,-3.650188173652408,4.949246404354146,32.04488547189442
76.21000000000001,-2.8284388201062765,5.014709773072864,31.042759080136978
76.22,-2.0812200508858703,5.0277671684193574,30.104454736433127
76.23,-1.4053998011995785,5.007197519666506,29.22604924271301
76.24,-0.7966553298500951,4.96663437335409,28.402676253207908
76.25,-0.2503656743174061,4.917501646381187,27.629923616626172
76.26,0.23927747743809324,4.868788740263622,26.902695191653155
76.27,0.6779112605850667,4.827230726238112,26.216817373213438
76.28,1.0714782232440547,4.797822371053968,25.568525803867498
76.29,1.4254693577675703,4.784355970948336,24.954765250941776
76.3,1.7458794438105838,4.789368149139885,24.372855364826595
76.31,2.0369083288924834,4.81526852908896,23.821175713794307
76.32000000000001,2.304352776976827,4.863215056214429,23.297709745117917
76.33,2.552447600915971,4.934029464606757,22.801631746541336
76.34,2.7841329621195707,5.028993305828082,22.332715885799946
76.35000000000001,3.0044811309918966,5.1481899318393385,21.890048332390034
76.36,3.217340288535576,5.2916490771113684,21.47360021586023
76.37,3.4245625528646233,5.460212919824539,21.084191134573647
76.38,3.6281544730760995,5.6546440170873735,20.722593207499653
76.39,3.8332333677189148,5.87393522147074,20.38883522707063
76.4,4.042203112793006,6.1180631315260605,20.084313655718795
76.41,4.25590358055167,6.3877496929391215,19.810984188747273
76.42,4.475174643249118,6.68371685139688,19.57080252145805
76.43,4.701479270948848,7.006498778888231,19.36557982427037
76.44,4.940511858211047,7.354772251214029,19.19660017405698
76.45,5.193261506097432,7.727581606017487,19.06705873865853
76.46000000000001,5.459481882610799,8.124247001852716,18.980512533337407
76.47,5.738926655753868,8.544088597273696,18.940518573355746
76.48,6.031349493530561,8.98642655083621,18.950633873975544
76.49,6.336504754932038,9.45058085834175,19.014415602205325
76.5,6.657120026460772,9.934323820792235,19.136098289275445
76.51,6.994892352077339,10.43238022210866,19.319784971461484
76.52,7.34830407356693,10.939433743945287,19.568895717015504
76.53,7.7158375327162565,11.450168067958545,19.886850594190687
76.54,8.096243348546164,11.959202953851733,20.277459401836
76.55,8.489595979865804,12.458937564167174,20.746207635757695
76.56,8.89245681580875,12.939038383795134,21.29301362023802
76.57000000000001,9.300628957341313,13.389004472626029,21.91664888677146
76.58,9.710098716955347,13.798040309275294,22.61649148971844
76.59,10.11787328455275,14.151971363986759,23.394806312137916
76.60000000000001,10.517699187058556,14.438344553467452,24.24206511588282
76.61,10.90254421451269,14.645572193876097,25.146051973841132
76.62,11.26534950158603,14.76148959312331,26.094981964330643
76.63,11.598736108977873,14.769279876532517,27.079682990810134
76.64,11.895656234628765,14.664282854638731,28.080012931945465
76.65,12.149195275236577,14.445334672290912,29.072985859425422
76.66,12.351760492091785,14.10942071801395,30.035880061167397
76.67,12.494731752879234,13.65213638041218,30.948148746281568
76.68,12.575484859543398,13.08752951950308,31.7895301825429
76.69,12.592127773482929,12.431783269947427,32.53964636328674
76.7,12.539730306649616,11.696735850687974,33.177655667074944
76.71000000000001,12.418052382530862,10.899967338335625,33.6931056989139
76.72,12.231847511088326,10.06573917841469,34.080915159226194
76.73,11.983083308687476,9.216163051966758,34.333541378094665
76.74,11.675811956099203,8.369819790041195,34.45195963914558
76.75,11.319473185914559,7.546324505509729,34.44596213484035
76.76,10.921762257022467,6.764624570348496,34.32300364924666
76.77,10.489298485678805,6.036606787296548,34.09236622027884
76.78,10.031951355139384,5.370391313002206,33.7701509044083
76.79,9.559155679699993,4.774604105753507,33.37078988058457
76.8,9.078348586437462,4.252944976282614,32.9055703868453
76.81,8.59674952434575,3.803304439338484,32.38842977149887
76.82000000000001,8.121634297620966,3.4236062843169934,31.833207061405716
76.83,7.659689469353164,3.1122472604894766,31.249708088831174
76.84,7.215043034418883,2.863975895849749,30.64592475969593
76.85000000000001,6.791435012474697,2.672756296513366,30.030176309254717
76.86,6.392858842960566,2.533448046129897,29.409345279862684
76.87,6.021283306662504,2.440732465248993,28.787678500780686
76.88,5.6778874893963485,2.388828075771095,28.169190437742873
76.89,5.363936248490332,2.3724574933191622,27.55750031877172
76.9,5.079853433950617,2.3875225513783116,26.95480251421008
76.91,4.825461820878914,2.429932363178104,26.36299640716211
76.92,4.600411668518306,2.4959801163400517,25.783825727495888
76.93,4.403975258150753,2.5831423715064155,25.218245647403833
76.94,4.235468465095823,2.6890153800274668,24.666962976992426
76.95,4.093968957480701,2.8113869897698573,24.130767672025026
76.96000000000001,3.9778646724761386,2.949297683674012,23.610582320928074
76.97,3.886460741734477,3.101931495899094,23.10687414439716
76.98,3.8191674433453295,3.2684299283785303,22.62006725629456
76.99,3.7750133035779427,3.4481656612558043,22.150645453667433
77.0,3.7515687266954125,3.6419660907309455,21.699495946969623
77.01,3.748577130221867,3.850195833684294,21.267428029757387
77.02,3.7661286142557384,4.0730660361828654,20.85521412492255
77.03,3.804313278895546,4.310787844294637,20.463626655355213
77.04,3.8632212242397506,4.5635724040866466,20.09343804394723
77.05,3.9423704194567146,4.832178607044726,19.745485601565722
77.06,4.039714973787629,5.119217692126519,19.421369417713358
77.07000000000001,4.155468478175447,5.425586805526787,19.123173591002093
77.08,4.29009475306527,5.751964820262491,18.85298893623292
77.09,4.444057618902789,6.099030609352001,18.612906268205688
77.10000000000001,4.617820896133132,6.467463045812307,18.405016401721433
77.11,4.811848405201318,6.857941002660278,18.231410151581002
77.12,5.0266021899854065,7.27165969997809,18.094462397574844
77.13,5.2622706150773375,7.710241654468002,17.998200574781077
77.14,5.518735985940228,8.172724711163907,17.94687023515896
77.15,5.795869065239504,8.657960896070962,17.944678139846268
77.16,6.093540615640472,9.16480223519419,17.99583104998049
77.17,6.411621399809723,9.692100754540794,18.104535726699385
77.18,6.750513158837919,10.238678333392741,18.275718175766784
77.19,7.110932628481836,10.800761556858555,18.51581380265245
77.2,7.491092367060838,11.37186540782616,18.829064758612304
77.21000000000001,7.889046167325763,11.945414863326796,19.219539732971825
77.22,8.30294222509023,12.514826793407245,19.69150583378637
77.23,8.732086013810692,13.071675205363816,20.2518698857803
77.24,9.17256077822044,13.603495784194388,20.901279263659386
77.25,9.619320209635701,14.097296492810182,21.63808150580153
77.26,10.067537910604193,14.539662080069506,22.46149413865201
77.27,10.512976753195549,14.913563855763272,23.37304489615979
77.28,10.947888744357977,15.204180853706358,24.360333705582214
77.29,11.363887179510554,15.397492139841072,25.408430061677457
77.3,11.752481129928444,15.477463434926669,26.503752426356517
77.31,12.104824296358853,15.426297837297888,27.63215888496456
77.32000000000001,12.412500572309416,15.24139359520141,28.76697680144148
77.33,12.667152284305663,14.921652171047441,29.880398574170293
77.34,12.858411989133995,14.460314717676157,30.94574580086404
77.35000000000001,12.97952846612177,13.86357830601879,31.938509761323694
77.36,13.028062085414467,13.151282849416218,32.834032959450106
77.37,13.000050917049736,12.341049892308119,33.60709329127492
77.38,12.891234960433504,11.449344242151783,34.23929460258014
77.39,12.70639447246219,10.504979657848073,34.72372008320408
77.4,12.448984422789895,9.536296211071905,35.052109205190604
77.41,12.121887956085732,8.56660948708208,35.22211548751298
77.42,11.735603052503972,7.619937588006527,35.24522163018252
77.43,11.299364581874068,6.719890397484454,35.13088588876421
77.44,10.821185303680132,5.881940479475495,34.89024834058911
77.45,10.312646880096224,5.116308867706842,34.5430366935461
77.46000000000001,9.78463868829045,4.433866996982447,34.10637728220952
77.47,9.246062195965681,3.838001791268086,33.59480712180625
77.48,8.705814340773015,3.3263409043069503,33.02560519701607
77.49,8.172790392004222,2.896976938289591,32.41503008922271
77.5,7.653951224953517,2.546618234408455,31.773982363701855
77.51,7.154193228299057,2.2680370532686975,31.11283137830688
77.52,6.678679596244826,2.054348112404695,30.441421569258164
77.53,6.231262748671161,1.899121922879846,29.766131639223403
77.54,5.8137729963684714,1.7948226787130146,29.092245599442972
77.55,5.428214155805065,1.734443751152119,28.424538041667812
77.56,5.0755286601881915,1.7122360229085314,27.765761066148677
77.57000000000001,4.755700992639921,1.7224065217521616,27.118207354098313
77.58,4.468660869335,1.7601341474093504,26.48382982577424
77.59,4.213683647350761,1.8215283803647822,25.86358771815927
77.60000000000001,3.989805984397532,1.9028641919065181,25.25829676326683
77.61,3.7956790147890276,2.0015617817054645,24.6685672647528
77.62,3.6301282115286915,2.1154564656613646,24.094780205658765
77.63,3.49178578712269,2.2425701586872906,23.53728127384888
77.64,3.37879768469755,2.382149353611418,22.99627568473903
77.65,3.2902871215453704,2.5335518718380157,22.47199259262021
77.66,3.225477506050695,2.6960922215197782,21.9646691028004
77.67,3.182792087306597,2.8695851674868824,21.47456820358753
77.68,3.159801168799936,3.0551701251203984,21.002138634317927
77.69,3.1564753851277136,3.2532598622135502,20.54790618090848
77.7,3.1729040465778393,3.464212045854658,20.112396606571114
77.71000000000001,3.2091764634382516,3.6883843431312076,19.69613567451969
77.72,3.265376565512706,3.926137989292423,19.29964892880588
77.73,3.3396987181479068,4.17930337322067,18.923585053109445
77.74,3.4310544511674435,4.450011141336969,18.5693405273803
77.75,3.540042799699129,4.739446453196933,18.238541364104073
77.76,3.667262798870401,5.048794468355037,17.93281357576792
77.77,3.813313483808593,5.379240346365644,17.65378317485885
77.78,3.9787938896416746,5.731969246784536,17.403076173862708
77.79,4.163841497746309,6.108921359955277,17.18235388216946
77.8,4.368554465018142,6.511752325230533,16.994755991674477
77.81,4.593495864278497,6.941178422369695,16.844142888112465
77.82000000000001,4.839228800622914,7.397915872207212,16.73437498065773
77.83,5.10631637914682,7.88268089557738,16.669312678484342
77.84,5.3953217049467925,8.396189713316584,16.652816390766127
77.85000000000001,5.707570190243777,8.939245692081506,16.689471211795556
77.86,6.043930371582574,9.510173176718483,16.78541238718976
77.87,6.403848922702673,10.105649706931255,16.94663720749067
77.88,6.786767070902302,10.7223488816885,17.1791404989341
77.89,7.192126046479796,11.356944300874186,17.488917091877486
77.9,7.620577509841215,12.005310276928183,17.883916697911342
77.91,8.07094193047438,12.658106903193806,18.370734016728957
77.92,8.53992712956521,13.30419051335399,18.95334974845611
77.93,9.024242266050189,13.932416924767539,19.63574845072066
77.94,9.521543465213101,14.529746511163083,20.424946207929402
77.95,10.026596662451192,15.078479280819241,21.320760927032538
77.96000000000001,10.532042241141196,15.560373964452767,22.317149120793342
77.97,11.030736620254615,15.956027851944176,23.409559065402835
77.98,11.515143019938622,16.241878700066366,24.593220799803444
77.99,11.974658218046713,16.401464655275266,25.8459254510087
78.0,12.398358732073511,16.419419046742945,27.143503107494784
78.01,12.774236651105623,16.273533209384464,28.464793636363186
78.02,13.09157018694642,15.956185363426355,29.779907566411534
78.03,13.3412702486381,15.473180529619597,31.051932210283905
78.04,13.51298023177866,14.827333932874016,32.24419011990362
78.05,13.596574421463957,14.02425170038609,33.32533646399298
78.06,13.590668714445867,13.092882933681492,34.26892119080868
78.07000000000001,13.492357715605818,12.061255904171825,35.0471201730682
78.08,13.29841307441924,10.955350852258508,35.64074728772117
78.09,13.01722537732393,9.812966318863783,36.048835274362524
78.10000000000001,12.655840223360336,8.671069832126316,36.269264247756674
78.11,12.219877039464594,7.5574775712523286,36.3059302698164
78.12,11.723047093247185,6.498004169746952,36.17832911231671
78.13,11.177160712017368,5.517607899653168,35.90280738955367
78.14,10.593886453611734,4.62909885945468,35.49947864288892
78.15,9.987031440868236,3.840500336066842,34.993682225670675
78.16,9.369067018658015,3.159472242274657,34.40573111752057
78.17,8.74985962810277,2.582286299131808,33.75450007316266
78.18,8.138979649874035,2.1026686085889468,33.059670478888826
78.19,7.545553988754923,1.715337910998059,32.337187041848296
78.2,6.975705254989039,1.411915636564114,31.597693045778037
78.21000000000001,6.434790149780724,1.1825423982469139,30.851764760826423
78.22,5.926818017889805,1.018285269518952,30.106804986360054
78.23,5.454133975357571,0.9096586045734375,29.368563210439568
78.24,5.0184414273763585,0.8482165558513591,28.64104455251306
78.25,4.620292581129659,0.8260514165455032,27.927093124516244
78.26,4.25950195486701,0.8363739507091559,27.228492808647353
78.27,3.9353591267582653,0.8731946741155926,26.546443304359645
78.28,3.6465930676640492,0.9317825157982424,25.881573910335703
78.29,3.391737857056961,1.0078758361390678,25.234153828111754
78.3,3.168935108749632,1.0983431197581086,24.604150778727835
78.31,2.976674947439604,1.2005553600957346,23.99151543941144
78.32000000000001,2.812557198948401,1.3126039935339777,23.396124069294057
78.33,2.6751083443006074,1.4332123302548025,22.817660939842618
78.34,2.5629019774828103,1.5612225612897574,22.255815463433468
78.35000000000001,2.473136472250244,1.6965941825783235,21.71053808743069
78.36,2.4047601125001443,1.8392901587370376,21.181743176749258
78.37,2.3571351791572988,1.989151521005033,20.66931105857213
78.38,2.3292683464022104,2.1461930885737623,20.173129677305518
78.39,2.3176838554591854,2.3120837253379025,19.693273884542567
78.4,2.3219587098901093,2.4878167920305,19.2300007939515
78.41,2.3424824972231373,2.674066696581736,18.783573823965202
78.42,2.379644804986524,2.8715078469225936,18.354256393014666
78.43,2.4338352207084477,3.080814650983269,17.942311919532795
78.44,2.505349921886674,3.30271505667957,17.548007154371554
78.45,2.592093564503356,3.5396152395415768,17.171945673844846
78.46000000000001,2.69356965801881,3.7938089024894244,16.815331623117793
78.47,2.8104643926902337,4.067036717388903,16.479429077851204
78.48,2.9434639587753337,4.361039356106978,16.165502113704473
78.49,3.093254545140534,4.677557490315672,15.874814804606494
78.5,3.2602190067224956,5.018334237753821,15.608499586388694
78.51,3.4449530763797687,5.3853200791813265,15.368935207365832
78.52,3.6484580545223784,5.780566146666244,15.159249974123089
78.53,3.871735241561232,6.2061235722783366,14.982572193244774
78.54,4.115785937906381,6.664043488085703,14.842030171316114
78.55,4.381922213595165,7.156318583378303,14.74058518885852
78.56,4.671648240809555,7.683925277178612,14.682829682315774
78.57000000000001,4.9858571856032485,8.247194474459123,14.675030069941535
78.58,5.325429327327447,8.84645146289797,14.723473924480919
78.59,5.691244945334814,9.482021530175873,14.834448818679283
78.60000000000001,6.084595481932443,10.15421108658864,15.014610690152985
78.61,6.506988309099142,10.860259922603326,15.272611803266027
78.62,6.9577189196319225,11.593966486036285,15.617212410293483
78.63,7.4359279726956995,12.348998716933595,16.057115214044106
78.64,7.940938511731575,13.119015018996988,16.601366431429454
78.65,8.472711124892227,13.89416683944278,17.26130186996131
78.66,9.027172176945397,14.657768596395185,18.04286819405112
78.67,9.599382873692612,15.392404560921163,18.95062561511007
78.68,10.185067427725349,16.07925909581368,19.991494203768223
78.69,10.777870939695182,16.693145529204436,21.16715269377223
78.7,11.3673968657016,17.207810838062525,22.466820281885624
78.71000000000001,11.943332472843483,17.595104479291113,23.88149865438372
78.72,12.494280047345384,17.822959992011562,25.399034510833513
78.73,13.005770936530672,17.870715838578775,26.98487242725386
78.74,13.462824127650507,17.71728899407069,28.603234490663503
78.75,13.848880928892218,17.336492218266816,30.21978996835275
78.76,14.151530679799537,16.734173899504842,31.78617606755936
78.77,14.35896423216764,15.921753885255415,33.25127159334657
78.78,14.45627827079832,14.90539186935173,34.56764160203646
78.79,14.439859088761777,13.721633799711867,35.70017540823382
78.8,14.307320046458054,12.413067198516632,36.61399037786029
78.81,14.055126664900037,11.018731016547449,37.284181085458684
78.82000000000001,13.694519020954404,9.590992379893347,37.71199973567785
78.83,13.233807304387879,8.179672644867141,37.89694966838792
78.84,12.684067315807155,6.822159825604614,37.854074400611765
78.85000000000001,12.063474962596297,5.554041377633146,37.611692297565185
78.86,11.386361469325704,4.402594132430556,37.19428772631724
78.87,10.670493058392163,3.3795409721437606,36.63632161312693
78.88,9.933413794280721,2.4964726694963977,35.96978408552871
78.89,9.189049325271483,1.7516431664275764,35.22121063623067
78.9,8.450491255087043,1.1361341401175602,34.41808055120186
78.91,7.729873976307511,0.6417140861747991,33.58285445772573
78.92,7.036008908335092,0.25624104701258676,32.73133556032737
78.93,6.376178478215342,-0.03370283007910743,31.87703173188071
78.94,5.755545739980719,-0.24199464355366362,31.029720466498322
78.95,5.177556276795552,-0.3818793702920453,30.196207966046924
78.96000000000001,4.644058672102122,-0.4656594363077449,29.380976778723483
78.97,4.155692708840293,-0.5043334418006923,28.586652989842836
78.98,3.711870015497353,-0.5073535829987497,27.81475081475829
78.99,3.311329474050414,-0.4829127427349214,27.065633506567412
79.0,2.952281667436203,-0.4378513094943648,26.33914832114101
79.01,2.6324097566828244,-0.3778004719227142,25.634796139935716
79.02,2.3492320559194617,-0.30707348549564784,24.95175808462001
79.03,2.1001289611830933,-0.22941203496509216,24.289199608056418
79.04,1.8823162959731141,-0.14738921997242757,23.646306801557678
79.05,1.6930822198175908,-0.0630114950992184,23.022232321726563
79.06,1.5299610403485753,0.022213024281737066,22.4161158243233
79.07000000000001,1.3905293508241827,0.107249284004197,21.827232202598566
79.08,1.2724132074379468,0.19164763525546286,21.254872846620135
79.09,1.1732963671276124,0.27518396142887436,20.69837172933267
79.10000000000001,1.091475924084504,0.3578291032224046,20.15724827490393
79.11,1.02537702857273,0.4396190028919359,19.631053593356036
79.12,0.972773905919354,0.5213355946281496,19.119224798324538
79.13,0.9327786353410379,0.6032777153000954,18.621376765191652
79.14,0.9047387617435667,0.6856134996936168,18.13715811487986
79.15,0.8875342854864912,0.7688882447658844,17.66625053380355
79.16,0.8793495026904937,0.8545784432355799,17.20843883195733
79.17,0.880010703886563,0.943237528990939,16.76345021346465
79.18,0.8894558632118336,1.0353420748668525,16.331005912589017
79.19,0.9075968386031119,1.1313876017535152,15.910828610906593
79.2,0.9333367991629555,1.232753216395472,15.502753578216808
79.21000000000001,0.9663183585147267,1.3407153041741975,15.10673714257227
79.22,1.0068105058110075,1.456170925502887,14.722728984250862
79.23,1.0550822302045573,1.5800171407952326,14.350678783528842
79.24,1.1112448585532768,1.7132132372055004,13.990545211267106
79.25,1.1751165019131538,1.8571735600835704,13.642426318843068
79.26,1.2472034073296254,2.013450597395366,13.306529028093852
79.27,1.3280731712053426,2.1835901435750174,12.983063095543573
79.28,1.4182918225969443,2.36913519846315,12.672238061959167
79.29,1.5182660637302448,2.5713312683567793,12.374356683150399
79.3,1.6287673951335693,2.7920289268094556,12.090161460758786
79.31,1.7508091846520109,3.0335004764024527,11.820509947057364
79.32000000000001,1.8854048001301993,3.2980182197161207,11.566259694320381
79.33,2.033508261614545,3.5875653026729903,11.328186343921349
79.34,2.1962713575810797,3.9042412554200467,11.10771451671746
79.35000000000001,2.3751831552743132,4.251078196882798,10.907049788284853
79.36,2.5717396240223866,4.631131451692841,10.728411886511864
79.37,2.787416166399517,5.047175621162242,10.57382159601683
79.38,3.023895677619241,5.501636899464788,10.446004077374862
79.39,3.283200261536923,5.998057352900897,10.349526340375107
79.4,3.567366484746374,6.540055179396718,10.289045620735608
79.41,3.8784350118466717,7.131054533341967,10.269034774217992
79.42,4.218554317585301,7.7732514153008125,10.295130112190607
79.43,4.589982998269325,8.468899726056776,10.376192295152025
79.44,4.994984307865299,9.220324151765361,10.521324372178888
79.45,5.4359279635130315,10.029848239009826,10.739609077428153
79.46000000000001,5.915277508275708,10.897264122598454,11.042038769977161
79.47,6.434078941845866,11.818238854190918,11.44303012434758
79.48,6.99318110669752,12.788118302570343,11.95728370331562
79.49,7.593825059261199,13.8023474325662,12.60021186546694
79.5,8.23696085807512,14.84997403976086,13.390183073458795
79.51,8.918871891393954,15.909610585747236,14.342196674301334
79.52,9.635352786384802,16.959155166798155,15.47069056560756
79.53,10.382915396637724,17.973783359489097,16.793218835029194
79.54,11.153221508564283,18.91494345255869,18.31799620083221
79.55,11.933358005765804,19.73980301232657,20.04126337094646
79.56,12.711012656488,20.399239838954802,21.964977641751563
79.57000000000001,13.467589735647744,20.84175039708692,24.063844982832347
79.58,14.180704302000722,21.02078646665574,26.293198844831103
79.59,14.82681745487252,20.87969376537636,28.612005213558106
79.60000000000001,15.38146232193393,20.393033579232938,30.947908720438534
79.61,15.819371293318659,19.548694359992215,33.21510602524953
79.62,16.112913924293,18.33419089034374,35.33072420315207
79.63,16.249263874379682,16.802682834668396,37.21381401604645
79.64,16.21470045012008,15.010531247804598,38.7838382023543
79.65,16.001185513200678,13.023289211864164,39.99003571287486
79.66,15.615260665739003,10.935884771086528,40.80520309937955
79.67,15.063941464975336,8.832772224719871,41.221518986133894
79.68,14.370532034545018,6.799733213895516,41.26957284192463
79.69,13.555016040703697,4.905713501708865,40.98446804375196
79.7,12.647093374327333,3.197916994268878,40.427214718405914
79.71000000000001,11.673596598173248,1.7101139923820727,39.65415188366609
79.72,10.66236331176836,0.4483287767914223,38.727253279935894
79.73,9.638621808160906,-0.588459319120854,37.699818749672545
79.74,8.624045746280512,-1.415072671233788,36.61677195097411
79.75,7.636529847282173,-2.053745758416899,35.51349888617393
79.76,6.6903889531368765,-2.529815081910448,34.416563064287125
79.77,5.795923458746415,-2.870117393989816,33.344641260312024
79.78,4.95950152043358,-3.099892538535585,32.30874561209345
79.79,4.185299656525665,-3.242745960931011,31.315661370584785
79.8,3.4743276377848957,-3.3189540199852825,30.367654498048346
79.81,2.826320708582694,-3.346480119760001,29.465063370385263
79.82000000000001,2.239063389436803,-3.339414484882323,28.606264968709976
79.83,1.709361071620126,-3.310515933025796,27.788869418223353
79.84,1.2333401282891008,-3.2689833541825433,27.009915719619816
79.85000000000001,0.8068589108025851,-3.2229252050279804,26.26647298733074
79.86,0.4248405431438048,-3.178265053657001,25.55560894992715
79.87,0.08340914915025233,-3.139639124198568,24.875136707945924
79.88,-0.22200803285601495,-3.1109876688635008,24.22274052253431
79.89,-0.4963499568526415,-3.094705473887328,23.59636246925465
79.9,-0.7436147097508835,-3.0931308248312046,22.99442828975606
79.91,-0.9681517980159167,-3.107521736787626,22.41559347194961
79.92,-1.173292803443874,-3.1392058731311314,21.858819473467232
79.93,-1.3632576159781151,-3.188717424863819,21.32310473497926
79.94,-1.540664775616957,-3.2570200337001918,20.808092186145437
79.95,-1.708500212540159,-3.344801042487622,20.313387655228635
79.96000000000001,-1.8703462011527674,-3.452114258037998,19.838669625223236
79.97,-2.0278976090474736,-3.5799299574764984,19.384121592261753
79.98,-2.1829160544822006,-3.7291654841298083,18.949912556222134
79.99,-2.3390436225611135,-3.8995456104601547,18.53600140115194
80.0,-2.4981860781725,-4.092017087189289,18.143171311896058
80.01,-2.6615278663450557,-4.308009363043237,17.772417764867697
80.02,-2.830266209383391,-4.54894095002675,17.42473043471637
80.03,-3.007231930058555,-4.814867241190441,17.100598504580223
80.04,-3.1946362895010485,-5.106490869892619,16.801594787308062
80.05,-3.393488829008163,-5.4255671666072365,16.530003014963746
80.06,-3.6047990898780453,-5.773851461809619,16.288106919609998
80.07000000000001,-3.8296617637196206,-6.1530490255703,16.078146970415453
80.08,-4.071117447252794,-6.563514362968656,15.901950695109672
80.09,-4.330914701125495,-7.005835730998504,15.763466334051206
80.10000000000001,-4.60989802286801,-7.481054042327692,15.667321022191764
80.11,-4.908911910010511,-7.990210209623882,15.618141894482829
80.12,-5.228800860084462,-8.534345145556927,15.62055608587569
80.13,-5.5718966155313865,-9.113891272142546,15.679500901832236
80.14,-5.9399870082245885,-9.726384220573031,15.801652958476152
80.15,-6.332805992468325,-10.368504245776544,15.994267699993397
80.16,-6.750086082913368,-11.036931535697793,16.26460065996152
80.17,-7.191618908861658,-11.72834975620085,16.619968862708397
80.18,-7.658818555225434,-12.437483912852088,17.06975047158084
80.19,-8.149899506626518,-13.153046658777617,17.621054353610024
80.2,-8.661468673947121,-13.862657050385506,18.279498822564285
80.21000000000001,-9.190308836128947,-14.553849974802489,19.051108035204177
80.22,-9.734231230418244,-15.210411481446343,19.944287439151136
80.23,-10.286371176580664,-15.811194392855134,20.956669606997153
80.24,-10.838658829678767,-16.33474117007318,22.083108174908176
80.25,-11.383692018064934,-16.756068785440906,23.322385745775446
80.26,-11.91153503929167,-17.04992478664434,24.66150829244755
80.27,-12.409661686979574,-17.196294581453206,26.0741749842217
80.28,-12.865260863287675,-17.172690092398216,27.535366117732153
80.29,-13.264792131485956,-16.955056051325606,29.018971757329254
80.3,-13.59659292192492,-16.543643975719778,30.483168737691496
80.31,-13.84886213237873,-15.940398981328027,31.884535130129464
80.32000000000001,-14.007204554008656,-15.142547365780635,33.182558818996824
80.33,-14.0666074688412,-14.17675982315421,34.3422583432488
80.34,-14.023669738986728,-13.07565639860007,35.328671197805505
80.35000000000001,-13.872067304015772,-11.867013109876902,36.112164658197955
80.36,-13.61768544592143,-10.594154056388657,36.68409257089845
80.37,-13.26571037967308,-9.30088415451674,37.03568749959734
80.38,-12.823310458039161,-8.02338305535164,37.17106746997362
80.39,-12.305659036915802,-6.797880168530936,37.11000057274677
80.4,-11.724345776404693,-5.655817430015794,36.868138303561594
80.41,-11.094446944971967,-4.614341231949063,36.47267480344349
80.42,-10.432180593319318,-3.6890920537682264,35.952655354032444
80.43,-9.750900292551588,-2.88741958799758,35.33164424557962
80.44,-9.063632769695772,-2.2055360378365445,34.635896067534794
80.45,-8.383088882335135,-1.63998034379068,33.8893926824319
80.46000000000001,-7.718798049316147,-1.1833886897487549,33.10897517788097
80.47,-7.078927730897741,-0.8247416456137844,32.31068720942519
80.48,-6.470144667702384,-0.5529576605351717,31.506138661476896
80.49,-5.897038099499822,-0.35616634451996576,30.704520540205237
80.5,-5.362913250052273,-0.22311602260635865,29.912384706621793
80.51,-4.8695902586767605,-0.14320746032001602,29.134340063074333
80.52,-4.417756186553903,-0.10681496232812032,28.373309631369114
80.53,-4.007173503968905,-0.10552442145898841,27.631041093570985
80.54,-3.636967641129663,-0.13206849825295816,26.908320391649024
80.55,-3.305625750225468,-0.18046586392766628,26.205506219299302
80.56,-3.0112565868909495,-0.24557322193911835,25.522489895841957
80.57000000000001,-2.7516729368017705,-0.32352302408548433,24.858883899753653
80.58,-2.5247213769638543,-0.4110741161691435,24.214259902980416
80.59,-2.327957976919782,-0.5058376657283898,23.58803924141453
80.60000000000001,-2.1593286187716343,-0.6060339316869144,22.979594414263502
80.61,-2.01623544608315,-0.7104225230330652,22.388455818881933
80.62,-1.8968132758608802,-0.8182359019847062,21.814106484787235
80.63,-1.7992426266764856,-0.9288805673393471,21.25599777920086
80.64,-1.7209474718007816,-1.042714412924861,20.713700517365407
80.65,-1.6609527596449152,-1.1598508101754614,20.186920248557406
80.66,-1.6184693826141778,-1.2803319415528158,19.675368796393194
80.67,-1.5916951441038028,-1.404754677847704,19.178759018023953
80.68,-1.578227218360299,-1.5346009876265585,18.69693034686322
80.69,-1.578101668119639,-1.670485533622642,18.229825718047078
80.7,-1.5914246999609525,-1.8129915172055027,17.77738956763698
80.71000000000001,-1.6183025204633792,-1.9627021397441131,17.339566331696375
80.72,-1.6583282047288985,-2.120503366294464,16.916279079336594
80.73,-1.7095361970373473,-2.288634276601924,16.507581472222917
80.74,-1.7721719398882874,-2.4686038528946237,16.113878317669524
80.75,-1.8467556352289993,-2.6617890601214755,15.735599438746302
80.76,-1.933807485006506,-2.8695668632306357,15.373174658524839
80.77,-2.033444138601408,-3.0934331428269206,15.026932055700378
80.78,-2.1454601613117315,-3.3354124456722136,14.697479424936303
80.79,-2.270764029110752,-3.597598207112927,14.386035843231179
80.8,-2.4103079451050524,-3.8820789364020505,14.093838034725056
80.81,-2.5650441124018206,-4.190943142793803,13.822122723556742
80.82000000000001,-2.7357225015747724,-4.52605571519959,13.571971502301865
80.83,-2.923320443795484,-4.889630449383329,13.345533187404559
80.84,-3.1292308131611937,-5.284398120982618,13.145801790213202
80.85000000000001,-3.3548474887124686,-5.713090703039111,12.975772882116377
80.86,-3.6015767782051915,-6.17838057308769,12.83836355140722
80.87,-3.8710166725186297,-6.682091705549714,12.7365688932816
80.88,-4.164768131165746,-7.226180806975325,12.676042990204191
80.89,-4.484399935616735,-7.812775623255768,12.662948231795768
80.9,-4.831480867340554,-8.444003900279997,12.703447007677397
80.91,-5.208030376363724,-9.121904954888356,12.803673059053205
80.92,-5.616065212298446,-9.845831446561293,12.972078563732651
80.93,-6.05622559384849,-10.613094026467675,13.219197883691223
80.94,-6.529112412449933,-11.420973756382672,13.55560006524783
80.95,-7.035383736513981,-12.266761952438875,13.991925208944869
80.96000000000001,-7.576681390175909,-13.145125957508604,14.54119085368683
80.97,-8.151275370918423,-14.04248095371017,15.215378238063451
80.98,-8.756109536520272,-14.94375087976128,16.025337517276483
80.99,-9.3886079655758,-15.833458877987393,16.98322217936453
81.0,-10.045342216317746,-16.688528356791323,18.101067109413826
81.01,-10.717413158340596,-17.47911376111774,19.379053339181894
81.02,-11.395732832547603,-18.174382637347243,20.81767149480312
81.03,-12.070851727761903,-18.736309537800793,22.41815986627294
81.04,-12.726979145954894,-19.12888390549363,24.15457214803288
81.05,-13.347329426042975,-19.316457375217443,25.997179628325345
81.06,-13.913960231896471,-19.255838206290896,27.918273598627998
81.07000000000001,-14.40823317803516,-18.929823404506475,29.862655599545338
81.08,-14.81093498395675,-18.32690110336472,31.768253169186963
81.09,-15.099750950747344,-17.43023331699919,33.575325181195055
81.10000000000001,-15.263837649725184,-16.273429042907726,35.22294677222196
81.11,-15.293629981209989,-14.897579818031522,36.649312139152705
81.12,-15.177603776418525,-13.3396609830494,37.80512011804056
81.13,-14.920607325104543,-11.66636683542268,38.66767018993933
81.14,-14.52426902698329,-9.941780994210038,39.21466322875961
81.15,-14.002020991349852,-8.227516189238846,39.45742624167451
81.16,-13.371188072820026,-6.585706235257123,39.4166380684438
81.17,-12.648622090132749,-5.059402598329087,39.12227319089727
81.18,-11.858105252005,-3.6824116240777682,38.619276045566856
81.19,-11.01983320529395,-2.4767196195315737,37.94725485039538
81.2,-10.155333301172373,-1.4453904929081878,37.15146321997281
81.21000000000001,-9.284002804304064,-0.588656008030231,36.27033143517931
81.22,-8.4217635017836,0.1049940350523067,35.33618315680889
81.23,-7.582884181956863,0.6502007138245358,34.375953353826944
81.24,-6.778427741953024,1.0650748257795282,33.410255239674015
81.25,-6.016646605806967,1.3686265403249465,32.45407813371766
81.26,-5.303072689383243,1.579599872783052,31.517584875013966
81.27,-4.641129545218015,1.7154866234978734,30.607280900057273
81.28,-4.03207881822078,1.7922237265555996,29.726840393200114
81.29,-3.4759946505657267,1.8232040571429717,28.877591394581774
81.3,-2.9716549684262215,1.8204161750708139,28.059778255653296
81.31,-2.516764557984896,1.79336084926337,27.272468867139946
81.32000000000001,-2.10844011759716,1.750292971613078,26.514347558680335
81.33,-1.7433924090838455,1.6976055845285727,25.78383656861866
81.34,-1.418490910455597,1.6404941257160364,25.07936526823243
81.35000000000001,-1.1296440030374992,1.5829782158313428,24.399077587959372
81.36,-0.8737045444663853,1.5280190966746254,23.74160253634074
81.37,-0.6472509789100589,1.4782489120979403,23.105586229383903
81.38,-0.4463885444368589,1.4351378979120673,22.48968682079879
81.39,-0.26866034410157413,1.400141820271512,21.89289180387978
81.4,-0.11103089365921837,1.3742323479838028,21.314232243878383
81.41,0.02964308284415179,1.3577275314467476,20.752863988537833
81.42,0.15568285259022363,1.35114813730568,20.20804125428129
81.43,0.2696376169052761,1.354725374410781,19.679161683147612
81.44,0.37363668039239506,1.3687942677451936,19.165655477968855
81.45,0.4695759102868229,1.393311079160834,18.667111381190885
81.46000000000001,0.5592428326726293,1.4284234341830166,18.18305251106337
81.47,0.6443051354512512,1.4742722866628333,17.713128861952647
81.48,0.7260452589814028,1.531235541257748,17.2571011457681
81.49,0.8061657668720418,1.5993349121429237,16.81471950387539
81.5,0.885785698030511,1.6790420239827155,16.385857874874635
81.51,0.9657596944034382,1.7710410231681282,15.970424862716074
81.52,1.0475066810544456,1.8755349381148159,15.568189115365165
81.53,1.1323471825129254,1.9931042131906054,15.179129833885257
81.54,1.2210382897856662,2.1249500750868537,14.803454998337116
81.55,1.3143377580022548,2.2722726029890907,14.441372146239202
81.56,1.4134584554581362,2.435634913023225,14.092885778244655
81.57000000000001,1.5196597659283264,2.6160707578030418,13.75833905116402
81.58,1.633862890864312,2.8153250132982044,13.438385533552957
81.59,1.756989031718071,3.0351425554792373,13.133678793965775
81.60000000000001,1.8901486441811401,3.276879802477809,12.844739547758003
81.61,2.034849607268507,3.541888500487632,12.572413945154853
81.62,2.192346591912831,3.8327516639419694,12.318256134137124
81.63,2.36388189077771,4.15209003150238,12.083838130782441
81.64,2.5507568321541187,4.502312295174436,11.87064943056854
81.65,2.7547414710354277,4.884938503411843,11.680459840502193
81.66,2.977548281343962,5.302959858399827,11.516607531079776
81.67,3.2208434185921724,5.759627885494554,11.382605983876024
81.68,3.486307465907793,6.2581445962557725,11.281917653555523
81.69,3.7760036305882325,6.800547918703921,11.217912297701838
81.7,4.092023554974054,7.389145744031689,11.196967856601743
81.71000000000001,4.436363847244246,8.026625077181246,11.226246391827223
81.72,4.8110211155776375,8.715672923094479,11.312909964949979
81.73,5.2184670472873185,9.458379090876939,11.46411000598363
81.74,5.660640296180979,10.253518631959402,11.69033717465401
81.75,6.138670210994705,11.098782983988794,12.003854526521838
81.76,6.65368593471091,11.991863515716574,12.416925395239186
81.77,7.20735760224912,12.93003625025415,12.94285628072023
81.78,7.8001068400006766,13.903078552772548,13.597100986419507
81.79,8.42952992459709,14.895502821338011,14.393669089473232
81.8,9.09327370890861,15.891747110130439,15.346830774116293
81.81,9.789400211493403,16.871358935478945,16.47396224552607
81.82000000000001,10.51012475811446,17.80219053557585,17.781495664822664
81.83,11.246220564363197,18.65034697978506,19.27280378318868
81.84,11.988969308778039,19.37516053189673,20.956300518458423
81.85000000000001,12.722218323452186,19.93204334465922,22.81250209782303
81.86,13.427410120775006,20.27756602976406,24.811869537863714
81.87,14.085451586506682,20.358987498731913,26.928873485433993
81.88,14.674502875265615,20.144618144387216,29.106779460130163
81.89,15.171551225411951,19.613650890250014,31.27549657173067
81.9,15.550695502391735,18.738602075856264,33.366692073405915
81.91,15.795966276563949,17.547959207587294,35.30350706175126
81.92,15.892070890904726,16.079094715428326,37.006860670277206
81.93,15.824530349094081,14.373307545236074,38.41489224915612
81.94,15.595576249680777,12.509819475274856,39.48919108019128
81.95,15.203450500168138,10.562086804642684,40.19690078527649
81.96000000000001,14.664719028766324,8.610533249604106,40.54948872534401
81.97,13.994865850236806,6.7316270192134935,40.5625565237174
81.98,13.215979391967128,4.979338110522441,40.2773693952269
81.99,12.353736035984035,3.401636080160597,39.74331433551236
82.0,11.432556965512244,2.0208217096875583,39.011967815617396
82.01,10.478720917496654,0.8472506310924338,38.139010979613516
82.02,9.513878027889788,-0.1217848706560989,37.16963148473644
82.03,8.55813886577307,-0.8992249358566666,36.14532826913675
82.04,7.6276831871362845,-1.5042517327882905,35.09758168031721
82.05,6.735689949524096,-1.9591790399629447,34.05083543558103
82.06,5.891763023467529,-2.2876525614809666,33.02238420294008
82.07000000000001,5.101883687559096,-2.5124085640388927,32.02304896133593
82.08,4.3700668144006425,-2.654475348533048,31.059700173528043
82.09,3.6974578624767958,-2.732505545949273,30.135245049750342
82.10000000000001,3.083802462114783,-2.7627248301738536,29.25050273029155
82.11,2.5274095762162947,-2.758603018498299,28.404469996619074
82.12,2.0255020218923834,-2.731509604881812,27.595386117756735
82.13,1.5746154899974696,-2.6902959743071437,26.82115205705127
82.14,1.1706164658099156,-2.642645179717907,26.079206395580623
82.15,0.8095393615462696,-2.5939572747155015,25.36725451212867
82.16,0.4876568034298162,-2.5491794746896965,24.683311198868328
82.17,0.20005805884968364,-2.5114887441371274,24.025103416098606
82.18,-0.05674778821903854,-2.4836320284624667,23.391140387073026
82.19,-0.2871719168935382,-2.467423658929615,22.7797901464828
82.2,-0.4946949493414991,-2.464347990123896,22.189855848533824
82.21000000000001,-0.6827989933133027,-2.4755823496169405,21.62029752441626
82.22,-0.8548696040884969,-2.5017906159739045,21.070247170005324
82.23,-1.013762809908372,-2.543772912797761,20.5390154772423
82.24,-1.1626534395257697,-2.6017687474830495,20.026118045296084
82.25,-1.3034552135447475,-2.676650575183744,19.531237056468765
82.26,-1.4389195199783413,-2.768640384677121,19.05402526199742
82.27,-1.5716270664824674,-2.8779145611953707,18.59441241988448
82.28,-1.7028032092220013,-3.0055841266865,18.152538258405393
82.29,-1.8339585063969184,-3.152540602187482,17.728498859032758
82.3,-1.9681585948373148,-3.3185606931178473,17.322363465317057
82.31,-2.106765429062407,-3.5048636911119684,16.93480390023841
82.32000000000001,-2.250775581999041,-3.7129601813572415,16.566574347734697
82.33,-2.4012352336148957,-3.9443167700414334,16.218412937927372
82.34,-2.5607313641962564,-4.1991791686736395,15.890836201633558
82.35000000000001,-2.7310488240861917,-4.478896409289198,15.585369066744764
82.36,-2.9132189653822813,-4.785549010905001,15.303901500095431
82.37,-3.108273140182889,-5.121217492539269,15.04832346851882
82.38,-3.3174689905188006,-5.487765308080566,14.820395791652933
82.39,-3.543420683419876,-5.885804533929536,14.62196730014317
82.4,-3.787653604717281,-6.317072863596861,14.456913043153566
82.41,-4.051428495865537,-6.7835681429475585,14.329368011033118
82.42,-4.336006098320304,-7.287288217848655,14.243467194130309
82.43,-4.6430356998975855,-7.830154496798961,14.203204180556101
82.44,-4.975201703502341,-8.412656655065259,14.213600736208203
82.45,-5.333400396358877,-9.034027399848101,14.282169684818554
82.46000000000001,-5.718322490312586,-9.693457615205606,14.416592771749185
82.47,-6.1306586972087045,-10.390138185195674,14.624551742361755
82.48,-6.57155685524978,-11.12317302519389,14.914117445446557
82.49,-7.042873798136709,-11.887797859803982,15.29544830314066
82.5,-7.543197583023025,-12.674708780571816,15.777972204766193
82.51,-8.070757955329729,-13.474375211201426,16.37092925163848
82.52,-8.62428208919524,-14.277061089916037,17.084526493488237
82.53,-9.202318571144808,-15.067265102732925,17.929647861682664
82.54,-9.798650905918748,-15.823451402888189,18.90931802088022
82.55,-10.4066693512679,-16.523754028909757,20.025969674984463
82.56,-11.02099532148425,-17.141555731596828,21.286973351704663
82.57000000000001,-11.630837682886048,-17.647269891779473,22.680913411785923
82.58,-12.223129197150286,-18.012368751222915,24.188191560992216
82.59,-12.78484044007708,-18.204234410247622,25.792261971767868
82.60000000000001,-13.301633544635024,-18.192450085378432,27.46700021053176
82.61,-13.757805558620612,-17.963691676609407,29.166088925022578
82.62,-14.13628069495704,-17.500072691577603,30.843625259959126
82.63,-14.420106092059438,-16.79053328912229,32.45353839998483
82.64,-14.599984772652176,-15.8607265200167,33.94377435301745
82.65,-14.665552726280662,-14.735420411835765,35.261767211966614
82.66,-14.60663212602527,-13.440509392898914,36.36678268121033
82.67,-14.426342918487329,-12.02864880533416,37.23503623361251
82.68,-14.123708132764714,-10.54898714858095,37.841096595518756
82.69,-13.707458332918288,-9.051187945402807,38.18667191935066
82.7,-13.192167140177741,-7.5882443461084605,38.284255581726846
82.71000000000001,-12.588915615765039,-6.2009471423055995,38.14892363329516
82.72,-11.917146442039485,-4.9198393491849215,37.81499245535826
82.73,-11.194237192473478,-3.772381388492498,37.312793287409946
82.74,-10.437522278911606,-2.7670405942602563,36.67676094316373
82.75,-9.665002172074173,-1.9082846418018482,35.94252512458828
82.76,-8.891490249855565,-1.1938932544880458,35.13744438297512
82.77,-8.13001196250933,-0.6133420221809996,34.28783420032128
82.78,-7.391800960257303,-0.15522111196919483,33.41443219958104
82.79,-6.685429893825858,0.19489523310399864,32.53341320583434
82.8,-6.017612996894948,0.4519736770813857,31.656704104592983
82.81,-5.392757932021364,0.6306545677557465,30.792980948735863
82.82000000000001,-4.813680669718254,0.744979374765189,29.947892987782705
82.83,-4.28140753080632,0.8072041011875352,29.124910502871717
82.84,-3.795883269402627,0.8284365048990191,28.32583429914015
82.85000000000001,-3.356101572584399,0.8182133903188751,27.5513560307654
82.86,-2.960321390046387,0.7843973967969065,26.80134883206747
82.87,-2.6061772787947017,0.7334580705547417,26.075144688155117
82.88,-2.2912461319158712,0.6709178616337356,25.372051540967465
82.89,-2.0124288194456086,0.6008758300546835,24.69091444324088
82.9,-1.7672355358250076,0.5266427104022122,24.03069589431037
82.91,-1.5523109722700086,0.4506588256153646,23.39025468288009
82.92,-1.3651550456121986,0.3747853851920687,22.76871855144204
82.93,-1.202758325049236,0.3003874485139889,22.16517139921489
82.94,-1.0627605002451659,0.2282713530064397,21.57885719839857
82.95,-0.9430613141927353,0.15914805601289544,21.00906153158441
82.96000000000001,-0.8408277531139907,0.09298579163675964,20.45497650168071
82.97,-0.754621964619666,0.029903493071947784,19.916135159748645
82.98,-0.6827231551967753,-0.030161223032409958,19.392054287019846
82.99,-0.6227751512304105,-0.08780936530778288,18.88214262479673
83.0,-0.5739077518669609,-0.14309037201241975,18.38594750052044
83.01,-0.5352702133383946,-0.1960684557847653,17.903026047203134
83.02,-0.504919414631113,-0.24779878520580695,17.43297493163275
83.03,-0.48206503579902266,-0.29881758952614407,16.9754858721616
83.04,-0.4664395446300601,-0.3493098806371844,16.530263607972113
83.05,-0.45761373119957677,-0.399571618281057,16.096995059337353
83.06,-0.4541146276316056,-0.4507441097345555,15.675271139738078
83.07000000000001,-0.4556389288220842,-0.5033944869184582,15.26484535285717
83.08,-0.46217765049800513,-0.5579082597340937,14.865506639769682
83.09,-0.47372180838639233,-0.6146709380830239,14.47704394154897
83.10000000000001,-0.48979864551470104,-0.6743485866010942,14.09919117326076
83.11,-0.5100334395335562,-0.7378035458731178,13.731692477136608
83.12,-0.5345931164852943,-0.8057020066063135,13.374355538539627
83.13,-0.5636446492774196,-0.8787101371776618,13.026988048362409
83.14,-0.5973161982475818,-0.9574986877516392,12.689396812286326
83.15,-0.6354920147602965,-1.0428649652740272,12.361438407569738
83.16,-0.6784777458362204,-1.1357405841623591,12.043083196830446
83.17,-0.7266819976476933,-1.2370630855542162,11.734314124776757
83.18,-0.7805110217997641,-1.3477678462384979,11.435112697547524
83.19,-0.840222230234134,-1.4687333156876559,11.14538894650552
83.2,-0.9062906631017611,-1.6012908043190417,10.86524745655863
83.21000000000001,-0.9793460293273611,-1.7469630746530922,10.594899315621234
83.22,-1.0600180196156963,-1.9072727304704757,10.334555555376193
83.23,-1.1489412917961204,-2.083386730300163,10.084331670970837
83.24,-1.2469857684451684,-2.2769838326322374,9.844641832645053
83.25,-1.355128293379658,-2.4903039013550003,9.616127247251537
83.26,-1.4743446843808905,-2.7255819156619676,9.399428302178155
83.27,-1.605556482255527,-2.9844633350287615,9.195225248354516
83.28,-1.7500917904169255,-3.269409260325272,9.004804486176832
83.29,-1.9094719194102776,-3.5835656077605997,8.82966578119599
83.3,-2.085206308798809,-3.9300332562526576,8.671293659383672
83.31,-2.2786846379720456,-4.311143075417852,8.5313085791953
83.32000000000001,-2.491844176560401,-4.730504379987963,8.412767279971215
83.33,-2.726799916827573,-5.192281644597292,8.319063956361633
83.34,-2.9856203313979575,-5.700441858563316,8.253482433565468
83.35000000000001,-3.2702998057941546,-6.257820610809397,8.219860984547504
83.36,-3.583471206352018,-6.868577708584957,8.22479189339836
83.37,-3.927865267803954,-7.537173247632131,8.275202603301533
83.38,-4.306158313909195,-8.267720224284723,8.377835292945694
83.39,-4.720937650725871,-9.062390861316906,8.541832867938226
83.4,-5.174971773495246,-9.923026417631867,8.779883304497174
83.41,-5.6710417580905,-10.851499631850125,9.104813353938956
83.42,-6.212093658442723,-11.848793782490002,9.530118115752105
83.43,-6.799730443052387,-12.909327839826476,10.073621692319948
83.44,-7.434730891999566,-14.025146764337629,10.754634022974662
83.45,-8.118265612764812,-15.188297883345921,11.593354965587613
83.46000000000001,-8.850321983387364,-16.382024858450087,12.612599914059356
83.47,-9.625877788611902,-17.577679281784047,13.830957236929738
83.48,-10.439745792403679,-18.745757648900575,15.267315245879033
83.49,-11.285968752501008,-19.846817992861308,16.941856362360905
83.5,-12.150213205670699,-20.827337188178408,18.853679328775375
83.51,-13.01718866796567,-21.629941855361796,21.0014119605453
83.52,-13.86787260663328,-22.18774680570768,23.371319202026555
83.53,-14.675291067465423,-22.441308301652022,25.909188512736236
83.54,-15.41128971530919,-22.32302955513242,28.56223443226262
83.55,-16.045897802963033,-21.788748013139802,31.249493125943395
83.56,-16.548397047535012,-20.824502601532874,33.86301360183411
83.57000000000001,-16.885066347524372,-19.413775466168996,36.29770494461606
83.58,-17.038655399151775,-17.61998389930815,38.45087192122033
83.59,-16.99107885157976,-15.512456984899368,40.22164086039566
83.60000000000001,-16.73541022944205,-13.181451252190556,41.55093231147155
83.61,-16.276771345513936,-10.745347244000817,42.402736390513425
83.62,-15.628666689053835,-8.31191663818312,42.78194351586323
83.63,-14.81725225639754,-5.9894807009004545,42.72633107034481
83.64,-13.870342570058169,-3.854208253126277,42.29383887001018
83.65,-12.82317360478298,-1.9653961186133506,41.56091497683701
83.66,-11.708801727650862,-0.34788269534758515,40.603579553318966
83.67,-10.561129928362128,0.9909098985115197,39.498206425015574
83.68,-9.407972630141801,2.0647876350471894,38.306793669062834
83.69,-8.274637716165458,2.896962880342012,37.08167227807996
83.7,-7.180296439564807,3.5196585248999916,35.861037947945746
83.71000000000001,-6.139703160145867,3.965938677473776,34.67129053594418
83.72,-5.162815066147851,4.269760540023592,33.52966005701239
83.73,-4.255459588780696,4.4609142510427375,32.44466000630486
83.74,-3.42058777854973,4.567154195870293,31.420292768709675
83.75,-2.6581028976874466,4.610686537353637,30.456046180630217
83.76,-1.9661390441009643,4.6113970529286545,29.549589771934695
83.77,-1.3412335668934519,4.584196816912452,28.697062477110457
83.78,-0.7792197539964865,4.541988259453083,27.894315216903042
83.79,-0.27471654874093987,4.494641109405962,27.13669703048502
83.8,0.177089735084996,4.4495801279468825,26.42055666786149
83.81,0.5822468133777382,4.4127688812618615,25.741893819206748
83.82000000000001,0.945932480072845,4.388508472558144,25.097701218364314
83.83,1.2733603758215126,4.38049771735784,24.485280088227007
83.84,1.570039464589482,4.390765907538335,23.902399165475586
83.85000000000001,1.840016650263224,4.421435775196743,23.34752141210248
83.86,2.0889899500640476,4.473388264794891,22.818969583658017
83.87,2.3203329783403417,4.547729303518629,22.316309800483026
83.88,2.5372669899441034,4.645532001222884,21.839182601209206
83.89,2.745095744613547,4.766472275945542,21.386704294723707
83.9,2.9462433992942083,4.911338473733093,20.959286953316656
83.91,3.1424684782834404,5.081241587980257,20.557596541543845
83.92,3.336869173186697,5.276487372948921,20.181951282917773
83.93,3.534166956664216,5.496102974776897,19.83268756224569
83.94,3.735476333221664,5.740993656028374,19.51149875269951
83.95,3.941739130390151,6.012161771525204,19.22013277087893
83.96000000000001,4.153909598646211,6.310604757435811,18.96033362286118
83.97,4.376172766498678,6.635843156981118,18.733104665065916
83.98,4.611488767730146,6.987185515453332,18.54080894154683
83.99,4.86006665176943,7.364876702207117,18.386889215612978
84.0,5.1221154680467285,7.769161586599216,18.27478825057243
84.01,5.397844265991183,8.200285037984777,18.207948809733953
84.02,5.687513018673451,8.658481013314665,18.189817738497084
84.03,5.994635029441554,9.142417864166074,18.22435498957598
84.04,6.320665283590479,9.648524617601828,18.316134274287812
84.05,6.664778303000484,10.173211163122117,18.469694039303665
84.06,7.026148609553304,10.712887390229378,18.6895727312953
84.07000000000001,7.404012887216926,11.26396150629172,18.980375326168488
84.08,7.799480766071879,11.82134792062511,19.348693421185416
84.09,8.210852680470513,12.375952904246947,19.798061381401023
84.10000000000001,8.634850775625178,12.9180264295394,20.330315727593312
84.11,9.068206880967363,13.437812760185782,20.947318641069984
84.12,9.509166547251827,13.92339119900209,21.65484569639628
84.13,9.953000597052574,14.360160157320134,22.45045033254896
84.14,10.39274518629726,14.733874380085389,23.3256910710788
84.15,10.821436470911639,15.030288612241419,24.272126433533227
84.16,11.232572016557985,15.23127115462768,25.284758679278717
84.17,11.618656583083688,15.322176065102992,26.349928812762855
84.18,11.971060229875022,15.295184413280381,27.44480827595181
84.19,12.281002958737162,15.141860162253376,28.546735775170003
84.2,12.537786101023189,14.846917508904607,29.635278985190592
84.21000000000001,12.734921191517216,14.415687278549422,30.684896426748324
84.22,12.867456491671746,13.860369166819117,31.66820739226105
84.23,12.92946402660946,13.191264965441023,32.557786587422825
84.24,12.914287042226103,12.417261984836799,33.331872868499595
84.25,12.823656386900682,11.563557178969617,33.97707514000373
84.26,12.65906789397056,10.656100930307758,34.47945534956041
84.27,12.419672070544102,9.716389462693877,34.8278192481252
84.28,12.11369631995008,8.770125178262864,35.0269138980207
84.29,11.74974226368746,7.843533193876354,35.08207746995569
84.3,11.333109217192089,6.956979558352456,34.99776506858117
84.31,10.87444271970729,6.1249498091028745,34.79022593429004
84.32000000000001,10.384787752011025,5.36203225177095,34.47600535152086
84.33,9.872798435413467,4.678329903106351,34.067960316086165
84.34,9.348135025706103,4.075410065847252,33.583741512302495
84.35000000000001,8.820630127280678,3.5546664486750954,33.04102875397833
84.36,8.298529315578337,3.116463800144127,32.45253697855187
84.37,7.787850296422277,2.755154166385373,31.83017629420731
84.38,7.2945150596429515,2.464551085604086,31.18602495987968
84.39,6.824086453919874,2.239496885259943,30.52902647006379
84.4,6.379662965109206,2.0731494585960712,29.86568057036217
84.41,5.964048948619848,1.9583046670379909,29.20235394406675
84.42,5.579534551694282,1.888736946173633,28.543356284687498
84.43,5.226737378681685,1.8582983142029068,27.89186285837054
84.44,4.906137214858251,1.8612362874548538,27.25082612947278
84.45,4.617677685975059,1.8931322212959436,26.62192324114681
84.46000000000001,4.360952389340897,1.949627909147232,26.00637383811287
84.47,4.134983296554274,2.027072117079388,25.405325768545335
84.48,3.9386731459801,2.122936844219305,24.819405219752937
84.49,3.771107729278837,2.2347631493896767,24.249101004456282
84.5,3.6304703886583742,2.36080777821957,23.69489965427222
84.51,3.5154840955625803,2.500162610118442,23.1571010299917
84.52,3.425419925424703,2.651889148096259,22.6359461904003
84.53,3.359322658820652,2.815166022730878,22.13169212849675
84.54,3.3145183435408874,2.990536753984029,21.644813299701696
84.55,3.2903730547839234,3.178392984361285,21.175823945375885
84.56,3.286834004973293,3.3789157937706866,20.72521569470955
84.57000000000001,3.303848406532647,3.5922862621194844,20.29348017689493
84.58,3.34136245899438,3.8186861332605067,19.88110902229596
84.59,3.397586397038264,4.059645417552047,19.488754318151962
84.60000000000001,3.4712572709914125,4.317150891053497,19.11767172879995
84.61,3.562864649651319,4.592231606372726,18.76925879823807
84.62,3.672898101815882,4.885916616118787,18.444913070462988
84.63,3.801847196282424,5.1992349728991165,18.146032089473287
84.64,3.950201501848949,5.533215729322874,17.87401339926577
84.65,4.117855328734757,5.889760788636432,17.630443082124177
84.66,4.304694635250971,6.270664096793901,17.418249071977343
84.67,4.511265449859804,6.676688213860501,17.240857691921846
84.68,4.738114019018533,7.108595369607464,17.101695314512778
84.69,4.985786589184318,7.567147793805874,17.004188312305
84.7,5.254829406815392,8.05310771622879,16.95176305785299
84.71000000000001,5.546384502169799,8.567552912355042,16.94851373243852
84.72,5.861184389292778,9.10947746333495,17.000071753907825
84.73,6.198871999943153,9.676186846541324,17.112035845567735
84.74,6.559087153474414,10.264983022189321,17.290003240379328
84.75,6.941469669242037,10.873167950497377,17.539571171304516
84.76,7.3464229932823475,11.497781463360436,17.86756873184957
84.77,7.773718148702489,12.131661289852634,18.28125644955717
84.78,8.220473001452566,12.764907261920118,18.784813380384723
84.79,8.683745901547356,13.387589377183758,19.38233908196171
84.8,9.161292496254887,13.989060131054792,20.0796917284308
84.81,9.649978540076399,14.554065565986711,20.880993438719667
84.82000000000001,10.143084551182723,15.06571862503739,21.781814092045977
84.83,10.633789571316507,15.507044112653043,22.77756244931664
84.84,11.116045029342693,15.856455827232837,23.867932542058167
84.85000000000001,11.580781684179618,16.09557444217662,25.03778268112283
84.86,12.017621321464846,16.20902699550623,26.265332567072882
84.87,12.415907634029004,16.178922617766133,27.530135769795706
84.88,12.764565337316375,15.986564141752941,28.81095558768668
84.89,13.054339631837939,15.633738643543646,30.074073068918317
84.9,13.27607570617664,15.123924186176149,31.284665366631828
84.91,13.417809366812671,14.454294882609851,32.4097366479531
84.92,13.474767577743199,13.64300432217668,33.42200713800001
84.93,13.445671778503076,12.71771297326551,34.2952038418007
84.94,13.32423356088606,11.699975705019366,35.00144557928386
84.95,13.113035303185509,10.62014613901238,35.53151026749835
84.96000000000001,12.820577828175127,9.515072543949545,35.883838479022025
84.97,12.450893544527966,8.416961808720247,36.053949010736886
84.98,12.012604279290073,7.35090262442549,36.052276393395196
84.99,11.518961510307584,6.342295190602192,35.89686831528788
85.0,10.97989126411855,5.412735365247047,35.601583163886865
85.01,10.407683416501438,4.572000253216047,35.18829531178539
85.02,9.815609835560911,3.8287943537463867,34.68036255405382
85.03,9.214798338501081,3.1885620128681946,34.09554717139228
85.04,8.614544457050481,2.6464817320547303,33.45241696044413
85.05,8.024134973816444,2.197096166057544,32.76968457850116
85.06,7.452095065065089,1.835640890766189,32.06094735806176
85.07000000000001,6.903673358035806,1.5534486468395734,31.336692862300886
85.08,6.38404753488597,1.341439739129207,30.606872234819065
85.09,5.89681890932539,1.1911189299548237,29.877932347807405
85.10000000000001,5.443978441919225,1.093632561344658,29.155354800811683
85.11,5.027244778979805,1.0409953006558246,28.443149346006006
85.12,4.646927869771048,1.0260080346574099,27.743771746538126
85.13,4.302906056427125,1.0422213530020692,27.05922277083355
85.14,3.9943954909224777,1.0844094994333955,26.39062093284549
85.15,3.720246273195147,1.1477770619218188,25.738608933235387
85.16,3.4790905462388935,1.2287066120347867,25.10346183880615
85.17,3.2692408828618653,1.3240155961493512,24.48536236161367
85.18,3.0888149672174667,1.4315537136027334,23.88421837175306
85.19,2.9365658194744055,1.5494974322873563,23.299985998244075
85.2,2.8102081898356746,1.6765861781916052,22.73257912747175
85.21000000000001,2.7079057889153457,1.8123598467423645,22.18187460819621
85.22,2.628810144830149,1.9562805148435611,21.647766694148604
85.23,2.571807567716881,2.107931635128035,21.13016083229314
85.24,2.5337224270428957,2.2682837562336773,20.629152065011876
85.25,2.513882189624459,2.4380154667022413,20.144927227774268
85.26,2.5123381341355278,2.617560869538189,19.67766267703352
85.27,2.5291415392499537,2.8073540677459263,19.22753476924273
85.28,2.5643435157902537,3.0078292532320994,18.79471986419025
85.29,2.616169634557441,3.2205866285908686,18.37955810292624
85.3,2.6832277803375906,3.447805491634522,17.982882422549245
85.31,2.766037176384235,3.690844532189407,17.6056105053046
85.32000000000001,2.865117045950633,3.9510624400809133,17.248660033439325
85.33,2.9809866122899513,4.229817905134334,16.912948689200334
85.34,3.113933163911558,4.528609661585789,16.59936400983141
85.35000000000001,3.2635666452484586,4.849639207996559,16.309349909201725
85.36,3.430620266504433,5.194827404190117,16.045368444788
85.37,3.6159677258810103,5.566032036992464,15.80994765397626
85.38,3.8204827215787147,5.965110893227562,15.605615574153932
85.39,4.0450439082865675,6.393926307464379,15.434890573076926
85.4,4.290849836457735,6.854388888744369,15.30026725519716
85.41,4.558932370277453,7.347501572704717,15.206412919526661
85.42,4.85011290190543,7.87393166319774,15.158754341244016
85.43,5.165212823500246,8.43434646407368,15.16271829552824
85.44,5.505053527220349,9.029413279182586,15.22373155755806
85.45,5.871089722565955,9.659794771780607,15.34764685292599
85.46000000000001,6.264765442576752,10.323226086465693,15.542178694338894
85.47,6.685510385627051,11.01489412018828,15.815323028113925
85.48,7.132693185264838,11.72994217902405,16.175062844097948
85.49,7.605800673136885,12.463525065725243,16.62957069704067
85.5,8.105368718137862,13.208236042904575,17.18941687260338
85.51,8.6283784732169,13.950075640724005,17.86114824766674
85.52,9.170730632587615,14.674096834532355,18.64980511139824
85.53,9.72871013679162,15.364818346006807,19.561765939146085
85.54,10.297881476374323,16.001206535397106,20.602803073235847
85.55,10.869381780643241,16.559447144060318,21.765864627735464
85.56,11.4340449495204,17.015338290778878,23.043289193596713
85.57000000000001,11.982800920000127,17.338735424626083,24.430705456442386
85.58,12.502852319848206,17.50689886853291,25.902384280855976
85.59,12.98050597502234,17.500211804259724,27.426823693634933
85.60000000000001,13.40089837676448,17.291513358283165,28.975604329856353
85.61,13.750655217547992,16.871735868607352,30.509951901508487
85.62,14.01838004607728,16.24889387438928,31.982601230286072
85.63,14.190317351609464,15.425618858667194,33.34691175825658
85.64,14.25645182293856,14.417722806887182,34.564478341175985
85.65,14.215446693951563,13.264465747832219,35.601734478918345
85.66,14.060751262851245,11.998691328568563,36.42321906687717
85.67,13.79552997560096,10.662231072906874,37.017444230812
85.68,13.43027210754515,9.30513335613453,37.38371834320513
85.69,12.9702312601287,7.969059997295699,37.52020115278334
85.7,12.429719539010653,6.688206797671561,37.447621518902075
85.71000000000001,11.824410378218179,5.496562807951817,37.18923249756945
85.72,11.16786523587139,4.41525782600249,36.768970785208126
85.73,10.477446656042753,3.455670594727232,36.21986103840557
85.74,9.768806512959673,2.6285455859888245,35.56923356628237
85.75,9.054744782529932,1.9297058639254483,34.842331361981444
85.76,8.347815771338338,1.3517297037546088,34.06502506198487
85.77,7.65902849330401,0.8875707755405428,33.25660912343696
85.78,6.9964786722447485,0.5254053690466652,32.43212528269986
85.79,6.366932184202251,0.2528629101486198,31.603994165364963
85.8,5.775131041142606,0.05726901471062196,30.781375063864846
85.81,5.224187877397059,-0.0735042104098507,29.970725173390612
85.82000000000001,4.715932400790977,-0.15072672395710748,29.176422079056163
85.83,4.250867537621644,-0.18459876533671354,28.40107509563528
85.84,3.8285799536477034,-0.1838798532415897,27.646272144282896
85.85000000000001,3.447908763928173,-0.15619069769978927,26.9126557794299
85.86,3.1071214567081573,-0.1077801487555113,26.200125028690405
85.87,2.80415144235738,-0.043752031016905946,25.50843145086061
85.88,2.536703391719345,0.03165146190729429,24.837018349330922
85.89,2.3022878543296654,0.11517764706250191,24.18516956427804
85.9,2.0983804572051636,0.20432832336209306,23.552119896790625
85.91,1.9224772517013564,0.2973668653902054,22.93736869823119
85.92,1.772285296492492,0.39293612278180323,22.340116792489344
85.93,1.645560393153263,0.49007906567311443,21.75976051579781
85.94,1.539971007668028,0.5886116790155471,21.195666167848476
85.95,1.45399671283249,0.6881638662627755,20.64728621781411
85.96000000000001,1.3850810070165076,0.789172041918858,20.114247797939736
85.97,1.3320080610373064,0.8919848828288965,19.596212406042593
85.98,1.2941530683714846,0.9967252225327289,19.09280623099933
85.99,1.2706692343686812,1.1036494455109562,18.603654791153783
86.0,1.2588494813950994,1.2144129725326134,18.128461866385862
86.01,1.2581406313783374,1.3299254545273054,17.667102600469732
86.02,1.2686516046841163,1.4507559242776824,17.21947143346799
86.03,1.2904913216782097,1.577473414566914,16.78546280544133
86.04,1.3237151301471157,1.7106793386189345,16.36496803260584
86.05,1.3668571191670584,1.8521160654762607,15.957866739324686
86.06,1.4195324142610528,2.0034670167172375,15.56430829692087
86.07000000000001,1.4821707346163788,2.1660186368006396,15.184522743236855
86.08,1.5552017994202598,2.3410573701851773,14.818740116115015
86.09,1.638905485521436,2.529897823490853,14.467142689001637
86.10000000000001,1.7331495315696386,2.734233728761222,14.129982521086454
86.11,1.8386572050297079,2.9560194724852926,13.808065418248603
86.12,1.956260645796739,3.1972135580054357,13.502248281032722
86.13,2.086791993765191,3.4597744886627044,13.213388009985234
86.14,2.2309940987751764,3.7454656491227976,12.942211282176391
86.15,2.3898355153841795,4.056453693525932,12.690137682100138
86.16,2.5645844385987435,4.395501398637692,12.459261009608815
86.17,2.756510734420781,4.765374965178395,12.251678421748013
86.18,2.966890060228895,5.168711078300903,12.069403060125024
86.19,3.1972140993196487,5.607463287025028,11.914814326673975
86.2,3.4492452819411668,6.084511294139342,11.792254633809371
86.21000000000001,3.72476285630965,6.602930697523703,11.706305085886292
86.22,4.02554796400191,7.165794965279972,11.661539517290242
86.23,4.353632381344535,7.775492608928935,11.662394481494172
86.24,4.710932906009581,8.433193938770403,11.716506730873608
86.25,5.099171741678323,9.140008921681416,11.832831862360644
86.26,5.520071092030535,9.897047524536248,12.020325472887187
86.27,5.97577965520856,10.705481384415785,12.288172327046698
86.28,6.46818297957619,11.562386577465906,12.648101311300797
86.29,6.9970941102724025,12.4604848176794,13.113411345242525
86.3,7.562236366824894,13.392378284295962,13.697423664964498
86.31,8.163659455689395,14.350489680667588,14.414187872510073
86.32000000000001,8.80097214929896,15.320132436626423,15.279871622523167
86.33,9.46904320268517,16.27789926656023,16.304844205225947
86.34,10.162271299834863,17.19983528874155,17.498833963751885
86.35000000000001,10.875612177970385,18.056740291532815,18.87489014097703
86.36,11.597716052358962,18.810368299341107,20.42883375133717
86.37,12.315196207409523,19.421239355454407,22.150666422533135
86.38,13.014452094141877,19.84176099392162,24.033562391987534
86.39,13.676279226790038,20.033049200999507,26.038408189193735
86.4,14.279929437955156,19.959052759382892,28.117880172256378
86.41,14.802718022068715,19.576988445683625,30.225555049865502
86.42,15.224783033977383,18.884164310821664,32.290039461695905
86.43,15.525725844553378,17.88347555504926,34.23476163942091
86.44,15.685042819922696,16.584678102114193,35.990449805341214
86.45,15.696057386843213,15.044585119693954,37.49640103312928
86.46000000000001,15.548158234033497,13.316021887481165,38.69341964872604
86.47,15.244101408786417,11.469518355106322,39.557023277206994
86.48,14.791489605965804,9.584469951549067,40.07286473355245
86.49,14.202501967627395,7.728642259041096,40.251588789183586
86.5,13.499318139464666,5.968794612544609,40.12591452768561
86.51,12.70151611224875,4.352876190862027,39.7323057457658
86.52,11.835553917296949,2.9130151969197193,39.12446723936447
86.53,10.924469230201122,1.6699594329360357,38.34913741331887
86.54,9.991301577208263,0.6223498962149256,37.45599895495734
86.55,9.057042720618824,-0.2344452765520988,36.4875557564045
86.56,8.138774005265859,-0.9154422384802754,35.47790092638458
86.57000000000001,7.250787366608009,-1.439957837946889,34.454299510339254
86.58,6.4040786784870445,-1.8296428235677111,33.43720088523294
86.59,5.606541667654729,-2.1067845276105803,32.440557495647724
86.60000000000001,4.863099348170673,-2.2920138288296275,31.473169737868254
86.61,4.176472070792657,-2.404708028654908,30.54036963755394
86.62,3.5471089668544904,-2.4613292231660493,29.644040724365702
86.63,2.974406537591002,-2.4765711432448994,28.784600074443027
86.64,2.456154665950404,-2.4621275365775768,27.961057360558456
86.65,1.9894550847221621,-2.428440086045064,27.17174157997383
86.66,1.5709389494820036,-2.383075559147357,26.414480711749352
86.67,1.1968541865114373,-2.3327761964109004,25.687180518474033
86.68,0.862817251961164,-2.2824336055733943,24.987711118110532
86.69,0.5654275178506142,-2.2359616137511105,24.314223948711366
86.7,0.3004533575723189,-2.19654437989386,23.66487741889659
86.71000000000001,0.06400320178301411,-2.1663028942141525,23.03818131892564
86.72,-0.14734172490418745,-2.1470886486939373,22.432825658271145
86.73,-0.3374823350693159,-2.139802101923577,21.84767747743556
86.74,-0.5093303552949319,-2.1457675788770234,21.281713690968576
86.75,-0.6661413092285415,-2.1653382432157713,20.734142907407563
86.76,-0.810452019538469,-2.199181544468576,20.204382631011047
86.77,-0.9451982624811817,-2.247462887825094,19.691900756110385
86.78,-1.0724216479945952,-2.3107930383873434,19.19635778219562
86.79,-1.194219559850494,-2.3896713222263513,18.717427033977604
86.8,-1.3130800758713332,-2.484090465658057,18.254907020340898
86.81,-1.4303664412326658,-2.59498740918892,17.808815091543647
86.82000000000001,-1.5474753237700003,-2.7232553149250536,17.379159503270035
86.83,-1.6668695140048966,-2.868735605497744,16.965908651669398
86.84,-1.7899280061645169,-3.032470894516727,16.569500124010098
86.85000000000001,-1.9176493925159008,-3.2159042493418104,16.190467504378198
86.86,-2.051129672209526,-3.4203708317833215,15.8293132247976
86.87,-2.1926371569536234,-3.646106005234291,15.48641298041328
86.88,-2.343613854399878,-3.894681238741277,15.162931810176673
86.89,-2.5051252796538197,-4.168134261630417,14.860216547580595
86.9,-2.6782369478203454,-4.468502803226806,14.579614026119263
86.91,-2.864458897364999,-4.797203224951884,14.322276821748613
86.92,-3.0658813332550254,-5.155328079810192,14.090162884624425
86.93,-3.2839019074941556,-5.545327081304861,13.886378540858171
86.94,-3.519898961773327,-5.969681610452871,13.714048716806623
86.95,-3.775269048333216,-6.430852749955323,13.576277277802372
86.96000000000001,-4.052169591033942,-6.93022802589196,13.476013938897955
86.97,-4.352393489609729,-7.468956219123536,13.418706685922764
86.98,-4.677320285695491,-8.048535003774088,13.410641666939325
86.99,-5.028329520924361,-8.670462053964474,13.458105030010332
87.0,-5.407015345958201,-9.336208000577175,13.567419899581916
87.01,-5.81582620370365,-10.045167081851979,13.746449253231097
87.02,-6.255253807138796,-10.793683999449636,14.005050552967466
87.03,-6.7254369131022,-11.57788023666788,14.353209811517953
87.04,-7.226558661172866,-12.393891300843691,14.8009700156973
87.05,-7.759978081564498,-13.235813268079015,15.360726599970482
87.06,-8.323714949276523,-14.089695446710053,16.043032894858037
87.07000000000001,-8.914250024652604,-14.939868949340571,16.85689730968735
87.08,-9.528450276483733,-15.770321537567234,17.81245716791339
87.09,-10.162595103382074,-16.55839834594108,18.919971987679077
87.10000000000001,-10.80766881265083,-17.27544468922653,20.176972606386066
87.11,-11.45426299657404,-17.892019538612807,21.58055391585046
87.12,-12.092758106101615,-18.372220070957944,23.13000762234546
87.13,-12.708127730034576,-18.68412959551082,24.798642446628506
87.14,-13.284311051042893,-18.797253467833198,26.554685636307607
87.15,-13.803984778737135,-18.672927815219218,28.369483351654367
87.16,-14.250302059032945,-18.29804307048745,30.192203009613216
87.17,-14.6067172855285,-17.66927176436154,31.964184832868767
87.18,-14.852107407123786,-16.77326959947543,33.62854760469017
87.19,-14.976989459255176,-15.64098089953237,35.133190962012186
87.2,-14.976067214387978,-14.317667248152182,36.42662310985151
87.21000000000001,-14.839263981076014,-12.839740647127796,37.46273774358615
87.22,-14.570544337067266,-11.263494517823652,38.22472575106135
87.23,-14.175877015881209,-9.650874731811061,38.69923022097631
87.24,-13.664422454372996,-8.054611764615366,38.89174778565034
87.25,-13.055112916929053,-6.527633450898783,38.82757864933254
87.26,-12.362807903676558,-5.1115757764865135,38.53104812322737
87.27,-11.60895474831262,-3.831909425005539,38.0435337191873
87.28,-10.813375878272863,-2.7108552401277444,37.40200397771989
87.29,-9.994224977229058,-1.7505500693720952,36.64371490912623
87.3,-9.169807867741874,-0.9484973598527928,35.8061108200691
87.31,-8.354979484586046,-0.2970862874049356,34.91681192650698
87.32000000000001,-7.562285993529111,0.21763491855582395,34.00053859903889
87.33,-6.801960948738862,0.6115364788362857,33.075975024265446
87.34,-6.081794550310298,0.9015967367091744,32.15729973569296
87.35000000000001,-5.40688766582015,1.104646356177103,31.254055854433116
87.36,-4.780456615960803,1.2363566608117038,30.372660719923296
87.37,-4.203965412840805,1.3111296993273132,29.51701010335423
87.38,-3.6773922902440326,1.3415286348382545,28.688621635342418
87.39,-3.199754199382812,1.3381897348048275,27.88812434838512
87.4,-2.769070514778636,1.3102897236434217,27.11525942112917
87.41,-2.3828652672717965,1.2652228711859674,26.368993307033634
87.42,-2.038217788100855,1.2090036472803207,25.648100560666272
87.43,-1.7319101281355365,1.146462303859644,24.951206202057932
87.44,-1.4610200114832486,1.0813225357513505,24.27711590737256
87.45,-1.221867627215527,1.0166084358938532,23.62432426438318
87.46000000000001,-1.0114323824232376,0.9543170453722433,22.991672565771392
87.47,-0.8269841375570761,0.896267502616146,22.37820745372439
87.48,-0.664888206498333,0.8433197576919695,21.782833197281306
87.49,-0.5230664452089493,0.7962974658681592,21.204751367592756
87.5,-0.399310384917623,0.7558991892100794,20.64320088590225
87.51,-0.2904019981818444,0.7219876335794054,20.09745129897666
87.52,-0.1948594959354895,0.6948770403827835,19.566874025909726
87.53,-0.11113808739059108,0.6748075758763837,19.050904490613345
87.54,-0.03684768041048997,0.6613526301116606,18.549142500862757
87.55,0.029314640334288176,0.6544834457742007,18.060962144537168
87.56,0.08888538877086062,0.6539655099513348,17.58605789199413
87.57000000000001,0.14290789654393674,0.6597745723948524,17.123991465788695
87.58,0.19268330466272132,0.671731613161059,16.674447744120172
87.59,0.23916030599865176,0.6898568857695364,16.2370743426113
87.60000000000001,0.28327509770151826,0.7140469263997952,15.811579681227533
87.61,0.32579635435197607,0.7444458772494512,15.397663463131746
87.62,0.367488839762369,0.7811524344877026,14.99506145509432
87.63,0.40906684439121116,0.8242229723453733,14.603573481853546
87.64,0.4510732056460409,0.8740345755326379,14.222901311465678
87.65,0.4941356216032284,0.930819502664053,13.852780735709416
87.66,0.5389534432663192,0.994806240508441,13.49308714701038
87.67,0.5859909736821172,1.0667377119452832,13.143696531927061
87.68,0.6357058956617339,1.1473673906646256,12.804482099051377
87.69,0.6887631616033296,1.2369364964485772,12.475265402209871
87.7,0.7458087964613239,1.3361382668259498,12.156003347149639
87.71000000000001,0.8073733431693791,1.4460975948743555,11.846728764971116
87.72,0.8739904653429519,1.5679279280824676,11.547472700815396
87.73,0.9463894865177215,1.7023390687484474,11.25823798469038
87.74,1.0253973797800295,1.8505913934392406,10.979213990618868
87.75,1.111792483220107,2.014283401854197,10.710660543628613
87.76,1.20635093474782,2.19499743470039,10.452836978702818
87.77,1.3098468289276608,2.3938421934852046,10.20610579447034
87.78,1.423353547809277,2.612813568506614,9.971192320770264
87.79,1.548038276586106,2.8543693391528113,9.748894074966989
87.8,1.6850645036653389,3.1209290026911005,9.540001195969701
87.81,1.8356077015944083,3.4141942343862834,9.345416749835865
87.82000000000001,2.0011648859282722,3.7370242595913674,9.166915217173575
87.83,2.183316022570657,4.0928055930538445,9.00647170771121
87.84,2.3836318772458243,4.484796464950348,8.866007089698204
87.85000000000001,2.603825071359415,4.915417527160516,8.747711672338129
87.86,2.8460976947966086,5.388538407578836,8.65557909452212
87.87,3.112716626899074,5.908392369461304,8.593876295049114
87.88,3.4059058565430393,6.47896186377722,8.566684183779811
87.89,3.7278929320020557,7.103056317911438,8.579027422556754
87.9,4.081356743869583,7.784401938822304,8.639227717726135
87.91,4.469023763733036,8.526896191230975,8.755896337898417
87.92,4.89369089204984,9.33408919023302,8.937447170116705
87.93,5.358017169222065,10.206711374444268,9.19510354409238
87.94,5.864227374017096,11.14414776550959,9.543720310677777
87.95,6.414532208028801,12.14578009623846,9.998264396602625
87.96000000000001,7.0116263734157265,13.209698158267834,10.575079501706675
87.97,7.655846838019399,14.324599620680933,11.293612355957114
87.98,8.346171387823217,15.476115696797311,12.173630146002258
87.99,9.08218100542171,16.649610979821837,13.236712884687197
88.0,9.861211920419043,17.81857138355473,14.504791419048262
88.01,10.674486764034704,18.944400931377555,15.989575142154568
88.02,11.513197609593039,19.98733919688965,17.703457514378165
88.03,12.36663343248962,20.895806059046038,19.656187560898154
88.04,13.21542547052118,21.610961676953437,21.828534406266776
88.05,14.039303431008353,22.068037038899746,24.201896810846844
88.06,14.813459248495018,22.20414880274148,26.732320032000157
88.07000000000001,15.508815346299894,21.973671529218407,29.343036640326794
88.08,16.09366003317321,21.32074876666566,31.95885567449927
88.09,16.540817179492933,20.246487862224082,34.47721212296689
88.10000000000001,16.822865434159862,18.76631689393944,36.786844722448585
88.11,16.916466519838224,16.917429463826963,38.79244703066264
88.12,16.813762590533898,14.790898608930004,40.413443028725894
88.13,16.505961062431734,12.475138314839757,41.58818401705644
88.14,16.005145520939,10.086319083205055,42.30231949405779
88.15,15.323514794730027,7.728962842932658,42.559531836836825
88.16,14.490408705744423,5.498076141385013,42.40965163957148
88.17,13.532844380270742,3.4667956562181486,41.908152736546164
88.18,12.486145129297565,1.6802141434333078,41.133092646969
88.19,11.381869444822323,0.16290770255176001,40.15552002454765
88.2,10.251697536892832,-1.0882358314451426,39.04779853748068
88.21000000000001,9.122743251538676,-2.0853146545997494,37.867289538967725
88.22,8.017653842632981,-2.8548153866465436,36.66149839027608
88.23,6.954173644615301,-3.42709256171309,35.46428272109119
88.24,5.945997401085775,-3.8346792269788494,34.30012022314892
88.25,5.001196319797166,-4.109373798799222,33.18301045448863
88.26,4.125666815481426,-4.279959433992931,32.121289675794635
88.27,3.3210007566238176,-4.3716194481908195,31.11723041137121
88.28,2.5872035392953125,-4.406124068900039,30.170642605383726
88.29,1.9216830201002622,-4.4011359362661855,29.278882783725816
88.3,1.320983824638049,-4.371736175139249,28.43831156119464
88.31,0.7809683058531478,-4.328812240873915,27.644923705001467
88.32000000000001,0.29680251163194477,-4.282189595091323,26.894614081122512
88.33,-0.13717347963675242,-4.238636176103354,26.18349249284257
88.34,-0.525884499777098,-4.203829169151851,25.508330424918746
88.35000000000001,-0.8751132817686216,-4.181692193067044,24.866033922958955
88.36,-1.1895197559569115,-4.175617361617694,24.25422753347817
88.37,-1.4746611860171963,-4.187661827455972,23.67077233883034
88.38,-1.7344926760417534,-4.219722618368592,23.114393644651468
88.39,-1.97424623948657,-4.272724935436128,22.58368548002047
88.4,-2.1976038058742873,-4.347554521494816,22.07796822115079
88.41,-2.407201767273007,-4.445474655320257,21.59686259951788
88.42,-2.6078723761971325,-4.566282525405011,21.139666275967013
88.43,-2.802806660111235,-4.710358363686152,20.706648010774426
88.44,-2.9937815237458976,-4.878864223076797,20.298515621918376
88.45,-3.1829025164249902,-5.072731963142997,19.9158748328394
88.46000000000001,-3.3748385110753945,-5.290921929108424,19.558802601264034
88.47,-3.5713908420655294,-5.534067543405168,19.22877637135865
88.48,-3.7735213246819868,-5.80335669337736,18.92758538092439
88.49,-3.982191774210222,-6.099977266367669,18.657018867764197
88.5,-4.1999537263908575,-6.424307086165325,18.418423642606392
88.51,-4.430962075401682,-6.775339173413426,18.21352906695591
88.52,-4.675714702019961,-7.153431496305694,18.045809949698448
88.53,-4.934578529739896,-7.559000098624664,17.918790179709497
88.54,-5.2079204820546545,-7.992461024151278,17.835993645865297
88.55,-5.496110437655833,-8.454229930531403,17.800944298289327
88.56,-5.802146237801781,-8.943696628914894,17.81748056527127
88.57000000000001,-6.127986505814263,-9.457831990629563,17.890392658007777
88.58,-6.4729559730948685,-9.993354003153662,18.02464366307117
88.59,-6.836379371046669,-10.546980653967752,18.2251966670344
88.60000000000001,-7.217581431071278,-11.115429930550114,18.497014756469884
88.61,-7.617435090999209,-11.69442882069414,18.84662287972608
88.62,-8.035254091367252,-12.275315703475782,19.27901578330186
88.63,-8.467930362326499,-12.848221128060404,19.79676692998025
88.64,-8.91235570834544,-13.403275637841382,20.4024496564377
88.65,-9.366269876693847,-13.929418315847895,21.100965516006717
88.66,-9.82573931086654,-14.41178179731764,21.892879342941406
88.67,-10.284182532816903,-14.835096657129304,22.771658054836696
88.68,-10.735044598832548,-15.183867315827083,23.731035802256237
88.69,-11.172134365636701,-15.43818183129064,24.768297056573985
88.7,-11.586892014593992,-15.583936647175909,25.866544247814492
88.71000000000001,-11.970028034501606,-15.609836819228846,27.00411405012162
88.72,-12.311799421144828,-15.502032213739295,28.1603962449811
88.73,-12.60198630060374,-15.245843227307796,29.314831769302636
88.74,-12.833581099896582,-14.847168981153503,30.43799214348997
88.75,-12.999892116001147,-14.313820181600706,31.499640406362232
88.76,-13.091482217740676,-13.648245805050264,32.47053787925038
88.77,-13.103889063913698,-12.865336278506106,33.32903007041803
88.78,-13.03799249345495,-11.991796648704629,34.05628060854917
88.79,-12.89109082132873,-11.050507555778088,34.63141990676131
88.8,-12.664396501318516,-10.0656274191612,35.046442185677606
88.81,-12.366577648645846,-9.067542676991465,35.30393098518569
88.82000000000001,-12.003704214803804,-8.084634689772434,35.403835347349045
88.83,-11.582377316711653,-7.137342171857898,35.35342975150753
88.84,-11.114651039451255,-6.24452201642063,35.1702313994933
88.85000000000001,-10.610648547263569,-5.424517844017592,34.86806838069733
88.86,-10.080055744451798,-4.685516641066588,34.463263160322064
88.87,-9.533984517661882,-4.031574682038041,33.97631915628413
88.88,-8.983289605915106,-3.4680583745334683,33.424126476943584
88.89,-8.435838182072748,-2.992482880294781,32.820365457766314
88.9,-7.898499833301843,-2.598559503073784,32.179631215982
88.91,-7.378243540204515,-2.280337545749544,31.51599012669905
88.92,-6.88109531249186,-2.032674451588962,30.83824525186781
88.93,-6.410472774917484,-1.8476394250150725,30.15350329348391
88.94,-5.969758799528869,-1.7175994771271172,29.46875343553566
88.95,-5.561077947650375,-1.6359097386504131,28.78855579223817
88.96000000000001,-5.185363232732234,-1.5954113340953096,28.116398452522876
88.97,-4.843251702042595,-1.5901050341635923,27.455277348771396
88.98,-4.53461933436774,-1.6148275567240056,26.806807931411136
88.99,-4.259044757220337,-1.6646441780600907,26.172384874335403
89.0,-4.01543366134001,-1.7359974217516514,25.55295911394189
89.01,-3.802655149412647,-1.8256488577441374,24.949159122262092
89.02,-3.6191782238631425,-1.930884354092652,24.361407922780725
89.03,-3.463715367774327,-2.050050182304784,23.789869619648478
89.04,-3.335241669846311,-2.1816085673052523,23.234712448803457
89.05,-3.2318693836266443,-2.324434998636468,22.696174529997556
89.06,-3.1517104649243413,-2.478358615177981,22.17453553827963
89.07000000000001,-3.094204943917114,-2.643163418839089,21.669993323627335
89.08,-3.058799195186503,-2.818631872792418,21.182745287498214
89.09,-3.0441615676166855,-3.004931951852712,20.712990165987513
89.10000000000001,-3.0470174263067555,-3.2037963969821712,20.261157143028367
89.11,-3.0675269097849602,-3.4160254973810575,19.82795980061593
89.12,-3.106221209896006,-3.6422730262454523,19.414125171294845
89.13,-3.1636315184844297,-3.88319275677019,19.020380287612166
89.14,-3.2402890273950424,-4.139438462151433,18.64745218211265
89.15,-3.3367249284724254,-4.411663915584329,18.296067887342755
89.16,-3.4525502460035478,-4.701226710283695,17.966999008256966
89.17,-3.585525045442077,-5.0113006720921005,17.6619326889387
89.18,-3.736158521811981,-5.343393412250715,17.383323193743
89.19,-3.9051672478678254,-5.698868476927407,17.13364475743727
89.2,-4.093267796364909,-6.079089412291576,16.915371614787873
89.21000000000001,-4.301176740057825,-6.485419764511124,16.730978000562253
89.22,-4.529619207898012,-6.9192397839021,16.582936256463913
89.23,-4.7797344966286985,-7.382502975565461,16.474220178175905
89.24,-5.05214703604875,-7.875444349829176,16.409715314266755
89.25,-5.34711733067688,-8.397456057432755,16.394721359542896
89.26,-5.664905885030652,-8.947930249113629,16.434538008811078
89.27,-6.005773203627503,-9.526259075609062,16.53446495687773
89.28,-6.370036522035787,-10.131844973841108,16.69985607540104
89.29,-6.7593433973331845,-10.762836150744906,16.937997684779766
89.3,-7.173095417382642,-11.412908144678351,17.255831005905154
89.31,-7.609585034323512,-12.074872740751774,17.65953141240105
89.32000000000001,-8.0671047002934,-12.74154172407273,18.155274277890005
89.33,-8.54492014043885,-13.404912946772114,18.751234293487286
89.34,-9.040488907012787,-14.051336714401607,19.452955960136826
89.35000000000001,-9.548425202809293,-14.664869433469832,20.26085035672796
89.36,-10.063417221088889,-15.229441217240081,21.175641925341516
89.37,-10.5811242381159,-15.725118323998945,22.202167153400826
89.38,-11.092891243486966,-16.13124246432018,23.329917570199466
89.39,-11.588633142160036,-16.428095175017205,24.543105366255492
89.4,-12.05828008431226,-16.59390435517462,25.8275415812647
89.41,-12.491332630409275,-16.60470033163648,27.16727839721747
89.42,-12.876560527902603,-16.452330599386748,28.52928053841696
89.43,-13.202533278601633,-16.129779608023586,29.87902548094088
89.44,-13.45464265085582,-15.621384967956057,31.18381244814918
89.45,-13.625086343077259,-14.939418491543716,32.40927587047557
89.46000000000001,-13.709099938038843,-14.10712642650449,33.51995205557958
89.47,-13.699582194595996,-13.143686092325165,34.48057016257926
89.48,-13.591780392888984,-12.071712287111389,35.26853180385471
89.49,-13.39070762375451,-10.930262848081345,35.87187452091904
89.5,-13.097336210608225,-9.754411925131759,36.27590998384712
89.51,-12.718908636113223,-8.576892500040676,36.484213464998305
89.52,-12.268030940827623,-7.4326096358574985,36.50958268761831
89.53,-11.753461110354255,-6.35055342244113,36.36177856145297
89.54,-11.18877269013751,-5.3488360647838675,36.06366680903543
89.55,-10.58844291738282,-4.444953617528829,35.63941382027651
89.56,-9.964336218331816,-3.648663817690088,35.10926750972922
89.57000000000001,-9.328798344529242,-2.9596683902934844,34.49744575964134
89.58,-8.69404742994493,-2.377933347494923,33.82635797287266
89.59,-8.069494038266619,-1.8989154225885914,33.112171681943515
89.60000000000001,-7.462984842830065,-1.5135685036035385,32.37091270106454
89.61,-6.882011709950125,-1.2135746377632222,31.615359363592237
89.62,-6.331211730259856,-0.9887546005855044,30.85481110792549
89.63,-5.814717654762448,-0.8292218203395033,30.097174771327676
89.64,-5.334840330676949,-0.7253269472477092,29.34772301379089
89.65,-4.893119604291561,-0.6682100693483958,28.610535473316958
89.66,-4.4899711204715524,-0.6497218700922976,27.88809070231378
89.67,-4.124990378095058,-0.6630402739921643,27.182076508391972
89.68,-3.797237930078217,-0.702133558223544,26.493428266331698
89.69,-3.50543370552165,-0.7619473412941813,25.82261098576543
89.7,-3.2478316542169856,-0.8383132442601551,25.169685415530733
89.71000000000001,-3.0226593224817,-0.9280442396901858,24.53459442649528
89.72,-2.8279303062817442,-1.0285506475599875,23.917205584821094
89.73,-2.6614910257872677,-1.1379897421231122,23.317116394910567
89.74,-2.5218692657505684,-1.2549706333070183,22.73406872996229
89.75,-2.406882162098876,-1.378535856928393,22.167802121815626
89.76,-2.314250473370757,-1.5085991936767675,21.618059013699735
89.77,-2.2431398723130602,-1.64483599131091,21.084623594586073
89.78,-2.1926810233435656,-1.7869420372146898,20.56728053513929
89.79,-2.1599217829855997,-1.9359628478374558,20.0658899744382
89.8,-2.1435789071398546,-2.0929469773509752,19.58052894464987
89.81,-2.1437334492977818,-2.2584002240485535,19.111312343158172
89.82000000000001,-2.1604664629509127,-2.432828386222832,18.65835506734905
89.83,-2.193859001590686,-2.616737262166402,18.221772014608362
89.84,-2.2430803246246915,-2.811221467491928,17.80167102692689
89.85000000000001,-2.3060410348895344,-3.0188121321551016,17.398477013475773
89.86,-2.3831630357260694,-3.2410335195865003,17.01295649949074
89.87,-2.475002151117039,-3.4793389410412794,16.645885184373682
89.88,-2.5821142050447037,-3.735181707773283,16.29803876752862
89.89,-2.7048240042837106,-4.010105088881225,15.970116544184473
89.9,-2.842787809890245,-4.306231901225226,15.663094526775907
89.91,-2.996837664225863,-4.6256639309508865,15.379018818194904
89.92,-3.167954154318038,-4.970469562398302,15.120022766134923
89.93,-3.3571178671936015,-5.342717179906225,14.888239718290661
89.94,-3.5652974808175233,-5.744462949962398,14.685726332617609
89.95,-3.7934476850506993,-6.177581108891134,14.514758730271758
89.96000000000001,-4.0427560573156365,-6.643873476345485,14.37968782909594
89.97,-4.314450289356522,-7.145153065716963,14.285178208977158
89.98,-4.609758072918715,-7.683232890399244,14.235894449802036
89.99,-4.930038420712521,-8.259987858772709,14.236463872045785
90.0,-5.277429087711949,-8.87651435674269,14.292413263710598
90.01,-5.652620121977259,-9.531087221223194,14.411772418087606
90.02,-6.055960995971477,-10.22161326039455,14.602870710974267
90.03,-6.487801182159368,-10.945999282440061,14.8740375181689
90.04,-6.948649565619216,-11.702156058459439,15.233794653813463
90.05,-7.440023863669085,-12.485033191458294,15.693019205296151
90.06,-7.960075650098592,-13.283147280868386,16.260943158896396
90.07000000000001,-8.506089909940972,-14.084245807440377,16.946037125918192
90.08,-9.075728696399814,-14.875876857450558,17.757724054005298
90.09,-9.666544920169168,-15.6400613350722,18.706399831767776
90.10000000000001,-10.271181068213918,-16.352778766594536,19.791989583560913
90.11,-10.88175564835516,-16.989570989710174,21.013390742132852
90.12,-11.490970433825767,-17.520647835959885,22.374220616093982
90.13,-12.086575872767968,-17.916530882319485,23.85691756859863
90.14,-12.654655680211437,-18.149730422703552,25.435999094230013
90.15,-13.180803424945234,-18.18686915891981,27.08958559204191
90.16,-13.649609720000457,-18.00428655274545,28.78283134873933
90.17,-14.04590200771017,-17.596056491441466,30.46523548945769
90.18,-14.352003887107335,-16.948585974773557,32.087071284851554
90.19,-14.553157684426573,-16.064825261787135,33.60075609366353
90.2,-14.643308450227861,-14.98071896511521,34.95813700490301
90.21000000000001,-14.614215301161797,-13.728649844480216,36.11104880043731
90.22,-14.459779467663987,-12.343292111274476,37.028201234525476
90.23,-14.186580728854944,-10.880513246959978,37.69526142522908
90.24,-13.796635502053384,-9.390221419456376,38.09746896524343
90.25,-13.30327574594004,-7.92013027071769,38.248592170491534
90.26,-12.721627294484662,-6.517970391302368,38.16669810440062
90.27,-12.065679254424296,-5.216336548405559,37.87543621988822
90.28,-11.355397466812796,-4.039334055954813,37.41167854984892
90.29,-10.607848326274546,-3.005661730903024,36.806207787664704
90.3,-9.83980575431907,-2.116383051153545,36.093196658080906
90.31,-9.067901067683618,-1.3709329262712986,35.30532455797596
90.32000000000001,-8.305213292372507,-0.7622602109143799,34.46678822694691
90.33,-7.56316328409739,-0.27810965884426714,33.60004384913048
90.34,-6.851109048983914,0.09498867302565239,32.72185284628232
90.35000000000001,-6.176025899681592,0.37185884088963,31.84544126995033
90.36,-5.542888039157337,0.5673231872860639,30.980066297632632
90.37,-4.954760836778617,0.6953972137534759,30.13195648730675
90.38,-4.413248552674256,0.7687268944303026,29.305114960606833
90.39,-3.9183495787306315,0.7986678506765033,28.501763685867445
90.4,-3.469388463221698,0.7949412611184964,27.722737312961875
90.41,-3.064857906158542,0.7659409299615297,26.96806068607642
90.42,-2.702489217834235,0.7183784952278413,26.237278593295198
90.43,-2.3796926930264464,0.657994503566714,25.529585694295317
90.44,-2.0938688508180023,0.5889703479548397,24.844061437089465
90.45,-1.841882256205099,0.5148866501967387,24.179603190661034
90.46000000000001,-1.6211027774981503,0.4384228036631359,23.535144204942732
90.47,-1.4285651671641972,0.36168837953202165,22.909732881685716
90.48,-1.2614976153910282,0.28594092359480283,22.302519579932454
90.49,-1.1176300613599635,0.21228101447944267,21.71265728556078
90.5,-0.9940970447408396,0.14101927178998036,21.13941197807685
90.51,-0.8891201760082075,0.07267503023224489,20.582172657143747
90.52,-0.8005717521157621,0.0074005505098484956,20.040231228705014
90.53,-0.726350746704413,-0.055214253496692026,19.512971894280017
90.54,-0.6651808482468764,-0.1152237411734306,19.00001489963325
90.55,-0.6152192517605233,-0.1731772539730157,18.500894927699335
90.56,-0.5751876377466916,-0.2295760219470513,18.01518888904731
90.57000000000001,-0.5444597619959819,-0.284541363797737,17.542554376421947
90.58,-0.522124835852585,-0.33845225102305143,17.082618768330466
90.59,-0.5066781095558386,-0.3924559495410466,16.634961825359333
90.60000000000001,-0.4977857836827847,-0.4469182457881619,16.199306337513107
90.61,-0.49522245638900764,-0.5021187456582179,15.77538740765044
90.62,-0.4984298180653642,-0.5585928912784299,15.362906390708583
90.63,-0.506453695943221,-0.6174248940650293,14.96154145085893
90.64,-0.5193508584962517,-0.6791659296803124,14.571090125937177
90.65,-0.5372317128462575,-0.7443323224361229,14.191355832483648
90.66,-0.5601714465097583,-0.8134536371080479,13.8221367288731
90.67,-0.5876335900338805,-0.8873866280256723,13.463162739499426
90.68,-0.6196506557909103,-0.9670093859820991,13.114304578689874
90.69,-0.6565502535248265,-1.053122119190642,12.775484864956274
90.7,-0.698659992979769,-1.1465250358649854,12.446626216809019
90.71000000000001,-0.7461339678566904,-1.2480244938704788,12.12758842953238
90.72,-0.799054604373318,-1.3586550946369853,11.818267791213769
90.73,-0.857960696678474,-1.4796274615078309,11.518778993490777
90.74,-0.9234043447314336,-1.6121547300161523,11.22924237096236
90.75,-0.9958792045715723,-1.7573829730272374,10.949708468009632
90.76,-1.0758277471341535,-1.9165362553628866,10.680181838979827
90.77,-1.164057566875353,-2.091429993688366,10.42112212539001
90.78,-1.2614078810735918,-2.2839240111174446,10.173027629535277
90.79,-1.368686633174546,-2.4957507156284193,9.936306669544456
90.8,-1.4867864404803062,-2.7285426632727603,9.711359320771885
90.81,-1.616971045034893,-2.984856248375185,9.499320445184386
90.82000000000001,-1.7605331308407,-3.2673351047230863,9.301390810219338
90.83,-1.9186953511940015,-3.578372807838051,9.11864111421895
90.84,-2.092760889270375,-3.9203067521409647,8.952478174217923
90.85000000000001,-2.2844915895511106,-4.296734153025245,8.805365790760492
90.86,-2.4956740993746367,-4.711327909079051,8.679820821508311
90.87,-2.7280659500422844,-5.167258442412804,8.57821562714168
90.88,-2.983755967887008,-5.667637875271635,8.504330889492985
90.89,-3.265162380765661,-6.216769291884162,8.463398557596392
90.9,-3.5747075579216876,-6.818979111373159,8.460669167615217
90.91,-3.9147517855138174,-7.477800373496545,8.501215421962183
90.92,-4.28789948222184,-8.196068795728099,8.593440875805593
90.93,-4.696938637446247,-8.977061907012873,8.74758759323295
90.94,-5.144671101433484,-9.824058607558035,8.973873927391848
90.95,-5.634040073478663,-10.738753362934515,9.283420310328104
90.96000000000001,-6.167004256845255,-11.718435682157589,9.69211391368242
90.97,-6.745192981692342,-12.759667895548265,10.216902420564377
90.98,-7.370592682934433,-13.859020464981263,10.875381260056782
90.99,-8.044304159833079,-15.005529942058658,11.688147647643849
91.0,-8.76390557474528,-16.178957905167323,12.675048353157198
91.01,-9.526943664182124,-17.35869910315607,13.856364772832858
91.02,-10.33104217531563,-18.51727287640032,15.256550678509946
91.03,-11.165541291661958,-19.609960572476687,16.88382507233002
91.04,-12.017989897686197,-20.589593950035965,18.74218623553329
91.05,-12.875898924406787,-21.400529733450824,20.83837038238918
91.06,-13.71825906201201,-21.980810734656252,23.145771787763636
91.07000000000001,-14.521113649868068,-22.26614242882548,25.62827463666143
91.08,-15.257648880480982,-22.191623069898952,28.23624499602601
91.09,-15.898190800325555,-21.723635831306805,30.879563877175915
91.10000000000001,-16.40934702662894,-20.8182426072914,33.46759408012571
91.11,-16.764775035470123,-19.48829348752199,35.89714316205251
91.12,-16.94226293123802,-17.777740258816323,38.057390851167476
91.13,-16.920536139255415,-15.737389585286722,39.85656307646016
91.14,-16.697659612520432,-13.471536098377097,41.23203106271643
91.15,-16.27004535721887,-11.080246377722881,42.13714819119051
91.16,-15.657618045156822,-8.679473966431322,42.58286478976617
91.17,-14.877947120277701,-6.371964723108734,42.589750946159484
91.18,-13.962470555312665,-4.2366361903618115,42.22061380350354
91.19,-12.941749709510075,-2.3355166545940826,41.54103699250547
91.2,-11.850761097109908,-0.6960250940145231,40.630781778036805
91.21000000000001,-10.721094007801891,0.669729745640097,39.56093368600283
91.22,-9.58206588427883,1.7725371879482101,38.39654149575158
91.23,-8.458328776589031,2.633957343027445,37.1889527533237
91.24,-7.3703939646464365,3.2836036321440547,35.97916490211703
91.25,-6.332733969401035,3.7546210106172313,34.79429120521612
91.26,-5.356640736554903,4.07917062829487,33.65290882938034
91.27,-4.448090543850816,4.2881142282747815,32.56512639092339
91.28,-3.6107470024055806,4.4080838480863145,31.535606360093738
91.29,-2.8446959849695483,4.462534770775817,30.564739210558045
91.3,-2.1486650267465484,4.470857646375937,29.650571355184905
91.31,-1.5194832497711184,4.448869848043532,28.789847859894437
91.32000000000001,-0.9529233424529642,4.4098150477356866,27.978242950661556
91.33,-0.4444528889490449,4.363253903851918,27.211765435043873
91.34,0.010984258705787675,4.317724510485979,26.486469394129823
91.35000000000001,0.41906930288665123,4.2789428208427305,25.79864223404007
91.36,0.7850623254160001,4.25179212973928,25.145187909175977
91.37,1.1143900927451773,4.239593222672609,24.523381824670455
91.38,1.4124120335947428,4.244894201225124,23.93083970289363
91.39,1.6835345651386127,4.269685037417359,23.366073596732143
91.4,1.932126016254713,4.315587133098074,22.8277097007414
91.41,2.16323749573675,4.383082974914626,22.31462480036347
91.42,2.3796194256861622,4.473248623627861,21.82650216930225
91.43,2.5847122384013974,4.586791914768458,21.362902236771163
91.44,2.7833288137055545,4.72345716941988,20.92351141212697
91.45,2.9773851093470665,4.884199457863074,20.509005301326795
91.46000000000001,3.1685829194228257,5.070074391896963,20.120115813631152
91.47,3.3603348384866067,5.281091862446829,19.7571386287889
91.48,3.5566756124931986,5.516623488021768,19.420740915841645
91.49,3.758526073932102,5.777758986514239,19.11276455474737
91.5,3.9667635723115704,6.065613322687986,18.83506525000981
91.51,4.18231804246205,6.381279974796228,18.58948300749744
91.52,4.409479707093471,6.724226784748023,18.37720087796005
91.53,4.65071942533256,7.093888048042042,18.201009880263076
91.54,4.906276819729997,7.490463142754564,18.06456806743079
91.55,5.176391512836381,7.914151446961711,17.97153349248725
91.56,5.4613031272034736,8.365152338741435,17.925564208456123
91.57000000000001,5.761360460070349,8.843642009105292,17.9303324765764
91.58,6.080103898004462,9.34808017009398,17.99023277431102
91.59,6.418487968204558,9.87465317369969,18.110156953418933
91.60000000000001,6.775619690018583,10.419479896097114,18.29489228902437
91.61,7.1506060827943765,10.978679213460836,18.54922605625121
91.62,7.542765778002476,11.548340389978604,18.878181867312836
91.63,7.953126802703779,12.122246277040698,19.2886956242202
91.64,8.379183899549783,12.690307049160541,19.78376380213246
91.65,8.817416292023736,13.242065508884638,20.36524948325735
91.66,9.264419990517007,13.766969721477347,21.035316375364882
91.67,9.71788393237315,14.251601459301751,21.798645477517255
91.68,10.17196328188121,14.680734795830013,22.650122362123817
91.69,10.619714762624328,15.039398810823524,23.581709947622166
91.7,11.054388229977354,15.310892891888344,24.5872014729836
91.71000000000001,11.468803434051956,15.47617745507242,25.658822308162517
91.72,11.853976174501716,15.524877211446958,26.77473701036564
91.73,12.20080522690301,15.44734298785598,27.91213153177708
91.74,12.4987883155857,15.227683825329617,29.050438680273327
91.75,12.73938559130588,14.862607009819335,30.165002315839757
91.76,12.916665365515305,14.362479756198507,31.226485185856113
91.77,13.024264874255284,13.736792181854188,32.205493766267345
91.78,13.053597338797926,12.990870597470538,33.07615510403928
91.79,13.004532232290401,12.148051257670653,33.82145908172701
91.8,12.878428980359393,11.235353935060218,34.42502098454087
91.81,12.672646012425979,10.274639387913947,34.87042341615231
91.82000000000001,12.393662790953428,9.292832030051272,35.15885510241701
91.83,12.05026306060947,8.318767492860633,35.29469496045841
91.84,11.647508735384227,7.376521048769236,35.279730333950056
91.85000000000001,11.195538924315793,6.483224823607539,35.12863242026463
91.86,10.706075645026795,5.655733686645535,34.85873821387876
91.87,10.188293590338022,4.907595384248701,34.48331499830255
91.88,9.652360823566271,4.242363153263164,34.020807075577984
91.89,9.108841730686557,3.662807628625158,33.49039103885311
91.9,8.566906993593735,3.1708408113582514,32.90630237425921
91.91,8.033426501286964,2.761221987968894,32.28178456576329
91.92,7.515108107548823,2.4278279430530927,31.63038294491538
91.93,7.018308841641498,2.165629084959524,30.96251139990136
91.94,6.546799908428261,1.9673495921130228,30.28556243527362
91.95,6.103895446407326,1.8251631080283819,29.606778615283442
91.96000000000001,5.692189163273055,1.732595069556834,28.931148392177498
91.97,5.312694978863528,1.6827933921293399,28.26232969944863
91.98,4.966383484017917,1.6693280179041763,27.603601170083483
91.99,4.6533093508375565,1.6871327852640785,26.956802303856666
92.0,4.372938180804394,1.7313115099651637,26.323427239691675
92.01,4.124536777622344,1.7979592121917476,25.70465232977839
92.02,3.9070722502496134,1.8839076614869874,25.101100361827946
92.03,3.7192911454077735,1.9861885190251425,24.513339324751797
92.04,3.559497340198476,2.103085302053641,23.941736559914272
92.05,3.4266592026446343,2.2331076406737926,23.38645136220641
92.06,3.319678812782137,2.374804753635537,22.847652486775047
92.07000000000001,3.2361672121252365,2.5278843363453314,22.325719585524585
92.08,3.1751760631735535,2.69232711711685,21.820915900759392
92.09,3.136272373648035,2.867964126772929,21.333444243893492
92.10000000000001,3.1190231512699045,3.0546263961357116,20.863507426343077
92.11,3.121468205554412,3.2530905584763183,20.41145200746175
92.12,3.1415722435688043,3.4650407077728653,19.978046358606253
92.13,3.179738858712438,3.69119940670964,19.564093546305386
92.14,3.236386515593909,3.9322817827583396,19.170396091259384
92.15,3.311933678821665,4.18900296338971,18.797756514170267
92.16,3.406798813004046,4.462078076074407,18.446977335739923
92.17,3.5208453021889254,4.752688795325262,18.11888811156077
92.18,3.652361231890086,5.063680246055197,17.815101428855062
92.19,3.8017763661179487,5.3965278419076625,17.538021181811864
92.2,3.969763229022976,5.7525234834275665,17.29008215917473
92.21000000000001,4.156994344755008,6.132959071158413,17.07371914968841
92.22,4.364142237463772,6.539126505643569,16.89136694209748
92.23,4.591913264890248,6.97238978259209,16.745458875529824
92.24,4.841395252811669,7.434658348245694,16.639178529755547
92.25,5.113032548272173,7.925862967791526,16.577478597401893
92.26,5.4070430048842635,8.445373308516857,16.56554642123889
92.27,5.723644476260318,8.99255903770879,16.608569344036276
92.28,6.063054816014077,9.566789822656794,16.711734708564016
92.29,6.425580518999171,10.167442472201076,16.88032150901071
92.3,6.812813901473876,10.792312424662233,17.121651161018377
92.31,7.223951704209858,11.434857118334824,17.442321964643906
92.32000000000001,7.657246882212797,12.087862561944528,17.848208303417668
92.33,8.110952390488244,12.74411476421696,18.345184560869555
92.34,8.584376325786085,13.395489760555968,18.941408124367815
92.35000000000001,9.074689980187598,14.028363403055762,19.641773544951914
92.36,9.576450907895111,14.62715506990851,20.44630021133305
92.37,10.084342194529706,15.176097715120793,21.355471479198627
92.38,10.594100106044024,15.655243788963462,22.373730531065068
92.39,11.097090936362498,16.04457670301626,23.48989823899879
92.4,11.583387801547818,16.32506763419001,24.68812567443965
92.41,12.043047253196626,16.475431332708958,25.954307024133218
92.42,12.465640921073431,16.472889503515407,27.272144137562073
92.43,12.840244425699385,16.310220595083127,28.60901356978284
92.44,13.155741776709323,15.981022821063384,29.93108098554394
92.45,13.397850850363183,15.470421736391458,31.206349146535107
92.46000000000001,13.559280002936841,14.791231948142483,32.40167810195562
92.47,13.635705777966786,13.966717823725272,33.48301873683982
92.48,13.620516644797851,13.016298497118928,34.41637572206559
92.49,13.508921505885029,11.961724081413436,35.17983579597054
92.5,13.306154520235989,10.8409155457679,35.76256061035775
92.51,13.013655709824123,9.688303115937293,36.1509871875342
92.52,12.63811561256989,8.53519908061671,36.34820612251738
92.53,12.192077268154064,7.415038324084887,36.36731712030614
92.54,11.684278175201799,6.356346604515645,36.21784030600481
92.55,11.127745411105433,5.376342472905993,35.921531076058166
92.56,10.536757144096539,4.491317140992834,35.502276856442364
92.57000000000001,9.922819810109766,3.711549891054367,34.97939189850627
92.58,9.297882712957353,3.0365563720559856,34.376176523435056
92.59,8.673909977986334,2.465811888691707,33.71487607753469
92.60000000000001,8.060275018511978,1.9956072496197323,33.01106445505183
92.61,7.464294018372359,1.6170220823439678,32.279885104550125
92.62,6.89331015611013,1.3218278602978832,31.534287125670502
92.63,6.352071626605911,1.1005494214916323,30.783244631540697
92.64,5.844489299012254,0.9432907132369346,30.03460395788712
92.65,5.372792578150467,0.8409959175810999,29.29339106360118
92.66,4.938497217813849,0.7849001205754961,28.56377788630238
92.67,4.542078524503288,0.7672849984071394,27.84826943462433
92.68,4.1832592518988365,0.7812260822432365,27.148677440661686
92.69,3.861172738715478,0.82110248316521,26.465984102600487
92.7,3.574527528040456,0.8818919464192643,25.8007300227402
92.71000000000001,3.3218112947340184,0.9596106994655283,25.15309275457408
92.72,3.1012069841474665,1.0509343414808925,24.523035609228618
92.73,2.9107554911165305,1.1536356073458163,23.91039070613374
92.74,2.748732228124027,1.2655790611292659,23.3149482555962
92.75,2.612788818008441,1.3857304189092092,22.73648079500033
92.76,2.50152335624562,1.5132997233462417,22.17474175660045
92.77,2.413621250182667,1.6474745744800803,21.629488113197063
92.78,2.3463583522841542,1.7885117943522741,21.100600795064338
92.79,2.2986346887140785,1.9368032959459547,20.588036142752735
92.8,2.270032234740096,2.092534779427941,20.09174018570743
92.81,2.260132965629755,2.2558919449657204,19.61165895337149
92.82000000000001,2.2673230099911446,2.4277843422418965,19.14779056414456
92.83,2.2894568599208194,2.6101407219531128,18.700436576608453
92.84,2.3268306472445075,2.803946257135019,18.270006951256953
92.85000000000001,2.379787727747149,3.0101628707818335,17.856911735619647
92.86,2.448671457213595,3.2297524858877047,17.461560977226014
92.87,2.533721830594554,3.4637363425245753,17.084357378337668
92.88,2.633568041991105,3.714364583817662,16.725877015276144
92.89,2.748298468112282,3.9837631916490253,16.38747390691656
92.9,2.8787197444436,4.273741976445033,16.070643890390897
92.91,3.0256385064704863,4.5861107486319375,15.776882802831004
92.92,3.189861389679005,4.922679318637336,15.507686481367505
92.93,3.3720333296896134,5.285300589338443,15.26447170783176
92.94,3.572685902761397,5.675993886523368,15.049599567225819
92.95,3.7929195204751585,6.096762686844373,14.866705527537878
92.96000000000001,4.033862611873633,6.549606539398189,14.719464728761633
92.97,4.296643605999437,7.036524993281363,14.611552310890573
92.98,4.582577243333253,7.5595207567555125,14.54653753367048
92.99,4.89342029319971,8.119584709749468,14.52907290462481
93.0,5.22996658046325,8.71634216105474,14.566124536840304
93.01,5.592902215286863,9.349346074156887,14.664812077395883
93.02,5.982913307833385,10.018149412541257,14.832255173370127
93.03,6.400932196319645,10.722315065026814,15.075799691831525
93.04,6.848775152655491,11.458666544415976,15.404891631853419
93.05,7.325390395201202,12.219064862374271,15.82859168665452
93.06,7.829204307584748,12.99492755110119,16.355677196626477
93.07000000000001,8.358833933236628,13.777670962272975,16.99531161783839
93.08,8.913656111238778,14.555164523306857,17.75907715765252
93.09,9.488560232281968,15.30794330795467,18.6512973318695
93.10000000000001,10.0774254119763,16.015709715237683,19.674458120637
93.11,10.67512722443982,16.6558895473526,20.835033621390927
93.12,11.273475136682013,17.20054217576332,22.129965797939008
93.13,11.860209886079017,17.62242516699588,23.54181606081739
93.14,12.423075444860855,17.893023365830157,25.054148906646432
93.15,12.949213024228706,17.978548131631722,26.650457318344177
93.16,13.423888372874863,17.8625623721807,28.290659886589193
93.17,13.831868701653914,17.531002401445622,29.931111614783305
93.18,14.155020723298604,16.961947805981893,31.530232722869858
93.19,14.382349746024794,16.170008764643867,33.03980840464962
93.2,14.505106625399861,15.180023026438613,34.409516442174144
93.21000000000001,14.510617904186859,14.009429343237983,35.59223896998839
93.22,14.397282841228469,12.699296181995377,36.56012937841193
93.23,14.166896141676693,11.299818544957823,37.288429740275234
93.24,13.820185159185801,9.855113933729235,37.76209132320667
93.25,13.371113840422208,8.415659820900697,37.99202439909682
93.26,12.8302588760842,7.028438002670812,37.98686368310816
93.27,12.212382719840862,5.7256557782569155,37.771046163057505
93.28,11.536224849469825,4.536674056449594,37.37657418533293
93.29,10.817323222724767,3.4803184609339235,36.83178719659801
93.3,10.073198101880651,2.5614190033326434,36.17174637922146
93.31,9.320136641926245,1.7841163807974842,35.42690869806807
93.32000000000001,8.571077521400937,1.1414920802414747,34.62238603667514
93.33,7.838348232696173,0.623526287941613,33.78218227944929
93.34,7.131445617800555,0.21844914831944312,32.92377421371283
93.35000000000001,6.4581129573240075,-0.08771663129470461,32.06138953046763
93.36,5.823936127492644,-0.30904218852257637,31.205429446772218
93.37,5.2325742052509945,-0.45927134976941864,30.36310333242766
93.38,4.686106219644523,-0.5511066834766374,29.53931356821643
93.39,4.185208564625095,-0.5961223725866258,28.736789306733925
93.4,3.7294966000300835,-0.6040298341758702,27.957070679182937
93.41,3.31781704557744,-0.5833747450550756,27.200698214760962
93.42,2.9484814438096194,-0.5413796090683011,26.46758670418292
93.43,2.6190443555685055,-0.4838591051895413,25.75701568450924
93.44,2.3268587894450032,-0.41559431744981246,25.068208400288125
93.45,2.069360979360952,-0.3401684777806218,24.40036712147154
93.46000000000001,1.8436943685453453,-0.26052205238996007,23.752469992534834
93.47,1.6472569456261525,-0.17880495026508825,23.123617665114907
93.48,1.4773056962265827,-0.09663747948695796,22.513025410899456
93.49,1.3313967132167126,-0.014920523576886835,21.919829263987825
93.5,1.207035978414359,0.06564655523619614,21.34324181798111
93.51,1.1020423822539795,0.14469522180445157,20.782747174214173
93.52,1.0145538561946938,0.2219996562097254,20.237818024475864
93.53,0.9423643015465256,0.2979978903506384,19.707870286079466
93.54,0.88439072317119,0.3728303670142754,19.192307689693845
93.55,0.8389045295569028,0.44698620600445765,18.69065372943792
93.56,0.8041887732437261,0.521220464107451,18.202645868789386
93.57000000000001,0.7798358288896836,0.5957733503216415,17.72794923182921
93.58,0.765449679950551,0.6708797669356497,17.266227712648238
93.59,0.7597055891725859,0.7474674705903126,16.81714996628887
93.60000000000001,0.7613270637560049,0.8268234114994146,16.38046288121669
93.61,0.7703540868205433,0.909485011625417,15.95595279040502
93.62,0.7868302857569992,0.9959873154761849,15.543406075919846
93.63,0.8107709034836316,1.086882363038826,15.142607590495595
93.64,0.8413579922550848,1.1833618873720042,14.753339636149956
93.65,0.8784079030916351,1.2866196974169393,14.375533515005301
93.66,0.9222053875560706,1.3976311983269158,14.009164425838975
93.67,0.9730351972113711,1.5173717952556973,13.654207567426766
93.68,1.0309493119157733,1.6468226123167875,13.310564784396584
93.69,1.0960108270029285,1.787282927401685,12.978236498010046
93.7,1.1688485363540921,1.9402826469638126,12.657474409360287
93.71000000000001,1.2501014518926032,2.1073538932252176,12.34853417611424
93.72,1.340362801913076,2.2899459796710566,12.05164969969942
93.73,1.4400911556633007,2.4892890120407936,11.767118002083572
93.74,1.5501970252015513,2.7074702880324693,11.495658442979366
93.75,1.6716629466106343,2.946710469653355,11.238040762241269
93.76,1.8054638989330885,3.2091740127687083,10.995012951449533
93.77,1.9526162057002143,3.496593808945258,10.767408395707037
93.78,2.1144876013988405,3.811741664643675,10.557000227024094
93.79,2.2925098673472917,4.157679767028929,10.36573744409746
93.8,2.4881067837815993,4.537412436551331,10.195525733420553
93.81,2.7027352357588756,4.953122219516825,10.048112566451453
93.82000000000001,2.9383603107655096,5.408146771097037,9.927195074136526
93.83,3.1970605968945374,5.906298961193011,9.836974891958493
93.84,3.4809071477971196,6.451349305694235,9.78160704992052
93.85000000000001,3.7918921100699112,7.0459517770672395,9.765245676922607
93.86,4.13233874097743,7.692924633239516,9.795321566944375
93.87,4.504678913437376,8.395445011644929,9.880119580939171
93.88,4.911360861905414,9.156682903906965,10.027883710916871
93.89,5.354977831602587,9.978300028933692,10.247504852939459
93.9,5.837386601506639,10.858672140171604,10.552232992786791
93.91,6.360214745586445,11.79574683686521,10.956259566252612
93.92,6.925239055279535,12.787567230457764,11.473968144850165
93.93,7.534516518325699,13.82847652021136,12.122534546934197
93.94,8.186418320588206,14.902644356282757,12.919286558605197
93.95,8.878582289633684,15.992920413365047,13.881140796410588
93.96000000000001,9.609285817666002,17.08100611546401,15.02719231887763
93.97,10.373552260890323,18.135649548204345,16.37340912492571
93.98,11.161100971892479,19.117713362497256,17.92506234197365
93.99,11.96214036837377,19.98517675283561,19.690246178089144
94.0,12.76253025117362,20.685961550284496,21.66298879448653
94.01,13.542239232816595,21.16796161093661,23.814785790020693
94.02,14.280451679453721,21.369503299888752,26.12102609039711
94.03,14.952145003063015,21.247543929217386,28.520783577596106
94.04,15.53044898899108,20.767883254798313,30.9381200711115
94.05,15.986485786079195,19.895613123544916,33.29630826234043
94.06,16.299589577510194,18.65629471973866,35.501082673270226
94.07000000000001,16.447236953103776,17.077321230343777,37.456553053883205
94.08,16.41486582311935,15.212255243572908,39.09036684342105
94.09,16.19951493456555,13.150031639930141,40.343754135684286
94.10000000000001,15.79921548044087,10.975279660182856,41.18035083301276
94.11,15.23242158389551,8.790173419456115,41.60826409647621
94.12,14.513434141022422,6.681583212909628,41.64239689669676
94.13,13.67075692201525,4.7190943883803955,41.336396913338284
94.14,12.73084843799089,2.9587381525205703,40.74419602683394
94.15,11.724522040124977,1.426087637363453,39.93400738345103
94.16,10.680407506365036,0.13618184413523826,38.96739297262058
94.17,9.624171806740287,-0.9199015853553092,37.901203367263754
94.18,8.5789286405552,-1.7567235548680993,36.78276064444536
94.19,7.563175186153917,-2.3993321468704045,35.64894246572921
94.2,6.591109160555439,-2.874670993796187,34.52628048794672
94.21000000000001,5.673512486058543,-3.2110306568920386,33.43370806188757
94.22,4.81663064016455,-3.4354014012209473,32.381944898871794
94.23,4.024481718105242,-3.5721229003189428,31.377249096961773
94.24,3.297780395715167,-3.6424853878004395,30.421380159661496
94.25,2.6360580399483715,-3.664747957955612,29.514050331853337
94.26,2.036824234470806,-3.6537272526507283,28.65315842785631
94.27,1.4965582228110463,-3.6220896134319216,27.83575523134843
94.28,1.0112367994478224,-3.5792367077274325,27.058762462832252
94.29,0.5763663340527623,-3.5336033444371395,26.318942287071124
94.3,0.1868979105414056,-3.490866558598551,25.613085500230365
94.31,-0.16155210351775073,-3.4560242033002933,24.938681327181865
94.32000000000001,-0.47440535132571593,-3.432458989191996,24.293237532073256
94.33,-0.7556504751912757,-3.423015311197596,23.674804743591412
94.34,-1.0100017759890771,-3.4297379157263506,23.081603022389007
94.35000000000001,-1.2415786171725136,-3.4539345986997274,22.512454719757812
94.36,-1.4543763965419847,-3.4968246351521595,21.966182274163565
94.37,-1.6524555224195014,-3.5591182247347946,21.441955220396828
94.38,-1.8382357391953268,-3.6418945696505993,20.93965168155174
94.39,-2.015416066971783,-3.7454501868749275,20.458738334588343
94.4,-2.187291572025481,-3.870022633207565,19.999006722875766
94.41,-2.355494278884434,-4.016695444756657,19.560886892595743
94.42,-2.521954118865864,-4.186363288029608,19.144734617334638
94.43,-2.690742556262741,-4.3785637760579315,18.750604261553732
94.44,-2.8635746587195543,-4.594328932883082,18.379566685735202
94.45,-3.0415176724897615,-4.8351014910772445,18.032895024181926
94.46000000000001,-3.225639471711924,-5.102323725163324,17.71186217511478
94.47,-3.418916440620194,-5.396038242942371,17.417274812747575
94.48,-3.6240691773229803,-5.716445743299483,17.15100527706498
94.49,-3.8419841555328147,-6.065078066030387,16.915849152392347
94.5,-4.0735478489634325,-6.443467050932716,16.714602023053615
94.51,-4.319646731327652,-6.853144537802639,16.550059473373754
94.52,-4.582561601241179,-7.295029031819698,16.424741008452962
94.53,-4.865262185297895,-7.768521851662318,16.342423758416217
94.54,-5.168171792591706,-8.273250893196611,16.308414979312072
94.55,-5.491672465308084,-8.808854885374666,16.32803850196555
94.56,-5.836146245633891,-9.374972557150883,16.40661815720181
94.57000000000001,-6.202071562553757,-9.971233516881487,16.549530542986606
94.58,-6.591940353107951,-10.595453808721663,16.763763899432075
94.59,-7.0056852758354005,-11.241481703443936,17.056226554922453
94.60000000000001,-7.441931295014678,-11.902641972735287,17.433314055621977
94.61,-7.899303374924233,-12.572259388282603,17.901421947694395
94.62,-8.3773627591194,-13.242945808319607,18.468777148909144
94.63,-8.874164771934268,-13.90168294489533,19.141854870484348
94.64,-9.384623572750911,-14.532873177287344,19.921861948136232
94.65,-9.903670412673412,-15.120848216875482,20.810135120728628
94.66,-10.42747482771047,-15.646371861839182,21.812617903919445
94.67,-10.948016875268687,-16.08833619542298,22.92091657074836
94.68,-11.455488564330508,-16.42645381788271,24.120373291196213
94.69,-11.940090406923066,-16.63889276060495,25.39768543416961
94.7,-12.39140132631092,-16.700159432570135,26.73936848909568
94.71000000000001,-12.797902494589682,-16.599681992844058,28.113473527270713
94.72,-13.147930168721082,-16.3288473144566,29.485789295146606
94.73,-13.427005974949699,-15.870239468525616,30.824328956927165
94.74,-13.626181006040898,-15.231948911626585,32.09397622608058
94.75,-13.739799927766782,-14.435221445812127,33.257443067408815
94.76,-13.760046997888395,-13.497553030864363,34.27769758878621
94.77,-13.680919469642497,-12.439878400432459,35.129471286775754
94.78,-13.506595540633985,-11.301086161406127,35.79782261631324
94.79,-13.237192850256807,-10.116548545375489,36.26538635164629
94.8,-12.878768861880976,-8.920006900223298,36.53281707438771
94.81,-12.443942198403906,-7.74820734342015,36.61132992209045
94.82000000000001,-11.940962253816151,-6.6323252506535315,36.50908852966377
94.83,-11.383244480382702,-5.592724680551315,36.24827684435497
94.84,-10.785569938777021,-4.648921470206746,35.853120248996426
94.85000000000001,-10.159983273156849,-3.8125974905566204,35.34395737566044
94.86,-9.519497327864483,-3.0849946948811917,34.746192702379325
94.87,-8.876890997285754,-2.467454190022388,34.08318223332519
94.88,-8.241962489106397,-1.9559178563098691,33.37199687991141
94.89,-7.623180601082177,-1.5417358423372525,32.62993146512745
94.9,-7.028473646882239,-1.2166716631767556,31.870647980437976
94.91,-6.463031969434507,-0.970459588959227,31.104353233333665
94.92,-5.93135487239249,-0.7929330540339021,30.33959235039057
94.93,-5.436232876420011,-0.6739883064117729,29.582088874246914
94.94,-4.9794352385451965,-0.6044424493939794,28.836310020356503
94.95,-4.56143619808426,-0.5759431333365432,28.105166277303557
94.96000000000001,-4.182168939484017,-0.5809974650375982,27.3904262721344
94.97,-3.8407904375472657,-0.6133703338480139,26.693156120177278
94.98,-3.536122301340362,-0.6676307228421606,26.013978467869254
94.99,-3.266443029782175,-0.739264767287508,25.352988046486406
95.0,-3.0299658997313634,-0.8247702574985403,24.7100805068397
95.01,-2.8245636863524797,-0.9213818888050097,24.085080388916197
95.02,-2.6482428658336024,-1.0271521318015981,23.477582207588654
95.03,-2.499214052419665,-1.1402162690366004,22.88720253049743
95.04,-2.3750746019050384,-1.2598663177237928,22.313791777163413
95.05,-2.2745043507276415,-1.3855003885951431,21.75700603801363
95.06,-2.196001360601041,-1.5166211944147003,21.216494251286324
95.07000000000001,-2.136714599043946,-1.6538463933669059,20.69209765644067
95.08,-2.0958582428895363,-1.7975120260748296,20.18370308800951
95.09,-2.0730361049383204,-1.9478190846087482,19.69118644146419
95.10000000000001,-2.0678519979909913,-2.1049685610383313,19.214423612278246
95.11,-2.0785310368367833,-2.2700959141064954,18.75341807020363
95.12,-2.1033018337069826,-2.445140922327874,18.308480423589714
95.13,-2.142495273523723,-2.631115835919261,17.879916319975564
95.14,-2.1964518112255726,-2.8290276208005647,17.468030979551077
95.15,-2.2655119017509433,-3.0398832428909106,17.07312962250801
95.16,-2.34965029316501,-3.264888054921085,16.6955137511554
95.17,-2.4475882604375023,-3.5063586700602056,16.335867775359816
95.18,-2.5598481977383742,-3.766241919465488,15.995451523078476
95.19,-2.6872083518364724,-4.046381810180174,15.675560421098107
95.2,-2.8304469695011973,-4.348622349248711,15.377489896204084
95.21000000000001,-2.990332314795059,-4.674808279746836,15.102522693723396
95.22,-3.167322553091976,-5.026900015594583,14.851883887099183
95.23,-3.362317340173199,-5.407088689101789,14.628313276890982
95.24,-3.5764715857331435,-5.817591798419401,14.435038641870287
95.25,-3.8109401994673897,-6.2606268417006214,14.275287760807414
95.26,-4.066890148644277,-6.738411364568795,14.152268659162166
95.27,-4.345959319833143,-7.252826074216971,14.069155753250396
95.28,-4.649492718323078,-7.804786048101237,14.031704476782489
95.29,-4.978561486041531,-8.395038986768288,14.046481217544649
95.3,-5.334236764915801,-9.024332590764606,14.120052363322781
95.31,-5.717629776178862,-9.693429803229092,14.258998242354876
95.32000000000001,-6.13088257539948,-10.402101310677253,14.471098403181685
95.33,-6.574339390743333,-11.145591712180053,14.765840510599448
95.34,-7.047433048631655,-11.918156600840568,15.152785343901224
95.35000000000001,-7.549596375483812,-12.714051569758722,15.641493682378883
95.36,-8.081214647062264,-13.5266328322757,16.243430762935592
95.37,-8.640482564135036,-14.341622778927038,16.968681100330485
95.38,-9.222831340959765,-15.141424399247171,17.823636398244805
95.39,-9.823873001469076,-15.908259293184283,18.815281114967316
95.4,-10.439391789096842,-16.619210436963833,19.952358120975337
95.41,-11.059853243959507,-17.246147008051267,21.229074463036333
95.42,-11.674727055878513,-17.760554245009416,22.636891024981182
95.43,-12.273809541466337,-18.12749316735772,24.171157067201932
95.44,-12.842632892359825,-18.31878354064128,25.80384833215498
95.45,-13.36536497932144,-18.3104546216958,27.49874984685413
95.46000000000001,-13.824838138028609,-18.070032104031874,29.222827404836742
95.47,-14.205643768426507,-17.588187941237727,30.92905367206104
95.48,-14.494217449117127,-16.872671603410403,32.56163182928249
95.49,-14.673461341255265,-15.92362742071218,34.0661646913821
95.5,-14.73426335867898,-14.767910088023799,35.39819143126428
95.51,-14.673635855000821,-13.450646514560669,36.51610566449508
95.52,-14.484563282642013,-12.01057434966557,37.38319569906744
95.53,-14.174302146998517,-10.502999595447216,37.99032915120448
95.54,-13.749263413387451,-8.983675987223382,38.329452672288696
95.55,-13.220598243359204,-7.498607046618266,38.41258212170299
95.56,-12.606534749573465,-6.093105283042747,38.26581001645147
95.57000000000001,-11.921755898006221,-4.80123039057601,37.91379273539406
95.58,-11.186274529217712,-3.64207330777058,37.39510604520123
95.59,-10.418526297277907,-2.633026553188152,36.74360034001788
95.60000000000001,-9.634696001201753,-1.7734490081128014,35.9917242311528
95.61,-8.850958610020662,-1.058135455921099,35.17261714289188
95.62,-8.080620312632593,-0.4797224266396273,34.31051285981391
95.63,-7.334365642744647,-0.024550154972295735,33.42632258869402
95.64,-6.621298430432018,0.3218458470124803,32.53610496895059
95.65,-5.947733529291255,0.5748270372122645,31.651819956488133
95.66,-5.318099745346073,0.7496116669182523,30.781894675016417
95.67,-4.734892997028958,0.8602505990745251,29.93183901998129
95.68,-4.19933252496046,0.919315697452799,29.10491094755213
95.69,-3.711056058058565,0.9380441649561785,28.302789915432164
95.7,-3.2690702712313273,0.9259945550080716,27.525900415955906
95.71000000000001,-2.8713910919408314,0.8910074243438585,26.773957113579126
95.72,-2.5156642492130468,0.839686231232208,26.046350679164554
95.73,-2.1991475270606253,0.7774140024555478,25.34212194641544
95.74000000000001,-1.9189512253496104,0.7083506462999442,24.660085926476363
95.75,-1.6723293777921162,0.6358378440678065,23.999180294688088
95.76,-1.4558427123332567,0.5623606521630868,23.35837527519244
95.77,-1.267080192957739,0.4897174126381709,22.736704348036874
95.78,-1.1029506917108698,0.41927372453347134,22.13310870746721
95.79,-0.9608652846739103,0.3518064049104662,21.54676459812639
95.8,-0.8388529900915814,0.2880564877510162,20.976986058751514
95.81,-0.7339748563799704,0.22793948336761252,20.42297073124753
95.82000000000001,-0.6445416221322773,0.17159956202977336,19.884137869104382
95.83,-0.5691988666276904,0.11931368869203215,19.359971585086203
95.84,-0.5055390009616195,0.07043343946490449,18.84998036450747
95.85000000000001,-0.45231897414104394,0.024654221577698185,18.353718199268688
95.86,-0.40876156719619283,-0.01806586552179379,17.870743940284385
95.87,-0.3731862308057718,-0.058348075326087295,17.400623570182656
95.88,-0.34444577806135185,-0.09677059085512787,16.942985286966
95.89,-0.32218241702941064,-0.1335246262087486,16.497477562542525
95.9,-0.30587106961966803,-0.16889788465324246,16.063760071136862
95.91,-0.294260134496233,-0.2036621759079045,15.641561093116897
95.92,-0.28699811180552004,-0.2381690194117328,15.230578963742
95.93,-0.28388780159290256,-0.2726876169502892,14.830502971797824
95.94,-0.2843188700336995,-0.3077631363023905,14.440990696122718
95.95,-0.2879685221422841,-0.3439351520602045,14.061806794261681
95.96000000000001,-0.294856211591856,-0.3815846792663007,13.692774129258638
95.97,-0.3049566089996823,-0.4211002966625184,13.333705171154548
95.98,-0.31785010911000366,-0.46297151181966734,12.984290489696468
95.99000000000001,-0.33356419289414807,-0.5076808250648048,12.644263764577035
96.0,-0.3522692206441997,-0.555693955279755,12.313385326772202
96.01,-0.37410086529824277,-0.6074759835725541,11.991422014747702
96.02,-0.3988745338947426,-0.6635426888470073,11.67823979953272
96.03,-0.4267918245921108,-0.7245326475524634,11.37371204176323
96.04,-0.45818066432165333,-0.7910996314785824,11.07769728547068
96.05,-0.4933495905947184,-0.8638926425853529,10.790050762116168
96.06,-0.532377544342946,-0.9435858200762393,10.51062154749156
96.07000000000001,-0.5756227087984114,-1.03110313200198,10.239379815275704
96.08,-0.6235503169454951,-1.1274175345860553,9.976323206672735
96.09,-0.6766005929871024,-1.2334676036254784,9.721427811118895
96.10000000000001,-0.7351058586678922,-1.3500995028131373,9.474573063367925
96.11,-0.7996961692638151,-1.4786693814481184,9.235888372299259
96.12,-0.871060748636175,-1.6206239466109373,9.005553531911985
96.13,-0.9498283338730642,-1.7773068634623177,8.783728140008249
96.14,-1.0366057982617944,-1.9500353297708803,8.570664380418652
96.15,-1.1324373879817724,-2.140885467971655,8.366888734028004
96.16,-1.2384050113673162,-2.351998238002845,8.172946543162148
96.17,-1.355436052888925,-2.585225130535785,7.989302240787944
96.18,-1.484564502788694,-2.842723570896327,7.816805812074917
96.19,-1.627253291221946,-3.1275338930313175,7.656778216630936
96.2,-1.7849651239966775,-3.44267912342764,7.510532504265474
96.21000000000001,-1.9590819273638966,-3.7904832941745776,7.379301474103431
96.22,-2.151456371066176,-4.174520373945789,7.265517332143495
96.23,-2.3641065459856407,-4.598972491746947,7.171989980386181
96.24000000000001,-2.599001361299133,-5.067761484213077,7.101394822439341
96.25,-2.858210968338883,-5.584086300985069,7.05707056856501
96.26,-3.144446625506788,-6.152742967616748,7.0446605597790946
96.27,-3.460479863001476,-6.778737336145839,7.070006477120132
96.28,-3.808928012322894,-7.46634427050705,7.138693390235249
96.29,-4.192609473064609,-8.218908565367368,7.259341844176121
96.3,-4.614746148574224,-9.040443038772192,7.4430291305653205
96.31,-5.078567680078175,-9.93493812371668,7.7007846891920915
96.32000000000001,-5.587112381066296,-10.904158668758992,8.045226528480352
96.33,-6.142866579728227,-11.946203368228442,8.494127329082463
96.34,-6.74824212078598,-13.058833564923622,9.065995297737022
96.35000000000001,-7.405969429826445,-14.238387433471742,9.780804424350242
96.36,-8.11606652910275,-15.470254036565068,10.661713786588855
96.37,-8.877022958988977,-16.735974260703372,11.732100492705907
96.38,-9.688205800017535,-18.015124011949847,13.018828696586887
96.39,-10.543417141667591,-19.26907438327242,14.5427132543448
96.4,-11.432087140485667,-20.451318481411008,16.316451469807912
96.41,-12.344147087243833,-21.509857319929726,18.356761259219365
96.42,-13.26149322298344,-22.37727265355961,20.655683473380417
96.43,-14.161073447219374,-22.982247137855765,23.18872420552456
96.44,-15.0172961932075,-23.244900389482865,25.924073370812494
96.45,-15.79748662743848,-23.107931260116988,28.778345317455535
96.46000000000001,-16.4663677995158,-22.50710793759771,31.664491173934007
96.47,-16.99056323157921,-21.42114670420913,34.47195347264605
96.48,-17.339069991411765,-19.86876300540667,37.0701790388346
96.49000000000001,-17.481725329235836,-17.881280553097106,39.34176730949489
96.5,-17.407866849551805,-15.56103897958006,41.18965107249716
96.51,-17.105567329216928,-13.010412874493458,42.5356602543702
96.52,-16.586141203812723,-10.364742943544954,43.35836134881648
96.53,-15.86291685422059,-7.748351511391826,43.66060645142781
96.54,-14.968306049392744,-5.275160887970283,43.498942765677725
96.55,-13.933439329534762,-3.0302963637084663,42.94083080754566
96.56,-12.798325854536579,-1.0688696960525872,42.07818797250911
96.57000000000001,-11.599126813029583,0.585464428745095,40.99603772740206
96.58,-10.372494958703353,1.9340173870169088,39.77935135318107
96.59,-9.148085049906033,2.9964226981178905,38.49360053900905
96.60000000000001,-7.952137320462352,3.8038615365833373,37.1935807497876
96.61,-6.803621147820676,4.394105019449091,35.91615207961214
96.62,-5.717588922017667,4.805055771439033,34.687210832945446
96.63,-4.7025245520057934,5.073818871233823,33.520703460250466
96.64,-3.764223131012657,5.232873055267801,32.42381882026592
96.65,-2.9038485596633214,5.310918174091987,31.397554268174776
96.66,-2.1209033767361345,5.3314557947617685,30.439768348083362
96.67,-1.4123491696606836,5.313697453629433,29.54622700627435
96.68,-0.7737528853636748,5.273635450142902,28.711554157679934
96.69,-0.20032472486304842,5.222798767718209,27.93078160856993
96.7,0.3135841038744592,5.171534264112182,27.198699797088505
96.71000000000001,0.7744731177711863,5.126477418646375,26.510403500998724
96.72,1.1872644929924314,5.0933607469184725,25.8623104477542
96.73,1.5586240541206875,5.0762367315929655,25.250473849762592
96.74000000000001,1.893761468581684,5.077986213568521,24.67244592746542
96.75,2.1982647012128322,5.100941499178161,24.125800893951055
96.76,2.4777654023723135,5.146128791659253,23.608686044273544
96.77,2.735573569541436,5.215026066739037,23.120530674722968
96.78,2.976693100707735,5.308179285401428,22.66022549911017
96.79,3.2060312363885415,5.425465417422421,22.227099224906564
96.8,3.425757870473677,5.567810418784512,21.821610710454305
96.81,3.6381963508830903,5.736056205200211,21.44417974212609
96.82000000000001,3.848846846251322,5.929079209714863,21.094625383819757
96.83,4.06030647800852,6.146709647885714,20.77412226995152
96.84,4.273579843673176,6.38954936299807,20.48435077703664
96.85000000000001,4.489671540762885,6.658200198336323,20.226991281591783
96.86,4.7110987438088525,6.952721111631415,20.003385270804497
96.87,4.943478470340001,7.271381466450584,19.814692193481097
96.88,5.187081993738845,7.613589796865839,19.66385924540467
96.89,5.441730433484676,7.9788864077469155,19.55395703257995
96.9,5.707244909055756,8.366811603962102,19.488056161012352
96.91,5.983446539930283,8.776905690379563,19.469227236707038
96.92,6.270722867797282,9.208518511386327,19.50063436641473
96.93,6.5733954068975775,9.658277452244784,19.58614781587712
96.94,6.891398211688739,10.121736385339684,19.729016978052375
96.95,7.2234924058863825,10.594605948682513,19.932307265411538
96.96000000000001,7.568439113204777,11.072596780282787,20.199084090425085
96.97,7.925608372478675,11.55122447943345,20.533237844302608
96.98,8.295130133523937,12.023375215515571,20.93941166937239
96.99000000000001,8.673803687600005,12.480050364940908,21.417393803211915
97.0,9.058140136484516,12.912210303953035,21.966566569475983
97.01,9.44486848367293,13.310510935641998,22.587015038122047
97.02,9.83155364602603,13.662686376470687,23.281309773636753
97.03,10.212595429367159,13.957639474159073,24.04142334049577
97.04,10.58176793114885,14.184834922074165,24.857272874509302
97.05,10.932845813522583,14.33353318199085,25.718940381000404
97.06,11.259572812062983,14.388209144572786,26.619625613465455
97.07000000000001,11.555545822379433,14.342569945007973,27.543027427709756
97.08,11.81432951911343,14.19473215369809,28.468946957447592
97.09,12.029299885143669,13.942245128396369,29.37727374789063
97.10000000000001,12.191967132893147,13.577581910583698,30.24973824265876
97.11,12.29882906822824,13.10944825742235,31.067985888015606
97.12,12.347972691279644,12.551492783363205,31.813218460748487
97.13,12.336248544016584,11.915615049761023,32.4662472257638
97.14,12.259521541908839,11.21203062716318,33.012520525353466
97.15,12.121267598477555,10.461360119972424,33.44605954175943
97.16,11.92500055521588,9.684751564554317,33.760699525573884
97.17,11.671261941183833,8.899393777262425,33.94997990863251
97.18,11.367135092761622,8.122470820413257,34.020188860646826
97.19,11.020956092471211,7.371651182437576,33.97944931556539
97.2,10.638162817778463,6.662512911732551,33.83245275624665
97.21000000000001,10.226275993048343,6.003636000303709,33.59066373990163
97.22,9.794242688218308,5.402355135021796,33.268384172254315
97.23,9.350123194017486,4.866649924521221,32.8767584490065
97.24000000000001,8.900466315480498,4.397907050109201,32.42642370812081
97.25,8.451805164679016,3.9943327873323984,31.929983899876913
97.26,8.010761958791004,3.6544236394805996,31.399624589727438
97.27,7.583182011186554,3.376822546224804,30.843475855474562
97.28,7.172511077319564,3.1565700283183333,30.268810144301902
97.29,6.781965212216527,2.988252621465262,29.68311812638299
97.3,6.4152468831214176,2.8674627645283164,29.092639079946125
97.31,6.074253430791198,2.7897875744847855,28.5012256262728
97.32000000000001,5.759867396814753,2.750185150201239,27.912569397508218
97.33,5.473052644932372,2.7438829488547345,27.330198925590746
97.34,5.214443483412464,2.7674596308259827,26.75634624877476
97.35000000000001,4.983878178193017,2.817550576523426,26.192681662639167
97.36,4.781112289186439,2.8908119856852306,25.64087439209518
97.37,4.605384460805219,2.9849011724727808,25.102289466826385
97.38,4.456080622689113,3.09801700245931,24.577784270312005
97.39,4.332689167579234,3.228308415754065,24.068169727552963
97.4,4.2343307717879854,3.374235342071813,23.57432066868363
97.41,4.159374486218448,3.535621492832828,23.09718571250674
97.42,4.107359127194731,3.7121129702155238,22.6374468245146
97.43,4.077916202158624,3.903306137918439,22.19576762482353
97.44,4.070677218551791,4.108797359640028,21.772811733549737
97.45,4.08378452413264,4.329344553912765,21.369466155691587
97.46000000000001,4.11554728342288,4.566395423675043,20.987109316534973
97.47,4.166391640137279,4.820223694868474,20.62710271113262
97.48,4.236748787396371,5.091099763668638,20.290807460564103
97.49000000000001,4.327049918320482,5.3792940262500455,19.979584685910567
97.5,4.437726226029829,5.685076878787105,19.694795508253005
97.51,4.569208903645116,6.008718717455543,19.437801048671215
97.52,4.721863140704332,6.350624322713785,19.210003221507165
97.53,4.894587774113507,6.7137528907764255,19.01413950064323
97.54,5.086841812270029,7.098860637378868,18.853659139589716
97.55,5.298616564574093,7.505467024590433,18.731834742263317
97.56,5.529903340426813,7.933091514482191,18.65193891258023
97.57000000000001,5.780693449228411,8.381253569123492,18.61724425445721
97.58,6.050978200379001,8.849472650583573,18.63102337181075
97.59,6.341038565227904,9.337375243433614,18.696980751967477
97.60000000000001,6.6517737673808925,9.843356747743421,18.820780479703163
97.61,6.982040726402598,10.362975708471783,19.006522189186466
97.62,7.330446828349268,10.891571935332408,19.258023438199135
97.63,7.695599459275218,11.424485238036024,19.57910178452168
97.64,8.076863641937491,11.956784017497204,19.975057019351713
97.65,8.473011024201549,12.480159204843922,20.450547135399443
97.66,8.880207892263325,12.98427030731504,21.005561685372825
97.67,9.294561791294418,13.458756994535246,21.639981212392506
97.68,9.712801804697179,13.892211454905434,22.356013931703902
97.69,10.130950139806249,14.27047631408151,23.153799962976187
97.7,10.54201142739422,14.58074117991849,24.02272798182115
97.71000000000001,10.938882894727072,14.81029266247566,24.95179678158203
97.72,11.314509106773313,14.944175040241872,25.93190475125645
97.73,11.661635446790951,14.967079969126704,26.952091565683777
97.74000000000001,11.972550588321065,14.874740132546153,27.989708556865832
97.75,12.239522507271335,14.663522021274972,29.02149372290785
97.76,12.45271436516339,14.323596705288356,30.025349108722274
97.77,12.604976818646325,13.855954194082415,30.97972041016439
97.78,12.69373844573783,13.27678880992747,31.861728601901373
97.79,12.716418814483255,12.602300488938884,32.648480779708436
97.8,12.667180256883977,11.843298541238953,33.31826322497071
97.81,12.546084682789377,11.018583185479004,33.861011184032456
97.82000000000001,12.357766598413049,10.15380415703409,34.27061924097792
97.83,12.10350036468232,9.271677871011567,34.53808316421452
97.84,11.788439445633285,8.392204576002616,34.665836266448316
97.85000000000001,11.422270993986892,7.536571096803707,34.66389731215001
97.86,11.012189411304586,6.724875924167139,34.5389047577213
97.87,10.565861287541443,5.969096183536506,34.302123803637045
97.88,10.093770719898568,5.278205227381996,33.97066713446927
97.89,9.605362415835849,4.661766706080625,33.5585655507679
97.9,9.108318039294495,4.122210009782712,33.07849948781664
97.91,8.610502614099724,3.657707865770885,32.545671963759446
97.92,8.119833622840193,3.2668011675859745,31.974446567478687
97.93,7.642750457587689,2.947075367942941,31.37418163769663
97.94,7.183523024846452,2.6924243178499303,30.753852100135767
97.95,6.746436344481397,2.4966958914724398,30.12243696001348
97.96000000000001,6.335369335562164,2.3547084930878075,29.486348770146044
97.97,5.952037545354653,2.2603102651267437,28.850048686639578
97.98,5.597956569186604,2.2072250901200223,28.21793541803065
97.99000000000001,5.274402667831767,2.1903377786267817,27.593384842325506
98.0,4.981464015781078,2.205112510734939,26.97841240009544
98.01,4.719046972140977,2.2470046519840263,26.374933224057273
98.02,4.486752819890866,2.312461992675969,25.78442666123254
98.03,4.283789539654429,2.398766756517769,25.207751930436302
98.04,4.109265465213558,2.503254041078356,24.645738105661394
98.05,3.961683542282093,2.6240176127801047,24.099205165445476
98.06,3.840156722387069,2.759867056137575,23.568649113147387
98.07000000000001,3.743984590580868,2.9096315885078377,23.05451170051395
98.08,3.672029503957867,3.072373361273211,22.557265514534787
98.09,3.6220072335250832,3.248411673945638,22.077526419137886
98.10000000000001,3.5935508791954587,3.4378772435211635,21.615855492391674
98.11,3.586507458520355,3.6408279579567755,21.172802698530496
98.12,3.6007239890511196,3.8573217052103344,20.748918001786816
98.13,3.6358059729129892,4.087577275759688,20.344770383414467
98.14,3.6893912473818067,4.33348626043613,19.961380323575057
98.15,3.761253299940725,4.596215320759324,19.60017202939557
98.16,3.8518147198587482,4.876569813298106,19.26257689385683
98.17,3.9614980964052795,5.175355094622525,18.950026309938245
98.18,4.090726018849351,5.493376521301442,18.663951670620683
98.19,4.239917893572025,5.831445459438811,18.405784677497206
98.2,4.408757583380023,6.19164252687479,18.177401301045304
98.21000000000001,4.597051216669233,6.57540136425012,17.981964253277045
98.22,4.805147961198133,6.983040203710772,17.82286479076975
98.23,5.033396984726101,7.4148772774044645,17.703494170100097
98.24000000000001,5.282147455011643,7.871230817477201,17.62724364784547
98.25,5.551748539813147,8.352419056074844,17.597504480583012
98.26,5.8430039494559765,8.858978311552098,17.618301370441614
98.27,6.15678656386828,9.38979541716778,17.695372997907906
98.28,6.492399064225651,9.941442455946186,17.833770815881806
98.29,6.849085398271742,10.510430632604146,18.038495860614372
98.3,7.22608951375009,11.093271151858398,18.314549168356287
98.31,7.623435397664248,11.686212184818705,18.668301256890434
98.32000000000001,8.04051782286991,12.281568495242205,19.106151352500977
98.33,8.4740265733224,12.869138506978969,19.630686986318345
98.34,8.920590231851657,13.438693734190768,20.2444012405348
98.35000000000001,9.377510942979653,13.979188108520287,20.951650772472334
98.36,9.841291287503097,14.475621552676547,21.75483926950928
98.37,10.305086957793256,14.912352186951289,22.647358053096017
98.38,10.761944265006125,15.27371430202244,23.622352448301086
98.39,11.205413953570615,15.539449061268723,24.677008871733307
98.4,11.626985011244267,15.69406806339308,25.79556302198275
98.41,12.017138416357907,15.726209751396702,26.95546184607958
98.42,12.365987422244098,15.622507131225603,28.13500009705284
98.43,12.66270208106469,15.366505486701476,29.313635327384088
98.44,12.899856641964282,14.963560107932311,30.461379878387906
98.45,13.07052742522988,14.422002204100712,31.54697152403309
98.46000000000001,13.16533997524304,13.74524233003854,32.53999233458097
98.47,13.179120668451725,12.947257895284935,33.417844222612786
98.48,13.112853142891987,12.055681949425791,34.16142748006013
98.49000000000001,12.96403379534184,11.094596076351593,34.749484621140965
98.5,12.733497168730686,10.088735192657294,35.17307465519804
98.51,12.43025312843871,9.069404699970812,35.43499388029721
98.52,12.060541734687677,8.065981418811738,35.53547041810722
98.53,11.631009875682086,7.099635368346014,35.48221582995871
98.54,11.154163408936782,6.189699354526779,35.29336404977489
98.55,10.640361622026292,5.354951063373039,34.98315535735911
98.56,10.099638539231295,4.603569512886587,34.568742545221546
98.57000000000001,9.543479069588544,3.9397174281091702,34.071312764794754
98.58,8.982885505339773,3.3687594783911234,33.508061118949556
98.59,8.425759346652102,2.8876005626958356,32.89315597457288
98.60000000000001,7.879177313314754,2.48973407870865,32.24158404071506
98.61,7.350338410785072,2.1690698835750895,31.567590198853456
98.62,6.845227033407677,1.9200570900894676,30.879914601860058
98.63,6.367305426384322,1.7345904162398489,30.1859801512255
98.64,5.920026009091151,1.6048287560475496,29.49276232929578
98.65,5.505272984065995,1.5236034370989937,28.804675933795526
98.66,5.1241559478105865,1.4837230545515907,28.125426841163904
98.67,4.777304888862903,1.4790594458391657,27.45768669115988
98.68,4.464436454668766,1.5043213198799756,26.80304057596093
98.69,4.184978563181875,1.5544848390333152,26.162911273864992
98.7,3.9378623065379923,1.6258318146538642,25.53805217438057
98.71000000000001,3.7218827973081328,1.7150492679430804,24.92902903128993
98.72,3.5354201444399163,1.8195707284704505,24.33630497101202
98.73,3.3773112967803733,1.9375494015695023,23.759980217653332
98.74000000000001,3.2463516542129125,2.067225347810974,23.200132730417614
98.75,3.14013472350107,2.2078468179776323,22.656999057183928
98.76,3.0575622928324266,2.359098947753475,22.130696656662888
98.77,2.997955278721138,2.5205947064450864,21.6212974336164
98.78,2.9603763320810654,2.692062115584291,21.128887959313445
98.79,2.9416199408781214,2.8746659289773913,20.65383609380783
98.8,2.941140198727934,3.069239565162345,20.196663931173536
98.81,2.9592351356288242,3.2763325355233044,19.757878564121842
98.82000000000001,2.996202781579127,3.496494351443603,19.337987085365985
98.83,3.052341166577072,3.730274524306499,18.93749658761909
98.84,3.1279013243091818,3.978252477231374,18.556914683047278
98.85000000000001,3.2208761212571333,4.242691760122623,18.197051172238094
98.86,3.3305340403815293,4.525771181037188,17.859518321744513
98.87,3.457518141560213,4.828925168661394,17.54605974912865
98.88,3.602471484670354,5.153588151679903,17.258419071954478
98.89,3.7660371295898956,5.50119455877916,16.998339907784267
98.9,3.948831375490037,5.8732406730224564,16.767538095723697
98.91,4.151191306373387,6.2717325853326775,16.568130253097284
98.92,4.3736994719181395,6.697830244188214,16.40390795586777
98.93,4.617032212816641,7.15244553211792,16.278919478905863
98.94,4.881865869761118,7.636490331650489,16.19721309708205
98.95,5.168876783444938,8.150876525316697,16.16283708526649
98.96000000000001,5.479047953757645,8.696633664641098,16.180035408724518
98.97,5.814024019549748,9.273525032621635,16.254763035627782
98.98,6.1736476684124035,9.878565041441817,16.393569348408413
98.99000000000001,6.5575584829148905,10.508577587688862,16.602969567933478
99.0,6.965396045626353,11.160386567949843,16.889478915069635
99.01,7.397367721937864,11.830665655498365,17.260459405346058
99.02,7.853679486908606,12.511950788132019,17.72448979105875
99.03,8.331311776418579,13.192940931248526,18.286719711125023
99.04,8.827040586022841,13.862216584867188,18.952044724472525
99.05,9.338294540379309,14.507617661041513,19.727065967142217
99.06,9.86143651404092,15.11168315888478,20.616298382642636
99.07000000000001,10.388984619042054,15.65479970042134,21.614908606173557
99.08,10.91338297013796,16.117075047766587,22.718127227922892
99.09,11.427606355833726,16.473642775102466,23.924745074492577
99.10000000000001,11.921077920428253,16.704341560705124,25.215417764461854
99.11,12.382207801674241,16.79144794985177,26.565410132841716
99.12,12.798759717175614,16.71239557841668,27.952417162076312
99.13,13.158514382036351,16.451220234819754,29.34853702225818
99.14,13.451115213331711,16.011320047778078,30.714244662678144
99.15,13.665387083287136,15.394330643266823,32.00986829583518
99.16,13.789024735261979,14.601283891344806,33.19972887418551
99.17,13.819087031237762,13.660490949593031,34.25310094281019
99.18,13.752394609539143,12.601754389485626,35.13872193048154
99.19,13.584126585810596,11.451696516993088,35.8326946422187
99.2,13.321292083015033,10.250623097001235,36.32938694072019
99.21000000000001,12.968734867697863,9.037725068325887,36.621608291078935
99.22,12.533837187308515,7.845087921306513,36.715271061397054
99.23,12.031012822317145,6.704678299182507,36.629127098082336
99.24000000000001,11.471031140383369,5.6442510359225375,36.37784643110483
99.25,10.8678004271835,4.678260110704802,35.98600260895834
99.26,10.236473376069588,3.8197510654084526,35.480194971867874
99.27,9.589361435226753,3.075955523863441,34.8816059598585
99.28,8.93798288681366,2.4428634632252955,34.21336815940045
99.29,8.293826369217841,1.9164429675666612,33.49765978019725
99.3,7.666056843779234,1.4909846575232018,32.749677665905445
99.31,7.0616906280254135,1.1562107687522822,31.983473643266166
99.32000000000001,6.487064204767578,0.902343476417307,31.210282331374657
99.33,5.94631391002298,0.7185022414072897,30.438353621134734
99.34,5.442445385558013,0.5947071399438617,29.67410139169287
99.35000000000001,4.977213338214864,0.5213665098634976,28.921761994960672
99.36,4.5513563011153915,0.4898306521718339,28.184341493492912
99.37,4.1647377959727425,0.4923694979058793,27.463741758894287
99.38,3.8165581286743437,0.5225829184936993,26.760881637128602
99.39,3.505466292736064,0.5748990477709532,26.076417485044527
99.4,3.229770012353395,0.6446348965517802,25.410451389937414
99.41,2.9876142673562915,0.7282802578330932,24.762832085544776
99.42,2.777030334084061,0.8227416289097667,24.133301168776878
99.43,2.595770447766541,0.9260210970363435,23.521449724437428
99.44,2.441993826592796,1.0363544963184268,22.926790768908905
99.45,2.3133214329313443,1.152900819753271,22.349088426197845
99.46000000000001,2.20823669439701,1.2750745337530933,21.788038218506976
99.47,2.1253411255912518,1.4022603462480765,21.243297455964438
99.48,2.061869195232231,1.5348596228221303,20.714635857310203
99.49000000000001,2.016686684633962,1.6733327802553573,20.201890403873968
99.5,1.9893915347853102,1.8179033367304516,19.70488656792238
99.51,1.9795816866750378,1.9687948104307278,19.223449821719978
99.52,1.9856020795549274,2.1270043286743685,18.757511260172922
99.53,2.005417749437377,2.2944456532923394,18.307315324708853
99.54,2.0393044789231363,2.4720933824468894,17.873112739763208
99.55,2.0875691601258133,2.66090632056242,17.455153015230305
99.56,2.1505186851592324,2.8618432720641462,17.05368566100269
99.57000000000001,2.2281625676494508,3.0760210868189146,16.66895778997815
99.58,2.31916763319329,3.3056935079863297,16.3015306726562
99.59,2.423964370276664,3.5528394350233796,15.952488392385048
99.60000000000001,2.543307199335647,3.8193134470970405,15.62295436924254
99.61,2.6779505408062327,4.106970123374178,15.314052023306402
99.62,2.8286426773467284,4.41766123722344,15.026900260082991
99.63,2.9957547273597287,4.753138370747867,14.762651983011205
99.64,3.180116525543661,5.115588949911467,14.523772606730507
99.65,3.3829087521166468,5.507404339140644,14.313173404223365
99.66,3.6053120872967046,5.930975902861639,14.133765648472089
99.67,3.848516696099228,6.38868384917265,13.988436316515278
99.68,4.114033755800989,6.882294713577266,13.880026532490609
99.69,4.403226443573438,7.413101766521088,13.81388552238093
99.7,4.717301408419722,7.982475762235005,13.796114152479623
99.71000000000001,5.057465299341777,8.591787454947674,13.832813289080384
99.72,5.4250354794506785,9.242425166117899,13.930091335332957
99.73,5.822275974102119,9.93437599408333,14.09518403118826
99.74000000000001,6.249662184690716,10.664051730707875,14.337460378540984
99.75,6.707136704947834,11.427393278642354,14.666517796838376
99.76,7.194642128606809,12.220341540540876,15.09195370552915
99.77,7.713185549467319,13.03790720790076,15.625190335289146
99.78,8.261505338942268,13.867550937596036,16.276854017611
99.79,8.835914756593628,14.693763089405499,17.05506535059577
99.8,9.432887260912587,15.50094875520864,17.96839582219942
99.81,10.049415342632097,16.268849723934018,19.02790072243154
99.82000000000001,10.677172225746306,16.97029837468035,20.231980201204436
99.83,11.306603927969958,17.577505283644687,21.575939567191618
99.84,11.928773493926869,18.05693290113039,23.059954621332707
99.85000000000001,12.530118896890048,18.377159878182596,24.662354477181914
99.86,13.095115696713039,18.510455081964835,26.351199486975727
99.87,13.607434628541487,18.422156643759802,28.09808741712201
99.88,14.050584248200822,18.092680774246016,29.860565146345383
99.89,14.40915668236704,17.521749716509596,31.582478038675855
99.9,14.664997656618704,16.701755503567327,33.20888441573675
99.91,14.805685619854499,15.649232221691921,34.69018047584722
99.92,14.825907478663652,14.405280404039129,35.977992727578574
99.93,14.715632990319838,13.003806570460995,37.026282757993236
99.94,14.477674231463588,11.497891616334348,37.81565178672355
99.95,14.117272281175685,9.946205318137302,38.33098124920808
99.96000000000001,13.64168539109555,8.39885848962248,38.57319393792005
99.97,13.06895431797622,6.907125405168511,38.56491228813128
99.98,12.412628063181703,5.513678778156261,38.326507276723014
99.99000000000001,11.69258873395012,4.244269855867175,37.895358005650586
