t,x,y,z
0.0,17.67715816276679,12.931379185960404,43.91404334248268
0.01,17.080713317278136,13.131289157782305,49.36090599241302
0.02,16.42593358479466,13.32539903989607,55.14522385031115
0.03,15.710464327596071,13.513049264556372,61.175722454418064
0.04,14.932138282948602,13.693556913121526,67.35444890344739
0.05,14.088904876916054,13.866275849568956,73.57058857870217
0.06,13.182204023276075,14.030587823491707,79.65910324382007
0.07,12.215117922730823,14.185851199712198,85.44069301643101
0.08,11.190215291307611,14.33139052628077,90.72858131416609
0.09,10.113712918584646,14.466663399326395,95.33660066286669
0.1,8.994871720712096,14.591261575641592,99.09042585712949
0.11,7.842417750624076,14.704670918456474,101.80936141052005
0.12,6.666746054979677,14.806538436259695,103.38359778436156
0.13,5.480666356835754,14.896861744090604,103.7694467331817
0.14,4.296958064212551,14.975543767385942,102.92327035524895
0.15,3.1273477374971446,15.042474304320177,100.87743387335357
0.16,1.9827241662426296,15.098016190899543,97.74815454929575
0.17,0.8741741925379434,15.142462132225473,93.65728512485742
0.18,-0.18935877601188444,15.176073140972434,88.76675089901183
0.19,-1.2016220434579594,15.199416199757565,83.26528196762928
0.2,-2.156279280782368,15.212952899008577,77.34403114447893
0.21,-3.050757574548891,15.217263745003818,71.18026673814079
0.22,-3.8831576262744343,15.212972136281245,64.94961988042677
0.23,-4.653076476332867,15.200650740484647,58.79552410216637
0.24,-5.3625707925691835,15.180897563045908,52.824800795187414
0.25,-6.013870771136218,15.15433104828249,47.14060474301117
0.26,-6.610060397266225,15.121528024479536,41.80634219556167
0.27,-7.15458271686817,15.082938381652404,36.857845102101095
0.28,-7.651076328032019,15.03902387993535,32.327962492627314
0.29,-8.105347515362798,14.990398654599122,28.20839254449685
0.3,-8.5209171084058,14.937397909356223,24.490449183865508
0.31,-8.900438817811127,14.880271672591535,21.172943695624504
0.32,-9.246667342606262,14.819276889460482,18.253193057973622
0.33,-9.567405989532093,14.755005578145012,15.647916294397628
0.34,-9.86669174346045,14.687759788515063,13.31194405608776
0.35000000000000003,-10.1450820131411,14.617597407968226,11.248377368355168
0.36,-10.403134207323797,14.544576323902096,9.46031725651101
0.37,-10.641405734758306,14.468754423714266,7.95086474586641
0.38,-10.860648990840149,14.390201571617906,6.719861603359198
0.39,-11.06671458541592,14.309297422384399,5.679693023620356
0.4,-11.262655390761632,14.226241028631039,4.78367865183288
0.41000000000000003,-11.449190364052559,14.141086732058941,4.023249072711559
0.42,-11.627329860866954,14.053905372386195,3.3846799814243336
0.43,-11.799021057458761,13.964819222876892,2.8366145792598982
0.44,-11.964831168665553,13.873870220283452,2.3706509094496377
0.45,-12.125142989442935,13.7810897354779,1.981567183929996
0.46,-12.280774877933245,13.686532672105368,1.6561254197620363
0.47000000000000003,-12.432628104248218,13.590257462994913,1.3788377330065718
0.48,-12.58091684475645,13.492284799645947,1.1463903127699007
0.49,-12.725894630154972,13.392637406634885,0.9547280950204455
0.5,-12.868165331231866,13.291356057315623,0.793053214682787
0.51,-13.007955836778713,13.188461616679577,0.6573005830584009
0.52,-13.145381885996091,13.083969138754268,0.54545503605033
0.53,-13.280717609224801,12.977901511714308,0.45242325327536753
0.54,-13.414161506470624,12.870277832893084,0.37438553364606586
0.55,-13.545775139976826,12.761110406095614,0.31010322205162777
0.56,-13.67568272997681,12.650414454866073,0.25709638985279826
0.5700000000000001,-13.804009695243323,12.538205336752215,0.21277545653484248
0.58,-13.930786879555827,12.424494050446658,0.17637146905648024
0.59,-14.056077732816952,12.309292984194204,0.14645594692437874
0.6,-14.179945718891316,12.192614658467864,0.12155559555943057
0.61,-14.30240316372295,12.074469493713417,0.10120333703259497
0.62,-14.423484115214135,11.954868713584048,0.0844832636014875
0.63,-14.54321359407924,11.833823381602857,0.07064013195812477
0.64,-14.661593259111802,11.7113437732856,0.059388977058924465
0.65,-14.778639551832446,11.587440593426715,0.05013211745692918
0.66,-14.894356788318623,11.46212441343866,0.042513391739762076
0.67,-15.008740815625806,11.33540560683286,0.036350903424854294
0.68,-15.121796231254809,11.207294707926557,0.031272516384717265
0.6900000000000001,-15.233517616282494,11.077802338355998,0.027116100241191567
0.7000000000000001,-15.343897317476767,10.946939088715236,0.023766094329194215
0.71,-15.452932420975573,10.814715570184061,0.02100085098339845
0.72,-15.560613332897127,10.681142702868764,0.018745978414415245
0.73,-15.666930032168779,10.546231385665848,0.01693558017893126
0.74,-15.771875398428127,10.409992434974155,0.01543661451075591
0.75,-15.875438256682887,10.272437171863936,0.014212164889936684
0.76,-15.977606966111676,10.133576941914672,0.013235849013209905
0.77,-16.078372085519167,9.993422754388822,0.012425693658518398
0.78,-16.177722274359265,9.85198630384454,0.011752945887146964
0.79,-16.275645350464078,9.709279497872167,0.01121123761080035
0.8,-16.372129485291218,9.565314010199883,0.010781879374217379
0.81,-16.46716412565451,9.420101019920036,0.010407894832356721
0.8200000000000001,-16.560737418443654,9.273653031409113,0.010085811054483198
0.8300000000000001,-16.652837328209124,9.125982694396257,0.009818945069852841
0.84,-16.743451819501388,8.977102658610608,0.009610613907721686
0.85,-16.83256889929417,8.827025388763705,0.009459524276408822
0.86,-16.92017717924453,8.675762178905916,0.009327729212903773
0.87,-17.006265483868756,8.52332610188062,0.009207793184551857
0.88,-17.09082259684384,8.369730666529598,0.009101829118059611
0.89,-17.173837301846753,8.214989381694625,0.00901194994013357
0.9,-17.255298382554482,8.059115756217478,0.00894026857748027
0.91,-17.335194500678735,7.902123099433598,0.008887442815908624
0.92,-17.413513483496548,7.744023129496453,0.008839931865004626
0.93,-17.49024470783364,7.584829654726178,0.008794345305014079
0.9400000000000001,-17.565377952283928,7.424557094022431,0.008751211817962805
0.9500000000000001,-17.638902995441345,7.26321986628487,0.008711060085876628
0.96,-17.71080961589981,7.100832390413155,0.00867441879078137
0.97,-17.781087592253247,6.937409085306939,0.008641816614702858
0.98,-17.84972544429769,6.772963135466306,0.008612737055658551
0.99,-17.916709611228367,6.60750560142533,0.00858416280470327
1.0,-17.982031082388765,6.441051912396028,0.008555992704105397
1.01,-18.04568118340574,6.273617824065015,0.00852837440744849
1.02,-18.10765123990613,6.10521909211891,0.0085014555683161
1.03,-18.167932577516783,5.935871472244327,0.008475383840291785
1.04,-18.22651652186455,5.765590720127882,0.008450306876959099
1.05,-18.28339439857627,5.594392591456193,0.008426372331901596
1.06,-18.3385575332788,5.422292841915875,0.008403727858702833
1.07,-18.391997251598973,5.249307227193546,0.008382521110946362
1.08,-18.443704449870307,5.075451157792632,0.008362885203283408
1.09,-18.493660801986106,4.900732560249984,0.008344553960782992
1.1,-18.54185555118878,4.725165273922575,0.00832729718129931
1.11,-18.58828257287664,4.548766836860093,0.008311008641803102
1.12,-18.632935742447987,4.371554787112229,0.008295582119265113
1.1300000000000001,-18.675808935301134,4.193546662728674,0.008280911390656079
1.1400000000000001,-18.716896026834384,4.014760001759119,0.008266890232946744
1.1500000000000001,-18.756190892446046,3.8352123422532527,0.008253412423107847
1.16,-18.793687407534424,3.6549212222607705,0.00824037173811013
1.17,-18.829379447497832,3.4739041798313544,0.008227661954924333
1.18,-18.86326088773457,3.2921787530147,0.008215176850521196
1.19,-18.89532560364295,3.109762479860497,0.008202810201871464
1.2,-18.925567470621274,2.926672898418435,0.008190455785945872
1.21,-18.953980364067853,2.742927546738206,0.008178007379715165
1.22,-18.980558159380994,2.5585439628694986,0.008165358760150081
1.23,-19.005294731959,2.373539684862006,0.008152403704221364
1.24,-19.02818273458151,2.1879312730934624,0.008139094983407043
1.25,-19.04920891844044,2.0017303190619264,0.008125841073973452
1.26,-19.068367433321242,1.814953931924254,0.008112966413733911
1.27,-19.085653869658362,1.6276203430226723,0.008100746353964716
1.28,-19.101063817886228,1.4397477836994095,0.008089456245942166
1.29,-19.114592868439267,1.2513544852966931,0.008079371440942557
1.3,-19.126236611751917,1.0624586791567514,0.008070767290242184
1.31,-19.135990638258605,0.873078596621812,0.008063919145117346
1.32,-19.143850538393767,0.6832324690341027,0.00805910235684434
1.33,-19.149811565288168,0.49293835384613954,0.008056520565506006
1.34,-19.153864680592804,0.30221203333233204,0.00805523287047631
1.35,-19.1560053320493,0.11107146221258818,0.008054733556238593
1.36,-19.156230833527808,-0.080464460449302,0.008054848214371878
1.37,-19.154538498898454,-0.27237683558954784,0.008055402436455179
1.3800000000000001,-19.15092564203139,-0.46464676414435946,0.008056221814067515
1.3900000000000001,-19.145389576796752,-0.6572553470499467,0.008057131938787909
1.4000000000000001,-19.137927617064676,-0.8501836852425191,0.008057958402195376
1.41,-19.12853707670531,-1.0434128796582824,0.008058526795868935
1.42,-19.11721515932523,-1.236924072886954,0.008058664995197517
1.43,-19.1039513238347,-1.430701369237653,0.00805845245343131
1.44,-19.088739869705485,-1.624727157155136,0.008058153353124988
1.45,-19.071580664512215,-1.8189817433287279,0.008057971331409682
1.46,-19.052473575829538,-2.0134454344477533,0.008058110025416525
1.47,-19.031418471232087,-2.2080985372015367,0.008058773072276657
1.48,-19.008415218294505,-2.402921358279402,0.008060164109121207
1.49,-18.983463684591435,-2.5978942043706748,0.008062486773081315
1.5,-18.956563737697508,-2.7929973821646783,0.008065944701288111
1.51,-18.92771524518737,-2.9882111983507382,0.008070741530872732
1.52,-18.896918074635654,-3.1835159596181786,0.008077080898966313
1.53,-18.864172093617004,-3.378891972656324,0.008085166442699987
1.54,-18.829477169706063,-3.5743195441544984,0.00809520179920489
1.55,-18.79283317047746,-3.769778980802027,0.008107390605612157
1.56,-18.754237494966194,-3.9652514300604556,0.00812174570766547
1.57,-18.71368245891181,-4.160719979161369,0.008137567635700522
1.58,-18.671169232136073,-4.35616494095836,0.008154471462792742
1.59,-18.62669973876027,-4.551566380738546,0.00817211624038243
1.6,-18.580275902905683,-4.746904363789041,0.008190161019909893
1.61,-18.531899648693596,-4.9421589553969625,0.008208264852815433
1.62,-18.48157290024529,-5.137310220849427,0.008226086790539352
1.6300000000000001,-18.429297581682054,-5.332338225433549,0.008243285884521955
1.6400000000000001,-18.375075617125166,-5.527223034436446,0.008259521186203544
1.6500000000000001,-18.318908930695915,-5.721944713145232,0.008274451747024424
1.6600000000000001,-18.26079821264566,-5.916483539658794,0.00828795455023084
1.67,-18.200738770025218,-6.110820809728216,0.008301240209177099
1.68,-18.138733224371627,-6.30493669596706,0.008314821624562345
1.69,-18.07478550291073,-6.4988111556390855,0.008329023356924585
1.7,-18.00889953286836,-6.692424146008062,0.008344169966801823
1.71,-17.941079241470355,-6.885755624337754,0.008360586014732068
1.72,-17.871328555942554,-7.07878554789193,0.008378596061253324
1.73,-17.799651403510794,-7.271493873934357,0.0083985246669036
1.74,-17.726051711400913,-7.463860559728802,0.0084206963922209
1.75,-17.65053340683875,-7.655865562539033,0.00844543579774323
1.76,-17.573099630203192,-7.847488883993084,0.008472967126935033
1.77,-17.493745793114513,-8.038711032409958,0.008502274327448548
1.78,-17.412475420267626,-8.229512204328044,0.008532852160664014
1.79,-17.329294879284664,-8.419872452305034,0.008564499213850182
1.8,-17.244210537787765,-8.609771828898634,0.0085970140742758
1.81,-17.157228763399065,-8.799190386666538,0.008630195329209616
1.82,-17.0683559237407,-8.988108178166447,0.008663841565920382
1.83,-16.97759838643481,-9.17650525595606,0.008697751371676844
1.84,-16.88496251910353,-9.364361672593077,0.008731723333747754
1.85,-16.790454689368996,-9.551657480635194,0.008765556039401856
1.86,-16.694081264853345,-9.738372732640112,0.008799048075907905
1.87,-16.595848613178717,-9.92448748116553,0.008831998030534647
1.8800000000000001,-16.49576265108412,-10.109981769117946,0.0088642360737568
1.8900000000000001,-16.393821871369887,-10.29483557687949,0.008896300210463979
1.9000000000000001,-16.29003133766115,-10.479029254388939,0.008928714199381951
1.9100000000000001,-16.184399482253244,-10.662543255083241,0.008961826998352955
1.92,-16.076934737441512,-10.845358032399343,0.008995987565219235
1.93,-15.967645535521278,-11.027454039774204,0.00903154485782303
1.94,-15.856540308787885,-11.208811730644774,0.009068847834006587
1.95,-15.743627489536664,-11.389411558448002,0.009108245451612143
1.96,-15.628915510062955,-11.56923397662084,0.00915008666848194
1.97,-15.512412802662089,-11.748259438600238,0.00919472044245822
1.98,-15.394127799629404,-11.92646839782315,0.009242495731383225
1.99,-15.274066403074459,-12.103840915589748,0.009293057293511538
2.0,-15.152230665479575,-12.280356588870902,0.009344556549116912
2.0100000000000002,-15.02863057240138,-12.455996382797103,0.009396910632684921
2.02,-14.90327661158922,-12.6307413444966,0.0094501631621586
2.0300000000000002,-14.77617927079242,-12.804572521097668,0.009504357755480995
2.04,-14.64734903776033,-12.97747095972855,0.009559538030595142
2.05,-14.516796400242283,-13.14941770751751,0.00961574760544408
2.06,-14.38453184598761,-13.320393811592817,0.009673030097970851
2.07,-14.250565862745658,-13.490380319082714,0.009731429126118492
2.08,-14.114908938265756,-13.659358277115475,0.009790988307830048
2.09,-13.977571484562464,-13.827308712537542,0.009851746173382924
2.1,-13.838558366808172,-13.99421122762388,0.00991338929929044
2.11,-13.697877891331423,-14.160046537511013,0.009975900387993043
2.12,-13.555542392780335,-14.324796473122605,0.010039545317068578
2.13,-13.411564205803053,-14.488442865382298,0.010104589964094877
2.14,-13.265955665047695,-14.65096754521376,0.010171300206649785
2.15,-13.118729105162402,-14.81235234354063,0.010239941922311134
2.16,-12.969896860795297,-14.972579091286573,0.010310780988656766
2.17,-12.819471266594519,-15.131629619375229,0.010384083283264515
2.18,-12.66746465720819,-15.289485758730267,0.010460114683712225
2.19,-12.513889300584774,-15.446129313456327,0.010539122765601469
2.2,-12.358752403608003,-15.601540106668384,0.010619872080662998
2.21,-12.202064346285452,-15.755699407858359,0.01070170007119523
2.22,-12.043839236931625,-15.908590018774705,0.010784909294896986
2.23,-11.884091183861052,-16.060194741165855,0.010869802309467073
2.24,-11.722834295388237,-16.210496376780256,0.010956681672604315
2.25,-11.560082679827712,-16.359477727366347,0.011045849942007519
2.2600000000000002,-11.395850445493979,-16.507121594672572,0.011137609675375507
2.27,-11.23015170070157,-16.65341078044737,0.011232263430407084
2.2800000000000002,-11.063000553764992,-16.798328086439188,0.011330113764801074
2.29,-10.894411037976615,-16.941856272725143,0.0114314407855269
2.3000000000000003,-10.724391236782642,-17.08397484909785,0.011534655767853164
2.31,-10.552952823150001,-17.224665492348674,0.011638963934413951
2.32,-10.3801118513029,-17.363912346714546,0.011744826829040246
2.33,-10.205884375465546,-17.501699556432392,0.011852705995563036
2.34,-10.030286449862166,-17.63801126573913,0.011963062977813294
2.35,-9.853334128716956,-17.772831618871688,0.01207635931962201
2.36,-9.675043466254149,-17.906144760066983,0.012193056564820157
2.37,-9.495430516697942,-18.03793483356195,0.012313616257238726
2.38,-9.314511334272563,-18.168185983593496,0.012438499940708688
2.39,-9.132301973202209,-18.29688235439856,0.012568169159061037
2.4,-8.94881848771111,-18.42400809021405,0.012703085456126743
2.41,-8.764075829870551,-18.549546560987825,0.012843225262096311
2.42,-8.57808268343399,-18.673476871084606,0.012985575399004431
2.43,-8.390855186620204,-18.79578359602813,0.013130012570451113
2.44,-8.202411156926905,-18.916452510526444,0.01327712012874455
2.45,-8.012768411851777,-19.035469389287613,0.013427481426192964
2.46,-7.821944768892537,-19.15282000701968,0.013581679815104547
2.47,-7.629958045546868,-19.268490138430725,0.013740298647787525
2.48,-7.436826059312485,-19.38246555822878,0.013903921276550088
2.49,-7.24256662768707,-19.49473204112192,0.014073131053700458
2.5,-7.047197568168342,-19.605275361818194,0.014248511331546832
2.5100000000000002,-6.850736698253981,-19.714081295025665,0.014430645462397428
2.52,-6.653201835441704,-19.82113561545238,0.014620116798560442
2.5300000000000002,-6.454607824300811,-19.926421341880697,0.01481587907919183
2.54,-6.254966972191431,-20.029919363994,0.015015127985124289
2.5500000000000003,-6.05429845277518,-20.13161712820849,0.015218507235665478
2.56,-5.852621662474022,-20.23150229052217,0.015426777579174
2.57,-5.649955997709897,-20.329562506933065,0.015640699764008486
2.58,-5.446320854904743,-20.425785433439202,0.01586103453852757
2.59,-5.241735630480524,-20.520158726038595,0.01608854265108985
2.6,-5.036219720859169,-20.61267004072927,0.016323984850053968
2.61,-4.829792522462645,-20.70330703350924,0.016568121883778528
2.62,-4.62247343171288,-20.792057360376536,0.01682171450062217
2.63,-4.414281845031839,-20.878908677329168,0.0170855234489435
2.64,-4.2052371539659825,-20.963848634357387,0.017360306263132314
2.65,-3.9953545632706877,-21.04685979630848,0.01764394752844571
2.66,-3.7846507081955973,-21.12792676733722,0.017934852663169267
2.67,-3.5731463000208157,-21.20703923879453,0.018234015564778033
2.68,-3.3608620500264106,-21.28418690203133,0.0185424301307471
2.69,-3.1478186694924886,-21.35935944839854,0.018861090258551514
2.7,-2.9340368696991166,-21.432546569247087,0.019190989845666372
2.71,-2.7195373619264007,-21.50373795592789,0.019533122789566718
2.72,-2.504340857454408,-21.57292329979187,0.019888482987727652
2.73,-2.2884680675632456,-21.640092292189948,0.020258064337624213
2.74,-2.071939703532979,-21.705234624473047,0.020642860736731508
2.75,-1.8547764766437158,-21.76833998799209,0.021043866082524565
2.7600000000000002,-1.6369975836751485,-21.829395577888647,0.02146094920229523
2.77,-1.4186197870162691,-21.88838474770771,0.021891997306485965
2.7800000000000002,-1.1996645818402285,-21.94529883213787,0.022338230342582734
2.79,-0.9801537733978354,-22.000129682490893,0.0228010929744948
2.8000000000000003,-0.7601091669398612,-22.052869150078568,0.023282029866131506
2.81,-0.5395525677171156,-22.10350908621266,0.023782485681402118
2.82,-0.31850578098037907,-22.15204134220495,0.024303905084215954
2.83,-0.0969906119804318,-22.198457769367213,0.024847732738482353
2.84,0.1249711340319164,-22.24275021901122,0.025415413308110556
2.85,0.34735765180589384,-22.284910542448756,0.02600839145700993
2.86,0.570147136090692,-22.324930590991585,0.026628111849089715
2.87,0.7933187820074288,-22.362799960202615,0.027275303420667023
2.88,1.0168537055675537,-22.398503992135325,0.02794950147891092
2.89,1.2407294858604314,-22.432036092875983,0.028652977285663427
2.9,1.4649234176437385,-22.463390312936475,0.029388213144289667
2.91,1.6894127956751896,-22.492560702828687,0.03015769135815488
2.92,1.9141749147124607,-22.519541313064497,0.03096389423062419
2.93,2.1391870695132678,-22.5443261941558,0.03180930406506284
2.94,2.364426554835285,-22.566909396614474,0.032696403164835935
2.95,2.58987066543623,-22.587284970952403,0.033627673833308745
2.96,2.8154966960737764,-22.605446967681477,0.034605598373846365
2.97,3.0412820085058443,-22.621389229771395,0.035632626523271836
2.98,3.267205555718885,-22.635100587228436,0.0367109105753865
2.99,3.49324481226172,-22.64657423023891,0.03784456638067439
3.0,3.719376351506245,-22.655806106409912,0.03903834122300222
3.0100000000000002,3.945576746824397,-22.66279216334854,0.0402969823862369
3.02,4.171822571588071,-22.6675283486619,0.04162523715424513
3.0300000000000002,4.398090399169204,-22.670010609957085,0.043027852810893844
3.04,4.624356802939691,-22.670234894841194,0.04450957664004971
3.0500000000000003,4.850598356271469,-22.668197150921326,0.046075155925579675
3.06,5.076792071743626,-22.66389138479986,0.047729378340726915
3.0700000000000003,5.3029150386885995,-22.65731032742599,0.049479445745873096
3.08,5.528943075540965,-22.648451521193625,0.0513345125681533
3.09,5.754851963685585,-22.637312659281257,0.053303763117152125
3.1,5.980617484507319,-22.623891434867378,0.055396381702454145
3.11,6.206215419390997,-22.60818554113048,0.0576215526336437
3.12,6.4316215497214895,-22.590192671249063,0.059988460220305476
3.13,6.656811735875194,-22.569910168245148,0.06250622134298597
3.14,6.881762310780287,-22.547332322500154,0.06518587649187907
3.15,7.106448306355019,-22.522457261155296,0.06804426619187255
3.16,7.330844436587872,-22.495284310430282,0.07109901311744864
3.17,7.554925415467288,-22.46581279654482,0.07436773994308897
3.18,7.778665956981749,-22.434042045718623,0.07786806934327578
3.19,8.002040775119697,-22.399971384171394,0.0816176239924907
3.2,8.225024945281731,-22.363598840350978,0.08563358726162709
3.21,8.447593126031224,-22.324921675625486,0.08994072629845522
3.22,8.669718441074703,-22.283940663017056,0.09457192537504283
3.23,8.891373971049392,-22.240656694734195,0.09956023199255214
3.24,9.112532796592554,-22.195070662985422,0.10493869365214614
3.25,9.333167998341414,-22.147183459979253,0.11074035785498697
3.2600000000000002,9.553253546139565,-22.096994358600345,0.11699471147051889
3.27,9.772762255175682,-22.044502689253967,0.12374651032011184
3.2800000000000002,9.991664375680188,-21.989711021284375,0.13105823506048755
3.29,10.209930132817126,-21.932621960772025,0.1389925131076532
3.3000000000000003,10.427529751750573,-21.87323811379735,0.1476119718776174
3.31,10.64443345764457,-21.811562086440805,0.15697923878638723
3.3200000000000003,10.860613229675652,-21.747594576655008,0.16714906230796758
3.33,11.076037956931863,-21.681337256235047,0.17821186042475914
3.34,11.29067283116207,-21.61279453368053,0.19028638995911662
3.35,11.504483042409325,-21.541970818957793,0.20349141894534103
3.36,11.71743378071665,-21.468870522033182,0.2179457154177316
3.37,11.929491637180055,-21.393497270958225,0.23375900175425626
3.38,12.140623335152394,-21.315853414979962,0.251059893823876
3.39,12.350786278457987,-21.235945035447564,0.2700612520185163
3.4,12.559937167133315,-21.153778542283202,0.2909815327960964
3.41,12.768032701214892,-21.069360345409024,0.31403919261453916
3.42,12.975032842040102,-20.982695693758156,0.3394296272291575
3.43,13.180894522515356,-20.893789551220422,0.36740746088766085
3.44,13.385560834502018,-20.802650575268487,0.39835941146316367
3.45,13.588974440199397,-20.70928755254175,0.4326758948868722
3.46,13.791078974121913,-20.613709051346543,0.4707388870930221
3.47,13.991825782832777,-20.515921309392468,0.5128893963539779
3.48,14.191141704059142,-20.415934719443232,0.5597396615885214
3.49,14.388946529402439,-20.313761084424623,0.611970546599125
3.5,14.585160470179975,-20.2094121374238,0.6702589049172785
3.5100000000000002,14.779717502352195,-20.102896859702582,0.735178954476932
3.52,14.972517712332747,-19.994228501578807,0.8077144643272282
3.5300000000000002,15.163444101419815,-19.883422908094573,0.8890279786801384
3.54,15.352381507637826,-19.770495672749824,0.9802636232249042
3.5500000000000003,15.539234310487046,-19.655459082753755,1.0824222758783935
3.56,15.723846770285288,-19.538332132573768,1.1972353654864445
3.5700000000000003,15.906043376849906,-19.41913630945069,1.326650550352816
3.58,16.085660899384465,-19.297891606576858,1.4724908297078596
3.59,16.262539254217113,-19.174616340315573,1.6366818704374013
3.6,16.43641986879587,-19.04933909340177,1.8223278117158586
3.61,16.607035551719704,-18.922089413790832,2.0326292703086173
3.62,16.77416804008843,-18.792891180174145,2.27030873382336
3.63,16.937484719343278,-18.66177812756941,2.5396150257629673
3.64,17.096574750518247,-18.528791683480932,2.8457266076603163
3.65,17.251067314322135,-18.3939692278094,3.1933847069547205
3.66,17.400556908842223,-18.257349319348183,3.588009527317314
3.67,17.544422301885945,-18.11898994712794,4.0376859954277675
3.68,17.682060270188185,-17.978947424110732,4.550294744376215
3.69,17.812923366338396,-17.83727100914789,5.133299482219848
3.7,17.936103379109717,-17.694040577609005,5.798696759046726
3.71,18.05065324266853,-17.549339448483398,6.558958201326453
3.72,18.155776535603405,-17.403235866651904,7.424926819791466
3.73,18.25016608359887,-17.255840183347445,8.413744895708968
3.74,18.33237171691419,-17.107275085677575,9.544273675282303
3.75,18.401201339225764,-16.95763908953658,10.832365401957464
3.7600000000000002,18.454796363108013,-16.807085967852515,12.301458187503837
3.77,18.490986889731168,-16.65579640230023,13.97856373543411
3.7800000000000002,18.507986553915785,-16.503915507951152,15.886165891449094
3.79,18.503231590483608,-16.351656592465172,18.053714898557168
3.8000000000000003,18.473577506346608,-16.199285211036457,20.516606162440997
3.81,18.41634421422081,-16.04702144713222,23.305109137565424
3.8200000000000003,18.328268665356305,-15.895147060810398,26.449726735262708
3.83,18.205023973268883,-15.744050805829318,29.988887244590885
3.84,18.042611146844376,-15.59408134432128,33.958666370003286
3.85,17.837403093388204,-15.445566383661603,38.38056955526766
3.86,17.58418352203832,-15.299056016592013,43.273645091513856
3.87,17.277615705108502,-15.155116155982029,48.65725845265553
3.88,16.912923548468964,-15.014188529914126,54.54722106542245
3.89,16.48594404764826,-14.8768490675101,60.907044095188226
3.9,15.992258560041307,-14.743865582811793,67.6776064705513
3.91,15.427448429787717,-14.616005887565809,74.79978720967065
3.92,14.78740438712441,-14.493949662656105,82.19787054949936
3.93,14.071364280447932,-14.378409805856622,89.71528525527005
3.94,13.279914491890098,-14.270201126207471,97.17173762076469
3.95,12.412957193055465,-14.170140343299087,104.38054679005472
3.96,11.473996991796742,-14.078948762520472,111.11756133707713
3.97,10.47126953959856,-13.99726554493238,117.14537363921445
3.98,9.412504615461213,-13.925777814282048,122.21998076583468
3.99,8.306712740600881,-13.865116627607758,126.12461593364615
4.0,7.1683322667118,-13.81551923583351,128.71931509705013
4.01,6.011943443386709,-13.777279870431071,129.8610686174654
4.0200000000000005,4.851428143197101,-13.750791432413957,129.46715833883582
4.03,3.701697340279958,-13.735786564233027,127.61208895103681
4.04,2.57784326991858,-13.731954408035742,124.38166687788004
4.05,1.4938315322996496,-13.739233150209829,119.89142735531044
4.0600000000000005,0.4598119621818211,-13.757109423712526,114.35051791130823
4.07,-0.5141356303768188,-13.785014942831173,107.98222902099381
4.08,-1.420356453596548,-13.822433224113137,101.0138412059352
4.09,-2.255232012427636,-13.86859321365138,93.67534640982934
4.1,-3.0145791235620454,-13.922817293482352,86.19124084834868
4.11,-3.6986077056845845,-13.984383227164386,78.73028381428196
4.12,-4.308891926997857,-14.052520141116778,71.44830860713509
4.13,-4.846944228451786,-14.126478119971782,64.48007904671606
4.14,-5.316527430515211,-14.205623709946913,57.89327329717074
4.15,-5.721835015592939,-14.289341360978183,51.74636730758401
4.16,-6.067915603691764,-14.376898000424292,46.0813809126984
4.17,-6.35952306308633,-14.46773521085971,40.90007857247604
4.18,-6.600673054875662,-14.56145281171116,36.19898966157244
4.19,-6.795505953376134,-14.657638353569807,31.97326728576937
4.2,-6.950853596093264,-14.755625266532569,28.17996154030348
4.21,-7.070717434545051,-14.855052896714424,24.78569672182142
4.22,-7.157530561134986,-14.955719071145401,21.771100069632773
4.23,-7.213726068266568,-15.057421616855539,19.116798823046917
4.24,-7.242455185227137,-15.159896255177664,16.79434563701755
4.25,-7.2491112199354575,-15.262685629551415,14.742688327060337
4.26,-7.235714753713669,-15.36562518106441,12.937570661011476
4.2700000000000005,-7.203846930217677,-15.468588416169444,11.359966251110476
4.28,-7.155498598132496,-15.571414917050014,9.985766307973014
4.29,-7.09371352933706,-15.673855226660132,8.777055691148869
4.3,-7.019673056148129,-15.775811696427745,7.718057571436313
4.3100000000000005,-6.934350753803223,-15.877203760199986,6.795524092749755
4.32,-6.839087941648408,-15.977920127344381,5.991769835498735
4.33,-6.7355417998589635,-16.07782077447743,5.285422387225118
4.34,-6.624364739857328,-16.17684747140681,4.66734830569341
4.3500000000000005,-6.50617250798245,-16.27494500215348,4.128860003827324
4.36,-6.3819660082759535,-16.372024749534862,3.656847226792882
4.37,-6.252461226363778,-16.468020158031067,3.241913587223697
4.38,-6.118045362156926,-16.56289218410279,2.8786052439250502
4.39,-5.979158403189433,-16.65659705908523,2.5608786867257627
4.4,-5.836434340099081,-16.749072716540095,2.2807164326384686
4.41,-5.690173029990642,-16.840285585538773,2.034126351825325
4.42,-5.540621368653377,-16.930206739452743,1.8177278933256025
4.43,-5.388121257722515,-17.018798129970556,1.627152607554074
4.44,-5.232994841467405,-17.106022499072687,1.45848306905389
4.45,-5.0754025707868955,-17.19185742027802,1.3096369594941777
4.46,-4.9155093158727015,-17.276280009491206,1.1784875308475566
4.47,-4.753562328904123,-17.359258672532714,1.0621380829061413
4.48,-4.589711369777815,-17.440771023510187,0.9588521156667571
4.49,-4.424061938198586,-17.520799088791236,0.867367333682167
4.5,-4.256731139865485,-17.59932357339648,0.7863122525240039
4.51,-4.087876320062693,-17.67632029145519,0.714007247796873
4.5200000000000005,-3.9175807720386984,-17.751773023083214,0.6495751319074103
4.53,-3.745916486325552,-17.82566680408788,0.5922521344143457
4.54,-3.5729661171853637,-17.897985269382314,0.5411822944313156
4.55,-3.398830040147511,-17.968709477855235,0.49541295234632887
4.5600000000000005,-3.223563305889596,-18.03782615100127,0.45444976464261755
4.57,-3.047217226724211,-18.10532248968544,0.4178333816365457
4.58,-2.869848911539265,-18.17118477238521,0.38505824698236935
4.59,-2.691527411731081,-18.235397218727734,0.3555596783008549
4.6000000000000005,-2.512294090145123,-18.297948254212617,0.32903925443621546
4.61,-2.332187561215652,-18.358826732228163,0.3052226150673024
4.62,-2.151247811897867,-18.418021222085006,0.2838251536059619
4.63,-1.9695252918999766,-18.47551804997302,0.2645012684303336
4.64,-1.787055170304119,-18.531306552413362,0.2470530385368322
4.65,-1.6038683289971496,-18.585376937301675,0.2313180698024504
4.66,-1.4199956498659718,-18.637719412533578,0.217133968104185
4.67,-1.2354723249028794,-18.688322879791716,0.20431181940065468
4.68,-1.0503326832380142,-18.73717637785093,0.1926915182898547
4.69,-0.8646030255431928,-18.784271296889337,0.1821777884392266
4.7,-0.6783095936280594,-18.82959904459043,0.17267577865222913
4.71,-0.4914786791902672,-18.873151003941675,0.16409032017076872
4.72,-0.3041400113772551,-18.914916815582167,0.15630927771655148
4.73,-0.11632004363508536,-18.95488761338067,0.1492568600107608
4.74,0.07195769151877618,-18.993055952243743,0.14287887556758097
4.75,0.2606696615669135,-19.029414387077956,0.13712113290119438
4.76,0.4497923339918941,-19.06395547278988,0.13192944052578406
4.7700000000000005,0.639300797813365,-19.096670365209874,0.1272434895015165
4.78,0.8291707900878686,-19.12755066215128,0.12301716992993775
4.79,1.0193802669435486,-19.1565900889419,0.1192207667702867
4.8,1.2099071890589093,-19.183782375382687,0.1158245928008444
4.8100000000000005,1.4007295171124712,-19.2091212512746,0.11279896079989159
4.82,1.5918251632351021,-19.23260031120007,0.11011390609709246
4.83,1.7831712975266585,-19.254210897842047,0.10773814343833762
4.84,1.9747461464034823,-19.27394684701157,0.10565350640031007
4.8500000000000005,2.166528386366275,-19.291803184822314,0.10384539929786034
4.86,2.3584966939156864,-19.307774937387954,0.1022992264458394
4.87,2.5506297455524187,-19.321857130822167,0.10100039215909773
4.88,2.742906217777156,-19.33404479123862,0.09993430075248602
4.89,2.9353047842039577,-19.34433134759248,0.09908602977372946
4.9,3.1278041990551304,-19.352709322828446,0.09844573245447842
4.91,3.320383293331835,-19.359175179895335,0.09800882396244931
4.92,3.513020899303556,-19.36372549722311,0.0977708108691884
4.93,3.7056958492397616,-19.36635685324174,0.097727199746242
4.94,3.898386975409937,-19.367065826381182,0.09787349716515646
4.95,4.0910731100835145,-19.365848995071403,0.09820520969747808
4.96,4.283733088714306,-19.362702920554625,0.0987178354036794
4.97,4.476346703365578,-19.357618897318808,0.09940588582575374
4.98,4.668893185413798,-19.350590877361935,0.10027097555441714
4.99,4.861350841580713,-19.34161772160264,0.10131843656610953
5.0,5.053697978588121,-19.330698290959557,0.10255360083727112
5.01,5.2459129031578025,-19.317831446351324,0.10398180034434204
5.0200000000000005,5.437973922011555,-19.303016048696573,0.10560836706376252
5.03,5.629859341871125,-19.286250958913946,0.10743863297197241
5.04,5.821547469458309,-19.267535037922073,0.10947793004541197
5.05,6.013016611494891,-19.24686714663959,0.11173159026052129
5.0600000000000005,6.204245074702665,-19.22424614598513,0.11420494559374073
5.07,6.39521116582092,-19.19967089680398,0.11690332804686944
5.08,6.5858939947886155,-19.173136386743593,0.11983576268745344
5.09,6.776271890571085,-19.144638829204816,0.12302018829917871
5.1000000000000005,6.966322013314563,-19.11417881964491,0.12647534354145126
5.11,7.15602152316523,-19.081756953521133,0.1302199670736762
5.12,7.34534758026932,-19.047373826290748,0.1342727975552595
5.13,7.534277344773048,-19.011030033411018,0.13865257364560696
5.14,7.722787976822629,-18.972726170339193,0.1433780340041242
5.15,7.9108567758955495,-18.932462449913352,0.14846759965648504
5.16,8.098461701918827,-18.890236028099807,0.1539430142887129
5.17,8.285578396385604,-18.846047990876283,0.15984077032617425
5.18,8.472181988580921,-18.799900576210753,0.16619951664079735
5.19,8.658247607789841,-18.751796022071172,0.1730579021045112
5.2,8.84375038329737,-18.701736566425524,0.18045457558924283
5.21,9.028665444388574,-18.64972444724177,0.18842818596692115
5.22,9.212968607616181,-18.595760803356885,0.19701512345224523
5.23,9.39663531307162,-18.53984551351293,0.2062640655049611
5.24,9.579637415318578,-18.481982253879387,0.21624696624390297
5.25,9.761946594369338,-18.422174922797897,0.22703669158031858
5.26,9.943534530236171,-18.360427418610094,0.238706107425455
5.2700000000000005,10.124372902931366,-18.296743639657606,0.25132807969056037
5.28,10.304435043793756,-18.23112618999323,0.26496673415440386
5.29,10.483693631267187,-18.163576724503926,0.279705005816447
5.3,10.662114427187909,-18.094100927441772,0.29567706509005154
5.3100000000000005,10.839662928407575,-18.0227046590607,0.31301881794710507
5.32,11.016304631777796,-17.94939377961466,0.33186617035949084
5.33,11.192005034150222,-17.874174149357575,0.35235502829909626
5.34,11.366732653164231,-17.797050126938903,0.37460402001121906
5.3500000000000005,11.540453815481042,-17.718025531290284,0.39877248236626744
5.36,11.713123506642381,-17.637108401786538,0.4251091336670342
5.37,11.884696399683218,-17.554306909336685,0.4538648915199028
5.38,12.055127167638506,-17.46962922484974,0.48529067353125466
5.39,12.224371686637312,-17.383083158924475,0.519628840440297
5.4,12.392392712754537,-17.29467369704814,0.5570942583331678
5.41,12.559132049296466,-17.204410551594965,0.5980942224400183
5.42,12.724526452758885,-17.112304776602898,0.6430766830172168
5.43,12.888512679637573,-17.018367426109897,0.6924895903211284
5.44,13.051029739551828,-16.9226090643862,0.746763464439052
5.45,13.212026846677663,-16.8250372343827,0.8062833471198961
5.46,13.371419011027886,-16.725665379150534,0.8717628410300358
5.47,13.529113953560367,-16.62450837184166,0.9439783679729219
5.48,13.685019395232999,-16.521581085608027,1.0237063497520134
5.49,13.839055293051462,-16.416896192608082,1.111627277559961
5.5,13.991132325139809,-16.310466434180977,1.2085848955207672
5.51,14.141113271202151,-16.202311751235296,1.315878592016066
5.5200000000000005,14.28885951215284,-16.092452310980065,1.4348201537869278
5.53,14.434239360077687,-15.980907273230784,1.566660630259147
5.54,14.5771420170376,-15.867691712290986,1.7125419175171508
5.55,14.717370819268726,-15.752831359610651,1.8744867287950095
5.5600000000000005,14.854714228360182,-15.636353951101343,2.0546592124758685
5.57,14.988966780966814,-15.518286447660161,2.2551671956151322
5.58,15.119965581980672,-15.398649383532227,2.477803711245119
5.59,15.2474202878099,-15.27747741018686,2.7257150491364404
5.6000000000000005,15.371006280659277,-15.154809295328041,3.0023857923815847
5.61,15.490411503705719,-15.030682324482997,3.311180988472221
5.62,15.605381408291125,-14.90512569042642,3.655024655840285
5.63,15.715462013529994,-14.778189593259611,4.038943999647971
5.64,15.82015627409316,-14.649929056379358,4.468397039246921
5.65,15.919006357119455,-14.52039466036646,4.9484662801184935
5.66,16.011588671269124,-14.389631018073059,5.484042931921769
5.67,16.097178972840585,-14.257713973486931,6.083082722819446
5.68,16.175022971644093,-14.124722619093752,6.753839311125514
5.69,16.244482288047664,-13.990723056396218,7.503459465957568
5.7,16.304798941560588,-13.855791386585636,8.34026444731282
5.71,16.35485253558065,-13.720041741694379,9.276061008194468
5.72,16.393523775122087,-13.583588113738145,10.322649289887748
5.73,16.41995276165728,-13.446514899291031,11.489316307805154
5.74,16.432784633062493,-13.3089588190772,12.789269216692741
5.75,16.430384670471184,-13.171087147183405,14.238136081537046
5.76,16.411188238719852,-13.033058729704663,15.850987212025565
5.7700000000000005,16.373941037970503,-12.894995720275746,17.639241892401262
5.78,16.316554305086424,-12.75712175536524,19.61882570751161
5.79,16.236771329807702,-12.619680772509437,21.806804219951097
5.8,16.13248021010191,-12.482894848760711,24.21951667051174
5.8100000000000005,16.001963163154095,-12.346938431846876,26.866943426539283
5.82,15.842561249944463,-12.212145187725216,29.757456631988564
5.83,15.651490678975303,-12.078868696757409,32.89966086654416
5.84,15.425981091420356,-11.947456637540428,36.302364822334454
5.8500000000000005,15.163712375876619,-11.818144384349555,39.97051027861604
5.86,14.862487830086815,-11.691332745606124,43.883408474547934
5.87,14.520010024629912,-11.567500138896584,48.01466343148089
5.88,14.133981530084904,-11.447124981807397,52.337879170765305
5.89,13.702071900968708,-11.330666485551124,56.825908970961876
5.9,13.222843751900347,-11.218514128483552,61.42719516181849
5.91,12.696508378760665,-11.111159873144569,66.06266198176934
5.92,12.123396521723686,-11.009111196704595,70.65185396039536
5.93,11.50336492834326,-10.912878632049823,75.11169685068681
5.94,10.837870567933972,-10.822918295000877,79.34249394475853
5.95,10.131239239135033,-10.73962947008369,83.23826324778166
5.96,9.387862313067902,-10.663410507147125,86.693006271049
5.97,8.611322041407465,-10.594741958246612,89.59368151850386
5.98,7.8076459617450755,-10.533911603729088,91.85964611912051
5.99,6.98463285123368,-10.481052479936757,93.43070789210208
6.0,6.150008706781542,-10.436334977217063,94.24356853167414
6.01,5.310979085855045,-10.400099917265678,94.24469011452301
6.0200000000000005,4.475299778939519,-10.372229017961653,93.46245124463786
6.03,3.6508780694809104,-10.352509674467802,91.9371755229682
6.04,2.845694101000756,-10.340788112451268,89.70822710244694
6.05,2.0667815987571894,-10.337065068373455,86.83555255264713
6.0600000000000005,1.319095398915374,-10.340970623566148,83.41803387089428
6.07,0.6075285937698229,-10.352099524557778,79.55739094197821
6.08,-0.06268118454863725,-10.370197029933388,75.35572777560002
6.09,-0.689431167909409,-10.394838436249772,70.91313834637843
6.1000000000000005,-1.271359070881092,-10.425532060417146,66.32926125581302
6.11,-1.806512819904028,-10.461854248612712,61.70278426365688
6.12,-2.2949468416000665,-10.503380441686149,57.10592544861126
6.13,-2.7377989055923972,-10.549647431889825,52.601528368969284
6.140000000000001,-3.136073578551767,-10.60018020452344,48.25264755505202
6.15,-3.491214243494701,-10.654542604980762,44.10055669656272
6.16,-3.8054543084414143,-10.712368474350475,40.16704485955098
6.17,-4.081045364194792,-10.773293264909144,36.47357268408799
6.18,-4.320668828320768,-10.836882699774232,33.03624996294757
6.19,-4.527111064388402,-10.902743223938625,29.853691068767546
6.2,-4.702438767685598,-10.97063708961697,26.92251970461703
6.21,-4.848711674694664,-11.040327873692181,24.23939132044397
6.22,-4.968247542101027,-11.111549746811805,21.798418462197024
6.23,-5.0648176472217274,-11.183878835609715,19.57470343593458
6.24,-5.140162361779566,-11.257135959398445,17.555219099937727
6.25,-5.195567797456488,-11.331194853435337,15.73071080095316
6.26,-5.23232006593443,-11.405929252977725,14.091923885727784
6.2700000000000005,-5.2517798923669785,-11.481205326006489,12.62882922187246
6.28,-5.256946529603987,-11.556723155641421,11.313343252818859
6.29,-5.249430077852599,-11.632323952813357,10.129129210031213
6.3,-5.229993071837332,-11.7079349245162,9.068245237819205
6.3100000000000005,-5.199398046282697,-11.783483277743867,8.122749480492446
6.32,-5.158437737919169,-11.858893260167681,7.284386421362421
6.33,-5.108853741078101,-11.933995402032068,6.5349053806877215
6.34,-5.051672471851074,-12.008688263579765,5.863095839164486
6.3500000000000005,-4.98737309986217,-12.08292368846405,5.263366670693395
6.36,-4.916434794735489,-12.156653520338173,4.73012674917528
6.37,-4.839478701827834,-12.229815472894462,4.256347269266488
6.38,-4.757466637942714,-12.302312109743864,3.83162961993144
6.390000000000001,-4.670764397770762,-12.374103756293344,3.4517105460961535
6.4,-4.5796765230788195,-12.445156762112436,3.112951672233839
6.41,-4.484526175882125,-12.515435563797471,2.8115321979564927
6.42,-4.385875948539874,-12.584879413163105,2.5413625118237566
6.43,-4.284028181464944,-12.65345297973642,2.2990757448123467
6.44,-4.179177403374311,-12.721131841062556,2.0823833192297085
6.45,-4.071518854260794,-12.787891497884516,1.8889899362526164
6.46,-3.9613686738868177,-12.8536941181563,1.7155010943271587
6.47,-3.8489627738878207,-12.918509577082382,1.5594288465546269
6.48,-3.7344269058485056,-12.982319440860563,1.41935786129685
6.49,-3.617886821353605,-13.045105275688616,1.2938728069156942
6.5,-3.4995126237117122,-13.106843406506423,1.1811735945130157
6.51,-3.3794890438194876,-13.167507827031887,1.0794326145257302
6.5200000000000005,-3.2579011686840142,-13.227083833475064,0.9877646686281876
6.53,-3.1348319911389924,-13.285556964260183,0.9053035938858227
6.54,-3.010374320451052,-13.34291148495365,0.8311017984340969
6.55,-2.8846616606626156,-13.399126119035365,0.7639189497881151
6.5600000000000005,-2.757761954863892,-13.454187673401977,0.7031291054410896
6.57,-2.629731706347269,-13.508084407845196,0.6482063634618643
6.58,-2.5006274366041374,-13.560804579476198,0.5986246766380074
6.59,-2.3705297188930397,-13.612332822406183,0.5536797583405191
6.6000000000000005,-2.2395055527716052,-13.662655465027466,0.5128278939572127
6.61,-2.1075950897393025,-13.711762717937876,0.47575206586041824
6.62,-1.9748384812955646,-13.759644791735251,0.44213525642245416
6.63,-1.8412780909343915,-13.806291499777252,0.4116445033830485
6.640000000000001,-1.7069727805676314,-13.851689590428075,0.3838455239624694
6.65,-1.5719589062931898,-13.895829656789445,0.35850021308445085
6.66,-1.4362665775600758,-13.938703393685838,0.33541895419399337
6.67,-1.2999259038173114,-13.980302495941725,0.3144121307361002
6.68,-1.1629694103837533,-14.020618090884309,0.29527441112685093
6.69,-1.0254379645466285,-14.059639259751382,0.27776074791324745
6.7,-0.887357764739059,-14.097358401273212,0.2617430806532075
6.71,-0.7487528043347941,-14.133768423769423,0.247109102844551
6.72,-0.6096470767075945,-14.168862235559642,0.23374650798509966
6.73,-0.4700653677225542,-14.20263247659006,0.2215382467370044
6.74,-0.3300381998405627,-14.235069789213458,0.21034089668470782
6.75,-0.18958806993846306,-14.266167428438045,0.20007430653155478
6.76,-0.048735298507780245,-14.295919375688404,0.19067288697359966
6.7700000000000005,0.09249979395997299,-14.32431961238912,0.18207104870689597
6.78,0.2340968869732466,-14.351362119964774,0.17420320242749956
6.79,0.37603339158066285,-14.377039599155667,0.166992731641442
6.8,0.5182870409201221,-14.401344817825304,0.16037527790391057
6.8100000000000005,0.6608396348891328,-14.424272765109167,0.15431321073407697
6.82,0.8036730016124234,-14.445818445793474,0.1487690634559968
6.83,0.94676896921476,-14.465976864664448,0.14370536939372414
6.84,1.0901093658208965,-14.484743026508308,0.13908466187131355
6.8500000000000005,1.2336746370472105,-14.50211038309818,0.13486383704951915
6.86,1.3774458990913179,-14.518072944024244,0.13101042156078896
6.87,1.5214061843809628,-14.532626767617625,0.12750394931912085
6.88,1.6655385260340547,-14.54576791296378,0.12432395789981837
6.890000000000001,1.809825957168516,-14.557492439148167,0.12144998487818481
6.9,1.9542515109022298,-14.567796405256233,0.1188615678295242
6.91,2.0987980946066025,-14.576675504604838,0.11653768292668153
6.92,2.243447915298818,-14.584123193063649,0.11445681317634121
6.93,2.388184347993057,-14.590135965931252,0.11260736409100737
6.94,2.532991028533044,-14.594711044797043,0.1109793317893595
6.95,2.6778515927624658,-14.597845651250415,0.10956271239007746
6.96,2.8227496765250466,-14.59953700688076,0.10834750201184075
6.97,2.9676689156644986,-14.599782333277478,0.10732369677332894
6.98,3.112592946024546,-14.598578852029958,0.10648129279322159
6.99,3.257505293929966,-14.595921316987711,0.10580992501739969
7.0,3.4023895960821258,-14.591805115728882,0.10530370683342614
7.01,3.547229676877083,-14.586228863201601,0.10495959477968839
7.0200000000000005,3.6920093608151854,-14.579191176366123,0.104774546487772
7.03,3.836712472396743,-14.570690672182701,0.10474551958926263
7.04,3.9813228361221027,-14.560725967611585,0.10486947171574587
7.05,4.125824276491601,-14.54929567961303,0.1051433604988073
7.0600000000000005,4.2702006180055845,-14.536398425147285,0.10556414357003262
7.07,4.414435685499954,-14.522032817791313,0.10612877735361682
7.08,4.558513817600532,-14.506192159350404,0.10683336020480341
7.09,4.7024191143275775,-14.488871654965433,0.10767861862592018
7.1000000000000005,4.846135121206836,-14.470071980586013,0.10866817024883241
7.11,4.989645383764014,-14.449793812161754,0.10980563270540505
7.12,5.132933447524856,-14.428037825642265,0.11109462362750337
7.13,5.2759828580150945,-14.404804696977155,0.11253876064699249
7.140000000000001,5.418777160760474,-14.380095102116034,0.11414166139573773
7.15,5.561299901286702,-14.353909717008513,0.11590694350560396
7.16,5.703534625119523,-14.3262492176042,0.11783822460845646
7.17,5.845464877784669,-14.297114279852705,0.1199391223361604
7.18,5.987074204807871,-14.266505579703638,0.12221325432058093
7.19,6.128346151714875,-14.234423793106606,0.12466423819358341
7.2,6.269264281142763,-14.200869466195064,0.12729573800328148
7.21,6.409812705876678,-14.165838032319208,0.13011542381095473
7.22,6.54997470229001,-14.129328579034304,0.13313590082075766
7.23,6.689733068070931,-14.091343357866716,0.13636972741468167
7.24,6.829070600907574,-14.051884620342818,0.13982946197471738
7.25,6.967970098488114,-14.010954617988975,0.14352766288285626
7.26,7.106414358500708,-13.968555602331556,0.14747688852108942
7.2700000000000005,7.24438617863353,-13.924689824896925,0.15168969727140844
7.28,7.381868356574713,-13.879359537211455,0.15617864751580376
7.29,7.518843709813561,-13.83256690350697,0.16095623698271322
7.3,7.6552955738704105,-13.784310694444597,0.16603536790726459
7.3100000000000005,7.79120593545673,-13.734592438390793,0.17143879540866355
7.32,7.926556152654085,-13.683415879397373,0.17719219721978538
7.33,8.06132758354408,-13.63078476151614,0.1833212510735066
7.34,8.195501586208305,-13.5767028287989,0.18985163470270344
7.3500000000000005,8.329059518728364,-13.52117382529746,0.19680902584025267
7.36,8.461982739185826,-13.464201495063632,0.20421910221902922
7.37,8.594252697915925,-13.4057893926454,0.2121071434175429
7.38,8.72585181083423,-13.345938094020843,0.22049731624616203
7.390000000000001,8.856759788338623,-13.284651363649788,0.2294327362027402
7.4,8.986955456362526,-13.221934456878891,0.23896133652202994
7.41,9.116417640839403,-13.157792629054793,0.24913105043878614
7.42,9.245125167702703,-13.09223113552414,0.25998981118776293
7.43,9.373056862885873,-13.025255231633576,0.2715855520037145
7.44,9.50019165305395,-12.956870079345377,0.28396564798434193
7.45,9.626511149684177,-12.887077772419824,0.29716605910087124
7.46,9.751992067499538,-12.815883320190828,0.3112595813934669
7.47,9.876608636550543,-12.743293760586884,0.3263344203650303
7.48,10.000335086887713,-12.66931613153648,0.3424787815184644
7.49,10.123145648561533,-12.593957470968128,0.3597808703566677
7.5,10.245014551622523,-12.517224816810316,0.3783288923825431
7.51,10.36591607556259,-12.439125179487492,0.39821076311357323
7.5200000000000005,10.485829073312551,-12.359662546980482,0.4194924865416611
7.53,10.604725141355472,-12.278843360167286,0.442298896949959
7.54,10.722570440348365,-12.196676759089533,0.4667900470780174
7.55,10.839331130948239,-12.113171883788855,0.49312598966538507
7.5600000000000005,10.954973373812106,-12.028337874306882,0.5214667774516133
7.57,11.069463329596951,-11.942183870685266,0.5519724631762457
7.58,11.182770056815889,-11.854717901456958,0.584785968000446
7.59,11.294865468253922,-11.765945831856166,0.6200512415864652
7.6000000000000005,11.405703943913895,-11.675878909584595,0.6580383762937138
7.61,11.515238340467501,-11.584528903885575,0.699027521495081
7.62,11.623421514586468,-11.491907584002416,0.7432988265634661
7.63,11.730206322942507,-11.398026719178436,0.7911324408717654
7.640000000000001,11.835550577826016,-11.30289671122686,0.8427770249723715
7.65,11.939416192031654,-11.206525768213714,0.8984810900909507
7.66,12.04173690474556,-11.108928583355182,0.9587036010249255
7.67,12.142444210832064,-11.01012041342412,1.0239191424889558
7.68,12.241469605155492,-10.910116515193392,1.0946022991977014
7.69,12.338744602581187,-10.808932141288423,1.1712275142731643
7.7,12.434219382538513,-10.706578296994309,1.2541490001928142
7.71,12.527819061281702,-10.603069761804413,1.3439433115726827
7.72,12.619441529830716,-10.498426625327532,1.4413903224448446
7.73,12.70898467920553,-10.392668977172455,1.5472699068413842
7.74,12.796346400426094,-10.285816906947993,1.662361938794358
7.75,12.88144037232643,-10.177887556033921,1.7873358446783822
7.76,12.964181117762083,-10.068896532945265,1.92290444966184
7.7700000000000005,13.044417705582006,-9.958870301134011,2.0702875222825075
7.78,13.121996231353378,-9.847835843810243,2.230726903217138
7.79,13.196762790643398,-9.735820144184004,2.4054644331425243
7.8,13.268582515114764,-9.622847014195559,2.595604123251084
7.8100000000000005,13.337336305159292,-9.508936310645506,2.8021799983759665
7.82,13.402800404321031,-9.394123733608334,3.0270367984355966
7.83,13.464742934235167,-9.278446269312512,3.272080294891046
7.84,13.522932016536876,-9.16194090398652,3.5392162592033687
7.8500000000000005,13.577169500080366,-9.044639322193007,3.8301051020537162
7.86,13.627270084000312,-8.926569644157968,4.1463372494466775
7.87,13.672896725409744,-8.807782198471534,4.490632049805405
7.88,13.713703832761457,-8.688328605968902,4.865771826097254
7.890000000000001,13.74934581450824,-8.568260487485258,5.274538901289618
7.9,13.779546023418517,-8.447618755301406,5.719224720265097
7.91,13.804002468167464,-8.326446561707826,6.202216012469208
7.92,13.822215832481945,-8.204816360378477,6.7272368018241755
7.930000000000001,13.833682836368858,-8.082801204828217,7.298038539904678
7.94,13.837900199835097,-7.960474148571943,7.9183726782852375
7.95,13.834491810746156,-7.837887623894642,8.591145268752593
7.96,13.822989518042153,-7.715108399048845,9.319397970169168
7.97,13.802692476303527,-7.592240627037912,10.107437583112244
7.98,13.772899224965188,-7.469388560071409,10.959574557371441
7.99,13.732908303462056,-7.346656450358939,11.880119342736151
8.0,13.682177115707333,-7.224118026070165,12.872595602935375
8.01,13.620123365431764,-7.101859825312224,13.939320550104737
8.02,13.54586005530263,-6.980030354479436,15.083193539065348
8.03,13.45849787366453,-6.858778579234053,16.307121434304666
8.040000000000001,13.357147508862043,-6.738253465238301,17.614011100310382
8.05,13.24094090591881,-6.618591945021365,19.007059711690836
8.06,13.109217038667644,-6.499849786696412,20.489255719304442
8.07,12.961216771265661,-6.382206450423106,22.0565047831717
8.08,12.796136756939683,-6.2658731676363795,23.703540480125415
8.09,12.61317364891653,-6.151061169771169,25.425096386998383
8.1,12.411524100423014,-6.03798168826241,27.215906080623405
8.11,12.19038476468596,-5.926845954545037,29.07070313783328
8.120000000000001,11.94894901707762,-5.817860206636315,30.984110960251588
8.13,11.686626741233528,-5.711172911223427,32.945173252475705
8.14,11.403411094998159,-5.606988060742538,34.93490646327667
8.15,11.09937521345838,-5.505531888103007,36.93371155269937
8.16,10.774592231701059,-5.407030626214189,38.9219894807887
8.17,10.429059641502569,-5.311711388512464,40.88004429184757
8.18,10.06259254917551,-5.2197939951590175,42.785102893104884
8.19,9.676343514440015,-5.131465091283418,44.61078914462036
8.2,9.271711102388624,-5.046906747128825,46.33052534326998
8.21,8.850093878113801,-4.9663010329383885,47.917733785930004
8.22,8.41277564934736,-4.889843315521008,49.34498944264206
8.23,7.9608199091682454,-4.817762238307255,50.58395456940983
8.24,7.496590244514911,-4.750148394156041,51.61705057827883
8.25,7.022640561835583,-4.687071294690692,52.428193547718095
8.26,6.54152476757849,-4.628600451534532,53.00129955619669
8.27,6.055691583440924,-4.574869692354186,53.317337719076775
8.28,5.5674570324849935,-4.526046795260907,53.36475618027069
8.290000000000001,5.079454024940946,-4.482058446521444,53.152111269131474
8.3,4.594332740846751,-4.442819515603416,52.688741428545875
8.31,4.114743360240111,-4.408244871974415,51.983985101400556
8.32,3.6433789549212734,-4.378280245811538,51.04674337387483
8.33,3.1827562830393816,-4.352997204605385,49.88965441972662
8.34,2.7345334945264943,-4.332250349985449,48.537187323999774
8.35,2.3002750819798043,-4.315856537833709,47.01499364567237
8.36,1.881545537996507,-4.303632624032151,45.348724943722495
8.370000000000001,1.4802391788699343,-4.295464646728772,43.56440958345926
8.38,1.0976245845426975,-4.291245201085445,41.687397982585125
8.39,0.7340479699705753,-4.290760425727294,39.742010119057845
8.4,0.3898514072133299,-4.293795850931539,37.75256130762908
8.41,0.0654296396291173,-4.3001411900011055,35.743600593063874
8.42,-0.23854634504220995,-4.309634352524483,33.738797553674026
8.43,-0.5223331722195818,-4.322092287415981,31.753479390060477
8.44,-0.7864030855167277,-4.33732052713042,29.801558878873625
8.45,-1.0312283285473782,-4.355124604122624,27.896948796763873
8.46,-1.257258022219502,-4.375304731987125,26.053510858666296
8.47,-1.4650007210356648,-4.3976662833135665,24.280694935904773
8.48,-1.6551899174078124,-4.422056086490781,22.5829578775659
8.49,-1.828573435929528,-4.4483238261416655,20.96455305188971
8.5,-1.9858991011943945,-4.476319186889116,19.429733827116234
8.51,-2.128110009406736,-4.505855372962227,17.981063071932713
8.52,-2.2562028439883863,-4.536756718628379,16.61712646840993
8.53,-2.37085854155704,-4.568920696737778,15.336891505224097
8.540000000000001,-2.4727551663628904,-4.602245382895239,14.139339545932504
8.55,-2.562570782656081,-4.636628852705558,13.023451954093073
8.56,-2.6411521348743916,-4.671945385417108,11.986866404212181
8.57,-2.7098016407965355,-4.708009493853617,11.022256631109169
8.58,-2.76906148891069,-4.744748840296013,10.126609474725921
8.59,-2.8193862791470448,-4.782103743495821,9.297520888939944
8.6,-2.86123061143579,-4.820014522204572,8.532586827628744
8.61,-2.8950490857071145,-4.858421495173793,7.829403244669826
8.620000000000001,-2.9214220483189677,-4.897249112405942,7.184511325735527
8.63,-2.941515200978339,-4.936348683398624,6.589101045159997
8.64,-2.955743312507371,-4.975667433978403,6.039964678597867
8.65,-2.9643795371761237,-5.015170545661451,5.535031283627278
8.66,-2.9676970292546567,-5.054823199963937,5.072229917826377
8.67,-2.965968943013029,-5.094590578402032,4.649489638773304
8.68,-2.959487747760621,-5.13443552076283,4.2645763531086915
8.69,-2.9489882565013836,-5.174267146096257,3.9114490852357235
8.700000000000001,-2.934862275249335,-5.214035924137623,3.586783338531801
8.71,-2.9172789548743077,-5.253719283389084,3.2891079227004107
8.72,-2.896407446246127,-5.293294652352814,3.0169516474448663
8.73,-2.872416900234621,-5.332739459530982,2.76884332246854
8.74,-2.845494698316186,-5.37202892519263,2.543158875883014
8.75,-2.816069233760247,-5.411108890513335,2.336248360263402
8.76,-2.7843460538230964,-5.449951774258067,2.146319989693895
8.77,-2.7504322106167294,-5.488541873274044,1.9724066162808347
8.78,-2.714434756253139,-5.5268634844084845,1.8135410921305644
8.790000000000001,-2.676460742844313,-5.564900904508613,1.6687562693494011
8.8,-2.636666176782154,-5.602632342758665,1.536683671984132
8.81,-2.5952843864846904,-5.640026135220636,1.4153395714264017
8.82,-2.5523940052417635,-5.67706958222086,1.3040281431457568
8.83,-2.508063568507466,-5.713751231394231,1.2021369518659037
8.84,-2.462361611735891,-5.750059630375643,1.109053562310549
8.85,-2.4153598997761727,-5.7859829090665675,1.024139649862157
8.86,-2.3672010154021796,-5.821499945995376,0.9461993852041439
8.870000000000001,-2.3179665096003434,-5.8565972823031105,0.8745523458088815
8.88,-2.267700987611483,-5.891266203191959,0.8088182356214193
8.89,-2.216449054676388,-5.92549799386413,0.7486167585867676
8.9,-2.164255316035861,-5.959283939521824,0.6935676186499505
8.91,-2.1111854943492014,-5.992612401470904,0.6431282399189833
8.92,-2.057320279180596,-6.025469545017841,0.596658941716497
8.93,-2.0026909587061263,-6.057848270910673,0.5539148244061642
8.94,-1.9473273445345916,-6.089741682758114,0.5146625645025847
8.950000000000001,-1.8912592482747796,-6.121142884168878,0.4786688385203518
8.96,-1.8345183270825351,-6.152044699860567,0.445686479001291
8.97,-1.7771612395548264,-6.182436143438605,0.4152873032330856
8.98,-1.7192196470769239,-6.212309931162073,0.3872454380672237
8.99,-1.6607142630606684,-6.241660424064727,0.3614190401223554
9.0,-1.6016658009179021,-6.2704819831803205,0.33766626601713023
9.01,-1.5420949740604664,-6.29876896954261,0.31584527237019844
9.02,-1.4820281240530258,-6.326514772689418,0.29577399017157485
9.03,-1.4215009295415912,-6.353711150926986,0.2772114176010098
9.040000000000001,-1.3605299057856766,-6.380353149072366,0.26006204908718233
9.05,-1.299130205287355,-6.406436046455392,0.2442404057696595
9.06,-1.2373169805486675,-6.4319551224059115,0.22966100878799922
9.07,-1.1751053840716654,-6.456905656253768,0.21623837928176254
9.08,-1.1125162730342306,-6.481281739406327,0.20384812097594437
9.09,-1.0495716995975257,-6.505077224670197,0.19236447021991726
9.1,-0.9862835597936943,-6.528288086810321,0.18173564058783587
9.11,-0.9226636379473612,-6.550910323894108,0.17191063480609042
9.120000000000001,-0.8587237183831402,-6.5729399339889705,0.16283845560106947
9.13,-0.7944755854256786,-6.59437291516231,0.15446810569916639
9.14,-0.7299342357488436,-6.615204392104106,0.1467274472788121
9.15,-0.6651159674721803,-6.635429171131597,0.13954017056269205
9.16,-0.6000306683584701,-6.655043828143971,0.1328754628728236
9.17,-0.5346881119431923,-6.67404497034317,0.12670329379525297
9.18,-0.46909807176182644,-6.692429204931131,0.12099363291602644
9.19,-0.4032703213498518,-6.710193139109799,0.11571644982119025
9.200000000000001,-0.3372153162387377,-6.727333110112745,0.11083728176825905
9.21,-0.27094656171473996,-6.743844283785422,0.10630372738411331
9.22,-0.2044734165922496,-6.7597235236285895,0.10209328670036782
9.23,-0.137804482239509,-6.774967997061794,0.09818859673528012
9.24,-0.07094836002476057,-6.78957487150458,0.09457229450710769
9.25,-0.0039136513162469355,-6.803541314376492,0.09122701703410807
9.26,0.06329104251778955,-6.816864493097075,0.08813540133453877
9.27,0.13065627636401245,-6.829541027534939,0.08527471957006133
9.28,0.1981715103064861,-6.841566891148319,0.082616971167606
9.290000000000001,0.26582866581690706,-6.852939718516663,0.08015148736252375
9.3,0.33361979695329785,-6.8636572319213425,0.07786848616451533
9.31,0.40153695777371745,-6.873717153643734,0.07575818558328015
9.32,0.4695722023362125,-6.8831172059652115,0.0738108036285181
9.33,0.5377175846988298,-6.891855111167151,0.07201655830992904
9.34,0.6059650155032001,-6.899928411462585,0.07036471152664595
9.35,0.674305276134046,-6.9073332816434,0.06883770728075643
9.36,0.7427303979960811,-6.9140675622578875,0.06742767941947188
9.370000000000001,0.811232781641642,-6.920129567006386,0.06612935892401867
9.38,0.8798048276230293,-6.925517609589229,0.06493747677562384
9.39,0.9484389364925792,-6.930230003706753,0.06384676395551374
9.4,1.0171275088026164,-6.934265063059293,0.06285195144491496
9.41,1.0858629451054655,-6.937621101347185,0.06194777022505407
9.42,1.1546376187531913,-6.9402963532583986,0.06112874976834161
9.43,1.22344328883657,-6.942287316433212,0.060385227318203796
9.44,1.2922722093757855,-6.94359204738013,0.05971212532888748
9.450000000000001,1.3611169477563918,-6.9442095312318735,0.059106826864479704
9.46,1.4299700713639072,-6.944138753121167,0.05856671498906783
9.47,1.4988241475838857,-6.943378698180734,0.0580891727667389
9.48,1.5676717438018695,-6.941928351543298,0.057671583261580055
9.49,1.6365054274034012,-6.939786698341584,0.057311329537678445
9.5,1.7053177657740228,-6.936952723708314,0.05700579465912122
9.51,1.7741013262992764,-6.933425412776213,0.056752361689995534
9.52,1.84284849377799,-6.92920232780368,0.05654693096778101
9.53,1.9115515700444714,-6.924280487353189,0.05638523488494833
9.540000000000001,1.9802031983122228,-6.918659646245198,0.05626615153609187
9.55,2.048796027373659,-6.912339603408982,0.056188607432927064
9.56,2.1173227060212327,-6.905320157773814,0.056151529087169284
9.57,2.185775883047383,-6.897601108268971,0.05615384301053393
9.58,2.25414820724455,-6.889182253823727,0.05619447571473639
9.59,2.3224323274051732,-6.880063393367355,0.056272353711492064
9.6,2.3906208923216927,-6.870244325829132,0.05638640351251635
9.61,2.458706550786548,-6.859724850138331,0.05653555162952464
9.620000000000001,2.5266819515921917,-6.848504765224225,0.05671872457423237
9.63,2.594539661241692,-6.8365827845500435,0.05693442732130504
9.64,2.662271989642218,-6.823954218262758,0.05718005101619634
9.65,2.729871622722359,-6.810619311386126,0.05745518444603621
9.66,2.797331294970314,-6.796578948110251,0.05775967999217456
9.67,2.8646437408742838,-6.781834012625236,0.05809339003596131
9.68,2.931801694922467,-6.766385389121183,0.058456166958746385
9.69,2.9987978916030635,-6.750233961788195,0.05884786314187968
9.700000000000001,3.0656250654042854,-6.7333806148163715,0.059268330966711205
9.71,3.132275950814308,-6.7158262323958215,0.05971742281459072
9.72,3.1987432823213435,-6.6975716987166445,0.06019499106686821
9.73,3.265019794413591,-6.678617897968943,0.060700888104893595
9.74,3.331098221579251,-6.65896571434282,0.061234966310016785
9.75,3.3969712983065223,-6.638616032028377,0.0617970780635877
9.76,3.4626317590836053,-6.617569735215718,0.06238707574695626
9.77,3.5280723383986996,-6.595827708094945,0.06300481174147238
9.78,3.5932852060285474,-6.5733866815687625,0.06364966881064914
9.790000000000001,3.658262045807432,-6.55023974435856,0.06432087894969757
9.8,3.722995784683381,-6.526389070324958,0.06501892184649453
9.81,3.787479387596764,-6.501837111884931,0.06574431199948262
9.82,3.8517058194879383,-6.476586321455454,0.06649756390710425
9.83,3.915668045297263,-6.450639151453507,0.06727919206780188
9.84,3.979359029965096,-6.423998054296068,0.06808971098001794
9.85,4.042771738431795,-6.396665482400114,0.06892963514219487
9.86,4.105899135637718,-6.368643888182622,0.06979947905277513
9.870000000000001,4.168734186523236,-6.339935724060567,0.0706997572102013
9.88,4.231269856028682,-6.310543442450935,0.07163098411291553
9.89,4.293499109094427,-6.280469495770698,0.0725936742593604
9.9,4.355414910660829,-6.249716336436836,0.07358834214797837
9.91,4.417010225668246,-6.218286416866325,0.07461550227721185
9.92,4.478278019057036,-6.186182189476145,0.07567566914550332
9.93,4.539211255767557,-6.1534061066832715,0.0767693572512952
9.94,4.599802900740167,-6.119960620904683,0.07789708109302994
9.950000000000001,4.660045918915236,-6.085848184557352,0.07905935516915019
9.96,4.7199332752331,-6.051071250058268,0.080256693978098
9.97,4.7794579346341255,-6.015632269824402,0.08148961201831598
9.98,4.838612862058675,-5.979533696272732,0.08275862378824658
9.99,4.897389821457949,-5.942772602388429,0.08406450007888809
10.0,4.955780333565398,-5.905344669183308,0.08540854294214321
10.01,5.013777763612477,-5.867253644507674,0.0867919697220493
10.02,5.071375489488162,-5.828503332216787,0.08821599615500617
10.03,5.128566889081426,-5.789097536165908,0.08968183797741357
10.040000000000001,5.1853453402812555,-5.749040060210289,0.09119071092567155
10.05,5.241704220976604,-5.708334708205206,0.09274383073617937
10.06,5.297636909056456,-5.6669852840059125,0.09434241314533706
10.07,5.353136782409787,-5.624995591467669,0.09598767388954439
10.08,5.408197218925571,-5.582369434445735,0.09768082870520117
10.09,5.462811596492784,-5.539110616795373,0.09942309332870714
10.1,5.5169732930004,-5.495222942371841,0.10121568349646211
10.11,5.570675686337394,-5.450710215030401,0.10305981494486584
10.120000000000001,5.623912154392748,-5.405576238626306,0.10495670341031846
10.13,5.67667607505542,-5.3598248170148315,0.10690756462921905
10.14,5.728960826214395,-5.313459754051231,0.10891361433796776
10.15,5.7807597857586455,-5.2664848535907645,0.11097606827296433
10.16,5.832066327284047,-5.218903908910736,0.11309614285918655
10.17,5.882871271463867,-5.1707144560593115,0.11527565092107357
10.18,5.933166144232215,-5.121915890399999,0.1175169803485302
10.19,5.9829447864180825,-5.072513338995043,0.11982230580864017
10.200000000000001,6.0322010388504745,-5.022511928906683,0.12219380196848759
10.21,6.080928742358367,-4.971916787197181,0.12463364349515532
10.22,6.129121737770761,-4.920733040928774,0.12714400505572748
10.23,6.176773865916653,-4.8689658171637085,0.12972706131728778
10.24,6.223878967625035,-4.8166202429642295,0.1323849869469199
10.25,6.270430883724901,-4.7637014453925834,0.13511995661170756
10.26,6.316423455045245,-4.710214551511016,0.13793414497873444
10.27,6.361850522415062,-4.656164688381772,0.14082972671508423
10.28,6.406705926663344,-4.601556983067099,0.14380887648784066
10.290000000000001,6.450983508619094,-4.546396562629233,0.146873768964088
10.3,6.494677109111289,-4.490688554130437,0.1500265788109088
10.31,6.537780568968931,-4.43443808463295,0.15326948069538734
10.32,6.580287729021015,-4.377650281199014,0.15660464928460732
10.33,6.6221924300965345,-4.32033027089088,0.1600342592456524
10.34,6.66348834820613,-4.262482868769282,0.16356052162682905
10.35,6.7041655262648465,-4.2041061120599705,0.167186808199584
10.36,6.744216538379429,-4.145203081281414,0.17091683860320514
10.370000000000001,6.783635654265223,-4.085780104179951,0.17475409301766204
10.38,6.822417143637556,-4.025843508501946,0.17870205162292224
10.39,6.860555276211774,-3.9653996219937384,0.1827641945989553
10.4,6.8980443217032175,-3.9044547724016723,0.1869440021257301
10.41,6.934878549827227,-3.8430152874720953,0.1912449543832155
10.42,6.971052230299142,-3.781087494951354,0.19567053155138045
10.43,7.0065596328343025,-3.7186777225857943,0.2002242138101938
10.44,7.041395027148049,-3.655792298121763,0.20490948133962444
10.450000000000001,7.075552682955727,-3.592437549305596,0.20972981431964216
10.46,7.109026869972665,-3.528619803883662,0.2146886929302141
10.47,7.141811857914208,-3.4643453896022955,0.21978959735130998
10.48,7.173901916495698,-3.399620634207844,0.22503600776289873
10.49,7.205291315432474,-3.334451865446654,0.23043140434494924
10.5,7.2359743244398755,-3.2688454110650715,0.23597926727743035
10.51,7.26594378198098,-3.2028053608856806,0.24168335030882404
10.52,7.295189736826118,-3.136331697877494,0.24754852824127913
10.53,7.323706528631572,-3.069431390803307,0.25357949278153463
10.540000000000001,7.351488813042867,-3.0021119115908657,0.25978089615866545
10.55,7.37853124570551,-2.9343807321679547,0.2661573906017431
10.56,7.4048284822650245,-2.8662453244623203,0.27271362833984225
10.57,7.430375178366931,-2.797713160401723,0.2794542616020368
10.58,7.455165989656747,-2.728791711913921,0.2863839426174003
10.59,7.47919557177999,-2.6594884509266743,0.2935073236150065
10.6,7.502458580382181,-2.5898108493677423,0.30082905682392913
10.61,7.524949671108836,-2.5197663791648846,0.3083537944732419
10.620000000000001,7.54666349960548,-2.449362512245847,0.31608618879202
10.63,7.567594721517622,-2.3786067205384147,0.3240308920093342
10.64,7.587737992490784,-2.3075064759703343,0.3321925563542597
10.65,7.607087968170488,-2.2360692504693653,0.34057583405587016
10.66,7.625639304202248,-2.164302515963267,0.34918537734323934
10.67,7.643385169071522,-2.09221178598778,0.35802624981179787
10.68,7.660315098443272,-2.019797993610195,0.3671043919744286
10.69,7.676423785386177,-1.9470691055426492,0.3764241655311602
10.700000000000001,7.691706416993058,-1.8740337490571752,0.38598978924262284
10.71,7.706158180356725,-1.800700551425845,0.39580548186944187
10.72,7.7197742625700005,-1.7270781399206914,0.4058754621722476
10.73,7.732549850725701,-1.6531751418137601,0.4162039489116686
10.74,7.744480131916643,-1.5790001843770969,0.4267951608483336
10.75,7.755560293235646,-1.504561894882748,0.4376533167428711
10.76,7.765785521775526,-1.4298689006027585,0.44878263535590984
10.77,7.775151004629102,-1.354929828809175,0.46018733544807844
10.78,7.783651928889189,-1.2797533067740425,0.47187163578000546
10.790000000000001,7.791283481648608,-1.2043479617693942,0.4838397551123218
10.8,7.798040850000174,-1.128722421067302,0.49609591220565175
10.81,7.803919221036703,-1.0528853119397987,0.5086443258206261
10.82,7.8089137818510155,-0.9768452616589303,0.5214892147178734
10.83,7.81301966377242,-0.9006108482090607,0.5346348512297763
10.84,7.816224739330018,-0.8241842141590184,0.548091544603625
10.85,7.8185201112751415,-0.7475702918323288,0.5618633755109386
10.86,7.8199024525674945,-0.6707789233809229,0.5759484271275097
10.870000000000001,7.820368436166779,-0.5938199509567184,0.5903447826291331
10.88,7.8199147350326985,-0.5167032167116734,0.6050505251915962
10.89,7.818538022124955,-0.43943856279770604,0.6200637379906936
10.9,7.816234970403254,-0.3620358313667472,0.6353825042022179
10.91,7.813002252827296,-0.2845048645707281,0.6510049070019612
10.92,7.808836542356786,-0.20685550456157986,0.6669290295657162
10.93,7.803734511951425,-0.12909759349123373,0.6831529550692749
10.94,7.797692834570917,-0.05124097351162116,0.6996747666884298
10.950000000000001,7.790708183174963,0.02670451322534073,0.7164925475989762
10.96,7.78277723072327,0.10472902456769306,0.7336043809767004
10.97,7.773896650175539,0.1828227183635185,0.751008349997398
10.98,7.7640631144914725,0.260975752460886,0.768702537836861
10.99,7.753273296630774,0.33917828470786415,0.786685027670882
11.0,7.741523869553148,0.4174204729525217,0.8049539026752532
11.01,7.728811506218294,0.49569247504292746,0.823507246025767
11.02,7.715132739183575,0.5739845187776745,0.8423432217618516
11.03,7.700474506468521,0.6522918538188692,0.861462827510688
11.040000000000001,7.684829963802645,0.7306073855299934,0.8808550878519
11.05,7.668199197205039,0.8089207108650063,0.900503427998877
11.06,7.650582292694785,0.887221426777909,0.9203912731650188
11.07,7.631979336290967,0.9654991302226892,0.9405020485637217
11.08,7.61239041401267,1.0437434181533336,0.9608191794083822
11.09,7.59181561187898,1.12194388752383,0.9813260909123969
11.1,7.570255015908981,1.200090135288165,1.0020062082891619
11.11,7.547708712121759,1.2781717584003265,1.0228429567520738
11.120000000000001,7.524176786536393,1.3561783538143155,1.0438197615145326
11.13,7.499659325171978,1.434099518484091,1.0649200477899274
11.14,7.474156414047593,1.511924849363655,1.0861272407916582
11.15,7.447668139182325,1.589643943406994,1.1074247657331215
11.16,7.420194586595258,1.6672463975680958,1.1287960478277137
11.17,7.391735842305477,1.7447218088009473,1.150224512288831
11.18,7.362290148809965,1.8220600624349437,1.1716940285176232
11.19,7.331844392980089,1.8992531751491384,1.1931866287655304
11.200000000000001,7.300400497449863,1.976291445286877,1.214672560252182
11.21,7.267963998988666,2.0531646630507745,1.236120462514578
11.22,7.234540434365857,2.1298626186434872,1.2574989750897296
11.23,7.200135340350803,2.2063751022676574,1.2787767375146442
11.24,7.16475425371287,2.2826919041259273,1.299922389326329
11.25,7.128402711221424,2.358802814420939,1.3209045700617918
11.26,7.091086249645831,2.4346976233553352,1.3416919192580399
11.27,7.052810405755458,2.5103661211317583,1.3622530764520806
11.28,7.0135807163196695,2.5857980979528503,1.3825566811809213
11.290000000000001,6.973402718107826,2.660983344021267,1.4025713729815732
11.3,6.932281947889306,2.735911649539624,1.4222657913910366
11.31,6.890223942433471,2.8105728047105774,1.4416085759463222
11.32,6.847232484638638,2.8849564520205355,1.4605677886657016
11.33,6.803296913881663,2.9590511892490747,1.4791052793554043
11.34,6.758423979782492,3.0328474178282887,1.4971857710821563
11.35,6.7126256874206405,3.1063360171655106,1.5147754177987487
11.36,6.665914041875625,3.1795078666680734,1.5318403734579726
11.370000000000001,6.61830104822695,3.2523538457433236,1.5483467920126224
11.38,6.569798711554151,3.3248648337985696,1.5642608274154828
11.39,6.520419036936735,3.3970317102411567,1.5795486336193483
11.4,6.470174029454218,3.468845354478419,1.5941763645770097
11.41,6.419075694186114,3.5402966459176897,1.6081101742412585
11.42,6.3671360362119405,3.611376463966303,1.6213162165648858
11.43,6.314367060611213,3.6820756880315915,1.6337606455006823
11.44,6.260780772463447,3.752385197520889,1.6454096150014397
11.450000000000001,6.206389176848149,3.8222958718415416,1.6562292790199504
11.46,6.151203036252325,3.891798160471961,1.6661841561441972
11.47,6.0952192028819425,3.9608778184838864,1.6752245208399505
11.48,6.038448847859115,4.0295258088617905,1.6833281929548185
11.49,5.980908652276294,4.097735031173742,1.690481278761296
11.5,5.922615297225925,4.165498384987809,1.6966698845318784
11.51,5.863585463800461,4.232808769872059,1.701880116539061
11.52,5.803835833092348,4.299659085394561,1.7060980810553386
11.53,5.7433830861940365,4.366042231123382,1.7093098843532066
11.540000000000001,5.682243904197964,4.431951106626603,1.7115016327051606
11.55,5.620434968196602,4.497378611472268,1.7126594323836948
11.56,5.557972959282388,4.5623176452284575,1.712769389661305
11.57,5.494874558547772,4.626761107463238,1.7118176108104861
11.58,5.431156447085202,4.69070189774468,1.7097902021037337
11.59,5.366835305987128,4.75413291564085,1.7066732698135425
11.6,5.301927816345999,4.817047060719816,1.702452920212408
11.61,5.236445452879876,4.879430306168065,1.6971033541740668
11.620000000000001,5.170399124625252,4.941270008234973,1.6906216589085987
11.63,5.103805019102285,5.002561650057147,1.6830294980688087
11.64,5.036679324512633,5.063300715748097,1.6743485376604885
11.65,4.969038229057969,5.123482689421321,1.6646004436894306
11.66,4.900897920939965,5.183103055190319,1.6538068821614276
11.67,4.832274588360292,5.242157297168587,1.641989519082272
11.68,4.763184419520622,5.3006408994696255,1.6291700204577568
11.69,4.693643602622625,5.358549346206932,1.6153700522936745
11.700000000000001,4.623668325867962,5.415878121494015,1.600611280595815
11.71,4.553274777458329,5.472622709444353,1.5849153713699764
11.72,4.482479145595385,5.528778594171456,1.5683039906219485
11.73,4.411297618480801,5.584341259788819,1.550798804357524
11.74,4.33974638431625,5.639306190409943,1.5324214785824957
11.75,4.267841631303403,5.693668870148327,1.5131936793026561
11.76,4.195599547120143,5.747424777266971,1.4931370847283054
11.77,4.123034840904508,5.800563021528439,1.4722908489331785
11.78,4.050158960607161,5.853074483988468,1.4507062079778092
11.790000000000001,3.9769830997574704,5.904956183172532,1.4284253035508225
11.8,3.903518451884847,5.9562051376060765,1.4054902773408555
11.81,3.8297762105186592,6.006818365814575,1.3819432710365336
11.82,3.7557675691882917,6.056792886323491,1.3578264263264856
11.83,3.6815037214231263,6.10612571765829,1.333181884899341
11.84,3.606995860752547,6.154813878344434,1.3080517884437288
11.85,3.532255180705936,6.202854386907391,1.2824782786482782
11.86,3.457292874812677,6.250244261872622,1.2565034972016182
11.870000000000001,3.3821201366021407,6.296980521765599,1.2301695857923733
11.88,3.306748159603735,6.3430601851117725,1.203518686109182
11.89,3.2311881465475962,6.388480213428445,1.1765931169550854
11.9,3.155451055275908,6.4332331683214194,1.1494487104628508
11.91,3.079544483763678,6.477313787552996,1.1221340450212367
11.92,3.003474959714607,6.520719825117026,1.0946882325441905
11.93,2.9272490108323987,6.563449035007356,1.06715038494566
11.94,2.850873164820756,6.605499171217838,1.039559614139593
11.950000000000001,2.774353949383367,6.646867987742327,1.0119550320399329
11.96,2.697697892223962,6.687553238574658,0.9843757505606365
11.97,2.6209115210462297,6.727552677708687,0.9568608816156473
11.98,2.544001363553873,6.766864059138262,0.9294495371189129
11.99,2.466973947450594,6.805485136857234,0.902180828984381
12.0,2.3898358004400957,6.843413664859452,0.8750938691259996
12.01,2.31259345022608,6.880647397138764,0.8482277694577164
12.02,2.235253136354209,6.917183991828846,0.8216210196101507
12.030000000000001,2.1578137499366417,6.953018907513938,0.795293994116807
12.040000000000001,2.080276660456047,6.9881490507611135,0.7692667040707332
12.05,2.002646021889435,7.022572348003855,0.7435643160922643
12.06,1.9249259882138272,7.056286725675641,0.7182119968017403
12.07,1.8471207134062464,7.089290110209947,0.6932349128195013
12.08,1.7692343514437152,7.121580428040249,0.6686582307658873
12.09,1.6912710563032562,7.153155605600025,0.644507117261238
12.1,1.613234981961892,7.184013569322753,0.6208067389258936
12.11,1.5351302823966455,7.214152245641906,0.5975822623801937
12.120000000000001,1.456961111584525,7.243569560990969,0.5748588542444748
12.13,1.3787316235025808,7.272263441803408,0.5526616811390845
12.14,1.3004459702679965,7.300231814464054,0.5310159018385365
12.15,1.2220959063969434,7.327472291569526,0.5098921637154442
12.16,1.143673873850782,7.3539825447209815,0.48925538539104885
12.17,1.0651841650919613,7.3797605655123695,0.46911837351402197
12.18,0.9866310725829317,7.4048043455376416,0.4494939347330353
12.19,0.9080188887861425,7.429111876390747,0.4303948756967604
12.200000000000001,0.8293519061640294,7.452681149665642,0.41183400305386564
12.21,0.7506344171790701,7.475510156956267,0.3938241234530292
12.22,0.6718707142936999,7.497596889856579,0.3763780435429195
12.23,0.5930650899703688,7.518939339960527,0.3595085699722079
12.24,0.5142218366715262,7.539535498862061,0.3432285093895664
12.25,0.43534524685962217,7.559383358155133,0.3275506684436662
12.26,0.356439612997106,7.578480909433693,0.3124878537831793
12.27,0.27750577980764113,7.596826156547118,0.29803384814647327
12.280000000000001,0.1985207413329929,7.614417275932224,0.2840459744941818
12.290000000000001,0.11948434514028089,7.631252518922011,0.27049902110723284
12.3,0.0404026351029364,7.647330128834324,0.2574011912849998
12.31,-0.038718344905595226,7.662648348987003,0.24476068832685846
12.32,-0.11787255101186883,7.6772054226978925,0.23258571553218482
12.33,-0.19705393934243898,7.690999593284833,0.22088447620035473
12.34,-0.27625646602386034,7.704029104065668,0.2096651736307441
12.35,-0.3554740871826876,7.716292198358239,0.19893601112272882
12.36,-0.4347007589454758,7.727787119480388,0.18870519197568478
12.370000000000001,-0.5139304374387932,7.73851211074996,0.1789809194889862
12.38,-0.5931570787891667,7.748465415484793,0.16977139696201238
12.39,-0.6723746391231649,7.757645277002729,0.16108482769413757
12.4,-0.7515770745673426,7.766049938621614,0.15292941498473753
12.41,-0.8307728826834433,7.773677459738508,0.1452168422679642
12.42,-0.9099792687132195,7.780526133423275,0.1377944569898396
12.43,-0.9891893035479846,7.786594805435797,0.13066509469653773
12.44,-1.0683957003890745,7.79188232786019,0.12383393089518632
12.450000000000001,-1.147591172437839,7.79638755278057,0.1173061410929121
12.46,-1.2267684328955857,7.8001093322810515,0.11108690079684513
12.47,-1.3059201949636643,7.8030465184457505,0.10518138551411205
12.48,-1.385039171843411,7.8051979633587845,0.09959477075184066
12.49,-1.4641180767361617,7.8065625191042685,0.09433223201715873
12.5,-1.5431496228432515,7.8071390377663175,0.08939894481719411
12.51,-1.622126523366017,7.806926371429048,0.08480008465907456
12.52,-1.7010414915057932,7.805923372176577,0.08054082704992788
12.530000000000001,-1.7798872404639305,7.8041288920930185,0.07662634749688121
12.540000000000001,-1.8586679839898104,7.8015408291367425,0.07297487207549645
12.55,-1.9373909473993196,7.798157306467362,0.06947792969818534
12.56,-2.0160483422980002,7.793977980019263,0.06613818501758631
12.57,-2.0946323206233433,7.789002511247286,0.06295874908924887
12.58,-2.1731350343128377,7.783230561606271,0.05994273296872253
12.59,-2.2515486353039744,7.776661792551058,0.05709324771155677
12.6,-2.329865275534243,7.769295865536486,0.054413404373301104
12.61,-2.4080771069411337,7.761132442017395,0.05190631400950503
12.620000000000001,-2.4861762814621504,7.752171183448624,0.049575087675717645
12.63,-2.5641549510347557,7.742411751285016,0.04742283642748927
12.64,-2.642005267596453,7.731853806981408,0.04545267132036899
12.65,-2.7197193830847333,7.7204970119926415,0.0436677034099063
12.66,-2.7972942122989544,7.708339862541348,0.04203086476575808
12.67,-2.8747310010422593,7.695380258313357,0.040467151096729076
12.68,-2.9520219828206224,7.681618675066814,0.03897646211409397
12.69,-3.0291591606681956,7.667055649476861,0.03756062805678185
12.700000000000001,-3.1061345376191425,7.651691718218638,0.03622147916372161
12.71,-3.182940116707587,7.635527417967289,0.03496084567384281
12.72,-3.2595679009676934,7.618563285397955,0.03378055782607432
12.73,-3.3360098934336135,7.600799857185777,0.03268244585934525
12.74,-3.4122580971394973,7.582237670005894,0.031668340012584686
12.75,-3.4883045151194962,7.562877260533451,0.030740070524721747
12.76,-3.564141150407761,7.542719165443586,0.029899467634685525
12.77,-3.6397604414619136,7.5217636324373895,0.029144183310316554
12.780000000000001,-3.715159224102462,7.5000082847377625,0.02842965635851665
12.790000000000001,-3.7903308863250276,7.477453624077522,0.027744377158432712
12.8,-3.8652674870739663,7.454101098215136,0.027089585891599405
12.81,-3.9399610852936187,7.429952154909077,0.026466522739551513
12.82,-4.0144037399283246,7.405008241917818,0.025876427883823827
12.83,-4.088587509922426,7.3792708069998305,0.02532054150595114
12.84,-4.162504454220262,7.352741297913588,0.02480010378746824
12.85,-4.236146631766174,7.3254211624175625,0.02431635490990992
12.86,-4.309506101504503,7.297311848270227,0.023870535054810967
12.870000000000001,-4.382574922379603,7.268414803230048,0.0234638844037061
12.88,-4.455345153336929,7.238731475053264,0.023097643123570936
12.89,-4.527810152008255,7.208260985864343,0.022756878068780538
12.9,-4.599963418988226,7.177003087020099,0.022426391525077
12.91,-4.671797234854242,7.144960155992689,0.02210693513534431
12.92,-4.7433038801836975,7.112134570254275,0.021799260542466458
12.93,-4.814475635553994,7.078528707277015,0.021504119389327444
12.94,-4.885304781542529,7.044144944533069,0.021222263318811253
12.950000000000001,-4.955783598726711,7.008985659494588,0.020954443973801837
12.96,-5.025904367683916,6.973053229633746,0.02070141299718328
12.97,-5.095659368991553,6.936350032422694,0.020463922031839527
12.98,-5.16504088322702,6.898878445333593,0.02024272272065457
12.99,-5.234041190967716,6.860640845838602,0.0200385667065124
13.0,-5.302652592183181,6.8216386194063166,0.019849445628169458
13.01,-5.370867599766405,6.781870382910645,0.01966436029770993
13.02,-5.438678849497194,6.741339026454633,0.019482526626144876
13.030000000000001,-5.50607897783767,6.700047936474939,0.019304457227499124
13.040000000000001,-5.57306062124992,6.658000499408242,0.019130664715797607
13.05,-5.639616416196065,6.615200101691201,0.018961661705065153
13.06,-5.705738999138217,6.57165012976048,0.018797960809326626
13.07,-5.771421006538485,6.527353970052743,0.01864007464260689
13.08,-5.836655074858981,6.482315009004656,0.01848851581893081
13.09,-5.901433840561814,6.436536633052884,0.018343796952323247
13.1,-5.965749940109094,6.390022228634092,0.018206430656809068
13.11,-6.029596009962933,6.342775182184945,0.018076929546413135
13.120000000000001,-6.092964674459053,6.29479883149478,0.017955747890825612
13.13,-6.155847644067204,6.2460926248445645,0.017838360755737102
13.14,-6.218237353367731,6.196658206834132,0.017721879979666705
13.15,-6.280126971504535,6.146500030404352,0.01760659059912978
13.16,-6.341509667621513,6.095622548496098,0.017492777650641684
13.17,-6.402378610862565,6.044030214050238,0.017380726170717772
13.18,-6.462726970371586,5.991727480007645,0.017270721195873404
13.19,-6.522547915292477,5.938718799309191,0.01716304776262393
13.200000000000001,-6.581834614769146,5.885008624895735,0.017057990907484694
13.21,-6.64058023794547,5.830601409708168,0.01695583566697109
13.22,-6.698777953965358,5.775501606687353,0.01685686707759845
13.23,-6.756420931972709,5.71971366877416,0.016761370175882136
13.24,-6.81350234111142,5.663242048909461,0.016669629998337505
13.25,-6.87001535052539,5.606091200034125,0.016581931581479907
13.26,-6.925952434826446,5.548264051497511,0.016497791585785168
13.27,-6.981304162824892,5.4897591318354,0.016414212926434
13.280000000000001,-7.036064135550378,5.430581335338507,0.016331026360878617
13.290000000000001,-7.090226303355819,5.370736308222708,0.016248422618997737
13.3,-7.143784616594161,5.310229696703842,0.01616659243067003
13.31,-7.196733025618339,5.249067146997762,0.016085726525774193
13.32,-7.2490654807812875,5.187254305320319,0.016006015634188908
13.33,-7.3007759324359425,5.124796817887367,0.01592765048579287
13.34,-7.351858330935238,5.061700330914755,0.01585082181046476
13.35,-7.40230662663211,4.997970490618339,0.015775720338083273
13.36,-7.452114769879494,4.9336129432139675,0.015702536798527095
13.370000000000001,-7.501276711030333,4.868633334917483,0.015631461921674906
13.38,-7.5497864004375455,4.80303731194476,0.015562686437405415
13.39,-7.597637788454074,4.736830520511638,0.015496401075597304
13.4,-7.644824825432856,4.67001860683397,0.015432796566129258
13.41,-7.691341461726824,4.602607217127609,0.015372063638879968
13.42,-7.737180030809657,4.534599486179987,0.015313723555023523
13.43,-7.7823301850581466,4.465994151746181,0.015255920637344137
13.44,-7.826786628286401,4.39679755049114,0.01519860709905299
13.450000000000001,-7.870544402424953,4.327016536543449,0.015141866296743545
13.46,-7.913598549404313,4.256657964031733,0.0150857815870093
13.47,-7.9559441111550155,4.185728687084577,0.015030436326443719
13.48,-7.997576129607587,4.11423555983058,0.01497591387164028
13.49,-8.038489646692554,4.04218543639834,0.014922297579192455
13.5,-8.078679704340441,3.969585170916454,0.014869670805693723
13.51,-8.118141344481774,3.8964416175135224,0.014818116907737558
13.52,-8.156869609047082,3.822761630318143,0.014767719241917436
13.530000000000001,-8.194859539966895,3.748552063458901,0.014718561164826822
13.540000000000001,-8.232106179171726,3.6738197710644207,0.014670726033059212
13.55,-8.268604568592108,3.598571607263288,0.01462429720320807
13.56,-8.30434975015857,3.522814426184101,0.014579358031866873
13.57,-8.339336765801633,3.4465550819554576,0.014535991875629095
13.58,-8.373560657451828,3.3698004287059566,0.014494282091088214
13.59,-8.407016467039677,3.292557320564197,0.014454312034837703
13.6,-8.439692717469997,3.214825580170761,0.014415420423495173
13.61,-8.471579012980552,3.1366059046604544,0.014376928157949855
13.620000000000001,-8.502672026002276,3.0579064689811037,0.014338892798004783
13.63,-8.532968428966386,2.9787354480808936,0.014301371903495242
13.64,-8.562464894304112,2.899101016907967,0.014264423034256499
13.65,-8.591158094446676,2.819011350410481,0.014228103750123821
13.66,-8.619044701825306,2.7384746235365913,0.014192471610932483
13.67,-8.646121388871226,2.6574990112344556,0.014157584176517754
13.68,-8.672384828015659,2.576092688452231,0.014123499006714908
13.69,-8.697831691689833,2.494263830138073,0.014090273661359213
13.700000000000001,-8.722458652324976,2.4120206112401243,0.014057965700285936
13.71,-8.746262382352302,2.329371206706571,0.014026632683330358
13.72,-8.769239554203043,2.2463237914855556,0.013996332170327747
13.73,-8.791386840308425,2.1628865405252338,0.013967121721113373
13.74,-8.812700913099668,2.0790676287737635,0.013939058895522508
13.75,-8.833178445008002,1.9948752311793003,0.013912201253390422
13.76,-8.85281610846465,1.9103175226900018,0.013886606354552387
13.77,-8.871610575900835,1.8254026782540245,0.013862331758843674
13.780000000000001,-8.889558519747789,1.7401388728195097,0.01383943502609955
13.790000000000001,-8.906656612436727,1.654534281334645,0.013817973716155296
13.8,-8.92290152639888,1.5685970787475718,0.013798005388846178
13.81,-8.93828993406547,1.4823354400064466,0.013779587604007465
13.82,-8.952816590615036,1.3957558824416618,0.013762716271054071
13.83,-8.966468709689105,1.3088581339540768,0.013747073256521887
13.84,-8.979243080950598,1.2216498086939136,0.013732543901905068
13.85,-8.991138024467254,1.1341398190045215,0.013719056124882995
13.86,-9.002151860306807,1.0463370772292506,0.01370653784313506
13.870000000000001,-9.012282908536994,0.9582504957114345,0.013694916974340643
13.88,-9.021529489225546,0.8698889867944545,0.013684121436179137
13.89,-9.0298899224402,0.7812614628216444,0.013674079146329926
13.9,-9.037362528248691,0.6923768361363541,0.013664718022472397
13.91,-9.043945626718754,0.603244019081933,0.013655965982285936
13.92,-9.049637537918125,0.5138719240017313,0.01364775094344993
13.93,-9.054436581914539,0.424269463239098,0.013640000823643764
13.94,-9.058341078775728,0.3344455491373832,0.013632643540546824
13.950000000000001,-9.06134934856943,0.2444090940399204,0.013625607011838499
13.96,-9.063459711363379,0.15416901029009167,0.013618819155198175
13.97,-9.064670487225309,0.06373421023122972,0.013612207888305238
13.98,-9.064979996222956,-0.02688639379331481,0.013605701128839076
13.99,-9.064386558424056,-0.11768388944019259,0.013599226794479072
14.0,-9.062888493896342,-0.20864936436605386,0.013592712802904616
14.01,-9.060478390850234,-0.29977692813448603,0.013586250507845178
14.02,-9.057147606827433,-0.39106158210244113,0.013580104312380862
14.030000000000001,-9.05289610509087,-0.48249394587361677,0.01357438141362576
14.040000000000001,-9.047723904464746,-0.5740646102737651,0.01356918771668929
14.05,-9.041631023773267,-0.665764166128687,0.013564629126680857
14.06,-9.034617481840636,-0.7575832042641668,0.013560811548709875
14.07,-9.026683297491054,-0.8495123155059889,0.01355784088788575
14.08,-9.017828489548728,-0.9415420906799383,0.013555823049317897
14.09,-9.008053076837859,-1.033663120611799,0.013554863938115723
14.1,-8.99735707818265,-1.1258659961273563,0.01355506945938864
14.11,-8.985740512407306,-1.2181413080523933,0.013556545518246057
14.120000000000001,-8.973203398336027,-1.3104796472127125,0.013559398019797386
14.13,-8.959745754793023,-1.4028716044340648,0.013563732869152037
14.14,-8.945367600602491,-1.4953077705422508,0.013569655971419419
14.15,-8.93006895458864,-1.5877787363630558,0.013577273231708943
14.16,-8.913849835575668,-1.680275092722264,0.013586690555130019
14.17,-8.896710262387781,-1.7727874304456601,0.01359801384679206
14.18,-8.878650253849184,-1.865306340359028,0.01361134901180447
14.19,-8.859669162561245,-1.9578226228510287,0.013626780108101273
14.200000000000001,-8.839756395225189,-2.0503303131849764,0.013643982100551927
14.21,-8.81890969245098,-2.142821069654388,0.013662712576015082
14.22,-8.797130907710832,-2.235285288929567,0.013682838964977182
14.23,-8.774421894476962,-2.3277133676807993,0.013704228697924672
14.24,-8.750784506221587,-2.4200957025783705,0.01372674920534399
14.25,-8.726220596416923,-2.5124226902925666,0.01375026791772158
14.26,-8.70073201853519,-2.6046847274936744,0.01377465226554388
14.27,-8.674320626048601,-2.6968722108519794,0.013799769679297337
14.280000000000001,-8.646988272429374,-2.7889755370377847,0.013825487589468393
14.290000000000001,-8.618736811149732,-2.880985102721343,0.013851673426543485
14.3,-8.589568095681889,-2.972891304572957,0.013878194621009057
14.31,-8.55948397949806,-3.0646845392629123,0.01390491860335155
14.32,-8.528486316070465,-3.156355203461496,0.013931712804057406
14.33,-8.496576958871321,-3.2478936938389937,0.013958444653613069
14.34,-8.463757761372843,-3.339290407065692,0.013984981582504979
14.35,-8.430030577047251,-3.430535739811876,0.014011191021219576
14.36,-8.39539725936676,-3.5216200887478326,0.014036940400243305
14.370000000000001,-8.359859661803583,-3.6125338505438633,0.014062097150062612
14.38,-8.32341926651677,-3.7032674704633526,0.01408654703016625
14.39,-8.286067405160027,-3.7938128191802845,0.014110777347707682
14.4,-8.24780243218973,-3.8841611062497834,0.014135195889250642
14.41,-8.208627972123267,-3.974302892438793,0.014159992651632283
14.42,-8.168547649478027,-4.064228738514256,0.014185357631689759
14.43,-8.127565088771401,-4.153929205243114,0.014211480826260224
14.44,-8.085683914520779,-4.243394853392311,0.014238552232180832
14.450000000000001,-8.04290775124354,-4.332616243728805,0.014266761846288745
14.46,-7.99924022345709,-4.421583937019507,0.014296299665421104
14.47,-7.95468495567881,-4.510288494031377,0.014327355686415069
14.48,-7.909245572426091,-4.598720475531355,0.014360119906107796
14.49,-7.86292569821632,-4.686870442286386,0.014394782321336438
14.5,-7.815728957566888,-4.774728955063413,0.014431532928938149
14.51,-7.767658974995183,-4.862286574629377,0.014470561725750085
14.52,-7.718719375018596,-4.949533861751221,0.014512058708609398
14.530000000000001,-7.668913782154506,-5.036461377195906,0.014556213874353251
14.540000000000001,-7.61824582092032,-5.12305968173034,0.014603217219818785
14.55,-7.56671911583342,-5.209319336121483,0.014653258741843159
14.56,-7.514337291411194,-5.295230901136279,0.014706528437263527
14.57,-7.461102564080302,-5.3807848765023145,0.014762980154587046
14.58,-7.40700856529719,-5.4659715295623945,0.014820958109623902
14.59,-7.352058269103151,-5.550781773154034,0.014880081052180487
14.6,-7.29625689253452,-5.635206637798377,0.014940319044450534
14.61,-7.23960965262763,-5.719237154016568,0.01500164214862777
14.620000000000001,-7.182121766418808,-5.802864352329768,0.01506402042690594
14.63,-7.123798450944409,-5.886079263259088,0.01512742394147875
14.64,-7.064644923240756,-5.96887291732569,0.015191822754539942
14.65,-7.004666400344185,-6.051236345050718,0.015257186928283246
14.66,-6.943868099291031,-6.133160576955315,0.01532348652490239
14.67,-6.8822552371176275,-6.214636643560626,0.015390691606591107
14.68,-6.819833030860312,-6.295655575387796,0.015458772235543126
14.69,-6.756606697555416,-6.3762084029579675,0.015527698473952176
14.700000000000001,-6.6925814542392645,-6.4562861567923004,0.015597440384012002
14.71,-6.6277625179482165,-6.535879867411911,0.015667968027916306
14.72,-6.562155105718593,-6.614980565337956,0.015739251467858834
14.73,-6.4957644345867305,-6.693579281091582,0.015811260766033314
14.74,-6.428594831614248,-6.771666833151297,0.01588398409595889
14.75,-6.360643222483812,-6.8492323920687,0.015957628313999658
14.76,-6.291913874237439,-6.926267099344265,0.016032381587710996
14.77,-6.22241335507682,-7.002762667215462,0.016108398495857764
14.780000000000001,-6.152148233203636,-7.078710807919769,0.016185833617204833
14.790000000000001,-6.081125076819605,-7.1541032336946255,0.01626484153051703
14.8,-6.009350454126407,-7.228931656777512,0.016345576814559237
14.81,-5.936830933325735,-7.303187789405894,0.016428194048096298
14.82,-5.863573082619282,-7.37686334381724,0.016512847809893077
14.83,-5.789583470208739,-7.4499500322490135,0.016599692678714435
14.84,-5.714868664295801,-7.522439566938684,0.016688883233325222
14.85,-5.6394352330821595,-7.594323660123716,0.016780574052490296
14.86,-5.5632897447695075,-7.665594024041577,0.016874919714974523
14.870000000000001,-5.486438767559524,-7.736242370929745,0.01697207479954277
14.88,-5.408888869653929,-7.8062604130256625,0.01707219388495986
14.89,-5.330646619254401,-7.875639862566808,0.017175431549990676
14.9,-5.251716885511163,-7.944371649989106,0.01728157586758067
14.91,-5.172099117030967,-8.012444343545043,0.017389147382648698
14.92,-5.091800167857199,-8.079850096538213,0.017498131978457142
14.93,-5.010827853710124,-8.146581514361268,0.01760871585193433
14.94,-4.929189990310006,-8.212631202406865,0.017721085200008594
14.950000000000001,-4.846894393377094,-8.277991766067666,0.017835426219608288
14.96,-4.763948878631683,-8.342655810736302,0.017951925107661703
14.97,-4.6803612617940225,-8.40661594180544,0.018070768061097187
14.98,-4.5961393585843755,-8.46986476466773,0.018192141276843075
14.99,-4.511290984723009,-8.53239488471583,0.0183162309518277
15.0,-4.425823955930186,-8.594198907342388,0.018443223282979388
15.01,-4.339746087926171,-8.655269437940062,0.01857330446722647
15.02,-4.253065196431228,-8.715599081901503,0.018706660701497287
15.030000000000001,-4.165789097165607,-8.775180444619375,0.018843478182720187
15.040000000000001,-4.077925605849604,-8.834006131486312,0.01898394310782345
15.05,-3.9894825382034655,-8.892068747894976,0.019128241673735443
15.06,-3.900464814976064,-8.949358848487577,0.019275834417762337
15.07,-3.8108740829195007,-9.00586485110018,0.019425257441307714
15.08,-3.7207190219384034,-9.06158032211244,0.01957671515996135
15.09,-3.6300086014365154,-9.116499036271295,0.01973048268398841
15.1,-3.5387517908175785,-9.170614768323688,0.01988683512365406
15.11,-3.446957559485336,-9.22392129301656,0.020046047589223463
15.120000000000001,-3.3546348768435137,-9.27641238509686,0.020208395190961806
15.13,-3.261792712295887,-9.32808181931151,0.020374153039134202
15.14,-3.168440035246183,-9.378923370407463,0.02054359624400584
15.15,-3.074585815098143,-9.428930813131657,0.020716999915841885
15.16,-2.9802390212555103,-9.478097922231035,0.020894639164907497
15.17,-2.8854086231220277,-9.526418472452535,0.021076789101467843
15.18,-2.790103590101438,-9.5738862385431,0.021263724835788086
15.19,-2.694332891597483,-9.62049499524967,0.021455721478133388
15.200000000000001,-2.5981054970138895,-9.666238517319195,0.02165305413876895
15.21,-2.501430375754433,-9.7111105794986,0.021855997927959864
15.22,-2.404316491003623,-9.755104950090539,0.022064825688189404
15.23,-2.3067680945896725,-9.79821059274828,0.02227804842103827
15.24,-2.2087907187285825,-9.840418084897282,0.022494480853856615
15.25,-2.11039427146208,-9.881722604756082,0.0227144954615994
15.26,-2.011588660831891,-9.922119330543216,0.022938464719221573
15.27,-1.9123837948797433,-9.961603440477223,0.02316676110167809
15.280000000000001,-1.8127895816473458,-10.000170112776644,0.023399757083923948
15.290000000000001,-1.712815929176461,-10.037814525660004,0.023637825140914018
15.3,-1.6124727455087973,-10.074531857345846,0.023881337747603294
15.31,-1.5117699386860823,-10.110317286052705,0.024130667378946733
15.32,-1.4107174167500427,-10.145165989999121,0.024386186509899283
15.33,-1.3093250877424054,-10.17907314740363,0.024648267615415907
15.34,-1.207602859704897,-10.212033936484767,0.02491728317045155
15.35,-1.1055606406792449,-10.24404353546107,0.02519360564996117
15.36,-1.0032083387071753,-10.275097122551077,0.025477607528899725
15.370000000000001,-0.9005558618303975,-10.30518987597333,0.025769661282222214
15.38,-0.797613118090674,-10.334316973946352,0.026070139384883492
15.39,-0.6943896817473973,-10.362473080818773,0.026379250305399823
15.4,-0.5908907156581977,-10.389646212506651,0.026694977046720778
15.41,-0.48712511069461845,-10.415830441426696,0.02701700610451454
15.42,-0.3831034551144401,-10.441022492762508,0.027345841983901456
15.43,-0.27883633717544354,-10.465219091697682,0.027681989190001876
15.44,-0.17433434513540935,-10.488416963415819,0.028025952227936145
15.450000000000001,-0.06960806725209967,-10.510612833100518,0.02837823560282468
15.46,0.03533190821666754,-10.531803425935372,0.028739343819787704
15.47,0.14047499301313027,-10.55198546710398,0.029109781383945623
15.48,0.24581059887950718,-10.571155681789943,0.029490052800418786
15.49,0.3513281375580184,-10.589310795176855,0.029880662574327543
15.5,0.4570170207908828,-10.606447532448318,0.03028211521079224
15.51,0.5628666603203196,-10.622562618787926,0.030694915214933227
15.52,0.6688664678885485,-10.63765277937928,0.031119567091870852
15.530000000000001,0.7750058552378067,-10.651714739405978,0.03155657534672554
15.540000000000001,0.8812742341102768,-10.664745224051616,0.032006444484617494
15.55,0.987661045018277,-10.676740888229316,0.032469661046567073
15.56,1.094158243456892,-10.68769235503936,0.032945134767409345
15.57,1.2007565924455676,-10.697593515125455,0.03343249935437527
15.58,1.3074450874780086,-10.706442646289009,0.03393248809632446
15.59,1.414212724047919,-10.714238026331435,0.03444583428211654
15.6,1.5210484976490033,-10.720977933054142,0.03497327120061112
15.610000000000001,1.6279414037749849,-10.726660644258539,0.03551553214066791
15.620000000000001,1.7348804379195306,-10.731284437746037,0.03607335039114635
15.63,1.8418545955763634,-10.734847591318047,0.036647459240906136
15.64,1.948852872239188,-10.737348382775979,0.03723859197880689
15.65,2.0558642634017086,-10.738785089921244,0.03784748189370823
15.66,2.1628777645576296,-10.739155990555249,0.038474862274469765
15.67,2.269882371200656,-10.738459362479407,0.039121466409951115
15.68,2.3768670788244908,-10.736693483495126,0.0397880275890119
15.69,2.4838208829228403,-10.73385663140382,0.040475279100511734
15.700000000000001,2.5907328752296963,-10.72994662139205,0.04118387864657817
15.71,2.69759362547369,-10.724954270791908,0.04191340679694866
15.72,2.804392481333587,-10.718876518218297,0.04266459769346943
15.73,2.911118173704905,-10.711713299836576,0.04343869558697977
15.74,3.0177594334831617,-10.70346455181211,0.04423694472831896
15.75,3.124304991563874,-10.694130210310252,0.0450605893683263
15.76,3.2307435788425596,-10.683710211496367,0.04591087375784107
15.77,3.337063926214736,-10.672204491535814,0.046789042147702554
15.780000000000001,3.44325476457594,-10.659612986593949,0.04769633878875021
15.790000000000001,3.5493048248216508,-10.645935632836139,0.04863400793182301
15.8,3.655202837847405,-10.63117236642774,0.04960329382776039
15.81,3.76093753454872,-10.615323123534116,0.05060544072740164
15.82,3.8664976458211138,-10.598387840320623,0.05164169288158604
15.83,3.9718719025601033,-10.580366452952623,0.0527132945411529
15.84,4.077049035661206,-10.561258897595474,0.05382148995694149
15.85,4.182017807970032,-10.54106469507626,0.05496750183841279
15.860000000000001,4.286767432027826,-10.519777461925111,0.05615252844847519
15.870000000000001,4.391286702750548,-10.497396110506129,0.057378684643766165
15.88,4.495564223373908,-10.473922027689447,0.05864829684979873
15.89,4.599588597133595,-10.44935660034521,0.059963691492085656
15.9,4.703348427265299,-10.423701215343554,0.06132719499613974
15.91,4.80683231700471,-10.39695725955462,0.06274113378747377
15.92,4.910028869587517,-10.369126119848548,0.06420783429160053
15.93,5.0129266882494115,-10.340209183095478,0.06572962293403281
15.94,5.115514376226082,-10.310207836165548,0.0673088261402834
15.950000000000001,5.217780536753238,-10.279123465928896,0.06894777033586538
15.96,5.319713773066531,-10.246957459255668,0.07064878194629096
15.97,5.421302688401671,-10.213711203016002,0.0724141873970732
15.98,5.522535755141585,-10.179383187562944,0.0742464290843668
15.99,5.6234012786383865,-10.143971213375984,0.07614921953170925
16.0,5.723887692642717,-10.107477960882097,0.07812691775819262
16.01,5.823983432591528,-10.069906158168555,0.08018388514368992
16.02,5.923676933921702,-10.031258533322653,0.0823244830680726
16.03,6.022956632070244,-9.991537814431641,0.08455307291121478
16.04,6.121810962474019,-9.950746729582823,0.0868740160529875
16.05,6.2202283605700295,-9.908888006863448,0.089291673873265
16.06,6.318197261795142,-9.865964374360821,0.09181040775191819
16.07,6.415706101586361,-9.821978560162188,0.09443457906882143
16.080000000000002,6.512743315380584,-9.77693329235484,0.09716854920384645
16.09,6.609297182391277,-9.730829101328972,0.10001635224936493
16.1,6.7053556002840855,-9.68366466707889,0.10298375753444541
16.11,6.800906623611393,-9.635443940380368,0.10607907094811235
16.12,6.895938315923782,-9.586171050298477,0.10931065449330866
16.13,6.990438740771701,-9.535850125898362,0.11268687017297283
16.14,7.0843959617057335,-9.484485296245097,0.11621607999004797
16.15,7.1777980422763275,-9.432080690403824,0.11990664594747234
16.16,7.270633046034066,-9.378640437439618,0.12376693004818928
16.17,7.36288903652943,-9.324168666417604,0.1278052942951383
16.18,7.454554077312903,-9.26866950640291,0.13203010069125853
16.19,7.545616231935066,-9.212147086460606,0.1364497112394938
16.2,7.636063545731473,-9.154604003465979,0.1410717672196222
16.21,7.725883623588326,-9.09604024072601,0.1459059937288194
16.22,7.815063683767672,-9.03646092163779,0.15096815729227958
16.23,7.903590933858505,-8.97587153813537,0.1562743196295295
16.240000000000002,7.991452581449725,-8.914277582152872,0.16184054246009064
16.25,8.078635834130234,-8.851684545624416,0.167682887503484
16.26,8.165127899489026,-8.788097920484054,0.17381741647923693
16.27,8.25091598511497,-8.72352319866593,0.18026019110686825
16.28,8.335987298597061,-8.657965872104096,0.1870272731059057
16.29,8.42032904752417,-8.591431432732698,0.1941347241958676
16.3,8.503928693829842,-8.523924101588285,0.20159672184445343
16.31,8.58677352974531,-8.455445725341896,0.20942916449708252
16.32,8.668849179176666,-8.386002802641427,0.21766084025505722
16.330000000000002,8.750141163320741,-8.315602206890047,0.22632131804412287
16.34,8.830635003374367,-8.244250811490929,0.2354401667900242
16.35,8.910316220534463,-8.171955489847166,0.2450469554185157
16.36,8.989170335997835,-8.098723115361958,0.2551712528553386
16.37,9.067182870961403,-8.024560561438397,0.2658426280262481
16.38,9.144339346621969,-7.949474701479684,0.2770906498569847
16.39,9.220625882609744,-7.873471445192072,0.288941483315974
16.4,9.296029298056485,-7.79655416498812,0.30141959046979083
16.41,9.370532477479154,-7.718730719951788,0.3145747975099159
16.42,9.44411792748399,-7.640009483015753,0.32845923303728597
16.43,9.516768154677242,-7.560398827112689,0.34312502565283653
16.44,9.58846566566523,-7.479907125175189,0.35862430395751915
16.45,9.659192967054173,-7.398542750135958,0.3750091965522636
16.46,9.728932565450393,-7.316314074927584,0.3923318320380226
16.47,9.797667203555802,-7.233229288927575,0.41064303633882954
16.48,9.86538326394354,-7.149293181953593,0.4299756990863057
16.490000000000002,9.932060786760225,-7.064514061856424,0.45040302964945256
16.5,9.997677211361651,-6.978902053375743,0.47201336050506737
16.51,10.062209977103688,-6.892467281251132,0.49489502412997066
16.52,10.12563652334211,-6.805219870222295,0.5191363530009514
16.53,10.187934289432777,-6.717169945028814,0.5448256795948319
16.54,10.24908071473147,-6.628327630410394,0.572051336388399
16.55,10.309054572900255,-6.538702379857032,0.6008944342039048
16.56,10.367839939957461,-6.448300302814285,0.6314115222774938
16.57,10.425408374846159,-6.357132665856099,0.6637338643031352
16.580000000000002,10.481729166953228,-6.265211783748901,0.6980055794135143
16.59,10.536771605665551,-6.172549971259123,0.7343707867413128
16.6,10.590504980370067,-6.079159543153095,0.7729736054192524
16.61,10.642898580453638,-5.985052814197281,0.8139581545800009
16.62,10.69392174627582,-5.890242080966476,0.8574682719666982
16.63,10.743554122489085,-5.794735655830803,0.9035932101025574
16.64,10.791764062860631,-5.698544805644553,0.9524926089278853
16.65,10.838508223249306,-5.601684737646968,1.004392442731046
16.66,10.883743259514027,-5.504170659077151,1.0595186858004757
16.67,10.92742582751366,-5.406017777174312,1.1180973124245557
16.68,10.969512583107077,-5.307241299177657,1.1803542968916623
16.69,11.00996018215319,-5.20785643232629,1.2465156134902389
16.7,11.048739043990395,-5.107874146563751,1.316733080405089
16.71,11.085810168392232,-5.007307142391108,1.391215827563819
16.72,11.121111380661524,-4.906174589810769,1.4703015775594535
16.73,11.154580469770178,-4.804495669400313,1.554328252152792
16.740000000000002,11.186155224690065,-4.702289561737422,1.64363377310455
16.75,11.215773434393059,-4.5995754473997845,1.7385560621754363
16.76,11.243372889679755,-4.496372506486624,1.8394330314474159
16.77,11.268914787293193,-4.39269355280004,1.9464774829498783
16.78,11.292341512763608,-4.288555361498797,2.0599969520000743
16.79,11.313563975026979,-4.183982705471441,2.1804643847415592
16.8,11.332493083019319,-4.079000357606367,2.308352727318056
16.81,11.349039745676617,-3.973633090792122,2.4441349258731093
16.82,11.363114871934883,-3.867905677917099,2.588283926550452
16.830000000000002,11.374629766283151,-3.7618427908071608,2.7412707518049944
16.84,11.38353515435557,-3.6554588058615356,2.9033636683864623
16.85,11.389743532064651,-3.548777131638632,3.0749805307514566
16.86,11.39313032069917,-3.4418304993768323,3.256712097983283
16.87,11.393570941547916,-3.334651640314368,3.449149129165498
16.88,11.39094081589967,-3.227273285689621,3.652882383381391
16.89,11.385115365043218,-3.119728166740823,3.868502619714535
16.9,11.375970207375527,-3.012048959632461,4.096599845909822
16.91,11.363434560320387,-2.9042534150209587,4.337526039604076
16.92,11.347398776117243,-2.796370322611762,4.591661463368686
16.93,11.327698775938071,-2.688443720456075,4.859567327891014
16.94,11.304170480954822,-2.5805176466049846,5.14180484385871
16.95,11.276649812339478,-2.4726361391097313,5.438935221959033
16.96,11.24497269126399,-2.3648432360214033,5.751519672879653
16.97,11.208975038900345,-2.2571829753912414,6.080119407307809
16.98,11.168512654743827,-2.149691160573171,6.425274786089505
16.990000000000002,11.123498634493282,-2.0423832195911946,6.787224428499906
17.0,11.073760288533226,-1.9353145186060858,7.1659804023741005
17.01,11.019114702453775,-1.8285448844929584,7.561549315106839
17.02,10.959378961845125,-1.7221341441270788,7.9739377740923185
17.03,10.894370152297386,-1.6161421243835619,8.403152386725314
17.04,10.823905359400756,-1.5106286521376733,8.849199760399996
17.05,10.747801668745343,-1.405653554264529,9.312086502511166
17.06,10.66587616592135,-1.3012766576393933,9.791819220452973
17.07,10.57795879290296,-1.197540733654691,10.288340438436556
17.080000000000002,10.483931450062586,-1.0944883980158537,10.80067352607723
17.09,10.38368795929225,-0.9921913578097294,11.327351362599813
17.1,10.277122115092771,-0.8907215322884767,11.866905275957397
17.11,10.164127711965122,-0.7901508407043997,12.417866594102302
17.12,10.044598544410121,-0.6905512023096579,12.978766644987628
17.13,9.918428406928745,-0.5919945363565535,13.548136756565688
17.14,9.78550465698397,-0.49455161446252016,14.124512937779922
17.150000000000002,9.645691719332948,-0.3982791473632097,14.706005727354167
17.16,9.499031009648334,-0.30324411059698714,15.28965300133367
17.17,9.34560431369162,-0.20951815567415566,15.872351483721175
17.18,9.185493417224512,-0.1171729341051524,16.450997898518594
17.19,9.018780106008494,-0.026280097400282476,17.02248896972867
17.2,8.845546165805283,0.06308870293001878,17.58372142135332
17.21,8.66579045926275,0.15085772660905789,18.131445578131654
17.22,8.479595416203443,0.23695721420140567,18.661992874887737
17.23,8.287291138668014,0.3213310017409735,19.17171083262409
17.240000000000002,8.089211168294383,0.40392310680228294,19.65694940901747
17.25,7.885689046720483,0.48467754695985826,20.11405856174467
17.26,7.677058315584023,0.5635383397883091,20.53938824848297
17.27,7.463632013738265,0.6404453840969048,20.9291755737028
17.28,7.245592030305151,0.7153096114497295,21.27909293831033
17.29,7.023407775961671,0.788094533882587,21.586705962046874
17.3,6.797620482889927,0.858777543646643,21.85000844889646
17.31,6.5687713832723436,0.9273360329929616,22.066994202842707
17.32,6.337401709291017,0.9937473941727055,22.23565702786958
17.330000000000002,6.104052693128288,1.0579890194369643,22.353990727960795
17.34,5.869247611558496,1.120009249768512,22.419320224149985
17.35,5.633468942231329,1.1797154137697001,22.429189733030185
17.36,5.397250502662422,1.2371255921702444,22.38498207325758
17.37,5.161130325748426,1.2922656472182967,22.288303963802687
17.38,4.925646444386326,1.345161441161929,22.140762123636144
17.39,4.691336891472774,1.3958388362492897,21.943963271728403
17.400000000000002,4.4587396999046724,1.4443236947284712,21.69951412705007
17.41,4.22839290257892,1.4906418788475682,21.40902140857181
17.42,4.000860622496909,1.5347947785605647,21.074025382609637
17.43,3.776665513948906,1.576731602678592,20.696811086873144
17.44,3.556111745474091,1.6164974756784565,20.280985121454517
17.45,3.339489253700484,1.6541463024426148,19.830222399040508
17.46,3.1270879752557947,1.6897319878535793,19.348197832317258
17.47,2.9191978467680375,1.7233084367938094,18.838586333971563
17.48,2.7161088048649282,1.754929554145814,18.305062816689528
17.490000000000002,2.518196625181892,1.784627124739998,17.751475240438
17.5,2.3258065369728684,1.8124103749229314,17.181632671925513
17.51,2.13898719582002,1.8383383986169113,16.59876609909905
17.52,1.9577786933982348,1.8624720453713577,16.006089581889906
17.53,1.7822211213821404,1.8848721647357272,15.406817180228558
17.54,1.6123545714466165,1.905599606259442,14.804162954046316
17.55,1.4482191352662988,1.9247152194919561,14.201340963273644
17.56,1.2899225336653815,1.9422701809597995,13.601753310994818
17.57,1.137499851101654,1.958307852011558,13.007916440696354
17.580000000000002,0.9908443945680762,1.9728809183090215,12.42154118212638
17.59,0.8498490371589416,1.986042106873947,11.844336381128088
17.6,0.7144066519683948,1.9978441447281057,11.278010883544052
17.61,0.584410112090777,2.0083397588932503,10.724273535217659
17.62,0.4597522906202405,2.0175816763911496,10.184833181991504
17.63,0.3403080430670682,2.0256278013098474,9.661102789773212
17.64,0.2259229995476635,2.0325289367093684,9.153705247725629
17.650000000000002,0.1164475882335394,2.038326279002666,8.663177584137701
17.66,0.01173224214143942,2.043061021572843,8.19005687409399
17.67,-0.08837260571200323,2.046774357803006,7.734880192678559
17.68,-0.18402020487466308,2.049508239231574,7.298163287068002
17.69,-0.2754482554917276,2.0513196888401413,6.879767029795051
17.7,-0.3628397360242017,2.0522485781219406,6.479447767789839
17.71,-0.44633877745921813,2.0523258986714468,6.0971236716171315
17.72,-0.5260895107837881,2.0515826420831322,5.732712911842247
17.73,-0.6022360669850386,2.050049799951469,5.3861336590299755
17.740000000000002,-0.6749531142978167,2.047763454532725,5.057109088339752
17.75,-0.7445176609443932,2.044774889654377,4.744531352390064
17.76,-0.81106221506716,2.041108721348802,4.447968984202525
17.77,-0.8746993218451442,2.036786089377638,4.1671038192155425
17.78,-0.9355415264574655,2.031828133502519,3.9016176928671116
17.79,-0.9937013740831553,2.026255993485085,3.6511924405956186
17.8,-1.0492935991568701,2.0200911372552866,3.4154952796217586
17.81,-1.1025922465275815,2.0133784264614363,3.1930733361123362
17.82,-1.1537786328425883,2.0061472961595235,2.982916243550796
17.830000000000002,-1.2029211177666703,1.9984099546781864,2.7847337957367664
17.84,-1.2500880609646097,1.9901786103460648,2.5982357864698598
17.85,-1.2953478221012389,1.9814654714917896,2.4231320095494926
17.86,-1.3387687608413243,1.9722827464440036,2.2591322587753364
17.87,-1.380419236849696,1.9626426435313362,2.105946327946824
17.88,-1.4203770981589523,1.952558674027624,1.9632151546559984
17.89,-1.4589079150839652,1.9420698620795624,1.8291807317079796
17.900000000000002,-1.4961343212266318,1.931194948548397,1.7030317581317431
17.91,-1.5320924023513331,1.9199406948894797,1.5845719203574615
17.92,-1.5668182442224885,1.90831386255815,1.4736049048151827
17.93,-1.6003479326044667,1.8963212130097642,1.369934397935118
17.94,-1.6327175532616853,1.883969507699661,1.2733640861473254
17.95,-1.6639631919585145,1.8712655080831972,1.1836976558820058
17.96,-1.6941209344593702,1.8582159756157115,1.1007387935692274
17.97,-1.7232827928733312,1.8448348853463516,1.023864157304938
17.98,-1.7516313038961504,1.8311477208369793,0.9517299248970816
17.990000000000002,-1.779194662176151,1.8171598876635218,0.8841410199467237
18.0,-1.8059917977400006,1.8028755917220902,0.8209722871567695
18.01,-1.8320416406143964,1.7882990389087798,0.7620985712300576
18.02,-1.8573631208259975,1.7734344351197069,0.7073947168695134
18.03,-1.8819751684014994,1.7582859862509663,0.6567355687779814
18.04,-1.9058967133675622,1.7428578981986746,0.6099959716583813
18.05,-1.9291511793193932,1.7271549275984306,0.5670155618303733
18.06,-1.9518440413661715,1.7111918691437715,0.5269848483094173
18.07,-1.974020726117064,1.694976113702532,0.48954981030050976
18.080000000000002,-1.9956912966049312,1.6785107117381697,0.45463140737399854
18.09,-2.016865815862635,1.6617987137141412,0.422150599100228
18.1,-2.0375543469230597,1.6448431700938864,0.39202834504950834
18.11,-2.05776695281906,1.6276471313408685,0.36418560479219414
18.12,-2.077513696583519,1.610213647918527,0.3385433378985988
18.13,-2.0968062497372015,1.5925459562030098,0.3150095937825663
18.14,-2.115697986614839,1.5746521194623229,0.29315537260959507
18.150000000000002,-2.134214717287884,1.5565370328098396,0.27276680271614817
18.16,-2.1523616084271686,1.5382032081181027,0.2537947502219193
18.17,-2.1701438267035478,1.5196531572596355,0.23619008124658192
18.18,-2.187566538787848,1.5008893921069868,0.21990366190983587
18.19,-2.2046349113509227,1.48191442453268,0.20488635833135652
18.2,-2.2213541110636,1.4627307664092644,0.19108903663084167
18.21,-2.237735243351859,1.4433415639205998,0.17841374625251746
18.22,-2.2538073166748256,1.4237519008303947,0.1666137419266293
18.23,-2.2695755486079663,1.403964352792693,0.15563572062961228
18.240000000000002,-2.285042282363439,1.3839811901103711,0.1454499001919954
18.25,-2.3002098611534025,1.3638046830863055,0.1360264984443066
18.26,-2.3150806281900307,1.343437102023351,0.1273357332170639
18.27,-2.329656926685477,1.3228807172243922,0.11934782234079817
18.28,-2.3439416711020606,1.3021378524185512,0.1120281803934247
18.29,-2.357949340043989,1.2812119310571797,0.10524462283179797
18.3,-2.3716859337183163,1.2601056287378074,0.09893535121437208
18.31,-2.3851521620171146,1.238821132824507,0.09308291869684741
18.32,-2.3983487348324766,1.2173606306813205,0.08766987843491579
18.330000000000002,-2.4112763620564794,1.1957263096723132,0.08267878358427527
18.34,-2.423935753581201,1.1739203571615504,0.07809218730062337
18.35,-2.4363276194847954,1.1519449605265164,0.07389264112389721
18.36,-2.448457748303218,1.1298026864860555,0.07001855878702032
18.37,-2.460331194838639,1.1074960978876305,0.06641458046839975
18.38,-2.471947753644508,1.0850273896744302,0.06307099018212602
18.39,-2.483307219274289,1.0623987567896116,0.05997807194228474
18.400000000000002,-2.494409386281436,1.0396123941763555,0.057126109762965116
18.41,-2.5052540492194013,1.0166704967778433,0.05450538765825602
18.42,-2.515841002641651,0.993575259537231,0.05210618964224356
18.43,-2.5261712761161763,0.970328925438026,0.049907507192195985
18.44,-2.5362487739763546,0.9469338856440405,0.04786226057355413
18.45,-2.546073204624937,0.9233924106264177,0.045961987193868785
18.46,-2.5556438940027264,0.8997067576669754,0.04420173152252406
18.47,-2.5649601680505123,0.8758791840475648,0.042576538028906666
18.48,-2.5740213527090967,0.8519119470500036,0.04108145118240089
18.490000000000002,-2.582826773919272,0.8278073039561347,0.039711515452392786
18.5,-2.5913757576218313,0.8035675120478012,0.038461775308268234
18.51,-2.5996690014279613,0.7791947900236222,0.03731344824644112
18.52,-2.60770783065802,0.7546913948896921,0.036242064375726066
18.53,-2.6154914180977733,0.7300596824790615,0.03524529006490629
18.54,-2.6230189132206427,0.7053020094868775,0.03432102904020004
18.55,-2.630289465500063,0.680420732608252,0.03346718502782424
18.56,-2.637302224409456,0.6554182085383322,0.032681661753997046
18.57,-2.6440563394222556,0.6302967939722299,0.03196236294493547
18.580000000000002,-2.6505509600118873,0.6050588456050835,0.031307192326857365
18.59,-2.6567853057845454,0.5797067040554515,0.030713126829993803
18.6,-2.6627598797875804,0.5542424537180808,0.030160768265117877
18.61,-2.6684743814433936,0.5286684539903295,0.02964273757275422
18.62,-2.6739280001493317,0.5029871937408952,0.029158589172037144
18.63,-2.6791199253027353,0.47720116183851147,0.028707877482101646
18.64,-2.6840493463009527,0.4513128471518757,0.028290156922082078
18.650000000000002,-2.688715452541325,0.42532473854971253,0.027904981911113274
18.66,-2.6931174334211954,0.39923932490074693,0.02755190686833002
18.67,-2.697254478337911,0.37305909507367585,0.02723048621286673
18.68,-2.7011257766888126,0.34678653793723346,0.026940274363858298
18.69,-2.704730517871247,0.3204241423601166,0.026680825740439187
18.7,-2.7080680158025165,0.29397408025683286,0.026444870984125127
18.71,-2.7111378340498042,0.2674383612142446,0.026220019939744075
18.72,-2.7139394295052703,0.24081962996119577,0.026006306949639985
18.73,-2.716472255555915,0.21412054382989248,0.025804025046011855
18.740000000000002,-2.7187357655887348,0.18734376015256915,0.02561346726105892
18.75,-2.720729412990726,0.16049193626146024,0.025434926626980384
18.76,-2.7224526511488882,0.1335677294887716,0.025268696175975287
18.77,-2.723904933450218,0.10657379716674739,0.025115068940242888
18.78,-2.7250857132817132,0.07951279662759339,0.024974337951982232
18.79,-2.725994444030371,0.05238738520355379,0.024846796243392574
18.8,-2.72663057908319,0.025200220226834324,0.024732736846672973
18.81,-2.7269935718271663,-0.002046040970320795,0.024632452794022663
18.82,-2.7270828756492986,-0.029348741055706007,0.024546237117640726
18.830000000000002,-2.7268979439365846,-0.056705222697086555,0.024474382849726348
18.84,-2.726437923059121,-0.08411313614321173,0.024413744659170795
18.85,-2.725701777217818,-0.11157046265486154,0.02435663070076654
18.86,-2.724689337453083,-0.13907444862266627,0.024302802983484202
18.87,-2.723400465988092,-0.16662231171824116,0.024252330193628192
18.88,-2.7218350250460213,-0.1942112696131623,0.024205281017502987
18.89,-2.7199928768500463,-0.22183853997904507,0.024161724141413002
18.900000000000002,-2.7178738836233434,-0.24950134048747521,0.024121728251662696
18.91,-2.7154779075890896,-0.2771968888100388,0.024085362034556527
18.92,-2.712804810970459,-0.30492240261835113,0.024052694176398916
18.93,-2.7098544559906306,-0.33267509958398817,0.024023793363494323
18.94,-2.706626704872777,-0.3604521973785653,0.02399872828214718
18.95,-2.7031214198400777,-0.38825091367365855,0.023977567618661946
18.96,-2.699338463115706,-0.41606846614088333,0.023960380059343055
18.97,-2.69527769692284,-0.4439020724518156,0.023947234290494956
18.98,-2.6909379306530194,-0.47174928244850123,0.023937380194633987
18.990000000000002,-2.6863162680164208,-0.49960821742809886,0.02392851971615464
19.0,-2.681412955415402,-0.5274760418945386,0.02392056806001597
19.01,-2.6762284394441136,-0.5553498582198304,0.0239135892841955
19.02,-2.6707631666967124,-0.5832267687759447,0.02390764744667076
19.03,-2.665017583767347,-0.6111038759348916,0.02390280660541927
19.04,-2.658992137250176,-0.6389782820686413,0.023899130818418563
19.05,-2.6526872737393474,-0.6668470895492039,0.023896684143646166
19.06,-2.6461034398290186,-0.6947074007485498,0.0238955306390796
19.07,-2.639241082113339,-0.7225563180386889,0.0238957343626964
19.080000000000002,-2.6321006471864634,-0.7503909437916017,0.023897359372474083
19.09,-2.6246825816425483,-0.7782083803792683,0.02390046972639018
19.1,-2.616987332075741,-0.8060057301736989,0.023905129482422224
19.11,-2.6090153450802007,-0.8337800955468637,0.023911402698547732
19.12,-2.6007670672500747,-0.8615285788707726,0.023919353432744237
19.13,-2.592242945179522,-0.8892482825173964,0.023929045742989263
19.14,-2.5834434254626895,-0.9169363088587448,0.023940543687260337
19.150000000000002,-2.574368954693734,-0.9445897602667981,0.02395391132353499
19.16,-2.5650199794668116,-0.9722057391135368,0.023969212709790737
19.17,-2.555396946376069,-0.9997813477709706,0.02398651190400512
19.18,-2.5455003020156663,-1.02731368861107,0.02400587296415565
19.19,-2.535327640613123,-1.0548002771737797,0.02402687053383233
19.2,-2.5248752296263848,-1.0822389018171492,0.02404873731993127
19.21,-2.5141441852318334,-1.109626705769653,0.024071456892470974
19.22,-2.5031356884078186,-1.1369608232575124,0.024095023395469334
19.23,-2.491850920132675,-1.1642383885069874,0.024119430972944264
19.240000000000002,-2.4802910613847473,-1.1914565357443085,0.024144673768913653
19.25,-2.4684572931423827,-1.218612399195707,0.024170745927395397
19.26,-2.4563507963839144,-1.2457031130874423,0.02419764159240741
19.27,-2.443972752087693,-1.2727258116457358,0.024225354907967574
19.28,-2.431324341232052,-1.2996776290968477,0.02425388001809381
19.29,-2.4184067447953415,-1.326555699666999,0.024283211066803995
19.3,-2.405221143755895,-1.3533571575824492,0.024313342198116053
19.31,-2.3917687190920636,-1.38007913706942,0.02434426755604786
19.32,-2.3780506517821793,-1.406718772354171,0.024375981284617338
19.330000000000002,-2.3640681228045897,-1.433273197662933,0.024408477527842375
19.34,-2.349822313137641,-1.4597395472219374,0.024441750429740863
19.35,-2.335314403759665,-1.4861149552574435,0.02447579413433072
19.36,-2.320545575649015,-1.5123965559956731,0.024510602785629824
19.37,-2.3055170097840216,-1.538581483662885,0.024546170527656102
19.38,-2.2902298871430373,-1.5646668724853017,0.02458249150442743
19.39,-2.274685388704394,-1.5906498566891822,0.024619559859961726
19.400000000000002,-2.2588846954464383,-1.6165275705007573,0.02465736973827688
19.41,-2.242828988347518,-1.642297148146259,0.024695915283390782
19.42,-2.226519448385964,-1.6679557238519456,0.024735190639321357
19.43,-2.2099572565401298,-1.6935004318440399,0.024775189950086474
19.44,-2.1931404445750715,-1.7189280882009763,0.024815913349438008
19.45,-2.1760617757360095,-1.7442350756328873,0.02485738467293929
19.46,-2.158722783271516,-1.7694187642488404,0.024899625107304573
19.47,-2.141125544271,-1.7944765819690682,0.024942655201957396
19.48,-2.1232721358238456,-1.819405956713839,0.024986495506321347
19.490000000000002,-2.105164635019455,-1.8442043164033939,0.025031166569819987
19.5,-2.0868051189472316,-1.8688690889579749,0.02507668894187686
19.51,-2.068195664696558,-1.8933977022978494,0.02512308317191557
19.52,-2.049338349356845,-1.917787584343251,0.025170369809359647
19.53,-2.0302352500174745,-1.9420361630144467,0.02521856940363269
19.54,-2.0108884437678567,-1.96614086623167,0.025267702504158236
19.55,-1.9913000076973746,-1.9900991219151885,0.025317789660359878
19.56,-1.9714720188954382,-2.013908357985235,0.025368851421661155
19.57,-1.95140655445143,-2.037566002362077,0.025420908337485667
19.580000000000002,-1.931105691454753,-2.061069482965957,0.02547398095725696
19.59,-1.9105715069948115,-2.0844162277171163,0.025528089830398587
19.6,-1.8898060781609871,-2.107603664535822,0.025583255506334147
19.61,-1.8688114820426907,-2.1306292213423084,0.025639498534487166
19.62,-1.847589795729304,-2.1534903260568417,0.02569683946428126
19.63,-1.8261430963102383,-2.1761844065996563,0.025755298845139944
19.64,-1.8044734608748747,-2.1987088908910186,0.02581489722648683
19.650000000000002,-1.7825829665126176,-2.2210612068511706,0.025875655157745467
19.66,-1.7604736903128708,-2.2432387824003555,0.025937593188339395
19.67,-1.7381477093650153,-2.2652390454588387,0.026000731867692223
19.68,-1.7156071007584632,-2.287059423946855,0.02606509174522748
19.69,-1.692853941582595,-2.3086973457846707,0.02613069337036877
19.7,-1.6698903089268229,-2.3301502388925206,0.026197557292539617
19.71,-1.6467182798805273,-2.3514155311906704,0.026265704061163637
19.72,-1.623339931533121,-2.372490650599355,0.02633515422566434
19.73,-1.5997573409739838,-2.39337302503884,0.026405928335465352
19.740000000000002,-1.5759725852925204,-2.4140600824293674,0.02647804693999021
19.75,-1.5519877415781353,-2.434549250691182,0.026551530588662452
19.76,-1.5278046851187101,-2.454837892944148,0.026626388571883625
19.77,-1.5034178080500007,-2.4749210618296402,0.026702207964406612
19.78,-1.4788257457500509,-2.494795432375943,0.02677879933795695
19.79,-1.454031237527614,-2.514459041536359,0.026856199984543458
19.8,-1.4290370226914093,-2.5339099262642177,0.02693444719617506
19.81,-1.4038458405501908,-2.553146123512823,0.027013578264860574
19.82,-1.3784604304126766,-2.5721656702355045,0.02709363048260893
19.830000000000002,-1.3528835315876124,-2.5909666033855716,0.027174641141428965
19.84,-1.3271178833837436,-2.609546959916335,0.027256647533329525
19.85,-1.3011662251097882,-2.6279047767811234,0.02733968695031954
19.86,-1.2750312960745012,-2.6460380909332413,0.027423796684407822
19.87,-1.2487158355866002,-2.6639449393260173,0.027509014027603303
19.88,-1.2222225829548405,-2.6816233589127556,0.027595376271914794
19.89,-1.1955542774879393,-2.6990713866467853,0.027682920709351223
19.900000000000002,-1.1687136584946427,-2.716287059481416,0.02777168463192144
19.91,-1.1417034652836966,-2.733268414369959,0.027861705331634276
19.92,-1.1145264371638182,-2.7500134882657425,0.027953020100498674
19.93,-1.0871853134437628,-2.766520318122071,0.02804566623052343
19.94,-1.059682833432248,-2.782786940892273,0.028139681013717492
19.95,-1.032021736438029,-2.798811393529654,0.028235101742089663
19.96,-1.0042047617698233,-2.81459171298754,0.028331965707648874
19.97,-0.9762346487363864,-2.830125936219239,0.028430310202403938
19.98,-0.9481141366464351,-2.845412100178076,0.02853017251836379
19.990000000000002,-0.9198459648087157,-2.8604482418173633,0.028631589947537266
20.0,-0.8914328725319743,-2.8752323980904118,0.028734599781933205
20.01,-0.8628775991249276,-2.889762605950549,0.02883923931356055
20.02,-0.8341828838963319,-2.9040369023510806,0.028945545834428103
20.03,-0.8053514661549034,-2.9180533242453333,0.0290535566365448
20.04,-0.7763860852093989,-2.9318099085866134,0.029163309011919443
20.05,-0.7472894803685342,-2.945304692328248,0.029274840252560982
20.06,-0.7180623480021705,-2.958534271984165,0.029387935360344775
20.07,-0.6887026276798115,-2.9714935058630845,0.029502025454319313
20.080000000000002,-0.6592131834289114,-2.98418091706207,0.029617137202520512
20.09,-0.6295971079967213,-2.996595194108969,0.02973332524625592
20.1,-0.59985749413046,-3.0087350255316414,0.029850644226833215
20.11,-0.5699974345773886,-3.020599099857929,0.029969148785559896
20.12,-0.5400200220847262,-3.032186105615692,0.030088893563743637
20.13,-0.5099283493997342,-3.0434947313327725,0.030209933202691948
20.14,-0.47972550926963126,-3.05452366553703,0.030332322343712498
20.150000000000002,-0.44941459444166815,-3.0652715967563116,0.03045611562811284
20.16,-0.41899869766309583,-3.075737213518464,0.03058136769720051
20.17,-0.38848091168113275,-3.0859192043513466,0.030708133192283195
20.18,-0.35786432924304057,-3.0958162577828023,0.03083646675466839
20.19,-0.32715204309603796,-3.10542706234069,0.030966423025663777
20.2,-0.2963471459873866,-3.1147503065528532,0.03109805664657685
20.21,-0.2654527306643049,-3.12378467894715,0.031231422258715294
20.22,-0.23447188987405476,-3.1325288680514247,0.031366574503386604
20.23,-0.20340771636385413,-3.140981562393535,0.031503568021898465
20.240000000000002,-0.17226330288095448,-3.149141450501328,0.03164245745555842
20.25,-0.14104174217260668,-3.157007220902653,0.03178329744567401
20.26,-0.10974612698602881,-3.164577562125366,0.031926142633552916
20.27,-0.07837955006848307,-3.1718511626973127,0.03207104766050264
20.28,-0.04694510416718767,-3.1788267111463493,0.03221806716783085
20.29,-0.015445585031383283,-3.1855024271855616,0.03236717872000864
20.3,0.016118917042238293,-3.1918723726789007,0.032517644082204596
20.31,0.04774591153961025,-3.1979346192442204,0.032669321106365966
20.32,0.07943208144071823,-3.203688566240246,0.03282227933678533
20.330000000000002,0.11117410972551423,-3.209133613025695,0.0329765883177551
20.34,0.14296867937395008,-3.214269158959288,0.033132317593567696
20.35,0.17481247336601163,-3.219094603399749,0.03328953670851569
20.36,0.20670217468163946,-3.2236093457057944,0.03344831520689146
20.37,0.23863446630081936,-3.227812785236149,0.03360872263298758
20.38,0.2706060312034919,-3.2317043213495307,0.0337708285310964
20.39,0.30261355236964294,-3.2352833534046628,0.03393470244551051
20.400000000000002,0.3346537127792243,-3.2385492807602643,0.03410041392052233
20.41,0.36672319541218784,-3.2415015027750553,0.03426803250042427
20.42,0.39881868324851955,-3.244139418807759,0.03443762772950891
20.43,0.4309368592681597,-3.2464624282170935,0.03460926915206861
20.44,0.4630744064510945,-3.248469930361782,0.034783026312395965
20.45,0.49522800777726406,-3.250161324600543,0.03495896875478331
20.46,0.5273943462266547,-3.2515360102920994,0.03513716602352326
20.47,0.5595701047792067,-3.2525933867951706,0.035317687662908145
20.48,0.5917519664149059,-3.253332853468478,0.035500603217230566
20.490000000000002,0.6239366141137043,-3.253753809670742,0.035685982230782926
20.5,0.6561207308555533,-3.2538556547606836,0.03587389424785764
20.51,0.6883009996204397,-3.253637788097023,0.03606440881274731
20.52,0.7204741033984671,-3.253099609005387,0.03625759546406291
20.53,0.7526379106615556,-3.2522367594972224,0.03645285760900538
20.54,0.7847902440983612,-3.25104543878298,0.03664961030539159
20.55,0.8169277388054125,-3.2495258143255272,0.036847928951997046
20.56,0.8490470298791926,-3.247678053587734,0.037047888947596946
20.57,0.88114475241623,-3.2455023240324654,0.03724956569096677
20.580000000000002,0.9132175415130193,-3.2429987931225916,0.037453034580881804
20.59,0.9452620322660548,-3.2401676283209815,0.03765837101611732
20.6,0.9772748597718652,-3.2370089970905003,0.0378656503954488
20.61,1.0092526591269335,-3.233523066894019,0.038074948117651455
20.62,1.0411920654277882,-3.229710005194403,0.038286339581500774
20.63,1.0730897137709126,-3.2255699794545234,0.03849990018577196
20.64,1.104942239252835,-3.221103157137245,0.0387157053292405
20.650000000000002,1.13674627697005,-3.2163097057054366,0.03893383041068167
20.66,1.1684984620190522,-3.2111897926219695,0.03915435082887075
20.67,1.20019542949637,-3.2057435853497074,0.03937734198258322
20.68,1.2318338144984864,-3.199971251351522,0.03960287927059428
20.69,1.26341025212193,-3.1938729580902776,0.03983103809167944
20.7,1.2949213774631843,-3.1874488730288464,0.04006189384461388
20.71,1.326363825618777,-3.1806991636300923,0.04029552192817311
20.72,1.3577342316851921,-3.173623997356888,0.04053199774113231
20.73,1.3890292307589576,-3.166223541672096,0.040771396682266994
20.740000000000002,1.4202454579365682,-3.1584979640385873,0.041013794150352424
20.75,1.4513795483145184,-3.150447431919233,0.04125926554416386
20.76,1.4824282119114074,-3.142066998773853,0.04150710503756594
20.77,1.5133882593874888,-3.133351899659416,0.041756543487604256
20.78,1.5442564702484183,-3.124303243292566,0.04200766063295971
20.79,1.5750296239766612,-3.114922140740624,0.04226053656145229
20.8,1.605704500054727,-3.1052097030708987,0.04251525136090235
20.81,1.6362778779650804,-3.0951670413507126,0.042771885119129875
20.82,1.6667465371902308,-3.0847952666473737,0.043030517923955236
20.830000000000002,1.6971072572126542,-3.0740954900282,0.0432912298631985
20.84,1.7273568175148273,-3.0630688225605107,0.04355410102467974
20.85,1.7574919975792582,-3.0517163753116137,0.04381921149621934
20.86,1.7875095768884133,-3.040039259348832,0.044086641365637266
20.87,1.8174063349248006,-3.028038585739472,0.044356470720753875
20.88,1.8471790511708865,-3.0157154655508576,0.04462877964938916
20.89,1.8768245051091788,-3.003071009850295,0.044903648239363485
20.900000000000002,1.9063394762221544,-2.990106329705104,0.045181156578496924
20.91,1.9357207439922899,-2.9768225361826044,0.04546138475460955
20.92,1.9649650879020935,-2.963220740350102,0.04574441285552173
20.93,1.994069287434031,-2.9493020532749212,0.04603032096905344
20.94,2.0230301220706113,-2.9350675860243673,0.04631918918302506
20.95,2.0518443712942998,-2.920518449665766,0.04661109758525654
20.96,2.080508814587605,-2.9056557552664213,0.04690612626356828
20.97,2.1090202314329933,-2.8904806138936596,0.047204355305780224
20.98,2.137375401312972,-2.874994136614785,0.04750586479971278
20.990000000000002,2.1655711037100187,-2.859197434497118,0.047810734833185986
21.0,2.1936041181066104,-2.8430916186079793,0.04811904549401992
21.01,2.2214712239852537,-2.826677800014673,0.048430876870034986
21.02,2.2491692008284163,-2.8099570897845254,0.04874630904905111
21.03,2.2766943959211376,-2.7929287606205406,0.0490651510121857
21.04,2.3040412670506827,-2.775583666196803,0.04938590300193303
21.05,2.3312066490439536,-2.7579221868180297,0.04970836744790861
21.06,2.3581877982742316,-2.7399464553914683,0.05003259812499862
21.07,2.3849819711148377,-2.721658604824342,0.05035864880808973
21.080000000000002,2.4115864239390628,-2.703060768023892,0.05068657327206827
21.09,2.437998413120199,-2.6841550778973615,0.051016425291820544
21.1,2.464215195031566,-2.664943667351972,0.051348258642233226
21.11,2.490234026046446,-2.6454286692949727,0.05168212709819251
21.12,2.516052162538159,-2.625612216633586,0.05201808443458506
21.13,2.541666860879988,-2.6054964422750606,0.05235618442629708
21.14,2.5670753774452515,-2.585083479126619,0.052696480848215245
21.150000000000002,2.592274968607242,-2.564375460095502,0.05303902747522586
21.16,2.617262890739252,-2.543374518088955,0.05338387808221524
21.17,2.6420364002145993,-2.522082786014197,0.053731086444070056
21.18,2.6665927534065683,-2.500502396778479,0.05408070633567651
21.19,2.6909292066884776,-2.4786354832890214,0.054432791531921265
21.2,2.71504301643361,-2.456484178453075,0.05478739580769051
21.21,2.738931439015285,-2.4340506151778607,0.055144572937870937
21.22,2.762591730806786,-2.4113369263706286,0.05550437669734872
21.23,2.786021148181431,-2.388345244938599,0.055866860861010545
21.240000000000002,2.809216947512513,-2.365077703789015,0.05623207920374273
21.25,2.8321763851733244,-2.341536435829121,0.05660008550043156
21.26,2.8548967175371827,-2.3177235739661355,0.05697093352596374
21.27,2.877375200977373,-2.293641251107311,0.05734467705522543
21.28,2.899609091867213,-2.2692916001598666,0.05772136986310335
21.29,2.921595646579987,-2.2446767540310546,0.05810106572448364
21.3,2.943332121489012,-2.219798845628093,0.05848381841425302
21.31,2.9648157729675737,-2.194660007858235,0.05886968170729764
21.32,2.9860438573889887,-2.1692623736286984,0.059258709378504214
21.330000000000002,3.0070134642340536,-2.1436077788920844,0.05965091557023493
21.34,3.0277156857504854,-2.1176872496700896,0.06004482440666259
21.35,3.048145322069908,-2.091498020115366,0.060439656054389695
21.36,3.06830053178846,-2.065043234303064,0.060835397026377615
21.37,3.0881794735023105,-2.038326036308296,0.06123203383558829
21.38,3.1077803058075983,-2.011349570206213,0.0616295529949831
21.39,3.127101187300492,-1.9841169800719272,0.06202794101752398
21.400000000000002,3.146140276577139,-1.95663140998058,0.06242718441617245
21.41,3.1648957322336857,-1.9288960040073129,0.06282726970389002
21.42,3.183365712866299,-1.9009139062272375,0.06322818339363864
21.43,3.201548377071121,-1.872688260715506,0.06362991199837968
21.44,3.2194418834443175,-1.8442222115472295,0.06403244203107508
21.45,3.2370443905820303,-1.8155189027975598,0.0644357600046862
21.46,3.2543540570804255,-1.7865814785416085,0.06483985243217502
21.47,3.271369041535645,-1.7574130828545278,0.06524470582650288
21.48,3.2880875025438545,-1.728016859811428,0.06565030670063174
21.490000000000002,3.304507598701202,-1.6983959534874518,0.0660566415675231
21.5,3.320627488603836,-1.668553507957741,0.06646369694013848
21.51,3.3364453308479214,-1.6384926672974063,0.06687145933143984
21.52,3.351959284029601,-1.6082165755816007,0.06727991525438853
21.53,3.36716750674504,-1.577728376885434,0.0676890512219465
21.54,3.3820681575903815,-1.54703121528406,0.06809885374707512
21.55,3.3966593951617896,-1.516128234852588,0.06850930934273636
21.56,3.4109393780554087,-1.485022579666172,0.06892040452189155
21.57,3.424906264867402,-1.4537173937999215,0.06933212579750266
21.580000000000002,3.438558214193918,-1.422215821328979,0.06974445968253118
21.59,3.4518933846311075,-1.3905210063284876,0.07015739268993866
21.6,3.464909934775133,-1.3586360928735561,0.07057091133268703
21.61,3.4776060232221386,-1.3265642250393392,0.07098500212373765
21.62,3.489979808568288,-1.2943085469009454,0.07139965157605246
21.63,3.502029449409726,-1.2618722025335294,0.07181484620259286
21.64,3.513753104342616,-1.2292583360122,0.07223057251632077
21.650000000000002,3.525148931963106,-1.1964700914121003,0.07264681703019772
21.66,3.536215090867347,-1.1635106128083732,0.07306356625718521
21.67,3.546949739651501,-1.1303830442761276,0.07348080671024519
21.68,3.5573483238335024,-1.0970871656385683,0.07389789950702458
21.69,3.567402735544693,-1.063617979149138,0.07431322136057568
21.7,3.5771117748093624,-1.0299787000588505,0.07472658423479986
21.71,3.586474572121835,-0.9961729454330716,0.07513787272135637
21.72,3.595490257976424,-0.9622043323372149,0.0755469714119039
21.73,3.6041579628674536,-0.9280764778366462,0.07595376489810171
21.740000000000002,3.6124768172892403,-0.8937929989967668,0.07635813777160862
21.75,3.620445951736099,-0.8593575128829787,0.07675997462408346
21.76,3.6280644967023545,-0.8247736365606472,0.0771591600471855
21.77,3.6353315826823205,-0.7900449870951862,0.0775555786325734
21.78,3.64224634017032,-0.7551751815519611,0.07794911497190643
21.79,3.648807899660668,-0.720167836996386,0.0783396536568433
21.8,3.6550153916476864,-0.6850265704938256,0.07872707927904321
21.81,3.660867946625691,-0.6497549991096947,0.07911127643016491
21.82,3.6663646950890034,-0.6143567399093578,0.0794921297018676
21.830000000000002,3.671504767531941,-0.5788354099582168,0.07986952368581014
21.84,3.676287294448821,-0.5431946263216745,0.08024334297365138
21.85,3.6807114063339648,-0.5074380060650947,0.08061347215705052
21.86,3.6847762336816885,-0.4715691662538929,0.08097979582766629
21.87,3.6884809069863134,-0.43559172395343293,0.08134219857715791
21.88,3.691824556742156,-0.39950929622913,0.08170056499718412
21.89,3.6948063134435367,-0.36332550014634835,0.08205477967940411
21.900000000000002,3.697425307584774,-0.3270439527704899,0.08240472721547676
21.91,3.699680669660185,-0.2906682711669579,0.08275029219706088
21.92,3.70157153016409,-0.2542020724011155,0.08309135921581572
21.93,3.7030969746369498,-0.21764894508213783,0.08342780656039811
21.94,3.704250896854875,-0.18100912671826866,0.08375875394367666
21.95,3.705029461036611,-0.14428407889195158,0.08408353843619865
21.96,3.705432682797757,-0.10747765767972318,0.08440201651516935
21.97,3.705460577753913,-0.07059371915817231,0.08471404465779352
21.98,3.7051131615206785,-0.03363611940383532,0.08501947934127639
21.990000000000002,3.7043904497136526,0.003391285506711944,0.08531817704282287
22.0,3.703292457948435,0.04048463949689379,0.08560999423963783
22.01,3.701819201840624,0.07764008649017373,0.08589478740892652
22.02,3.699970697005821,0.11485377040996286,0.08617241302789372
22.03,3.6977469590596237,0.15212183517972488,0.08644272757374463
22.04,3.695148003617633,0.1894404247228707,0.08670558752368407
22.05,3.692173846295446,0.22680568296286419,0.08696084935491724
22.06,3.6888245027086652,0.26421375382311596,0.08720836954464896
22.07,3.685099988472887,0.3016607812270904,0.08744800457008439
22.080000000000002,3.681000319203712,0.3391429090982112,0.08767961090842848
22.09,3.6765255105167416,0.37665628135990237,0.08790304503688615
22.1,3.6716755780275716,0.4141970419356281,0.08811816343266253
22.11,3.666450537351805,0.45176133474879887,0.08832482257296251
22.12,3.660850404105038,0.489345303722879,0.08852287893499124
22.13,3.654875193902873,0.5269450927812788,0.08871218899595355
22.14,3.648524922360906,0.5645568458474626,0.08889260923305463
22.150000000000002,3.641799605094738,0.6021767068448541,0.08906399612349938
22.16,3.6346962328944215,0.6398018729839756,0.08922587775429221
22.17,3.627210058887801,0.6774302797866338,0.08937757759588652
22.18,3.619341848350295,0.7150580427142474,0.08951900563877527
22.19,3.6110924632044523,0.7526812444442479,0.08965008226170053
22.2,3.6024627653728354,0.7902959676540134,0.08977072784340417
22.21,3.593453616777993,0.8278982950209756,0.0898808627626283
22.22,3.584065879342487,0.8654843092225124,0.08998040739811478
22.23,3.574300414988867,0.9030500929360553,0.09006928212860567
22.240000000000002,3.564158085639691,0.940591728838996,0.09014740733284293
22.25,3.5536397532175186,0.9781052996087258,0.09021470338956851
22.26,3.542746279644898,1.0155868879226764,0.09027109067752444
22.27,3.5314785268443925,1.0530325764582256,0.09031648957545264
22.28,3.5198373567385492,1.0904384478928053,0.09035082046209515
22.29,3.5078236312499325,1.1278005849037935,0.09037400371619392
22.3,3.495438212301089,1.1651150701686215,0.09038595971649095
22.31,3.4826819618145834,1.2023779863646675,0.0903866088417282
22.32,3.4695557417129614,1.2395854161693636,0.09037587147064766
22.330000000000002,3.456060413918784,1.2767334422601002,0.0903536679819913
22.34,3.4421968403546113,1.31381814731427,0.09031991875450113
22.35,3.4279658829429884,1.3508356140093034,0.09027454416691909
22.36,3.4133684036064817,1.3877819250225794,0.0902174645979872
22.37,3.398401031884012,1.4246534753843556,0.09014833517905177
22.38,3.383057512159293,1.4614469793962876,0.09006668631476342
22.39,3.36733959224442,1.4981586427435474,0.08997259326274888
22.400000000000002,3.351249186894091,1.5347846596362735,0.0898661421890081
22.41,3.334788210863004,1.5713212242846055,0.08974741925954097
22.42,3.3179585789058406,1.6077645308987214,0.0896165106403473
22.43,3.300762205777305,1.6441107736887475,0.08947350249742707
22.44,3.283201006232078,1.6803561468648618,0.08931848099678003
22.45,3.2652768950248645,1.7164968446371909,0.08915153230440619
22.46,3.246991786910345,1.7525290612159123,0.0889727425863053
22.47,3.2283475966432245,1.788448990811153,0.08878219800847738
22.48,3.2093462389781826,1.8242528276330905,0.08857998473692216
22.490000000000002,3.1899896286699185,1.859936765891864,0.08836618893763959
22.5,3.170279680473133,1.8954969997976132,0.08814089677662962
22.51,3.150218309142503,1.9309297235605158,0.08790419441989197
22.52,3.1298074294327365,1.9662311313906984,0.08765616803342671
22.53,3.1090489560985115,2.0013974174983384,0.08739690378323352
22.54,3.0879448038945356,2.0364247760935634,0.08712648783531246
22.55,3.0664968875754863,2.07130940138655,0.08684500635566322
22.56,3.0447071218960713,2.1060474875874253,0.08655254551028589
22.57,3.0225774216109684,2.140635228906367,0.08624919146518013
22.580000000000002,3.0001097014748774,2.1750688195535144,0.08593503038634592
22.59,2.9773058762424993,2.2093444537390075,0.08561014843978328
22.6,2.9541678606685107,2.243458325673023,0.0852746317914918
22.61,2.9306975695076205,2.277406629565689,0.08492856660747167
22.62,2.906896917514505,2.311185559627181,0.08457203905372246
22.63,2.882767819443874,2.3447913100676283,0.08420513529624435
22.64,2.858310862698214,2.3782199358507112,0.08382795887815736
22.650000000000002,2.833518448345282,2.4114667562795793,0.08344078279884361
22.66,2.808391348250678,2.4445281795977,0.08304387710058966
22.67,2.782932372952111,2.4774008456905294,0.0826374941271036
22.68,2.7571443329873273,2.5100813944434757,0.08222188622209403
22.69,2.731030038894036,2.542566465741995,0.08179730572926903
22.7,2.704592301209983,2.5748526994714966,0.08136400499233727
22.71,2.6778339304728775,2.6069367355174355,0.08092223635500677
22.72,2.6507577372204656,2.638815213765221,0.08047225216098619
22.73,2.6233665319904556,2.6704847741003084,0.08001430475398358
22.740000000000002,2.5956631253205846,2.7019420564081185,0.07954864647770744
22.75,2.5676503277485905,2.7331837005740724,0.07907552967586631
22.76,2.5393309498121805,2.7642063464836246,0.0785952066921682
22.77,2.5107078020491023,2.7950066340221857,0.07810792987032178
22.78,2.4817836949970635,2.825581203075209,0.07761395155403508
22.79,2.452561439193812,2.8559266935281062,0.0771135240870168
22.8,2.4230438451770544,2.8860397452663307,0.07660689981297493
22.81,2.3932337234845393,2.915916998175293,0.0760943310756182
22.82,2.3631338846539736,2.9455550921404465,0.07557607021865456
22.830000000000002,2.332747139223094,2.9749506670472137,0.07505236958579257
22.84,2.3020762977296405,3.004100362781016,0.07452348152074079
22.85,2.271124170711318,3.0330008192273064,0.07398965836720717
22.86,2.239893568705876,3.0616486762714965,0.07345115246890044
22.87,2.20838730225102,3.0900405737990395,0.07290821616952857
22.88,2.1766081818845002,3.1181731516953475,0.07236110181280031
22.89,2.1445590181440215,3.146043049845872,0.07181006174242362
22.900000000000002,2.1122426215673222,3.173646908136036,0.07125534830210704
22.91,2.0796568821996435,3.2009796695889587,0.07069699871983881
22.92,2.0467998810085097,3.2280365919993375,0.07013509711843866
22.93,2.0136750621113046,3.2548149114184315,0.06956998202482335
22.94,1.9802858702904524,3.281311864135042,0.06900199199624674
22.95,1.946635750328426,3.307524686437932,0.0684314655899634
22.96,1.9127281470076496,3.3334506146159044,0.06785874136322713
22.97,1.8785665051105958,3.3590868849577227,0.06728415787329255
22.98,1.8441542694196886,3.384430733752187,0.06670805367741345
22.990000000000002,1.809494884717389,3.409479397288072,0.06613076733284423
23.0,1.7745917957861574,3.434230111854151,0.06555263739683934
23.01,1.7394484474084182,3.4586801137392245,0.06497400242665251
23.02,1.704068284366644,3.4828266392320577,0.06439520097953841
23.03,1.6684547514432584,3.50666692462145,0.0638165716127508
23.04,1.6326112934207355,3.530198206196168,0.0632384528835443
23.05,1.596541355081498,3.5534177202450103,0.06266118334917271
23.06,1.56024838120802,3.5763227030567433,0.06208510156689065
23.07,1.523735816582724,3.598910390920166,0.0615105460939519
23.080000000000002,1.4870071059880718,3.621178020124053,0.06093785548761088
23.09,1.4500656942065246,3.643122826957179,0.06036736830512199
23.1,1.4129150260205048,3.6647420477083426,0.05979942310373902
23.11,1.375558546212487,3.6860329186663106,0.0592343584407166
23.12,1.3379996995648935,3.7069926761198806,0.05867251287330851
23.13,1.3002414032800083,3.7276181973734004,0.058113996745681296
23.14,1.2622811395442637,3.7479027702665246,0.05755651280054276
23.150000000000002,1.2241210971496392,3.767843107389212,0.05699968400827715
23.16,1.1857652541106094,3.787437163494033,0.05644389442985034
23.17,1.1472175884416078,3.806682893333579,0.0558895281262276
23.18,1.1084820781571234,3.8255782516604127,0.055336969158374986
23.19,1.0695627012715891,3.844121193227125,0.054786601587257774
23.2,1.0304634357994942,3.86230967278628,0.05423880947384203
23.21,0.9911882597552716,3.880141645090467,0.05369397687909301
23.22,0.9517411511534103,3.897615064892251,0.05315248786397679
23.23,0.9121260880083435,3.9147278869442212,0.05261472648945864
23.240000000000002,0.872347048334546,3.931478065998949,0.052081076816504424
23.25,0.8324080101464932,3.9478635568090046,0.05155192290607999
23.26,0.7923129514586178,3.9638823141269772,0.05102764881915063
23.27,0.7520658502854093,3.9795322927054326,0.050508638616682394
23.28,0.7116706846413,3.9948114472969594,0.049995276359640566
23.29,0.67113143254078,4.009717732654123,0.04948794610899118
23.3,0.6304520719982813,4.024249103529511,0.04898703192569955
23.31,0.5896365810282939,4.038403514675691,0.04849291787073169
23.32,0.54868893764525,4.05217892084525,0.04800598800505292
23.330000000000002,0.5076131198636249,4.06557327679076,0.04752662638962908
23.34,0.4664131056978942,4.078584537264792,0.04705521708542601
23.35,0.4250928731624902,4.091210657019934,0.046592144153409024
23.36,0.3836549192146516,4.103448329809108,0.04613626755317512
23.37,0.34209933254846836,4.115292424603953,0.045683798623941084
23.38,0.3004301067785442,4.126741361126639,0.04523479646933022
23.39,0.2586514626975065,4.137793758503543,0.0447895494584056
23.400000000000002,0.21676762109802686,4.148448235861029,0.04434834596023079
23.41,0.17478280277277725,4.15870341232546,0.04391147434386934
23.42,0.13270122851438465,4.168557907023214,0.04347922297838434
23.43,0.09052711911553585,4.17801033908065,0.04305188023283949
23.44,0.048264695368857746,4.187059327624144,0.04262973447629789
23.45,0.005918178067037372,4.195703491780058,0.042213074077823244
23.46,-0.03650821199729837,4.203941450674766,0.041802187406478654
23.47,-0.07901025403146261,4.2117718234346295,0.0413973628313278
23.48,-0.12158372724282862,4.219193229186023,0.0409988887214338
23.490000000000002,-0.1642244108387244,4.226204287055311,0.0406070534458602
23.5,-0.2069280840264779,4.2328036161688605,0.04022214537367053
23.51,-0.24969052601346242,4.238989835653044,0.039844452873927926
23.52,-0.29250751600699076,4.244761564634224,0.03947426431569604
23.53,-0.3353756416367651,4.250116201163211,0.039110602457287445
23.54,-0.3782929260273911,4.255049176589765,0.03875010008436035
23.55,-0.42125511582034364,4.25955957074071,0.03839280524911898
23.56,-0.464257808432251,4.263646695045986,0.03803899522564122
23.57,-0.5072966012798025,4.267309860935541,0.037688947288004454
23.580000000000002,-0.5503670917796417,4.2705483798393145,0.037342938710286426
23.59,-0.5934648773484124,4.273361563187252,0.037001246766564896
23.6,-0.6365855554028036,4.275748722409299,0.03666414873091725
23.61,-0.6797247233594439,4.277709168935397,0.03633192187742135
23.62,-0.7228779786350227,4.279242214195492,0.03600484348015458
23.63,-0.7660409186461681,4.280347169619525,0.035683190813194814
23.64,-0.8092091408095695,4.2810233466374426,0.03536724115061944
23.650000000000002,-0.8523782425418707,4.281270056679188,0.035057271766506214
23.66,-0.8955438212597151,4.281086611174703,0.034753559934932864
23.67,-0.9387014743797921,4.280472321553934,0.0344563829299768
23.68,-0.9818467993187301,4.279426499246825,0.03416601802571586
23.69,-1.0249753934932184,4.277948455683317,0.033882742496227476
23.7,-1.0680834780585855,4.2760359211791865,0.03360534232317863
23.71,-1.111168527864103,4.273683745617715,0.03332953351833396
23.72,-1.1542261916573895,4.270891730190685,0.03305531954680521
23.73,-1.1972519821525753,4.267660031493434,0.03278302653857079
23.740000000000002,-1.2402414120637462,4.263988806121304,0.0325129806236094
23.75,-1.2831899941049867,4.259878210669639,0.03224550793189971
23.76,-1.326093240990428,4.255328401733774,0.03198093459342014
23.77,-1.36894666543414,4.2503395359090534,0.03171958673814947
23.78,-1.4117457801502535,4.244911769790816,0.031461790496066115
23.79,-1.4544860978528384,4.2390452599744055,0.03120787199714884
23.8,-1.4971631312560252,4.232740163055158,0.030958157371376076
23.81,-1.5397723930738847,4.2259966356284195,0.03071297274872659
23.82,-1.5823093960205465,4.218814834289525,0.0304726442591788
23.830000000000002,-1.6247696528100968,4.2111949156338175,0.03023749803271139
23.84,-1.6671486761566205,4.203137036256641,0.030007860199303044
23.85,-1.7094419787742483,4.19464135275333,0.029784056888932185
23.86,-1.75164507337705,4.185708021719233,0.029566414231577572
23.87,-1.7937534726791564,4.176337199749681,0.029355258357217646
23.88,-1.835762689394638,4.166529043440024,0.029150915395831152
23.89,-1.8776682442643682,4.1562836721150465,0.028953677382934827
23.900000000000002,-1.919466613940145,4.1455970498822,0.028759861260417477
23.91,-1.9611540605618474,4.1344670681348115,0.028566975273581353
23.92,-2.0027262190235255,4.122894720098675,0.02837524892183441
23.93,-2.0441787242191714,4.110880998999601,0.02818491170458487
23.94,-2.0855072110428354,4.098426898063381,0.027996193121240697
23.95,-2.1267073143885096,4.085533410515825,0.027809322671210113
23.96,-2.1677746691502437,4.072201529582725,0.027624529853901077
23.97,-2.20870491022203,4.058432248489893,0.027442044168721813
23.98,-2.2494936724979198,4.0442265604631205,0.027262095115080286
23.990000000000002,-2.290136590871918,4.029585458728214,0.02708491219238465
24.0,-2.330629300238032,4.0145099365109775,0.02691072490004306
24.01,-2.370967435490312,3.999000987037205,0.026739762737463483
24.02,-2.41114663152275,3.983059603532707,0.026572255204054134
24.03,-2.4511625232293963,3.966686779223274,0.026408431799222983
24.04,-2.491010745504243,3.949883507334719,0.02624852202237824
24.05,-2.5306869332413395,3.9326507810928315,0.026092755372927885
24.060000000000002,-2.5701867213346934,3.9149895937234183,0.025941361350280065
24.07,-2.6095057446783114,3.896900938452288,0.025794569453842925
24.080000000000002,-2.648639560514004,3.8783840334043664,0.025651557070169514
24.09,-2.6875836771592416,3.8594344919389934,0.02550910492252172
24.1,-2.7263339790072507,3.840053733142374,0.02536714283612697
24.11,-2.7648863751753407,3.8202436410184926,0.02522586570692633
24.12,-2.803236774780878,3.8000060995713034,0.02508546843086068
24.13,-2.841381086941173,3.7793429928047906,0.02494614590387109
24.14,-2.8793152207735906,3.758256204722909,0.024808093021898427
24.150000000000002,-2.917035085395455,3.7367476193296345,0.02467150468088372
24.16,-2.9545365899240914,3.7148191206289445,0.024536575776767988
24.17,-2.991815643476864,3.6924725926247928,0.024403501205492107
24.18,-3.028868155171085,3.6697099193211646,0.02427247586299714
24.19,-3.065690034124118,3.6465329847220134,0.024143694645223972
24.2,-3.1022771894532744,3.6229436728313242,0.024017352448113663
24.21,-3.138625530275919,3.59894386765305,0.023893644167607093
24.22,-3.174730965709364,3.574535453191177,0.023772764699645326
24.23,-3.210589404870972,3.5497203134496575,0.023654908940169247
24.240000000000002,-3.2461967568780694,3.524500332432469,0.023540271785119873
24.25,-3.2815489308479813,3.49887739414359,0.023429048130438213
24.26,-3.3166418358980705,3.4728533825869716,0.02332143287206516
24.27,-3.3514713811456494,3.446430181766602,0.023217620905941764
24.28,-3.386032647308794,3.419606275561022,0.023116288331625653
24.29,-3.4203205819127964,3.39237896898713,0.02301530915907777
24.3,-3.4543315514945148,3.364750965820054,0.022914783523087
24.310000000000002,-3.488061935681443,3.3367250215002886,0.0228148337369391
24.32,-3.521508114101076,3.3083038914683303,0.022715582113919823
24.330000000000002,-3.554666466380944,3.2794903311646433,0.022617150967314825
24.34,-3.5875333721485307,3.2502870960297345,0.0225196626104099
24.35,-3.6201052110313654,3.2206969415040687,0.022423239356490692
24.36,-3.652378362656932,3.190722623028152,0.022328003518843002
24.37,-3.68434920665276,3.1603668960424485,0.02223407741075248
24.38,-3.716014122646333,3.129632515987466,0.022141583345504916
24.39,-3.7473694902651804,3.098522238303668,0.022050643636385963
24.400000000000002,-3.778411689136797,3.0670388184315507,0.021961380596681377
24.41,-3.8091370988886797,3.0351850118116106,0.021873916539676914
24.42,-3.839542099148356,3.002963573884312,0.021788373778658235
24.43,-3.869623069543311,2.9703772600901615,0.02170487462691112
24.44,-3.8993763897010734,2.937428825869623,0.02162354139772123
24.45,-3.9287984392491277,2.904121026663205,0.02154449640437435
24.46,-3.957885597815002,2.870456617911369,0.021467861960156143
24.47,-3.986634245026183,2.8364383550546246,0.021393760378352385
24.48,-4.015039413088924,2.8020663144911278,0.02132164240348267
24.490000000000002,-4.043094408339141,2.767336883548475,0.02124990172096769
24.5,-4.070796140705996,2.732253366329039,0.02117853841184122
24.51,-4.098141697908739,2.6968194145809905,0.02110763669861615
24.52,-4.125128167666581,2.6610386800525485,0.021037280803805476
24.53,-4.151752637698771,2.6249148144918832,0.020967554949922085
24.54,-4.1780121957245235,2.588451469647216,0.020898543359478973
24.55,-4.203903929463085,2.551652297266715,0.020830330254989038
24.560000000000002,-4.229424926633678,2.5145209490985887,0.02076299985896524
24.57,-4.254572274955524,2.477061076891046,0.020696636393920546
24.580000000000002,-4.279343062147872,2.4392763323922546,0.020631324082367855
24.59,-4.303734375929935,2.4011703673504368,0.020567147146820158
24.6,-4.327743304020961,2.3627468335137607,0.020504189809790345
24.61,-4.351366934140164,2.3240093826304484,0.020442536293791405
24.62,-4.37460235400679,2.2849616664486674,0.020382270821336243
24.63,-4.397446651340056,2.245607336716641,0.02032347761493784
24.64,-4.419896913859207,2.2059500451825356,0.020266240897109097
24.650000000000002,-4.4419502292834645,2.1659934435945614,0.020210644890362974
24.66,-4.463603685332053,2.125741183700926,0.020156773817212443
24.67,-4.48485436972422,2.0851969172497977,0.020104711900170397
24.68,-4.505699370179179,2.0443642959894,0.020054543361749822
24.69,-4.526135774416176,2.003246971667898,0.020006352424463626
24.7,-4.546160655281888,1.961848577230236,0.01996022075708475
24.71,-4.56576645773448,1.9201668118555228,0.01991539115977281
24.72,-4.584947260246473,1.8782011450422793,0.019871229310523646
24.73,-4.603701143445482,1.8359560407225757,0.019827753102171514
24.740000000000002,-4.622026187959102,1.7934359628285277,0.019784980427550707
24.75,-4.639920474414925,1.750645375292251,0.019742929179495525
24.76,-4.657382083440568,1.7075887420458158,0.019701617250840218
24.77,-4.674409095663617,1.6642705270213531,0.019661062534419103
24.78,-4.690999591711687,1.6206951941509329,0.019621282923066426
24.79,-4.7071516522123655,1.5768672073666865,0.019582296309616505
24.8,-4.722863357793266,1.5327910306006833,0.01954412058690359
24.810000000000002,-4.738132789081984,1.4884711277850393,0.019506773647761978
24.82,-4.752958026706114,1.443911962851871,0.019470273385025966
24.830000000000002,-4.767337151293268,1.3991179997332472,0.019434637691529807
24.84,-4.781268243471038,1.3540937023613004,0.019399884460107812
24.85,-4.794749383867034,1.308843534668099,0.019366031583594234
24.86,-4.807778653108846,1.2633719605857756,0.019333096954823388
24.87,-4.820354131824086,1.2176834440463988,0.019301098466629526
24.88,-4.832473900640346,1.1717824489821014,0.019270054011846952
24.89,-4.844136040185235,1.125673439324951,0.01923998148330993
24.900000000000002,-4.85533863108635,1.0793608790070648,0.019210898773852753
24.91,-4.866079753971287,1.0328492319605598,0.019182823776309716
24.92,-4.876357489467657,0.9861429621175033,0.019155774383515074
24.93,-4.886169918203052,0.9392465334100293,0.019129768488303132
24.94,-4.89551512080508,0.8921644097702048,0.019104823983508157
24.95,-4.904390512272768,0.8449004585519457,0.01908093596386764
24.96,-4.912787593531185,0.797453103934849,0.019057883290347615
24.97,-4.920703591027168,0.7498256218194393,0.0190356140924395
24.98,-4.928137628170005,0.7020229589898503,0.019014138662732286
24.990000000000002,-4.9350888283689756,0.6540500622302665,0.018993467293814997
25.0,-4.941556315033359,0.6059118783248724,0.018973610278276647
25.01,-4.947539211572441,0.5576133540578014,0.01895457790870624
25.02,-4.953036641395502,0.5091594362132553,0.018936380477692798
25.03,-4.958047727911826,0.4605550715753674,0.01891902827782532
25.04,-4.962571594530692,0.4118052069283395,0.01890253160169283
25.05,-4.966607364661385,0.36291478905630464,0.018886900741884333
25.060000000000002,-4.970154161713187,0.3138887647434475,0.018872145990988843
25.07,-4.973211109095376,0.26473208077395327,0.018858277641595377
25.080000000000002,-4.975777330217239,0.21544968393195463,0.018845305986292943
25.09,-4.9778519484880555,0.16604652100165385,0.018833241317670554
25.1,-4.9794340873171095,0.11652753876718358,0.01882209392831722
25.11,-4.98052287011368,0.06689768401274632,0.01881187411082196
25.12,-4.9811174202870525,0.017161903522474486,0.018802592157773777
25.13,-4.981216861246507,-0.03267485591942909,0.018794258361761688
25.14,-4.980820316401326,-0.0826076475288322,0.018786883015374706
25.150000000000002,-4.979926909160792,-0.1326315245215498,0.01878047641120184
25.16,-4.978535762934187,-0.18274154011339627,0.01877504884183211
25.17,-4.976642890130107,-0.23293440825374817,0.01877058200796688
25.18,-4.974241159752822,-0.2832086788125451,0.018767015900616895
25.19,-4.971330547994279,-0.33355924595903874,0.018764344600362554
25.2,-4.967911283736406,-0.3839808713508714,0.018762564316824607
25.21,-4.963983595861123,-0.4344683166457565,0.01876167125962379
25.22,-4.959547713250356,-0.48501634350133616,0.018761661638380847
25.23,-4.954603864786027,-0.5356197135753242,0.01876253166271652
25.240000000000002,-4.94915227935006,-0.5862731885253805,0.01876427754225155
25.25,-4.943193185824382,-0.6369715300091647,0.018766895486606674
25.26,-4.93672681309091,-0.6877094996843909,0.018770381705402635
25.27,-4.929753390031575,-0.7384818592087006,0.018774732408260175
25.28,-4.922273145528294,-0.789283370239808,0.018779943804800036
25.29,-4.914286308462996,-0.8401087944353549,0.018786012104642955
25.3,-4.905793107717599,-0.8909528934530551,0.018792933517409675
25.310000000000002,-4.896793772174031,-0.9418104289505684,0.018800704252720943
25.32,-4.887288530714216,-0.9926761625855545,0.018809320520197487
25.330000000000002,-4.877277612220074,-1.0435448560157279,0.01881877852946006
25.34,-4.866761245573534,-1.0944112708987295,0.018829074490129397
25.35,-4.855739659656512,-1.145270168892274,0.018840204611826238
25.36,-4.844213083350941,-1.1961163116540026,0.01885216510417133
25.37,-4.832181745538735,-1.2469444608416296,0.018864952176785407
25.38,-4.819645636474984,-1.2977494419786204,0.0188785637841486
25.39,-4.806596326512353,-1.3485283970879516,0.018893063795032496
25.400000000000002,-4.793030643761101,-1.3992772369973283,0.018908489775588275
25.41,-4.778950113505155,-1.4499906450349516,0.01892484699140087
25.42,-4.764356261028422,-1.500663304529076,0.01894214070805522
25.43,-4.749250611614837,-1.5512898988078847,0.018960376191136247
25.44,-4.733634690548307,-1.6018651111996325,0.018979558706228902
25.45,-4.717510023112764,-1.6523836250325021,0.018999693518918098
25.46,-4.700878134592118,-1.7028401236347486,0.019020785894788783
25.47,-4.683740550270301,-1.7532292903345548,0.019042841099425882
25.48,-4.66609879543122,-1.8035458084601756,0.019065864398414335
25.490000000000002,-4.647954395358803,-1.8537843613398117,0.01908986105733907
25.5,-4.629308875336976,-1.9039396323016644,0.019114836341785013
25.51,-4.610163760649648,-1.9540063046739884,0.019140795517337116
25.52,-4.590520576580752,-2.003979061784966,0.01916774384958029
25.53,-4.570380848414194,-2.053852586962853,0.019195686604099486
25.54,-4.549746101433909,-2.1036215635358317,0.019224629046479622
25.55,-4.528617860923804,-2.1532806748321573,0.019254576442305646
25.560000000000002,-4.506997652167805,-2.20282460418003,0.019285534057162487
25.57,-4.4848870004498425,-2.2522480349076517,0.01931750715663506
25.580000000000002,-4.462287431053819,-2.3015456503432765,0.019350501006308325
25.59,-4.439200469263673,-2.350712133815088,0.019384520871767192
25.6,-4.415627640363307,-2.39974216865134,0.019419572018596613
25.61,-4.391570469636659,-2.4486304381802166,0.019455659712381505
25.62,-4.367030482367632,-2.4973716257299716,0.019492789218706816
25.63,-4.3420057496529925,-2.545960499054679,0.019530927601014755
25.64,-4.316483138411286,-2.594392244282847,0.019569920857183353
25.650000000000002,-4.2904638856923905,-2.6426618892426856,0.01960977771684523
25.66,-4.263951098521246,-2.690764426319299,0.019650527793208576
25.67,-4.236947883922762,-2.7386948478978437,0.019692200699481625
25.68,-4.209457348921889,-2.786448146363406,0.019734826048872545
25.69,-4.181482600543535,-2.8340193141011403,0.019778433454589576
25.7,-4.15302674581265,-2.881403343496135,0.019823052529840887
25.71,-4.124092891754144,-2.9285952269335445,0.019868712887834716
25.72,-4.094684145392967,-2.9755899567984563,0.01991544414177923
25.73,-4.064803613754027,-3.0223825254760253,0.01996327590488267
25.740000000000002,-4.034454403862263,-3.0689679253513553,0.020012237790353226
25.75,-4.003639622742617,-3.115341148809552,0.020062359411399076
25.76,-3.9723623774199956,-3.161497188235769,0.020113670381228462
25.77,-3.940625774919351,-3.207431036015094,0.020166200313049554
25.78,-3.9084329222655905,-3.253137684532682,0.02021997882007059
25.79,-3.8757869264836655,-3.2986121261736208,0.020275035515499737
25.8,-3.842690894598483,-3.3438493533230647,0.02033140001254524
25.810000000000002,-3.8091479336349834,-3.3888443583661174,0.020389101924415277
25.82,-3.775161150618109,-3.433592133687885,0.020448170864318032
25.830000000000002,-3.7407336525727644,-3.4780876716735207,0.020508636445461758
25.84,-3.7058685465239045,-3.5223259647081138,0.020570528281054608
25.85,-3.670568939496433,-3.5663020051768166,0.02063387598430483
25.86,-3.634837938515305,-3.61001078546472,0.02069870916842059
25.87,-3.5986786506054247,-3.653447297956974,0.02076505744661013
25.88,-3.5620941827917467,-3.696606535038671,0.02083295043208161
25.89,-3.5250876420991752,-3.7394834890949626,0.02090241773804328
25.900000000000002,-3.487662135552652,-3.7820731525109537,0.02097348897770332
25.91,-3.44982077017712,-3.824370517671751,0.021046193764269906
25.92,-3.411566652997483,-3.866370576962505,0.021120561710951297
25.93,-3.3729027041048583,-3.908068294266809,0.021196613068238224
25.94,-3.3338209746921526,-3.949457108005186,0.021273820456831842
25.95,-3.294318927025717,-3.990531680335812,0.021351917666245467
25.96,-3.2544008225123537,-4.031287783953908,0.02143097720091953
25.97,-3.21407092255892,-4.0717211915546345,0.021511071565294363
25.98,-3.1733334885722164,-4.111827675833214,0.021592273263810406
25.990000000000002,-3.1321927819590862,-4.151603009484823,0.02167465480090801
26.0,-3.0906530641263745,-4.191042965204639,0.021758288681027534
26.01,-3.0487185964808807,-4.230143315687881,0.021843247408609417
26.02,-3.0063936404294633,-4.268899833629714,0.021929603488093984
26.03,-2.9636824573789227,-4.307308291725356,0.022017429423921677
26.04,-2.9205893087361177,-4.345364462669971,0.022106797720532822
26.05,-2.8771184559078473,-4.383064119158778,0.02219778088236786
26.060000000000002,-2.8332741603009564,-4.420403033886956,0.022290451413867145
26.07,-2.7890606833222895,-4.457376979549681,0.022384881819471028
26.080000000000002,-2.744482286378645,-4.493981728842174,0.022481144603619958
26.09,-2.6995432308768836,-4.5302130544595975,0.022579312270754246
26.1,-2.654247778223803,-4.566066729097171,0.022679457325314352
26.11,-2.608600189826265,-4.601538525450059,0.022781652271740584
26.12,-2.5626047270910655,-4.6366242162134785,0.022885969614473402
26.13,-2.5162656514250674,-4.671319574082597,0.02299248185795311
26.14,-2.469587224235067,-4.70562037175263,0.023101261506620167
26.150000000000002,-2.42257370692791,-4.739522381918757,0.02321238106491492
26.16,-2.3752293609104425,-4.773021377276158,0.023325913037277716
26.17,-2.32755844758946,-4.806113130520046,0.023441929928149016
26.18,-2.279565228371826,-4.838793414345592,0.023560504241969118
26.19,-2.231249226653725,-4.8710555111553395,0.02368109186425378
26.2,-2.1826079621885643,-4.9028919386363885,0.023802852649015344
26.21,-2.1336464544960716,-4.934299353045849,0.02392589843543068
26.22,-2.0843698023305004,-4.965274453327404,0.02405035124715973
26.23,-2.034783104446033,-4.995813938424781,0.024176333107862623
26.240000000000002,-1.9848914595969054,-5.025914507281675,0.02430396604119934
26.25,-1.9346999665373523,-5.05557285884178,0.024433372070829865
26.26,-1.8842137240215562,-5.084785692048823,0.024564673220414328
26.27,-1.8334378308037707,-5.11354970584649,0.024697991513612665
26.28,-1.7823773856381773,-5.141861599178505,0.024833448974085005
26.29,-1.7310374872790302,-5.169718070988553,0.02497116762549128
26.3,-1.6794232344805107,-5.197115820220363,0.02511126949149162
26.310000000000002,-1.6275397259968547,-5.224051545817627,0.02525387659574601
26.32,-1.5753920605822986,-5.250521946724043,0.025399110961914433
26.330000000000002,-1.522985336991023,-5.2765237218833345,0.02554709461365702
26.34,-1.4703246539772827,-5.302053570239188,0.0256979495746337
26.35,-1.4174151102952584,-5.32710819073533,0.025851797868504608
26.36,-1.3642618046992054,-5.3516842823154445,0.026008761518929672
26.37,-1.3108698359433033,-5.375778543923256,0.026168962549569033
26.38,-1.2572443027818083,-5.399387674502454,0.026332522984082608
26.39,-1.2033903039688996,-5.422508372996759,0.02649956484613055
26.400000000000002,-1.1493129382588143,-5.44513733834987,0.026670210159372827
26.41,-1.0950169285870632,-5.467270903206793,0.02684448745461125
26.42,-1.0405018336658831,-5.488900498595753,0.027021113048457387
26.43,-0.9857713366130365,-5.510021869723064,0.027199767880594604
26.44,-0.9308310861521879,-5.5306327147193315,0.027380614131917478
26.45,-0.8756867310070799,-5.550730731715131,0.027563813983320338
26.46,-0.8203439199013772,-5.57031361884107,0.027749529615697772
26.47,-0.7648083015588223,-5.589379074227723,0.027937923209944107
26.48,-0.7090855247030792,-5.607924796005697,0.028129156946953924
26.490000000000002,-0.6531812380578714,-5.625948482305574,0.028323393007621614
26.5,-0.5971010903469226,-5.643447831257942,0.028520793572841565
26.51,-0.540850730293896,-5.660420540993402,0.028721520823508373
26.52,-0.48443580662253527,-5.676864309642535,0.028925736940516346
26.53,-0.427861968056504,-5.692776835335942,0.02913360410476009
26.54,-0.3711348633195459,-5.708155816204204,0.029345284497133906
26.55,-0.3142601411353241,-5.7229989503779235,0.029560940298532408
26.560000000000002,-0.25724345022756234,-5.737303935987685,0.02978073368984997
26.57,-0.2000904393199846,-5.751068471164076,0.030004826851980967
26.580000000000002,-0.14280675713625346,-5.764290254037697,0.030233381965820018
26.59,-0.08539805240011367,-5.776966982739128,0.030466561212261416
26.6,-0.027869973835227713,-5.789096355398971,0.03070452677219978
26.61,0.029771936276958365,-5.800675882602282,0.030947398307555714
26.62,0.08752542313635066,-5.811697396696045,0.03119395848842355
26.63,0.14538619678617548,-5.822156625954027,0.03144373830185862
26.64,0.20334824684317332,-5.8320523804588404,0.031696945440092564
26.650000000000002,0.26140556292402284,-5.841383470293087,0.03195378759535677
26.66,0.3195521346454026,-5.850148705539368,0.03221447245988261
26.67,0.37778195162405315,-5.858346896280296,0.03247920772590174
26.68,0.43608900347663243,-5.865976852598469,0.03274820108564544
26.69,0.49446727981988114,-5.873037384576499,0.033021660231345375
26.7,0.5529107702704571,-5.879527302296984,0.03329979285523281
26.71,0.6114134644451008,-5.885445415842535,0.03358280664953942
26.72,0.6699693519604705,-5.8907905352957535,0.03387090930649647
26.73,0.7285724224333064,-5.895561470739247,0.034164308518335636
26.740000000000002,0.7872166654802876,-5.89975703225562,0.034463211977288286
26.75,0.8458960707180921,-5.9033760299274745,0.03476782737558577
26.76,0.9046046277634611,-5.90641727383742,0.03507836240545979
26.77,0.9633363262330517,-5.908879574068059,0.03539502475914158
26.78,1.0220851557436055,-5.910761740701997,0.03571802212886284
26.79,1.0808451059117794,-5.912062583821839,0.036047562206854816
26.8,1.139610166354315,-5.912780913510191,0.036383852685349195
26.810000000000002,1.198374340874078,-5.912915491076086,0.03672709149772446
26.82,1.2571334207356288,-5.91245908034031,0.03707623833324889
26.830000000000002,1.3158825538122498,-5.911407148294075,0.03743066684695345
26.84,1.3746155927224433,-5.909759716086245,0.037790635831047664
26.85,1.4333263900847955,-5.907516804865679,0.03815640407774154
26.86,1.492008798517809,-5.904678435781242,0.038528230379244605
26.87,1.5506566706400695,-5.901244629981791,0.03890637352776688
26.88,1.6092638590700803,-5.897215408616193,0.03929109231551787
26.89,1.667824216426427,-5.892590792833307,0.03968264553470762
26.900000000000002,1.7263315953276333,-5.887370803781994,0.04008129197754576
26.91,1.7847798483922226,-5.881555462611119,0.04048729043624192
26.92,1.8431628282387809,-5.875144790469538,0.04090089970300615
26.93,1.901474387485811,-5.868138808506121,0.04132237857004793
26.94,1.9597083787518987,-5.860537537869721,0.041751985829577336
26.95,2.017858654655547,-5.852340999709207,0.04218998027380382
26.96,2.0759190678153416,-5.843549215173435,0.04263662069493747
26.97,2.133883470849786,-5.834162205411272,0.04309216588518773
26.98,2.1917457163774645,-5.824179991571574,0.0435568746367647
26.990000000000002,2.249499657016902,-5.813602594803205,0.04403100574187799
27.0,2.307139145386622,-5.802430036255032,0.04451481799273719
27.01,2.3646580341052097,-5.790662337075908,0.04500857018155242
27.02,2.4220505292354195,-5.778293311365298,0.04551159938697624
27.03,2.479310904589762,-5.765317622483559,0.046023285449091914
27.04,2.536433110569005,-5.751736638750065,0.04654396194660182
27.05,2.5934110975727807,-5.737551728507355,0.04707396246157714
27.060000000000002,2.650238816000663,-5.722764260097983,0.04761362057608851
27.07,2.706910216252224,-5.707375601864506,0.048163269872206545
27.080000000000002,2.763419248727097,-5.691387122149462,0.04872324393200243
27.09,2.8197598638248342,-5.6748001892954125,0.04929387633754659
27.1,2.8759260119450696,-5.657616171644896,0.04987550067091024
27.11,2.931911643487355,-5.639836437540474,0.05046845051416377
27.12,2.9877107088513233,-5.6214623553246845,0.05107305944937842
27.13,3.043317158436528,-5.60249529334009,0.05168966105862457
27.14,3.0987249426426016,-5.582936619929228,0.052318588923973466
27.150000000000002,3.1539280118691164,-5.562787703434653,0.05296017662749569
27.16,3.208920316515646,-5.542049912198924,0.053614757751261836
27.17,3.2636958069818234,-5.5207246145645765,0.05428266587734317
27.18,3.318248433667201,-5.498813178874174,0.05496423458781004
27.19,3.372572146971411,-5.476316973470252,0.05565979746473372
27.2,3.426660897294008,-5.453237366695376,0.056369688090184535
27.21,3.4805086350346226,-5.42957572689208,0.0570942400462338
27.22,3.5341093105928096,-5.40533342240293,0.05783378691495182
27.23,3.5874564794293167,-5.3805091734744375,0.05858845184650844
27.240000000000002,3.640542697132721,-5.355094504919703,0.059357787898730134
27.25,3.6933621213364924,-5.32909106833926,0.06014215498100759
27.26,3.7459090784338027,-5.302501618345585,0.060942000752458425
27.27,3.798177894817748,-5.275328909551195,0.061757772872199135
27.28,3.850162896881499,-5.247575696568568,0.06258991899934735
27.29,3.9018584110181522,-5.219244734010217,0.06343888679301955
27.3,3.9532587636208785,-5.190338776488621,0.06430512391233341
27.310000000000002,4.0043582810827925,-5.160860578616284,0.06518907801640567
27.32,4.05515128979701,-5.130812895005715,0.06609119676435307
27.330000000000002,4.105632116156701,-5.100198480269388,0.06701192781529335
27.34,4.1557950865549635,-5.069020089019821,0.06795171882834286
27.35,4.205634527384965,-5.037280475869489,0.06891101746261938
27.36,4.255144765039805,-5.00498239543091,0.06989027137723926
27.37,4.304320125912653,-4.972128602316558,0.07088992823132026
27.38,4.353154936396607,-4.938721851138952,0.07191043568397874
27.39,4.401643522884836,-4.9047648965105655,0.0729522413943325
27.400000000000002,4.449780211770454,-4.870260493043905,0.07401579302149822
27.41,4.497559329446579,-4.8352113953514815,0.07510153822459258
27.42,4.54497520230638,-4.7996203580457655,0.07620992466273341
27.43,4.592022156742955,-4.763490135739278,0.07734139999503697
27.44,4.638694519149471,-4.72682348304449,0.07849641188062116
27.45,4.684984622752161,-4.689617627047817,0.0796754654142176
27.46,4.730883939304709,-4.651867166249091,0.08087919439211327
27.47,4.77638738437075,-4.613576079511638,0.0821082071619136
27.48,4.821489919517642,-4.574748472127011,0.0833631112446667
27.490000000000002,4.86618650631269,-4.5353884493868035,0.08464451416141931
27.5,4.910472106323205,-4.495500116582608,0.08595302343321823
27.51,4.9543416811165395,-4.455087579005978,0.08728924658111156
27.52,4.997790192259988,-4.414154941948521,0.0886537911261456
27.53,5.040812601320904,-4.372706310701787,0.0900472645893685
27.54,5.083403869866581,-4.330745790557386,0.0914702744918265
27.55,5.125558959464374,-4.2882774868068685,0.09292342835456782
27.560000000000002,5.16727283168159,-4.245305504741829,0.09440733369863918
27.57,5.208540448085539,-4.201833949653862,0.09592259804508724
27.580000000000002,5.2493567702435735,-4.157866926834517,0.09746982891496031
27.59,5.289716759722989,-4.113408541575405,0.09904963382930447
27.6,5.329615378091137,-4.068462899168074,0.10066262030916809
27.61,5.369047586915314,-4.023034104904136,0.10230939587559722
27.62,5.408008347762871,-3.9771262640751375,0.10399056804964026
27.63,5.446492622201104,-3.9307434819726925,0.1057067443523432
27.64,5.484495371797364,-3.883889863888347,0.1074585323047545
27.650000000000002,5.522011558118963,-3.8365695151136974,0.10924653942792074
27.66,5.559036142733209,-3.78878654094034,0.11107137324288852
27.67,5.595559995439036,-3.7405381285719157,0.11293447749979085
27.68,5.631574146382441,-3.691821583201196,0.11483744106787273
27.69,5.667074441095003,-3.642642269250242,0.11678096432094426
27.7,5.702056727811869,-3.593005555688439,0.11876574710798199
27.71,5.736516854768238,-3.5429168114851,0.12079248927796529
27.72,5.770450670199259,-3.4923814056096103,0.12286189067987069
27.73,5.803854022340127,-3.4414047070312823,0.1249746511626776
27.740000000000002,5.836722759426006,-3.3899920847194838,0.12713147057536325
27.75,5.869052729692053,-3.3381489076435824,0.12933304876690482
27.76,5.9008397813734685,-3.2858805447728896,0.13158008558628184
27.77,5.932079762705401,-3.2331923650767926,0.1338732808824706
27.78,5.962768521923045,-3.1800897375246024,0.13621333450445078
27.79,5.992901907261553,-3.1265780310857063,0.1386009463011986
27.8,6.022475766956118,-3.072662614729415,0.14103681612169372
27.810000000000002,6.051485949241904,-3.018348857425097,0.14352164381491328
27.82,6.079928302354073,-2.963642128142121,0.14605612922983435
27.830000000000002,6.107798674527817,-2.908547795849797,0.1486409722154366
27.84,6.135092913998292,-2.853071229517513,0.15127687262069622
27.85,6.161806869000689,-2.797217798114579,0.15396453029459303
27.86,6.1879363877701605,-2.740992870610384,0.15670464508610304
27.87,6.2134773185419,-2.684401815974237,0.15949791684420622
27.88,6.238425509551061,-2.627450003175527,0.16234504541787848
27.89,6.262772447432208,-2.5701379327758467,0.1652481435739857
27.900000000000002,6.286505839278385,-2.5124617612797353,0.16821051341102422
27.91,6.3096225311781895,-2.4544277422325202,0.17123246746360093
27.92,6.332119631143008,-2.396042420084026,0.17431423301172053
27.93,6.353994247184192,-2.337312339284159,0.17745603733538337
27.94,6.375243487313129,-2.278244044282744,0.1806581077145943
27.95,6.395864459541171,-2.2188440795296875,0.18392067142935364
27.96,6.415854271879705,-2.1591189894748135,0.18724395575966626
27.97,6.435210032340084,-2.099075318568029,0.19062818798553238
27.98,6.4539288489336935,-2.0387196112591575,0.19407359538695698
27.990000000000002,6.472007829671895,-1.9780584119980857,0.19758040524394144
28.0,6.489444082566052,-1.9170982652347002,0.20114884483648704
28.01,6.506234715627547,-1.8558457154188237,0.20477914144459894
28.02,6.522376836867737,-1.794307307000365,0.20847152234827712
28.03,6.537867554298004,-1.7324895844291457,0.21222621482752677
28.04,6.552703975929706,-1.6703990921550753,0.2160434461623478
28.05,6.566883209774224,-1.608042374627975,0.21992344363274552
28.060000000000002,6.58040236384292,-1.5454259762977327,0.22386643451872112
28.07,6.593258546147162,-1.4825564416142356,0.2278726461002758
28.080000000000002,6.605448864698326,-1.419440315027305,0.23194230565741497
28.09,6.616970427507776,-1.356084140986851,0.23607564047013826
28.1,6.627820342586888,-1.2924944639426938,0.24027287781845125
28.11,6.637995717947023,-1.2286778283447444,0.24453424498235352
28.12,6.647493595782403,-1.1646407268470698,0.24885999179519527
28.13,6.656303114362141,-1.1003833313718123,0.2532528334965152
28.14,6.664416917491704,-1.035908239496466,0.25771347972985825
28.150000000000002,6.671833591355766,-0.9712226569782073,0.2622404390368662
28.16,6.678551722139003,-0.9063337895742125,0.2668322199591807
28.17,6.684569896026099,-0.841248843041589,0.2714873310384482
28.18,6.689886699201729,-0.7759750231375362,0.2762042808163086
28.19,6.694500717850575,-0.7105195356191614,0.2809815778344086
28.2,6.698410538157312,-0.6448895862436641,0.285817730634388
28.21,6.701614746306621,-0.5790923807681516,0.2907112477578934
28.22,6.704111928483179,-0.5131351249498236,0.29566063774656476
28.23,6.705900670871667,-0.44702502454578696,0.30066440914204867
28.240000000000002,6.706979559656763,-0.38076928531321796,0.30572107048598673
28.25,6.7073471810231435,-0.3143751130092941,0.31082913032002035
28.26,6.70700212115549,-0.2478497133911215,0.31598709718579643
28.27,6.70594296623848,-0.1812002922159005,0.3211934796249544
28.28,6.70416830245679,-0.11443405524073769,0.3264467861791414
28.29,6.701676715995103,-0.04755820822283341,0.33174552538999685
28.3,6.698466793038095,0.01942004308070633,0.33708820579916776
28.310000000000002,6.694537119770444,0.08649349291270414,0.34247333594829554
28.32,6.689879754449118,0.15365766562420285,0.34790133166071313
28.330000000000002,6.684485482738904,0.22090890721127968,0.35337158249898365
28.34,6.678354877050965,0.28823965478367974,0.35887972917800226
28.35,6.6714885704577584,0.3556423206689984,0.3644213918510799
28.36,6.6638871960317525,0.4231093171947351,0.3699921906715199
28.37,6.6555513868454055,0.4906330566884853,0.3755877457926334
28.38,6.6464817759711865,0.5582059514777484,0.3812036773677234
28.39,6.636678996481552,0.6258204138901198,0.3868356055501013
28.400000000000002,6.626143681448971,0.6934688562531229,0.39247915049307214
28.41,6.614876463945908,0.7611436908942811,0.39812993234994104
28.42,6.6028779770448205,0.8288373301411901,0.40378357127401926
28.43,6.590148853818179,0.896542186321349,0.4094356874186099
28.44,6.576689727338439,0.9642506717623536,0.41508190093702424
28.45,6.562501230678073,1.0319551987917026,0.42071783198256524
28.46,6.547583996909535,1.0996481797369924,0.4263391007085442
28.47,6.531938659105298,1.1673220269257218,0.4319413272682643
28.48,6.515565850337815,1.2349691526854862,0.4375201318150366
28.490000000000002,6.498466203679555,1.3025819693438092,0.4430711345021663
28.5,6.480640352202986,1.3701528892282147,0.44858995548295866
28.51,6.462084504995528,1.4376752049412473,0.4540722857603862
28.52,6.442788974459264,1.5051436748778877,0.4595128207660916
28.53,6.422756208930823,1.5725509288819122,0.4649049948701983
28.54,6.401989286342986,1.6398894785946059,0.4702422059996815
28.55,6.380491284628503,1.7071518356573496,0.4755178520815239
28.560000000000002,6.358265281720148,1.7743305117114527,0.4807253310427027
28.57,6.335314355550692,1.8414180183982243,0.48585804081019496
28.580000000000002,6.311641584052887,1.9084068673590453,0.49090937931098333
28.59,6.287250045159513,1.975289570235201,0.49587274447204327
28.6,6.262142816803319,2.042058638668072,0.5007415342203572
28.61,6.236322976917089,2.108706584298944,0.5055091464829007
28.62,6.209793603433568,2.1752259187691974,0.5101689791866562
28.63,6.182557774285542,2.241609153720118,0.5147144302585991
28.64,6.154618567405757,2.307848800793086,0.5191388976257119
28.650000000000002,6.125979060726988,2.3739373716294105,0.5234357792149719
28.66,6.09664233218201,2.439867377870402,0.5275984729533564
28.67,6.066611459703568,2.50563133115744,0.5316203767678476
28.68,6.035889356503632,2.571221738078487,0.5354948378451206
28.69,6.004469618448559,2.6366309184574557,0.5392124732886857
28.7,5.972351468090702,2.7018516647766386,0.5427660574653831
28.71,5.939540293593546,2.766877014286361,0.5461503425877119
28.72,5.906041483120622,2.831700004236854,0.5493600808681663
28.73,5.871860424835417,2.8963136718784424,0.5523900245192456
28.740000000000002,5.837002506901451,2.96071105446138,0.5552349257534449
28.75,5.801473117482244,3.0248851892359236,0.55788953678326
28.76,5.765277644741282,3.0888291134523955,0.5603486098211897
28.77,5.728421476842098,3.152535864361029,0.5626068970797288
28.78,5.6909100019481755,3.2159984792121468,0.5646591507713754
28.79,5.65274860822305,3.2792099952559814,0.5665001231086249
28.8,5.613942683830203,3.342163449742857,0.5681245663039752
28.810000000000002,5.574497616933156,3.404851879923028,0.5695272325699223
28.82,5.534418795695434,3.467268323046751,0.5707028741189625
28.830000000000002,5.493711608280515,3.5294058163643474,0.5716462431635932
28.84,5.452381442851939,3.5912573971260517,0.5723520919163105
28.85,5.410433058892895,3.652815906198465,0.572814736228926
28.86,5.367861956238196,3.7140714172871276,0.573023454293669
28.87,5.32467129925384,3.775016684948222,0.5729760221630915
28.88,5.280868020398172,3.835645678164715,0.5726732456066203
28.89,5.236459052129474,3.895952365919659,0.5721159303936815
28.900000000000002,5.1914513269060745,3.9559307171960425,0.5713048822937019
28.91,5.145851777186304,4.015574700976855,0.5702409070761086
28.92,5.099667335428444,4.0748782862451485,0.5689248105103273
28.93,5.05290493409084,4.133835441983891,0.5673573983657855
28.94,5.005571505631773,4.192440137176133,0.5655394764119086
28.95,4.957673982509589,4.250686340804845,0.5634718504181246
28.96,4.9092192971825686,4.308568021853077,0.5611553261538587
28.97,4.86021438210906,4.366079149303799,0.5585907093885388
28.98,4.810666169747341,4.4232136921400595,0.55577880589159
28.990000000000002,4.7605815925557415,4.47996561934485,0.5527204214324395
29.0,4.709967582992595,4.536328899901161,0.5494163617805152
29.01,4.658831073516179,4.59229750279204,0.5458674327052413
29.02,4.607178996584842,4.64786539700046,0.5420744399760469
29.03,4.555018284656862,4.703026551509469,0.5380381893623559
29.04,4.50235376813682,4.75777365226034,0.5337603197230606
29.05,4.449185658878591,4.812097047103964,0.5292473052014667
29.060000000000002,4.395520301094339,4.86599135825978,0.5245065090994493
29.07,4.341364532092747,4.919451527251652,0.5195452138161644
29.080000000000002,4.286725189182437,4.972472495603498,0.5143707017507628
29.09,4.23160910967211,5.025049204839161,0.5089902553024025
29.1,4.17602313087039,5.077176596482562,0.5034111568702336
29.11,4.119974090085977,5.128849612057544,0.4976406888534148
29.12,4.063468824627494,5.180063193088025,0.4916861336510958
29.13,4.0065141718036426,5.23081228109785,0.4855547736624353
29.14,3.949116968923045,5.281091817610936,0.4792538912865832
29.150000000000002,3.891284053294383,5.330896744151148,0.4727907689226958
29.16,3.833022262226339,5.3802220022423475,0.4661726889699298
29.17,3.7743384330275336,5.429062533408452,0.45940693382743475
29.18,3.715239403006671,5.477413279173308,0.4525007858943697
29.19,3.6557320094723713,5.525269181060832,0.4454615275698839
29.2,3.5958225368672996,5.572624641984394,0.43829717942747165
29.21,3.535513637485574,5.619471010721786,0.4310210323529867
29.22,3.474810748372017,5.6658031656374614,0.42364336848940765
29.23,3.413720052065293,5.7116167784839345,0.41617353291524306
29.240000000000002,3.3522477311041325,5.756907521013671,0.40862087070900954
29.25,3.290399968027265,5.801671064979138,0.40099472694922367
29.26,3.2281829453733546,5.845903082132851,0.39330444671439396
29.27,3.1656028456811542,5.889599244227259,0.3855593750830398
29.28,3.102665851489327,5.932755223014877,0.3777688571336696
29.29,3.0393781453366264,5.975366690248156,0.36994223794480285
29.3,2.975745909761715,6.017429317679609,0.36208886259494777
29.310000000000002,2.9117753273033244,6.0589387770617025,0.35421807616262124
29.32,2.847472580500184,6.099890740146906,0.34633922372633985
29.330000000000002,2.7828438518909575,6.14028087868773,0.3384616503646119
29.34,2.71789519992404,6.180104775991882,0.3305946685676177
29.35,2.6526286718602514,6.219355367714085,0.3227461467330809
29.36,2.587048170452129,6.2580274858241145,0.31492337957141586
29.37,2.521159513554951,6.2961174206804404,0.3071339920238566
29.38,2.4549685190240895,6.333621462641477,0.2993856090316481
29.39,2.388481004714822,6.370535902065693,0.29168585553602455
29.400000000000002,2.3217027884824977,6.406857029311514,0.2840423564782281
29.41,2.254639688182465,6.44258113473737,0.27646273679950106
29.42,2.1872975216700015,6.477704508701729,0.26895462144107757
29.43,2.11968210680048,6.512223441563005,0.2615256353442025
29.44,2.051799261429178,6.546134223679665,0.2541834034501101
29.45,1.983654803411468,6.5794331454101265,0.24693555070004514
29.46,1.915254550602627,6.612116497112853,0.239789702035242
29.47,1.8466043208580287,6.644180569146265,0.23275348239694532
29.48,1.7777099317604634,6.675621651763003,0.22583451608392882
29.490000000000002,1.708572283034583,6.706434213846043,0.21902827641966552
29.5,1.6391925353537715,6.7366131743486255,0.21232866185794685
29.51,1.5695766805419673,6.766155414300232,0.20574042223472924
29.52,1.4997307104232072,6.795057814730303,0.1992683073859785
29.53,1.429660616821429,6.823317256668321,0.19291706714765128
29.54,1.35937239156067,6.850930621143725,0.1866914513557132
29.55,1.2888720264648679,6.877894789185998,0.18059620984612101
29.560000000000002,1.2181655133580351,6.90420664182459,0.17463609245483813
29.57,1.1472588440641842,6.929863060088954,0.16881584901782784
29.580000000000002,1.0761580104072523,6.9548609250085685,0.1631402293710471
29.59,1.0048690042112778,6.979197117612877,0.15761398335046117
29.6,0.9333978173001972,7.002868518931359,0.15224186079202728
29.61,0.8617504414980488,7.025872009993456,0.14702861153171043
29.62,0.7899326217970415,7.048204400078565,0.1419780240606352
29.63,0.7179418380949325,7.0698602163668,0.13706070003307336
29.64,0.6457803463882151,7.09083570631765,0.13226309626583135
29.650000000000002,0.5734547660861564,7.111128440789868,0.12758820865463072
29.66,0.5009717165980236,7.130735990642204,0.12303903309519276
29.67,0.4283378173330072,7.149655926733433,0.118618565483234
29.68,0.3555596877004001,7.167885819922301,0.11432980171447732
29.69,0.2826439471093921,7.185423241067579,0.11017573768463938
29.7,0.20959721496927697,7.2022657610280145,0.10615936928944289
29.71,0.13642611068924415,7.218410950662379,0.10228369242460475
29.72,0.06313725367858725,7.233856380829419,0.0985517029858474
29.73,-0.0102627366535043,7.248599622387905,0.09496639686888794
29.740000000000002,-0.08376724089776244,7.262638246196592,0.0915307699694475
29.75,-0.1573696396449199,7.275969823114234,0.08824781818324692
29.76,-0.2310633135342891,7.288591923984595,0.08512053716021428
29.77,-0.3048486574020065,7.300500056817137,0.08211573117832009
29.78,-0.3787255924944149,7.311690301342406,0.07920003290862832
29.79,-0.45268689996471,7.322161051683647,0.07637561858715275
29.8,-0.5267253609661926,7.331910701964123,0.07364466444990314
29.810000000000002,-0.6008337566520847,7.340937646307085,0.07100934673289226
29.82,-0.6750048681756082,7.349240278835784,0.06847184167213276
29.830000000000002,-0.749231476690064,7.3568169936734815,0.06603432550363456
29.84,-0.8235063633486472,7.363666184943426,0.06369897446341116
29.85,-0.8978223093046594,7.369786246768879,0.06146796478747264
29.86,-0.9721720957112958,7.375175573273089,0.05934347271183233
29.87,-1.0465485037218571,7.379832558579315,0.05732767447250048
29.88,-1.1209443144895395,7.383755596810809,0.05542274630549027
29.89,-1.195352309167643,7.386943082090827,0.05363086444681209
29.900000000000002,-1.2697652918049378,7.389393398479489,0.051954066625839686
29.91,-1.3441821957851163,7.3911023807179665,0.05035682645179183
29.92,-1.4186003835938457,7.392067063853106,0.0488114124397855
29.93,-1.4930123144086689,7.392286749894044,0.047319380952415016
29.94,-1.567410447407234,7.391760740849922,0.04588228835227253
29.95,-1.6417872417670836,7.390488338729881,0.04450169100195226
29.96,-1.7161351566658658,7.388468845543057,0.04317914526404644
29.97,-1.7904466512811235,7.385701563298594,0.04191620750114921
29.98,-1.8647141847905044,7.382185794005627,0.04071443407585289
29.990000000000002,-1.938930216371578,7.3779208396732985,0.03957538135075114
30.0,-2.0130872052019133,7.372906002310749,0.03850060568843755
30.01,-2.0871776104591584,7.367140583927116,0.037491663451504564
30.02,-2.1611938913208553,7.360623886531541,0.0365501110025461
30.03,-2.235128506964653,7.3533552121331605,0.03567750470415469
30.04,-2.3089759956878932,7.345332301506223,0.03486084336208253
30.05,-2.3827332290694825,7.336551609990908,0.03407020757799288
30.060000000000002,-2.4563927306746347,7.327013259961981,0.03330562119194364
30.07,-2.529946874003259,7.31671749299963,0.032568150651428124
30.080000000000002,-2.603388032555344,7.305664550684035,0.031858862403938856
30.09,-2.676708579830774,7.293854674595388,0.031178822896969407
30.1,-2.749900889329536,7.281288106313866,0.030529098578012333
30.11,-2.822957334551515,7.267965087419664,0.029910755894561155
30.12,-2.895870288996699,7.253885859492956,0.029324861294108485
30.13,-2.968632126164971,7.23905066411394,0.028772481224147793
30.14,-3.0412352195563193,7.223459742862787,0.028254682132171742
30.150000000000002,-3.1136719426706545,7.207113337319691,0.02777253046567359
30.16,-3.185934679494677,7.190011671179919,0.027327004390643995
30.17,-3.2580177268621493,7.172151919817646,0.026903044035174243
30.18,-3.32991493400829,7.153532754374739,0.02648957998263939
30.19,-3.4016187490295855,7.1341553912806415,0.026087385375217015
30.2,-3.4731216200224218,7.114021046964829,0.02569723335508528
30.21,-3.5444159950832854,7.093130937856744,0.02531989706442178
30.22,-3.615494322308562,7.071486280385863,0.02495614964540467
30.23,-3.686349049794738,7.049088290981628,0.02460676424021156
30.240000000000002,-3.7569726256382245,7.025938186073508,0.024272513991020456
30.25,-3.8273574979354326,7.0020371820909695,0.023954172040009346
30.26,-3.8974961147828484,6.977386495463454,0.023652511529355887
30.27,-3.967380924276858,6.95198734262044,0.02336830560123816
30.28,-4.0370043745139474,6.925840939991369,0.02310232739783384
30.29,-4.106358978511699,6.898948150772338,0.022854411375646103
30.3,-4.17543806615514,6.871306064733427,0.022613486403228907
30.310000000000002,-4.244234540526883,6.842915502649613,0.022376552964432028
30.32,-4.312741076378594,6.8137786904946,0.02214413265352872
30.330000000000002,-4.380950348462007,6.7838978542420625,0.021916747064792002
30.34,-4.448855031528762,6.753275219865715,0.021694917792495213
30.35,-4.516447800330594,6.72191301333923,0.02147916643091137
30.36,-4.583721329619142,6.689813460636324,0.02127001457431381
30.37,-4.650668294146142,6.656978787730667,0.021067983816975555
30.38,-4.717281368663232,6.623411220595978,0.020873595753169934
30.39,-4.783553227922149,6.589112985205926,0.020687371977169983
30.400000000000002,-4.849476546674555,6.554086307534217,0.02050983408324895
30.41,-4.915043999672115,6.518333413554558,0.020341503665680077
30.42,-4.980248232556983,6.481856215462943,0.02018249033411074
30.43,-5.045081564308447,6.444652242013551,0.020026705738913225
30.44,-5.109536861857119,6.406722973511922,0.019872246463235443
30.45,-5.173607184648202,6.3680717136203,0.01971947388865224
30.46,-5.23728559212699,6.328701766000879,0.019568749396738246
30.47,-5.300565143738686,6.288616434315905,0.019420434369068307
30.48,-5.363438898928581,6.247819022227569,0.01927489018721705
30.490000000000002,-5.425899917141904,6.206312833398105,0.019132478232759265
30.5,-5.487941257823879,6.164101171489745,0.01899355988726974
30.51,-5.549555980419799,6.1211873401646795,0.01885849653232311
30.52,-5.61073714437487,6.077574643085159,0.01872764954949421
30.53,-5.67147780913438,6.03326638391337,0.018601380320357682
30.54,-5.731771034143539,5.988265866311564,0.01848005022648835
30.55,-5.791609878847634,5.942576393941928,0.01836402064946087
30.560000000000002,-5.850987329675506,5.896201020249439,0.018253479320125898
30.57,-5.909894946144061,5.849137684145563,0.018144828191854093
30.580000000000002,-5.968325632438104,5.801388371379935,0.018036687616269583
30.59,-6.026273032187413,5.752957519483737,0.01792929304379539
30.6,-6.083730789021855,5.703849565988086,0.01782287992485438
30.61,-6.1406925465712074,5.6540689484241655,0.017717683709869574
30.62,-6.197151948465335,5.603620104323091,0.017613939849263835
30.63,-6.253102638334018,5.552507471216046,0.017511883793460182
30.64,-6.3085382598071185,5.500735486634147,0.01741175099288149
30.650000000000002,-6.363452456514439,5.448308588108559,0.01731377689795073
30.66,-6.417838872085781,5.395231213170452,0.017218196959090888
30.67,-6.471691150151006,5.341507799350938,0.017125246626724835
30.68,-6.525002934339898,5.287142784181205,0.017035161351275578
30.69,-6.577767868282314,5.232140605192364,0.016948176583166
30.7,-6.629979595608042,5.176505699915603,0.016864527772819105
30.71,-6.681631759946939,5.120242505882035,0.016784450370657775
30.72,-6.732715776258429,5.0633507900785,0.016706356229037718
30.73,-6.783223535431132,5.005830938268253,0.01662853712565414
30.740000000000002,-6.8331495222244465,4.9476885777257,0.016551145692744716
30.75,-6.882488221587421,4.888929336115175,0.01647433470760975
30.76,-6.931234118469158,4.8295588411009485,0.016398256947549476
30.77,-6.979381697818688,4.769582720347375,0.01632306518986423
30.78,-7.026925444585115,4.709006601518723,0.01624891221185424
30.79,-7.073859843717468,4.64783611227935,0.01617595079081984
30.8,-7.12017938016485,4.586076880293522,0.016104333704061273
30.810000000000002,-7.165878538876309,4.523734533225574,0.016034213728878834
30.82,-7.210951804800898,4.46081469873984,0.01596574364257284
30.830000000000002,-7.255393662887712,4.397323004500588,0.015899076222443524
30.84,-7.2991985980857885,4.333265078172175,0.01583436424579121
30.85,-7.342361095344225,4.268646547418868,0.015771760489916145
30.86,-7.3848756396120585,4.203473039905025,0.01571141773211865
30.87,-7.426736715838383,4.13775018329491,0.01565348874969897
30.88,-7.467938808972238,4.071483605252885,0.015598126319957425
30.89,-7.508472803389456,4.004673737757358,0.015544386271177567
30.900000000000002,-7.548329751800408,3.9373209394019155,0.015491093562569275
30.91,-7.58750530392301,3.869432025504409,0.015438315930285789
30.92,-7.625995115537234,3.8010138200083627,0.015386122848635263
30.93,-7.663794842423003,3.732073146857399,0.015334583791925925
30.94,-7.700900140360291,3.662616829995041,0.015283768234465927
30.95,-7.737306665129023,3.592651693364912,0.015233745650563495
30.96,-7.773010072509172,3.522184560910536,0.015184585514526786
30.970000000000002,-7.808006018280673,3.4512222565755097,0.015136357300664007
30.98,-7.842290158223463,3.3797716043034325,0.015089130483283364
30.990000000000002,-7.875858148117514,3.307839428037827,0.015042974536693015
31.0,-7.908705643742752,3.2354325517223166,0.014997958935201184
31.01,-7.940828300879148,3.1625577993004237,0.014954153153116026
31.02,-7.972221775306628,3.089221994715774,0.014911626664745764
31.03,-8.002881722805162,3.0154319619118874,0.01487044894439856
31.04,-8.032803799154678,2.9411945248323894,0.014830689466382631
31.05,-8.061983660135146,2.866516507420801,0.014792417705006139
31.060000000000002,-8.090416961526502,2.7914047336207224,0.01475570313457729
31.07,-8.118099359108687,2.7158660273757524,0.014720615229404287
31.080000000000002,-8.145021104560868,2.6399018620978874,0.014686802523948325
31.09,-8.17116968193861,2.5635107059659927,0.014653596916004694
31.1,-8.196542304895289,2.4867004658406326,0.014621014018284976
31.11,-8.221136343021723,2.4094792014059356,0.014589080991925046
31.12,-8.244949165908764,2.331854972345921,0.014557824998060725
31.13,-8.26797814314723,2.253835838344718,0.014527273197827881
31.14,-8.290220644327972,2.1754298590863455,0.014497452752362344
31.150000000000002,-8.311674039041819,2.096645094254905,0.014468390822799966
31.16,-8.332335696879598,2.017489603534499,0.014440114570276608
31.17,-8.352202987432157,1.9379714466091453,0.014412651155928094
31.18,-8.37127328029032,1.8580986831629756,0.014386027740890293
31.19,-8.389543945044933,1.777879372880006,0.014360271486299031
31.2,-8.40701235128682,1.6973215754443682,0.014335409553290174
31.21,-8.423675868606828,1.6164333505400794,0.014311469102999554
31.220000000000002,-8.439531866595786,1.5352227578512423,0.014288477296563021
31.23,-8.454577714844524,1.4536978570619594,0.014266461295116432
31.240000000000002,-8.468810782943887,1.3718667078562479,0.014245448259795622
31.25,-8.4822284404847,1.2897373699182397,0.014225465351736447
31.26,-8.49482805705781,1.2073179029319503,0.014206539732074744
31.27,-8.50660700225404,1.1246163665815128,0.014188698561946371
31.28,-8.517562645664235,1.0416408205509429,0.014171969002487163
31.29,-8.527692356879223,0.9583993245243732,0.014156378214832979
31.3,-8.536993505489846,0.8748999381858191,0.014141953360119653
31.310000000000002,-8.545463309879995,0.791150607114266,0.014128719995631941
31.32,-8.553089518537197,0.7071519854204674,0.01411658624016517
31.330000000000002,-8.559865023641615,0.6229081634418967,0.014105462660413872
31.34,-8.565788969906931,0.5384278660943311,0.014095316342325252
31.35,-8.57086050204684,0.45371981829342806,0.014086114371846497
31.36,-8.575078764775025,0.3687927449549651,0.014077823834924806
31.37,-8.578442902805177,0.2836553709945997,0.01407041181750737
31.38,-8.580952060850985,0.19831642132810934,0.014063845405541389
31.39,-8.582605383626134,0.11278462087115126,0.014058091684974053
31.400000000000002,-8.583402015844317,0.027068694539473026,0.014053117741752557
31.41,-8.583341102219219,-0.058822632751177606,0.014048890661824099
31.42,-8.582421787464531,-0.14488063608514357,0.01404537753113587
31.43,-8.58064321629394,-0.23109659054664689,0.014042545435635065
31.44,-8.578004533421133,-0.3174617712200307,0.01404036146126888
31.45,-8.5745048835598,-0.403967453189517,0.01403879269398451
31.46,-8.570143411423631,-0.4906049115394491,0.014037806219729148
31.470000000000002,-8.564919261726311,-0.5773654213540793,0.014037369124449991
31.48,-8.558831579181533,-0.6642402577176589,0.01403744849409423
31.490000000000002,-8.55187950850298,-0.7512206957145324,0.014038011414609064
31.5,-8.544062194404345,-0.8382980104289202,0.014039024971941682
31.51,-8.535378781599313,-0.9254634769451673,0.014040456252039285
31.52,-8.525826542505225,-1.0127092317932105,0.014042301698663382
31.53,-8.515394204192159,-1.1000315174843698,0.014044733358509297
31.54,-8.5040807049925,-1.1874221472378006,0.014047827380464988
31.55,-8.49188686268147,-1.2748720884739853,0.014051634965052533
31.560000000000002,-8.47881349503431,-1.362372308613313,0.014056207312794009
31.57,-8.464861419826248,-1.4499137750761733,0.014061595624211493
31.580000000000002,-8.45003145483251,-1.5374874552830484,0.014067851099827064
31.59,-8.434324417828341,-1.6250843166542963,0.014075024940162797
31.6,-8.417741126588956,-1.7126953266103997,0.014083168345740773
31.61,-8.4002823988896,-1.8003114525717163,0.014092332517083063
31.62,-8.381949052505492,-1.887923661958729,0.014102568654711753
31.63,-8.362741905211879,-1.975522922191796,0.014113927959148911
31.64,-8.342661774783974,-2.063100200691399,0.014126461630916624
31.650000000000002,-8.321709478997018,-2.150646464877928,0.014140220870536966
31.66,-8.299885835626252,-2.238152682171772,0.014155256878532007
31.67,-8.277191662446889,-2.3256098199934128,0.014171620855423835
31.68,-8.253627777234177,-2.4130088457632093,0.014189364001734518
31.69,-8.229194997763333,-2.5003407269016433,0.014208537517986144
31.7,-8.203894141809602,-2.587596430829074,0.014229192604700779
31.71,-8.177719630355492,-2.6747681860725736,0.014251326750374672
31.720000000000002,-8.150660070502092,-2.7618495540503627,0.014274822823948699
31.73,-8.122717958269009,-2.8488315159749056,0.014299624647971803
31.740000000000002,-8.093896221092457,-2.935704970398573,0.014325678824370896
31.75,-8.064197786408691,-3.022460815873612,0.014352931955072852
31.76,-8.033625581653922,-3.1090899509523937,0.014381330642004583
31.77,-8.002182534264406,-3.195583274187166,0.014410821487092959
31.78,-7.969871571676354,-3.281931684130299,0.014441351092264895
31.79,-7.936695621326022,-3.368126079334041,0.01447286605944726
31.8,-7.902657610649621,-3.454157358350762,0.014505312990566972
31.810000000000002,-7.867760467083395,-3.540016419732741,0.014538638487550907
31.82,-7.832007118063591,-3.6256941620322563,0.014572789152325948
31.830000000000002,-7.795400491026417,-3.7111814838016786,0.01460771158681901
31.84,-7.757943513408132,-3.7964692835932556,0.014643352392956964
31.85,-7.719639112644944,-3.881548459959358,0.014679658172666723
31.86,-7.680490216173113,-3.9664099114522338,0.014716575527875156
31.87,-7.640499751428845,-4.051044536624252,0.01475405106050918
31.88,-7.599670645848402,-4.1354432340276635,0.014792031372495662
31.89,-7.558005826867987,-4.219596902214835,0.01483046306576152
31.900000000000002,-7.5155082219238505,-4.303496439738048,0.014869292742233635
31.91,-7.4721807584522395,-4.3871327451495805,0.01490846700383888
31.92,-7.428026363889358,-4.470496717001801,0.014947932452504182
31.93,-7.383047965671469,-4.553579253846961,0.0149876356901564
31.94,-7.337245975290756,-4.6363715019479885,0.015027592380621546
31.95,-7.290611810876418,-4.718865731161952,0.015068155968598718
31.96,-7.243148270339497,-4.801053423047945,0.015109494319116462
31.970000000000002,-7.194859795335467,-4.882925916629475,0.015151737545715459
31.98,-7.1457508275198025,-4.964474550930053,0.015195015761936395
31.990000000000002,-7.095825808547928,-5.045690664973274,0.015239459081319993
32.0,-7.045089180075335,-5.126565597782621,0.015285197617406921
32.01,-6.993545383757464,-5.20709068838166,0.015332361483737891
32.02,-6.941198861249737,-5.287257275793987,0.015381080793853634
32.03,-6.888054054207684,-5.367056699043026,0.015431485661294778
32.04,-6.8341154042867265,-5.446480297152373,0.015483706199602055
32.05,-6.779387353142322,-5.525519409145567,0.01553787252231616
32.06,-6.72387434242989,-5.604165374046202,0.015594114742977831
32.07,-6.667580813804965,-5.682409530877705,0.015652562975127685
32.08,-6.610511208922967,-5.76024321866367,0.01571334733230646
32.09,-6.552669969439311,-5.837657776427692,0.015776597928054893
32.1,-6.494061537009538,-5.914644543193197,0.015842444875913596
32.11,-6.434689306108511,-5.991194655903495,0.015910857975275815
32.12,-6.374548969833212,-6.067297871983272,0.015980537372847676
32.13,-6.313644170212056,-6.14294567923456,0.016051233202437645
32.14,-6.251980795161019,-6.218130017503732,0.01612302358059998
32.15,-6.18956473259595,-6.2928428266373215,0.016195986623889085
32.160000000000004,-6.1264018704326935,-6.367076046481862,0.016270200448859358
32.17,-6.0624980965872295,-6.440821616883727,0.01634574317206505
32.18,-5.997859298975404,-6.514071477689452,0.01642269291006056
32.19,-5.9324913655131075,-6.5868175687455155,0.016501127779400247
32.2,-5.866400184116184,-6.659051829898449,0.016581125896638516
32.21,-5.7995916427006176,-6.730766200994632,0.016662765378329603
32.22,-5.732071629182251,-6.801952621880594,0.01674612434102792
32.230000000000004,-5.663846031476927,-6.872603032402867,0.016831280901287878
32.24,-5.594920737500634,-6.94270937240783,0.01691831317566371
32.25,-5.525301635169212,-7.012263581742014,0.017007299280709823
32.26,-5.454994612398553,-7.081257600251899,0.017098317332980575
32.27,-5.384005557104498,-7.149683367784014,0.017191445449030382
32.28,-5.3123399272030305,-7.217532653318024,0.017286715541927747
32.29,-5.239995397314867,-7.284794226077103,0.017383310649890855
32.3,-5.16697573503521,-7.351459501284865,0.017481038147223328
32.31,-5.0932881741297225,-7.417521303055875,0.017580073588301704
32.32,-5.018939948364221,-7.482972455504554,0.01768059252750232
32.33,-4.943938291504368,-7.547805782745464,0.017782770519201723
32.34,-4.868290437315822,-7.612014108893167,0.017886783117776462
32.35,-4.792003619564402,-7.675590258062086,0.01799280587760286
32.36,-4.7150850720157695,-7.738527054366783,0.018101014353057464
32.37,-4.637542028435638,-7.800817321921772,0.018211584098516753
32.38,-4.559381722589664,-7.862453884841614,0.018324690668357284
32.39,-4.480611388243671,-7.923429567240736,0.018440509616955363
32.4,-4.401238259163318,-7.983737193233697,0.01855921649868755
32.410000000000004,-4.321269569114261,-8.043369586935055,0.018680986867930408
32.42,-4.240712551862327,-8.102319572459242,0.01880599627906023
32.43,-4.159574441173171,-8.160579973920814,0.01893442028645359
32.44,-4.077862470812509,-8.218143615434288,0.01906643444448695
32.45,-3.995583874545992,-8.27500332111422,0.019202214307536887
32.46,-3.9127434896347557,-8.331150389495367,0.01934136702009464
32.47,-3.8293409436984156,-8.386572988016134,0.01948217052520192
32.480000000000004,-3.7453839461742304,-8.441264641868834,0.019624712081744888
32.49,-3.6608809007853993,-8.495219326327499,0.019769239526118754
32.5,-3.5758402112549414,-8.548431016666274,0.019916000694719046
32.51,-3.4902702813059365,-8.600893688159266,0.020065243423941184
32.52,-3.4041795146614016,-8.652601316080617,0.020217215550180696
32.53,-3.3175763150445383,-8.703547875704361,0.02037216490983279
32.54,-3.230469086178365,-8.753727342304641,0.020530339339292998
32.55,-3.1428662317859613,-8.803133691155567,0.020691986674956735
32.56,-3.0547761555903423,-8.851760897531276,0.020857354753219547
32.57,-2.9662072613147132,-8.89960293670581,0.021026691410476618
32.58,-2.8771679526820906,-8.946653783953305,0.02120024448312349
32.59,-2.78766663341549,-8.992907414547906,0.021378261807555705
32.6,-2.697711707238117,-9.03835780376365,0.021560991220168437
32.61,-2.6073115778729887,-9.08299892687468,0.021748680557357233
32.62,-2.5164746490431824,-9.1268247591551,0.021941577655517512
32.63,-2.425209314914258,-9.169829266471169,0.02213992719081754
32.64,-2.333518805307482,-9.212001412908068,0.022342226137670135
32.65,-2.2414078270424516,-9.253331916116359,0.022547312898326764
32.660000000000004,-2.1488857405323376,-9.293816143046957,0.022755531005263244
32.67,-2.0559619061905066,-9.333449460650685,0.022967223990954966
32.68,-1.9626456844301283,-9.372227235878459,0.023182735387877754
32.69,-1.868946435664439,-9.410144835681162,0.02340240872850728
32.7,-1.7748735203066066,-9.447197627009707,0.023626587545319384
32.71,-1.6804362987700006,-9.483380976814923,0.02385561537078943
32.72,-1.5856441314677898,-9.51869025204772,0.02408983573739325
32.730000000000004,-1.490506378813142,-9.55312081965901,0.024329592177606697
32.74,-1.395032401219428,-9.586668046599627,0.024575228223905104
32.75,-1.299231559099816,-9.61932729982048,0.024827087408764322
32.76,-1.2031132128675415,-9.651093946272452,0.025085513264660023
32.77,-1.1066867229357713,-9.68196335290645,0.02535084932406808
32.78,-1.0099614497178786,-9.711930886673317,0.02562343911946379
32.79,-0.912946753627029,-9.740991914523956,0.025903626183323026
32.8,-0.81565199507646,-9.769141803409253,0.026191754048121456
32.81,-0.7180860894219654,-9.796375265467201,0.02648795689188234
32.82,-0.6202533218468789,-9.822680363395683,0.02679013134188144
32.83,-0.5221621370750492,-9.84805161530058,0.027098008111575277
32.84,-0.4238225564546108,-9.872485896684879,0.027412045780359936
32.85,-0.32524460133390776,-9.895980083051509,0.027732702927630852
32.86,-0.22643829306107466,-9.918531049903455,0.02806043813278412
32.87,-0.12741365298431562,-9.940135672743686,0.028395709975215608
32.88,-0.028180702451764406,-9.960790827075181,0.02873897703432144
32.89,0.07125053718823326,-9.980493388400879,0.029090697889497003
32.9,0.17087004458754362,-9.999240232223759,0.029451331120138407
32.910000000000004,0.2706677983980339,-10.017028234046803,0.029821335305641794
32.92,0.37063377727135705,-10.033854269372952,0.030201169025402513
32.93,0.47075795985938007,-10.049715213705186,0.03059129085881669
32.94,0.5710303248138988,-10.064607942546472,0.030992159385280212
32.95,0.6714408507867802,-10.078529331399784,0.03140423318418924
32.96,0.7719795164296768,-10.091476255768072,0.03182797083493906
32.97,0.8726363003944562,-10.10344559115431,0.032263830916925834
32.980000000000004,0.9734022410825341,-10.114431708959902,0.032711619664362285
32.99,1.0742701893332984,-10.12442497024843,0.033170002639897736
33.0,1.175229928404724,-10.133423268582087,0.03363950762761095
33.01,1.2762710425705321,-10.141424976130978,0.03412078412600029
33.02,1.3773831161045156,-10.148428465065212,0.03461448163356448
33.03,1.4785557332802521,-10.154432107554886,0.0351212496488012
33.04,1.5797784783715343,-10.159434275770112,0.03564173767020916
33.05,1.6810409356520832,-10.163433341880994,0.03617659519628673
33.06,1.7823326893956928,-10.166427678057643,0.03672647172553267
33.07,1.883643323875939,-10.168415656470156,0.03729201675644459
33.08,1.9849624233666154,-10.169395649288644,0.037873879787521235
33.09,2.0862795721415153,-10.169366028683212,0.038472710317261405
33.1,2.1875843544742155,-10.168325166823966,0.03908915784416263
33.11,2.28886635463851,-10.166271435881013,0.03972387186672369
33.12,2.3901151569081183,-10.163203208024456,0.040377501883442954
33.13,2.4913207803863897,-10.159116757029931,0.04105035148590655
33.14,2.5924743992707033,-10.154002977405279,0.04174190428573135
33.15,2.693565530969181,-10.147861001572572,0.04245308492934024
33.160000000000004,2.7945835160335686,-10.140690826525754,0.04318496438323338
33.17,2.8955176950153962,-10.13249244925879,0.04393861361390938
33.18,2.9963574084664115,-10.123265866765625,0.04471510358786841
33.19,3.0970919969382873,-10.113011076040207,0.04551550527161013
33.2,3.19771080098277,-10.101728074076481,0.04634088963163477
33.21,3.298203161151391,-10.089416857868416,0.04719232763444081
33.22,3.3985584179958965,-10.076077424409952,0.04807089024652849
33.230000000000004,3.4987659120680314,-10.061709770695032,0.04897764843439811
33.24,3.598814983919328,-10.046313893717624,0.049913673164548034
33.25,3.6986949741015316,-10.029889790471673,0.05088003540347853
33.26,3.7983952231663167,-10.012437457951128,0.05187780611768928
33.27,3.897905071665429,-9.993956893149926,0.052908056273680656
33.28,3.9972138626227838,-9.974448058071479,0.05397185440731022
33.29,4.096311324497307,-9.95390549995197,0.055070048005912246
33.3,4.195187017112479,-9.932326288765596,0.0562041859673904
33.31,4.293830193405263,-9.90971186637518,0.05737623166635907
33.32,4.392230106312409,-9.886063674643589,0.05858814847743013
33.33,4.49037600877088,-9.861383155433648,0.05984189977521795
33.34,4.588257153717638,-9.835671750608176,0.061139448934337
33.35,4.685862794089435,-9.808930902030047,0.06248275932939899
33.36,4.783182182823234,-9.781162051562081,0.06387379433501837
33.37,4.880204572855925,-9.752366641067116,0.06531451732580867
33.38,4.976919217124471,-9.722546112407969,0.06680689167638454
33.39,5.073315368565624,-9.69170190744752,0.06835288076135737
33.4,5.169382280116348,-9.659835468048588,0.06995444795534175
33.410000000000004,5.265109204656909,-9.626948235022745,0.07161355660247255
33.42,5.360485152130987,-9.593037695936674,0.07333234037975074
33.43,5.455499079162327,-9.5581024867952,0.0751140701026596
33.44,5.550140137822801,-9.522145385250543,0.0769624038511931
33.45,5.644397480184347,-9.4851691689549,0.07888099970534662
33.46,5.738260258318702,-9.44717661556055,0.08087351574511141
33.47,5.831717624297803,-9.408170502719688,0.08294361005048279
33.480000000000004,5.924758730193588,-9.36815360808451,0.08509494070145626
33.49,6.017372728077795,-9.327128709307296,0.08733116577802276
33.5,6.1095487700223625,-9.285098584040243,0.08965594336017776
33.51,6.201276008099161,-9.242066009935574,0.09207293152791526
33.52,6.292543594380127,-9.198033764645478,0.09458578836123102
33.53,6.383340648569024,-9.153004294352982,0.09719811689499322
33.54,6.4736557148765606,-9.106975275774031,0.0999135912301026
33.55,6.563477518314797,-9.059948814579645,0.10273860019711518
33.56,6.6527949521728775,-9.011929076895802,0.10568013372486126
33.57,6.741596909739754,-8.962920228848578,0.10874518174216478
33.58,6.829872284304572,-8.91292643656395,0.11194073417785594
33.59,6.917609969156473,-8.861951866167889,0.11527378096076528
33.6,7.0047988575844125,-8.810000683786479,0.1187513120197162
33.61,7.0914278428775335,-8.757077055545693,0.12238031728353915
33.62,7.177485818324916,-8.703185147571542,0.1261677866810623
33.63,7.262961677215701,-8.648329125989994,0.13012071014111662
33.64,7.3478443128388475,-8.59251315692714,0.13424607759252466
33.65,7.432122542304863,-8.53574026923411,0.13855045675069538
33.660000000000004,7.5157846333932135,-8.478009930330595,0.14304151007029645
33.67,7.598818787933369,-8.419326949434492,0.14773217879066547
33.68,7.681213230945153,-8.35969683342827,0.15263584624656118
33.69,7.7629561874483315,-8.29912508919444,0.15776589577273908
33.7,7.844035882462726,-8.237617223615473,0.16313571070395863
33.71,7.924440541007984,-8.175178743573968,0.16875867437496775
33.72,8.00415838810393,-8.111815155952392,0.17464817012052575
33.730000000000004,8.083177648770384,-8.047531967633212,0.1808175812753926
33.74,8.161486548026998,-7.9823346854990325,0.18728029117431513
33.75,8.239073310893593,-7.916228816432319,0.19404968315205318
33.76,8.31592639219441,-7.849216995950905,0.20113628478921083
33.77,8.392033365863517,-7.7813024672621856,0.20855761344806595
33.78,8.467381072022857,-7.712492082276673,0.21633818976354008
33.79,8.541956350549041,-7.642792694587092,0.22450253689416377
33.8,8.615746041318639,-7.572211157786217,0.2330751779984625
33.81,8.688736984208266,-7.500754325466772,0.24208063623496823
33.82,8.760916019094378,-7.4284290512216336,0.2515434347621936
33.83,8.832269985853596,-7.3552421886435235,0.26148809673867024
33.84,8.90278572436253,-7.281200591325164,0.2719391453229313
33.85,8.972450283851668,-7.206310687227919,0.2829198089283867
33.86,9.041251827252417,-7.130575466138088,0.2944473063629259
33.87,9.109175381205864,-7.054002009000454,0.306559961922296
33.88,9.176205256171087,-6.976598616521666,0.31930070584451486
33.89,9.242325762607022,-6.898373589408537,0.3327124683675729
33.9,9.307521210972748,-6.8193352283677156,0.3468381797294874
33.910000000000004,9.371775911727342,-6.739491834105849,0.36172077016827764
33.92,9.435074175329742,-6.658851707329754,0.37740316992193107
33.93,9.497400312239028,-6.577423148746078,0.39392830922846644
33.94,9.558739510733872,-6.495213603425288,0.41133437823203567
33.95,9.619078905364491,-6.412227631810856,0.4296514137541446
33.96,9.678399315803295,-6.328474525357783,0.4489469503156342
33.97,9.736680770515154,-6.243964258347828,0.4692930057271179
33.980000000000004,9.793903297964938,-6.158706805062742,0.49076159779921247
33.99,9.850046926617397,-6.072712139784464,0.5134247443424882
34.0,9.905091684937396,-5.9859902367947475,0.537354463167561
34.01,9.959017601389768,-5.898551070375406,0.5626227720850316
34.02,10.011805083482617,-5.810404397315401,0.5892996857530484
34.03,10.063440408336609,-5.721556115057635,0.6174261669249007
34.04,10.113900605776037,-5.632016219336436,0.647096884024629
34.05,10.163158828570992,-5.541796757235768,0.6784276886074624
34.06,10.211188229491606,-5.450909775839528,0.7115344322286541
34.07,10.257961961307906,-5.359367322231808,0.7465329664433864
34.08,10.303453176790018,-5.267181443496504,0.7835391428069114
34.09,10.34763502870807,-5.174364186717515,0.8226688128744866
34.1,10.3904819517719,-5.080927064451013,0.8640311837783128
34.11,10.43197777919451,-4.986877144686543,0.9076890545757434
34.12,10.472089634775449,-4.892227412452947,0.9537964365625469
34.13,10.510780109424976,-4.796992629922823,1.0025313306705292
34.14,10.548011794053268,-4.701187559268974,1.0540717378313917
34.15,10.583747279570586,-4.604826962664002,1.1085956589769386
34.160000000000004,10.61794915688718,-4.507925602280503,1.1662810950389826
34.17,10.650580016913237,-4.410498240291284,1.2273060469492123
34.18,10.681610124478416,-4.312556985791884,1.2918096192138557
34.19,10.711013980933512,-4.214111653322514,1.3599102234129277
34.2,10.73873986027888,-4.1151803213682525,1.4318599641911665
34.21,10.764734866606677,-4.015781453651746,1.507916894137369
34.22,10.788946104009119,-3.915933513895428,1.5883390658404848
34.230000000000004,10.811320676578417,-3.8156549658217322,1.673384531889475
34.24,10.831805688406732,-3.714964273153305,1.7633113448731177
34.25,10.850349432733864,-3.613879538116054,1.8583718438630472
34.26,10.866925376493233,-3.5124108827078393,1.9586929012094343
34.27,10.881475560035096,-3.4105771315033437,2.06454065567969
34.28,10.893925774207785,-3.30840191775273,2.176257513116239
34.29,10.904201809859666,-3.2059088747059454,2.2941858793617276
34.300000000000004,10.912229457839095,-3.1031216356129354,2.418668160258821
34.31,10.917934508994412,-3.0000638337238645,2.5500467616499174
34.32,10.921242754173978,-2.896759102288679,2.688664089377677
34.33,10.922094297528764,-2.79322667273491,2.8348002253782365
34.34,10.920448693098942,-2.6894794530646235,2.9886157128075244
34.35,10.9162095726999,-2.5855471693430867,3.1504758758791147
34.36,10.909276641471006,-2.4814607419228802,3.320761781331612
34.37,10.899549604551625,-2.377251091156658,3.499854495903513
34.38,10.886928167081116,-2.272949137397,3.6881350863334523
34.39,10.871312034198864,-2.168585800996709,3.88598461935966
34.4,10.852600911044227,-2.0641920023083644,4.093784161720764
34.410000000000004,10.830721999790818,-1.9597884992645338,4.31183047491002
34.42,10.80561483702018,-1.8553925633235324,4.540259215311779
34.43,10.777158114902097,-1.751044804342348,4.779294681898788
34.44,10.745229155732888,-1.64678634844013,5.029164225870531
34.45,10.709705281808848,-1.5426583217359537,5.290095198426682
34.46,10.670463815426341,-1.4387018503491165,5.562314950766354
34.47,10.627382078881665,-1.334958060398694,5.846050834089212
34.480000000000004,10.580337394471101,-1.2314680780037617,6.141530199594955
34.49,10.529207628074209,-1.1282724453194273,6.448983702549894
34.5,10.473899949486935,-1.0253870681333304,6.768645003665654
34.51,10.414321188860809,-0.9228481786020409,7.100234990739782
34.52,10.350365916491901,-0.8207087203660498,7.443309439975094
34.53,10.281928702676408,-0.7190216370660658,7.79742412757367
34.54,10.208904117710402,-0.6178398723425795,8.162134829738317
34.550000000000004,10.131186731889935,-0.5172163698360833,8.536997322671876
34.56,10.04867111551123,-0.4172040731872837,8.921567382576379
34.57,9.961251838870345,-0.3178559260366721,9.31540078565466
34.58,9.86882347226339,-0.21922487202481222,9.718053308109283
34.59,9.771274503432698,-0.12135713337003642,10.129037767227446
34.6,9.668530923313291,-0.024288061964094165,10.54725408046851
34.61,9.560586596202425,0.0719267109103231,10.971163315568235
34.62,9.447438043230347,0.16723025355115334,11.399217862419933
34.63,9.329081785527222,0.26156563425640095,11.829870110917216
34.64,9.20551434422347,0.3548759213238697,12.261572450952784
34.65,9.076732240449255,0.4471041830515652,12.692777272420246
34.660000000000004,8.94272533251095,0.5381935221971452,13.121937997099227
34.67,8.803409388491618,0.6280894769601645,13.54732880708482
34.68,8.658882535313108,0.7167415187249581,13.966742488562266
34.69,8.509304495440837,0.8040994694703893,14.377900103553145
34.7,8.354834991340113,0.890113151175383,14.778522714079319
34.71,8.19563374547657,0.9747323858186798,15.166331382161793
34.72,8.031860480315517,1.0579069953792055,15.539047169822439
34.730000000000004,7.8636741902413,1.1395866992190844,15.894388830483571
34.74,7.691119610145265,1.219704439586697,16.229695356013536
34.75,7.51439204176153,1.2982120555007381,16.542722847333273
34.76,7.333822449399363,1.3750800077107717,16.831644623518592
34.77,7.149741797367897,1.4502787569664144,17.094634003645485
34.78,6.962481049976658,1.5237787640171236,17.329864306789393
34.79,6.772371171534784,1.5955504896125174,17.535508852026318
34.800000000000004,6.579743126351403,1.6655643945022087,17.709740958432192
34.81,6.384889353652032,1.7337706720854225,17.850321524617137
34.82,6.188062734851081,1.800097867434849,17.95518622386285
34.83,5.989653142414758,1.8645457250141684,18.024357961764185
34.84,5.790058277631146,1.9271180824903023,18.057961592442474
34.85,5.58967584178875,1.9878187775300382,18.056121970019007
34.86,5.388903536175653,2.046651647800299,18.018963948615138
34.87,5.188139062080078,2.103620530967961,17.9466123823522
34.88,4.987780120790106,2.1587292646999403,17.83919212535143
34.89,4.7882331295385825,2.211965711724545,17.696704917360616
34.9,4.589888069019529,2.263271011347093,17.519463499696847
34.910000000000004,4.393033491365405,2.312667016812693,17.30932121464408
34.92,4.197949144343795,2.3601858295613347,17.068261808609233
34.93,4.004914775721865,2.4058595510331164,16.79826902799878
34.94,3.8142101332669185,2.4497202826681,16.50132661921934
34.95,3.6261149647461277,2.4918001259063765,16.179418328677297
34.96,3.440909017927066,2.532131182187948,15.834527902779715
34.97,3.2589480205924053,2.570716757824942,15.46873528747387
34.980000000000004,3.080533784239881,2.607546783199658,15.084356074255965
34.99,2.9057612842973977,2.642664644867584,14.683668081007644
35.0,2.734722657237252,2.676114598980093,14.268947385759212
35.01,2.5675100395318684,2.7079409016885325,13.84247006654124
35.02,2.404215567653557,2.738187809144269,13.406512201383988
35.03,2.244931378074975,2.7668995774986067,12.963349868318646
35.04,2.089751609067244,2.794120089463586,12.515265591097801
35.050000000000004,1.9388600381509549,2.819870479428583,12.064749362060521
35.06,1.7923028738875155,2.844179311071109,11.613602596928823
35.07,1.6500390536834757,2.867088051742184,11.163300215810676
35.08,1.5120275149454931,2.8886381687928107,10.71531713881436
35.09,1.3782271950801326,2.9088711295740044,10.27112828604785
35.1,1.248597031494242,2.9278284014367384,9.832208577620063
35.11,1.1230959615943832,2.94555145173203,9.400032933638972
35.12,1.0016850746823462,2.9620835543545616,8.976076483720401
35.13,0.8843033923748225,2.977466526764886,8.56136903142432
35.14,0.7708577614787747,2.99173262602776,8.15648417578446
35.15,0.6612539275095066,3.0049136740920277,7.761982701546479
35.160000000000004,0.5553976359823325,3.017041492906529,7.378425393456059
35.17,0.453194632412791,3.0281479044200785,7.006373036259699
35.18,0.3545506623161937,3.0382647305815174,6.646386414703074
35.19,0.25937147120792936,3.0474237933396777,6.2990263135321385
35.2,0.16753303915296291,3.055662454621104,5.9646218705200695
35.21,0.07886238755594108,3.0630226621790952,5.642875796865618
35.22,-0.006744802350374585,3.0695292341968154,5.333789268543525
35.230000000000004,-0.0893892164192826,3.0752062108974414,5.037386215131734
35.24,-0.16917154050390626,3.08007763250414,4.753690566208817
35.25,-0.24619246045754628,3.0841675392400894,4.48272625135271
35.26,-0.3205965270444977,3.0875072174677034,4.22421862745087
35.27,-0.3925397258612636,3.0901274560758436,3.977638869635527
35.28,-0.46211210192995367,3.092046610869386,3.7427931694404437
35.29,-0.5294032369841205,3.093282955603829,3.5194904640959246
35.300000000000004,-0.5945027127573106,3.0938547640346674,3.307539690832308
35.31,-0.657524385375942,3.0937841120399856,3.106596857959081
35.32,-0.7186611068594558,3.093104534802403,2.91574043144984
35.33,-0.7779886432674448,3.0918299629205355,2.73467594396088
35.34,-0.8355668837881814,3.089971767704386,2.563202618598363
35.35,-0.8914557176098157,3.0875413204639637,2.401119678468814
35.36,-0.9457150339206212,3.0845499925092725,2.248226346678388
35.37,-0.9984047219088299,3.0810091551503187,2.104321846333365
35.38,-1.049587951788573,3.076930645423919,1.9691828444477906
35.39,-1.0994657614331116,3.0723455829289312,1.8416075921313764
35.4,-1.1481520330174773,3.067271886837622,1.7209051084491913
35.410000000000004,-1.195677506142562,3.0617155292748217,1.606940496615241
35.42,-1.242072920409156,3.0556824823653748,1.4995788598437718
35.43,-1.2873690154181527,3.049178718234113,1.3986853013487845
35.44,-1.3315965307704105,3.042210209005871,1.3041249243443631
35.45,-1.3747862060668177,3.0347829268054802,1.2157628320445315
35.46,-1.416968780908172,3.0269028437577856,1.1334641276634994
35.47,-1.4581809523618596,3.0185767085252286,1.057049923409681
35.480000000000004,-1.4986002826517635,3.00982951054773,0.9852834260109259
35.49,-1.5383077771674254,3.000673343657643,0.9175952847881079
35.5,-1.5773167569934827,2.9911114322084678,0.8539090245691634
35.51,-1.6156405432145446,2.9811470005537104,0.7941481701820813
35.52,-1.6532924569152463,2.97078327304687,0.738236246454812
35.53,-1.6902858191801433,2.960023474041468,0.6860967782154235
35.54,-1.726633951093871,2.948870827891003,0.6376532902918638
35.550000000000004,-1.762350173741064,2.9373285589489746,0.592829307512091
35.56,-1.79744780820628,2.925399891568904,0.5515483547041575
35.57,-1.8319820873865345,2.9130930809060636,0.5134073631184719
35.58,-1.8660666908666035,2.900423365227641,0.4775319666429862
35.59,-1.899711589381447,2.887393503464469,0.44384085139394686
35.6,-1.9329216901123878,2.874005646054038,0.41229181848860375
35.61,-1.9657019002408211,2.8602619434338097,0.3828426690441341
35.62,-1.9980571269481173,2.846164546041256,0.3554512041777401
35.63,-2.02999227741567,2.831715604313837,0.33007522500660635
35.64,-2.0615122588248043,2.8169172686890454,0.3066725326479711
35.65,-2.0926219783569144,2.801771689604342,0.2852009282190175
35.660000000000004,-2.1233296833135933,2.786281378695351,0.26559121369798294
35.67,-2.1536988200971328,2.7704548462078664,0.2473244622499939
35.68,-2.183752702899484,2.7542963314732067,0.23019785280001168
35.69,-2.213492317798168,2.7378076685675117,0.21418793118034096
35.7,-2.2429186508707257,2.7209906915669086,0.19927124322327633
35.71,-2.2720326881946376,2.703847234547561,0.18542433476114367
35.72,-2.3008354158474447,2.6863791315855963,0.1726237516262368
35.730000000000004,-2.329327819906688,2.668588216757141,0.16084603965085242
35.74,-2.3575108864498486,2.65047632413836,0.150067744667312
35.75,-2.3853857378591115,2.6320453001151787,0.14026426942298906
35.76,-2.4129775016415995,2.613299191693586,0.13120871751224683
35.77,-2.4403036534379208,2.5942414666227136,0.12273499115313286
35.78,-2.467363320633661,2.5748739593406693,0.11483014967513902
35.79,-2.4941556306144657,2.5551985042855203,0.10748125240773901
35.800000000000004,-2.5206797107659775,2.535216935895332,0.10067535868040808
35.81,-2.5469346884737853,2.5149310886082135,0.09439952782263575
35.82,-2.572919691123533,2.4943427968622314,0.08864081916389695
35.83,-2.598633846100845,2.473453895095465,0.08338629203367151
35.84,-2.6240766529776476,2.4522662400597897,0.07861975004603516
35.85,-2.649260554311002,2.430782508754401,0.07421140266818341
35.86,-2.6741906749712245,2.4090050623312407,0.07009443084193755
35.87,-2.698865248609456,2.386935869330752,0.06626212284009342
35.88,-2.7232825088768555,2.364576898293362,0.06270776693544443
35.89,-2.74744068942453,2.3419301177595466,0.059424651400791506
35.9,-2.7713380239036374,2.3189974962697324,0.056406064508927836
35.910000000000004,-2.7949727459653357,2.2957810023643463,0.05364529453264741
35.92,-2.818343089260733,2.272282604583865,0.05113562974475001
35.93,-2.8414483727484092,2.2485042737020593,0.04886028195840832
35.94,-2.864294341267074,2.2244480656297916,0.04674284439071638
35.95,-2.886880334227857,2.200116143603051,0.04476645142813894
35.96,-2.9092041846834924,2.1755106775597453,0.04292822886291891
35.97,-2.9312637256867626,2.15063383743773,0.041225302487294946
35.980000000000004,-2.9530567902904488,2.12548779317486,0.03965479809350607
35.99,-2.9745812115472865,2.1000747147090446,0.03821384147379464
36.0,-2.995834822510057,2.0743967719781384,0.03689955842039958
36.01,-3.016815456231527,2.0484561349200154,0.03570907472556102
36.02,-3.037521540334051,2.022254892583268,0.03463330748535332
36.03,-3.0579549054184167,1.9957947598578385,0.03362812023573393
36.04,-3.078114043475605,1.9690780521029423,0.032685032415188366
36.050000000000004,-3.097996684906822,1.942107199840629,0.0318035788675225
36.06,-3.1176005601132313,1.9148846335930056,0.03098329443654406
36.07,-3.1369233994960384,1.8874127838821222,0.03022371396605888
36.08,-3.1559629334564354,1.8596940812300478,0.029524372299873446
36.09,-3.174716892395627,1.8317309561588313,0.0288848042817938
36.1,-3.193183006714778,1.8035258391905813,0.028304544755627332
36.11,-3.2113590068150937,1.7750811608473471,0.027783128565180046
36.12,-3.229242689169818,1.7463993222694068,0.027319217932874774
36.13,-3.246833487146284,1.717482087113378,0.026890601796833006
36.14,-3.2641300305658514,1.6883318078175586,0.026487589306304463
36.15,-3.2811302537284988,1.658951181098712,0.02610996380039758
36.160000000000004,-3.2978320909342043,1.6293429036736016,0.025757508618220876
36.17,-3.3142334764829102,1.599509672259053,0.025430007098883597
36.18,-3.330332344674595,1.5694541835718299,0.02512724258149424
36.19,-3.3461266298092247,1.539179134328716,0.024848998405161558
36.2,-3.3616142661867765,1.508687221246474,0.02459505790899413
36.21,-3.376793188107195,1.477981141041931,0.024365204432101075
36.22,-3.3916613354413365,1.4470635522249011,0.024158809794422996
36.230000000000004,-3.4062168302582605,1.4159363899322661,0.02396679106333088
36.24,-3.4204578890386066,1.3846022412229433,0.0237854486670216
36.25,-3.4343827033014804,1.3530640519356114,0.023614710864600284
36.26,-3.447989464565977,1.321324767908971,0.02345450591517221
36.27,-3.4612763643512,1.2893873349817004,0.02330476207784254
36.28,-3.474241594176226,1.2572546989925457,0.02316540761171676
36.29,-3.4868833455601593,1.2249298057801852,0.023036370775900025
36.300000000000004,-3.4991998100221036,1.1924156011832965,0.02291757982949753
36.31,-3.5111891790811365,1.1597150310406263,0.02280896303161471
36.32,-3.5228495999038905,1.1268309823209768,0.022710219824910234
36.33,-3.534178520135427,1.0937653626807393,0.02261699139554544
36.34,-3.545174135625952,1.0605209517785148,0.02252770813531728
36.35,-3.5558349928337516,1.0271009779603995,0.02244246174115591
36.36,-3.5661596382171354,0.9935086695724198,0.02236134390999131
36.37,-3.576146618234405,0.9597472549606249,0.0222844463387535
36.38,-3.5857944793438694,0.9258199624710401,0.02221186072437247
36.39,-3.5951017680038166,0.8917300204497633,0.022143678763778353
36.4,-3.6040670306725544,0.8574806572428199,0.022079992153901128
36.410000000000004,-3.6126888138083917,0.8230751011962345,0.022020892591670786
36.42,-3.620965663869617,0.7885165806561061,0.021966471774017445
36.43,-3.6288961273145386,0.7538083239684592,0.021916821397871093
36.44,-3.6364787506014586,0.7189535594793435,0.021872033160161765
36.45,-3.643711329153661,0.6839548447778082,0.021830818178045962
36.46,-3.6505915924866716,0.6488145948323241,0.02179126088234515
36.47,-3.6571184983542193,0.6135362671749619,0.021753375227390334
36.480000000000004,-3.6632910132352245,0.5781233269261359,0.021717189973913656
36.49,-3.669108103608594,0.5425792392063357,0.021682733882647333
36.5,-3.67456873595325,0.5069074691359753,0.021650035714323515
36.51,-3.6796718767481083,0.47111148183549423,0.021619124229674373
36.52,-3.684416492472088,0.435194742425306,0.02159002818943205
36.53,-3.688801549604099,0.39916071602590103,0.02156277635432876
36.54,-3.692826014623061,0.3630128677576931,0.021537397485096654
36.550000000000004,-3.6964888540078933,0.3267546627410958,0.021513920342467883
36.56,-3.699789034237506,0.29038956609659977,0.02149237368717465
36.57,-3.702724736287675,0.2539206103633915,0.021472600387122648
36.58,-3.7052911848825536,0.2173491725932053,0.021453679998238186
36.59,-3.707487476618435,0.18067872255436748,0.021435516640099857
36.6,-3.709313302477308,0.14391305490019055,0.021418149420650665
36.61,-3.7107683534411677,0.10705596428390896,0.021401617447833563
36.62,-3.7118523204920053,0.07011124535878316,0.021385959829591527
36.63,-3.7125648946118144,0.03308269277804732,0.02137121567386752
36.64,-3.7129057667825855,-0.004025898804985384,0.021357424088604537
36.65,-3.7128746279863116,-0.04121073473708087,0.02134462418174554
36.660000000000004,-3.712471169204984,-0.07846802036500522,0.02133285506123349
36.67,-3.7116950814205967,-0.11579396103544476,0.02132215583501138
36.68,-3.7105460556151413,-0.15318476209516568,0.021312565611022172
36.69,-3.7090237827706094,-0.1906366288909076,0.02130412349720884
36.7,-3.707127953868992,-0.22814576676943632,0.021296868601514356
36.71,-3.704858259892285,-0.26570838107743844,0.021290840031881697
36.72,-3.702214391822478,-0.30332067716168,0.021286076896253836
36.730000000000004,-3.699196040641562,-0.3409788603689272,0.02128261830257374
36.74,-3.6958028973315327,-0.3786791360458662,0.02128050335878439
36.75,-3.692034652874381,-0.41641770953926316,0.021279771172828754
36.76,-3.6878909982520987,-0.45419078619585773,0.021280460852649806
36.77,-3.683371624446675,-0.4919945713624161,0.021282611506190516
36.78,-3.6784734988908876,-0.5298264579508791,0.02128600192345205
36.79,-3.673192776297831,-0.5676843163257501,0.02129026012431299
36.800000000000004,-3.6675298848661155,-0.6055642350861177,0.021295374115209435
36.81,-3.6614852895354484,-0.6434622871684247,0.02130133520178445
36.82,-3.6550594552455262,-0.6813745455091946,0.02130813468968113
36.83,-3.6482528469360482,-0.7192970830449239,0.021315763884542552
36.84,-3.6410659295467096,-0.7572259727121362,0.021324214092011795
36.85,-3.63349916801722,-0.7951572874472742,0.021333476617731932
36.86,-3.6255530272872747,-0.8330871001868613,0.021343542767346048
36.87,-3.6172279722965732,-0.871011483867394,0.02135440384649722
36.88,-3.6085244679848096,-0.9089265114253962,0.021366051160828535
36.89,-3.5994429792916955,-0.94682825579731,0.021378476015983063
36.9,-3.5899839711569252,-0.9847127899196593,0.021391669717603885
36.910000000000004,-3.5801479085201917,-1.0225761867289673,0.021405623571334093
36.92,-3.569935256321208,-1.0604145191616774,0.02142032888281675
36.93,-3.559346479499668,-1.0982238601543122,0.021435776957694937
36.94,-3.548382042995271,-1.1360002826433688,0.02145195910161174
36.95,-3.537042411747709,-1.1737398595653705,0.02146886662021025
36.96,-3.5253280506966975,-1.2114386638567602,0.021486490819133522
36.97,-3.5132393436489715,-1.2490927813026333,0.02150482434660822
36.980000000000004,-3.5007700472416277,-1.2866993803531104,0.021523976173943183
36.99,-3.487917092602371,-1.3242552318942307,0.02154402385480771
37.0,-3.4746819895312178,-1.3617564022629016,0.02156497330102368
37.01,-3.4610662478281915,-1.3991989577960033,0.021586830424412957
37.02,-3.447071377293307,-1.4365789648304428,0.021609601136797423
37.03,-3.4326988877266085,-1.4738924897030472,0.021633291349998914
37.04,-3.41795028892811,-1.5111355987507238,0.02165790697583931
37.050000000000004,-3.402827090697826,-1.5483043583103788,0.021683453926140493
37.06,-3.387330802835801,-1.5853948347188402,0.021709938112724297
37.07,-3.3714629351420498,-1.6224030943130145,0.0217373654474126
37.08,-3.355224997416596,-1.659325203429782,0.021765741842027276
37.09,-3.3386184994594528,-1.6961572284060495,0.021795073208390203
37.1,-3.3216449510706676,-1.7328952355786447,0.021825365458323212
37.11,-3.3043058620502532,-1.7695352912844742,0.021856624503648184
37.12,-3.286602742198234,-1.8060734618604188,0.021888856256186986
37.13,-3.268537101314621,-1.8425058136433838,0.02192206662776151
37.14,-3.250110449199465,-1.8788284129701989,0.021956261530193574
37.15,-3.231324295652777,-1.9150373261777691,0.021991446875305062
37.160000000000004,-3.2121801504745675,-1.9511286196030018,0.022027628574917874
37.17,-3.192679523464889,-1.9870983595827245,0.02206481254085382
37.18,-3.172823924423751,-2.0229426124538445,0.02210300468493479
37.19,-3.1526148631511792,-2.0586574445532415,0.02214221091898265
37.2,-3.1320538494471823,-2.094238922217822,0.022182437154819296
37.21,-3.1111423931118143,-2.1296831117844137,0.022223689304266537
37.22,-3.0898820039450845,-2.1649860795899247,0.022265973279146267
37.230000000000004,-3.0682741917470024,-2.200143891971259,0.02230929499128038
37.24,-3.0463190545379346,-2.2351525360143443,0.022353640014838378
37.25,-3.0240056891342664,-2.2700074836565074,0.022398836671496204
37.26,-3.0013336769117056,-2.3047049862219353,0.02244486660730103
37.27,-2.978305742350145,-2.33924148992409,0.02249175696798631
37.28,-2.954924609929527,-2.3736134409763596,0.0225395348992854
37.29,-2.9311930041297454,-2.407817285592206,0.022588227546931756
37.300000000000004,-2.907113649430692,-2.4418494699850903,0.022637862056658836
37.31,-2.882689270312312,-2.475706440368401,0.022688465574199984
37.32,-2.8579225912544968,-2.5093846429556,0.022740065245288665
37.33,-2.8328163367371566,-2.542880523960125,0.022792688215658295
37.34,-2.807373231240183,-2.5761905295954355,0.022846361631042335
37.35,-2.781595999243522,-2.6093111060749226,0.022901112637174134
37.36,-2.7554873652270646,-2.642238699612046,0.022956968379787144
37.37,-2.729050053670721,-2.674969756420244,0.023013956004614793
37.38,-2.7022867890543822,-2.707500722712976,0.02307210265739054
37.39,-2.6752002958579957,-2.739828044703634,0.023131435483847725
37.4,-2.6477932985614516,-2.7719481686056775,0.023191981629719808
37.410000000000004,-2.6200685216446407,-2.8038575406325665,0.023253768240740262
37.42,-2.5920286895875115,-2.835552606997693,0.02331682246264241
37.43,-2.563676526869954,-2.867029813914517,0.02338117144115973
37.44,-2.5350147579718785,-2.8982856075964754,0.02344684232202563
37.45,-2.506046107373174,-2.9293164342570277,0.02351386225097359
37.46,-2.4767732995537908,-2.960118740109566,0.02358225837373693
37.47,-2.4471990589936183,-2.9906889713675513,0.02365205783604912
37.480000000000004,-2.417326110172545,-3.021023574244441,0.023723287783643632
37.49,-2.3871571775705234,-3.05111899495363,0.02379597536225379
37.5,-2.356694985667441,-3.0809716797085764,0.02387014771761306
37.51,-2.325942258943209,-3.110578074722718,0.02394583199545487
37.52,-2.294901721877714,-3.139934626209512,0.024023055341512688
37.53,-2.2635760989509097,-3.1690377803823546,0.024101844901519835
37.54,-2.2319681146426844,-3.197883983454704,0.024182227821209778
37.550000000000004,-2.2000804934329246,-3.226469681640017,0.024264231246316006
37.56,-2.1679150819406883,-3.2547910891063574,0.024347831550982517
37.57,-2.1354640751589677,-3.282842025607164,0.024432442189377394
37.58,-2.1027277822583477,-3.3106187825899784,0.02451793607989272
37.59,-2.069709774226366,-3.338118551107978,0.024604373665697527
37.6,-2.03641362205063,-3.3653385222142806,0.02469181538996065
37.61,-2.002842896718677,-3.3922758869620644,0.024780321695851103
37.62,-1.9690011692180671,-3.418927836404486,0.024869953026537852
37.63,-1.9348920105363374,-3.445291561594723,0.024960769825189924
37.64,-1.9005189916610967,-3.4713642535858944,0.025052832534976147
37.65,-1.8658856835798816,-3.4971431034311777,0.025146201599065547
37.660000000000004,-1.830995657280228,-3.522625302183748,0.025240937460627156
37.67,-1.7958524837497456,-3.5478080408967263,0.025337100562829794
37.68,-1.7604597339759709,-3.5726885106232893,0.025434751348842488
37.69,-1.7248209789464644,-3.597263902416594,0.025533950261834203
37.7,-1.688939789648761,-3.621531407329816,0.025634757744973972
37.71,-1.6528197370704727,-3.6454882164160782,0.02573723424143061
37.72,-1.6164643921991344,-3.669131520728555,0.025841440194373146
37.730000000000004,-1.5798773260222807,-3.692458511320421,0.02594743604697062
37.74,-1.5430621095275245,-3.715466379244801,0.026055282242391842
37.75,-1.5060223137024003,-3.738152315554869,0.026165039223805843
37.76,-1.468761509534469,-3.760513511303782,0.02627676743438159
37.77,-1.4312832680112644,-3.7825471575447143,0.026390527317288116
37.78,-1.3935911601204003,-3.8042504453307924,0.02650637931569423
37.79,-1.355688756849411,-3.8256205657151883,0.026624383872768966
37.800000000000004,-1.3175796291858295,-3.846654709751076,0.026744601431681374
37.81,-1.2792673481172714,-3.8673500684915822,0.026867092435600242
37.82,-1.2407554846312703,-3.8877038329898808,0.026991917327694615
37.83,-1.2020472683435142,-3.9077129551631216,0.02711908738922308
37.84,-1.1631398963784283,-3.9273702815514517,0.027247732637530497
37.85,-1.1240349427888634,-3.9466720125649766,0.0273775835457472
37.86,-1.0847365197664973,-3.9656161663848586,0.027508731982525056
37.87,-1.0452487395030352,-3.984200761192246,0.02764126981651583
37.88,-1.0055757141901538,-4.002423815168299,0.027775288916371387
37.89,-0.9657215560196146,-4.020283346494142,0.027910881150743312
37.9,-0.9256903771830951,-4.037777373350934,0.028048138388283468
37.910000000000004,-0.8854862898722714,-4.054903913919837,0.028187152497643725
37.92,-0.8451134062789061,-4.071660986381973,0.02832801534747565
37.93,-0.8045758385946756,-4.088046608918504,0.02847081880643112
37.94,-0.7638776990112854,-4.104058799710579,0.0286156547431619
37.95,-0.7230230997204113,-4.119695576939354,0.028762615026319868
37.96,-0.6820161529138168,-4.134954958785959,0.02891179152455658
37.97,-0.6408609707831779,-4.14983496343155,0.029063276106523917
37.980000000000004,-0.5995616655201704,-4.164333609057287,0.029217160640873752
37.99,-0.5581223493165584,-4.178448913844298,0.029373536996257645
38.0,-0.5165471343640174,-4.192178895973741,0.029532497041327467
38.01,-0.47484013285425275,-4.205521573626764,0.029694132644734993
38.02,-0.43300545697894,-4.218474964984526,0.02985853567513211
38.03,-0.39104721892984373,-4.231037088228153,0.03002579800117035
38.04,-0.34896953089863925,-4.243205961538807,0.030196011491501605
38.050000000000004,-0.30677650507700194,-4.254979603097642,0.030369268014777767
38.06,-0.2644722536566966,-4.266356031085789,0.030545659439650364
38.07,-0.22205887295438292,-4.27733063549969,0.03072470688920594
38.08,-0.17953732883116863,-4.287897588868223,0.03090557282227689
38.09,-0.1369119917198401,-4.29805568699396,0.03108835582308671
38.1,-0.09418728221292819,-4.307803792421057,0.03127316847460741
38.11,-0.051367620902872946,-4.317140767693689,0.03146012335981138
38.12,-0.008457428382144638,-4.326065475356027,0.0316493330616709
38.13,0.03453887475681705,-4.334576777952247,0.03184091016315837
38.14,0.07761686792148065,-4.342673538026505,0.03203496724724578
38.15,0.12077213051940644,-4.350354618122976,0.032231616896905534
38.160000000000004,0.16400024195815488,-4.357618880785836,0.032430971695110056
38.17,0.20729678164519427,-4.364465188559244,0.03263314422483132
38.18,0.250657328988085,-4.370892403987374,0.03283824706904174
38.19,0.2940774633943568,-4.376899389614395,0.03304639281071358
38.2,0.3375527642715703,-4.3824850079844815,0.033257694032819266
38.21,0.38107881102719354,-4.387648121641795,0.03347226331833076
38.22,0.4246511830687868,-4.392387593130508,0.03369021325022048
38.230000000000004,0.468265459803911,-4.3967022849947925,0.03391165641146086
38.24,0.5119172206400339,-4.400591059778813,0.03413670538502384
38.25,0.5556020449847161,-4.404052780026743,0.03436547275388186
38.26,0.5993155122454876,-4.407086308282749,0.03459807110100718
38.27,0.6430532294019621,-4.409690435254498,0.03483459889781021
38.28,0.6868125775648021,-4.411859440764464,0.03507423483421363
38.29,0.7305901200348387,-4.413590077385642,0.03531654004430155
38.300000000000004,0.774381297171066,-4.414882087786896,0.03556164359383071
38.31,0.8181815493323844,-4.415735214637089,0.03580967454855734
38.32,0.8619863168777883,-4.416149200605085,0.036060761974238194
38.33,0.9057910401662403,-4.416123788359747,0.03631503493662984
38.34,0.9495911595567346,-4.415658720569938,0.036572622501489044
38.35,0.9933821154081719,-4.414753739904523,0.03683365373457201
38.36,1.0371593480795462,-4.413408589032364,0.037098257701635495
38.37,1.0809182979298204,-4.411623010622326,0.03736656346843607
38.38,1.1246544053179885,-4.40939674734327,0.03763870010073052
38.39,1.1683631106029515,-4.406729541864062,0.03791479666427502
38.4,1.2120398541437032,-4.403621136853566,0.03819498222482634
38.410000000000004,1.2556800762992373,-4.400071274980641,0.038479385848141257
38.42,1.299279217428455,-4.396079698914157,0.038768136599975946
38.43,1.3428327178903503,-4.391646151322974,0.03906136354608718
38.44,1.3863360180438857,-4.386770374875957,0.03935919575223153
38.45,1.4297845582480555,-4.381452112241964,0.03966176228416579
38.46,1.4731737788617605,-4.3756911060898664,0.039969192207646116
38.47,1.5164991364002325,-4.369486941812238,0.04028158975791505
38.480000000000004,1.5597568068503818,-4.362832516859201,0.04059796892499912
38.49,1.6029426498733665,-4.355724720474395,0.04091787465974831
38.5,1.6460521345970656,-4.348164403644514,0.041241459979991735
38.51,1.6890807301493278,-4.3401524173562525,0.04156887790355825
38.52,1.7320239056580322,-4.3316896125963025,0.04190028144827699
38.53,1.7748771302509658,-4.3227768403513736,0.04223582363197634
38.54,1.817635873056008,-4.313414951608157,0.042575657472485415
38.550000000000004,1.8602956032010378,-4.303604797353342,0.042919935987633336
38.56,1.9028517898138426,-4.293347228573639,0.04326881219524849
38.57,1.9452999020223016,-4.282643096255739,0.04362243911315999
38.58,1.987635408954263,-4.271493251386339,0.04398096975919671
38.59,2.0298537797376053,-4.259898544952128,0.04434455715118779
38.6,2.0719504835001175,-4.247859827939818,0.044713354306961585
38.61,2.1139209893696775,-4.235377951336099,0.045087514244347225
38.62,2.155760766474134,-4.2224537661276695,0.045467189981173585
38.63,2.1974652839413653,-4.209088123301214,0.045852534535269815
38.64,2.2390300108991608,-4.1952818738434505,0.04624370092446424
38.65,2.280450416475398,-4.181035868741066,0.04664084216658602
38.660000000000004,2.321721969797955,-4.166350958980747,0.0470441112794643
38.67,2.362840139994622,-4.151227995549211,0.04745366128092739
38.68,2.403800396193277,-4.135667829433145,0.04786964518880444
38.69,2.444598207521767,-4.119671311619246,0.048292216020924345
38.7,2.485229043107971,-4.103239293094201,0.048721526795116266
38.71,2.525688363326998,-4.0863725462257126,0.04915771983340708
38.72,2.5659707627020363,-4.069063676586992,0.04959979167869157
38.730000000000004,2.606071374343035,-4.051308858292002,0.050047111216850966
38.74,2.645986015731253,-4.033110157018341,0.050499826067358256
38.75,2.685710504348036,-4.014469638443575,0.05095808384968738
38.76,2.7252406576747017,-3.9953893682452786,0.05142203218331196
38.77,2.7645722931925945,-3.9758714121010117,0.05189181868770597
38.78,2.803701228382975,-3.9559178356883793,0.05236759098234236
38.79,2.8426232807271883,-3.935530704684942,0.05284949668669509
38.800000000000004,2.881334267706579,-3.9147120847682606,0.05333768342023814
38.81,2.9198300068024086,-3.8934640416159407,0.05383229880244444
38.82,2.9581063154960217,-3.8717886409055424,0.05433349045278795
38.83,2.9961590112687353,-3.849687948314642,0.05484140599074231
38.84,3.0339839116018936,-3.827164029520798,0.055356193035781515
38.85,3.0715768339767586,-3.804218950201618,0.05587799920737845
38.86,3.1089335958746753,-3.780854776034662,0.056406972125007115
38.87,3.1460500147769594,-3.757073572697505,0.05694325940814113
38.88,3.182921908164955,-3.7328774058677054,0.05748700867625451
38.89,3.219545093519926,-3.7082683412228734,0.058038367548820115
38.9,3.255915388323216,-3.683248444440567,0.05859748364531195
38.910000000000004,3.292028610056167,-3.657819781198343,0.05916450458520404
38.92,3.3278805762000454,-3.631984417173814,0.059739577987969215
38.93,3.363467104236193,-3.605744418044537,0.0603228514730815
38.94,3.3987840116459265,-3.579101849488087,0.060914472660014526
38.95,3.4338271159105886,-3.552058777182021,0.06151458916824234
38.96,3.4685922345114455,-3.5246172668039524,0.06212334861723772
38.97,3.503074789740597,-3.496778331223019,0.06274081063481435
38.980000000000004,3.5372661439721127,-3.4685319595584487,0.0633660615892266
38.99,3.5711614401655605,-3.4398777848541076,0.06399888703225215
39.0,3.6047572279541282,-3.410819139570046,0.06463936970586359
39.01,3.6380500569709797,-3.3813593561663327,0.0652875923520331
39.02,3.671036476849301,-3.3515017671030165,0.06594363771273326
39.03,3.7037130372222093,-3.3212497048402105,0.06660758852993533
39.04,3.736076287722891,-3.2906065018379627,0.06727952754561188
39.050000000000004,3.768122777984532,-3.2595754905563203,0.0679595375017356
39.06,3.799849057640251,-3.2281600034553977,0.06864770114027764
39.07,3.831251676323233,-3.196363372995243,0.06934410120321065
39.08,3.862327183666642,-3.1641889316359255,0.07004882043250676
39.09,3.893072129303663,-3.131640011837492,0.07076194157013867
39.1,3.9234830628674158,-3.0987199460600583,0.07148354735807749
39.11,3.9535565339910854,-3.0654320667636714,0.07221372053829588
39.12,3.9832890923078357,-3.0317797064084004,0.072952543852766
39.13,4.01267728745085,-2.9977661974542924,0.07370010004346053
39.14,4.04171766905325,-2.9633948723614636,0.07445647185235056
39.15,4.070406786748221,-2.928669063589961,0.07522174202140877
39.160000000000004,4.098741190168946,-2.893592103599829,0.07599599329260788
39.17,4.126717428948547,-2.858167324851187,0.07677930840791893
39.18,4.154332052720209,-2.8223980598040805,0.07757177010931463
39.19,4.181581611117095,-2.7862876409185784,0.0783734611387671
39.2,4.208462653772386,-2.7498394006547255,0.0791844642382491
39.21,4.234971730319209,-2.7130566714726427,0.08000486214973163
39.22,4.261105390390746,-2.6759427858323743,0.08083473761518742
39.230000000000004,4.286860183620178,-2.638501076193963,0.0816741733765892
39.24,4.312232659640632,-2.6007348750175323,0.08252325217590795
39.25,4.337219367366796,-2.5626475137238436,0.08338205672729315
39.26,4.361810489948219,-2.5242330171240477,0.0842503795614307
39.27,4.385997269852917,-2.4854865556968653,0.08512788318174898
39.28,4.409777441059321,-2.4464125950821796,0.08601443960586913
39.29,4.433148737545915,-2.4070156009197907,0.0869099208514142
39.300000000000004,4.456108893291182,-2.3673000388494985,0.08781419893600723
39.31,4.478655642273556,-2.327270374511187,0.08872714587726933
39.32,4.500786718471521,-2.286931073544656,0.08964863369282357
39.33,4.522499855863543,-2.246286601589734,0.09057853440029234
39.34,4.543792788428104,-2.205341424286219,0.09151672001729871
39.35,4.5646632501436395,-2.1641000072739973,0.09246306256146378
39.36,4.585108974988633,-2.122566816192868,0.0934174340504106
39.37,4.605127696941549,-2.0807463166826583,0.09437970650176157
39.38,4.624717149980871,-2.038642974383167,0.0953497519331398
39.39,4.643875068085035,-1.9962612549342809,0.09632744236216631
39.4,4.662599185232524,-1.9536056239757986,0.09731264980646419
39.410000000000004,4.680887235401816,-1.9106805471475174,0.09830524628365658
39.42,4.698736952571352,-1.867490490089326,0.09930510381136445
39.43,4.716146070719612,-1.8240399184410219,0.10031209440721091
39.44,4.733112323825062,-1.780333297842433,0.10132609008881838
39.45,4.749633445866182,-1.736375093933356,0.10234696287380998
39.46,4.765707170821415,-1.6921697723536808,0.10337458477980668
39.47,4.781331232669237,-1.6477217987432047,0.10440882782443159
39.480000000000004,4.796503365388129,-1.6030356387417235,0.10544956402530788
39.49,4.811221302956533,-1.5581157579891283,0.10649666540005646
39.5,4.825482779352929,-1.5129666221252158,0.10755000396630049
39.51,4.8392855285557825,-1.4675926967898134,0.10860945174166237
39.52,4.852627284543569,-1.4219984476227172,0.10967488074376523
39.53,4.865505781294737,-1.376188340263819,0.11074616299023002
39.54,4.877918752787763,-1.3301668403529152,0.11182317049867987
39.550000000000004,4.889863917949426,-1.2839383984518313,0.11290577454251034
39.56,4.901332490097258,-1.2375008233711722,0.11399345184843357
39.57,4.912317661539179,-1.1908534536770536,0.11508551261177734
39.58,4.922818376417517,-1.144001287421667,0.11618149162846772
39.59,4.932833578874604,-1.0969493226571694,0.11728092369443155
39.6,4.9423622130527525,-1.0497025574358188,0.11838334360559336
39.61,4.951403223094295,-1.002265989809773,0.11948828615787997
39.62,4.959955553141559,-0.9546446178312229,0.12059528614721748
39.63,4.968018147336876,-0.9068434395523254,0.12170387836953274
39.64,4.9755899498225595,-0.8588674530253395,0.12281359762075023
39.65,4.982669904740942,-0.8107216563024223,0.12392397869679683
39.660000000000004,4.989256956234355,-0.7624110474357305,0.1250345563935994
39.67,4.995350048445115,-0.7139406244775235,0.1261448655070824
39.68,5.000948125515553,-0.6653153854799582,0.1272544408331727
39.69,5.006050131587994,-0.6165403284952254,0.1283628171677964
39.7,5.0106550108047685,-0.5676204515754815,0.12946952930688033
39.71,5.014761707308196,-0.518560752772987,0.130574112046349
39.72,5.018369165240606,-0.4693662301398982,0.13167610018212925
39.730000000000004,5.021476328744326,-0.42004188172837076,0.13277502851014794
39.74,5.024082141961678,-0.3705927055906659,0.1338704318263296
39.75,5.026185549034992,-0.32102369977893985,0.13496184492660104
39.76,5.027785494106592,-0.2713398623453831,0.13604880260688834
39.77,5.028880921318805,-0.22154619134215192,0.13713083966311837
39.78,5.029468181948032,-0.17164635195114455,0.1382073126300049
39.79,5.029537441523304,-0.12164067444081456,0.13927699694338708
39.800000000000004,5.029088084245411,-0.07153404317486953,0.14033911618916406
39.81,5.028120369890852,-0.021331784950031657,0.14139294645505823
39.82,5.026634558236122,0.02896077343708356,0.14243776382879425
39.83,5.024630909057718,0.07933830518982532,0.143472844398096
39.84,5.022109682132134,0.12979548351157844,0.14449746425068805
39.85,5.01907113723587,0.18032698160562016,0.14551089947429288
39.86,5.015515534145422,0.23092747267533537,0.1465124261566351
39.87,5.011443132637284,0.28159162992407305,0.14750132038543856
39.88,5.006854192487951,0.3323141265552184,0.14847685824842788
39.89,5.001748973473924,0.38308963577204824,0.14943831583332554
39.9,4.996127735371698,0.43391283077794784,0.1503849692278561
39.910000000000004,4.989990737957764,0.484778384776302,0.15131609451974415
39.92,4.983338241008627,0.5356809709703878,0.1522309677967122
39.93,4.9761705043007805,0.5866152625635902,0.15312886514648483
39.94,4.9684877876107185,0.6375759327592582,0.15400906265678593
39.95,4.960290350714933,0.6885576547607769,0.15487083641533997
39.96,4.951578453389931,0.7395551017714235,0.15571346250986964
39.97,4.942352355412205,0.7905629469945826,0.15653621702809942
39.980000000000004,4.932612316558243,0.8415758636336397,0.15733837605775375
39.99,4.922358596604555,0.8925885248918715,0.1581192156865554
40.0,4.911591148986751,0.9435956945140797,0.1588779692755143
40.01,4.900302269874913,0.9945944882160149,0.15961278141972607
40.02,4.888489628963234,1.0455806649741577,0.1603224920443428
40.03,4.876154725557088,1.0965488876896121,0.16100646683406683
40.04,4.863299058961821,1.1474938192635913,0.16166407147360212
40.050000000000004,4.84992412848278,1.1984101225973083,0.16229467164765243
40.06,4.836031433425338,1.2492924605918674,0.1628976330409203
40.07,4.821622473094842,1.300135496148482,0.16347232133810952
40.08,4.8066987467966475,1.350933892168328,0.1640181022239235
40.09,4.791261753836098,1.4016823115526194,0.1645343413830659
40.1,4.775312993518573,1.45237541720246,0.16502040450023947
40.11,4.758853965149414,1.5030078720190634,0.1654756572601479
40.12,4.741886168033979,1.5535743389036059,0.16589946534749458
40.13,4.72441110147761,1.6040694807573002,0.16629119444698318
40.14,4.706430264785687,1.6544879604812515,0.16665021024331647
40.15,4.687945157263553,1.7048244409766724,0.16697587842119815
40.160000000000004,4.668957278216551,1.7550735851447754,0.1672675646653318
40.17,4.649468126950063,1.805230055886666,0.16752463466042036
40.18,4.62947920276943,1.8552885161035564,0.16774645409116745
40.19,4.608992004980007,1.905243628696624,0.16793238864227644
40.2,4.588008032887137,1.9550900565670803,0.1680818039984508
40.21,4.566522440155082,2.004822700672699,0.16819294988925154
40.22,4.544530263132528,2.0544366442967057,0.1682643335761798
40.230000000000004,4.522034287972319,2.1039267787029168,0.16829597954252207
40.24,4.499037309840993,2.15328799487593,0.16828791394901163
40.25,4.475542123905036,2.2025151838004473,0.16824016295638178
40.26,4.451551525330952,2.251603236461138,0.1681527527253658
40.27,4.427068309285228,2.3005470438427045,0.16802570941669695
40.28,4.4020952709343995,2.349341496929745,0.1678590591911086
40.29,4.376635205444954,2.3979814867069624,0.16765282820933408
40.300000000000004,4.350690907983377,2.446461904159059,0.1674070426321064
40.31,4.324265173716207,2.494777640270634,0.16712172862015925
40.32,4.297360797809931,2.5429235860263897,0.16679691233422575
40.33,4.2699805754310525,2.5908946324109947,0.16643261993503922
40.34,4.242127301746053,2.6386856704091506,0.1660288775833326
40.35,4.213803771921477,2.686291591005457,0.1655857114398398
40.36,4.185012781123808,2.7337072851846163,0.16510314766529383
40.37,4.15575712451955,2.780927643931297,0.16458121242042797
40.38,4.126039597275183,2.8279475582301994,0.16401993186597513
40.39,4.095862994557255,2.874761919065925,0.16341933216266938
40.4,4.065230111532247,2.921365617423176,0.16277943947124363
40.410000000000004,4.0341437433666405,2.9677535442866523,0.16210027995243065
40.42,4.002606685226984,3.0139205906409567,0.16138187976696475
40.43,3.970621732279758,3.05986164747079,0.16062426507557873
40.44,3.938190529310665,3.1055714405022483,0.15982745557419295
40.45,3.905306731070572,3.151043680637094,0.15899171167988294
40.46,3.871971895886253,3.1962734521123246,0.158117849262235
40.47,3.8381897234808955,3.241256168355399,0.15720674254471548
40.480000000000004,3.8039639135776846,3.285987242793775,0.1562592657507906
40.49,3.7692981658998796,3.330462088854815,0.15527629310392857
40.5,3.7341961801706667,3.3746761199659776,0.15425869882759566
40.51,3.6986616561132553,3.4186247495546893,0.15320735714525874
40.52,3.6626982934508305,3.4623033910484065,0.1521231422803839
40.53,3.6263097919066536,3.505707457874494,0.15100692845643962
40.54,3.5894998512039096,3.548832363460409,0.14985958989689205
40.550000000000004,3.5522721710657814,3.591673521233608,0.14868200082520716
40.56,3.5146304512155324,3.6342263446214567,0.1474750354648536
40.57,3.4765783913763464,3.6764862470514115,0.14623956803929739
40.58,3.4381196912714342,3.718448641950899,0.14497647277200545
40.59,3.399258050623977,3.7601089427473746,0.14368662388644374
40.6,3.3599971691572414,3.8014625628682057,0.142370895606081
40.61,3.3203407465944097,3.8425049157408484,0.14103016215438316
40.62,3.280292482658692,3.8832314147927285,0.1396652977548172
40.63,3.23985607707327,3.9236374734513007,0.13827717663084896
40.64,3.1990352295614106,3.9637185051439348,0.13686667300594735
40.65,3.157833639846296,4.003469923298085,0.13543466110357824
40.660000000000004,3.1162532409843244,4.042886488824383,0.13398223790857314
40.67,3.0742911963443516,4.081961369630904,0.13251129337879267
40.68,3.031951103300377,4.120690318202014,0.1310231426195261
40.69,2.9892372438296007,4.15906934923383,0.12951902503653653
40.7,2.946153899909191,4.197094477422494,0.128000180035586
40.71,2.9027053535164087,4.234761717464068,0.12646784702243974
40.72,2.8588958866284226,4.272067084054697,0.12492326540285986
40.730000000000004,2.8147297812224013,4.3090065918905225,0.1233676745826083
40.74,2.7702113192756057,4.345576255667608,0.1218023139674504
40.75,2.7253447827652053,4.381772090082097,0.12022842296314819
40.76,2.6801344536683986,4.417590109830105,0.11864724097546475
40.77,2.634584613962353,4.4530263296077734,0.11706000741016208
40.78,2.5886995456243325,4.4880767641111685,0.11546796167300555
40.79,2.5424835306315043,4.522737428036431,0.11387234316975713
40.800000000000004,2.495940850961035,4.557004336079703,0.1122743913061788
40.81,2.4490757885901893,4.59087350293705,0.11067534548803595
40.82,2.401892625496134,4.624340943304616,0.10907644512109058
40.83,2.3543956436560696,4.657402671878514,0.10747892961110575
40.84,2.30658912504716,4.6900547033548845,0.10588403836384346
40.85,2.2584743965572374,4.72229135857046,0.10429208320258683
40.86,2.2100510355439256,4.754106167132436,0.10270267037210258
40.87,2.1613237928862157,4.785495779709998,0.10111691503637579
40.88,2.112297504660581,4.816456897076642,0.0995359581642779
40.89,2.0629770069436,4.846986220005798,0.09796094072468377
40.9,2.0133671358117464,4.877080449270961,0.0963930036864648
40.910000000000004,1.9634727273414925,4.9067362856456285,0.09483328801849251
40.92,1.9132986176094184,4.935950429903232,0.09328293468964169
40.93,1.8628496426919967,4.964719582817267,0.09174308466878378
40.94,1.8121306386657363,4.993040445161207,0.0902148789247914
40.95,1.7611464416071092,5.020909717708546,0.08869945842653602
40.96,1.7099018875926961,5.04832410123272,0.0871979641428924
40.97,1.6584018126989695,5.075280296507223,0.08571153704273202
40.980000000000004,1.6066510530024007,5.101775004305546,0.08424131809492644
40.99,1.554654444579572,5.1278049254011275,0.08278844826835031
41.0,1.5024168235069557,5.153366760567461,0.08135406853187517
41.01,1.4499430258610593,5.17845721057802,0.07993931985437361
41.02,1.397237887718354,5.203072976206295,0.0785453432047172
41.03,1.3443061524923947,5.227210695845026,0.07717316771197569
41.04,1.2911476864559157,5.250863821676144,0.0758177587200339
41.050000000000004,1.237764849016043,5.274027773780038,0.07447656185603434
41.06,1.1841629674840837,5.296700022949936,0.07315050856867739
41.07,1.1303473691712316,5.318878039979117,0.07184053030666061
41.08,1.0763233813887179,5.340559295660842,0.07054755851868252
41.09,1.0220963314477352,5.3617412607883885,0.06927252465344073
41.1,0.9676715466595922,5.382421406154986,0.06801636015963557
41.11,0.9130543543354817,5.402597202553913,0.06677999648596464
41.12,0.8582500817866352,5.42226612077843,0.06556436508112644
41.13,0.8032640563242448,5.441425631621812,0.06437039739381867
41.14,0.7481016052596201,5.460073205877294,0.0631990248727415
41.15,0.6927680559039533,5.478206314338151,0.062051178966592624
41.160000000000004,0.6372687355684367,5.495822427797656,0.06092779112406974
41.17,0.5816089715643801,5.512919017049047,0.05982979279387299
41.18,0.5257940912029756,5.529493552885596,0.05875811542470004
41.19,0.46982942179545484,5.545543506100567,0.05771369046524943
41.2,0.41372029065300886,5.56106634748723,0.05669744936421896
41.21,0.35747131102854035,5.576058966916574,0.055708724870472334
41.22,0.3010825923975943,5.5905147741216945,0.054736414348174105
41.230000000000004,0.2445587299080784,5.604431144691009,0.05377885240546291
41.24,0.18790543563570525,5.617806389817186,0.052836822804971435
41.25,0.13112842165606697,5.630638820692925,0.05191110930933032
41.26,0.07423340004479567,5.642926748510915,0.051002495681170906
41.27,0.01722608287748323,5.65466848446385,0.05011176568312389
41.28,-0.03988781777015726,5.665862339744407,0.04923970307782188
41.29,-0.09710258982253406,5.676506625545279,0.04838709162789555
41.300000000000004,-0.15441252120405558,5.686599653059164,0.04755471509597564
41.31,-0.21181189983900806,5.696139733478736,0.04674335724469469
41.32,-0.2692950136518002,5.70512517799669,0.04595380183668342
41.33,-0.32685615056679973,5.713554297805717,0.04518683263457314
41.34,-0.384489598508415,5.721425404098509,0.044443233400994694
41.35,-0.44218964540093286,5.728736808067746,0.043723787898580446
41.36,-0.49995057916876073,5.73548682090612,0.0430292798899612
41.37,-0.557766687736267,5.741673753806321,0.04236049313776828
41.38,-0.6156330162423795,5.747295108655644,0.04171582417052967
41.39,-0.6735477631978013,5.752345264840104,0.04108340219769745
41.4,-0.731505605174036,5.756822727653113,0.04046198429757193
41.410000000000004,-0.7895006314136341,5.760726653084386,0.03985214899773095
41.42,-0.8475269311590227,5.764056197123622,0.039254474825753616
41.43,-0.9055785936527521,5.766810515760535,0.038669540309217744
41.44,-0.9636497081373314,5.768988764984833,0.03809792397570159
41.45,-1.0217343638553116,5.770590100786223,0.03754020435278299
41.46,-1.0798266500491187,5.771613679154414,0.03699695996804102
41.47,-1.1379206559613038,5.772058656079114,0.0364687693490535
41.480000000000004,-1.1960104708344175,5.771924187550032,0.035956211023398334
41.49,-1.2540901839108862,5.771209429556875,0.0354598635186545
41.5,-1.3121538844332603,5.7699135380893525,0.034980305362399884
41.51,-1.3701956616440496,5.7680356691371735,0.034518115082212725
41.52,-1.4282096047858042,5.765574978690044,0.03407387120567097
41.53,-1.4861898779782043,5.76253048208579,0.03364785204788676
41.54,-1.5441328974773585,5.758897148860437,0.03323121233230844
41.550000000000004,-1.6020337844237102,5.754672878870616,0.03282004648159657
41.56,-1.6598865317299778,5.749857771465554,0.0324149316605804
41.57,-1.7176851323090028,5.744451925994473,0.032016445034088306
41.58,-1.775423579073586,5.738455441806593,0.03162516376694895
41.59,-1.8330958649365687,5.731868418251134,0.03124166502399073
41.6,-1.8906959828106695,5.7246909546773255,0.030866525970042864
41.61,-1.9482179256087302,5.716923150434386,0.030500323769933734
41.62,-2.005655686243551,5.708565104871539,0.030143635588492007
41.63,-2.0630032576279738,5.699616917337999,0.02979703859054611
41.64,-2.120254632674717,5.690078687183001,0.029461109940925198
41.65,-2.177403804296622,5.679950513755761,0.029136426804457688
41.660000000000004,-2.234444765406531,5.669232496405495,0.028823566345972027
41.67,-2.2913715089171616,5.65792473448144,0.02852310573029733
41.68,-2.3481780277413566,5.64602732733281,0.02823562212226203
41.69,-2.4048583147919156,5.6335403743088275,0.027961692686694795
41.7,-2.461407241495631,5.620461211838187,0.0276969252770204
41.71,-2.5178200716677113,5.606786706931972,0.02743494495766915
41.72,-2.574090907898673,5.592517862297773,0.0271760950105095
41.730000000000004,-2.6302138455074937,5.5776557049826065,0.026920760304152393
41.74,-2.686182979813031,5.562201262033523,0.026669325707209313
41.75,-2.741992406134262,5.5461555604975405,0.026422176088291206
41.76,-2.797636219790125,5.5295196274216885,0.0261796963160092
41.77,-2.853108516099597,5.512294489852982,0.025942271258974248
41.78,-2.9084033903815363,5.494481174838475,0.02571028578579782
41.79,-2.9635149379549204,5.476080709425183,0.025484124765090863
41.800000000000004,-3.018437254138725,5.457094120660123,0.02526417306546435
41.81,-3.0731644342518107,5.437522435590349,0.025050815555529723
41.82,-3.127690573613154,5.417366681262878,0.02484443710389795
41.83,-3.1820097675416923,5.396627884724736,0.024645422579180152
41.84,-3.2361161113564014,5.375307073022938,0.02445415684998732
41.85,-3.290003736794912,5.353404017198154,0.024269747404026022
41.86,-3.3436670003775877,5.3309146031341115,0.02408690145081591
41.87,-3.397100250013072,5.307840170407836,0.02390527396880331
41.88,-3.4502978215529243,5.284182748101802,0.023725189399214894
41.89,-3.5032540508485916,5.259944365298537,0.02354697218327773
41.9,-3.5559632737516336,5.235127051080519,0.023370946762218483
41.910000000000004,-3.6084198261136087,5.209732834530222,0.023197437577263846
41.92,-3.6606180437859646,5.183763744730173,0.02302676906964086
41.93,-3.7125522626202607,5.157221810762852,0.022859265680576217
41.94,-3.764216818468019,5.130109061710749,0.022695251851296717
41.95,-3.8156060471807973,5.102427526656339,0.02253505202302905
41.96,-3.866714284610045,5.074179234682154,0.022378990637000253
41.97,-3.9175358666073206,5.045366214870667,0.02222739213443701
41.980000000000004,-3.9680651290241813,5.015990496304351,0.022080580956566027
41.99,-4.018296407712078,4.9860541080657415,0.021938881544614316
42.0,-4.068224038522568,4.955559079237311,0.02180261833980858
42.01,-4.117842355507296,4.924507427917754,0.021672108153953165
42.02,-4.167145030855357,4.892896834830091,0.02154450639024973
42.03,-4.216126156355767,4.860726463597253,0.021417461546240066
42.04,-4.26478049656585,4.827999340755197,0.02129118442112788
42.050000000000004,-4.3131028160429326,4.794718492839877,0.021165885814116884
42.06,-4.361087879344233,4.760886946387321,0.021041776524411044
42.07,-4.408730451027078,4.726507727933485,0.02091906735121407
42.08,-4.456025295648757,4.691583864014347,0.02079796909372976
42.09,-4.5029671777665925,4.656118381165861,0.02067869255116182
42.1,-4.549550861937808,4.620114305924058,0.02056144852271422
42.11,-4.595771112719727,4.583574664824891,0.020446447807590667
42.12,-4.641622694669638,4.546502484404339,0.020333901204994956
42.13,-4.687100372344865,4.508900791198355,0.02022401951413081
42.14,-4.732198910302633,4.470772611742973,0.02011701353420218
42.15,-4.776913073100263,4.432120972574143,0.020013094064412776
42.160000000000004,-4.821237625295077,4.392948900227818,0.01991247190396633
42.17,-4.865167331444303,4.353259421240033,0.019815357852066777
42.18,-4.908696808636377,4.313055174284916,0.019721806798171114
42.19,-4.951818486510475,4.272332866194922,0.019629357539268394
42.2,-4.994526816075675,4.231094107243681,0.01953721541731966
42.21,-5.036817207771533,4.189342976465598,0.01944553784675457
42.22,-5.0786850720376995,4.147083552894986,0.019354482242002594
42.230000000000004,-5.120125819313819,4.104319915566158,0.019264206017493193
42.24,-5.161134860039452,4.06105614351352,0.01917486658765603
42.25,-5.201707604654245,4.017296315771384,0.019086621366920565
42.26,-5.241839463597815,3.973044511374095,0.01899962776971633
42.27,-5.281525847309808,3.928304809355964,0.018914043210472797
42.28,-5.320762166229787,3.8830812887513986,0.01883002510361962
42.29,-5.359543830797396,3.8373780285947108,0.018747730863586262
42.300000000000004,-5.397866251452281,3.791199107920212,0.018667317904802198
42.31,-5.435724838634004,3.7445486057623114,0.018588943641697074
42.32,-5.473115002782211,3.6974306011553195,0.018512765488700362
42.33,-5.510032154336519,3.649849173133581,0.018438940860241594
42.34,-5.5464717037365725,3.601808400731405,0.018367627170750245
42.35,-5.582429061421937,3.5533123629832035,0.01829898183465595
42.36,-5.617899637832255,3.504365138923286,0.01823316226638819
42.37,-5.652877529230338,3.4549685725070054,0.018169746111121977
42.38,-5.687354187163608,3.4051197670958464,0.018106920737251384
42.39,-5.721325561858422,3.3548232015278403,0.018044604233734298
42.4,-5.754787970691168,3.304083968870899,0.017982867267484378
42.410000000000004,-5.787737731038229,3.252907162192933,0.01792178050541527
42.42,-5.820171160275922,3.201297874561962,0.01786141461444076
42.43,-5.852084575780632,3.149261199045896,0.017801840261474498
42.44,-5.883474294928722,3.0968022287126833,0.01774312811343018
42.45,-5.914336635096575,3.0439260566302324,0.017685348837221455
42.46,-5.944667913660511,2.990637775866566,0.01762857309976211
42.47,-5.974464447996912,2.9369424794895935,0.017572871567965793
42.480000000000004,-6.003722555482162,2.882845260567223,0.017518314908746162
42.49,-6.032438553492582,2.8283512121674788,0.01746497378901699
42.5,-6.060608759404555,2.7734654273582695,0.01741291887569193
42.51,-6.088229490594442,2.718192999207542,0.017362220835684686
42.52,-6.115297064438625,2.6625390207832043,0.01731295033590891
42.53,-6.141807798313429,2.606508585153281,0.01726517804327837
42.54,-6.167758009595234,2.5501067853856814,0.01721897462470673
42.550000000000004,-6.19314401566042,2.4933387145483112,0.017174410747107644
42.56,-6.2179621338853135,2.436209465709198,0.01713155707739488
42.57,-6.24220529717628,2.378720409760079,0.017090089299695188
42.58,-6.265862457539729,2.3208683272347,0.017049124944125964
42.59,-6.288930918385524,2.262658987501738,0.01700866983347489
42.6,-6.311408342137116,2.204098550735697,0.01696876991209764
42.61,-6.333292391218009,2.145193177110955,0.016929471124349792
42.62,-6.354580728051689,2.085949026801933,0.016890819414586974
42.63,-6.375271015061654,2.0263722599830083,0.016852860727164767
42.64,-6.395360914671363,1.9664690368286855,0.01681564100643884
42.65,-6.414848089304314,1.9062455175133426,0.016779206196764783
42.660000000000004,-6.433730201384009,1.8457078622113572,0.016743602242498185
42.67,-6.452004913333904,1.784862231097235,0.016708875087994717
42.68,-6.469669887577499,1.7237147843453533,0.01667507067760996
42.69,-6.486722786538281,1.6622716821301324,0.01664223495569954
42.7,-6.503161272639746,1.6005390846259484,0.016610413866619038
42.71,-6.518983008305357,1.5385231520073095,0.016579653354724125
42.72,-6.53418565595861,1.4762300444485916,0.016549999364370387
42.730000000000004,-6.548766878023003,1.4136659221241705,0.016521497839913423
42.74,-6.562724336922,1.3508369452085558,0.01649419472570889
42.75,-6.576055695079097,1.2877492738761227,0.016468135966112376
42.76,-6.588758614917779,1.2244090683012914,0.016443367505479502
42.77,-6.600830758861542,1.1608224886584373,0.016419935288165866
42.78,-6.612269789333854,1.09699569512207,0.016397885258527117
42.79,-6.623073368758208,1.0329348478665652,0.016377263360918853
42.800000000000004,-6.633239159558097,0.9686461070662975,0.016358115539696676
42.81,-6.6427648227454785,0.904135631668691,0.016340487673946892
42.82,-6.651642319291685,0.8394045202272651,0.016324137468259795
42.83,-6.659864835863099,0.7744545292897546,0.016308783924440035
42.84,-6.667431339471956,0.7092923417591588,0.01629439022474163
42.85,-6.674340797130469,0.6439246405386162,0.016280919551418617
42.86,-6.680592175850874,0.5783581085311261,0.016268335086725007
42.87,-6.686184442645396,0.5125994286397345,0.01625660001291482
42.88,-6.691116564526267,0.4466552837674397,0.01624567751224207
42.89,-6.695387508505705,0.3805323568173814,0.016235530766960795
42.9,-6.698996241595944,0.31423733069255877,0.016226122959325004
42.910000000000004,-6.701941730809213,0.24777688829596956,0.016217417271588715
42.92,-6.704222943157732,0.18115771253075452,0.016209376886005957
42.93,-6.705838845653734,0.1143864862999121,0.016201964984830747
42.94,-6.706788405309444,0.047469892506487366,0.016195144750317105
42.95,-6.707070589137091,-0.019585385946520817,0.016188879364719046
42.96,-6.7066843641489005,-0.08677266615597179,0.016183132010290605
42.97,-6.705628697357101,-0.15408526521886778,0.016177865869285792
42.980000000000004,-6.703902555773918,-0.22151650023221015,0.016173044123958626
42.99,-6.701504906411581,-0.28905968829285866,0.016168629956563138
43.0,-6.698434716282318,-0.35670814649781457,0.01616458654935334
43.01,-6.6946888858432425,-0.42445620897383074,0.01616095195423322
43.02,-6.690258521148852,-0.4923011964129542,0.016158024145405885
43.03,-6.685142981293683,-0.5602365399982503,0.016155865877404627
43.04,-6.679342562392303,-0.6282552180884937,0.01615450903973942
43.050000000000004,-6.672857560559279,-0.6963502090424598,0.016153985521920246
43.06,-6.6656882719091906,-0.7645144912187789,0.016154327213457078
43.07,-6.657834992556605,-0.8327410429762258,0.01615556600385989
43.08,-6.649298018616093,-0.9010228426735275,0.016157733782638663
43.09,-6.640077646202219,-0.9693528686694592,0.016160862439303373
43.1,-6.630174171429565,-1.037724099322651,0.01616498386336399
43.11,-6.619587890412698,-1.106129512991878,0.016170129944330494
43.12,-6.608319099266189,-1.1745620880358671,0.016176332571712866
43.13,-6.596368094104599,-1.2430148028133936,0.01618362363502108
43.14,-6.583735171042515,-1.3114806356830875,0.016192035023765105
43.15,-6.570420626194502,-1.3799525650037237,0.016201598627454922
43.160000000000004,-6.55642475567512,-1.448423569134078,0.01621234633560052
43.17,-6.541747855598959,-1.5168866264327798,0.01622431003771185
43.18,-6.526390222080581,-1.5853347152586048,0.016237521623298903
43.19,-6.510352151234556,-1.6537608139702793,0.016252012981871657
43.2,-6.493633640909897,-1.722157974801624,0.016267812962052382
43.21,-6.476224440324171,-1.7905218560884886,0.01628482823217132
43.22,-6.458120829694138,-1.8588466867966134,0.016302982849128962
43.230000000000004,-6.439324788928537,-1.9271253157184167,0.016322250737011542
43.24,-6.419838297936144,-1.9953505916461722,0.016342605819905265
43.25,-6.399663336625697,-2.0635153633722987,0.01636402202189637
43.26,-6.37880188490595,-2.1316124796891667,0.016386473267071083
43.27,-6.357255922685635,-2.1996347893891945,0.016409933479515647
43.28,-6.335027429873536,-2.2675751412646563,0.01643437658331626
43.29,-6.31211838637839,-2.3354263841079708,0.016459776502559167
43.300000000000004,-6.2885307721089285,-2.403181366711556,0.01648610716133061
43.31,-6.264266566973938,-2.4708329378676863,0.01651334248371678
43.32,-6.239327750882153,-2.53837394636878,0.01654145639380392
43.33,-6.213716303742325,-2.605797241007208,0.016570422815678262
43.34,-6.187434205463187,-2.6730956705753877,0.016600215673426053
43.35,-6.160483435953525,-2.740262083865594,0.016630808891133476
43.36,-6.132865975122074,-2.8072893296702457,0.01666217639288678
43.37,-6.104583802877586,-2.8741702567817127,0.016694292102772193
43.38,-6.075638899128788,-2.9408977139924133,0.016727129944875966
43.39,-6.046033243784476,-3.007464550094622,0.01676066384328428
43.4,-6.015768816753378,-3.073863613880757,0.016794867722083384
43.410000000000004,-5.984847597944226,-3.140087754143237,0.01682971550535953
43.42,-5.953271567265812,-3.206129819674336,0.016865181117198896
43.43,-5.921042704626869,-3.271982659266473,0.016901238481687734
43.44,-5.888161567830899,-3.3376392433512505,0.016937866178051146
43.45,-5.8546175017639985,-3.403093653418929,0.01697511488724265
43.46,-5.820410765811984,-3.4683393226623287,0.01701306601013072
43.47,-5.785544910624,-3.533369430656169,0.017051796672325766
43.480000000000004,-5.75002348684919,-3.598177156975166,0.017091383999438183
43.49,-5.713850045136772,-3.6627556811938997,0.017131905117078298
43.5,-5.67702813613589,-3.7270981828870884,0.01717343715085651
43.51,-5.639561310495713,-3.791197841629403,0.017216057226383197
43.52,-5.601453118865382,-3.8550478369955603,0.017259842469268767
43.53,-5.562707111894119,-3.9186413485601417,0.017304870005123527
43.54,-5.523326840231067,-3.9819715558978634,0.01735121695955789
43.550000000000004,-5.483315854525364,-4.045031638583442,0.01739896045818226
43.56,-5.442677705426238,-4.107814776191461,0.017448177626606953
43.57,-5.401415943582827,-4.170314148296633,0.017498945590442367
43.58,-5.359534119644301,-4.232522934473634,0.017551341475298885
43.59,-5.317035784259797,-4.294434314297176,0.017605442406786923
43.6,-5.273924488078545,-4.356041467341845,0.01766132551051677
43.61,-5.230203781749682,-4.417337573182354,0.01771906791209885
43.62,-5.185877215922378,-4.478315811393378,0.017778746737143532
43.63,-5.14094834124577,-4.538969361549628,0.01784043911126124
43.64,-5.095420708369089,-4.599291403225692,0.01790422216006226
43.65,-5.049297867941472,-4.659275115996284,0.017970173009157007
43.660000000000004,-5.0025833706120535,-4.718913679436117,0.01803836878415591
43.67,-4.955273563482996,-4.778199108542891,0.018108256275916564
43.68,-4.907363614508262,-4.837123500131068,0.018179090107163436
43.69,-4.858858505994829,-4.895680702238547,0.018250929938085778
43.7,-4.809763258079754,-4.953864569343014,0.018323838633353205
43.71,-4.760082890900199,-5.011668955922035,0.018397879057635187
43.72,-4.70982242459322,-5.069087716453297,0.01847311407560135
43.730000000000004,-4.658986879295874,-5.126114705414487,0.018549606551921317
43.74,-4.607581275145324,-5.182743777283172,0.01862741935126455
43.75,-4.555610632278627,-5.238968786537039,0.01870661533830068
43.76,-4.503079970832874,-5.2947835876537335,0.018787257377699266
43.77,-4.449994310945119,-5.350182035110943,0.018869408334129943
43.78,-4.3963586727525295,-5.405157983386235,0.01895313107226217
43.79,-4.34217807639216,-5.459705286957296,0.019038488456765573
43.800000000000004,-4.2874575420010625,-5.51381780030181,0.019125543352309784
43.81,-4.2322020897164085,-5.567489377897348,0.01921435862356425
43.82,-4.176416739675249,-5.620713874221595,0.019304997135198603
43.83,-4.120106512014677,-5.673485143752199,0.01939752175188242
43.84,-4.0632764268717425,-5.7257970409668415,0.01949199533828533
43.85,-4.00593150438362,-5.777643420343096,0.019588480759076772
43.86,-3.94807676468736,-5.829018136358647,0.01968704087892639
43.87,-3.8897172279200545,-5.879915043491141,0.01978773856250375
43.88,-3.830857914218754,-5.93032799621826,0.0198906366744785
43.89,-3.7715023895291893,-5.980250279710397,0.01999566063561412
43.9,-3.711646064486196,-6.029672161009785,0.020101958051632684
43.910000000000004,-3.6512931088578893,-6.078587625712324,0.02020949278584465
43.92,-3.5904496453059522,-6.126991447060683,0.02031841235326606
43.93,-3.5291217964919386,-6.174878398297634,0.0204288642689132
43.94,-3.4673156850774456,-6.222243252665911,0.020540996047802268
43.95,-3.4050374337240266,-6.269080783408287,0.020654955204949553
43.96,-3.342293165093366,-6.315385763767432,0.020770889255371097
43.97,-3.2790890018470176,-6.361152966986117,0.02088894571408318
43.980000000000004,-3.2154310666465324,-6.406377166307109,0.021009272096102094
43.99,-3.1513254821535988,-6.451053134973082,0.02113201591644387
44.0,-3.0867783710297676,-6.495175646226807,0.021257324690124795
44.01,-3.021795855936637,-6.538739473311018,0.02138534593216107
44.02,-2.9563840595357567,-6.581739389468484,0.021516227157569002
44.03,-2.8905491044888176,-6.62417016794188,0.021650115881364597
44.04,-2.8242971134573693,-6.666026581973976,0.02178715961856416
44.050000000000004,-2.7576342091029615,-6.707303404807536,0.021927505884183983
44.06,-2.690566514087287,-6.747995409685239,0.02207130219324008
44.07,-2.6231001510718945,-6.788097369849852,0.02221869606074875
44.08,-2.5552412427183815,-6.827604058544111,0.022369835001726197
44.09,-2.486992556326125,-6.866507715129103,0.022524084509946418
44.1,-2.418353953119241,-6.904798613062441,0.02268005018589301
44.11,-2.3493322824988305,-6.9424724921599905,0.02283789805926863
44.12,-2.279934592362786,-6.979525244755882,0.022997839476940663
44.13,-2.21016793060895,-7.015952763184275,0.023160085785776604
44.14,-2.1400393451353157,-7.05175093977925,0.023324848332643595
44.15,-2.0695558838397248,-7.086915666874966,0.02349233846440913
44.160000000000004,-1.9987245946200205,-7.1214428368055795,0.023662767527940713
44.17,-1.9275525253741959,-7.155328341905173,0.02383634687010548
44.18,-1.8560467240000933,-7.188568074507905,0.02401328783777092
44.19,-1.7842142383956054,-7.221157926947908,0.02419380177780442
44.2,-1.7120621164585739,-7.253093791559336,0.024378100037073486
44.21,-1.6395974060869936,-7.284371560676277,0.024566393962445233
44.22,-1.566827155178706,-7.314987126632886,0.024758894900787174
44.230000000000004,-1.493758411631552,-7.344936381763317,0.024955814198966825
44.24,-1.420398223343528,-7.374215218401659,0.025157363203851285
44.25,-1.3467536382124747,-7.402819528882067,0.025363753262308067
44.26,-1.2728317041362849,-7.430745205538673,0.025575195721204553
44.27,-1.1986394690127984,-7.457988140705629,0.025791901927408274
44.28,-1.124183890206059,-7.484544117184569,0.0260140520686181
44.29,-1.0494669079846082,-7.510402955201328,0.026240064730510052
44.300000000000004,-0.9744931068522124,-7.535557997135162,0.026469163666187276
44.31,-0.8992702142754103,-7.560006447310404,0.026701635044754216
44.32,-0.823805957720581,-7.583745510051442,0.02693776503531582
44.33,-0.7481080646541562,-7.606772389682645,0.027177839806976856
44.34,-0.6721842625425145,-7.6290842905283975,0.027422145528842284
44.35,-0.5960422788521954,-7.650678416913037,0.02767096837001653
44.36,-0.519689841049577,-7.671551973160947,0.027924594499604546
44.37,-0.44313467660109196,-7.691702163596499,0.028183310086711107
44.38,-0.36638451297311725,-7.711126192544075,0.02844740130044118
44.39,-0.28944707763219446,-7.729821264328016,0.02871715430989917
44.4,-0.2123300980447005,-7.747784583272703,0.028992855284190037
44.410000000000004,-0.13504130167701311,-7.76501335370252,0.029274790392418763
44.42,-0.0575884159956741,-7.781504779941812,0.02956324580368972
44.43,0.020020831532939765,-7.797256066314957,0.029858507687107894
44.44,0.09777871344239575,-7.812264417146326,0.03016086221177805
44.45,0.1756775022663173,-7.826527036760299,0.030470595546805198
44.46,0.2537094705381624,-7.8400411294812224,0.030787993861293668
44.47,0.3318668907915534,-7.852803899633478,0.03111334332434846
44.480000000000004,0.41014360325867183,-7.864809538903165,0.0314461210660185
44.49,0.4885352988475635,-7.876049002070829,0.0317847913088172
44.5,0.5670340184500684,-7.8865205470051825,0.03212964964807957
44.51,0.6456316550401466,-7.896222721377525,0.03248106701033909
44.52,0.7243201015918141,-7.905154072859158,0.03283941432212949
44.53,0.8030912510789193,-7.91331314912137,0.03320506250998372
44.54,0.881936996475478,-7.920698497835464,0.03357838250043553
44.550000000000004,0.9608492307555063,-7.927308666672743,0.03395974522001865
44.56,1.0398198468928523,-7.933142203304496,0.03434952159526601
44.57,1.1188407378615322,-7.938197655402027,0.03474808255271136
44.58,1.197903796635506,-7.942473570636632,0.035155799018888184
44.59,1.2770009161887894,-7.945968496679614,0.03557304192033023
44.6,1.3561239894952313,-7.948680981202263,0.0360001821835704
44.61,1.435264909528847,-7.950609571875883,0.036437590735142446
44.62,1.5144155692635968,-7.95175281637177,0.03688563850157985
44.63,1.5935678616734974,-7.952109262361224,0.03734469640941642
44.64,1.6727136797323956,-7.951677457515542,0.037815135385184974
44.65,1.7518449793198245,-7.95045569440637,0.03829727802502967
44.660000000000004,1.8309555050928787,-7.948435182470085,0.03879007633793972
44.67,1.9100378716420539,-7.945612170264,0.03929336053525778
44.68,1.989083785620677,-7.9419866610742424,0.03980765998796235
44.69,2.0680849536820185,-7.9375586581869415,0.04033350406703159
44.7,2.1470330824794064,-7.932328164888222,0.040871422143444004
44.71,2.225919878665998,-7.926295184464221,0.041421943588176996
44.72,2.304737048895121,-7.919459720201066,0.041985597772209074
44.730000000000004,2.383476299820103,-7.911821775384878,0.04256291406651881
44.74,2.462129338094101,-7.903381353301798,0.04315442184208352
44.75,2.540687870370444,-7.8941384572379505,0.043760650469881764
44.76,2.6191436033024016,-7.884093090479466,0.04438212932089168
44.77,2.6974882435433,-7.873245256312463,0.04501938776609187
44.78,2.7757134977463,-7.861594958023089,0.04567295517645958
44.79,2.853811072564727,-7.8491421988974635,0.0463433609229734
44.800000000000004,2.931772674651908,-7.835886982221707,0.04703113437661197
44.81,3.0095900106610025,-7.821829311281968,0.047736804908352456
44.82,3.087254787245337,-7.806969189364367,0.0484609018891735
44.83,3.164758744428499,-7.791306049123918,0.049203888455077005
44.84,3.2420941148908673,-7.774831470758898,0.04996535890551667
44.85,3.3192528095564513,-7.757543822598684,0.050745791303676166
44.86,3.3962265648608887,-7.739444620516673,0.05154604126470361
44.87,3.473007117239762,-7.720535380386277,0.052366964403746545
44.88,3.5495862031287078,-7.70081761808089,0.053209416335953164
44.89,3.6259555589632004,-7.680292849473951,0.05407425267646983
44.9,3.702106921178876,-7.658962590438857,0.054962329040444693
44.910000000000004,3.7780320262113722,-7.636828356849002,0.05587450104302599
44.92,3.853722610496163,-7.613891664577827,0.05681162429935999
44.93,3.9291704104688843,-7.590154029498729,0.05777455442459489
44.94,4.00436716256512,-7.5656169674851155,0.05876414703387827
44.95,4.079304603220505,-7.540281994410381,0.059781257742358415
44.96,4.153974468870516,-7.51415062614797,0.060826742165181455
44.97,4.228368495950788,-7.487224378571275,0.06190145591749567
44.980000000000004,4.302478420896957,-7.459504767553688,0.06300625461444942
44.99,4.3762959801445,-7.430993308968658,0.0641419938711887
45.0,4.449812910129053,-7.401691518689574,0.06530952930286185
45.01,4.523020727373817,-7.3715987884662235,0.0665096577230478
45.02,4.595910325351404,-7.340708379914482,0.06774328445680361
45.03,4.668473513268912,-7.309022254748774,0.06901191533440584
45.04,4.740702206705069,-7.276543394913343,0.07031710231343255
45.050000000000004,4.812588321238597,-7.243274782352435,0.07166039735146186
45.06,4.884123772448072,-7.2092193990103635,0.073043352406069
45.07,4.9553004759122175,-7.174380226831374,0.07446751943483211
45.08,5.026110347209708,-7.138760247759732,0.07593445039532834
45.09,5.096545301919268,-7.102362443739682,0.07744569724513593
45.1,5.166597255619472,-7.06518979671554,0.07900281194182991
45.11,5.236258123889044,-7.02724528863155,0.08060734644298849
45.12,5.3055198223066595,-6.98853190143198,0.08226085270618885
45.13,5.37437426645104,-6.949052617061067,0.08396488268900935
45.14,5.4428133719007645,-6.908810417463136,0.08572098834902477
45.15,5.510829054234554,-6.867808284582427,0.08753072164381344
45.160000000000004,5.578413229031132,-6.826049200363178,0.08939563453095387
45.17,5.645557811869077,-6.783536146749714,0.09131727896802058
45.18,5.712253776174863,-6.740268152542991,0.09329740563611029
45.19,5.778491602622807,-6.696242488798733,0.0953386885356816
45.2,5.844263380368123,-6.651463398089599,0.09744405106101321
45.21,5.909561221804437,-6.6059352220975365,0.09961641594586532
45.22,5.974377239325513,-6.559662302504396,0.10185870592400253
45.230000000000004,6.038703545325113,-6.512648980992028,0.10417384372918971
45.24,6.102532252196864,-6.464899599242381,0.10656475209518673
45.25,6.165855472334531,-6.416418498937306,0.10903435375575837
45.26,6.228665318131832,-6.367210021758686,0.11158557144466781
45.27,6.290953901982528,-6.317278509388367,0.1142213278956801
45.28,6.352713336280249,-6.266628303508305,0.11694454584255468
45.29,6.4139357334187554,-6.215263745800346,0.11975814801905654
45.300000000000004,6.474613205791811,-6.163189177946338,0.12266505715895097
45.31,6.534737865793046,-6.110408941628236,0.125668195995997
45.32,6.594301825816221,-6.056927378527887,0.12877048726395982
45.33,6.65329677421018,-6.002747508449844,0.13197486585580365
45.34,6.711712651643618,-5.947867322773994,0.13528526760342977
45.35,6.769541317000618,-5.892291399859731,0.13870694943838213
45.36,6.826774944976424,-5.836025340485814,0.1422452452040572
45.37,6.883405710266235,-5.779074745431041,0.14590548874384904
45.38,6.939425787565294,-5.721445215474166,0.14969301390115453
45.39,6.994827351568722,-5.663142351394069,0.1536131545193623
45.4,7.049602576971761,-5.604171753969507,0.15767124444186922
45.410000000000004,7.10374363846965,-5.544539023979233,0.16187261751207233
45.42,7.157242710757513,-5.48424976220213,0.16622260757335983
45.43,7.210091968530592,-5.423309569416952,0.17072654846912869
45.44,7.262283586484087,-5.361724046402498,0.17538977404277303
45.45,7.3138097393132355,-5.299498793937518,0.1802176181376905
45.46,7.3646626017131664,-5.236639412800899,0.18521541459726826
45.47,7.414833910767657,-5.173150149155869,0.1903882161018387
45.480000000000004,7.464313846271506,-5.109031221883724,0.1957417286021721
45.49,7.513094146834889,-5.044288722832372,0.20128484382762477
45.5,7.561166765598505,-4.978929462428118,0.2070267049751083
45.51,7.608523655703017,-4.912960251097311,0.2129764552415306
45.52,7.655156770289121,-4.846387899266253,0.21914323782380402
45.53,7.701058062497414,-4.779219217361387,0.2255361959188276
45.54,7.746219485468594,-4.711461015809014,0.2321644727235136
45.550000000000004,7.790632992343354,-4.643120105035436,0.2390372114347748
45.56,7.834290536262295,-4.574203295467099,0.24616355524950934
45.57,7.877184070366113,-4.504717397530302,0.25355264736462985
45.58,7.919305547795469,-4.434669221651395,0.2612136309770443
45.59,7.9606469216910565,-4.364065578256678,0.2691556492836662
45.6,8.001199752595218,-4.292911484665578,0.2773866046346696
45.61,8.040954553153545,-4.22120920588378,0.28591468765885103
45.62,8.07990256489033,-4.148966447238016,0.2947541303158428
45.63,8.118035089761468,-4.076191251863355,0.3039194649692494
45.64,8.15534342972277,-4.002891662895019,0.3134252239826556
45.65,8.191818886730127,-3.9290757234680784,0.3232859397196658
45.660000000000004,8.227452762739434,-3.854751476717599,0.3335161445438851
45.67,8.2622363597065,-3.779926965778807,0.3441303708188969
45.68,8.296160979587224,-3.7046102337867692,0.35514315090830617
45.69,8.329217924337467,-3.628809323876607,0.3665690171757108
45.7,8.361398495913118,-3.5525322791833838,0.37842250198471716
45.71,8.392693996269998,-3.4757871428423304,0.3907181376989063
45.72,8.423095730735923,-3.39858093336939,0.40346893668122424
45.730000000000004,8.452594552941695,-3.3209167172808383,0.4166838068872085
45.74,8.481180613855672,-3.2428030155511167,0.43038233859694275
45.75,8.508844017337436,-3.16424921555004,0.4445855748278049
45.76,8.535574867246549,-3.085264704647479,0.45931455859716386
45.77,8.561363267442596,-3.0058588702132476,0.4745903329223993
45.78,8.5861993217851,-2.926041099617329,0.49043394082085845
45.79,8.610073134133646,-2.8458207802295368,0.5068664253099207
45.800000000000004,8.63297480834781,-2.7652072994196852,0.523908829406967
45.81,8.654894448287125,-2.684210044557758,0.5415821961293421
45.82,8.67582215781117,-2.6028384030135694,0.5599075684944266
45.83,8.695748040779508,-2.5211017621569893,0.5789059895195893
45.84,8.714662674783193,-2.4390075545260363,0.5985943210336652
45.85,8.732556719570992,-2.3565602152783836,0.618983999972485
45.86,8.749418674152327,-2.27377030615658,0.6401006023144956
45.87,8.76523692272059,-2.1906487785987534,0.661970568752609
45.88,8.779999849469181,-2.107206584042973,0.6846203399797534
45.89,8.793695838591473,-2.0234546739274837,0.7080763566888084
45.9,8.806313274280866,-1.9394039996903552,0.732365059572702
45.910000000000004,8.817840540730758,-1.855065512769655,0.7575128893243641
45.92,8.828266022134526,-1.7704501646036306,0.783546286636671
45.93,8.837578102685569,-1.6855689066303503,0.810491692202552
45.94,8.845765166577277,-1.6004326902879413,0.8383755467149192
45.95,8.852815598003048,-1.5150524670144712,0.8672242908667054
45.96,8.858718917619354,-1.4294359902142226,0.8970578185805704
45.97,8.86346487383121,-1.3435888046548357,0.9278880426004823
45.980000000000004,8.867040223007768,-1.2575235786858974,0.9597385982355096
45.99,8.869431645647254,-1.1712531762117973,0.9926334815101291
46.0,8.870625822247895,-1.0847904611367425,1.0265966884488855
46.01,8.870609433307921,-0.9981482973650001,1.061652215076301
46.02,8.869369159325556,-0.9113395488007762,1.0978240574169238
46.03,8.86689168079903,-0.8243770793484617,1.135136211495225
46.04,8.863163678226572,-0.7372737529122625,1.1736126733357521
46.050000000000004,8.858171832106404,-0.6500424333963845,1.2132774389630558
46.06,8.851902822936761,-0.562695984705219,1.254154504401602
46.07,8.844343331215867,-0.4752472707429716,1.2962678656759408
46.08,8.835480018194248,-0.38770871945555013,1.3396417915394714
46.09,8.825299316557693,-0.3000840886441497,1.3842990029458027
46.1,8.81378836235117,-0.2123843751230616,1.4302403446840182
46.11,8.800934533940735,-0.12462479705548174,1.4774614916494522
46.12,8.78672520969245,-0.03682057260466798,1.5259581187374067
46.13,8.771147767972364,0.05101308006618405,1.5757259008432207
46.14,8.754189587146557,0.13886094279369154,1.6267605128621256
46.15,8.735838045581085,0.22670779741465885,1.6790576296894593
46.160000000000004,8.71608052164199,0.31453842576589053,1.7326129262205627
46.17,8.694904393695362,0.4023376096840038,1.7874220773506624
46.18,8.672297040107248,0.4900901310058029,1.8434807579750982
46.19,8.64824583924371,0.57778077156803,1.9007846429891737
46.2,8.622738169470791,0.6653943132074895,1.9593294072882323
46.21,8.595761409154585,0.7529155377607981,2.0191107257674945
46.22,8.567302936661138,0.8403292270647611,2.080124273322303
46.230000000000004,8.537345510197143,0.9276238439342847,2.1423690017794392
46.24,8.50587107350998,1.014791315444315,2.2058100864356924
46.25,8.472875163437603,1.1018151778496235,2.270373298794484
46.26,8.43835372397571,1.1886786833704506,2.335983629127174
46.27,8.402302699119966,1.2753650842270974,2.402566067705169
46.28,8.364718032866113,1.3618576326396812,2.470045604799734
46.29,8.325595669209822,1.4481395808285036,2.5383472306822754
46.300000000000004,8.284931552146753,1.5341941810138657,2.6073959356242025
46.31,8.24272162567266,1.6200046854158856,2.677116709896776
46.32,8.198961833783205,1.7055543462548641,2.7474345437714045
46.33,8.153648120474081,1.7908264157510416,2.818274427519447
46.34,8.106776429740947,1.8758041461247181,2.889561351412315
46.35,8.058342705579562,1.9604707895960134,2.961220305721265
46.36,8.008333903744074,2.0448110090428866,3.033175707141137
46.37,7.956733631390369,2.1288116547253955,3.1053125802687536
46.38,7.903554387754961,2.212456577242075,3.177481609961498
46.39,7.848809766762635,2.295729487038696,3.2495328047018135
46.4,7.792513362338058,2.3786140945612106,3.321316172972297
46.410000000000004,7.734678768405899,2.4610941102555683,3.392681723255544
46.42,7.675319578890945,2.5431532445675433,3.4634794640339996
46.43,7.614449387717865,2.624775207943086,3.5335594037902602
46.44,7.552081788811366,2.7059437108280875,3.602771551006871
46.45,7.48823037609611,2.786642463668496,3.670965914166426
46.46,7.422908743496895,2.8668551769100894,3.737992501751374
46.47,7.356128557870468,2.9465653501884033,3.8036999620032974
46.480000000000004,7.287872410836873,3.0257534466993334,3.8679085562091284
46.49,7.218159855625651,3.104404317862993,3.930445833769543
46.5,7.1470265330597496,3.18250462270378,3.991148098247007
46.51,7.074508083962164,3.2600410202460353,4.049851653203938
46.52,7.0006401491558385,3.3370001695141545,4.106392802202796
46.53,6.925458369463873,3.4133687295323694,4.1606078488059195
46.54,6.848998385709211,3.489133359325076,4.212333096575768
46.550000000000004,6.771295838714793,3.5642807179166693,4.261404849074794
46.56,6.692386369303726,3.638797464331383,4.307659409865348
46.57,6.612305618298951,3.7126702575936115,4.350933082509883
46.58,6.531089226523463,3.785885756727697,4.3910621705708195
46.59,6.44875854682815,3.8584251891615398,4.427846601053132
46.6,6.365326645952832,3.930266439978745,4.461095176004115
46.61,6.280843466117743,4.001401246195079,4.490736497745322
46.62,6.195360113380562,4.071821784527378,4.516702557583271
46.63,6.108927693798908,4.141520231692529,4.5389253468244934
46.64,6.021597313430582,4.210488764407268,4.557336856775475
46.65,5.933420078333204,4.278719559388483,4.571869078742749
46.660000000000004,5.844447094564389,4.346204793353056,4.582454004032838
46.67,5.754729468181944,4.41293664301773,4.5890236239522455
46.68,5.664318305243486,4.478907285099389,4.591509929807497
46.69,5.573264711806694,4.544108896314869,4.589844912905109
46.7,5.481619772820123,4.608533568081931,4.583960111158997
46.71,5.389428919485576,4.67215518416084,4.573715090127579
46.72,5.296735874848183,4.734956888932477,4.559105081765417
46.730000000000004,5.203587460158972,4.796937849040185,4.540229215164284
46.74,5.110030496669172,4.858097231127171,4.517186619415993
46.75,5.016111805629812,4.918434201836779,4.4900764236123205
46.76,4.92187820829199,4.977947927812306,4.4589977568450525
46.77,4.827376525906734,5.0366375756970925,4.4240497482059515
46.78,4.732653579725275,5.0945023121343525,4.385331526786854
46.79,4.637756190998641,5.151541303767425,4.342942221679523
46.800000000000004,4.542731180977861,5.207753717239648,4.296980961975712
46.81,4.4476253709141655,5.26313871919424,4.247546876767275
46.82,4.352485582058585,5.3176954762745385,4.194739095145966
46.83,4.2573586356622135,5.371423155123842,4.138656746203574
46.84,4.162295361770872,5.424312893182597,4.079420027175199
46.85,4.067341554977364,5.476346382526699,4.017222543657305
46.86,3.9725238455614362,5.527525537887341,3.952250053314463
46.87,3.877868229201606,5.577853162080547,3.8846869369431056
46.88,3.783400701576327,5.62733205792238,3.814717575339617
46.89,3.689147258364253,5.675965028228793,3.7425263493005323
46.9,3.595133895243836,5.7237548758158505,3.6682976396222355
46.910000000000004,3.5013866078935285,5.770704403499608,3.5922158271011075
46.92,3.4079313919919847,5.816816414096027,3.514465292533691
46.93,3.314794243217656,5.862093710421165,3.4352304167163665
46.94,3.2220011572490623,5.906539095291049,3.3546955804455694
46.95,3.12958370304637,5.950151692205516,3.2730670907333983
46.96,3.0375748708135353,5.992924069822298,3.190581649776445
46.97,2.945982860901414,6.0348592837188555,3.1074043933242663
46.980000000000004,2.8548145543983465,6.075961084456142,3.0236960439748106
46.99,2.7640768323928655,6.11623322259502,2.9396173243262065
47.0,2.6737765759733105,6.155679448696441,2.8553289569764027
47.01,2.5839206662280865,6.194303513321328,2.7709916645234074
47.02,2.4945159842455333,6.232109167030631,2.6867661695651703
47.03,2.405569411114183,6.269100160385216,2.602813194699819
47.04,2.3170878279223754,6.305280243946035,2.519293462525303
47.050000000000004,2.2290781157584534,6.340653168274033,2.4363676956395715
47.06,2.141545465795493,6.37522188080242,2.3541927782757646
47.07,2.054486481230931,6.4089870859177385,2.2728861570236676
47.08,1.9678975111936157,6.44195143220953,2.19254231332003
47.09,1.8817751403916618,6.474117754509631,2.1132554582991476
47.1,1.7961159535333682,6.505488887649812,2.035119803095486
47.11,1.7109165353268496,6.536067666461908,1.9582295588433412
47.12,1.626173470480282,6.5658569257777355,1.8826789366770647
47.13,1.5418833437017816,6.594859500429127,1.808562147730957
47.14,1.458042739699645,6.623078225247857,1.7359734031394758
47.15,1.374648243181988,6.650515935065761,1.6650069140369204
47.160000000000004,1.2916964388569272,6.677175464714671,1.5957568915575946
47.17,1.2091645310592458,6.703061756028904,1.5282245097121312
47.18,1.1270180230480624,6.728180024089824,1.4623258042088214
47.19,1.0452519839496912,6.75253157539886,1.3980986123612762
47.2,0.9638618463278256,6.776117672813536,1.3355823963834172
47.21,0.8828430427463327,6.798939579191327,1.2748166184892986
47.22,0.8021910057689058,6.820998557389758,1.215840740892841
47.230000000000004,0.7219011679592391,6.842295870266353,1.15869422580797
47.24,0.6419689618811982,6.862832780678591,1.1034165354487318
47.25,0.5623898200984769,6.882610551483995,1.050047132029051
47.26,0.48315917517482665,6.901630445540074,0.9986254777628929
47.27,0.40427245967394276,6.919893725704349,0.9491910348641885
47.28,0.3257202701924149,6.937402218074692,0.9017554958285523
47.29,0.2474272784702018,6.9541651853153486,0.8559379578114653
47.300000000000004,0.16936981527500863,6.970185336092285,0.811622956199385
47.31,0.09154887580251769,6.985462439044868,0.7688327442892743
47.32,0.013965455248244718,6.999996262812496,0.7275895753780016
47.33,-0.06337945119223887,7.013786576034557,0.6879157027624672
47.34,-0.14048484832341623,7.026833147350446,0.6498333797395446
47.35,-0.21734974094960657,7.039135745399536,0.613364859606188
47.36,-0.29397313387529367,7.050694138821221,0.5785323956592705
47.37,-0.37035403190490546,7.06150809625489,0.5453582411956919
47.38,-0.44649143984292516,7.071577386339938,0.5138646495123307
47.39,-0.5223843624936729,7.080901777715739,0.4840738739061319
47.4,-0.5980318046616317,7.0894810390216865,0.45600816767397273
47.410000000000004,-0.6734327711512837,7.097314938897174,0.4296897841127352
47.42,-0.7486286609641533,7.104407490283453,0.40485053667481447
47.43,-0.8236804721913096,7.110764692006806,0.3810668901968849
47.44,-0.8985853831522185,7.116386169510052,0.3583383675105202
47.45,-0.9733399512867735,7.12127148615321,0.33666867693089053
47.46,-1.0479407340347093,7.125420205296295,0.31606152677321203
47.47,-1.1223842888359192,7.128831890299325,0.296520625352654
47.480000000000004,-1.1966671731302967,7.131506104522321,0.278049680984389
47.49,-1.2707859443575764,7.133442411325298,0.2606524019836285
47.5,-1.3447371599576519,7.134640374068275,0.2443324966655441
47.51,-1.4185173773703639,7.13509955611127,0.2290936733453211
47.52,-1.4921231540356046,7.1348195208143,0.21493964033813506
47.53,-1.565558151191605,7.133800276391235,0.20182023024640183
47.54,-1.6388669602156107,7.132044538632496,0.18936819911109903
47.550000000000004,-1.712053062620688,7.129552688466683,0.1775170407856038
47.56,-1.7851105163156085,7.126324535833379,0.16627083621441682
47.57,-1.8580333792092993,7.122359890672165,0.15563366634201337
47.58,-1.9308157092106362,7.117658562922621,0.1456096121128773
47.59,-2.0034515642285458,7.112220362524326,0.13620275447148603
47.6,-2.0759350021718004,7.106045099416868,0.1274171743623368
47.61,-2.148260080949327,7.099132583539824,0.11925695272990659
47.62,-2.2204208584700003,7.091482624832776,0.11172617051867928
47.63,-2.2924113926427476,7.0830950332353,0.10482890867313406
47.64,-2.3642257686928434,7.073969619651789,0.09856902118090051
47.65,-2.4358763041521048,7.064106925550501,0.0927972873985196
47.660000000000004,-2.507372904353265,7.053507727118454,0.08737864395231203
47.67,-2.5787099623490866,7.04217232639476,0.08230555370335592
47.68,-2.649881871192486,7.03010102541851,0.0775704795127177
47.69,-2.7208830239363277,7.017294126228801,0.07316588424146782
47.7,-2.7917078136335274,7.00375193086472,0.06908423075067388
47.71,-2.86235063333685,6.989474741365383,0.0653179819014121
47.72,-2.9328076522189077,6.974462700847926,0.06184371990414161
47.730000000000004,-3.0030798960213834,6.958715674171159,0.05859302799962566
47.74,-3.0731617455037927,6.942234315628045,0.05555493943670669
47.75,-3.1430468595568457,6.9250193530576345,0.05272485157471521
47.76,-3.212728897071202,6.907071514298986,0.05009816177298413
47.77,-3.282201516937571,6.8883915271911444,0.04767026739084469
47.78,-3.351458378046515,6.868980119573198,0.04543656578763325
47.79,-3.4204932745728374,6.848837984011048,0.043391150673689795
47.800000000000004,-3.4893047400232096,6.827964678209287,0.041482044682505825
47.81,-3.5578883802073906,6.80636080438286,0.03968436461591614
47.82,-3.62623717711582,6.784027696126734,0.03799832342985496
47.83,-3.6943441127388876,6.7609666870358875,0.03642413408025792
47.84,-3.7622021690670313,6.737179110705284,0.03496200952305968
47.85,-3.829804328090545,6.712666300729937,0.033612162714197924
47.86,-3.897143571799867,6.68742959070481,0.03237480660960722
47.870000000000005,-3.964212882185435,6.6614703142248635,0.03125015416522245
47.88,-4.031005241237544,6.634789804885114,0.03023841833698082
47.89,-4.0975148101384224,6.607389101441516,0.029327678658488766
47.9,-4.163738148718252,6.579268865580117,0.028481281053904243
47.910000000000004,-4.229668703903997,6.550430771822316,0.02769454675890548
47.92,-4.295299702081457,6.520876556969426,0.026965064608632443
47.93,-4.360624369636575,6.490607957822693,0.026290423438223402
47.94,-4.425635987603219,6.459626643475218,0.025667493395214198
47.95,-4.490328314753225,6.427933801031914,0.02508701930392518
47.96,-4.554694689166391,6.395531350813022,0.024545582361571432
47.97,-4.618728308401581,6.3624214088528515,0.02404164275549489
47.980000000000004,-4.682422370017657,6.328606091185709,0.02357366067303761
47.99,-4.745770073361875,6.29408750606511,0.023140053366273398
48.0,-4.808764976458958,6.258866332911958,0.022730999209635297
48.01,-4.871400539844206,6.222944129436324,0.022340299305492414
48.02,-4.933669949955962,6.186323743222893,0.021968609826303657
48.03,-4.995566393232433,6.149008021856425,0.02161658694452871
48.04,-5.057083056111959,6.110999812921607,0.021284886832626467
48.050000000000004,-5.118213125032882,6.07230196400312,0.020974165663055874
48.06,-5.178949786433411,6.03291732268573,0.020685079608276535
48.07,-5.2392862267518865,5.992848736554119,0.02041828484074738
48.08,-5.2992156324266055,5.952099053192997,0.020174437532927574
48.09,-5.358731189895908,5.910671120187046,0.019954193857276127
48.1,-5.417826205665999,5.8685661290233515,0.019750512992634053
48.11,-5.476494264439442,5.825784871851206,0.019552118151291625
48.120000000000005,-5.534728913815439,5.782331015867037,0.019359458732175695
48.13,-5.592523700120023,5.738208258973843,0.019173117745991026
48.14,-5.649872169679352,5.693420299074535,0.018993678203441982
48.15,-5.706767868819538,5.647970834072051,0.01882172311523306
48.160000000000004,-5.763204343866737,5.601863561869299,0.018657835492068647
48.17,-5.819175141146983,5.555102180369285,0.018502598344653468
48.18,-5.874673806986432,5.507690387474913,0.018356594683691906
48.19,-5.929693887711197,5.459631881089124,0.01822040751988846
48.2,-5.984228929647433,5.410930359114824,0.018094619863947538
48.21,-6.038272460832164,5.361589450190426,0.017979671805030958
48.22,-6.091817322628334,5.311609934226488,0.017869658383839623
48.230000000000004,-6.1448570659844,5.260994562593649,0.017761395411914224
48.24,-6.197385741926646,5.209747855195495,0.01765511198892644
48.25,-6.249397401481465,5.157874331935504,0.017551037214547698
48.26,-6.3008860956752155,5.105378512717187,0.017449400188449524
48.27,-6.3518458755342895,5.052264917444021,0.017350430010303362
48.28,-6.402270792084971,4.998538066019596,0.017254355779780867
48.29,-6.452154896353654,4.9442024783473855,0.017161406596553484
48.300000000000004,-6.50149223936673,4.889262674330865,0.01707181156029267
48.31,-6.550276872150486,4.833723173873625,0.016985799770670065
48.32,-6.598502845731314,4.77758849687914,0.016903600327357122
48.33,-6.646163737694847,4.720862325772066,0.016824997067037807
48.34,-6.693250459146919,4.663543520052089,0.01674699298145996
48.35,-6.7397571550881,4.605636479788641,0.01666916955277598
48.36,-6.785678692754024,4.547146867701727,0.016591749112776565
48.370000000000005,-6.831009939380325,4.488080346511354,0.016514953993252427
48.38,-6.875745762202541,4.42844257893765,0.016439006525994435
48.39,-6.919881028456306,4.368239227700623,0.016364129042793295
48.4,-6.963410605377222,4.307475955520319,0.01629054387543977
48.410000000000004,-7.006329360200919,4.246158425116741,0.016218473355724565
48.42,-7.048632160162939,4.184292299210024,0.016148139815438545
48.43,-7.090313872498915,4.121883240520171,0.016079765586372422
48.44,-7.131369364444447,4.05893691176723,0.01601357300031695
48.45,-7.171793503235168,3.995458975671202,0.015949784389062853
48.46,-7.211581156106619,3.9314550949522244,0.01588862208440098
48.47,-7.250727190294432,3.8669309323303,0.01583030841812204
48.480000000000004,-7.289226473034235,3.801892150525429,0.015775065722016764
48.49,-7.327073871561577,3.736344412257751,0.015723116327875982
48.5,-7.364263835089949,3.6702927949542916,0.01567450026940601
48.51,-7.40078671296411,3.6037364835124284,0.0156272582117136
48.52,-7.4366369766122205,3.5366801237131744,0.015580796646230705
48.53,-7.471810554059973,3.4691303662849355,0.015535109318770701
48.54,-7.506303373333135,3.4010938619559736,0.015490189975146862
48.550000000000004,-7.5401113624574725,3.33257726145455,0.015446032361172465
48.56,-7.573230449458681,3.263587215509072,0.015402630222660885
48.57,-7.605656562362526,3.194130374847802,0.015359977305425397
48.58,-7.63738562919475,3.1242133901990483,0.01531806735527931
48.59,-7.6684135779811164,3.0538429122910724,0.015276894118035908
48.6,-7.698736336747326,2.9830255918522828,0.015236451339508555
48.61,-7.728349833519141,2.9117680796109404,0.015196732765510531
48.620000000000005,-7.757249996322326,2.8400770262953046,0.01515773214185512
48.63,-7.7854327531825795,2.767959082633786,0.015119443214355686
48.64,-7.8128940321256675,2.6954208993546445,0.015081859728825508
48.65,-7.839629761177331,2.62246912718619,0.015044975431077898
48.660000000000004,-7.865635868363332,2.5491104168566805,0.015008784066926139
48.67,-7.890907507347809,2.4753506442688313,0.014973262061516848
48.68,-7.915435050269611,2.4011907771174528,0.014938296423301786
48.69,-7.939214279196877,2.32663698073714,0.014903925691959821
48.7,-7.962242286484415,2.251696712852989,0.014870220360903944
48.71,-7.984516164486982,2.176377431190254,0.014837250923547221
48.72,-8.00603300555939,2.1006865934740304,0.014805087873302645
48.730000000000004,-8.026789902056441,2.0246316574294125,0.01477380170358321
48.74,-8.046783946332901,1.948220080781657,0.014743462907801978
48.75,-8.066012230743574,1.8714593212558581,0.014714141979371945
48.76,-8.084471847643252,1.7943568365771645,0.014685909411706125
48.77,-8.102159889386739,1.7169200844706693,0.014658835698217515
48.78,-8.119073448328802,1.639156522661631,0.014632991332319175
48.79,-8.135209616824243,1.5610736088751431,0.0146084468074241
48.800000000000004,-8.150565487227867,1.4826788008362977,0.01458527261694529
48.81,-8.165138151894444,1.4039795562703556,0.014563539254295795
48.82,-8.178924703178774,1.3249833329024088,0.014543317212888617
48.83,-8.191922233435651,1.2456975884576063,0.01452467698613677
48.84,-8.204123994925116,1.1661269403731374,0.014507350727675368
48.85,-8.215522900030596,1.0862755532953299,0.014490912063597554
48.86,-8.226117311804318,1.0061515012650892,0.014475336886640091
48.870000000000005,-8.235905614828917,0.9257628739975308,0.014460602826570385
48.88,-8.244886193687007,0.8451177612079406,0.014446687513155873
48.89,-8.253057432961223,0.764224252611434,0.014433568576163963
48.9,-8.260417717234192,0.6830904379231834,0.014421223645362073
48.910000000000004,-8.266965431088549,0.6017244068583029,0.01440963035051761
48.92,-8.272698959106906,0.5201342491320807,0.01439876632139801
48.93,-8.277616685871902,0.43832805445963097,0.01438860918777068
48.94,-8.28171699596616,0.356313912556126,0.014379136579403037
48.95,-8.284998273972313,0.2740999131366797,0.014370326126062493
48.96,-8.287458904472983,0.19169414591658107,0.014362155457516478
48.97,-8.2890972720508,0.10910470061094402,0.014354602203532402
48.980000000000004,-8.28991176128839,0.026339666934881656,0.014347643993877678
48.99,-8.289900756768384,-0.05659286539631592,0.014341258458319732
49.0,-8.28906135342377,-0.139685429665589,0.014335435785464779
49.01,-8.287381802381748,-0.22293492041890933,0.014330274611727253
49.02,-8.284859716840764,-0.3063338696876915,0.014325822540287492
49.03,-8.281495199910037,-0.38987362130952524,0.014322106593202506
49.04,-8.277288354698786,-0.47354551912217807,0.014319153792529288
49.050000000000004,-8.27223928431623,-0.5573409069634179,0.014316991160324841
49.06,-8.266348091871592,-0.6412511286708337,0.014315645718646167
49.07,-8.25961488047409,-0.7252675280821935,0.014315144489550263
49.08,-8.252039753232939,-0.8093814490352057,0.014315514495094132
49.09,-8.243622813257357,-0.8935842353676381,0.014316782757334775
49.1,-8.234364163656574,-0.9778672309170795,0.014318976298329192
49.11,-8.224263907539802,-1.0622217795212978,0.01432212214013438
49.120000000000005,-8.213322148016253,-1.1466392250180617,0.014326247304807346
49.13,-8.201538988195162,-1.2311109112449594,0.014331378814405084
49.14,-8.188914531185741,-1.3156281820397588,0.014337543690984595
49.15,-8.175448880097209,-1.4001823812401684,0.014344768956602885
49.160000000000004,-8.161142138038773,-1.4847648526839567,0.014353081633316953
49.17,-8.145994408119675,-1.5693669402087118,0.014362508743183794
49.18,-8.130005793449124,-1.6539799876522017,0.014373077308260412
49.19,-8.113176397136339,-1.7385953388521351,0.014384814350603806
49.2,-8.095506322290527,-1.8232043376462803,0.014397746892270987
49.21,-8.076992504300357,-1.90779929427398,0.014411906361172948
49.22,-8.057620994069874,-1.992376014505456,0.014427311922979984
49.230000000000004,-8.037391950367647,-2.0769262408070936,0.014443925415489802
49.24,-8.016307494209014,-2.1614411306268955,0.014461703813656005
49.25,-7.99436974660927,-2.2459118414130455,0.01448060409243222
49.26,-7.971580828583721,-2.3303295306136667,0.014500583226772073
49.27,-7.947942861147659,-2.414685355676943,0.014521598191629197
49.28,-7.923457965316425,-2.4989704740508767,0.014543605961957187
49.29,-7.898128262105312,-2.583176043183652,0.014566563512709676
49.300000000000004,-7.871955872529608,-2.6672932205234523,0.014590427818840308
49.31,-7.84494291760466,-2.751313163518281,0.014615155855302665
49.32,-7.817091518345757,-2.8352270296163207,0.01464070459705039
49.33,-7.788403795768207,-2.919025976265696,0.014667031019037099
49.34,-7.758881870887296,-3.0027011609145884,0.01469409209621644
49.35,-7.728527864718377,-3.0862437410110033,0.01472184480354199
49.36,-7.697343898276734,-3.1696448740031227,0.014750246115967394
49.370000000000005,-7.665332092577655,-3.25289571733913,0.014779253008446291
49.38,-7.632494568636492,-3.3359874284670292,0.014808822455932263
49.39,-7.598833447468532,-3.418911164835005,0.014838911433378954
49.4,-7.564350850089083,-3.5016580838911784,0.014869476915739982
49.410000000000004,-7.529048897513426,-3.584219343083732,0.014900475877968992
49.42,-7.492929710756922,-3.6665860998606723,0.014931865295019563
49.43,-7.455995410834852,-3.748749511670181,0.014963602141845337
49.44,-7.418245564403358,-3.8307011229898884,0.014995680086754557
49.45,-7.379670204924192,-3.9124341424258646,0.01502829863054237
49.46,-7.340271288027841,-3.993940284066908,0.01506158381604198
49.47,-7.300052568762286,-4.075211008133912,0.015095641724798355
49.480000000000004,-7.259017802175505,-4.156237774847768,0.015130578438356473
49.49,-7.217170743315565,-4.237012044429196,0.01516650003826123
49.5,-7.174515147230445,-4.317525277099088,0.015203512606057602
49.51,-7.131054768968155,-4.397768933078279,0.015241722223290536
49.52,-7.086793363576669,-4.47773447258766,0.015281234971505013
49.53,-7.041734686104061,-4.557413355847953,0.015322156932245923
49.54,-6.995882491598307,-4.6367970430800485,0.015364594187058243
49.550000000000004,-6.949240535107382,-4.715876994504838,0.015408652817486953
49.56,-6.90181257167936,-4.794644670343043,0.015454438905076941
49.57,-6.853602356362218,-4.873091530815556,0.015502058531373186
49.58,-6.804613644203964,-4.951209036143208,0.015551617777920638
49.59,-6.7548501902525695,-5.028988646546893,0.015603222726264283
49.6,-6.704315749556115,-5.106421822247333,0.015656979457948996
49.61,-6.653014077162574,-5.1835000234654185,0.01571299405451976
49.620000000000005,-6.600948928119916,-5.260214710422039,0.015771372597521573
49.63,-6.548119895530407,-5.336556885353339,0.01583176968615047
49.64,-6.494521666432538,-5.412517202033703,0.015893189663488575
49.65,-6.440159127284031,-5.488087612862244,0.01595563457418555
49.660000000000004,-6.385037600514052,-5.563260121814405,0.016019151535183716
49.67,-6.329162408551888,-5.6380267328654705,0.016083787663425244
49.68,-6.272538873826705,-5.712379449990883,0.01614959007585245
49.69,-6.215172318767712,-5.786310277166034,0.01621660588940761
49.7,-6.157068065804072,-5.859811218366366,0.01628488222103303
49.71,-6.098231437365076,-5.932874277567166,0.016354466187670887
49.72,-6.0386677558798905,-6.005491458743874,0.0164254049062635
49.730000000000004,-5.978382343777677,-6.077654765871933,0.016497745493753185
49.74,-5.91738052348773,-6.149356202926631,0.016571535067082113
49.75,-5.855667617439213,-6.220587773883409,0.016646820743192597
49.76,-5.793248948061334,-6.291341482717659,0.016723649639026915
49.77,-5.730129837783252,-6.361609333404819,0.01680206887152738
49.78,-5.666315609034267,-6.43138332992018,0.016882125557636164
49.79,-5.601811584243539,-6.500655476239184,0.016963866814295576
49.800000000000004,-5.536623085840229,-6.56941777633727,0.017047339758447955
49.81,-5.470755436253636,-6.637662234189728,0.017132591507035447
49.82,-5.404207959433495,-6.7053790511951075,0.01721924436802027
49.83,-5.336980090798618,-6.772558727597116,0.017306935579992418
49.84,-5.269078478806091,-6.839194076060552,0.017395817046341213
49.85,-5.200509777885344,-6.905277911106637,0.017486041095044733
49.86,-5.131280642465661,-6.970803047256741,0.01757776005408123
49.870000000000005,-5.061397726976325,-7.035762299032227,0.01767112625142897
49.88,-4.9908676858467675,-7.100148480954321,0.01776629201506602
49.89,-4.919697173506273,-7.16395440754439,0.017863409672970645
49.9,-4.847892844384172,-7.227172893323751,0.017962631553121035
49.910000000000004,-4.775461352909748,-7.289796752813769,0.01806410998349546
49.92,-4.702409353512435,-7.351818800535672,0.018167997292071983
49.93,-4.628743500621514,-7.413231851010826,0.01827444580682886
49.94,-4.55447044866632,-7.474028718760548,0.018383607855744298
49.95,-4.47959685207613,-7.534202218306199,0.01849563576679657
49.96,-4.404129365280384,-7.593745164169015,0.018610681867963715
49.97,-4.328074642708362,-7.652650370870356,0.01872889848722401
49.980000000000004,-4.251439338789341,-7.710910652931582,0.018850437952555737
49.99,-4.174229443215535,-7.768518447851432,0.018975313307858684
50.0,-4.096443763495092,-7.825462233213309,0.019101976723588206
50.01,-4.018087608832261,-7.881734411453882,0.019230125832342113
50.02,-3.9391688148923114,-7.9373288451672455,0.01935997424007691
50.03,-3.85969521734068,-7.992239396947378,0.01949173555274881
50.04,-3.7796746518426363,-8.046459929388377,0.019625623376314325
50.050000000000004,-3.699114954063448,-8.099984305084334,0.019761851316729962
50.06,-3.618023959668554,-8.152806386629235,0.01990063297995193
50.07,-3.5364095043232227,-8.204920036617175,0.02004218197193674
50.08,-3.454279423692779,-8.256319117642207,0.020186711898640797
50.09,-3.3716415534424904,-8.306997492298427,0.020334436366020617
50.1,-3.2885037292377968,-8.35694902317982,0.0204855689800324
50.11,-3.2048737867439665,-8.406167572880477,0.020640323346632662
50.120000000000005,-3.1207595616262642,-8.454647003994491,0.020798913071777926
50.13,-3.036168889550135,-8.502381179115853,0.02096155176142437
50.14,-2.951109606180844,-8.549363960838651,0.021128453021528517
50.15,-2.865589547183716,-8.595589211756943,0.02129983045804678
50.160000000000004,-2.7796165482240145,-8.641050794464817,0.021475897676935692
50.17,-2.6931958085655943,-8.685740242352681,0.021656094710880796
50.18,-2.606328429525096,-8.72964567857733,0.02183855773545959
50.19,-2.5190228435929773,-8.772761915654325,0.022023471535566132
50.2,-2.431287912469194,-8.815084151061633,0.022211144052937466
50.21,-2.3431324978538903,-8.85660758227713,0.022401883229310218
50.22,-2.254565461447022,-8.89732740677878,0.022595997006421432
50.230000000000004,-2.165595664948544,-8.937238822044549,0.02279379332600815
50.24,-2.0762319700586023,-8.976337025552315,0.022995580129806997
50.25,-1.9864832384771516,-9.014617214780044,0.023201665359555014
50.26,-1.8963583319042108,-9.05207458720567,0.0234123569569891
50.27,-1.8058661120397341,-9.088704340307155,0.023627962863846327
50.28,-1.715015440583869,-9.124501671562383,0.023848791021863276
50.29,-1.623815179236569,-9.159461778449316,0.024075149372777015
50.300000000000004,-1.5322741896977883,-9.193579858445913,0.024307345858324603
50.31,-1.4404013336676753,-9.226851109030063,0.024545688420242625
50.32,-1.348205472846184,-9.259270727679725,0.024790485000268137
50.33,-1.2556954689333324,-9.290833911872836,0.025042043540138052
50.34,-1.1628801836290739,-9.321535859087351,0.025300671981589452
50.35,-1.0697681386632032,-9.351371321302182,0.025566531775090648
50.36,-0.9763627211959064,-9.380328473015743,0.025837514988528133
50.370000000000005,-0.8826714204562264,-9.408401210869643,0.026113150419110134
50.38,-0.788703802076679,-9.435586197936823,0.026393844407616503
50.39,-0.6944694316895805,-9.461880097290285,0.026680003294827694
50.4,-0.5999778749273139,-9.487279572003013,0.026972033421523958
50.410000000000004,-0.5052386974221942,-9.511781285148004,0.02727034112848576
50.42,-0.4102614648067392,-9.535381899798205,0.027575332756492935
50.43,-0.3150557427132643,-9.558078079026616,0.02788741464632594
50.44,-0.21963109677415227,-9.579866485906221,0.028206993138765027
50.45,-0.12399709262171754,-9.600743783510014,0.02853447457459069
50.46,-0.028163295888479434,-9.620706634910949,0.02887026529458272
50.47,0.06786072779324792,-9.639751703182021,0.029214771639521585
50.480000000000004,0.1640654127911496,-9.657875651396227,0.029568399950187806
50.49,0.2604411934727062,-9.675075142626522,0.029931556567361125
50.5,0.3569785042056033,-9.691346839945899,0.03030464783182205
50.51,0.4536677793574577,-9.706687406427344,0.030688080084350828
50.52,0.5504995240394657,-9.72109335451793,0.03108221919210208
50.53,0.6474672693748482,-9.734554880275722,0.031485677790781916
50.54,0.7445627898162739,-9.747066285624944,0.03189800999320912
50.550000000000004,0.841776082038612,-9.758625721833697,0.032319775864075785
50.56,0.9390971427165249,-9.769231340170052,0.032751535468073086
50.57,1.0365159685248817,-9.778881291902108,0.03319384886989309
50.58,1.1340225561384822,-9.787573728297955,0.0336472761342276
50.59,1.2316069022321972,-9.795306800625687,0.0341123773257687
50.6,1.3292590034806868,-9.802078660153382,0.03458971250920753
50.61,1.4269688565588217,-9.807887458149137,0.03507984174923619
50.620000000000005,1.5247264581414708,-9.812731345881046,0.03558332511054682
50.63,1.622521804903296,-9.816608474617189,0.036100722657830486
50.64,1.7203448935191668,-9.81951699562566,0.03663259445577932
50.65,1.8181857206638834,-9.82145506017455,0.0371795005690851
50.660000000000004,1.9160342830123154,-9.82242081953195,0.03774200106244001
50.67,2.0138805772391244,-9.822412424965945,0.03832065600053503
50.68,2.111714800108687,-9.821427208756464,0.03891587502260767
50.69,2.209528909169467,-9.819455465603419,0.03952678528467429
50.7,2.3073131925876296,-9.816494653775981,0.04015384944130947
50.71,2.4050573870660035,-9.812544523031002,0.04079795307824096
50.72,2.5027512293076266,-9.807604823125326,0.041459981781197905
50.730000000000004,2.6003844560155365,-9.801675303815793,0.04214082113590946
50.74,2.6979468038925623,-9.79475571485926,0.042841356728103325
50.75,2.795428009641741,-9.786845806012566,0.04356247414350866
50.76,2.892817809966041,-9.777945327032558,0.044305058967854145
50.77,2.9901059415684994,-9.768054027676076,0.045069996786868995
50.78,3.087282141151946,-9.75717165769998,0.045858173186280805
50.79,3.184336145419419,-9.745297966861106,0.04667047375181878
50.800000000000004,3.2812576910739537,-9.732432704916294,0.0475077840692122
50.81,3.3780365148183815,-9.718575621622406,0.04837098972418856
50.82,3.474662353355739,-9.703726466736281,0.04926097630247711
50.83,3.5711249433889938,-9.687884990014766,0.05017862938980653
50.84,3.6674141087241687,-9.671049918444423,0.05112473505249429
50.85,3.763520284979857,-9.653212966900423,0.052099592151124675
50.86,3.8594332853944993,-9.634373468408535,0.05310459289943231
50.870000000000005,3.9551427535701826,-9.614532776376235,0.05414135845661488
50.88,4.050638333108792,-9.593692244211034,0.05521150998186783
50.89,4.145909667612414,-9.571853225320403,0.056316668634388826
50.9,4.240946400683068,-9.549017073111827,0.0574584555733748
50.910000000000004,4.335738175922843,-9.525185140992775,0.058638491958023536
50.92,4.43027463693362,-9.500358782370764,0.05985839894753029
50.93,4.52454542731749,-9.474539350653265,0.06111979770109281
50.94,4.6185401906764705,-9.447728199247761,0.06242430937790805
50.95,4.712248570612648,-9.419926681561718,0.06377355513717389
50.96,4.805660210727908,-9.39113615100266,0.06516915613808537
50.97,4.898764754624338,-9.361357960978054,0.06661273353984033
50.980000000000004,4.991551845904024,-9.330593464895362,0.06810590850163682
50.99,5.084011116755547,-9.298843733736696,0.06965030657490565
51.0,5.176131945496091,-9.26610422170378,0.07124803133198593
51.01,5.267903827787657,-9.232374939230516,0.07290208578588588
51.02,5.359316358293376,-9.197658586900232,0.07461557223351171
51.03,5.450359131676184,-9.161957865296326,0.07639159297176606
51.04,5.541021742599213,-9.12527547500212,0.07823325029755515
51.050000000000004,5.6312937857255925,-9.087614116600934,0.08014364650778537
51.06,5.721164855718261,-9.048976490676173,0.08212588389935904
51.07,5.810624547240348,-9.009365297811158,0.08418306476918253
51.08,5.899662454954919,-8.968783238589236,0.08631829141416086
51.09,5.988268173525105,-8.927233013593726,0.08853466613120067
51.1,6.076431297613845,-8.884717323408037,0.09083529121720382
51.11,6.164141421884269,-8.841238868615486,0.09322326896907691
51.120000000000005,6.2513876387718295,-8.796796446672623,0.09570155630036173
51.13,6.3381589244630225,-8.75138977815597,0.09827498888398474
51.14,6.4244446996969256,-8.705022952252342,0.10094948773963398
51.15,6.51023438521257,-8.657700058148691,0.10373097388701112
51.160000000000004,6.595517401749045,-8.609425185031938,0.10662536834581993
51.17,6.680283170045259,-8.560202422089098,0.109638592135758
51.18,6.764521110840302,-8.510035858507093,0.11277656627652899
51.19,6.848220644873204,-8.458929583472871,0.1160452117878346
51.2,6.931371192883054,-8.406887686173349,0.11945044968937896
51.21,7.013962175608762,-8.353914255795551,0.12299820100085893
51.22,7.095983013789418,-8.300013381526393,0.12669438674197853
51.230000000000004,7.177423128164109,-8.245189152552786,0.13054492793244227
51.24,7.25827170416167,-8.189443608061415,0.13455529339215075
51.25,7.338517322828535,-8.132776513965574,0.13873306922241718
51.26,7.418148864545404,-8.075193049861294,0.14308949151557035
51.27,7.497155230311375,-8.016698635763438,0.1476359026052041
51.28,7.5755253211253795,-7.957298691686993,0.1523836448249026
51.29,7.6532480379865175,-7.896998637646821,0.15734406050825966
51.300000000000004,7.730312281893887,-7.835803893657781,0.16252849198886962
51.31,7.806706953846421,-7.773719879734865,0.16794828160031577
51.32,7.8824209548432185,-7.710752015892934,0.17361477167619227
51.33,7.957443185883323,-7.646905722146892,0.17953930455008976
51.34,8.03176254796583,-7.582186418511595,0.18573322255560337
51.35,8.10536797609866,-7.516598037574325,0.19220653260285622
51.36,8.178247935727034,-7.450142048400738,0.19897092003988948
51.370000000000005,8.250390209696668,-7.382824850119368,0.20604671205937958
51.38,8.321782554284377,-7.31465318559129,0.213454682861101
51.39,8.392412725767132,-7.245633797677434,0.22121560664484324
51.4,8.46226848042185,-7.175773429238779,0.22935025761039082
51.410000000000004,8.531337574525502,-7.105078823136252,0.23787940995753454
51.42,8.599607764354905,-7.033556722230932,0.24682383788604684
51.43,8.66706680618703,-6.961213869383748,0.2562043155957182
51.44,8.733702456298793,-6.888057007455677,0.26604161728633313
51.45,8.799502899673014,-6.814091611284321,0.2763535877592328
51.46,8.864456363845026,-6.739320774022073,0.28715816562644353
51.47,8.928548621079933,-6.663752263503124,0.2984905077799489
51.480000000000004,8.991765282186563,-6.587394227110226,0.31038689107006046
51.49,9.054091957973606,-6.5102548122262975,0.32288359234706415
51.5,9.115514259249885,-6.432342166234092,0.3360168884612712
51.51,9.176017796824185,-6.353664436516418,0.34982305626298443
51.52,9.235588181505328,-6.274229770456026,0.36433837260251734
51.53,9.294211024102008,-6.1940463154358385,0.37959911433015214
51.54,9.35187238371367,-6.113121699753866,0.3956390773489028
51.550000000000004,9.408560529880436,-6.031460110213411,0.4124811425681633
51.56,9.464258509477903,-5.949070168152311,0.43017950482460604
51.57,9.518948262153481,-5.865961625604024,0.4487947128659378
51.58,9.572611727554552,-5.782144234602071,0.4683873154398538
51.59,9.625230845328524,-5.697627747179909,0.48901786129406427
51.6,9.676787555122699,-5.6124219153711765,0.5107468991762352
51.61,9.72726379658449,-5.526536491209332,0.5336349778340759
51.620000000000005,9.776641509361305,-5.4399812267278325,0.5577426460152992
51.63,9.824905199446233,-5.352764087016874,0.5831173395266744
51.64,9.872040161253022,-5.264891396725277,0.609805442311417
51.65,9.918022787725027,-5.17637464521566,0.6379016392529809
51.660000000000004,9.962829111188144,-5.087225549873049,0.6675025207676952
51.67,10.006435163968169,-4.997455828082665,0.6987046772718253
51.68,10.048816978390995,-4.907077197229535,0.7316046991816989
51.69,10.08995058678248,-4.816101374698751,0.7662991769136236
51.7,10.129812021468515,-4.724540077875339,0.8028847008839337
51.71,10.168379199622454,-4.632404131007446,0.8414484167059197
51.72,10.205637298456713,-4.539700289236596,0.8820427647898994
51.730000000000004,10.241555999467863,-4.446441627957523,0.9248005548410623
51.74,10.276102302254724,-4.352642414440758,0.9698682454644407
51.75,10.309243206416188,-4.2583169159566285,1.0173922952651573
51.76,10.340945711551122,-4.163479399775534,1.0675191628483047
51.77,10.371176817258416,-4.068144133167803,1.1203953068190147
51.78,10.399903523136894,-3.97232538340397,1.176167185782305
51.79,10.427095547168323,-3.876036383914379,1.2349680788059552
51.800000000000004,10.452735168013037,-3.7792850546821017,1.2968696203972199
51.81,10.476780947278026,-3.6820874222338635,1.3620571612143726
51.82,10.499186804423386,-3.584461202252668,1.4307384522200466
51.83,10.51990665890919,-3.486424110421587,1.5031212443768316
51.84,10.538894430195525,-3.387993862423622,1.579413288647374
51.85,10.55610403774244,-3.2891881739419855,1.6598223359941553
51.86,10.571489401010023,-3.1900247606596785,1.7445561373798188
51.870000000000005,10.58500974049929,-3.0905195141060773,1.8337983609166477
51.88,10.596642202106699,-2.990681679394448,1.927642531106648
51.89,10.606328557572725,-2.890531952116829,2.026329724047731
51.9,10.614005203655218,-2.7900928285572273,2.1301245438054544
51.910000000000004,10.619608537112024,-2.68938680499958,2.2392915944454534
51.92,10.623074954700984,-2.5884363777280375,2.3540954800331306
51.93,10.624340853179948,-2.4872640430265363,2.4748008046341186
51.94,10.623342629306764,-2.385892297179084,2.6016721723139735
51.95,10.62002293244121,-2.2843414221901477,2.7349503022023316
51.96,10.614353528954002,-2.182621243366302,2.8747373828479454
51.97,10.60625975077457,-2.080757790547314,3.0212679457973928
51.980000000000004,10.595657980147672,-1.9787802440161308,3.1748071444584935
51.99,10.582464599318095,-1.8767177840559173,3.3356201322387404
52.0,10.5665959905306,-1.7745995909496215,3.503972062545948
52.01,10.54796853602995,-1.6724548449802628,3.6801280887878276
52.02,10.5264986180609,-1.5703127264307886,3.8643533643722208
52.03,10.502102618868248,-1.468202415584364,4.056913042706577
52.04,10.474727845626964,-1.3661381937462698,4.258005545696822
52.050000000000004,10.444315034182564,-1.2641398825057846,4.467692031931003
52.06,10.410768843867395,-1.1622459050878944,4.686033645932479
52.07,10.373993931075288,-1.060494686185661,4.913091535210202
52.08,10.3338949522001,-0.9589246504922193,5.148926847272979
52.09,10.290376563635645,-0.8575742227006323,5.393600729629794
52.1,10.243343421775842,-0.7564818275041787,5.647174329789106
52.11,10.192700183014512,-0.6556858895959212,5.909708795259893
52.120000000000005,10.138351503745467,-0.5552248336689233,6.1812652735511575
52.13,10.080202825117953,-0.4551355350165409,6.461906758926203
52.14,10.018178713984714,-0.3554366384078814,6.75155021114721
52.15,9.952215367431386,-0.25616655788990184,7.049721973215065
52.160000000000004,9.882247708262868,-0.15737146258506668,7.355894141714913
52.17,9.808210659284203,-0.05909752161605092,7.669538813231243
52.18,9.73003914330029,0.03860909589468142,7.990128084349195
52.19,9.647668083116077,0.1357022208245956,8.317134051653692
52.2,9.561032401536446,0.23213568405122553,8.6500288117299
52.21,9.470067021366466,0.32786331645189926,8.988284461162266
52.22,9.374687248516533,0.42284383589188046,9.3313943339281
52.230000000000004,9.274825231566735,0.5170426251096574,9.678491426744875
52.24,9.170505117066273,0.6104125614988289,10.028281128914132
52.25,9.061754507264359,0.7029059034066147,10.37945747076769
52.26,8.94860100441027,0.7944749091801667,10.730714482637126
52.27,8.831072210753202,0.8850718371667015,11.080746194854264
52.28,8.709195728542605,0.9746489457132423,11.42824663775018
52.29,8.582999160027674,1.0631584931670064,11.771909841656699
52.300000000000004,8.452481664154112,1.1505516982861344,12.110400928594744
52.31,8.317600327496294,1.2367798983986704,12.442131781994064
52.32,8.178504232871568,1.3218036851128823,12.765425158753565
52.33,8.035362522171923,1.4055845050542801,13.078608716090846
52.34,7.8883443372892375,1.4880838048484324,13.380010111223706
52.35,7.737618820115712,1.5692630311207323,13.66795700136931
52.36,7.583355112543228,1.649083630496749,13.940777043745468
52.370000000000005,7.4257223564636625,1.7275070496020482,14.196797895569947
52.38,7.264859657299862,1.8044883159559482,14.434220645042535
52.39,7.1008424066128155,1.8799670804298494,14.65105954093599
52.4,6.933936242025619,1.9539212209516343,14.846243221665707
52.410000000000004,6.764428845688528,2.026333188130283,15.018799639551618
52.42,6.59260789975216,2.0971854325746206,15.16775674691329
52.43,6.418761086366773,2.166460404893628,15.292142496070666
52.44,6.243176087682745,2.234140555696233,15.390984839343563
52.45,6.066140585850324,2.3002083355914107,15.463311729051833
52.46,5.887930521080992,2.364628695250638,15.507857117704436
52.47,5.708788689447911,2.427328035410569,15.523201254368958
52.480000000000004,5.52900140683612,2.4883112133276946,15.509861535312753
52.49,5.348859832999134,2.5475909375894354,15.468516043808906
52.5,5.168655127690086,2.605179916783343,15.399842863130482
52.51,4.988678450662237,2.661090859496925,15.304520076550544
52.52,4.809220961668718,2.7153364743177257,15.18322576734206
52.53,4.630573820463046,2.7679294698331764,15.036638018778266
52.54,4.453028186798354,2.8188825546308225,14.865434914132152
52.550000000000004,4.276878556982994,2.8682051580928487,14.670286127653306
52.56,4.102445351110872,2.915851757024328,14.451974111169186
52.57,3.929925928133535,2.961827239176856,14.212017704103793
52.58,3.759481494414535,3.006162252127162,13.952085908153302
52.59,3.5912732563173084,3.048887443452005,13.67384772501368
52.6,3.4254624202056467,3.090033460728054,13.378972156381497
52.61,3.262210192442982,3.129630951532069,13.069128203952737
52.620000000000005,3.101677779392756,3.167710563440805,12.745984869423335
52.63,2.944035502877072,3.2043003788257365,12.411230346882775
52.64,2.789542774591481,3.2393939821469067,12.066770905569246
52.65,2.6382829894173367,3.273013521822168,11.714210056648517
52.660000000000004,2.49028311449807,3.3051943947717426,11.35504101583375
52.67,2.3455701169774263,3.3359719979157845,10.990756998838878
52.68,2.2041709639988354,3.3653817281745155,10.622851221377067
52.69,2.0661126227058313,3.3934589824681356,10.252816899161738
52.7,1.9314220602418557,3.4202391577168623,9.882147247906047
52.71,1.800132237298998,3.4457567081978833,9.512357868731355
52.72,1.6723180275505949,3.4700342630493397,9.145006416745321
52.730000000000004,1.5479537663972507,3.4930994430670177,8.781038321333138
52.74,1.4269871516829777,3.5149828346934338,8.42127274945838
52.75,1.3093658812515232,3.535715024371155,8.066528868083841
52.76,1.195037652946724,3.5553265985427323,7.717625844172574
52.77,1.083950164612338,3.5738481436507272,7.375382844687392
52.78,0.97605111409236,3.5913102461376645,7.040619036591837
52.79,0.871283449509095,3.6077448989876766,6.714132855968904
52.800000000000004,0.7695414429938123,3.6231937098497586,6.396352410955922
52.81,0.6707418599851471,3.6376823778039307,6.087499816330446
52.82,0.574812201954649,3.6512324812755566,5.7878130824103255
52.83,0.48167997037394117,3.6638655986899895,5.49753021951364
52.84,0.3912726667145836,3.675603308472589,5.216889237958272
52.85,0.303517792448328,3.686467189048692,4.946128148062698
52.86,0.2183428490467324,3.69647881884366,4.685484960144796
52.870000000000005,0.13567533798136178,3.705659776282851,4.435197684522469
52.88,0.05540364169861061,3.714038574667122,4.195266779983716
52.89,-0.022688544346334716,3.7216596853161215,3.9648969795522224
52.9,-0.0986747638005166,3.7285390669309235,3.743962761488385
52.910000000000004,-0.17261347353985562,3.734689860205969,3.5324213905374253
52.92,-0.24456313044011552,3.7401252058356853,3.3302301314450133
52.93,-0.31458219137721866,3.7448582445145133,3.137346248956364
52.94,-0.3827291132270338,3.748902116936889,2.953727007816845
52.95,-0.44906235286547613,3.752269963797251,2.7793296727717056
52.96,-0.5136403671683205,3.7549749257900307,2.614111508566561
52.97,-0.5765848385439851,3.757039740097677,2.4576056438894627
52.980000000000004,-0.6380983888242652,3.758498173900606,2.308698392235246
52.99,-0.6982289899045602,3.759359350096658,2.1672165992333965
53.0,-0.7570176140242194,3.7596313041860707,2.033031999765403
53.01,-0.8145052334225484,3.7593220716690814,1.9060163287128646
53.02,-0.8707328203388922,3.758439688045925,1.786041320957296
53.03,-0.925741347012476,3.75699218881684,1.6729787113804657
53.04,-0.9795717856826458,3.7549876094820624,1.5667002348638845
53.050000000000004,-1.032300208890395,3.752438816405538,1.4668327257749132
53.06,-1.0841176779935904,3.7493740838521523,1.372157318074211
53.07,-1.135062472523396,3.7458000931871784,1.2824624143580508
53.08,-1.1851525880102052,3.7417207031732516,1.1976747326061825
53.09,-1.234406019984446,3.7371397725730033,1.1177209907983026
53.1,-1.2828407639764419,3.732061160149076,1.0425279069142745
53.11,-1.330474815516622,3.726488724664102,0.9720221989337915
53.120000000000005,-1.3773261701354123,3.720426324880712,0.9061305848365582
53.13,-1.4234128233631398,3.7138778195615503,0.8447797826024191
53.14,-1.4687527707302317,3.7068470674692477,0.787896510211077
53.15,-1.513426187483373,3.6993456862838,0.7349409933063891
53.160000000000004,-1.5575838228280308,3.6913939497276345,0.6848151020267692
53.17,-1.601235645410239,3.6829944309881664,0.6374512079496084
53.18,-1.6443862493676709,3.6741490301866047,0.5928215382342342
53.19,-1.6870402288379676,3.664859647444164,0.5508983200400108
53.2,-1.7292021779588005,3.655128182882052,0.5116537805262752
53.21,-1.7708766908677516,3.6449565366214975,0.47506014685244735
53.22,-1.812068361702492,3.6343466087837077,0.4410896461778625
53.230000000000004,-1.852781784600692,3.6233002994898897,0.4097145056618633
53.24,-1.8930215536999355,3.6118195088612737,0.38090695246385864
53.25,-1.9327928140252957,3.5999061978124827,0.3546348575694128
53.26,-1.9721893696244515,3.5875721350590806,0.33016030858470274
53.27,-2.0112758210376582,3.5748259473057913,0.3069603477159041
53.28,-2.0500499107049768,3.561668900110546,0.28503733722606495
53.29,-2.0885093810665496,3.548102259031251,0.26439363937818366
53.300000000000004,-2.1266519745625203,3.53412728962581,0.245031616435262
53.31,-2.16447543363295,3.519745257452156,0.22695363066034274
53.32,-2.2019775007179816,3.5049574280681943,0.21016204431642682
53.33,-2.2391559182577305,3.489765067031839,0.1946592196665294
53.34,-2.2760084286923394,3.474169439900992,0.18044751897365607
53.35,-2.312532774461871,3.45817181223359,0.16752930450084214
53.36,-2.3487266980064674,3.4417734495875365,0.1559069385110923
53.370000000000005,-2.3845889853462396,3.4249757244141743,0.14557408193439872
53.38,-2.4201643188413624,3.4077847504997756,0.13613977335097732
53.39,-2.45547774398288,3.39020474599059,0.1273711948112341
53.4,-2.49052973098528,3.372237432027963,0.11923945956601492
53.410000000000004,-2.5253207500630745,3.353884529753227,0.11171568086616054
53.42,-2.559851271430702,3.3351477603077537,0.10477097196252748
53.43,-2.5941237922498352,3.316028949146248,0.09835876161512665
53.44,-2.6281438124728167,3.2965301204439275,0.09240494362965933
53.45,-2.6619108005341015,3.276653033263649,0.08688666507818482
53.46,-2.6954238647819717,3.256399429416464,0.081784175976139
53.47,-2.7286821135647807,3.2357710507133817,0.07707772633894586
53.480000000000004,-2.7616848735417796,3.2147696406257924,0.07274560529423653
53.49,-2.794435787887501,3.193397002665008,0.06872692281229534
53.5,-2.826934830104021,3.1716549801173084,0.0649927357050849
53.51,-2.859179856677456,3.1495454100314997,0.06153296816982648
53.52,-2.8911687240939448,3.127070129456371,0.05833754440373916
53.53,-2.9228992888395577,3.1042309754407595,0.05539638860404872
53.54,-2.954369407400434,3.0810297850334543,0.05269942496797406
53.550000000000004,-2.985577493248713,3.0574683716445854,0.05023130766189932
53.56,-3.016525938757571,3.033548437913437,0.04793887264800361
53.57,-3.0472130930706656,3.0092719636075387,0.045806900945697816
53.58,-3.077636187573609,2.9846409857331566,0.04383072059985258
53.59,-3.1077924536520336,2.95965754129654,0.04200565965533728
53.6,-3.1376791226915066,2.934323667303992,0.040327046157025134
53.61,-3.1672934260776615,2.9086414007617623,0.03879020814978542
53.620000000000005,-3.1966325951961294,2.882612778676099,0.037390473678487815
53.63,-3.225695159800279,2.8562396317880716,0.03610974851991939
53.64,-3.2544813391774428,2.829523645103634,0.03491277746228001
53.65,-3.2829882536362653,2.802467109755219,0.03379662494762529
53.660000000000004,-3.3112128848670057,2.7750723412786424,0.032759794350817786
53.67,-3.339152214559864,2.747341655209778,0.031800789046722296
53.68,-3.3668032244051,2.7192773670844423,0.030918112410201322
53.69,-3.394162896092952,2.69088179243847,0.03011026781611817
53.7,-3.4212282113136796,2.6621572468076757,0.029375758639335635
53.71,-3.4479961517574833,2.633106045727936,0.028713088254718057
53.72,-3.474465116544905,2.6037297636405476,0.02810241416541453
53.730000000000004,-3.50063368134036,2.5740301423343808,0.027523091114126486
53.74,-3.5264988480520225,2.5440098873194175,0.026975647350427737
53.75,-3.5520576174187117,2.513671704769154,0.026460626557441153
53.76,-3.5773069901792254,2.4830183008571094,0.02597857241829001
53.77,-3.60224396707238,2.45205238175678,0.025530028616097288
53.78,-3.6268655488369386,2.4207766536417283,0.025115538833986904
53.79,-3.651168736211718,2.3891938226854506,0.024735646755081817
53.800000000000004,-3.6751505299355336,2.3573065950614422,0.024390896062505076
53.81,-3.69880793074715,2.3251176769432678,0.024081830439380454
53.82,-3.7221379393853824,2.292629774504422,0.023808993568830983
53.83,-3.74513765799118,2.2598453845290747,0.02357041009289364
53.84,-3.7678050583180878,2.2267656058581426,0.023345501409324974
53.85,-3.7901376758758163,2.193393155283446,0.023129934532927363
53.86,-3.8121328758208906,2.1597311671709853,0.022924104690818105
53.870000000000005,-3.8337880233098347,2.1257827758867602,0.022728407110114524
53.88,-3.8551004834991267,2.091551115796844,0.022543237017934356
53.89,-3.8760676215452907,2.0570393212672364,0.022368989641394915
53.9,-3.896686802604836,2.022250526663962,0.022206060207613662
53.910000000000004,-3.9169553918342848,1.987187866353019,0.022054843943707953
53.92,-3.936870754390118,1.9518544747004827,0.021915736076795457
53.93,-3.956430255428858,1.916253486072352,0.021789131833993527
53.94,-3.9756312601070145,1.880388034834651,0.02167542644241962
53.95,-3.994471133581109,1.8442612553533781,0.021575015129191123
53.96,-4.012946937080538,1.8078755473527197,0.021485002789304614
53.97,-4.031055568220692,1.7712325576422514,0.02139807123876756
53.980000000000004,-4.048794805362672,1.7343357393114673,0.02131404372868791
53.99,-4.066162458654704,1.6971886161195513,0.021233041900311684
54.0,-4.083156338245051,1.6597947118256091,0.021155187394884725
54.01,-4.099774254281964,1.6221575501887724,0.02108060185365293
54.02,-4.116014016913706,1.5842806549681459,0.021009406917862152
54.03,-4.131873436288503,1.5461675499229148,0.02094172422875839
54.04,-4.147350322554618,1.507821758812184,0.020877675427587495
54.050000000000004,-4.162442485860312,1.4692468053950578,0.020817382155595324
54.06,-4.177147736353815,1.4304462134307228,0.020760966054027868
54.07,-4.191463884183388,1.391423506678283,0.020708548764130974
54.08,-4.2053887011907065,1.3521821735081514,0.02066022489205496
54.09,-4.218916613744922,1.3127225857664901,0.020613616438821186
54.1,-4.23204380154412,1.2730466521884536,0.02056722566811296
54.11,-4.244768864820321,1.2331585012927313,0.020521192588326926
54.120000000000005,-4.257090403805544,1.1930622615980124,0.020475657207859745
54.13,-4.2690070187317835,1.1527620616230712,0.020430759535108155
54.14,-4.280517309831057,1.1122620298865968,0.02038663957846881
54.15,-4.291619877335377,1.071566294907307,0.02034343734633839
54.160000000000004,-4.30231332147676,1.03067898520389,0.02030129284711356
54.17,-4.312596242487202,0.9896042292951216,0.020260346089191045
54.18,-4.322467240598721,0.9483461556996904,0.020220737080967513
54.19,-4.331924916043327,0.9069088929363137,0.020182605830839636
54.2,-4.340967869053039,0.8652965695236798,0.020146092347204082
54.21,-4.349594699859853,0.8235133139805649,0.020111336638457575
54.22,-4.357804008695787,0.7815632548256576,0.020078478712996783
54.230000000000004,-4.365594395792857,0.739450520577645,0.020047658579218357
54.24,-4.372964461383061,0.6971792397553048,0.020019016245519033
54.25,-4.379912805698417,0.6547535408773245,0.019992691720295462
54.26,-4.386438028970935,0.6121775524624218,0.019968825011944337
54.27,-4.39253873143263,0.5694554030292838,0.01994755612886232
54.28,-4.398213513315504,0.5265912210966885,0.019929025079446123
54.29,-4.403460974851571,0.4835891351833237,0.01991337187209242
54.300000000000004,-4.408279604815263,0.4404531859684103,0.019900697550213977
54.31,-4.412663987195468,0.3971842593138068,0.0198896280297439
54.32,-4.416611304849929,0.35378507266780324,0.019879390142216864
54.33,-4.420120971933416,0.3102600654320926,0.01986993888454966
54.34,-4.4231924026007,0.26661367700833694,0.019861229253659084
54.35,-4.425825011006544,0.22285034679829094,0.019853216246461945
54.36,-4.428018211305721,0.17897451420361682,0.01984585485987503
54.370000000000005,-4.429771417653,0.13499061862597617,0.01983910009081514
54.38,-4.431084044203148,0.09090309946712438,0.01983290693619907
54.39,-4.431955505110936,0.0467163961287233,0.019827230392943627
54.4,-4.4323852145311315,0.0024349480124656875,0.0198220254579656
54.410000000000004,-4.432372586618504,-0.041936805479986794,0.01981724712818178
54.42,-4.431917035527823,-0.08639442494687832,0.019812850400508984
54.43,-4.431017975413856,-0.13093347098654728,0.019808790271863993
54.44,-4.429674820431375,-0.1755495041973011,0.019805021739163608
54.45,-4.427886984735144,-0.22023808517747823,0.01980149979932463
54.46,-4.425653882479937,-0.2649947745253223,0.019798179449263854
54.47,-4.422974927820521,-0.30981513283917217,0.01979501568589808
54.480000000000004,-4.419849496867716,-0.3546947379224305,0.019791967928298015
54.49,-4.41627311633056,-0.39963094368766583,0.019789473316342614
54.5,-4.412243181463422,-0.44462037371096036,0.01978785030376376
54.51,-4.407759923990171,-0.489658391863556,0.01978710744866967
54.52,-4.402823575634673,-0.5347403620167266,0.019787253309168557
54.53,-4.397434368120804,-0.5798616480416502,0.01978829644336864
54.54,-4.391592533172428,-0.6250176138096005,0.019790245409378134
54.550000000000004,-4.3852983025134105,-0.6702036231918517,0.019793108765305257
54.56,-4.37855190786763,-0.7154150400595813,0.019796895069258216
54.57,-4.371353580958949,-0.7606472282840635,0.019801612879345235
54.58,-4.36370355351124,-0.8058955517365398,0.019807270753674527
54.59,-4.355602057248362,-0.8511553742882848,0.01981387725035431
54.6,-4.347049323894197,-0.8964220598104757,0.019821440927492797
54.61,-4.338045585172609,-0.9416909721743868,0.0198299703431982
54.620000000000005,-4.32859107280746,-0.9869574752512921,0.01983947405557875
54.63,-4.318686018522632,-1.0322169329123687,0.019849960622742642
54.64,-4.308330654041987,-1.0774647090288914,0.019861438602798105
54.65,-4.297525211089394,-1.1226961674721019,0.019873916553853347
54.660000000000004,-4.2862699176308015,-1.1679066729368601,0.019887403011034418
54.67,-4.274559137770042,-1.2130929028957593,0.019901867798316337
54.68,-4.2623885818554825,-1.258251344912617,0.019917278137426546
54.69,-4.249759633812007,-1.3033772680952656,0.01993363337451236
54.7,-4.23667367756449,-1.34846594155157,0.019950932855721106
54.71,-4.223132097037835,-1.3935126343892992,0.019969175927200065
54.72,-4.209136276156917,-1.4385126157163175,0.01998836193509657
54.730000000000004,-4.194687598846608,-1.4834611546404899,0.020008490225557944
54.74,-4.179787449031813,-1.5283535202695848,0.02002956014473147
54.75,-4.1644372106374075,-1.5731849817114674,0.020051571038764482
54.76,-4.148638267588274,-1.61795080807397,0.020074522253804284
54.77,-4.132392003809286,-1.6626462684649572,0.02009841313599821
54.78,-4.115699803225349,-1.7072666319921983,0.02012324303149354
54.79,-4.098563049761338,-1.7518071677635576,0.0201490112864376
54.800000000000004,-4.0809831273421215,-1.7962631448868995,0.020175717246977726
54.81,-4.062961419892612,-1.8406298324699937,0.020203360259261192
54.82,-4.044499311337678,-1.8849024996207042,0.020231939669435327
54.83,-4.025598185602205,-1.9290764154468638,0.020261454823647447
54.84,-4.006259426611064,-1.9731468490563369,0.020291905068044885
54.85,-3.9864844182891654,-2.017109069556893,0.02032328974877491
54.86,-3.96627454456138,-2.0609583460563967,0.020355608211984857
54.870000000000005,-3.945631189352577,-2.1046899476627114,0.020388859803822063
54.88,-3.9245557365876693,-2.148299143483608,0.020423043870433793
54.89,-3.903049570191527,-2.1917812026269496,0.020458159757967383
54.9,-3.8811140740890346,-2.23513139420057,0.020494206812570148
54.910000000000004,-3.8587499856222243,-2.2783449988996303,0.020531179896729996
54.92,-3.8359460856270013,-2.3214175944171513,0.02056899620360167
54.93,-3.8126999621769855,-2.3643448009139245,0.020607646690639386
54.94,-3.7890144130754173,-2.407122173367252,0.020647160227100284
54.95,-3.764892236125519,-2.4497452667544652,0.020687565682241543
54.96,-3.7403362291305635,-2.4922096360528063,0.020728891925320243
54.97,-3.7153491898937743,-2.534510836239608,0.020771167825593562
54.980000000000004,-3.689933916218372,-2.5766444222922007,0.020814422252318672
54.99,-3.6640932059076334,-2.6186059491878275,0.020858684074752658
55.0,-3.637829856764779,-2.66039097190382,0.020903982162152692
55.01,-3.6111466665930494,-2.70199504541748,0.020950345383775916
55.02,-3.584046433195664,-2.74341372470614,0.020997802608879516
55.03,-3.556531954375901,-2.7846425647470414,0.021046382706720563
55.04,-3.5286060279369806,-2.8256771205175166,0.021096114546556233
55.050000000000004,-3.500271451682123,-2.8665129469948964,0.02114702699764371
55.06,-3.4715310234146077,-2.907145599156425,0.021199148929240068
55.07,-3.442387540937654,-2.9475706319794326,0.021252509210602483
55.08,-3.412843802054501,-2.9877836004412215,0.0213071367109881
55.09,-3.382902604568368,-3.0277800595191224,0.0213630602996541
55.1,-3.352566746282536,-3.0675555641903802,0.021420308845857553
55.11,-3.3218390250002243,-3.1071056694323254,0.021478911218855642
55.120000000000005,-3.29072223852465,-3.1464259302222874,0.021538896287905552
55.13,-3.2592191846590968,-3.1855119015375126,0.02160029292226434
55.14,-3.2273326612067823,-3.2243591383553314,0.021663129991189196
55.15,-3.195065465970946,-3.262963195653045,0.021727436363937265
55.160000000000004,-3.162420396754804,-3.3013196284079824,0.021793240909765733
55.17,-3.1294002513616426,-3.339423991597392,0.021860572497931656
55.18,-3.0960078275946783,-3.3772718401986017,0.021929459997692222
55.19,-3.0622459232571506,-3.414858729188915,0.021999932278304574
55.2,-3.0281173361522744,-3.4521802135456605,0.02207201820902591
55.21,-2.9936248640833383,-3.4892318482460847,0.022145746659113272
55.22,-2.958767744362567,-3.5260085731275757,0.022220965818085102
55.230000000000004,-2.92353666636528,-3.562504098018553,0.02229707981974457
55.24,-2.887934393169983,-3.5987145092721686,0.022374093378662308
55.25,-2.851964816290848,-3.634636099914571,0.022452067984545458
55.26,-2.815631827242074,-3.67026516297188,0.022531065127101128
55.27,-2.7789393175378336,-3.705597991470243,0.022611146296036475
55.28,-2.741891178692376,-3.7406308784357294,0.022692372981058483
55.29,-2.704491302219874,-3.775360116894487,0.02277480667187431
55.300000000000004,-2.666743579634499,-3.8097819998726603,0.022858508858191125
55.31,-2.6286519024505024,-3.8438928203963214,0.022943541029715898
55.32,-2.5902201621820558,-3.8776888714916167,0.023029964676155798
55.33,-2.551452250343358,-3.9111664461846662,0.02311784128721792
55.34,-2.512352058448578,-3.9443218375016156,0.023207232352609432
55.35,-2.4729234780119707,-3.9771513384685386,0.02329819936203731
55.36,-2.433170400547706,-4.009651242111579,0.023390803805208714
55.370000000000005,-2.3930967175699545,-4.041817841456882,0.02348510717183081
55.38,-2.35270632059297,-4.073647429530522,0.023581170951610574
55.39,-2.312003101130923,-4.1051362993586435,0.023679056634255166
55.4,-2.2709909506980113,-4.136280743967368,0.02377882570947169
55.410000000000004,-2.229673760808404,-4.167077056382837,0.02388053966696732
55.42,-2.1880554229763582,-4.197521529631129,0.023984259996449007
55.43,-2.1461398287160423,-4.227610456738387,0.024090048187623933
55.44,-2.1039308695416548,-4.257340130730732,0.02419796573019919
55.45,-2.0614324369673636,-4.286706844634305,0.024308074113881965
55.46,-2.018648422507427,-4.315706891475187,0.024420434828379196
55.47,-1.9755827176760132,-4.344336564279518,0.024535109363398068
55.480000000000004,-1.9322392139872897,-4.372592156073441,0.02465215920864576
55.49,-1.888618956172676,-4.400468442953994,0.02477130438774567
55.5,-1.8447178041309844,-4.427957675316429,0.024891621874145824
55.51,-1.8005398340212242,-4.455056731920808,0.025013151849494927
55.52,-1.7560896809631734,-4.481762797040387,0.025136000858066464
55.53,-1.7113719800767058,-4.508073054948363,0.025260275444133656
55.54,-1.6663913664815995,-4.533984689917988,0.025386082151969983
55.550000000000004,-1.6211524752976323,-4.559494886222516,0.025513527525848935
55.56,-1.575659941644679,-4.584600828135144,0.025642718110043723
55.57,-1.5299184006425173,-4.609299699929126,0.025773760448827832
55.58,-1.4839324874109572,-4.633588685877697,0.02590676108647466
55.59,-1.4377068370697756,-4.657464970254108,0.0260418265672577
55.6,-1.391246084738849,-4.68092573733156,0.02617906343545015
55.61,-1.3445548655379538,-4.703968171383304,0.026318578235325508
55.620000000000005,-1.2976378145868674,-4.726589456682591,0.026460477511157265
55.63,-1.250499567005466,-4.748786777502624,0.02660486780721862
55.64,-1.2031447579135268,-4.770557318116653,0.026751855667783063
55.65,-1.1555780224308594,-4.791898262797913,0.02690154763712399
55.660000000000004,-1.1078039956772403,-4.812806795819654,0.02705405025951491
55.67,-1.0598273127725468,-4.83328010145508,0.027209470079228998
55.68,-1.0116526088365558,-4.853315363977441,0.027367913640539757
55.69,-0.9632845189890772,-4.872909767659972,0.027529487487720584
55.7,-0.9147276783498861,-4.892060496775921,0.027694298165044994
55.71,-0.8659867220388617,-4.910764735598495,0.027862452216786147
55.72,-0.8170658970201318,-4.929019275658732,0.028033960336476715
55.730000000000004,-0.7679648520134328,-4.946816390167638,0.028207673681989526
55.74,-0.7186870493058817,-4.964152497638765,0.02838333377690327
55.75,-0.6692375741280561,-4.981025692664526,0.028561076829744986
55.76,-0.6196215117105692,-4.997434069837322,0.02874103904904158
55.77,-0.5698439472839985,-5.013375723749564,0.028923356643320096
55.78,-0.5199099660790272,-5.028848748993631,0.029108165821107188
55.79,-0.46982465332623324,-5.043851240161933,0.02929560279092989
55.800000000000004,-0.4195930942561935,-5.0583812918468825,0.029485803761315262
55.81,-0.3692203740995924,-5.072436998640858,0.029678904940789935
55.82,-0.3187115780870071,-5.086016455136272,0.02987504253788096
55.83,-0.26807179144905025,-5.099117755925523,0.030074352761115246
55.84,-0.21730609941629875,-5.111738995601022,0.03027697181901985
55.85,-0.16641958721943784,-5.123878268755152,0.030483035920121398
55.86,-0.11541734008904403,-5.135533669980321,0.030692681272946942
55.870000000000005,-0.06430444325569384,-5.146703293868938,0.03090604408602355
55.88,-0.013085981950072822,-5.157385235013387,0.031123260567877828
55.89,0.038232958597242295,-5.167577588006078,0.03134446692703684
55.9,0.0896472931556388,-5.177278447439411,0.03156979937202749
55.910000000000004,0.1411519364945404,-5.186485907905793,0.03179939411137686
55.92,0.19274216088925128,-5.19519738250212,0.032033241562129305
55.93,0.24441599404837216,-5.203405178360781,0.032270180704750885
55.94,0.2961688415072131,-5.211106873042228,0.032510068336474775
55.95,0.347995329524126,-5.218301555707357,0.03275307409982447
55.96,0.39989008435735207,-5.22498831551705,0.032999367637322925
55.97,0.4518477322652434,-5.231166241632204,0.033249118591493626
55.980000000000004,0.5038628995061516,-5.236834423213716,0.03350249660486006
55.99,0.5559302123383181,-5.241991949422468,0.033759671319945186
56.0,0.6080442970200948,-5.24663790941936,0.03402081237927248
56.01,0.6601997798097965,-5.250771392365281,0.034286089425365256
56.02,0.7123912869657755,-5.254391487421127,0.034555672100747024
56.03,0.7646134447462727,-5.257497283747783,0.0348297300479407
56.04,0.81686087940964,-5.260087870506146,0.03510843290946979
56.050000000000004,0.8691282172142298,-5.262162336857108,0.0353919503278578
56.06,0.9214100844182828,-5.2637197719615605,0.03568045194562765
56.07,0.9737011072801508,-5.264759264980394,0.03597410740530283
56.08,1.025995912058149,-5.265279905074503,0.036273086349406666
56.09,1.07828912501063,-5.265280781404778,0.03657755842046268
56.1,1.1305753723958338,-5.264760983132112,0.03688769326099375
56.11,1.1828492804721131,-5.263719599417397,0.03720366051352339
56.120000000000005,1.2351057739234257,-5.262154516003015,0.03752540392752824
56.13,1.2873413675539767,-5.260057481164744,0.037851650412960174
56.14,1.3395509378877208,-5.257427291802119,0.03818234573600424
56.15,1.3917290128812656,-5.254264183971634,0.038517697899599565
56.160000000000004,1.4438701204912547,-5.250568393729784,0.038857914906685484
56.17,1.495968788674221,-5.246340157133069,0.03920320476020064
56.18,1.5480195453868089,-5.241579710237983,0.03955377546308436
56.19,1.6000169185856248,-5.236287289101021,0.039909835018275774
56.2,1.651955436227313,-5.230463129778674,0.04027159142871424
56.21,1.7038296262684067,-5.224107468327448,0.040639252697338354
56.22,1.7556340166655495,-5.217220540803834,0.04101302682708748
56.230000000000004,1.8073631353753852,-5.209802583264322,0.041393121820901005
56.24,1.8590115103544473,-5.201853831765417,0.041779745681717495
56.25,1.9105736695593798,-5.193374522363613,0.04217310641247632
56.26,1.9620441409467895,-5.184364891115403,0.0425734120161166
56.27,2.0134174524733197,-5.174825174077277,0.04298087049557773
56.28,2.064688132095504,-5.164755607305744,0.043395689853798235
56.29,2.115850707769987,-5.154156426857293,0.04381807809371752
56.300000000000004,2.1668997074534113,-5.143027868788413,0.04424824321827501
56.31,2.2178296591023114,-5.1313701691556135,0.04468639323040918
56.32,2.26863509067333,-5.119183564015384,0.045132736133059466
56.33,2.3193105336098343,-5.1064680855378235,0.04558745022181043
56.34,2.3698506974091185,-5.093215811744828,0.04604952060316401
56.35,2.420250328100362,-5.079423676687791,0.04651854254859504
56.36,2.4705041138285537,-5.065093203609495,0.046994763224735246
56.370000000000005,2.520606742738685,-5.050225915752714,0.04747842979821637
56.38,2.570552902975638,-5.034823336360258,0.047969789435669104
56.39,2.6203372826844036,-5.018886988674905,0.04846908930372519
56.4,2.6699545700099354,-5.002418395939443,0.04897657656901602
56.410000000000004,2.7193994530972234,-4.985419081396645,0.04949249839817335
56.42,2.7686666200911514,-4.967890568289327,0.050017101957827846
56.43,2.8177507591367097,-4.949834379860262,0.05055063441461125
56.44,2.866646558378852,-4.93125203935224,0.05109334293515497
56.45,2.9153487059625673,-4.912145070008033,0.05164547468609078
56.46,2.963851890032741,-4.892514995070457,0.0522072768340493
56.47,3.012150798734362,-4.8723633377822875,0.052778996545662295
56.480000000000004,3.060240120212419,-4.851691621386296,0.05336088098756158
56.49,3.1081145426117978,-4.830501369125301,0.05395317732637772
56.5,3.1557687540774872,-4.808794104242074,0.05455613272874252
56.51,3.203197442754442,-4.786571349979404,0.05516999436128737
56.52,3.2503952967876497,-4.763834629580064,0.05579500939064411
56.53,3.2973570043219973,-4.740585466286872,0.05643142498344324
56.54,3.3440772535024728,-4.7168253833425995,0.05707948830631659
56.550000000000004,3.3905507324740642,-4.692555903990019,0.05773944652589603
56.56,3.4367719935800385,-4.667777884525118,0.05841148913728214
56.57,3.4827336778104514,-4.642482521033208,0.05909494647857249
56.58,3.5284301463901273,-4.616668837288001,0.059789771616273336
56.59,3.5738565584459585,-4.590339695527951,0.06049624253914296
56.6,3.6190080731047423,-4.563497957991566,0.061214637235938105
56.61,3.6638798494933726,-4.5361464869173,0.06194523369541704
56.620000000000005,3.7084670467387415,-4.508288144543602,0.06268830990633804
56.63,3.752764823967648,-4.479925793108985,0.06344414385745785
56.64,3.796768340306984,-4.451062294851901,0.06421301353753471
56.65,3.8404727548836117,-4.42170051201082,0.0649951969353264
56.660000000000004,3.883873226824423,-4.391843306824192,0.06579097203959126
56.67,3.9269649152562174,-4.361493541530533,0.06660061683908591
56.68,3.9697429793058867,-4.3306540783682905,0.06742440932256868
56.69,4.012202578100293,-4.299327779575937,0.06826262747879731
56.7,4.054338870766327,-4.26751750739192,0.06911554929653019
56.71,4.096147016430789,-4.235226124054759,0.06998345276452386
56.72,4.137622174220573,-4.2024564918029,0.0708666158715367
56.730000000000004,4.178759503262568,-4.169211472874792,0.0717653166063271
56.74,4.219554162683576,-4.135493929508953,0.07267983295765153
56.75,4.260001311610489,-4.101306723943831,0.07361044291426841
56.76,4.300096109170167,-4.066652718417898,0.07455742446493549
56.77,4.339833714489501,-4.0315347751696,0.07552105559841121
56.78,4.3792092866952945,-3.9959557564374575,0.07650161430345198
56.79,4.418217984914437,-3.9599185244599173,0.07749937856881624
56.800000000000004,4.456854239930571,-3.923424322161266,0.07851462301729581
56.81,4.4951078720364,-3.886463972471401,0.0795475899090894
56.82,4.532973636672247,-3.8490389749818914,0.08059852503987057
56.83,4.570447514641275,-3.8111535279365483,0.08166767819397529
56.84,4.60752548674668,-3.7728118295791573,0.0827552991557403
56.85,4.644203533791575,-3.7340180781535843,0.08386163770950006
56.86,4.680477636579153,-3.694776471903615,0.0849869436395913
56.870000000000005,4.716343775912606,-3.6550912090730328,0.08613146673035083
56.88,4.751797932595051,-3.614966487905706,0.08729545676611297
56.89,4.786836087429679,-3.5744065066454196,0.08847916353121454
56.9,4.821454221219657,-3.5334154635359845,0.08968283680999149
56.910000000000004,4.8556483147681755,-3.4919975568211843,0.09090672638678068
56.92,4.889414348878353,-3.4501569847448894,0.09215108204591635
56.93,4.922748304353381,-3.407897945550883,0.09341615357173534
56.94,4.955646161996426,-3.365224637482977,0.09470219074857364
56.95,4.9881039026106775,-3.322141258784953,0.09600944336076814
56.96,5.020117506999256,-3.278652007700684,0.09733816119265296
56.97,5.051682955965352,-3.2347610824739523,0.098688594028565
56.980000000000004,5.0827962303121526,-3.190472681348538,0.10006099165284124
56.99,5.113453310842782,-3.1457910025683162,0.10145560384981568
57.0,5.143650178360429,-3.100720244377068,0.10287268040382529
57.01,5.173382813668259,-3.0552646050186043,0.10431247109920602
57.02,5.20264719756946,-3.0094282827367067,0.10577522572029492
57.03,5.231439310867158,-2.9632154757752507,0.10726119405142587
57.04,5.259755134364539,-2.916630382378017,0.10877062587693588
57.050000000000004,5.287590550205281,-2.8696770727104366,0.11030378663780457
57.06,5.314932820148675,-2.8223483402036105,0.11186228615555313
57.07,5.341773221518014,-2.77464191670696,0.11344702149855389
57.08,5.36810905915066,-2.7265633047773474,0.11505791831997855
57.09,5.393937637883995,-2.6781180069716015,0.116694902273
57.1,5.419256262555344,-2.6293115258466533,0.11835789901078758
57.11,5.444062238002091,-2.5801493639593307,0.12004683418651414
57.120000000000005,5.468352869061614,-2.5306370238664613,0.12176163345335264
57.13,5.492125460571243,-2.4807800081249782,0.1235022224644723
57.14,5.515377317368359,-2.4305838192917086,0.12526852687304604
57.15,5.538105744290323,-2.380053959923515,0.12706047233224557
57.160000000000004,5.560308046174516,-2.3291959325772242,0.12887798449524387
57.17,5.581981527858268,-2.2780152398097706,0.13072098901521007
57.18,5.603123494178958,-2.226517384177981,0.13258941154531714
57.19,5.623731249973951,-2.174707868238718,0.13448317773873675
57.2,5.643802100080622,-2.122592194548807,0.13640221324864202
57.21,5.663333349336307,-2.070175865665184,0.1383464437282019
57.22,5.682322302578384,-2.0174643841446755,0.1403157948305894
57.230000000000004,5.700766264644226,-1.9644632525441064,0.1423101922089777
57.24,5.718662540371174,-1.9111779734204135,0.14432956151653564
57.25,5.736008434596601,-1.857614049330423,0.1463738284064363
57.26,5.752801252157872,-1.8037769828309969,0.14844291853185143
57.27,5.7690382978923616,-1.7496722764789592,0.15053675754595422
57.28,5.784716876637409,-1.6953054328312496,0.15265527110191335
57.29,5.79983429323039,-1.640681954444692,0.15479838485290198
57.300000000000004,5.814387852508676,-1.5858073438761107,0.1569660244520934
57.31,5.828374859309611,-1.5306871036824452,0.15915811555265622
57.32,5.841792618470569,-1.4753267364205196,0.16137458380776365
57.33,5.854638434828912,-1.4197317446471962,0.16361535487058743
57.34,5.866907522354319,-1.363905621780498,0.16588065584579367
57.35,5.878587515947103,-1.3078442841330862,0.16817156008456566
57.36,5.8896756914427755,-1.2515524984500603,0.1704874045193758
57.370000000000005,5.900170739774461,-1.1950363668441941,0.17282730161227858
57.38,5.910071351875261,-1.1383019914283816,0.17519036382532346
57.39,5.9193762186783,-1.081355474315397,0.1775757036205649
57.4,5.928084031116694,-1.0242029176180547,0.17998243346005574
57.410000000000004,5.936193480123566,-0.9668504234491275,0.18240966580585047
57.42,5.943703256632022,-0.9093040939215112,0.18485651311999846
57.43,5.950612051575183,-0.8515700311479792,0.18732208786455423
57.44,5.9569185558861655,-0.7936543372413456,0.18980550250157058
57.45,5.962621460498092,-0.7355631143143835,0.19230586949310208
57.46,5.96771945634407,-0.677302464479989,0.194822301301198
57.47,5.9722112343572205,-0.6188784898509352,0.1973539103879129
57.480000000000004,5.976095485470663,-0.5602972925399948,0.1998998092153014
57.49,5.979370900617507,-0.5015649746600643,0.2024591102454127
57.5,5.982036170730876,-0.44268763832391733,0.20503092594030137
57.51,5.984089986743883,-0.3836713856443674,0.20761436876202025
57.52,5.985531039589647,-0.32452231873418635,0.21020855117262396
57.53,5.986358020201283,-0.2652465397062729,0.21281258563416167
57.54,5.986569619511909,-0.20585015067339896,0.21542558460868794
57.550000000000004,5.9861605379979315,-0.1463372433233594,0.21804697930429529
57.56,5.985122245898301,-0.08671005630470474,0.22067596762538735
57.57,5.983454665421038,-0.026974900308171096,0.22331066702806998
57.58,5.981157954290814,0.03286179787617574,0.22594917059004668
57.59,5.978232270232295,0.09279361145831244,0.22858957138902272
57.6,5.974677770970158,0.15281411364808795,0.23122996250269784
57.61,5.970494614229071,0.212916877655479,0.23386843700877735
57.620000000000005,5.965682957733701,0.27309547669046264,0.23650308798496658
57.63,5.960242959208728,0.3333434839628874,0.23913200850896527
57.64,5.9541747763788155,0.3936544726827299,0.2417532916584787
57.65,5.947478566968638,0.45402201605992476,0.24436503051121036
57.660000000000004,5.940154488702858,0.5144396873044486,0.24696531814486555
57.67,5.93220269930616,0.5749010596261499,0.24955224763714398
57.68,5.923623356503207,0.6353997062350057,0.252123912065751
57.69,5.91441661801867,0.6959292003409504,0.2546784045083901
57.7,5.904582641577215,0.7564831151539608,0.25721381804276644
57.71,5.894121584903524,0.817055023883885,0.25972824574657993
57.72,5.883033605722263,0.8776384997407005,0.2622197806975359
57.730000000000004,5.871318367291129,0.9382272398337786,0.26468649925424875
57.74,5.858967442003803,0.998817064819353,0.2671260245165187
57.75,5.845979101934155,1.0594023435443134,0.26953578225071706
57.76,5.83235513029524,1.1199765959058645,0.2719132593378325
57.77,5.818097310300105,1.1805333418012534,0.2742559426588554
57.78,5.803207425161825,1.2410661011275983,0.276561319094771
57.79,5.787687258093448,1.3015683937821465,0.27882687552656965
57.800000000000004,5.771538592308017,1.3620337396621454,0.2810500988352416
57.81,5.754763211018613,1.422455658664713,0.2832284759017724
57.82,5.737362897438279,1.4828276706870966,0.28535949360715224
57.83,5.719339434780073,1.5431432956265008,0.28744063883236975
57.84,5.700694606257037,1.6033960533801723,0.2894693984584151
57.85,5.681430195082253,1.6635794638452301,0.29144325936627397
57.86,5.661547984468766,1.7236870469189207,0.29335970843693654
57.870000000000005,5.641049757629616,1.7837123224984917,0.29521623255139273
57.88,5.619937297777888,1.8436488104810618,0.29701031859062854
57.89,5.598212388126625,1.9034900307638776,0.2987394534356341
57.9,5.575876811888883,1.9632295032441436,0.3004011239673979
57.910000000000004,5.552932331824371,2.022860748745144,0.30199281223025104
57.92,5.529373392663517,2.0823776808504855,0.3035103370106248
57.93,5.505196972780152,2.1417743191614784,0.30495035789551506
57.94,5.480406491464573,2.2010444410850933,0.30631111168339265
57.95,5.4550053680070585,2.2601818240283422,0.30759083517272934
57.96,5.42899702169794,2.3191802453981105,0.30878776516199397
57.97,5.402384871827496,2.3780334826014107,0.3099001384496584
57.980000000000004,5.3751723376860046,2.4367353130452543,0.31092619183419407
57.99,5.347362838563799,2.495279514136527,0.3118641621140704
58.0,5.318959793751159,2.553659863282242,0.3127122860877589
58.01,5.289966622538379,2.611870137889368,0.3134688005537304
58.02,5.260386744215735,2.6699041153649166,0.3141319423104561
58.03,5.230223578073565,2.7277555731157754,0.31469994815640595
58.04,5.199480543402145,2.7854182885489553,0.3151710548900512
58.050000000000004,5.16816105949175,2.8428860390714674,0.31554349930986286
58.06,5.136268545632719,2.9001526020901998,0.3158155182143113
58.07,5.103806421115327,2.957211755012163,0.3159853484018676
58.08,5.070778105229871,3.0140572752443275,0.3160512266710025
58.09,5.037187017266623,3.070682940193703,0.3160113898201868
58.1,5.003036502689379,3.127082513270194,0.31586404718946254
58.11,4.968321511577064,3.183248239611336,0.31560471032492954
58.120000000000005,4.933040616614796,3.239173292789835,0.31523163557620704
58.13,4.897198572930128,3.2948520677153303,0.3147456632428098
58.14,4.8608001356505355,3.350278959297579,0.3141476336242518
58.15,4.823850059903522,3.4054483624462986,0.3134383870200472
58.160000000000004,4.786353100816562,3.460354672071246,0.31261876372970965
58.17,4.748314013517212,3.51499228308206,0.3116896040527544
58.18,4.709737553132946,3.569355590388498,0.31065174828869524
58.19,4.6706284747912665,3.6234389889002774,0.3095060367370463
58.2,4.630991533619646,3.6772368735271543,0.3082533096973208
58.21,4.590831484745645,3.7307436391787694,0.3068944074690348
58.22,4.550153083296736,3.7839536807648786,0.3054301703517016
58.230000000000004,4.508961084400392,3.836861393195238,0.3038614386448343
58.24,4.467260243184173,3.8894611713794887,0.30218905264794926
58.25,4.425055314775552,3.9417474102273866,0.30041385266055964
58.26,4.382351054302031,3.9937145046486497,0.2985366789821796
58.27,4.339152216891081,4.045356849553032,0.296558371912322
58.28,4.295463557670267,4.096668839850177,0.2944797717505037
58.29,4.251289831767059,4.147644870449841,0.2923017187962377
58.300000000000004,4.2066357943089265,4.198279336261775,0.29002505334903633
58.31,4.161506200423435,4.248566632195627,0.2876506157084172
58.32,4.11590490837964,4.298500830953917,0.2851794882188131
58.33,4.069828997631362,4.348073765742209,0.28261541526371764
58.34,4.023281768547681,4.397279863534623,0.27996198752961765
58.35,3.9762683520342517,4.446114242721244,0.2772224452317774
58.36,3.9287938789966224,4.494572021692259,0.27440002858545554
58.370000000000005,3.8808634803403446,4.542648318837857,0.2714979778059104
58.38,3.8324822869710706,4.590338252548123,0.26851953310840665
58.39,3.7836554297943508,4.637636941213245,0.26546793470820274
58.4,3.7343880397157694,4.684539503223374,0.2623464228205591
58.410000000000004,3.684685247640876,4.731041056968699,0.2591582376607339
58.42,3.634552184475325,4.777136720839307,0.25590661944399223
58.43,3.5839939811246664,4.822821613225383,0.25259480838559234
58.44,3.5330157684944843,4.868090852517082,0.24922604470079462
58.45,3.481622677490326,4.912939557104588,0.24580356860485714
58.46,3.4298198390178496,4.957362845377992,0.2423306203130453
58.47,3.3776123839826027,5.0013558357274785,0.23881044004061708
58.480000000000004,3.3250054432901326,5.0449136465432325,0.23524626800283047
58.49,3.272004147846098,5.088031396215344,0.231641344414951
58.5,3.2186103567949784,5.13070223048571,0.22800013429014804
58.51,3.1648258974317813,5.172919637251029,0.22432747287109148
58.52,3.1106560537237,5.214679374699373,0.2206270859625646
58.53,3.056106109977292,5.25597720123247,0.21690269925148423
58.54,3.0011813504989995,5.296808875252137,0.21315803842475925
58.550000000000004,2.9458870595952633,5.33717015516019,0.20939682916929855
58.56,2.890228521572643,5.377056799358359,0.205622797172019
58.57,2.83421102073758,5.416464566248459,0.20183966811982948
58.58,2.777839841396554,5.45538921423228,0.19805116769964148
58.59,2.721120267856006,5.493826501711635,0.1942610215983639
58.6,2.664057584422496,5.531772187088257,0.19047295550291365
58.61,2.606657075402466,5.56922202876396,0.18669069510019956
58.620000000000005,2.5489240251023535,5.606171785140559,0.18291796607713048
58.63,2.4908637178287227,5.642617214619788,0.17915849412062335
58.64,2.432481437888012,5.6785540756034605,0.175416004917587
58.65,2.3737819611750237,5.7139778165696,0.17169389263447657
58.660000000000004,2.314765473605111,5.748881241333021,0.16799225074573096
58.67,2.2554361692601383,5.783259896097952,0.16431318630708946
58.68,2.195799618053419,5.817110196770223,0.16065964130185717
58.69,2.135861389898309,5.850428559255635,0.1570345577133419
58.7,2.075627054708121,5.8832113994600155,0.15344087752484883
58.71,2.0151021823962956,5.91545513328912,0.1498815427196909
58.72,1.9542923428761458,5.947156176648777,0.1463594952811733
58.730000000000004,1.8932031060609837,5.978310945444811,0.14287767719260133
58.74,1.8318400418642513,6.00891585558298,0.13943903043728773
58.75,1.7702087201992611,6.03896732296911,0.1360464969985378
58.76,1.7083147109793684,6.068461763509004,0.1327030188596593
58.77,1.6461635841178848,6.0973955931084864,0.1294115380039577
58.78,1.5837609095282537,6.125765227673318,0.12617499641474542
58.79,1.5211122571237865,6.1535670831093245,0.1229963360753279
58.800000000000004,1.4582231968177939,6.180797575322327,0.11987849896901073
58.81,1.395096361961693,6.207451607416227,0.11681816801269844
58.82,1.3317320813207585,6.233523165960029,0.11380604239509624
58.83,1.268136248682069,6.259009317087227,0.11084384074338258
58.84,1.2043148857880503,6.283907195228794,0.10793354499063372
58.85,1.1402740143812635,6.3082139348156465,0.10507713706993219
58.86,1.0760196562041349,6.331926670278755,0.10227659891435424
58.870000000000005,1.0115578329990893,6.35504253604909,0.09953391245697632
58.88,0.9468945665086894,6.3775586665575705,0.09685105963088067
58.89,0.8820358784753606,6.399472196235168,0.09423002236914368
58.9,0.8169877906415739,6.420780259512834,0.09167278260484375
58.910000000000004,0.7517563247497537,6.441479990821537,0.08918132227105743
58.92,0.686347502542464,6.4615685245922005,0.08675762330086667
58.93,0.6207673457621296,6.481042995255793,0.08440366762734802
58.94,0.5550218761512211,6.499900537243266,0.08212143718357982
58.95,0.4891171154521631,6.518138284985587,0.07991291390263891
58.96,0.42305754347143054,6.535752557048166,0.07777483311623251
58.97,0.356842366047997,6.552737110963893,0.07568507955849668
58.980000000000004,0.29047723043824514,6.569089423352322,0.07364222949492757
58.99,0.22396866364311308,6.584807453349277,0.07164778544505854
59.0,0.15732319266339762,6.599889160090612,0.06970324992841856
59.01,0.09054734449994262,6.614332502712173,0.0678101254645381
59.02,0.023647646153544477,6.628135440349815,0.0659699145729463
59.03,-0.043369375374857855,6.641295932139361,0.06418411977317627
59.04,-0.11049719308446815,6.653811937216665,0.0624542435847571
59.050000000000004,-0.17772927997449017,6.665681414717581,0.06078178852721809
59.06,-0.2450591090439841,6.676902323777937,0.05916825712009206
59.07,-0.3124801532921546,6.687472623533585,0.05761515188290827
59.08,-0.3799858857181573,6.69739027312037,0.05612397533519716
59.09,-0.44756977932119624,6.706653231674142,0.054696229996488197
59.1,-0.5152253071003317,6.715259458330734,0.05333341838631387
59.11,-0.5829462887180015,6.7232066921491525,0.05203550209420082
59.120000000000005,-0.650731847507988,6.730489493205469,0.050778362736816275
59.13,-0.7185772137912831,6.737105324060886,0.04955402885396858
59.14,-0.7864755623776607,6.743053008571412,0.04836351441523549
59.15,-0.854420068076846,6.7483313705930446,0.04720783339019563
59.160000000000004,-0.9224039056986132,6.752939233981789,0.046087999748426894
59.17,-0.9904202500525912,6.756875422593638,0.04500502745950952
59.18,-1.0584622759485538,6.7601387602845975,0.04395993049302133
59.19,-1.1265231581962265,6.762728070910665,0.042953722818541006
59.2,-1.1945960716053836,6.764642178327844,0.0419874184056465
59.21,-1.262674190985654,6.765879906392131,0.04106203122391785
59.22,-1.330750691146811,6.76644007895953,0.040178575242933
59.230000000000004,-1.398818746898629,6.766321519886038,0.039338064432270024
59.24,-1.4668715330507371,6.765523053027659,0.038541512761508766
59.25,-1.5349024581539437,6.764043256540208,0.037788695249819926
59.26,-1.6029086382294075,6.761877023315574,0.037059454713159
59.27,-1.6708845157317445,6.759022547020697,0.0363471557078745
59.28,-1.7388230780241234,6.75547961582852,0.03565278949028286
59.29,-1.8067173124698575,6.751248017911977,0.03497734731669898
59.300000000000004,-1.8745602064322602,6.746327541444002,0.03432182044343783
59.31,-1.9423447472745003,6.740717974597539,0.03368720012681575
59.32,-2.0100639223598913,6.734419105545522,0.033074477623147705
59.33,-2.077710719051698,6.7274307224608885,0.03248464418874911
59.34,-2.1452781247132338,6.719752613516569,0.031918691079934974
59.35,-2.212759126707668,6.711384566885513,0.03137760955302154
59.36,-2.280146712398314,6.702326370740652,0.03086239086432381
59.370000000000005,-2.347433869148484,6.692577813254916,0.030374026270156874
59.38,-2.414613584321348,6.682138682601255,0.029913507026836837
59.39,-2.481678845280219,6.6710087669526015,0.029481824390678767
59.4,-2.5486234893398954,6.659186454532599,0.029074486882827443
59.410000000000004,-2.615443021394813,6.646667876146587,0.028676211361688995
59.42,-2.6821306417264457,6.6334534734804,0.028286544399241324
59.43,-2.748679390107774,6.619543968244441,0.027906066841486093
59.44,-2.815082306311731,6.604940082149118,0.027535359534425246
59.45,-2.881332430111296,6.58964253690483,0.027175003324060483
59.46,-2.947422801279308,6.573652054222009,0.026825579056394256
59.47,-3.013346459588747,6.556969355811055,0.026487667577428257
59.480000000000004,-3.0790964448125924,6.539595163382363,0.02616184973316421
59.49,-3.1446657967236837,6.521530198646369,0.025848706369604523
59.5,-3.2100475550950005,6.502775183313471,0.025548818332750908
59.51,-3.275234759699476,6.483330839094077,0.025262766468605313
59.52,-3.3402204503100887,6.463197887698584,0.024991131623169495
59.53,-3.4049977451086026,6.44237660537539,0.02473363726560589
59.54,-3.4695606014060547,6.420863101143516,0.024481349933258758
59.550000000000004,-3.5339024473700347,6.398657696258366,0.024232164603074504
59.56,-3.598016481260696,6.37576214896645,0.023986603294381435
59.57,-3.661895901338332,6.352178217514235,0.023745188026507307
59.58,-3.7255339058631876,6.327907660148205,0.02350844081878007
59.59,-3.7889236930955543,6.302952235114823,0.0232768836905275
59.6,-3.8520584612955884,6.2773137006606055,0.023051038661077876
59.61,-3.914931408723581,6.250993815032018,0.022831427749758968
59.620000000000005,-3.9775357336398223,6.223994336475523,0.022618572975898574
59.63,-4.03986463430447,6.196317023237641,0.022412996358824936
59.64,-4.101911308977815,6.167963633564833,0.022215219917865847
59.65,-4.1636689559201026,6.138935925703583,0.022025765672349252
59.660000000000004,-4.225130773391623,6.109235657900352,0.021845155641602963
59.67,-4.286289959652535,6.078864588401662,0.02167391184495519
59.68,-4.347139673764205,6.047822723534822,0.021510283876059105
59.69,-4.407673168179496,6.016107332073137,0.021348226662949468
59.7,-4.46788397117293,5.9837208703753175,0.02118765565884537
59.71,-4.527765622793636,5.950666114906076,0.02102887934481814
59.72,-4.587311663090868,5.916945842130051,0.020872206201938748
59.730000000000004,-4.646515632113886,5.882562828511882,0.02071794471127818
59.74,-4.705371069911817,5.8475198505162815,0.020566403353907747
59.75,-4.7638715165339205,5.8118196846078884,0.020417890610898434
59.76,-4.82201051202941,5.775465107251366,0.020272714963321326
59.77,-4.879781596447539,5.73845889491135,0.02013118489224742
59.78,-4.937178309837441,5.700803824052558,0.019993608878748008
59.79,-4.994194192248372,5.662502671139627,0.01986029540389408
59.800000000000004,-5.050822783729586,5.623558212637192,0.01973155294875664
59.81,-5.107057624330217,5.583973225009972,0.019607689994406954
59.82,-5.1628921535973875,5.543750099713218,0.019488774833283633
59.83,-5.2183184794724005,5.502885874613912,0.01937132185544141
59.84,-5.273330082581135,5.461382276145091,0.019254287003230737
59.85,-5.327921031302302,5.419243209313433,0.019137923392446257
59.86,-5.382085394014728,5.376472579125527,0.019022484138882367
59.870000000000005,-5.435817239097241,5.333074290587959,0.01890822235833346
59.88,-5.48911063492855,5.28905224870741,0.01879539116659418
59.89,-5.541959649887482,5.244410358490467,0.01868424367945892
59.9,-5.594358352352826,5.199152524943749,0.018575033012722158
59.910000000000004,-5.646300810703405,5.153282653073839,0.0184680122821783
59.92,-5.697781093317935,5.106804647887422,0.018363434603621977
59.93,-5.748793268575239,5.059722414391085,0.018261553092847584
59.94,-5.799331404854107,5.012039857591443,0.0181626208656496
59.95,-5.849389570533361,4.963760882495082,0.01806689103782244
59.96,-5.898961833991718,4.9148893941086875,0.01797461672516072
59.97,-5.948042263608002,4.865429297438844,0.01788605104345884
59.980000000000004,-5.996624927761036,4.8153844974921345,0.017801447108511226
59.99,-6.0447023650550324,4.764755299342783,0.017719487498860546
60.0,-6.09226673541665,4.713540709969293,0.01763793311101046
60.01,-6.139312837502106,4.661745666658743,0.017556888198184503
60.02,-6.1858354978805625,4.60937517084792,0.017476483658788525
60.03,-6.231829543121079,4.556434223973721,0.017396850391228527
60.04,-6.277289799792818,4.502927827472933,0.01731811929391035
60.050000000000004,-6.32221109446494,4.448860982782343,0.01724042126523984
60.06,-6.366588253706508,4.394238691338851,0.017163887203622996
60.07,-6.410416104086684,4.33906595457924,0.01708864800746566
60.08,-6.453689472174593,4.2833477739403385,0.017014834575173735
60.09,-6.496403184539396,4.227089150858927,0.01694257780515306
60.1,-6.5385520677501585,4.17029508677191,0.01687200859580963
60.11,-6.58013094837604,4.112970583116072,0.016803257845549296
60.120000000000005,-6.621134652986197,4.0551206413281955,0.016736456452777906
60.13,-6.661558008149701,3.996750262845187,0.016671735315901447
60.14,-6.701395840435707,3.9378644491038295,0.01660922533332577
60.15,-6.740642976413342,3.8784682015409464,0.016549057403456774
60.160000000000004,-6.7792910437527,3.81856177667204,0.016490386730425296
60.17,-6.817331043302602,3.758144230812031,0.016431955731258725
60.18,-6.8547588759603535,3.6972217146728195,0.01637385894011834
60.19,-6.891570475562082,3.6358004272213176,0.01631620044358193
60.2,-6.927761775943938,3.5738865674243945,0.016259084328227244
60.21,-6.963328710941999,3.5114863342490503,0.016202614680632152
60.22,-6.998267214392417,3.4486059266621547,0.016146895587374397
60.230000000000004,-7.032573220131344,3.385251543630575,0.016092031135031735
60.24,-7.066242661994855,3.3214293841213145,0.01603812541018203
60.25,-7.099271473819106,3.2571456471012405,0.015985282499403026
60.26,-7.1316555894402205,3.1924065315372663,0.015933606489272518
60.27,-7.163390942694349,3.127218236396258,0.015883201466368256
60.28,-7.194473467417573,3.0615869606452217,0.015834171517268097
60.29,-7.224899097446043,2.995518903251023,0.015786620728549798
60.300000000000004,-7.254663766615906,2.9290202631805284,0.015740653186791114
60.31,-7.283763408763247,2.862097239400745,0.015696372978569895
60.32,-7.312193957724213,2.794756030878538,0.015653884190463898
60.33,-7.339951347334933,2.7270028365808203,0.01561329090905091
60.34,-7.367031511431551,2.6588438554744567,0.015574697220908696
60.35,-7.3934303838501565,2.590285286526457,0.015538207212615096
60.36,-7.419142680476093,2.5213320203890373,0.015503794264909722
60.370000000000005,-7.444156140373202,2.4519812662522753,0.015470579462920193
60.38,-7.468466354521263,2.382238352555436,0.015438351947911716
60.39,-7.492070695876055,2.3121104960269707,0.015407077753319516
60.4,-7.514966537393337,2.2416049133953795,0.015376722912578848
60.410000000000004,-7.537151252028888,2.170728821389113,0.01534725345912494
60.42,-7.558622212738438,2.0994894367367727,0.015318635426393086
60.43,-7.579376792477762,2.0278939761668084,0.015290834847818516
60.44,-7.599412364202624,1.9559496564077206,0.015263817756836483
60.45,-7.618726300868796,1.883663694187959,0.015237550186882219
60.46,-7.6373159754320135,1.8110433062361262,0.015211998171391012
60.47,-7.6551787608480515,1.738095709280672,0.015187127743798094
60.480000000000004,-7.672312030072683,1.6648281200500445,0.0151629049375387
60.49,-7.688713156061644,1.5912477552728483,0.015139295786048118
60.5,-7.70437951177071,1.517361831677533,0.015116266322761578
60.51,-7.7193084701556405,1.4431775659925976,0.015093782581114334
60.52,-7.7334974041722075,1.368702174946491,0.01507181059454162
60.53,-7.746943686776152,1.2939428752678186,0.015050316396478722
60.54,-7.7596446909232455,1.218906883685029,0.015029266020360874
60.550000000000004,-7.771597789569257,1.1436014169265682,0.015008625499623311
60.56,-7.782800355669932,1.0680336917210445,0.014988360867701314
60.57,-7.793249753109172,0.9922109175950474,0.014968438308102803
60.58,-7.802937618137544,0.9161356660912437,0.014948941622398293
60.59,-7.811857353127716,0.8398115748254376,0.01493000982658942
60.6,-7.820007675976622,0.7632464238285843,0.014911713454986862
60.61,-7.827387304581209,0.6864479931314769,0.014894123041901259
60.620000000000005,-7.833994956838427,0.6094240627649072,0.014877309121643248
60.63,-7.83982935064521,0.5321824127598318,0.014861342228523504
60.64,-7.844889203898506,0.45473082314704305,0.014846292896852667
60.65,-7.849173234495259,0.37707707395738765,0.01483223166094139
60.660000000000004,-7.852680160332415,0.2992289452216573,0.014819229055100311
60.67,-7.8554086993069125,0.22119421697080943,0.014807355613640103
60.68,-7.857357569315697,0.14298066923563613,0.014796681870871407
60.69,-7.858525488255714,0.06459608204698375,0.014787278361104873
60.7,-7.8589111740239055,-0.013951764564356317,0.014779215618651146
60.71,-7.858513344517215,-0.09265509056742549,0.01477256417782089
60.72,-7.857330717632586,-0.1715061159314324,0.01476739457292475
60.730000000000004,-7.855362011266963,-0.25049706062558674,0.014763777338273377
60.74,-7.85260594331729,-0.3296201446189293,0.014761783008177425
60.75,-7.849059845901805,-0.408868269138608,0.014761400176884357
60.76,-7.844714815891939,-0.48823751800098164,0.014762171241930199
60.77,-7.83956959175198,-0.5677203991330317,0.014763970992931214
60.78,-7.8336243019639875,-0.6473087498151008,0.014766748021216893
60.79,-7.8268790750100115,-0.726994407327701,0.014770450918116731
60.800000000000004,-7.8193340393721,-0.8067692089513445,0.014775028274960227
60.81,-7.810989323532315,-0.8866249919663733,0.01478042868307687
60.82,-7.801845055972706,-0.9665535936533,0.014786600733796156
60.83,-7.791901365175325,-1.0465468512925797,0.01479349301844758
60.84,-7.781158379622217,-1.1265966021647253,0.01480105412836064
60.85,-7.76961622779545,-1.2066946835500785,0.014809232654864824
60.86,-7.75727503817707,-1.2868329327291514,0.014817977189289629
60.870000000000005,-7.744134939249121,-1.3670031869824568,0.014827236322964557
60.88,-7.7301960594936725,-1.4471972835903364,0.014836958647219088
60.89,-7.71545852739277,-1.5274070598333023,0.014847092753382723
60.9,-7.699922471428466,-1.6076243529918104,0.01485758723278496
60.910000000000004,-7.6835880200828015,-1.687841000346373,0.014868390676755298
60.92,-7.666455301837852,-1.7680488391773321,0.014879451676623218
60.93,-7.648516829047756,-1.8482417475639417,0.014890894217419163
60.94,-7.629765311861554,-1.9284137302870692,0.014902933704097194
60.95,-7.6102026769282975,-2.0085564207501307,0.014915625767267716
60.96,-7.589830858774599,-2.0886614502889516,0.01492902587931814
60.97,-7.568651791927031,-2.1687204502395288,0.014943189512635891
60.980000000000004,-7.546667410912161,-2.248725051937858,0.01495817213960841
60.99,-7.5238796502566085,-2.3286668867197657,0.014974029232623098
61.0,-7.500290444486942,-2.408537585921248,0.01499081626406739
61.01,-7.475901728129746,-2.488328780878244,0.015008588706328709
61.02,-7.450715435711589,-2.5680321029267503,0.015027402031794493
61.03,-7.424733501759092,-2.647639183402593,0.01504731171285214
61.04,-7.397957860798823,-2.7271416536417683,0.015068373221889086
61.050000000000004,-7.370390447357346,-2.806531144980272,0.015090642031292774
61.06,-7.342033195961288,-2.8857992887539305,0.015114173613450594
61.07,-7.312888041137214,-2.9649377162987403,0.015139023440749988
61.08,-7.282956917411708,-3.043938058950641,0.015165246985578378
61.09,-7.252241759311334,-3.122791948045627,0.015192899720323207
61.1,-7.220744501362723,-3.2014910149195273,0.015222037117371863
61.11,-7.188467078092437,-3.2800268909083368,0.01525271464911179
61.120000000000005,-7.1554114240270374,-3.35839120734805,0.01528498778793043
61.13,-7.121579473693157,-3.436575595574496,0.015318912006215168
61.14,-7.086973161617359,-3.514571686923669,0.015354542776353446
61.15,-7.051585719587477,-3.5923719057696144,0.015391755031957784
61.160000000000004,-7.015407190552005,-3.669969240374005,0.015430281286296433
61.17,-6.978441403923767,-3.74735560716689,0.015470088578058093
61.18,-6.94069232393606,-3.8245229112045775,0.01551114648839197
61.19,-6.902163914822206,-3.9014630575433236,0.015553424598447245
61.2,-6.862860140815501,-3.9781679512394374,0.01559689248937313
61.21,-6.822784966149323,-4.054629497349064,0.015641519742318744
61.22,-6.781942355056966,-4.130839600928514,0.015687275938433297
61.230000000000004,-6.7403362717717235,-4.206790167034095,0.015734130658866
61.24,-6.6979706805269785,-4.282473100721954,0.01578205348476597
61.25,-6.654849545556024,-4.3578803070484,0.01583101399728242
61.26,-6.610976831092182,-4.433003691069687,0.015880981777564532
61.27,-6.566356501368743,-4.507835157842125,0.01593192640676152
61.28,-6.520992520619094,-4.58236661242186,0.01598381746602249
61.29,-6.474888853076528,-4.656589959865201,0.01603662453649666
61.300000000000004,-6.4280494629743306,-4.730497105228456,0.01609031719933325
61.31,-6.380478314545893,-4.804079953567774,0.016144865035681362
61.32,-6.332179372024505,-4.877330409939462,0.016200237626690216
61.33,-6.28315659964349,-4.950240379399776,0.01625640455350899
61.34,-6.233413961636134,-5.022801767005021,0.01631333539728691
61.35,-6.18295542223583,-5.095006477811348,0.016370999739173067
61.36,-6.131784945675867,-5.166846416875066,0.016429367160316687
61.370000000000005,-6.079906496189531,-5.238313489252479,0.01648840724186699
61.38,-6.0273240380102155,-5.30939959999974,0.016548089564973074
61.39,-5.974039994133465,-5.380096601365089,0.016608408457820228
61.4,-5.920047033387636,-5.450396223577527,0.016669577633059544
61.410000000000004,-5.8653479149350884,-5.52029091048019,0.016731757606125178
61.42,-5.809947909631271,-5.589773223650932,0.016795077932779727
61.43,-5.753852288331516,-5.658835724667755,0.01685966816878593
61.44,-5.697066321891197,-5.727470975108612,0.016925657869906484
61.45,-5.639595281165643,-5.795671536551503,0.016993176591904132
61.46,-5.5814444370103065,-5.863429970574284,0.017062353890541466
61.47,-5.52261906028052,-5.930738838754957,0.017133319321581235
61.480000000000004,-5.463124421831611,-5.997590702671521,0.017206202440786182
61.49,-5.402965792519036,-6.063978123901833,0.017281132803918894
61.5,-5.342148443198125,-6.1298936640238955,0.01735823996674212
61.51,-5.28067764472425,-6.195329884615659,0.017437653485018557
61.52,-5.218558667952736,-6.260279347255122,0.01751950291451095
61.53,-5.155796783739044,-6.324734613520146,0.017603917810981883
61.54,-5.092397262938502,-6.388688244988729,0.017691027730194105
61.550000000000004,-5.028365376406436,-6.452132803238868,0.017780962227910372
61.56,-4.963705963146534,-6.515060687283336,0.017873770382838054
61.57,-4.898416962466145,-6.577461784042328,0.017968154502797925
61.58,-4.832501940268704,-6.639328297899967,0.01806372270807727
61.59,-4.765967387004358,-6.700653560960336,0.018160608927880934
61.6,-4.698819793123395,-6.761430905327391,0.018258947091413555
61.61,-4.63106564907596,-6.821653663105217,0.018358871127879976
61.620000000000005,-4.562711445312198,-6.881315166397899,0.018460514966485056
61.63,-4.4937636722824,-6.940408747309394,0.01856401253643342
61.64,-4.42422882043671,-6.998927737943786,0.01866949776692992
61.65,-4.354113380225322,-7.056865470405118,0.018777104587179336
61.660000000000004,-4.283423842098379,-7.114215276797471,0.01888696692638652
61.67,-4.2121666965061735,-7.170970489224807,0.018999218713756098
61.68,-4.140348433898849,-7.227124439791208,0.019113993878492924
61.690000000000005,-4.067975544726548,-7.282670460600754,0.019231426349801854
61.7,-3.9950545194395657,-7.3376018837574115,0.019351650056887507
61.71,-3.9215918484880445,-7.391912041365258,0.019474798928954738
61.72,-3.8475940223221783,-7.445594265528339,0.019601006895208325
61.730000000000004,-3.7730674538652833,-7.4986418398063615,0.019730393279017003
61.74,-3.6980123414528143,-7.551044228180074,0.019861879084514606
61.75,-3.622431980447976,-7.602793061083048,0.019994881690773937
61.76,-3.5463339854513714,-7.653882717805113,0.020129615222651814
61.77,-3.4697259710635486,-7.704307577636131,0.020266293805005164
61.78,-3.3926155518852195,-7.7540620198658585,0.020405131562690623
61.79,-3.315010342516933,-7.803140423784159,0.020546342620565105
61.800000000000004,-3.2369179575592364,-7.851537168680894,0.020690141103485545
61.81,-3.158346011612843,-7.899246633845823,0.020836741136308564
61.82,-3.079302119278301,-7.946263198568808,0.020986356843891087
61.83,-2.999793895156214,-7.992581242139675,0.02113920235108994
61.84,-2.9198289538471265,-8.038195143848286,0.021295491782762067
61.85,-2.8394149099517563,-8.083099282984403,0.021455439263764062
61.86,-2.7585593780706485,-8.127288038837888,0.021619258918952867
61.870000000000005,-2.67726997280435,-8.170755790698594,0.021787164873185428
61.88,-2.5955543087535773,-8.213496917856293,0.021959371251318333
61.89,-2.5134200005188774,-8.25550579960084,0.02213609217820852
61.9,-2.4308746627008513,-8.296776815222065,0.022317541778712823
61.910000000000004,-2.347925907704278,-8.337304341941383,0.02250393350364702
61.92,-2.2645764707820533,-8.377078237529268,0.02269394905665657
61.93,-2.1808301004876567,-8.416089601399474,0.02288644856896548
61.940000000000005,-2.0966953231681886,-8.454334102468557,0.023081727059222606
61.95,-2.0121806651709275,-8.491807409652997,0.023280079546076398
61.96,-1.9272946528429742,-8.52850519186935,0.023481801048175713
61.97,-1.842045812531488,-8.564423118034144,0.023687186584169274
61.980000000000004,-1.7564426705835676,-8.599556857063938,0.02389653117270595
61.99,-1.6704937533464945,-8.63390207787521,0.024110129832434168
62.0,-1.5842075871673682,-8.667454449384513,0.024328277582002792
62.01,-1.4975926983933476,-8.700209640508382,0.024551269440060548
62.02,-1.4106576133715314,-8.732163320163368,0.02477940042525632
62.03,-1.3234108584492026,-8.763311157265953,0.025012965556238505
62.04,-1.2358609599734585,-8.793648820732693,0.025252259851655984
62.050000000000004,-1.1480164442913972,-8.82317197948014,0.025497578330157658
62.06,-1.0598858377503029,-8.85187630242478,0.025749216010391894
62.07,-0.9714776666972729,-8.879757458483166,0.02600746791100759
62.08,-0.8828004574794672,-8.906811116571825,0.026272629050653466
62.09,-0.7938627364439819,-8.93303294560731,0.02654499444797844
62.1,-0.7046703370310831,-8.958414975040178,0.02682362799439441
62.11,-0.6152285182447965,-8.98294878034746,0.02710721890263544
62.120000000000005,-0.5255463504160901,-9.006631288360655,0.027396129184036142
62.13,-0.43563292334904263,-9.029459452750267,0.027690729571207554
62.14,-0.34549732684754214,-9.051430227186842,0.027991390796761325
62.15,-0.25514865071554016,-9.072540565340917,0.028298483593308905
62.160000000000004,-0.16459598475692383,-9.092787420883038,0.028612378693461966
62.17,-0.0738484187757733,-9.112167747483712,0.02893344682983151
62.18,0.017084957424024272,-9.130678498813484,0.029262058735029208
62.190000000000005,0.1081950540385821,-9.148316628542903,0.02959858514166675
62.2,0.19947278126381884,-9.165079090342473,0.029943396782355105
62.21,0.29090904929584793,-9.180962837882745,0.030296864389705958
62.22,0.3824947683307176,-9.19596482483425,0.030659358696330755
62.230000000000004,0.4742208485645416,-9.210082004867534,0.031031250434841215
62.24,0.5660782001932385,-9.223311331653107,0.03141291033784826
62.25,0.6580581576711216,-9.235648765255453,0.031804459676687984
62.26,0.7501544393430977,-9.247084836234517,0.032204582788983735
62.27,0.842358138002554,-9.257616479894049,0.03261344915261146
62.28,0.9346597604420093,-9.267242024534303,0.033031568086419105
62.29,1.0270498134541788,-9.275959798455565,0.0334594489092555
62.300000000000004,1.119518803831778,-9.283768129958116,0.0338976009399695
62.31,1.2120572383673252,-9.290665347342216,0.034346533497409
62.32,1.3046556238535358,-9.296649778908149,0.034806755900422856
62.33,1.3973044670830599,-9.301719752956188,0.035278777467859596
62.34,1.4899942748486126,-9.305873597786611,0.03576310751856811
62.35,1.582715553942712,-9.309109641699687,0.03626025537139624
62.36,1.675458811158074,-9.311426212995691,0.03677073034519287
62.370000000000005,1.768214553287414,-9.312821639974903,0.0372950417588069
62.38,1.8609732871232498,-9.313294250937592,0.037833698931086124
62.39,1.9537255194582979,-9.312842374184036,0.03838721118087945
62.4,2.0464617571183026,-9.311464337867031,0.03895608780060946
62.410000000000004,2.1391737587910336,-9.309152975381735,0.03953985398016832
62.42,2.2318530977622135,-9.305902277699344,0.04013824419374427
62.43,2.324490041609887,-9.301712136200335,0.04075205063694957
62.440000000000005,2.417074857912098,-9.296582442265182,0.04138206550539653
62.45,2.5095978142466935,-9.290513087274368,0.04202908099469613
62.46,2.6020491781917174,-9.283503962608371,0.04269388930046064
62.47,2.694419217325148,-9.275554959647671,0.04337728261830193
62.480000000000004,2.7866981992250293,-9.266665969772736,0.04408005314383236
62.49,2.8788763914692086,-9.25683688436406,0.044802993072662785
62.5,2.97094406163573,-9.246067594802113,0.045546894600405556
62.51,3.0628914773025713,-9.234357992467375,0.04631254992267253
62.52,3.1547089060477767,-9.221707968740317,0.04710075123507613
62.53,3.246386615449194,-9.208117415001432,0.047912290733227086
62.54,3.337914873084867,-9.193586222631192,0.04874796061273782
62.550000000000004,3.429283946532838,-9.178114283010062,0.049608553069220795
62.56,3.520484103370957,-9.161701487518545,0.05049486029828665
62.57,3.611505732399295,-9.144346049698733,0.051407512695104136
62.58,3.7023397141624255,-9.126039714100603,0.052346703913202675
62.59,3.7929763572502004,-9.106782632030404,0.05331371029053652
62.6,3.88340587702889,-9.086576275997784,0.0543099527122016
62.61,3.9736184888649584,-9.065422118512355,0.055336852063295895
62.620000000000005,4.063604408124869,-9.043321632083726,0.05639582922891746
62.63,4.153353850174892,-9.020276289221552,0.05748830509416211
62.64,4.242857030381494,-8.99628756243544,0.058615700544127874
62.65,4.332104164111071,-8.971356924235014,0.05977943646391205
62.660000000000004,4.421085466730086,-8.945485847129879,0.06098093373861281
62.67,4.509791153604814,-8.918675803629695,0.062221613253325744
62.68,4.598211440101716,-8.89092826624407,0.063502895893149
62.690000000000005,4.686336541587255,-8.862244707482603,0.06482620254318082
62.7,4.774156673427704,-8.832626599854963,0.06619295408851664
62.71,4.861662050989526,-8.80207541587075,0.06760457141425467
62.72,4.948842889639121,-8.770592628039589,0.06906247540549222
62.730000000000004,5.035689232064026,-8.73817689809251,0.07056818625420033
62.74,5.1221909191928745,-8.704824234738506,0.07212401220813883
62.75,5.208338161790968,-8.67053721908929,0.07373263703776081
62.76,5.294121184178389,-8.63531866237986,0.07539674681766352
62.77,5.379530210675283,-8.599171375845188,0.07711902762244548
62.78,5.464555465601615,-8.562098170720327,0.07890216552670148
62.79,5.549187173277528,-8.524101858240252,0.08074884660503001
62.800000000000004,5.633415558023168,-8.485185249639933,0.0826617569320297
62.81,5.717230844158499,-8.445351156154425,0.08464358258229511
62.82,5.800623256003665,-8.404602389018699,0.0866970096304248
62.83,5.8835830178787525,-8.362941759467757,0.08882472415101605
62.84,5.966100354103902,-8.320372078736566,0.09102941221866773
62.85,6.048165488999082,-8.276896158060188,0.09331375990797394
62.86,6.129768097277272,-8.232513382933274,0.09568037439355945
62.870000000000005,6.210897589020747,-8.187222648253254,0.09813329780627111
62.88,6.291544099421343,-8.141028106416313,0.10067761418252552
62.89,6.371697768497849,-8.09393394227419,0.10331841126397767
62.9,6.451348736268995,-8.04594434067865,0.10606077679228085
62.910000000000004,6.530487142753571,-7.9970634864814345,0.1089097985090904
62.92,6.609103127970193,-7.94729556453438,0.11187056415605556
62.93,6.687186831937651,-7.896644759689222,0.11494816147483161
62.940000000000005,6.764728394674729,-7.845115256797694,0.11814767820707417
62.95,6.841717956200051,-7.792711240711641,0.12147420209443195
62.96,6.9181456565324,-7.739436896282794,0.12493282087856049
62.97,6.994001635690511,-7.685296408362925,0.12852862230111306
62.980000000000004,7.069276032293036,-7.630293952347033,0.1322666914476633
62.99,7.1439582770110395,-7.574429629349845,0.1361517404390067
63.0,7.218037659673063,-7.517705157823738,0.14019173681676497
63.01,7.291503943063283,-7.460126032242149,0.14439634292645542
63.02,7.36434688996593,-7.401697747078472,0.14877522111359845
63.03,7.436556263165079,-7.342425796806227,0.15333803372370514
63.04,7.508121825444958,-7.2823156758988095,0.15809444310229584
63.050000000000004,7.579033339589796,-7.221372878829611,0.16305411159489142
63.06,7.649280568383672,-7.159602900072158,0.16822670154700214
63.07,7.718853274610812,-7.09701123409984,0.17362187530414872
63.08,7.787741221055395,-7.033603375386095,0.1792492952118484
63.09,7.855934170501648,-6.969384818404315,0.1851186236156228
63.1,7.923421862945878,-6.90436053687675,0.19123910331969524
63.11,7.99019354509302,-6.838531429074942,0.19761889061575283
63.120000000000005,8.056238062233337,-6.7719029462401785,0.20427399954033706
63.13,8.121544257950998,-6.70448187625522,0.2112219408741583
63.14,8.186100975830312,-6.636275007002685,0.21848022539794107
63.15,8.249897059455543,-6.567289126365242,0.22606636389240523
63.160000000000004,8.312921352410997,-6.497531022225509,0.23399786713827636
63.17,8.37516269828085,-6.427007482466251,0.24229224591626308
63.18,8.436609940649404,-6.355725294970085,0.2509670110070908
63.190000000000005,8.49725192310097,-6.283691247619629,0.2600396731914859
63.2,8.557077489219722,-6.210912128297651,0.26952774325015544
63.21,8.616075872502545,-6.13739280078234,0.27944525576794044
63.22,8.674235780763544,-6.0631367381697,0.289809196968423
63.230000000000004,8.731544315198418,-5.988151952773974,0.3006494010172768
63.24,8.787988538295508,-5.91244659555223,0.31199602436705126
63.25,8.843555512543276,-5.836028817461372,0.3238792234703187
63.26,8.898232300430145,-5.7589067694583616,0.336329154779644
63.27,8.952005964444576,-5.6810886025001,0.34937597474760146
63.28,9.004863567074912,-5.602582467543659,0.3630498398267373
63.29,9.056792170809619,-5.523396515545939,0.37738090646962547
63.300000000000004,9.10777883813715,-5.443538897463846,0.3923993311288417
63.31,9.157812429744709,-5.363014836215883,0.4081250225134803
63.32,9.206879869455893,-5.28183043104858,0.42459007022424766
63.33,9.254965148071763,-5.199995377425108,0.44184387083735216
63.34,9.3020522560603,-5.117519371269442,0.4599358228682945
63.35,9.348125183889389,-5.034412108505729,0.4789153248325364
63.36,9.393167922027013,-4.950683285057945,0.49883177524557787
63.370000000000005,9.437164460941151,-4.866342596850062,0.5197345726229216
63.38,9.48009879109969,-4.781399739806233,0.5416731154800252
63.39,9.521954902970615,-4.695864409850429,0.5646968023323906
63.4,9.562718974038244,-4.609744466286464,0.58884396175892
63.410000000000004,9.602378031063553,-4.523045921025466,0.6141498906750091
63.42,9.640911478051954,-4.435780101135931,0.640689683403732
63.43,9.678298396277702,-4.347958579564139,0.6685400959175838
63.440000000000005,9.714517867015049,-4.25959292925637,0.6977778841890637
63.45,9.749548971538166,-4.170694723159093,0.7284798041906081
63.46,9.783370791121307,-4.081275534218588,0.7607226118947149
63.47,9.815962407038695,-3.991346935381199,0.794583063273862
63.480000000000004,9.847302900564578,-3.9009204995932034,0.830137914300553
63.49,9.8773763387459,-3.810004911021932,0.8674401501509253
63.5,9.90616606084016,-3.7186082174802277,0.9065462685023469
63.51,9.933643965595436,-3.6267443172569154,0.9475673435748
63.52,9.959781785638445,-3.5344271985365876,0.9906152418653488
63.53,9.984551253595844,-3.4416708495040345,1.0358018298709655
63.54,10.007924102094353,-3.3484892583438484,1.083238974088713
63.550000000000004,10.029872063760683,-3.2548964132406213,1.1330385410156603
63.56,10.0503668712215,-3.1609063023791446,1.1853123971487702
63.57,10.069380527808555,-3.066532791878729,1.2401712138469092
63.58,10.086897719674663,-2.971783730271283,1.297667806220792
63.59,10.102889986310256,-2.8766719999735906,1.3579074545545582
63.6,10.117318874588896,-2.781214825701689,1.4210385358013333
63.61,10.130145931384188,-2.6854294321714125,1.487209426914371
63.620000000000005,10.141332703569725,-2.589333044098594,1.556568504846933
63.63,10.150840738019085,-2.492942886199272,1.6292641465521325
63.64,10.158631581605862,-2.39627618318928,1.7054447289832289
63.65,10.164666781203648,-2.2993501597845194,1.7852586290934338
63.660000000000004,10.168910791100217,-2.202180786752743,1.8688429144188416
63.67,10.171346489874425,-2.1047757898077384,1.9562521215564717
63.68,10.171929698223812,-2.007154015865079,2.047626089402545
63.690000000000005,10.170609596445495,-1.909337123958792,2.1431286021916534
63.7,10.167335364836589,-1.8113467731231134,2.2429234441581816
63.71,10.16205618369421,-1.713204622392071,2.347174399536717
63.72,10.154721233315472,-1.6149323307997614,2.4560452525617817
63.730000000000004,10.145279693997486,-1.5165515573802117,2.569699787467979
63.74,10.133680746037378,-1.4180839611676586,2.6883017884896687
63.75,10.1198760418058,-1.3195499146860548,2.8120090938852043
63.76,10.103842981574017,-1.2209566548451432,2.9408894249506035
63.77,10.08553090714428,-1.122326576215644,3.0750186859015303
63.78,10.064879007332678,-1.0236874215942273,3.2144903230114568
63.79,10.041826470955261,-0.925066933777352,3.3593977825541392
63.800000000000004,10.016312486828074,-0.826492855561478,3.509834510803349
63.81,9.988276243767217,-0.7279929297432748,3.6658939540325353
63.82,9.957656930588731,-0.6295948991192012,3.827669558515466
63.83,9.924393736108685,-0.5313265064857868,3.995254770525803
63.84,9.888425849143111,-0.4332154946394917,4.168743036337334
63.85,9.84969327954583,-0.33528827056960847,4.348230924181059
63.86,9.808150192526389,-0.23755472759241086,4.533777064002497
63.870000000000005,9.763748975219487,-0.1400420838405885,4.725230105761784
63.88,9.716438774264528,-0.042784629290591514,4.922401036492176
63.89,9.66616873630082,0.05418334608133779,5.125100843227336
63.9,9.612888007967705,0.15082755229888767,5.333140513000791
63.910000000000004,9.556545735904479,0.24711369938581473,5.546331032846224
63.92,9.49709106675056,0.3430074973656707,5.764483389796859
63.93,9.434473147145253,0.43847465626221227,5.987408570886375
63.940000000000005,9.368641123727846,0.5334808860991952,6.214917563148464
63.95,9.299544143137775,0.6279918969001729,6.446821353616329
63.96,9.227110295870117,0.721982451127153,6.682956047746907
63.97,9.151298102116838,0.8154275719436503,6.9228504981985965
63.980000000000004,9.072112089185397,0.9082902428090207,7.165821508176616
63.99,8.989556871879875,1.0005334189830444,7.411185585280446
64.0,8.90363706500418,1.0921200557256996,7.6582592371100855
64.01,8.814357283362215,1.1830131082969628,7.906358971265538
64.02,8.721722141758136,1.2731755319565536,8.154801295346104
64.03,8.62573625499565,1.36257028196464,8.402902716952314
64.04,8.526404237878847,1.4511603135810047,8.649979743683641
64.05,8.423730700078536,1.53890858203311,8.895348881212126
64.06,8.317665001375078,1.6257785658569421,9.138247457023816
64.07000000000001,8.20822225295827,1.7117375836276083,9.377707709880966
64.08,8.09550212206926,1.7967543283409182,9.612737159485171
64.09,7.979604275948706,1.8807974929930438,9.842343325539023
64.1,7.86062838183792,1.963835770579676,10.065533727743798
64.11,7.738674106977545,2.0458378540969817,10.281315885802055
64.12,7.613841118608728,2.1267724365407714,10.488697319415396
64.13,7.486229083972636,2.206608210906863,10.686685548285473
64.14,7.355937670309885,2.2853138701914135,10.874288092114773
64.15,7.223011497653302,2.3628471733568652,11.050339834001948
64.16,7.087524542570371,2.439170328270961,11.213803452052682
64.17,6.949659550654769,2.5142662650511913,11.364005554247761
64.18,6.809599882447518,2.5881180330593434,11.500274752158584
64.19,6.667528898489655,2.6607086816572116,11.621939657356622
64.2,6.523629959321607,2.7320212602068996,11.728328881413864
64.21000000000001,6.378086425484407,2.8020388180701996,11.818771035901765
64.22,6.2310816575190975,2.8707444046089123,11.892594732391869
64.23,6.082796935975661,2.938119042491856,11.949098068510011
64.24,5.933370185883659,3.0041029399047945,11.987121108550657
64.25,5.782978226175984,3.0686778200486304,12.006524788862821
64.26,5.631820431636431,3.1318479227574976,12.007568002257663
64.27,5.480096177048803,3.193617487865538,11.99050964154645
64.28,5.328004837196253,3.2539907552071545,11.955608599540357
64.29,5.175745786862582,3.3129719646164877,11.903123769050628
64.3,5.023518400831592,3.3705653559276842,11.8333140428886
64.31,4.871522053886435,3.426775168975136,11.746438313865307
64.32000000000001,4.719956120810914,3.4816056435929887,11.642755474792057
64.33,4.569022399806179,3.535057723504913,11.522514881367325
64.34,4.418936135627167,3.5870891216362755,11.386024670516154
64.35,4.269839954355167,3.6377003769887457,11.234129295033203
64.36,4.1218577061326975,3.6869104659317524,11.067778894449624
64.37,3.9751132411029144,3.7347383648345067,10.887923608297204
64.38,3.829730409408965,3.78120305006623,10.695513576107807
64.39,3.685833061193378,3.826323497996338,10.491498937412468
64.4,3.543545046599304,3.8701186849940488,10.276829831743035
64.41,3.4029902157698824,3.9126075874285884,10.052456398631417
64.42,3.264308811982683,3.953803152565685,9.81936141475466
64.43,3.127687799872406,3.9936903734385196,9.578687397737927
64.44,2.9931792707626297,4.032287155113434,9.331411747962447
64.45,2.860815389273204,4.069617547109374,9.078479529699207
64.46000000000001,2.7306283200245525,4.105705598945116,8.820835807220242
64.47,2.6026502276370875,4.140575360139446,8.559425644797615
64.48,2.476913276730677,4.174250880211297,8.295194106702276
64.49,2.3534496319259097,4.206756208679407,8.02908625720666
64.5,2.232291457842666,4.238115395062701,7.762047160581702
64.51,2.113487773334241,4.268348147049336,7.495075898302458
64.52,1.9970914694559663,4.2974646463278905,7.229093334155893
64.53,1.8830802214189875,4.325485534498106,6.964684516678972
64.54,1.7714277234408715,4.3524322126264074,6.7024189079689585
64.55,1.662107669739172,4.378326081779225,6.442865970123107
64.56,1.555093754530978,4.403188543023099,6.186595165237565
64.57000000000001,1.4503596720338465,4.4270409974244584,5.934175955409589
64.58,1.3478791164653217,4.449904846049738,5.686177802736416
64.59,1.2476255289279807,4.4718015646525116,5.443169290051852
64.6,1.1495451767563056,4.492758261798221,5.20556244183762
64.61,1.0535801251288217,4.512795641136451,4.9735554632733185
64.62,0.9596854127048913,4.531929066739111,4.747352238264479
64.63,0.8678160781438646,4.550173902678114,4.527156650716597
64.64,0.7779271601047015,4.567545513025451,4.313172584534238
64.65,0.6899736972467554,4.584059261853037,4.1056039236229065
64.66,0.6039107282293682,4.599730513232787,3.904654551888073
64.67,0.5196932917115165,4.614574631236686,3.710528353234356
64.68,0.4372764263525454,4.628606979936651,3.523429211567233
64.69,0.356568633705516,4.641850889813118,3.3432833662606627
64.7,0.2774350050378521,4.654334481308784,3.169630153090067
64.71000000000001,0.19983378210129996,4.666067756275053,3.0024594260706805
64.72,0.12372584162486555,4.677060235998847,2.8417753310992344
64.73,0.04907206033723199,4.687321441767135,2.6875820140717788
64.74,-0.0241666850324897,4.696860894866826,2.5398836208852593
64.75,-0.09602951775560808,4.705688116584885,2.3986842974357634
64.76,-0.1665555611031192,4.713812628208237,2.263988189620012
64.77,-0.2357839383460264,4.72124395102381,2.1357994433346903
64.78,-0.30379813415240187,4.727998290917669,2.0138358394199294
64.79,-0.3707465802287959,4.734100584182344,1.8973234679400501
64.8,-0.4366625550158226,4.739557384251582,1.786161050862838
64.81,-0.5015732475585147,4.744374301690799,1.6802848844430862
64.82000000000001,-0.5655058469016233,4.748556947065388,1.5796312649360642
64.83,-0.628487542089905,4.752110930940744,1.4841364885970134
64.84,-0.6905455221683843,4.75504186388228,1.3937368516807704
64.85,-0.7517069761817298,4.7573553564553865,1.3083686504427012
64.86,-0.8119993234015168,4.759057050359245,1.2279666255319228
64.87,-0.8715512082924727,4.760166114277612,1.151766143650348
64.88,-0.9304607245432082,4.760696998014936,1.079153045500883
64.89,-0.9887363757183698,4.760651903021579,1.0101058520556219
64.9,-1.0463866653823517,4.7600330307479,0.9446030842869702
64.91,-1.103420097099552,4.758842582644262,0.8826232631673131
64.92,-1.1598451744346117,4.757082760161023,0.8241449096687752
64.93,-1.2156704009519277,4.754755764748544,0.7691465447637464
64.94,-1.2709042802159007,4.751863797857189,0.7176066894245979
64.95,-1.3255553157911664,4.748409060937313,0.6695038646234833
64.96000000000001,-1.3796320112421243,4.744393755439277,0.6248165913327783
64.97,-1.4331429152727508,4.7398200882829915,0.5835230544895315
64.98,-1.4861803747325206,4.7347003935667376,0.5449696610182577
64.99,-1.5388264859763263,4.729045661816806,0.5085487695468955
65.0,-1.5910856335654182,4.72285744305648,0.47422401665561487
65.01,-1.6429622020608214,4.716137287309067,0.44195903892474275
65.02,-1.694460576023564,4.708886744597878,0.41171747293459426
65.03,-1.7455851400148925,4.701107364946192,0.3834629552653573
65.04,-1.796340278595834,4.692800698377319,0.35715912249734977
65.05,-1.8467303763274177,4.683968294914571,0.3327696112108787
65.06,-1.8967598177708873,4.674611704581224,0.31025805798614836
65.07000000000001,-1.9464670150222179,4.66473590807131,0.28931662018294624
65.08,-1.9958935501383424,4.654346274882604,0.2695989312679252
65.09,-2.0450393341732043,4.643444012324737,0.25108360872299945
65.1,-2.0939042106057797,4.632030320926727,0.23374980299238834
65.11,-2.142488022915323,4.620106401217528,0.21757666452020963
65.12,-2.1907906145808815,4.607673453726143,0.20254334375065547
65.13,-2.2388118290815022,4.594732678981577,0.1886289911279118
65.14,-2.2865515098964377,4.581285277512779,0.17581275709610578
65.15,-2.3340095005047354,4.567332449848755,0.1640737920994249
65.16,-2.3812047454352716,4.55287685985824,0.15323063142643487
65.17,-2.4281640446774766,4.53792192306835,0.14302961675179462
65.18,-2.4748846966951596,4.5224688957452965,0.13346102704534435
65.19,-2.5213637136422133,4.506519012710519,0.12451752871640359
65.2,-2.5675981076727292,4.490073508785387,0.11619178817425418
65.21000000000001,-2.6135848909406003,4.473133618791338,0.10847647182821649
65.22,-2.659321075599721,4.455700577549813,0.1013642460876075
65.23,-2.70480367380418,4.437775619882177,0.09484777736171426
65.24,-2.7500296977078076,4.4193599806098955,0.08891973205986256
65.25,-2.79499703613552,4.400454922841438,0.08356498934033389
65.26,-2.8397248923339293,4.381062491513956,0.07857800878032076
65.27,-2.88421883701372,4.361184534186272,0.07387153811994672
65.28,-2.928474389009522,4.340822611059999,0.0694471854662025
65.29,-2.972487067155775,4.319978282336833,0.06530655892609909
65.3,-3.01625239028692,4.298653108218474,0.061451266606645835
65.31,-3.0597658772375844,4.276848648906529,0.0578829166148359
65.32000000000001,-3.10302304684221,4.2545664646026955,0.054603117057679035
65.33,-3.1460194179352388,4.231808115508677,0.05161347604218338
65.34,-3.188750509351296,4.208575161826076,0.048915601675344554
65.35,-3.231211839924763,4.184869163756627,0.04651110206417428
65.36,-3.273399163560182,4.160691681028501,0.04439937610479177
65.37,-3.3153189185069403,4.13604433977038,0.04247921341937618
65.38,-3.3569729167816424,4.110929030209739,0.040692311359871496
65.39,-3.398357148788422,4.085347699153921,0.03903497901934045
65.4,-3.439467604931234,4.059302293410373,0.037503525490853486
65.41,-3.4803002756140367,4.032794759786547,0.03609425986748034
65.42,-3.52085115124096,4.005827045089779,0.034803491242284816
65.43,-3.561116222215962,3.978401096127522,0.033627528708336824
65.44,-3.601092402698721,3.95051861471431,0.032552750309899216
65.45,-3.6407779180945843,3.922181105998108,0.03155169232850894
65.46000000000001,-3.6801687507496292,3.89339081332859,0.030621247513858592
65.47,-3.71926077384002,3.864150012227158,0.02975948770534187
65.48,-3.7580498605420867,3.834460978215089,0.028964484742348844
65.49,-3.7965318840319378,3.8043259868138284,0.028234310464274298
65.5,-3.834702717485902,3.7737473135446504,0.027567036710508683
65.51,-3.8725583365835914,3.742727138907807,0.026959265352220606
65.52,-3.910096011987569,3.7112665711591566,0.02638956531377756
65.53,-3.947312039657025,3.679367899363533,0.025851646795976284
65.54,-3.9842022669327704,3.647033861895679,0.025345793796283936
65.55,-4.0207625411556185,3.6142671971303386,0.02487229031216749
65.56,-4.056988709666539,3.5810706434421182,0.02443142034109193
65.57000000000001,-4.092876619806345,3.5474469392057624,0.02402346788052427
65.58,-4.12842211891585,3.5133988227960176,0.023648716927931347
65.59,-4.163621054336021,3.478929032587486,0.023307451480778417
65.6,-4.198469273407623,3.4440403069549634,0.022999955536532772
65.61,-4.232962625700505,3.4087353797967195,0.02272646580004069
65.62,-4.267097585815328,3.373015921200796,0.022475064753274994
65.63,-4.3008706912473444,3.3368841472546533,0.022236390230681247
65.64,-4.334278076547377,3.300343230198898,0.022010479753192872
65.65,-4.367315876266107,3.26339634227429,0.021797370841744327
65.66,-4.39998022495422,3.2260466557215928,0.021597101017269985
65.67,-4.432267257162537,3.188297342781409,0.021409707800703382
65.68,-4.4641731074417415,3.1501515756945015,0.021235228712978914
65.69,-4.495693910342518,3.1116125267016344,0.0210737012750309
65.7,-4.526825800415686,3.0726833680434082,0.020925163007792996
65.71000000000001,-4.557564822052294,3.033366921050337,0.020788245555446467
65.72,-4.587906881718482,2.993665126324963,0.020657342027766753
65.73,-4.617848379825361,2.953581411877492,0.02053190642133228
65.74,-4.647385762821908,2.913119364256192,0.020411985268442952
65.75,-4.676515477157267,2.872282570009103,0.020297625101397973
65.76,-4.705233969280457,2.8310746156844355,0.020188872452497064
65.77,-4.733537685640498,2.7894990878304036,0.020085773854039916
65.78,-4.761423072686533,2.7475595729950433,0.019988375838325783
65.79,-4.788886576867581,2.7052596577265677,0.019896724937654358
65.8,-4.815924626157257,2.6626029000719686,0.019810826380390605
65.81,-4.842532688856817,2.6195913384494998,0.01972834130851538
65.82000000000001,-4.868706969122742,2.576228028534043,0.019647978211834123
65.83,-4.894444349278405,2.5325170504808927,0.019569851706155224
65.84,-4.919741711647294,2.488462484445159,0.019494076407286728
65.85,-4.944595938552748,2.444068410582199,0.019420766931037132
65.86,-4.969003912318249,2.399338909047121,0.019350037893214496
65.87,-4.992962515267176,2.35427805999522,0.019282003909627202
65.88,-5.0164686297229055,2.3088899435817947,0.019216779596083613
65.89,-5.039519138008918,2.2631786399619496,0.019154479568391822
65.9,-5.062110922448592,2.217148229290981,0.019095218442360198
65.91,-5.084240865365307,2.1708027917241894,0.01903911083379709
65.92,-5.105905773585862,2.1241463171594304,0.01898619970414411
65.93,-5.127101018103199,2.077181033086549,0.018935018804035964
65.94,-5.147823279477936,2.0299106191483083,0.018884982423581106
65.95,-5.168069957314934,1.982339598193245,0.018836134853033717
65.96000000000001,-5.187838451218963,1.934472493070097,0.018788520382648194
65.97,-5.207126160794796,1.886313826627604,0.018742183302678926
65.98,-5.225930485647289,1.8378681217143003,0.018697167903380107
65.99,-5.244248825381187,1.7891399011789944,0.01865351847500619
66.0,-5.262078579601345,1.7401336878702192,0.01861127930781138
66.01,-5.279417147912535,1.6908540046367144,0.018570494692050053
66.02,-5.2962619299195355,1.6413053743272217,0.0185312089179766
66.03,-5.312610325227192,1.5914923197902717,0.01849346627584523
66.04,-5.328459227026905,1.5414189458925842,0.01845723569227699
66.05,-5.343800512673331,1.4910851873115156,0.01842169819228406
66.06,-5.358630872594135,1.44049488969649,0.018386666574276837
66.07000000000001,-5.3729487286608855,1.3896533209647257,0.018352201947103262
66.08,-5.386752502745151,1.3385657490334435,0.01831836541961127
66.09,-5.4000406167185595,1.2872374418196453,0.018285218100648648
66.1,-5.412811492452661,1.2356736672406248,0.018252821099063385
66.11,-5.425063551819083,1.1838796932133824,0.01822123552370327
66.12,-5.436795216689392,1.1318607876551392,0.018190522483416238
66.13,-5.4480049089351645,1.0796222184831168,0.01816074308705022
66.14,-5.458691050428019,1.0271692536143142,0.018131958443453017
66.15,-5.468852063039529,0.9745071609659529,0.01810422966147256
66.16,-5.478486368641271,0.9216412084552558,0.018077617849956772
66.17,-5.487592389104858,0.8685766639992198,0.018052184117753466
66.18,-5.496168546301867,0.8153187955150678,0.018027989573710566
66.19,-5.504213262103874,0.761872870920023,0.018005095326675994
66.2,-5.5117249583824925,0.7082441581310811,0.01798356248549757
66.21000000000001,-5.518702057009298,0.6544379250654653,0.017963452159023213
66.22,-5.52514297985587,0.6004594396404,0.01794482545610084
66.23,-5.531046148793817,0.5463139697728792,0.01792774348557828
66.24,-5.536409985694711,0.4920067833802042,0.017912267356303472
66.25,-5.5412329124301545,0.43754314837936814,0.01789845817712426
66.26,-5.545513172091276,0.38292821276361894,0.017886366952606467
66.27,-5.549242104471695,0.3281624090960119,0.01787561414296292
66.28,-5.552415361958448,0.2732488218523955,0.017865949172082625
66.29,-5.5550325998080625,0.21819317914675163,0.017857327954292405
66.3,-5.55709347327707,0.16300120909306257,0.017849706403919086
66.31,-5.55859763762201,0.10767863980507564,0.017843040435289458
66.32000000000001,-5.559544748099414,0.052231199396772954,0.017837285962730345
66.33,-5.559934459965814,-0.003335384017862375,0.017832398900568567
66.34,-5.559766428477746,-0.05901538232508419,0.017828335163130923
66.35,-5.559040308891744,-0.11480306741083035,0.017825050664744237
66.36,-5.5577557564643385,-0.17069271116135565,0.01782250131973531
66.37,-5.555912426452064,-0.22667858546267639,0.017820643042430962
66.38,-5.55350997411146,-0.28275496220080953,0.01781943174715801
66.39,-5.5505480546990515,-0.3389161132620099,0.017818823348243255
66.4,-5.547026323471376,-0.39515631053229405,0.01781877376001352
66.41,-5.542944435684973,-0.4514698258976779,0.01781923889679561
66.42,-5.538302046596365,-0.5078509312444178,0.017820174672916345
66.43,-5.533098811462091,-0.5642938984585295,0.017821537002702535
66.44,-5.527334385538693,-0.6207929994260288,0.01782328180048099
66.45,-5.521008424082688,-0.6773425060331721,0.017825364980578528
66.46000000000001,-5.514120582350619,-0.7339366901659758,0.017827742457321955
66.47,-5.50667051559903,-0.7905698237104546,0.017830370145038087
66.48,-5.4986578790844325,-0.8472361785528659,0.017833203958053736
66.49,-5.490076742352049,-0.9039324351986587,0.017836502265182293
66.5,-5.4809219292749285,-0.9606551792292333,0.017840578290373166
66.51,-5.471194285623286,-1.017398515280357,0.01784546727869589
66.52,-5.460894657184066,-1.0741565479807524,0.017851204474383396
66.53,-5.4500238897441715,-1.1309233819593827,0.01785782512166864
66.54,-5.438582829090546,-1.1876931218449704,0.017865364464784567
66.55,-5.426572321010136,-1.2444598722662379,0.017873857747964093
66.56,-5.4139932112898395,-1.3012177378521483,0.01788334021544019
66.57000000000001,-5.400846345716603,-1.3579608232314244,0.017893847111445788
66.58,-5.387132570077376,-1.4146832330327879,0.017905413680213814
66.59,-5.3728527301590505,-1.4713790718852024,0.017918075165977237
66.6,-5.358007671748596,-1.5280424444173104,0.017931866812968968
66.61,-5.342598240632902,-1.5846674552580746,0.017946823865421988
66.62,-5.326625282598918,-1.6412482090362177,0.017962981567569217
66.63,-5.310089643433599,-1.6977788103804619,0.017980375163643574
66.64,-5.2929921689238295,-1.7542533639197708,0.017999039897878048
66.65,-5.2753337048565605,-1.8106659742828666,0.018019011014505558
66.66,-5.257115097018749,-1.8670107460984717,0.018040323757759016
66.67,-5.2383371911972745,-1.9232817839955487,0.018063013371871425
66.68,-5.219000833179092,-1.979473192602821,0.018087115101075694
66.69,-5.199103899024832,-2.0355795096865745,0.01811260290229659
66.7,-5.178635833108318,-2.0915966153533594,0.018139242112207864
66.71000000000001,-5.157597686513961,-2.147518840090365,0.01816699355927217
66.72,-5.135991832170559,-2.203340328475142,0.018195843235072392
66.73,-5.113820643006817,-2.2590552250854787,0.018225777131191542
66.74,-5.091086491951566,-2.314657674498847,0.018256781239212462
66.75,-5.067791751933509,-2.3701418212930347,0.018288841550718173
66.76,-5.043938795881445,-2.4255018100455925,0.018321944057291557
66.77,-5.019529996724177,-2.4807317853340716,0.018356074750515494
66.78,-4.994567727390403,-2.5358258917362595,0.01839121962197301
66.79,-4.969054360808924,-2.590778273829707,0.01842736466324699
66.8,-4.942992269908545,-2.6455830761919663,0.01846449586592031
66.81,-4.91638382761796,-2.700234443400823,0.018502599221575995
66.82000000000001,-4.889231406865971,-2.7547265200338296,0.018541660721796933
66.83,-4.861537380581387,-2.809053450668538,0.01858166635816599
66.84,-4.833304121692898,-2.8632093798827327,0.01862260212226621
66.85,-4.804534003129348,-2.91718845225389,0.018664454005680405
66.86,-4.775229397819425,-2.970984812359793,0.018707207999991624
66.87,-4.745392678691936,-3.0245926047779945,0.018750850096782734
66.88,-4.715026218675693,-3.078005974086049,0.018795366287636606
66.89,-4.684132390699376,-3.131219064861738,0.01884074256413629
66.9,-4.652713567691795,-3.1842260216826155,0.01888696491786466
66.91,-4.620772122581765,-3.2370209891262363,0.01893401934040457
66.92,-4.5883104282979605,-3.2895981117703803,0.01898189182333908
66.93,-4.555330857769194,-3.341951534192603,0.019030568358251065
66.94,-4.521835783924282,-3.3940754009704586,0.01908003493672337
66.95,-4.487823778011442,-3.4459638108857824,0.019130266918711506
66.96000000000001,-4.453285912668054,-3.497610994005609,0.019181257541721435
66.97,-4.418224995823505,-3.549011564712717,0.01923307544932481
66.98,-4.382644723432035,-3.600160156306077,0.0192857932091823
66.99,-4.346548791448092,-3.6510514020843674,0.019339483388954262
67.0,-4.309940895825917,-3.701679935346556,0.019394218556301374
67.01,-4.272824732519902,-3.752040389391395,0.01945007127888407
67.02,-4.235203997484446,-3.8021273975176375,0.019507114124362793
67.03,-4.197082386673788,-3.851935593024249,0.019565419660398212
67.04,-4.158463596042322,-3.9014596092099825,0.01962506045465077
67.05,-4.119351321544449,-3.9506940793735916,0.019686109074780897
67.06,-4.079749259134402,-3.9996336368140404,0.019748638088449275
67.07000000000001,-4.039661104766578,-4.048272914830083,0.01981272006331634
67.08,-3.999090554395381,-4.096606546720475,0.01987842756704251
67.09,-3.9580413039750386,-4.144629165784176,0.019945833167288495
67.1,-3.916517049460011,-4.192335405319875,0.020015009431714616
67.11,-3.8745214868045244,-4.239719898626531,0.020086028927981583
67.12,-3.832058311962981,-4.286777279002901,0.020158964223749822
67.13,-3.7891312208897863,-4.33350217974774,0.020233887886679732
67.14,-3.7457439095391614,-4.379889234160007,0.020310872484432054
67.15,-3.7019000738655112,-4.42593307553846,0.02038999058466719
67.16,-3.657603409823243,-4.471628337181855,0.02047131475504554
67.17,-3.6128576133665735,-4.5169696523891485,0.02055491756322786
67.18,-3.5676663415631333,-4.5619516422331206,0.020640867488882154
67.19,-3.522025030131923,-4.606566421573121,0.020728347883883377
67.2,-3.4759319438408403,-4.650807267463398,0.020816767115697344
67.21000000000001,-3.4293919630667924,-4.694669595765083,0.0209062133977733
67.22,-3.3824099681866895,-4.73814882233931,0.020996774943560483
67.23,-3.334990839577241,-4.781240363047399,0.021088539966508522
67.24,-3.2871394576154254,-4.823939633750423,0.02118159668006652
67.25,-3.2388607026779495,-4.866242050309698,0.021276033297684113
67.26,-3.1901594551417243,-4.908143028586361,0.021371938032810543
67.27,-3.1410405953836626,-4.949637984441547,0.02146939909889503
67.28,-3.0915090037804687,-4.990722333736571,0.021568504709387225
67.29,-3.041569560709054,-5.031391492332568,0.02166934307773636
67.3,-2.9912271465463345,-5.071640876090679,0.021772002417391655
67.31,-2.9404866416690094,-5.111465900872211,0.02187657094180277
67.32000000000001,-2.8893529264539937,-5.150861982538306,0.021983136864418933
67.33,-2.8378308812782036,-5.189824536950101,0.02209178839868935
67.34,-2.7859253865183367,-5.228348979968905,0.022202613758063705
67.35,-2.7336413225513825,-5.266430727455803,0.022315701155991047
67.36,-2.680983569754036,-5.304065195272099,0.02243113880592107
67.37,-2.627957008503214,-5.341247799278936,0.02254901492130298
67.38,-2.5745665191758365,-5.377973955337455,0.022669417715585977
67.39,-2.5208169821485944,-5.414239079308959,0.022792435402219768
67.4,-2.466713277798406,-5.450038587054588,0.022918156194653552
67.41,-2.412260286502193,-5.485367894435491,0.023046668306336518
67.42,-2.357461626712851,-5.5202216718481205,0.023177874495110277
67.43,-2.302313819947349,-5.554590570371126,0.02331061147888949
67.44,-2.246820911836127,-5.588469972454055,0.023444783566640055
67.45,-2.190988630566984,-5.621856277333807,0.0235805392985174
67.46000000000001,-2.134822704327954,-5.6547458842471325,0.02371802721467639
67.47,-2.078328861307074,-5.687135192430788,0.02385739585527188
67.48,-2.0215128296921403,-5.719020601121668,0.023998793760459318
67.49,-1.9643803376712703,-5.750398509556483,0.024142369470393353
67.5,-1.906937113432258,-5.781265316972122,0.02428827152522944
67.51,-1.8491888851631406,-5.811617422605343,0.024436648465122435
67.52,-1.7911413810519572,-5.8414512256929045,0.024587648830227172
67.53,-1.732800329286499,-5.870763125471694,0.02474142116069913
67.54,-1.674171458054805,-5.899549521178468,0.02489811399669315
67.55,-1.615260495544915,-5.92780681204999,0.02505787587836406
67.56,-1.556073169944618,-5.955531397323141,0.025220855345867352
67.57000000000001,-1.4966152094419538,-5.982719676234681,0.025387200939357868
67.58,-1.4368923422249635,-6.009368048021376,0.02555706119899041
67.59,-1.3769102964814344,-6.035472911920101,0.02573058466492051
67.6,-1.3166748003994924,-6.061030667167584,0.025907919877302732
67.61,-1.2561915821669232,-6.086037713000699,0.026089215376292628
67.62,-1.1954663699717685,-6.11049044865621,0.026274619702045
67.63,-1.1345041721883482,-6.134384491490121,0.02646408132590154
67.64,-1.0733045891548747,-6.157709735773224,0.026656005431466383
67.65,-1.0118724710276552,-6.180462056818472,0.0268501824302785
67.66,-0.9502141908619812,-6.202639010585468,0.027046819000385698
67.67,-0.8883361217128815,-6.224238153033909,0.027246121819836634
67.68,-0.8262446366356473,-6.2452570401233976,0.027448297566679124
67.69,-0.7639461086855717,-6.265693227813539,0.027653552918960964
67.7,-0.7014469109176811,-6.285544272064027,0.027862094554730835
67.71000000000001,-0.6387534163872681,-6.304807728834465,0.028074129152036536
67.72,-0.575871998149626,-6.323481154084461,0.028289863388925855
67.73,-0.5128090292597802,-6.341562103773703,0.0285095039434475
67.74,-0.44957088277311397,-6.359048133861774,0.028733257493648936
67.75,-0.38616393174465147,-6.375936800308358,0.028961330717578896
67.76,-0.322594549229686,-6.392225659073063,0.02919393029328516
67.77,-0.2588691082835127,-6.407912266115501,0.029431262898815473
67.78,-0.19499398196115436,-6.422994177395353,0.02967353521221861
67.79,-0.13097554331790495,-6.437468948872229,0.02992095391154233
67.8,-0.0668201654090601,-6.451334136505745,0.030173725674834367
67.81,-0.002534221289641536,-6.464587296255573,0.030432057180143524
67.82000000000001,0.06187591598505615,-6.477225984081328,0.030696155105517545
67.83,0.1264038733597368,-6.489247755942628,0.030966226129004137
67.84,0.19104363284908205,-6.500649537661203,0.031242318047132362
67.85,0.2557928494126495,-6.511421917802349,0.03152280312909879
67.86,0.3206460080165672,-6.521561481199664,0.03180740660800108
67.87,0.3855963837647621,-6.531067001085862,0.0320963877927206
67.88,0.45063725176116065,-6.539937250693661,0.03239000599213867
67.89,0.5157618871099667,-6.548171003255813,0.032688520515137875
67.9,0.5809635649151068,-6.555767032005038,0.03299219067059955
67.91,0.6462355602805071,-6.562724110174052,0.033301275767405
67.92,0.7115711483103722,-6.569041010995607,0.03361603511443685
67.93,0.7769636041086281,-6.574716507702422,0.03393672802057642
67.94,0.8424062027792008,-6.579749373527218,0.03426361379470498
67.95,0.9078922194262952,-6.584138381702739,0.03459695174570522
67.96000000000001,0.9734149291538373,-6.587882305461708,0.03493700118245842
67.97,1.038967607065753,-6.590979918036849,0.03528402141384583
67.98,1.1045435282662477,-6.593429992660901,0.03563827174875019
67.99,1.1701359678591536,-6.595231302566585,0.03600001149605224
68.0,1.2357382009486761,-6.596382620986637,0.03636949996463476
68.01,1.3013435026387414,-6.596882721153784,0.03674699646337898
68.02,1.3669451480332748,-6.596730376300754,0.0371327603011661
68.03,1.4325364215749175,-6.595924324230081,0.037527043889821456
68.04,1.498112279900762,-6.594457108326986,0.037928859474745544
68.05,1.5636671407453446,-6.592323829941394,0.038337599719543876
68.06,1.629194136576887,-6.589524575924979,0.03875360280049491
68.07000000000001,1.6946863998633308,-6.586059433129422,0.03917720689387537
68.08,1.7601370630726187,-6.58192848840641,0.03960875017596191
68.09,1.8255392586729715,-6.577131828607612,0.04004857082303306
68.1,1.8908861191322388,-6.571669540584721,0.040497007011364855
68.11,1.9561707769186412,-6.5655417111894,0.040954396917235875
68.12,2.021386364500121,-6.558748427273339,0.041421078716922764
68.13,2.0865260143446207,-6.551289775688226,0.04189739058670214
68.14,2.1515828589203605,-6.543165843285722,0.04238367070285265
68.15,2.2165500306952834,-6.5343767169175155,0.042880257241650906
68.16,2.2814206621373327,-6.524922483435302,0.04338748837937348
68.17,2.346187885714727,-6.514803229690732,0.043905702292299106
68.18,2.4108448338954096,-6.5040190425355,0.04443523715670435
68.19,2.4753846391473244,-6.4925700088213025,0.04497643114886575
68.2,2.5398004339386895,-6.480456215399787,0.04552962244506212
68.21000000000001,2.6040853507374484,-6.4676777491226485,0.046095149221569987
68.22,2.668232522011545,-6.454234696841588,0.046673349654665824
68.23,2.732235193696916,-6.440124731830311,0.047264237488321086
68.24,2.796086979758922,-6.425339190030709,0.04786695087737977
68.25,2.8597811488583345,-6.409878602682498,0.04848183456152635
68.26,2.923310927907674,-6.393744473204515,0.04910936262124004
68.27,2.9866695438194633,-6.376938305015599,0.04975000913700002
68.28,3.0498502235064953,-6.359461601534519,0.05040424818928818
68.29,3.112846193881291,-6.341315866180111,0.0510725538585837
68.3,3.175650681856374,-6.322502602371218,0.051755400225365664
68.31,3.2382569143445346,-6.303023313526602,0.052453261370116105
68.32000000000001,3.300658118258296,-6.282879503065105,0.05316661137331414
68.33,3.3628475205101824,-6.26207267440557,0.05389592431543879
68.34,3.424818348012982,-6.240604330966756,0.054641674276972224
68.35000000000001,3.486563827679219,-6.218475976167505,0.05540433533839348
68.36,3.548077186421418,-6.195689113426665,0.056184381580181526
68.37,3.6093516511523664,-6.172245246162987,0.05698228708281865
68.38,3.6703804487845018,-6.148145877795352,0.05779852592678266
68.39,3.73115680623061,-6.123392511742509,0.058633572192555966
68.4,3.791673950403217,-6.097986651423303,0.059487899960617485
68.41,3.8519251082148482,-6.07192980025659,0.06036198331144605
68.42,3.9119035065782883,-6.045223461661109,0.06125629632552422
68.43,3.971602073160068,-6.017867063989689,0.06217119801727593
68.44,4.031012713813652,-5.989852598625302,0.0631067068602734
68.45,4.090128782117534,-5.961181603650844,0.06406347136896709
68.46000000000001,4.148943835812784,-5.93185700401175,0.06504222286437113
68.47,4.207451432640472,-5.90188172465346,0.06604369266749954
68.48,4.265645130341918,-5.8712586905212865,0.06706861209937066
68.49,4.3235184866581085,-5.8399908265607126,0.06811771248099703
68.5,4.381065059330362,-5.808081057717046,0.06919172513339711
68.51,4.438278406099751,-5.775532308935729,0.07029138137758487
68.52,4.495152084707346,-5.742347505162204,0.07141741253457419
68.53,4.551679652894464,-5.708529571341775,0.07257054992538371
68.54,4.607854668402176,-5.674081432419886,0.07375152487102735
68.55,4.663670688971557,-5.639006013341982,0.07496106869251881
68.56,4.719121272343919,-5.603306239053363,0.07619991271087703
68.57000000000001,4.774199976260335,-5.5669850344994725,0.07746878824711574
68.58,4.828900358461882,-5.530045324625762,0.07876842662224856
68.59,4.883215976689868,-5.492490034377523,0.08009955915729466
68.60000000000001,4.9371403886853695,-5.454322088700204,0.08146291717326767
68.61,4.990667152189463,-5.4155444125392584,0.08285923199118106
68.62,5.043789824943454,-5.376159930839972,0.08428923493205427
68.63,5.096500873016686,-5.336168234953845,0.08575377744278859
68.64,5.148791100582365,-5.295563752593665,0.08725414580119117
68.65,5.200654386930228,-5.2543502120865115,0.08879154262904475
68.66,5.252084790465349,-5.212531886277989,0.09036715776048075
68.67,5.303076369593019,-5.1701130480135244,0.09198218102963739
68.68,5.3536231827183105,-5.127097970138722,0.09363780227064619
68.69,5.403719288246297,-5.08349092549919,0.09533521131763843
68.7,5.453358744582266,-5.039296186940348,0.09707559800475268
68.71000000000001,5.502535610131293,-4.994518027307805,0.09886015216612026
68.72,5.551243943298453,-4.949160719447171,0.1006900636358723
68.73,5.59947780248903,-4.903228536203861,0.10256652224814769
68.74,5.647231246108032,-4.8567257504235535,0.10449071783707485
68.75,5.694498332560741,-4.809656634951659,0.10646384023679298
68.76,5.741273120252234,-4.7620254626337895,0.10848707928143309
68.77,5.78754966758759,-4.71383650631556,0.11056162480512592
68.78,5.833322032972086,-4.665094038842378,0.11268866664201112
68.79,5.878584274810803,-4.615802333059857,0.11486939462621948
68.8,5.9233304515088205,-4.565965661813615,0.11710499859188155
68.81,5.967554621471413,-4.515588297949053,0.1193966683731374
68.82000000000001,6.011249848373922,-4.4646725375684095,0.12174582925093595
68.83,6.05440593666585,-4.413214226209645,0.12415500885572793
68.84,6.097016969693229,-4.361217747878254,0.12662616841328456
68.85000000000001,6.139077597274605,-4.308688614206448,0.12916115932948272
68.86,6.18058246922853,-4.255632336826437,0.1317618330101989
68.87,6.221526235373729,-4.202054427370206,0.13443004086132074
68.88,6.261903545528696,-4.147960397470045,0.13716763428872092
68.89,6.301709049512153,-4.093355758757933,0.13997646469828748
68.9,6.340937397142652,-4.038246022866084,0.1428583834958968
68.91,6.379583238238748,-3.982636701426714,0.14581524208742488
68.92,6.417641222619158,-3.9265333060717995,0.14884889187876038
68.93,6.455106000102436,-3.8699413484335556,0.1519611842757794
68.94,6.49197222050714,-3.812866340144199,0.1551539706843576
68.95,6.5282345336519825,-3.755313792835704,0.1584291025103843
68.96000000000001,6.563887589355519,-3.697289218140287,0.16178843115973526
68.97,6.59892603743631,-3.6387981276901673,0.1652338080382858
68.98,6.633344527713064,-3.579846033117314,0.16876708455192596
68.99,6.66713771000429,-3.5204384460540314,0.17239011210652588
69.0,6.700299959781842,-3.460580471831757,0.17610481873839354
69.01,6.732820870705249,-3.4002701807158204,0.17991467721902954
69.02,6.764693694083907,-3.339511171303736,0.18382263792753392
69.03,6.795913737055634,-3.278310102215274,0.18783114597364367
69.04,6.826476306758111,-3.2166736320704636,0.19194264646707912
69.05,6.856376710329025,-3.1546084194893362,0.19615958451756005
69.06,6.885610254906187,-3.0921211230916583,0.2004844052348243
69.07000000000001,6.914172247627282,-3.029218401497461,0.20491955372859177
69.08,6.942057995629999,-2.9659069133267773,0.20946747510858182
69.09,6.969262806052144,-2.902193317199371,0.21413061448453316
69.10000000000001,6.995781986031404,-2.8380842717352737,0.21891141696616528
69.11,7.021610842705471,-2.7735864355545212,0.22381232766319697
69.12,7.046744683212145,-2.7087064672768735,0.22883579168536802
69.13,7.071178814689083,-2.6434510255224573,0.23398425414238996
69.14,7.094908544274081,-2.5778267689110304,0.2392601601440033
69.15,7.1179291791048325,-2.5118403560626286,0.24466595479992664
69.16,7.140236026319032,-2.4454984455972886,0.25020408321987786
69.17,7.161824393054473,-2.378807696134766,0.2558769905135985
69.18,7.182688829664167,-2.311773910142209,0.26168742097942715
69.19,7.202817834905412,-2.244396084508687,0.26764048347479674
69.2,7.22220578603024,-2.176679943111845,0.27373891021737196
69.21000000000001,7.240848853638401,-2.108633246204038,0.27998471925145274
69.22,7.25874320832965,-2.0402637540376243,0.286379928621338
69.23,7.275885020703819,-1.9715792268646706,0.29292655637135406
69.24,7.292270461360639,-1.9025874249376329,0.29962662054579065
69.25,7.307895700899937,-1.8332961085085757,0.3064821391889748
69.26,7.322756909921469,-1.7637130378298578,0.31349513034520554
69.27,7.336850259024996,-1.6938459731538393,0.3206676120587806
69.28,7.350171918810338,-1.623702674732583,0.32800160237402853
69.29,7.362718059877254,-1.553290902818448,0.33549911933524745
69.3,7.37448485282551,-1.482618417663796,0.3431621809867347
69.31,7.385468468254918,-1.4116929795206872,0.35099280537282
69.32000000000001,7.3956650767652405,-1.3405223486414823,0.35899301053780097
69.33,7.405070848956246,-1.2691142852785442,0.367164814525974
69.34,7.413681955427741,-1.1974765496839301,0.3755102353816705
69.35000000000001,7.421494566779492,-1.1256169021100026,0.38403129114918716
69.36,7.428504853611269,-1.0535431028091249,0.3927299998728197
69.37,7.434703488581893,-0.9812585981704438,0.4016116527584001
69.38,7.440080087241845,-0.9087658718020319,0.4106804840349061
69.39,7.444632261320878,-0.8360735977981139,0.41993491050589543
69.4,7.4483576663554,-0.7631904843905164,0.4293733199248563
69.41,7.4512539578818195,-0.6901252398110681,0.4389941000452757
69.42,7.453318791436559,-0.6168865722912853,0.44879563862068217
69.43,7.45454982255603,-0.5434831900629961,0.4587763234045629
69.44,7.454944706776643,-0.46992380135802914,0.4689345421504043
69.45,7.454501099634816,-0.39621711440789986,0.4792686826117363
69.46000000000001,7.453216656666961,-0.32237183744443665,0.48977713254204525
69.47,7.451089033409495,-0.24839667869946924,0.500458279694817
69.48,7.448115885398828,-0.17430034640451142,0.5113105118235829
69.49,7.44429486817138,-0.10009154879149773,0.5223322166818127
69.5,7.439623637263557,-0.025778994091942176,0.5335217820230391
69.51,7.434099848211775,0.04862860946232628,0.5448775956007472
69.52,7.427721156552459,0.1231225536394771,0.5563980451684214
69.53,7.420485217822005,0.19769413020799798,0.5680815184795956
69.54,7.4123896875568365,0.2723346309360588,0.5799264032877544
69.55,7.403432112569472,0.3470353977045445,0.5919311465108915
69.56,7.393601013292284,0.42179208310113925,0.6040977501029761
69.57000000000001,7.382890033055134,0.4965984575450064,0.6164211032218083
69.58,7.371299415005504,0.5714453436274859,0.6288916536649601
69.59,7.358829402290824,0.6463235639402366,0.641499849230057
69.60000000000001,7.345480238058573,0.7212239410745984,0.654236137714671
69.61,7.3312521654562355,0.7961372976219112,0.6670909669163738
69.62,7.316145427631235,0.871054456173834,0.680054784632792
69.63,7.300160267731077,0.9459662393216002,0.6931180386614784
69.64,7.28329692890318,1.0208634696568688,0.7062711768000601
69.65,7.26555565429503,1.0957369697709798,0.7195046468461086
69.66,7.2469366870541165,1.170577562255273,0.7328088965971948
69.67,7.22744027032785,1.2453760697014071,0.7461743738509463
69.68,7.207066647263721,1.3201233147007225,0.7595915264049343
69.69,7.185816061009223,1.3948101198445588,0.7730508020567295
69.7,7.163688754711759,1.4694273077245747,0.78654264860396
69.71000000000001,7.140684971518822,1.5439657009321104,0.8000575138441965
69.72,7.116801764032709,1.618416624107009,0.8135867506656823
69.73,7.092025565136393,1.692773371728093,0.8271217697236349
69.74,7.066358552820581,1.7670271787772975,0.8406453803839408
69.75,7.039805091277772,1.841168960687077,0.8541395299251573
69.76,7.01236954470058,1.915189632889569,0.8675861656257841
69.77,6.984056277281619,1.9890801108169127,0.880967234764321
69.78,6.954869653213384,2.0628313099015614,0.8942646846193252
69.79,6.92481403668849,2.1364341455756537,0.9074604624692963
69.8,6.893893791899557,2.2098795332713292,0.920536515592735
69.81,6.862113283039071,2.28315838842104,0.9334747912681971
69.82000000000001,6.829476874299651,2.3562616264569245,0.946257236774183
69.83,6.7959889298739204,2.4291801628111243,0.9588657993891938
69.84,6.761653813954359,2.501904912916089,0.9712824263917843
69.85000000000001,6.72647589073359,2.5744267922039583,0.9834890650604553
69.86,6.690459524404238,2.6467367161068744,0.9954676626737087
69.87,6.653609079158777,2.7188256000572855,1.0072001665100978
69.88,6.615928919189886,2.790684359487231,1.018668523848108
69.89,6.577413441988847,2.8623035203829277,1.029851161598326
69.9,6.538059734688587,2.933674175276069,1.0407261256268807
69.91,6.49787660346412,3.0047881097209443,1.0512749229535996
69.92,6.456872854920865,3.075637109293586,1.0614790607371316
69.93,6.415057295664417,3.1462129595697226,1.0713200461360808
69.94,6.3724387323003695,3.216507446125084,1.0807793863090536
69.95,6.329025971434138,3.2865123545357005,1.089838588414696
69.96000000000001,6.284827819671318,3.356219470377301,1.0984791596116135
69.97,6.2398530836175095,3.425620579225618,1.1066826070584141
69.98,6.194110569878118,3.4947074666566778,1.1144304379137406
69.99,6.147609085058811,3.5634719182461145,1.12170415933619
70.0,6.10035743576499,3.6319057195699536,1.1284852784844028
70.01,6.0523644286022575,3.7000006562039265,1.1347553025169872
70.02,6.003638870176218,3.7677485137237676,1.1404957385925547
70.03,5.954189566458401,3.8351410774894363,1.1456880931626388
70.04,5.904016297907746,3.9021671338187147,1.1503054114496645
70.05,5.853121161262043,3.968816563246537,1.1543296462778798
70.06,5.80151597775405,4.035082635963943,1.157755153614788
70.07000000000001,5.749212568616749,4.100958622161688,1.1605762894278748
70.08,5.69622275508312,4.1664377920305276,1.1627874096846291
70.09,5.642558358385919,4.2315134157614995,1.1643828703525487
70.10000000000001,5.588231199758127,4.29617876354536,1.1653570273991223
70.11,5.533253100432729,4.360427105572867,1.165704236791841
70.12,5.477635881642475,4.424251712035055,1.1654188544981983
70.13,5.421391364620428,4.48764585312259,1.164495236485686
70.14,5.364531370599337,4.550602799026505,1.1629277387217936
70.15,5.307067720812186,4.613115819937557,1.1607107171740136
70.16,5.249012236491964,4.67517818604651,1.1578385278098424
70.17,5.190376738871414,4.736783167544389,1.1543055265967634
70.18,5.131173049183523,4.797924034621956,1.1501060695022722
70.19,5.071411657919461,4.85859268872844,1.145233174412123
70.2,5.011096984063663,4.9187755903413715,1.1396815703110021
70.21000000000001,4.950239439286751,4.9784665593719675,1.133463636533226
70.22,4.888850525876971,5.0376606161409265,1.1265936137202102
70.23,4.826941746122306,5.096352780969198,1.1190857425133405
70.24,4.76452460231109,5.154538074177399,1.1109542635540437
70.25,4.701610596731304,5.212211516086476,1.1022134174837024
70.26,4.638211231671195,5.269368127017127,1.0928774449437326
70.27,4.574338009419012,5.326002927290055,1.0829605865755545
70.28,4.5100024322627315,5.382110937226203,1.0724770830205452
70.29,4.445216002490602,5.437687177146272,1.061441174920124
70.3,4.379990222390875,5.492726667370967,1.0498671029157132
70.31,4.314336594251523,5.547224428221225,1.0377691076486848
70.32000000000001,4.248266620360797,5.60117548001775,1.0251614297604605
70.33,4.181791803006949,5.6545748430812495,1.0120583098924651
70.34,4.114923644477949,5.707417537732656,0.9984739886860663
70.35000000000001,4.047672930667047,5.759696801876107,0.984426508620181
70.36,3.980047395903185,5.811401853189886,0.9699484187752184
70.37,3.9120556419516634,5.862528276733166,0.955065676122599
70.38,3.843706435222712,5.91307223724072,0.9398032835452477
70.39,3.7750085421261725,5.963029899447606,0.9241862439260043
70.4,3.705970729072178,6.012397428088671,0.9082395601477733
70.41,3.636601762470863,6.0611709878987625,0.8919882350934608
70.42,3.5669104087320664,6.109346743612937,0.8754572716459036
70.43,3.496905434265923,6.156920859966041,0.8586716726880077
70.44,3.426595605482569,6.2038895016929265,0.8416564411026803
70.45,3.3559896887918406,6.2502488335286435,0.8244365797727561
70.46000000000001,3.285096450603873,6.295995020208041,0.807037091581142
70.47,3.2139246573288043,6.3411242264659755,0.7894829794107461
70.48,3.142483010803037,6.385632462669435,0.7717995542553467
70.49,3.07077794835199,6.429511995275314,0.7540194225884275
70.5,2.998815229739962,6.472757797975053,0.7361693281946916
70.51,2.926601119701536,6.515366716149886,0.7182722085398653
70.52,2.8541418829712937,6.557335595181055,0.7003510010896746
70.53,2.7814437842835105,6.598661280449978,0.6824286433097693
70.54,2.7085130883727686,6.639340617337894,0.6645280726658753
70.55,2.6353560599736525,6.679370451226049,0.646672226623719
70.56,2.5619789638204344,6.718747627495854,0.6288840426489501
70.57000000000001,2.4883880646476984,6.757468991528552,0.6111864582072947
70.58,2.4145896271900287,6.795531388705388,0.5936024107644784
70.59,2.3405899161816968,6.832931664407772,0.5761548377861518
70.60000000000001,2.266395196357287,6.869666664016948,0.5588666767380409
70.61,2.1920117324513853,6.905733232914163,0.5417608650858704
70.62,2.1174421817803553,6.941127030144384,0.5248520878331797
70.63,2.0426855937679274,6.97584293776722,0.5081436441106524
70.64,1.9677469909984024,7.009878118866908,0.4916500751169006
70.65,1.8926315314028543,7.043229784337727,0.4753862064314882
70.66,1.8173443729123573,7.075895145073964,0.45936686363397766
70.67,1.741890673457664,7.1078714119700415,0.44360687230386336
70.68,1.666275590969849,7.139155795920244,0.4281210580207083
70.69,1.5905042833799872,7.16974550781886,0.41292424636407377
70.7,1.5145819086188306,7.199637758560306,0.39803126291345636
70.71000000000001,1.4385136246174537,7.228829759038871,0.383456933248418
70.72,1.362304589306932,7.257318720148844,0.36921608294851854
70.73,1.2859599606180165,7.28510185278464,0.3553235375932574
70.74,1.2094847195008005,7.312176349525374,0.3417934004257728
70.75,1.1328723898594484,7.338538284217537,0.32859117392705806
70.76,1.0561214102511518,7.364184444560306,0.31569677670860585
70.77,0.9792373377670368,7.389112393535376,0.30311811972639724
70.78,0.9022257294979004,7.413319694124546,0.29086311393635966
70.79,0.825092142534868,7.436803909309511,0.2789396702944746
70.8,0.7478421339690655,7.459562602071967,0.2673556997567216
70.81,0.6704812608912895,7.481593335393711,0.25611911327903103
70.82000000000001,0.5930150803926656,7.5028936722564366,0.245237821817383
70.83,0.5154491495643204,7.523461175641846,0.23471973632775547
70.84,0.43778902549704957,7.543293408531727,0.2245727677660819
70.85000000000001,0.36004026528197874,7.562387933907778,0.2148048270883408
70.86,0.28220842601023544,7.580742314751705,0.20542382525050856
70.87,0.20429883134404261,7.59835409663765,0.196436425861754
70.88,0.1263009696724794,7.615219739281247,0.1877627221809896
70.89,0.04821148911394982,7.631336530074673,0.17935502922356591
70.9,-0.029962815883337407,7.646702568804276,0.171218734213457
70.91,-0.10821515087117323,7.661315955256406,0.16335922437463546
70.92,-0.18653872140168193,7.6751747892174755,0.1557818869310405
70.93,-0.2649267330266547,7.6882771704738335,0.14849210910664506
70.94,-0.343372391297882,7.700621198811835,0.14149527812542054
70.95,-0.42186890176748904,7.712204974017886,0.13479678121130853
70.96000000000001,-0.5004094699872662,7.723026595878338,0.12840200558828085
70.97,-0.5789873015090043,7.733084164179549,0.12231633848030754
70.98,-0.6575956018848282,7.742375778707919,0.1165451671113328
70.99,-0.7362275766664172,7.750899539249792,0.11109387870533463
71.0,-0.8148764314058965,7.758653545591562,0.10596786048625918
71.01,-0.893537426145355,7.7656356920082885,0.1011592471693676
71.02,-0.9722224881228373,7.77184242911272,0.09655034973730829
71.03,-1.050928701245659,7.77727211180894,0.09211488813583522
71.04,-1.1296484920085417,7.781923601885503,0.08785620099412625
71.05,-1.2083742869062077,7.785795761130967,0.08377762694135818
71.06,-1.2870985124337142,7.788887451333908,0.07988250460669058
71.07000000000001,-1.3658135950857833,7.791197534282882,0.07617417261930054
71.08,-1.4445119613571369,7.792724871766453,0.07265596960836408
71.09,-1.5231860377428321,7.793468325573187,0.06933123420304235
71.10000000000001,-1.6018282507375912,7.793426757491646,0.06620330503251168
71.11,-1.680431026836136,7.792599029310395,0.06327552072594719
71.12,-1.7589867925335239,7.7909840028179955,0.06055121991251173
71.13,-1.837487974324365,7.788580539803016,0.05803374122138421
71.14,-1.9159291263616391,7.78538703875089,0.05571073776861622
71.15,-1.9943151867790032,7.781399937489345,0.05349185846688513
71.16,-2.0726403082228098,7.7766184878814615,0.05136401656525823
71.17,-2.1508965369737316,7.771042433455174,0.04932949446308952
71.18,-2.229075919312106,7.764671517738439,0.04739057455974217
71.19,-2.3071705015182715,7.757505484259217,0.045549539254578775
71.2,-2.3851723298729,7.749544076545437,0.04380867094695416
71.21000000000001,-2.463073450656329,7.74078703812506,0.04217025203623109
71.22,-2.540865910148899,7.731234112526048,0.04063656492177173
71.23,-2.618541754631279,7.720885043276325,0.03920989200293175
71.24,-2.6960930303836985,7.70973957390387,0.0378925156790753
71.25,-2.7735117836868266,7.697797447936601,0.03668671834955867
71.26,-2.850790197515133,7.6850583437287305,0.03559365015619356
71.27,-2.927926182174061,7.671519411763113,0.03456671354990597
71.28,-3.004914870981298,7.657179707381066,0.033581433018724856
71.29,-3.081748269482792,7.642039878017076,0.032639088066529764
71.3,-3.15841838322449,7.626100571105639,0.03174095819719996
71.31,-3.2349172177526664,7.609362434081176,0.030888322914610918
71.32000000000001,-3.311236778613269,7.591826114378182,0.030082461722641982
71.33,-3.387369071352247,7.573492259431149,0.029324654125172225
71.34,-3.463306101515872,7.554361516674498,0.028616179626077525
71.35000000000001,-3.539039874650093,7.534434533542722,0.02795831772923702
71.36,-3.6145623963008595,7.5137119574703215,0.02735234793852958
71.37,-3.689865672014443,7.492194435891707,0.02679954975783149
71.38,-3.7649425525540527,7.469881586564884,0.026292849099598187
71.39,-3.8397880582232706,7.446770867927764,0.02580400911177104
71.4,-3.9143945382550704,7.422863560209708,0.02533152030129053
71.41,-3.988754084697372,7.398161279684637,0.024876428168325717
71.42,-4.062858789598411,7.372665642626367,0.024439778213043724
71.43,-4.136700745006108,7.346378265308816,0.02402261593561363
71.44,-4.210272042968382,7.319300764005911,0.023625986836204406
71.45,-4.28356477553347,7.291434754991459,0.02325093641498334
71.46000000000001,-4.35657103474929,7.2627818545393845,0.022898510172119434
71.47,-4.429282912663766,7.233343678923615,0.02256975360778156
71.48,-4.501692501325127,7.203121844417952,0.022265712222137194
71.49,-4.5737918927811965,7.172117967296368,0.021987431515355628
71.5,-4.64557346128427,7.140332661119956,0.021731707558682145
71.51,-4.717030500157223,7.107764107981132,0.021483048482043063
71.52,-4.788155470744434,7.07441447509455,0.021240404193925668
71.53,-4.8589407340110515,7.040286332522722,0.021004322018886426
71.54,-4.929378650921921,7.005382250328301,0.020775349281482846
71.55,-4.999461582441888,6.969704798573944,0.020554033306272396
71.56,-5.069181889536097,6.933256547322155,0.020340921417811603
71.57000000000001,-5.1385319331693955,6.89604006663559,0.020136560940657952
71.58,-5.20750407430663,6.858057926576908,0.01994149919936887
71.59,-5.276090673912945,6.819312697208609,0.01975628351850096
71.60000000000001,-5.344284092953185,6.779806948593352,0.019581461222611663
71.61,-5.412076692392201,6.739543250793799,0.01941757963625837
71.62,-5.479460534401689,6.698521422047169,0.019260648034155343
71.63,-5.546427832703086,6.65674104521672,0.01910510453258534
71.64,-5.612971351729787,6.6142057673181816,0.018951358547086447
71.65,-5.679083858268116,6.570919254555426,0.01879984933412739
71.66,-5.744758119104401,6.526885173132328,0.01865101615017687
71.67,-5.809986901025248,6.482107189252576,0.01850529825170297
71.68,-5.874762970816984,6.436588969120047,0.01836313489517441
71.69,-5.939079095265937,6.390334178938618,0.018224965337059876
71.7,-6.00292804115871,6.343346484911971,0.018091228833827477
71.71000000000001,-6.066302575281632,6.2956295532439865,0.017962364641945915
71.72,-6.129195464421035,6.247187050138544,0.017838812017883864
71.73,-6.191599475363515,6.19802264179932,0.017721010218109467
71.74,-6.2535073748953165,6.1481399944302675,0.017609398499091565
71.75,-6.314911827402433,6.0975424341026505,0.01750412254038748
71.76,-6.3758041433809565,6.046228534640475,0.01740089720380048
71.77,-6.436177080727059,5.994201099596954,0.01729834296045287
71.78,-6.496024009905126,5.941464892891299,0.017196676482466932
71.79,-6.5553383013792885,5.888024678442944,0.017096114441965387
71.8,-6.6141133256136815,5.833885220171325,0.016996873511070945
71.81,-6.672342453072685,5.779051281995649,0.016899170361905892
71.82000000000001,-6.730019054220433,5.723527627835352,0.01680322166659294
71.83,-6.787136499521061,5.667319021609874,0.0167092440972548
71.84,-6.843688159438947,5.610430227238414,0.01661745432601377
71.85000000000001,-6.899667404438224,5.552866008640413,0.016528069024992556
71.86,-6.955067604983032,5.494631129735311,0.016441304866313854
71.87,-7.009882131537744,5.435730354442306,0.016357378522099984
71.88,-7.06410435456642,5.376168446680923,0.01627650666447376
71.89,-7.117727553332693,5.31594999531663,0.01619884485934554
71.9,-7.170741890796888,5.255073501774489,0.01612231175881436
71.91,-7.223139799476839,5.193541528061587,0.016045930850205347
71.92,-7.274915546038931,5.131360106924467,0.015969884522581742
71.93,-7.326063397149326,5.068535271109934,0.015894355165007108
71.94,-7.37657761947419,5.005073053364796,0.015819525166545008
71.95,-7.426452479679904,4.940979486435589,0.015745576916258684
71.96000000000001,-7.475682244432632,4.876260603069122,0.0156726928032117
71.97,-7.524261180398545,4.810922436012206,0.015601055216467615
71.98,-7.572183554244016,4.744971018011371,0.015530846545089681
71.99,-7.6194436326351465,4.678412381813525,0.015462249178141554
72.0,-7.6660356822383084,4.611252560165194,0.015395445504686496
72.01,-7.711953969719671,4.543497585813191,0.01533061791378806
72.02,-7.757192761745409,4.475153491504331,0.015267948794509791
72.03,-7.801746324981886,4.406226309985139,0.015207620535914968
72.04,-7.845608926095276,4.336722074002427,0.015149815527067139
72.05,-7.888774831751755,4.266646816303014,0.015094716157029835
72.06,-7.931238308617683,4.196006569633418,0.015042504814866357
72.07000000000001,-7.972990509707697,4.124802869784725,0.014992330350490576
72.08,-8.014022041567422,4.053036128537097,0.014942825963510618
72.09,-8.054328322851651,3.980713492438947,0.014894007280475722
72.10000000000001,-8.093904804471647,3.907842153878556,0.014845899888504903
72.11,-8.132746937338675,3.8344293052442096,0.014798529374717179
72.12,-8.170850172364169,3.7604821389238796,0.014751921326231364
72.13,-8.208209960459339,3.686007847305957,0.014706101330166541
72.14,-8.244821752535614,3.61101362277841,0.014661094973641528
72.15,-8.280680999504263,3.5355066577295258,0.01461692784377534
72.16,-8.315783152276556,3.459494144547592,0.014573625527686986
72.17,-8.350123661763915,3.3829832756205738,0.014531213612495293
72.18,-8.383697978877612,3.30598124333676,0.014489717685319274
72.19,-8.416501554528919,3.228495240084441,0.014449163333277934
72.2,-8.448529839629254,3.1505324582515772,0.014409576143490106
72.21000000000001,-8.479778285089889,3.0721000902264586,0.014370981703074798
72.22,-8.510242341822103,2.993205328397379,0.01433340559915101
72.23,-8.539917460737305,2.913855365152294,0.01429687341883759
72.24,-8.568799066771408,2.834057366086741,0.014261408975124533
72.25,-8.596877368388727,2.753813031588276,0.014226670346654079
72.26,-8.62414480689265,2.673126072322142,0.014192435399694356
72.27,-8.650598174934654,2.592004624208177,0.01415877215618584
72.28,-8.676234265166332,2.5104568231658733,0.014125748638068866
72.29,-8.70104987023916,2.4284908051150698,0.014093432867283907
72.3,-8.725041782804622,2.346114705975606,0.014061892865771438
72.31,-8.7482067955143,2.2633366616669712,0.0140311966554718
72.32000000000001,-8.770541701019674,2.1801648081090055,0.014001412258325463
72.33,-8.792043291972233,2.0966072812215506,0.013972607696272898
72.34,-8.812708361023553,2.012672216924092,0.013944850991254453
72.35000000000001,-8.832533700825117,1.9283677511364714,0.013918210165210597
72.36,-8.851516104028414,1.843702019778533,0.013892753240081794
72.37,-8.869652363285015,1.7586831587697582,0.0138685482378084
72.38,-8.886939271246385,1.6733193040301122,0.013845663180330913
72.39,-8.903373620564087,1.5876185914790757,0.013824166089589696
72.4,-8.918952203889612,1.501589157036492,0.013804124987525212
72.41,-8.933671813874456,1.4152391366222083,0.013785607896077913
72.42,-8.947527217153581,1.3285751520502258,0.013768564449027094
72.43,-8.960507785060246,1.241599625661945,0.013752545304848197
72.44,-8.972610931341059,1.1543207794408041,0.013737465708742182
72.45,-8.983834943472003,1.0667474784455546,0.013723287016093924
72.46000000000001,-8.994178108929,0.9788885877353195,0.01370997058228836
72.47,-9.003638715187986,0.8907529723692242,0.013697477762710424
72.48,-9.01221504972493,0.8023494974060171,0.013685769912744998
72.49,-9.019905400015752,0.7136870279049494,0.013674808387777031
72.5,-9.026708053536415,0.6247744289247685,0.01366455454319141
72.51,-9.032621297762859,0.5356205655245994,0.013654969734373062
72.52,-9.037643420171014,0.4462343027635691,0.01364601531670692
72.53,-9.041772708236843,0.35662450570042314,0.013637652645577876
72.54,-9.045007449436282,0.2668000393942871,0.013629843076370857
72.55,-9.047345931245271,0.17676976890428953,0.01362254796447079
72.56,-9.048786441139763,0.0865425592891731,0.01361572866526257
72.57000000000001,-9.049327266595697,-0.0038727243919345344,0.013609346534131126
72.58,-9.048966695089018,-0.09446721707990458,0.01360336292646138
72.59,-9.047702847039913,-0.18523213546838738,0.013597740382175654
72.60000000000001,-9.045524453572183,-0.2761633620825751,0.013592532247432865
72.61,-9.042425593720292,-0.3672543767520925,0.013587827149411306
72.62,-9.038406417430775,-0.458495728009062,0.013583684199722288
72.63,-9.033467074650185,-0.549877964385088,0.013580162509977135
72.64,-9.027607715325049,-0.6413916344122936,0.013577321191787159
72.65,-9.02082848940192,-0.7330272866224126,0.013575219356763684
72.66,-9.013129546827349,-0.8247754695471784,0.013573916116518028
72.67,-9.00451103754786,-0.9166267317187148,0.013573470582661508
72.68,-8.994973111510005,-1.0085716216687552,0.013573941866805444
72.69,-8.984515918660342,-1.1006006879290329,0.013575389080561152
72.7,-8.973139608945386,-1.1927044790316725,0.013577871335539955
72.71000000000001,-8.960844332311694,-1.2848735435084069,0.01358144774335317
72.72,-8.947630238705827,-1.3770984298909683,0.013586177415612109
72.73,-8.933497478074289,-1.469369686711483,0.013592119463928102
72.74,-8.918446200363666,-1.5616778625015517,0.013599332999912452
72.75,-8.902476555520458,-1.6540135057933005,0.0136078771351765
72.76,-8.88558869349123,-1.7463671651184622,0.01361781098133155
72.77,-8.867782764222545,-1.8387293890087686,0.013629193649988908
72.78,-8.849058917660901,-1.9310907259963461,0.013642084252759925
72.79,-8.829417303752864,-2.023441724612927,0.013656541901255901
72.8,-8.808855214656305,-2.11577381860978,0.013672626535217803
72.81,-8.78735892803762,-2.208082037489716,0.013690336354736732
72.82000000000001,-8.764928508378844,-2.300357405377601,0.013709571953081508
72.83,-8.741566172859166,-2.392590296029865,0.013730227494776516
72.84,-8.717274138657677,-2.4847710832033307,0.013752197144346232
72.85000000000001,-8.69205462295357,-2.57689014065443,0.013775375066315043
72.86,-8.665909842926036,-2.668937842139592,0.013799655425207329
72.87,-8.638842015754161,-2.7609045614156402,0.013824932385547578
72.88,-8.610853358617177,-2.8527806722388744,0.01385110011186013
72.89,-8.581946088694163,-2.9445565483661174,0.01387805276866948
72.9,-8.552122423164317,-3.036222563553799,0.013905684520500006
72.91,-8.521384579206838,-3.1277690915583514,0.013933889531876083
72.92,-8.489734774000798,-3.2191865061365954,0.013962561967322207
72.93,-8.457175224725397,-3.310465181044963,0.013991595991362757
72.94,-8.42370814855984,-3.401595490039884,0.014020885768522104
72.95,-8.38933576268319,-3.4925678068781814,0.014050325463324749
72.96000000000001,-8.35406028427465,-3.5833725053162846,0.014079809240295067
72.97,-8.317883930513432,-3.6739999591106276,0.014109231263957432
72.98,-8.28080891857859,-3.7644405420180296,0.014138485698836344
72.99,-8.242837465649384,-3.8546846277947933,0.014167466709456135
73.0,-8.203971788904864,-3.944722590197738,0.014196068460341304
73.01,-8.164214095230367,-4.034544804628496,0.014224185773661734
73.02,-8.12355869648283,-4.124143001026671,0.014252283867770683
73.03,-8.082002022781223,-4.213508915669663,0.014280938126288967
73.04,-8.039547833301405,-4.302633193543079,0.01431031269051705
73.05,-7.996199887219243,-4.39150647963253,0.014340571701755395
73.06,-7.951961943710412,-4.480119418924008,0.014371879301304591
73.07000000000001,-7.906837761950776,-4.568462656403121,0.0144043996304651
73.08,-7.860831101116202,-4.656526837055483,0.014438296830537382
73.09,-7.81394572038236,-4.74430260586708,0.014473735042822032
73.10000000000001,-7.76618537892512,-4.831780607823526,0.014510878408619513
73.11,-7.71755383592035,-4.918951487910432,0.01454989106923027
73.12,-7.668054850543715,-5.005805891113783,0.01459093716595492
73.13,-7.617692181971156,-5.092334462419071,0.014634180840093849
73.14,-7.566469589378333,-5.178527846812279,0.014679786232947686
73.15,-7.514390831941119,-5.264376689279018,0.014727917485816876
73.16,-7.461459668835389,-5.349871634804908,0.01477873874000185
73.17,-7.407679859236797,-5.435003328375926,0.014832414136803255
73.18,-7.353052169326017,-5.519762144194883,0.014888576001719628
73.19,-7.297572696714863,-5.604138181604989,0.01494582921077509
73.2,-7.241246186967625,-5.688122473441803,0.015004112562253315
73.21000000000001,-7.184077908659531,-5.771706104118446,0.015063452071360665
73.22,-7.126073130365816,-5.854880158048041,0.015123873753303506
73.23,-7.067237120661464,-5.937635719644064,0.015185403623288456
73.24,-7.007575148121795,-6.01996387331952,0.015248067696521787
73.25,-6.947092481321788,-6.101855703487885,0.01531189198821013
73.26,-6.885794388836678,-6.183302294562282,0.01537690251355984
73.27,-6.823686139241706,-6.264294730955836,0.015443125287777274
73.28,-6.7607730011118425,-6.34482409708202,0.015510586326069067
73.29,-6.697060243022329,-6.4248814773539555,0.015579311643641576
73.3,-6.632553133548407,-6.504457956184774,0.015649327255701145
73.31,-6.567256941265043,-6.5835446179879415,0.015720659177454424
73.32000000000001,-6.50117693474748,-6.662132547176583,0.015793333424107762
73.33,-6.434318382570963,-6.740212828163831,0.015867376010867504
73.34,-6.366685683515088,-6.817776311889943,0.015942773363063902
73.35000000000001,-6.298275791095693,-6.894811953880306,0.016019190804316928
73.36,-6.229093018774022,-6.971310885239011,0.016096663156126727
73.37,-6.15914404034907,-7.047264891222194,0.01617533622438322
73.38,-6.088435529620229,-7.122665757085562,0.01625535581497589
73.39,-6.016974160386493,-7.1975052680852505,0.016336867733794672
73.4,-5.9447666064471525,-7.271775209477074,0.016420017786729153
73.41,-5.871819541601506,-7.345467366516849,0.016504951779668917
73.42,-5.79813963964854,-7.418573524460707,0.016591815518503906
73.43,-5.723733574387551,-7.4910854685644646,0.01668075480912371
73.44,-5.648608019617838,-7.562994984083941,0.016771915457417904
73.45,-5.572769649138381,-7.634293856275263,0.016865443269276446
73.46000000000001,-5.496225136748482,-7.704973870394248,0.016961484050588914
73.47,-5.41898115624744,-7.775026811696719,0.017060183607244872
73.48,-5.341044381434234,-7.844444465438797,0.017161687745134303
73.49,-5.262421486108273,-7.913218616876207,0.017266142270146622
73.5,-5.183119144068532,-7.981341051265064,0.017373692988171832
73.51,-5.10313903738254,-8.0488012172056,0.017483497280661633
73.52,-5.02248280162012,-8.11558876746932,0.01759457484713038
73.53,-4.9411583785631645,-8.181696434015572,0.01770712175554121
73.54,-4.859173719493022,-8.247116953349133,0.017821335898422195
73.55,-4.776536775691044,-8.311843061974795,0.017937415168301392
73.56,-4.693255498438231,-8.375867496397614,0.018055557457707358
73.57000000000001,-4.609337839015933,-8.439182993122383,0.018175960659168156
73.58,-4.524791748705506,-8.501782288653887,0.018298822665211836
73.59,-4.439625178787943,-8.563658119497184,0.018424341368366976
73.60000000000001,-4.353846080544598,-8.624803222157063,0.018552714661161623
73.61,-4.26746240525683,-8.685210333138315,0.01868414043612382
73.62,-4.180482104205625,-8.744872188945994,0.018818816585782164
73.63,-4.092913128672467,-8.803781526084805,0.018956941002664495
73.64,-4.00476342993834,-8.861931081059797,0.019098711579299436
73.65,-3.9160409592846013,-8.919313590375763,0.01924432620821502
73.66,-3.826753667992614,-8.9759217905375,0.019393982781939254
73.67,-3.736907864369763,-9.031747181057069,0.01954745883953141
73.68,-3.646503411231325,-9.08677655655912,0.01970280006146803
73.69,-3.555548218646007,-9.141002985342066,0.0198599907354363
73.7,-3.464051475954898,-9.19442051239284,0.020019334880367945
73.71000000000001,-3.372022372499476,-9.247023182698136,0.020181136515194025
73.72,-3.2794700976212203,-9.298805041244657,0.02034569965884559
73.73,-3.1864038406612156,-9.349760133019325,0.020513328330254398
73.74,-3.092832790961075,-9.39988250300877,0.02068432654835125
73.75,-2.99876613786188,-9.44916619619991,0.020858998332067915
73.76,-2.904213070705111,-9.497605257579444,0.02103764770033544
73.77,-2.8091827788322523,-9.545193732134084,0.021220578672084846
73.78,-2.713684451584381,-9.59192566485074,0.021408095266247935
73.79,-2.617727278302981,-9.637795100716115,0.02160050150175574
73.8,-2.5213204483295364,-9.682796084716923,0.021798101397539255
73.81,-2.4244731510051216,-9.726922661840067,0.02200119897253033
73.82000000000001,-2.3271945756712213,-9.770168877072255,0.02221009824565997
73.83,-2.229493911669323,-9.812528775400203,0.022425103235859146
73.84,-2.131380348340497,-9.853996401810809,0.02264651796205976
73.85000000000001,-2.0328628944262555,-9.894565609318885,0.02287457501554521
73.86,-1.9339447105902967,-9.934224163271487,0.02310713403525325
73.87,-1.834632688716334,-9.972964148633256,0.02334336544878051
73.88,-1.7349368895443356,-10.010781077119889,0.023583665741952517
73.89,-1.6348673738137045,-10.047670460447303,0.023828431400596154
73.9,-1.5344342022642687,-10.083627810331253,0.024078058910537287
73.91,-1.4336474356358582,-10.118648638487498,0.024332944757601744
73.92,-1.3325171346678726,-10.152728456631946,0.024593485427616458
73.93,-1.231053360100141,-10.185862776480354,0.024860077406407267
73.94,-1.1292661726724953,-10.218047109748486,0.02513311717979998
73.95,-1.0271656331243322,-10.249276968152245,0.025413001233621575
73.96000000000001,-0.9247618021954824,-10.279547863407387,0.02570012605369787
73.97,-0.8220647406257788,-10.308855307229686,0.02599488812585464
73.98,-0.7190845091546154,-10.33719481133503,0.026297683935918928
73.99,-0.6158311685219713,-10.364561887439148,0.026608909969716064
74.0,-0.5123147794672402,-10.390952047257926,0.026928962713073143
74.01,-0.4085454027302544,-10.416360802507132,0.027258238651815928
74.02,-0.30453233542493907,-10.440782382068107,0.02759674098396933
74.03,-0.20028109457956558,-10.464204856409987,0.027942461388951203
74.04,-0.09580150641782048,-10.486623839387134,0.028295508328757008
74.05,0.008895747535641096,-10.508036404192248,0.028656423184506615
74.06,0.11379998575661071,-10.52843962401812,0.029025747337321432
74.07000000000001,0.21890052672043336,-10.547830572057444,0.02940402216832134
74.08,0.32418668890245317,-10.566206321502927,0.029791789058626172
74.09,0.42964779077846316,-10.583563945547349,0.030189589389357407
74.10000000000001,0.5352731508238077,-10.599900517383412,0.03059796454163489
74.11,0.6410520875138302,-10.615213110203825,0.031017455896578408
74.12,0.7469739193243252,-10.62949879720136,0.031448604835309535
74.13,0.8530279647304855,-10.642754651568707,0.03189195273894743
74.14,0.959203542208106,-10.654977746498629,0.03234804098861374
74.15,1.0654899702325302,-10.666165155183839,0.032817410965428236
74.16,1.1718765672791005,-10.67631395081705,0.03330060405051059
74.17,1.2783526518236137,-10.685421206591023,0.03379816162498259
74.18,1.384908011366322,-10.69348269566455,0.03431032120152332
74.19,1.491534791531931,-10.700487852666203,0.03483580231506457
74.2,1.5982224635681122,-10.706433840371158,0.035375072770193465
74.21000000000001,1.704959960108595,-10.711319338035606,0.03592895049107215
74.22,1.8117362137871091,-10.715143024915747,0.03649825340186271
74.23,1.9185401572378393,-10.71790358026779,0.03708379942672968
74.24,2.0253607230943635,-10.719599683347937,0.037686406489834276
74.25,2.1321868439908664,-10.720230013412392,0.03830689251534113
74.26,2.2390074525610784,-10.719793249717354,0.038946075427412304
74.27,2.3458114814387274,-10.71828807151903,0.039604773150209736
74.28,2.452587863258,-10.71571315807362,0.04028380360789822
74.29,2.5593255306526244,-10.712067188637324,0.04098398472463972
74.3,2.666013416256332,-10.707348842466358,0.04170613442459611
74.31,2.772640452703305,-10.701556798816908,0.04245107063193233
74.32000000000001,2.879195572627275,-10.694689736945183,0.043219611270810296
74.33,2.985667814890893,-10.686745728351362,0.0440124877058912
74.34,3.092047477308925,-10.677715756370304,0.04482953533417316
74.35000000000001,3.198323736996316,-10.667597462320503,0.045671781963019575
74.36,3.3044853045236864,-10.656391186164754,0.04654066895719726
74.37,3.4105208904621094,-10.644097267865808,0.04743763768147674
74.38,3.516419205382055,-10.63071604738648,0.04836412950062351
74.39,3.6221689598545943,-10.61624786468951,0.04932158577940825
74.4,3.7277588644503497,-10.600693059737702,0.05031144788259773
74.41,3.8331776297399407,-10.584051972493858,0.051335157174958526
74.42,3.9384139662944397,-10.56632494292071,0.0523941550212616
74.43,4.043456584684468,-10.547512310981066,0.053489882786273577
74.44,4.148294195480647,-10.52761441663773,0.05462378183476087
74.45,4.252915509254045,-10.506631599853431,0.05579729353149475
74.46000000000001,4.357309236575286,-10.484564200590977,0.0570118592412417
74.47,4.461464088014994,-10.46141255881318,0.058268920328767945
74.48,4.565368829348743,-10.437175795886471,0.059569901837733204
74.49,4.669012433837836,-10.411847965693838,0.060916652902670246
74.5,4.772383542944339,-10.385429712638562,0.062311851516688804
74.51,4.875470745272926,-10.3579227985369,0.06375824046513859
74.52,4.978262629428273,-10.329328985205118,0.06525856253336902
74.53,5.080747784015494,-10.29965003445936,0.06681556050673598
74.54,5.182914797639265,-10.268887708115884,0.06843197717058895
74.55,5.284752258904263,-10.237043767990963,0.07011055531027713
74.56,5.386248756415599,-10.20411997590073,0.07185403771115685
74.57000000000001,5.487392878777951,-10.17011809366145,0.0736651671585774
74.58,5.588173214595996,-10.1350398830894,0.07554668643788764
74.59,5.688578352474845,-10.098887106000701,0.07750133833444453
74.60000000000001,5.788596835510259,-10.061660759412046,0.07953186543216222
74.61,5.888216861830284,-10.023357692690443,0.0816418604095321
74.62,5.987426770030613,-9.983979877407585,0.08383634217271477
74.63,6.086214951232347,-9.94353039209119,0.08612044561464033
74.64,6.1845697965571516,-9.902012315268758,0.08849930562825165
74.65,6.282479697126267,-9.859428725467952,0.09097805710648188
74.66,6.37993304406094,-9.815782701216444,0.09356183494226367
74.67,6.476918228482831,-9.771077321041718,0.0962557740285407
74.68,6.573423641513184,-9.725315663471449,0.09906500925824574
74.69,6.6694376742732455,-9.67850080703331,0.10199467552431091
74.7,6.764948717884673,-9.630635830254775,0.10504990771968088
74.71000000000001,6.859945069334314,-9.581722336497041,0.10823548313200579
74.72,6.954414594284714,-9.531759015055712,0.11155743156512984
74.73,7.048345216044534,-9.480749882821135,0.11502532827359689
74.74,7.141724875372724,-9.428699398996182,0.11864894175379523
74.75,7.23454151302877,-9.375612022783438,0.12243804050213337
74.76,7.326783069771757,-9.321492213385707,0.12640239301500444
74.77,7.418437486360776,-9.2663444300058,0.13055176778880065
74.78,7.5094927035553045,-9.210173131846291,0.13489593331993197
74.79,7.599936662114432,-9.15298277810999,0.1394446581047908
74.8,7.689757302797251,-9.09477782799971,0.14420771063976845
74.81,7.778942566363234,-9.035562740718017,0.14919485942127658
74.82000000000001,7.867480421396974,-8.975339704560886,0.15441457525600555
74.83,7.955358284707472,-8.914109946673099,0.1598793263872917
74.84,8.04256309282468,-8.851879203269073,0.16560758681733004
74.85000000000001,8.129081777351008,-8.788653291482209,0.17161790854109296
74.86,8.214901269888866,-8.724438028445919,0.17792884355355132
74.87,8.300008502041031,-8.659239231293338,0.18455894384970295
74.88,8.384390405409796,-8.593062717157967,0.19152676142450897
74.89,8.468033911597937,-8.525914303172938,0.1988508482729692
74.9,8.550925952207864,-8.45779980647166,0.20654975639005388
74.91,8.63305346266138,-8.388725032513477,0.2146420113744883
74.92,8.714404114733911,-8.318692684532708,0.22314139312934234
74.93,8.794964055497292,-8.247707112581201,0.23207343398722194
74.94,8.874718277416667,-8.17577553185563,0.24147191361005255
74.95,8.953651772957524,-8.102905157552362,0.2513706116597999
74.96000000000001,9.031749534585014,-8.029103204868067,0.26180330779839023
74.97,9.108996554764285,-7.954376888999426,0.27280378168774655
74.98,9.185377825960819,-7.878733425142795,0.2844058129898392
74.99,9.260878340639662,-7.802180028494963,0.29664318136657425
75.0,9.335483159332586,-7.724723829116537,0.30954927479512834
75.01,9.40917945691575,-7.646368689726785,0.32314658605382796
75.02,9.481950787656094,-7.567121214169757,0.3374820926012835
75.03,9.55377873384429,-7.486990161681529,0.3526147548536424
75.04,9.624644877770693,-7.405984291498515,0.3686035332269919
75.05,9.69453080172567,-7.324112362857133,0.38550738813741403
75.06,9.763418087999877,-7.241383134993451,0.40338528000106366
75.07000000000001,9.831288318883681,-7.157805367143887,0.4222961692340243
75.08,9.898123076667448,-7.073387818544859,0.44229901625237356
75.09,9.963907346566954,-6.9881366708962895,0.46343508190732435
75.10000000000001,10.028622993919667,-6.902058889697466,0.4857686274550859
75.11,10.092245940455603,-6.815165064293245,0.509398594364967
75.12,10.154752101748956,-6.727465788144013,0.5344239584718413
75.13,10.216117393373562,-6.638971654710652,0.5609436956104439
75.14,10.276317730903603,-6.549693257453543,0.5890567816156569
75.15,10.335329029913007,-6.459641189833446,0.6188621923222501
75.16,10.393127727690244,-6.368825807843331,0.6504560525340102
75.17,10.449697713296855,-6.2772536003251025,0.6838968609496512
75.18,10.505010732662766,-6.184935435154547,0.7193169529006376
75.19,10.559033671107509,-6.091884231589265,0.7568762743174036
75.2,10.61173341395084,-5.998112908886461,0.7967347711305449
75.21000000000001,10.66307684651229,-5.903634386303733,0.8390523892704993
75.22,10.713030854111393,-5.808461583098687,0.88398907466769
75.23,10.761562322067897,-5.712607418528518,0.9317047732527337
75.24,10.808647432678077,-5.616081460674351,0.9823097289011327
75.25,10.854256316836624,-5.518894274704279,1.03595524137551
75.26,10.89834203921519,-5.421061866199758,1.092889075566275
75.27,10.940857610565725,-5.322600258860492,1.1533592943063566
75.28,10.981756041640358,-5.223525476385763,1.2176139604289453
75.29,11.020990343191036,-5.123853542475278,1.285901136766975
75.3,11.058513525969719,-5.0236004808287404,1.358468886153358
75.31,11.094291146911344,-4.922778603144892,1.4354977078186706
75.32000000000001,11.128285637464748,-4.821400126115636,1.5171890542543114
75.33,11.160429917605526,-4.719485250767928,1.6039063229241584
75.34,11.190656492986337,-4.617054294732445,1.696015166675155
75.35000000000001,11.218897869259697,-4.514127575640297,1.7938812383538794
75.36,11.245086552078137,-4.4107254111226,1.8978701908068758
75.37,11.269155047094296,-4.306868118810025,2.0083476768811366
75.38,11.291057471848266,-4.202570242007429,2.1255650868149463
75.39,11.310738560742623,-4.09784784000747,2.2498127728440003
75.4,11.328102272045651,-3.992727238560512,2.381589922431727
75.41,11.343052343648178,-3.887234820352102,2.5213968672774034
75.42,11.355492513441098,-3.7813969680673365,2.6697339390809085
75.43,11.365326519315234,-3.6752400643917613,2.827101469541531
75.44,11.372458099161426,-3.568790492010925,2.993999790358509
75.45,11.376826815806277,-3.462065229933646,3.1707514647257193
75.46000000000001,11.37835210261383,-3.3550858629735494,3.3577230163549814
75.47,11.376900851824036,-3.2478874018027284,3.5555115241660586
75.48,11.372339926414089,-3.140504864658019,3.7647142027195377
75.49,11.364536189361198,-3.0329732697768685,3.985928266574849
75.5,11.35335650364254,-2.9253276353961133,4.219750930292646
75.51,11.338667732235322,-2.817602979753047,4.466779408432649
75.52,11.320374286866416,-2.7098232795940875,4.727464326264988
75.53,11.298388516852116,-2.6020108385921032,5.00208008811681
75.54,11.27254110752438,-2.4942124760192708,5.291109687640801
75.55,11.24266129007532,-2.3864754435368027,5.59504074339161
75.56,11.208578295696915,-2.278846992805451,5.914360873925193
75.57000000000001,11.170121355581271,-2.1713743754864274,6.249557697796224
75.58,11.127119700920518,-2.0641048432409437,6.601118833559282
75.59,11.079403743430651,-1.9570849546928426,6.969535360364794
75.60000000000001,11.026864462713345,-1.8503292489482064,7.355296882488077
75.61,10.969364728147609,-1.7438792501709321,7.758280081439343
75.62,10.90673202163525,-1.637799151763474,8.178162013993067
75.63,10.83879382507842,-1.5321531471288896,8.614619736921385
75.64,10.765377620378896,-1.4270054296696357,9.06733030699887
75.65,10.686310889438738,-1.3224201927886194,9.535970780998243
75.66,10.601421114160049,-1.2184616298887454,10.020218215692132
75.67,10.510535776444552,-1.1151939343724737,10.519749667855246
75.68,10.41348235819434,-1.01268129964271,11.034242194260237
75.69,10.310092307569892,-0.910975261681225,11.563250466531095
75.7,10.200266032977,-0.8101187446581815,12.10527557557376
75.71000000000001,10.083950217286294,-0.7101837332751844,12.658288624386897
75.72,9.96109208431188,-0.6112430406693758,13.220257003363477
75.73,9.831638857867341,-0.5133694799774766,13.78914810289887
75.74,9.695537761766973,-0.41663586433676647,14.36292931338524
75.75,9.552736019824318,-0.32111500688397254,14.939568025217996
75.76,9.403154852288251,-0.22687730425702643,15.517001499012842
75.77,9.246741916140751,-0.1339847664433272,16.092475347602605
75.78,9.083639039808078,-0.042504639904333896,16.66260703902005
75.79,8.914000696964369,0.04749517410552495,17.223994034252343
75.8,8.73798136128379,0.13594677433182928,17.773233794286696
75.81,8.555735506439762,0.22278225952053476,18.306923780112662
75.82000000000001,8.367387112996836,0.30793109169532845,18.821598309530625
75.83,8.173010871904593,0.39131796359014925,19.31349343053148
75.84,7.972955946545645,0.47289054392484425,19.779120551310974
75.85000000000001,7.767605951196017,0.5525994301590416,20.215042997757575
75.86,7.557344500131757,0.6303952197523802,20.617824095759925
75.87,7.342555207628019,0.7062285101648291,20.98402717120835
75.88,7.1235676117090465,0.7800352849355836,21.30981993772363
75.89,6.900656164189961,0.8517314452562146,21.591323921693096
75.9,6.674358872904136,0.9212980653717322,21.827004418644773
75.91,6.445233382926896,0.9887212885135245,22.015486725796357
75.92,6.213837339332585,1.0539872579132656,22.15539614036632
75.93,5.980728387196521,1.1170821168023402,22.245357959572292
75.94,5.7464641715940346,1.177992008412146,22.283997480632195
75.95,5.511595339969441,1.2366719586107855,22.269375992264955
75.96000000000001,5.276632302896989,1.293044729285623,22.200270951275783
75.97,5.042075285475983,1.3471361248464753,22.078643277366613
75.98,4.808424849438756,1.3989774823713415,21.90658996929305
75.99,4.576181556518968,1.4486001389379193,21.686208025811528
76.0,4.345845968448956,1.4960354316241957,21.41959444567737
76.01,4.117918646962051,1.5413146975079441,21.108846227646804
76.02,3.8929009729713964,1.5844688580861641,20.7560585597872
76.03,3.6713775377698794,1.6254661492195999,20.363343832017755
76.04,3.4537277139362357,1.6643094832199294,19.93395019884035
76.05,3.240198119193871,1.701054506426083,19.471562830628432
76.06,3.0310353712652853,1.7357568651771462,18.979866897753464
76.07000000000001,2.8264860878738896,1.7684722058120466,18.462547570588843
76.08,2.6267968867430707,1.799256174669723,17.923290019508126
76.09,2.4322237151574475,1.8281624756211001,17.365801530337702
76.10000000000001,2.243165412093435,1.8552034790431773,16.794090127872785
76.11,2.0597444933431537,1.8804200939239126,16.211413745827144
76.12,1.8819725405881198,1.9038720667083222,15.620753383609719
76.13,1.709861135510876,1.925619143841283,15.025090040632769
76.14,1.5434218597929699,1.945721071767801,14.427404716305194
76.15,1.382666295116687,1.9642375969327879,13.830678410038436
76.16,1.2276190047541056,1.9812273341585322,13.237945820687756
76.17,1.0783579528864333,1.996737324390366,12.65213472553119
76.18,0.93479791112631,2.010816309033664,12.074904388257963
76.19,0.7968215637885034,2.02351466974452,11.507726528896692
76.2,0.6643115951871984,2.034882788179079,10.952072867473584
76.21000000000001,0.5371506896371707,2.0449710459934325,10.409415124017272
76.22,0.41522153145316665,2.053829824843678,9.881225018556316
76.23,0.29840332233139427,2.0615105780837384,9.36893823921696
76.24,0.18653133646573483,2.0680716571414277,8.873304912215456
76.25,0.07944783456163773,2.0735561294790505,8.39468896407763
76.26,-0.02299700172849789,2.078003227338763,7.9334874811699025
76.27,-0.12095299075229948,2.081452182962727,7.490097549858599
76.28,-0.2145699508578086,2.0839422285931177,7.064916256508165
76.29,-0.30403883031844864,2.0855201571984545,6.658051449711299
76.3,-0.38958203638041905,2.0862341942931235,6.269066486348162
76.31,-0.4713448234738991,2.0861149902039045,5.897815197877958
76.32000000000001,-0.5494707328224879,2.085192843611479,5.544160735362398
76.33,-0.6241033056498055,2.0834980531965352,5.207966249863094
76.34,-0.695426344917557,2.0810675823704248,4.8888408896570335
76.35000000000001,-0.7636975285704967,2.0779486926593966,4.585743653916755
76.36,-0.8290367459582251,2.074163682700172,4.298297447740903
76.37,-0.8915533662798237,2.0697330334955266,4.026184282411482
76.38,-0.9513567587340108,2.0646772260482598,3.769086169212092
76.39,-1.0085562925198523,2.059016741361144,3.5266851194248248
76.4,-1.0632661598728674,2.052772779248452,3.2986307338946528
76.41,-1.1157671014649952,2.0459908408908,3.083393094549249
76.42,-1.166222004833595,2.0386974083480593,2.880065665687705
76.43,-1.2146965743964833,2.0309042345942165,2.688366558407742
76.44,-1.2612565145714885,2.022623072603259,2.5080138838070125
76.45,-1.3059675297766362,2.0138656753491384,2.33872575298241
76.46000000000001,-1.3488953244297512,2.0046437958058436,2.180220277031604
76.47,-1.3901056029486698,1.9949691869473642,2.0322155670522024
76.48,-1.4296735403454204,1.9848548979857892,1.8943608620020456
76.49,-1.467859735733104,1.9743391038442006,1.7649218524442543
76.5,-1.5047836679188482,1.9634400404304844,1.6431039972455181
76.51,-1.5404798440116998,1.9521642238017693,1.5287182398657801
76.52,-1.5749827711207123,1.940518170015187,1.4215755237649401
76.53,-1.6083269563550848,1.9285083951278188,1.3214867924024474
76.54,-1.6405469068238692,1.916141415196795,1.2282629892382124
76.55,-1.6716771296361237,1.903423746279249,1.1417150577321062
76.56,-1.7017521319010382,1.8903619044322584,1.0616539413436363
76.57000000000001,-1.7308569061427999,1.8769688984558133,0.9875046930481635
76.58,-1.7591714756360655,1.8632698063378774,0.9179389747938598
76.59,-1.7867246955281146,1.8492701010505264,0.8527548695907508
76.60000000000001,-1.8135346063869293,1.8349738594712823,0.7918321881919967
76.61,-1.8396192487804954,1.8203851584776698,0.7350507413507337
76.62,-1.8649966632769097,1.8055080749471504,0.6822903398198581
76.63,-1.8896848904441224,1.7903466857572692,0.6334307943525788
76.64,-1.9137019708502263,1.774905067785487,0.5883519157018151
76.65,-1.9370691167986762,1.7591876851387813,0.5469086346590882
76.66,-1.959885922500614,1.743208556431897,0.5083354380335179
76.67,-1.9821998845185602,1.7269753010546225,0.47226097760147395
76.68,-2.004020535670156,1.710490897542967,0.43860947515875104
76.69,-2.025357408773045,1.6937583244329422,0.4073051525011301
76.7,-2.046220036644962,1.6767805602604877,0.37827223142426036
76.71000000000001,-2.0666179521035506,1.6595605835616145,0.351434933723926
76.72,-2.086560687966456,1.642101372872335,0.32671748119589883
76.73,-2.106058747803186,1.6244060182445605,0.3040362934189945
76.74,-2.1251618315473,1.606482119791689,0.28299068755802376
76.75,-2.1438971610050284,1.5883347164205548,0.2633547291428449
76.76,-2.16226957148603,1.5699662790037394,0.2450813863098794
76.77,-2.180283898299967,1.551379278413826,0.22812362719554088
76.78,-2.1979449767565784,1.5325761855233184,0.21243441993617163
76.79,-2.215257642165526,1.513559471204799,0.19796673266818715
76.8,-2.2322267298364724,1.4943316063308523,0.18467353352799604
76.81,-2.248861803886712,1.4748955615398798,0.17246885037005982
76.82000000000001,-2.265191062109492,1.455256301639471,0.16111180957408316
76.83,-2.281220208505764,1.4354164501070514,0.1505446583666134
76.84,-2.296951372666669,1.4153782548964187,0.14073894673989643
76.85000000000001,-2.31238668418328,1.3951439639614553,0.13166622468622363
76.86,-2.327528272646671,1.3747158252560452,0.12329804219788232
76.87,-2.342378267647981,1.354096086733984,0.11560594926712457
76.88,-2.356939094303939,1.33328702341935,0.1085590046702545
76.89,-2.371223989026641,1.312291917507032,0.10203482121983348
76.9,-2.385239589257864,1.2911134941023348,0.09596577069477079
76.91,-2.398986463080221,1.2697539303986425,0.0903352407419433
76.92,-2.412465178576385,1.2482154035892474,0.0851266190082042
76.93,-2.425676303828968,1.2265000908675334,0.08032329314043096
76.94,-2.4386204069205863,1.2046101694268851,0.0759086507854988
76.95,-2.451298055933909,1.1825478164605936,0.07186607959026434
76.96000000000001,-2.4637139225076665,1.1603155022657448,0.06814316386787216
76.97,-2.475873620496474,1.1379158125812907,0.06467915527811516
76.98,-2.4877768799918956,1.1153509430907471,0.06146457085719057
76.99,-2.4994233983380187,1.09262308722428,0.05849021316206985
77.0,-2.5108128728789993,1.0697344384119263,0.05574688474970682
77.01,-2.5219450009589433,1.0466871900838202,0.05322538817706818
77.02,-2.5328194799219577,1.0234835356700964,0.05091652600111933
77.03,-2.5434367988949793,1.000125694379625,0.04880381000497788
77.04,-2.553800787133733,0.9766160265798962,0.046840193710751675
77.05,-2.5639113657951818,0.9529568134453265,0.045014909834292224
77.06,-2.573767792276099,0.9291503176808664,0.04332332219919979
77.07000000000001,-2.583369323973217,0.9051988019915678,0.041760794629082505
77.08,-2.5927152182832676,0.8811045290824826,0.04032269094754778
77.09,-2.6018047326030236,0.8568697616585605,0.03900437497819696
77.10000000000001,-2.610637124329217,0.8324967624248537,0.03780121054463765
77.11,-2.6192124935728125,0.8079877585549428,0.036699936124207626
77.12,-2.627532414390974,0.7833449632933067,0.03567275388447873
77.13,-2.635596136205427,0.7585707376503004,0.03471622641366547
77.14,-2.6434027600601757,0.7336674503240864,0.03382845130333086
77.15,-2.6509513869991914,0.7086374700129332,0.033007526145041995
77.16,-2.6582411180664454,0.6834831654151099,0.03225154853036562
77.17,-2.6652710543059404,0.6582069052287781,0.03155861605086528
77.18,-2.672040296761649,0.6328110581522068,0.030926826298107824
77.19,-2.678547946477543,0.6072979928836654,0.030354276863659716
77.2,-2.6847939804246748,0.5816698563888806,0.029827258401274814
77.21000000000001,-2.6907784959902266,0.555928866044115,0.029331971868838364
77.22,-2.6965006524958968,0.5300775306536167,0.028868082959006978
77.23,-2.7019596087854305,0.5041183591561074,0.028435264013784253
77.24,-2.7071545237025414,0.4780538604904557,0.028033187375176336
77.25,-2.712084556090973,0.45188654359538283,0.027661525385187003
77.26,-2.7167488647944475,0.4256189174097208,0.027319950385821763
77.27,-2.721146608656687,0.39925349087230216,0.027008134719085957
77.28,-2.725276946521433,0.3727927729218472,0.02672575072698361
77.29,-2.7291390372324087,0.3462392724971882,0.026472470751520108
77.3,-2.7327320502090293,0.31959546345187356,0.02624725700137163
77.31,-2.7360554067619307,0.29286327766800896,0.02603734058045383
77.32000000000001,-2.739108585514101,0.26604514372642035,0.025838225001245642
77.33,-2.741891019891704,0.23914373242220915,0.02565007699342018
77.34,-2.744402143320918,0.2121617145503622,0.025473063286649764
77.35000000000001,-2.746641389227905,0.185101760905981,0.02530735061060752
77.36,-2.7486081910388322,0.15796654228416726,0.025153105694966506
77.37,-2.7503019821798738,0.13075872947990713,0.025010495269399146
77.38,-2.7517221960771927,0.10348099328834126,0.024879686063578692
77.39,-2.752868266156962,0.0761360045044554,0.024760844807177624
77.4,-2.753739625845348,0.04872643392335141,0.02465413822986899
77.41,-2.7543357085685183,0.02125495234013164,0.024559733061325768
77.42,-2.754655947752643,-0.006275769450218793,0.02447779603122054
77.43,-2.754699771315918,-0.033863065459958465,0.024408448047214888
77.44,-2.7544660311575417,-0.06150481359343422,0.024346366421812697
77.45,-2.7539540323844123,-0.0891986316706733,0.024287853286230586
77.46000000000001,-2.7531635825011413,-0.11694172662348878,0.024232953150286164
77.47,-2.7520944890123413,-0.14473130538369355,0.024181710523797025
77.48,-2.7507465594226206,-0.17256457488321894,0.024134169916580545
77.49,-2.749119601236595,-0.20043874205383816,0.02409037583845438
77.5,-2.7472134219588704,-0.22835101382748285,0.02405037279923593
77.51,-2.745027829094061,-0.2562985971359658,0.02401420530874278
77.52,-2.742562630146781,-0.28427869891109947,0.023981917876792498
77.53,-2.7398176326216355,-0.31228852608481594,0.023953555013202513
77.54,-2.736792644023239,-0.3403252855889276,0.02392916122779039
77.55,-2.7334874718562077,-0.3683861843552471,0.02390878103037369
77.56,-2.7299019236251434,-0.3964684293157065,0.023892458930769866
77.57000000000001,-2.726034126370953,-0.4245697870015376,0.023878871647644104
77.58,-2.7218819354013726,-0.4526881527042698,0.023866209280068683
77.59,-2.71744571265696,-0.4808206111274285,0.023854534822265214
77.60000000000001,-2.7127258344083125,-0.5089642422737941,0.02384392243756847
77.61,-2.707722676926028,-0.5371161261461469,0.02383444628931323
77.62,-2.7024366164806835,-0.5652733427473872,0.023826180540834217
77.63,-2.6968680293428844,-0.5934329720802554,0.02381919935546622
77.64,-2.6910172917832065,-0.6215920941476517,0.02381357689654398
77.65,-2.6848847800722484,-0.6497477889523566,0.023809387327402266
77.66,-2.67847087048061,-0.6778971364971504,0.02380670481137584
77.67,-2.6717759392788647,-0.7060372167849334,0.02380560351179945
77.68,-2.664800362737612,-0.734165109818486,0.023806157592007868
77.69,-2.657544517127454,-0.7622778956005885,0.02380844121533584
77.7,-2.6500087787189597,-0.790372654134141,0.023812528545118138
77.71000000000001,-2.642193523782731,-0.8184464654219242,0.023818493744689518
77.72,-2.634099128589371,-0.8464964094667187,0.023826410977384724
77.73,-2.6257259694094475,-0.8745195662714238,0.023836354406538543
77.74,-2.617074422513575,-0.9025130158387809,0.023848398195485704
77.75,-2.6081448641723197,-0.9304738381716897,0.023862616507561
77.76,-2.5989376706562854,-0.9583991132729308,0.023879083506099175
77.77,-2.589452030087726,-0.9862861215442434,0.0238976204948991
77.78,-2.5796833174112237,-1.0141328417674003,0.023917140952417874
77.79,-2.5696319695216685,-1.0419364729071672,0.023937506665348073
77.8,-2.5592990799918844,-1.069694107128866,0.023958712269439252
77.81,-2.548685742394652,-1.0974028365979356,0.02398075240044107
77.82000000000001,-2.537793050302795,-1.1250597534796978,0.02400362169410309
77.83,-2.52662209728914,-1.1526619499394741,0.024027314786174876
77.84,-2.5151739769264636,-1.1802065181427035,0.024051826312406085
77.85000000000001,-2.503449782787592,-1.2076905502547075,0.02407715090854628
77.86,-2.491450608445352,-1.235111138440808,0.024103283210345015
77.87,-2.479177547472518,-1.2624653748664438,0.024130217853551964
77.88,-2.466631693441936,-1.2897503516968976,0.024157949473916644
77.89,-2.453814139926379,-1.316963161097608,0.02418647270718872
77.9,-2.4407259804986747,-1.3441008952338966,0.02421578218911776
77.91,-2.4273683087316513,-1.3711606462710861,0.024245872555453307
77.92,-2.413742218198081,-1.3981395063746138,0.024276738441945042
77.93,-2.399848802470792,-1.4250345677098022,0.024308374484342518
77.94,-2.385689155122614,-1.4518429224419738,0.02434077531839528
77.95,-2.3712643697263167,-1.4785616627365656,0.02437393557985302
77.96000000000001,-2.3565755398547292,-1.5051878807589003,0.024407849904465283
77.97,-2.341623759080683,-1.531718668674301,0.024442512927981615
77.98,-2.3264101209769454,-1.5581511186482035,0.024477919286151707
77.99,-2.3109357191163684,-1.584482322845894,0.024514063614725055
78.0,-2.295201647071718,-1.6107093734328073,0.024550940549451356
78.01,-2.2792084467241267,-1.6368293209720421,0.024588546483720396
78.02,-2.2629487150159138,-1.662838669384729,0.024626910328932758
78.03,-2.2464213443250154,-1.6887345161181981,0.024666057254035204
78.04,-2.22962832896793,-1.7145142078035522,0.024706004642687122
78.05,-2.212571663261158,-1.7401750910718934,0.024746769878547913
78.06,-2.195253341521127,-1.7657145125544336,0.024788370345277134
78.07000000000001,-2.177675358064337,-1.7911298188822757,0.024830823426534178
78.08,-2.1598397072072886,-1.816418356686523,0.024874146505978433
78.09,-2.1417483832664077,-1.841577472598386,0.024918356967269472
78.10000000000001,-2.1234033805581944,-1.866604513248968,0.024963472194066683
78.11,-2.1048066933991523,-1.891496825269373,0.02500950957002945
78.12,-2.0859603161057034,-1.9162517552908103,0.02505648647881735
78.13,-2.0668662429943776,-1.9408666499443488,0.0251044203040897
78.14,-2.047526468381596,-1.9653388558611977,0.025153328429506086
78.15,-2.0279429865838616,-1.989665719672461,0.02520322823872589
78.16,-2.008117791917679,-2.0138445880092433,0.025254137115408488
78.17,-1.9880528786994671,-2.0378728075027523,0.025306072443213472
78.18,-1.96775024124573,-2.061747724784093,0.025359051605800223
78.19,-1.9472118738729727,-2.085466686484371,0.025413091986828108
78.2,-1.9264397708976126,-2.109027039234792,0.02546821096995673
78.21000000000001,-1.9054359266361551,-2.132426129666462,0.025524425938845467
78.22,-1.8842023354051058,-2.155661304410487,0.025581754277153684
78.23,-1.8627409915208801,-2.1787299100980713,0.025640213368540988
78.24,-1.8410538893000155,-2.2016292933602895,0.02569982059666667
78.25,-1.8191430230589254,-2.224356800828345,0.025760593345190343
78.26,-1.7970103871141165,-2.246909779133345,0.025822548997771373
78.27,-1.7746579757820968,-2.2692855749063963,0.02588570493806912
78.28,-1.7520877833792787,-2.2914815347787014,0.025950078549743214
78.29,-1.7293018042221693,-2.313495005381368,0.02601568721645301
78.3,-1.706302032627277,-2.335323333345504,0.026082548321857867
78.31,-1.683090462911013,-2.35696386530231,0.02615067924961742
78.32000000000001,-1.6596690893898849,-2.3784139478828954,0.026220097383391025
78.33,-1.636039445879043,-2.399670794173734,0.026290798210707737
78.34,-1.6121950390682012,-2.4207293923785764,0.026362391489462064
78.35000000000001,-1.588135214805751,-2.441586669107116,0.026434754976706994
78.36,-1.5638626736586207,-2.462240557532498,0.026507924614973345
78.37,-1.5393801161936351,-2.4826889908279566,0.026581936346792238
78.38,-1.5146902429777571,-2.5029299021666094,0.02665682611469438
78.39,-1.4897957545778098,-2.5229612247216893,0.0267326298612109
78.4,-1.4646993515607218,-2.5427808916663426,0.02680938352887261
78.41,-1.4394037344934227,-2.562386836173717,0.026887123060210318
78.42,-1.4139116039427342,-2.581776991417044,0.026965884397755158
78.43,-1.3882256604755856,-2.6009492905694707,0.02704570348403794
78.44,-1.3623486046589068,-2.6199016668041457,0.027126616261589465
78.45,-1.3362831370595183,-2.6386320532942986,0.02720865867294088
78.46000000000001,-1.31003195824435,-2.6571383832130775,0.027291866660622985
78.47,-1.2835977687803335,-2.675418589733632,0.027376276167166577
78.48,-1.2569832692342866,-2.693470606029189,0.027461923135102817
78.49,-1.2301911601731788,-2.7112923652728735,0.027548843506962375
78.5,-1.203224142163827,-2.7288818006379114,0.027637073225276414
78.51,-1.176084915773163,-2.746236845297452,0.02772664823257573
78.52,-1.1487761815681192,-2.763355432424647,0.02781760447139111
78.53,-1.1213006401155114,-2.7802354951927204,0.02790997788425373
78.54,-1.093660991982272,-2.796874966774823,0.028003804413694374
78.55,-1.065859937735334,-2.813271780344108,0.02809912000224383
78.56,-1.0379001779415116,-2.829423869073796,0.02819596059243328
78.57000000000001,-1.0097844131677378,-2.8453291661370392,0.028294362126793506
78.58,-0.9815153439809466,-2.8609856047069915,0.028394360547855286
78.59,-0.9530956709479512,-2.876391117956873,0.02849599179814982
78.60000000000001,-0.9245280946356847,-2.891543639059836,0.028599291820207883
78.61,-0.8958153156110821,-2.9064411011890354,0.028704296556560243
78.62,-0.8669600344409548,-2.921081437517689,0.028811041949738114
78.63,-0.83796456047919,-2.9354623237225197,0.028919519235129924
78.64,-0.8088259989227775,-2.949578126755471,0.029029117371168187
78.65,-0.7795455292881538,-2.9634261526522248,0.0291396742534172
78.66,-0.7501262455989783,-2.9770049995031287,0.029251244496187063
78.67,-0.7205712418787852,-2.990313265398586,0.029363882713788356
78.68,-0.6908836121512336,-3.0033495484289428,0.029477643520531168
78.69,-0.6610664504399838,-3.0161124466845473,0.0295925815307256
78.7,-0.6311228507685684,-3.0286005582558,0.029708751358682232
78.71000000000001,-0.6010559071606474,-3.0408124812330497,0.029826207618711163
78.72,-0.5708687136398813,-3.052746813706644,0.029945004925122472
78.73,-0.5405643642298021,-3.0644021537669826,0.030065197892226763
78.74,-0.5101459529541135,-3.0757770995043976,0.030186841134333946
78.75,-0.4796165738363465,-3.0868702490092876,0.030309989265754626
78.76,-0.44897932090016185,-3.0976802003720008,0.030434696900798884
78.77,-0.4182372881692209,-3.108205551682889,0.030561018653776802
78.78,-0.38739356966705396,-3.1184449010323467,0.030689009138998993
78.79,-0.35645125941732214,-3.1283968465107246,0.03081872297077554
78.8,-0.3254134514436873,-3.1380599862083747,0.030950214763416507
78.81,-0.29428323976967896,-3.1474329182156904,0.031083539131232525
78.82000000000001,-0.2630637184189585,-3.1565142406230224,0.031218750688533668
78.83,-0.23175798141518822,-3.1653025515207243,0.03135590404963
78.84,-0.20036912278189667,-3.173796448999187,0.03149505382883216
78.85000000000001,-0.16890023654274577,-3.1819945311487627,0.03163625464045021
78.86,-0.13735441672139825,-3.189895396059806,0.031779561098794214
78.87,-0.10573474307299954,-3.1974976208567214,0.0319250244000349
78.88,-0.07404162111599104,-3.204795924283252,0.032072046751519305
78.89,-0.04227632017716554,-3.211786538906772,0.03222020860367274
78.9,-0.010442185597445933,-3.218468800012104,0.032369581611035404
78.91,0.0214574372822445,-3.2248420428840703,0.03252023742814748
78.92,0.0534192031211185,-3.2309056028075216,0.03267224770954981
78.93,0.08543976657825292,-3.2366588150672815,0.03282568410978257
78.94,0.11751578231272417,-3.242101014948174,0.03298061828338596
78.95,0.14964390498374558,-3.247231537735047,0.033137121884900804
78.96000000000001,0.18182078925039363,-3.252049718712725,0.0332952665688673
78.97,0.2140430897717447,-3.2565548931660335,0.03345512398982562
78.98,0.2463074612070123,-3.2607463963798176,0.03361676580231662
78.99,0.278610558215227,-3.264623563638898,0.033780263660880244
79.0,0.31094903545560265,-3.268185730228118,0.03394568922005736
79.01,0.34331954758721556,-3.2714322314323034,0.034113114134388146
79.02,0.37571874926914145,-3.274362402536283,0.03428261005841275
79.03,0.408143295160595,-3.276975578824897,0.03445424864667208
79.04,0.4405898399206518,-3.279271095582974,0.03462810155370627
79.05,0.4730550382083879,-3.2812482880953424,0.03480424043405549
79.06,0.505535544683018,-3.282906491646841,0.03498273694226065
79.07000000000001,0.5380280140036177,-3.284245041522299,0.035163662732861894
79.08,0.5705291008292631,-3.2852632730065467,0.03534708946039936
79.09,0.6030354598191686,-3.2859605213844194,0.03553308877941398
79.10000000000001,0.63554374563241,-3.286336121940748,0.0357217323444459
79.11,0.6680506129280636,-3.286389409960365,0.03591309181003524
79.12,0.7005536506313226,-3.286117106829889,0.03610675740056386
79.13,0.7330511559097566,-3.2855142972503506,0.03630194111655133
79.14,0.7655397636842652,-3.2845809794527594,0.03649870140786609
79.15,0.7980160753970251,-3.283317247897245,0.03669711387743182
79.16,0.8304766924902125,-3.2817231970439393,0.03689725412817219
79.17,0.8629182164061422,-3.2797989213529672,0.03709919776301174
79.18,0.8953372485869906,-3.27754451528446,0.03730302038487414
79.19,0.9277303904749341,-3.27496007329855,0.03750879759668306
79.2,0.9600942435122876,-3.27204568985536,0.037716605001363035
79.21000000000001,0.9924254091412275,-3.2688014594150223,0.03792651820183775
79.22,1.02472048880393,-3.265227476437671,0.03813861280103084
79.23,1.0569760839427103,-3.261323835383426,0.03835296440186688
79.24,1.0891887959996986,-3.2570906307124274,0.038569648607269226
79.25,1.121355226417209,-3.252527956884792,0.03878874102016244
79.26,1.1534719766374186,-3.247635908360655,0.039010317243470184
79.27,1.1855356481025043,-3.2424145796001533,0.039234452880116094
79.28,1.2175428422547796,-3.236864065063401,0.039461223533024774
79.29,1.2494901605364213,-3.2309844592105352,0.03969070480511985
79.3,1.281374204389607,-3.2247758565016933,0.03992297229932497
79.31,1.3131915752566496,-3.218238351396988,0.040158101618564736
79.32000000000001,1.3449388745797268,-3.2113720383565556,0.04039616836576279
79.33,1.3766127038010156,-3.204177011840537,0.040637248143842744
79.34,1.4082096847060752,-3.1966526945115605,0.04088131622012052
79.35000000000001,1.4397266897002656,-3.188791737261233,0.0411272955557449
79.36,1.4711604987082725,-3.1805929104628823,0.04137493971278443
79.37,1.50250783339112,-3.172057247889726,0.041624331072243045
79.38,1.5337654154096536,-3.1631857833150305,0.04187555201512328
79.39,1.564929966424898,-3.153979550512011,0.042128684922429084
79.4,1.5959982080977424,-3.144439583253922,0.042383812175163335
79.41,1.6269668620890787,-3.1345669153140183,0.04264101615432891
79.42,1.6578326500599294,-3.1243625804655144,0.04290037924092977
79.43,1.6885922936711852,-3.1138276124816646,0.043161983815968794
79.44,1.7192425145837378,-3.1029630451357257,0.04342591226044885
79.45,1.7497800344586087,-3.0917699122009092,0.04369224695537391
79.46000000000001,1.78020157495669,-3.080249247450471,0.043961070281746846
79.47,1.810503857738873,-3.06840208465767,0.04423246462057051
79.48,1.8406836044661785,-3.0562294575957134,0.04450651235284891
79.49,1.870737536799456,-3.0437324000378774,0.0447832958595845
79.5,1.9006623763997261,-3.030911945757368,0.04506289752178132
79.51,1.9304548449278802,-3.017769128527444,0.045345399720442194
79.52,1.960111664044812,-3.0043049821213663,0.04563088483656996
79.53,1.9896295554115397,-2.9905205403123376,0.04591943525116868
79.54,2.0190052406889567,-2.9764168368736184,0.04621113334524117
79.55,2.048235441537956,-2.961994905578471,0.04650606149979025
79.56,2.0773168796195556,-2.947255780200096,0.04680430209582001
79.57000000000001,2.106246276594649,-2.932200494511754,0.04710593751433326
79.58,2.13502035412413,-2.9168300822867095,0.04741105013633279
79.59,2.1636358338690154,-2.9011455772981596,0.04771972234282273
79.60000000000001,2.1920894374901994,-2.885148013319368,0.048032036514805865
79.61,2.2203778195611688,-2.8688381083529926,0.04834802862018173
79.62,2.248495815560064,-2.8522077537933774,0.048666394555424104
79.63,2.2764396185994467,-2.8352545271211294,0.04898655225189543
79.64,2.304206397778341,-2.8179804877620835,0.04930856034268285
79.65,2.331793322195653,-2.800387695142149,0.049632477460872126
79.66,2.3591975609502875,-2.7824782086872335,0.049958362239549026
79.67,2.3864162831412683,-2.7642540878231716,0.0502862733118007
79.68,2.4134466578675013,-2.7457173919758717,0.05061626931071291
79.69,2.440285854227893,-2.7268701805712445,0.05094840886937141
79.7,2.4669310413214647,-2.707714513035121,0.05128275062086337
79.71000000000001,2.4933793882471234,-2.6882524487934107,0.05161935319827454
79.72,2.5196280641037765,-2.6684860472720264,0.05195827523469067
79.73,2.5456742379904442,-2.6484173678967955,0.052299575363198944
79.74,2.571515079005997,-2.6280484700936593,0.05264331221688462
79.75,2.5971477562494534,-2.6073814132884436,0.05298954442883489
79.76,2.622569438819722,-2.5864182569070606,0.05333833063213551
79.77,2.647777295815711,-2.5651610603754254,0.05368972945987219
79.78,2.6727684963364378,-2.5436118831193606,0.054043799545132165
79.79,2.6975402094808114,-2.5217727845647806,0.05440059952100115
79.8,2.722089604347742,-2.4996458241376005,0.05476018802056487
79.81,2.746413850036244,-2.477233061263642,0.055122623676910565
79.82000000000001,2.770510115645228,-2.4545365553688194,0.055487965123123956
79.83,2.7943755702736044,-2.43155836587905,0.05585627099229074
79.84,2.8180073830203867,-2.408300552220152,0.05622759991749819
79.85000000000001,2.841402722984485,-2.384765173818042,0.05660201053183202
79.86,2.864558759264813,-2.360954290098638,0.0569795614683779
79.87,2.88747266096038,-2.3368699604877556,0.05736031136022313
79.88,2.9101415971700666,-2.312514244411348,0.05774431884045287
79.89,2.9325627369928817,-2.2878892012952288,0.058131642542154416
79.9,2.9547332495277385,-2.262996890565317,0.05852234109841346
79.91,2.9766499926767884,-2.237838783783726,0.05891639528580843
79.92,2.9983040268669763,-2.212405239769587,0.05931226069364685
79.93,3.0196908090998247,-2.1866945311621353,0.059709311173803827
79.94,3.0408083745265464,-2.160709745475286,0.060107539898680916
79.95,3.0616547582984426,-2.1344539702228444,0.06050694004068133
79.96000000000001,3.0822279955667264,-2.107930292918726,0.0609075047722066
79.97,3.10252612148261,-2.081141801076846,0.061309227265658246
79.98,3.122547171197394,-2.0540915822110075,0.06171210069343952
79.99,3.142289179862263,-2.026782723835166,0.062116118227951364
80.0,3.161750182628516,-1.9992183134631223,0.06252127304159702
80.01,3.180928214647366,-1.971401438608793,0.06292755830677801
80.02,3.1998213110700284,-1.9433351867860968,0.06333496719589586
80.03,3.2184275070477995,-1.9150226455088326,0.06374349288135381
80.04,3.2367448377318944,-1.8864669022909182,0.06415312853555338
80.05,3.254771338273529,-1.8576710446462732,0.0645638673308961
80.06,3.2725050438239975,-1.8286381600886943,0.06497570243978522
80.07000000000001,3.2899439895345157,-1.7993713361321007,0.06538862703462224
80.08,3.3070862105563017,-1.7698736602904126,0.06580263428780868
80.09,3.3239297420406464,-1.7401482200774248,0.06621771737174781
80.10000000000001,3.3404726191387666,-1.7101981030070572,0.06663386945884114
80.11,3.356712877001882,-1.6800263965932318,0.06705108372149018
80.12,3.3726485507812813,-1.649636188349741,0.06746935333209819
80.13,3.388277675628161,-1.6190305657905495,0.06788867146306611
80.14,3.4035982866938066,-1.5882126164294488,0.06830903128679719
80.15,3.4186084191294395,-1.5571854277803607,0.06873042597569295
80.16,3.4333061080862795,-1.5259520873572079,0.06915284870215489
80.17,3.4476893887156117,-1.4945156826737804,0.06957629263858629
80.18,3.461756296168656,-1.462879301244001,0.07000075095738867
80.19,3.475504865596636,-1.431046030581793,0.07042621683096349
80.2,3.488933132150833,-1.3990189582009442,0.07085268343171408
80.21000000000001,3.5020391309824683,-1.366801171615379,0.07128014393204192
80.22,3.514820897242767,-1.3343957583390216,0.07170859150434851
80.23,3.527276466083007,-1.301805805885658,0.07213801932103714
80.24,3.539403872654395,-1.2690344017692592,0.07256842055450871
80.25,3.5512007829297727,-1.23608416873058,0.07299970683341252
80.26,3.5626584665657903,-1.2029494856742766,0.07343029021722854
80.27,3.5737731753438733,-1.1696305471748445,0.07385947613667558
80.28,3.584543930035585,-1.1361309707721623,0.07428715304706343
80.29,3.594969751412442,-1.1024543740062502,0.07471320940370002
80.3,3.605049660245962,-1.06860437441713,0.07513753366189327
80.31,3.6147826773077067,-1.0345845895446788,0.07556001427695294
80.32000000000001,3.6241678233691927,-1.0003986369289177,0.07598053970418696
80.33,3.633204119201941,-0.966050134109869,0.07639899839890328
80.34,3.6418905855775088,-0.9315426986274082,0.07681527881641165
80.35000000000001,3.6502262432674155,-0.8968799480215578,0.07722926941201998
80.36,3.6582101130431823,-0.8620654998323402,0.07764085864103626
80.37,3.6658412156763642,-0.8271029715996299,0.07804993495877019
80.38,3.673118571938472,-0.7919959808634993,0.07845638682052913
80.39,3.6800412026010583,-0.7567481451638223,0.07886010268162282
80.4,3.6866081284356453,-0.7213630820406218,0.07926097099735918
80.41,3.6928183702137565,-0.6858444090339217,0.07965888022304622
80.42,3.6986709487069414,-0.6501957436835945,0.0800537188139936
80.43,3.704164884686724,-0.6144207035296635,0.08044537522550929
80.44,3.7092991989246293,-0.5785229061121534,0.08083373791290129
80.45,3.714072912192204,-0.5425059689709351,0.08121869533147923
80.46000000000001,3.718485045260973,-0.5063735096460333,0.0816001359365511
80.47,3.722534618902463,-0.47012914567747277,0.08197794818342494
80.48,3.726220653888218,-0.43377649460512335,0.08235202052741034
80.49,3.7295421709897596,-0.397319173969062,0.08272224142381476
80.5,3.73249819097863,-0.36076080130915855,0.08308849932794783
80.51,3.7350877346263562,-0.3241049941654378,0.08345068269511755
80.52,3.7373068683345747,-0.28735330005697957,0.08380822592559005
80.53,3.739149444318599,-0.25050551477859023,0.08416012548196071
80.54,3.7406152094091163,-0.21356540449034112,0.08450620588650923
80.55,3.741704053306607,-0.17653683354718078,0.08484631268866384
80.56,3.7424158657115565,-0.13942366630389996,0.08518029143785431
80.57000000000001,3.7427505363244458,-0.10222976711544726,0.0855079876835089
80.58,3.7427079548457565,-0.06495900033677171,0.08582924697505588
80.59,3.7422880109759715,-0.027615230322663276,0.08614391486192498
80.60000000000001,3.741490594415573,0.009797678571929092,0.08645183689354445
80.61,3.740315594865045,0.04727586199205602,0.08675285861934265
80.62,3.7387629020248663,0.08481545558292813,0.0870468255887492
80.63,3.736832405595523,0.12241259498954266,0.087333583351192
80.64,3.734523995277493,0.1600634158571108,0.08761297745610064
80.65,3.7318375607712606,0.19776405383068274,0.08788485345290346
80.66,3.728772991777313,0.2355106445553089,0.08814905689102887
80.67,3.7253301779961228,0.2732993236762009,0.08840543331990634
80.68,3.7215090091281775,0.31112622683840874,0.08865382828896427
80.69,3.7173093748739645,0.3489874896869828,0.0888940873476311
80.7,3.712731164933955,0.3868792478671347,0.08912605604533624
80.71000000000001,3.707774269008637,0.4247976370239145,0.08934957993150812
80.72,3.7024385767985,0.4627387928023726,0.0895645045555752
80.73,3.6967237823080055,0.5006989247889325,0.08977065334676655
80.74,3.6906247871512607,0.5386761085281597,0.0899672971142977
80.75,3.684139895418942,0.5766672772759314,0.09015406292340315
80.76,3.6772697969332353,0.6146684849138839,0.09033084314744504
80.77,3.6700151815163284,0.6526757853236539,0.09049753015978561
80.78,3.662376738990378,0.6906852323870394,0.09065401633378777
80.79,3.654355159177571,0.728692879985677,0.09080019404281375
80.8,3.645951131900097,0.766694782001203,0.0909359556602258
80.81,3.6371653469801086,0.8046869923154158,0.09106119355938679
80.82000000000001,3.6279984942397956,0.8426655648099517,0.09117580011365893
80.83,3.6184512635013486,0.8806265533664472,0.09127966769640457
80.84,3.6085243445869177,0.9185660118667007,0.09137268868098644
80.85000000000001,3.598218427318693,0.9564799941923484,0.09145475544076685
80.86,3.5875342015188676,0.994364554225027,0.09152576034910814
80.87,3.576472357009588,1.0322157458465342,0.09158559577937299
80.88,3.565033583613063,1.0700296229384534,0.09163415410492368
80.89,3.553218571151437,1.1078022393825822,0.09167132769912278
80.9,3.5410280094469035,1.1455296490605569,0.0916970089353327
80.91,3.5284625883216574,1.1832079058540144,0.09171109018691585
80.92,3.51552299759784,1.2208330636447526,0.09171346382723475
80.93,3.5022079143679417,1.2584013936602008,0.09170386824241866
80.94,3.488510223798383,1.2959098629579207,0.0916816320860475
80.95,3.4744307290810483,1.333354673558803,0.0916467324841499
80.96000000000001,3.459971147485238,1.3707319331469625,0.09159921856899893
80.97,3.4451331962802554,1.4080377494065133,0.09153913947286774
80.98,3.4299185927353384,1.4452682300217297,0.09146654432802918
80.99,3.414329054119813,1.4824194826766732,0.0913814822667565
81.0,3.3983662977029154,1.5194876150556174,0.09128400242132251
81.01,3.3820320407539497,1.5564687348426771,0.09117415392400034
81.02,3.3653280005422204,1.5933589497219676,0.09105198590706323
81.03,3.348255894336962,1.6301543673777616,0.09091754750278387
81.04,3.3308174394074794,1.6668510954941742,0.09077088784343544
81.05,3.313014353023079,1.7034452417553214,0.09061205606129126
81.06,3.2948483524529926,1.7399329138454749,0.09044110128862387
81.07000000000001,3.2763211549665257,1.77631021944875,0.09025807265770655
81.08,3.2574344778329873,1.8125732662492635,0.09006301930081263
81.09,3.238190038321605,1.8487181619312858,0.08985599035021459
81.10000000000001,3.218589553701687,1.8847410141789331,0.08963703493818573
81.11,3.1986347412425427,1.9206379306763224,0.08940620219699943
81.12,3.1783273182133973,1.9564050191077231,0.08916354125892809
81.13,3.1576690018835896,1.9920383871572018,0.0889091012562454
81.14,3.1366615095223427,2.027534142509027,0.08864293132122371
81.15,3.115306558398967,2.062888392847316,0.0883650805861364
81.16,3.093605865782775,2.098097245856186,0.08807559818325694
81.17,3.071561148942986,2.133156809219906,0.08777453324485754
81.18,3.0491741251489124,2.168063190622593,0.08746193490321162
81.19,3.0264449642110565,2.202812383060578,0.08713785029363688
81.2,3.0033656284457417,2.237399886644518,0.086802381896949
81.21000000000001,2.9799369271817597,2.2718220439520267,0.08645575033328973
81.22,2.9561615427314605,2.3060753506875296,0.08609818681799808
81.23,2.932042157407092,2.3401563025555987,0.08572992256641156
81.24,2.9075814535210385,2.374061395260611,0.08535118879386973
81.25,2.882782113385546,2.4077871245071374,0.08496221671571003
81.26,2.8576468193129663,2.4413299859996034,0.08456323754727149
81.27,2.83217825361565,2.4746864754424367,0.08415448250389324
81.28,2.8063790986058414,2.5078530885402053,0.08373618280091259
81.29,2.7802520365958925,2.540826320997337,0.08330856965366866
81.3,2.7537997498981563,2.5736026685182587,0.08287187427750056
81.31,2.727024920824874,2.6061786268075386,0.0824263278877456
81.32000000000001,2.6999302316883984,2.6385506915696033,0.08197216169974289
81.33,2.672518364801085,2.670715358508882,0.0815096069288316
81.34,2.6447920024751714,2.7026691233299402,0.08103889479034893
81.35000000000001,2.616753827023012,2.7344084817372067,0.08056025649963404
81.36,2.5884065207569638,2.7659299294351105,0.08007392327202616
81.37,2.559752765989261,2.7972299621282155,0.0795801263228624
81.38,2.530795245032302,2.828305075520907,0.07907909686748268
81.39,2.50153664019832,2.859151765317748,0.07857106612122411
81.4,2.471979633799671,2.889766527223168,0.07805626529942589
81.41,2.4421269081487145,2.9201458569415983,0.07753492561742727
81.42,2.411981145557681,2.9502862501775997,0.0770072782905653
81.43,2.3815450283389286,2.9801842026356025,0.07647355453417923
81.44,2.3508212388048175,3.009836210020039,0.07593398556360832
81.45,2.3198124592675753,3.0392387680354687,0.07538880259418958
81.46000000000001,2.288521190688258,3.0683883193268784,0.0748382358345908
81.47,2.256943152104136,3.097279411903505,0.07428250239454952
81.48,2.2250779524936677,3.125907984290222,0.07372191012028095
81.49,2.192928950512754,3.154271115040303,0.07315679943929343
81.5,2.160499504817117,3.182365882707184,0.07258751077909209
81.51,2.127792974062613,3.2101893658441796,0.07201438456718448
81.52,2.094812716905102,3.2377386430046053,0.07143776123107817
81.53,2.061562092000302,3.2650107927418945,0.07085798119827824
81.54,2.0280444580040706,3.2920028936093635,0.07027538489629229
81.55,1.9942631735722693,3.318712024160329,0.06969031275262784
81.56,1.9602215973606136,3.345135262948222,0.06910310519479002
81.57000000000001,1.9259230880249634,3.3712696885263593,0.06851410265028639
81.58,1.8913710042211795,3.3971123794480595,0.06792364554662451
81.59,1.8565687046049764,3.422660414266751,0.06733207431130947
81.60000000000001,1.8215195478322146,3.447910871535752,0.06673972937184884
81.61,1.786226892558756,3.472860829808382,0.06614695115575021
81.62,1.7506940974403131,3.4975073676380672,0.06555408009051863
81.63,1.7149245211327986,3.521847563578093,0.06496145660366255
81.64,1.6789215222919225,3.5458784961818823,0.064369421122687
81.65,1.6426884595735478,3.569597244002756,0.06377831407509958
81.66,1.6062286916335382,3.5930008855940363,0.06318847588840787
81.67,1.569545577127602,3.616086499509145,0.06260024699011692
81.68,1.5326424747116032,3.6388511643014025,0.06201396780773433
81.69,1.4955227177934205,3.661291943539428,0.0614299706560773
81.7,1.4581851939275725,3.6834033299764486,0.06084713218478275
81.71000000000001,1.420630317599114,3.705180954555893,0.06026472689098067
81.72,1.3828619499333488,3.726622543086341,0.05968311703413779
81.73,1.3448839520554199,3.747725821376465,0.059102664873718354
81.74,1.3067001850906856,3.7684885152348144,0.058523732669189914
81.75,1.2683145101642876,3.7889083504700585,0.057946682680016716
81.76,1.2297307884015303,3.8089830528907784,0.05737187716566548
81.77,1.1909528809277194,3.8287103483055565,0.05679967838560294
81.78,1.1519846488679946,3.848087962523059,0.05623044859929334
81.79,1.1128299533476615,3.867113621351868,0.05566455006620341
81.8,1.0734926554920263,3.885785050600567,0.05510234504579985
81.81,1.0339766164262274,3.9040999760778208,0.05454419579754695
81.82000000000001,0.9942856972755709,3.922056123592211,0.05399046458091142
81.83,0.9544237591653638,3.939651218952325,0.05344151365535993
81.84,0.9143946632207431,3.956882987966822,0.052897705280356824
81.85000000000001,0.8742022705670157,3.9737491564442875,0.052359401715368785
81.86,0.8338504423294893,3.9902474501933085,0.05182696521986246
81.87,0.7933430396332993,4.006375595022542,0.05130075805330224
81.88,0.7526839236038115,4.022131316740553,0.050781142475155513
81.89,0.7118769553661602,4.037512341155995,0.05026848074488671
81.9,0.6709255819974673,4.052516034819247,0.049762783080469754
81.91,0.6298295329068637,4.06713665969755,0.04926079823068106
81.92,0.5885918726277151,4.0813716080314455,0.04876191432042728
81.93,0.5472167984073136,4.095219279445256,0.04826646217076842
81.94,0.5057085074929528,4.108678073563304,0.047774772602764456
81.95,0.4640711971317487,4.121746390009966,0.04728717643747327
81.96000000000001,0.4223090645709944,4.134422628409564,0.046804004495954864
81.97,0.3804263070579834,4.146705188386422,0.04632558759926919
81.98,0.338427121839831,4.158592469564915,0.04585225656847417
81.99,0.29631570616389047,4.170082871569349,0.04538434222463044
82.0,0.2540962572772765,4.181174794024099,0.044922175388795955
82.01,0.21177297242728282,4.191866636553489,0.044466086882030666
82.02,0.16935004886120397,4.202156798781844,0.04401640752539449
82.03,0.12683168382615329,4.212043680333534,0.04357346813994544
82.04,0.08422207456942543,4.221525680832885,0.04313759954674344
82.05,0.04152541833831491,4.230601199904226,0.042709132566848385
82.06,-0.0012540876200651807,4.2392686371719215,0.04228839802131834
82.07000000000001,-0.044112246058420346,4.2475263922603,0.0418757267312132
82.08,-0.08704485972986829,4.255372864793141,0.041471449517004204
82.09,-0.13004985581991296,4.2628036956125035,0.041072815499857224
82.10000000000001,-0.17312500227149058,4.269815023504296,0.0406770765159196
82.11,-0.21626586864278755,4.276405987456064,0.04028455938477858
82.12,-0.2594680244921741,4.282575726455384,0.039895590926019756
82.13,-0.30272703937777534,4.288323379489793,0.039510497959230916
82.14,-0.34603848285796174,4.293648085546863,0.03912960730399767
82.15,-0.38939792449091976,4.298548983614141,0.03875324577990726
82.16,-0.43280093383483526,4.303025212679177,0.03838174020654692
82.17,-0.47624308044807945,4.307075911729541,0.03801541740350229
82.18,-0.5197199338888383,4.310700219752779,0.03765460419036059
82.19,-0.5632270637152978,4.313897275736445,0.03729962738670902
82.2,-0.6067600394858291,4.316666218668104,0.03695081381213327
82.21000000000001,-0.6503144307586182,4.3190061875353045,0.03660849028622055
82.22,-0.693885807091851,4.320916321325602,0.03627298362855802
82.23,-0.737469738043899,4.3223957590265565,0.03594462065873143
82.24,-0.7810617931728862,4.3234436396257205,0.03562372819632841
82.25,-0.8246575420371838,4.324059102110652,0.03531063306093475
82.26,-0.868252554194978,4.324241285468905,0.0350056620721376
82.27,-0.9118430213336838,4.323988065899813,0.034707778746223904
82.28,-0.95542683743447,4.323294137871219,0.0344121206603297
82.29,-0.9989997102373381,4.322158969030506,0.034118498915807954
82.3,-1.0425571151228352,4.320582513538984,0.03382722859600956
82.31,-1.0860945274716938,4.318564725557957,0.03353862478428418
82.32000000000001,-1.129607422664461,4.3161055592487365,0.033253002563982725
82.33,-1.173091276081684,4.313204968772634,0.03297067701845607
82.34,-1.2165415631040952,4.309862908290951,0.0326919632310539
82.35000000000001,-1.2599537591122418,4.306079331964997,0.032417176285127115
82.36,-1.3033233394866712,4.30185419395609,0.03214663126402658
82.37,-1.346645779608115,4.297187448425524,0.03188064325110201
82.38,-1.3899165548570598,4.292079049534622,0.03161952732970465
82.39,-1.4331311406142369,4.286528951444677,0.031363598583184236
82.4,-1.4762850122601938,4.280537108317005,0.03111317209489164
82.41,-1.5193736451754782,4.274103474312923,0.030868562948177695
82.42,-1.562392514740822,4.267228003593721,0.030630086226392184
82.43,-1.605337096336772,4.259910650320718,0.030398057012885952
82.44,-1.6482028653438767,4.25215136865523,0.0301727903910098
82.45,-1.6909852971428667,4.243950112758547,0.029954601444113573
82.46000000000001,-1.7336805516199953,4.235304187913786,0.02974130799241716
82.47,-1.7762852863907725,4.226209627906652,0.029529033675970196
82.48,-1.8187950665560157,4.216667168946506,0.0293179761495812
82.49,-1.8612054399017735,4.206677617841717,0.029108396904519447
82.5,-1.9035119542143355,4.196241781400599,0.028900557432053005
82.51,-1.945710157279811,4.185360466431507,0.02869471922345085
82.52,-1.9877955968843086,4.1740344797428,0.02849114376998193
82.53,-2.029763820814118,4.162264628142788,0.028290092562914336
82.54,-2.0716103768553475,4.150051718439827,0.028091827093517034
82.55,-2.113330812794108,4.13739655744228,0.027896608853058964
82.56,-2.154920676416687,4.12429995195845,0.027704699332808242
82.57000000000001,-2.196375515509194,4.110762708796697,0.027516360024033817
82.58,-2.23769087785774,4.096785634765385,0.027331852418004617
82.59,-2.278862311248611,4.082369536672814,0.027151438005988786
82.60000000000001,-2.3198853634679177,4.067515221327347,0.026975378279255256
82.61,-2.3607555823017714,4.052223495537347,0.026803934729072942
82.62,-2.4014685155364575,4.036495166111113,0.02663736884671002
82.63,-2.4420197109580295,4.020331039857031,0.026475942123435636
82.64,-2.4824047169412693,4.003731885395681,0.02631989035202866
82.65,-2.5226192011018536,3.9866940191906757,0.026166322892946906
82.66,-2.562658967022234,3.9692157798731365,0.026013279659828647
82.67,-2.602519800915654,3.951298849028919,0.02586096230158962
82.68,-2.6421974889951843,3.932944908243954,0.025709572467146204
82.69,-2.6816878174738985,3.914155639104172,0.025559311805414785
82.7,-2.720986572565037,3.8949327231954256,0.025410381965311105
82.71000000000001,-2.760089540481673,3.8752778421036465,0.025262984595751544
82.72,-2.7989925074368793,3.855192677414768,0.025117321345652473
82.73,-2.8376912596438952,3.8346789107146386,0.024973593863929652
82.74,-2.8761815833157405,3.813738223589221,0.024832003799499652
82.75,-2.9144592646656524,3.792372297624362,0.02469275280127824
82.76,-2.952520089906705,3.7705828144059947,0.024556042518181786
82.77,-2.990359845251973,3.748371455520057,0.02442207459912665
82.78,-3.0279743169146935,3.7257399025523905,0.024291050693028615
82.79,-3.0653592911079413,3.7026898370889314,0.024163172448804043
82.8,-3.102510554044792,3.679222940715619,0.024038641515369275
82.81,-3.1394238919384794,3.6553408950182913,0.023917659541640126
82.82000000000001,-3.1760950910020807,3.6310453815828865,0.023800428176532943
82.83,-3.212519937448672,3.606338081995345,0.023687149068964054
82.84,-3.2486934489872,3.5812168049439004,0.023576174675306438
82.85000000000001,-3.2846107846321595,3.5556792761263263,0.023465509709654837
82.86,-3.320268151967092,3.529728059136897,0.02335529585093387
82.87,-3.3556617600224863,3.5033657245298113,0.023245677972962307
82.88,-3.3907878178286284,3.4765948428594164,0.023136800949559555
82.89,-3.4256425344160055,3.44941798467991,0.023028809654544388
82.9,-3.4602221188149547,3.4218377205456014,0.02292184896173606
82.91,-3.4945227800558136,3.3938566210108045,0.022816063744953805
82.92,-3.528540727169067,3.3654772566297115,0.022711598878016416
82.93,-3.5622721691850527,3.336702197956636,0.022608599234743135
82.94,-3.5957133151341107,3.3075340155458908,0.022507209688953193
82.95,-3.6288603740467225,3.277975279951667,0.022407575114465398
82.96000000000001,-3.6617095549532275,3.248028561728278,0.022309840385098978
82.97,-3.6942570668839667,3.21769643143004,0.022214150374673166
82.98,-3.726499118869419,3.1869814596111397,0.022120649957006775
82.99,-3.7584319199398806,3.1558862168259374,0.022029484005919163
83.0,-3.7900516791258285,3.1244132736286168,0.02194079739522916
83.01,-3.821354605457604,3.092565200573495,0.021854734998755992
83.02,-3.8523369079655505,3.060344568214891,0.02177144169031886
83.03,-3.882994795680143,3.0277539471069854,0.021691062343736627
83.04,-3.9133228565397995,2.994792146564555,0.02161260015746481
83.05,-3.9433152933814157,2.9614567193146777,0.021534482829811213
83.06,-3.9729689355805102,2.927751070597397,0.02145678539469008
83.07000000000001,-4.0022806352892975,2.8936786574170656,0.021379598019791588
83.08,-4.031247244659995,2.8592429367780405,0.021303010872805915
83.09,-4.059865615844941,2.824447365684529,0.021227114121422905
83.10000000000001,-4.088132600996353,2.7892954011408873,0.021151997933332736
83.11,-4.116045052266449,2.753790500151472,0.02107775247622557
83.12,-4.143599821807565,2.717936119720489,0.021004467917791272
83.13,-4.170793761771882,2.6817357168523466,0.02093223442572011
83.14,-4.1976237243117325,2.6451927485512483,0.020861142167701942
83.15,-4.224086561579337,2.6083106718215525,0.020791281311426938
83.16,-4.250179125726915,2.571092943667618,0.020722742024585263
83.17,-4.2758982689068,2.5335430210936454,0.020655614474866787
83.18,-4.301240843271209,2.495664361103995,0.02058998882996167
83.19,-4.326203700972369,2.4574604207030264,0.02052595525756007
83.2,-4.350783694162604,2.4189346568949386,0.02046360392535187
83.21000000000001,-4.374977674994138,2.380090526684092,0.02040302500102722
83.22,-4.398782495619195,2.3409314870748483,0.020344308652276284
83.23,-4.4221950081901,2.3014609950714036,0.02028754504678895
83.24,-4.445212064859043,2.261682507678176,0.02023282435225544
83.25,-4.467830232940992,2.221599084880574,0.020180173623248716
83.26,-4.49004118645194,2.181206849305462,0.0201284669508366
83.27,-4.511840553074331,2.14050715538708,0.020077290396558548
83.28,-4.5332261138903345,2.0995043205384993,0.020026684508431685
83.29,-4.554195649982028,2.0582026621729654,0.01997668983447336
83.3,-4.57474694243149,2.0166064977037244,0.019927346922700914
83.31,-4.5948777723208885,1.9747201445438456,0.019878696321131487
83.32000000000001,-4.614585920732299,1.9325479201065747,0.019830778577782423
83.33,-4.633869168747805,1.8900941418051596,0.01978363424067106
83.34,-4.652725297449568,1.847363127052667,0.019737303857814543
83.35000000000001,-4.67115208791967,1.8043591932623442,0.01969182797723021
83.36,-4.689147321240192,1.7610866578474398,0.019647247146935398
83.37,-4.706708778493294,1.7175498382210184,0.019603601914947262
83.38,-4.723834240761033,1.6737530517963908,0.01956093282928319
83.39,-4.740521489125568,1.6297006159866199,0.019519280437960345
83.4,-4.756768304668981,1.5853968482049547,0.01947868528899606
83.41,-4.772572468473357,1.540846065864646,0.01943918793040766
83.42,-4.787931761620851,1.4960525863787546,0.019400828910212314
83.43,-4.8028439651935475,1.4510207271605307,0.01936364877642735
83.44,-4.817306860273534,1.4057548056232259,0.019327688077070096
83.45,-4.831318227942958,1.3602591391798988,0.01929298736015772
83.46000000000001,-4.84487584928391,1.314538045243801,0.01925958717370755
83.47,-4.857977505378478,1.2685958412281846,0.01922752806573691
83.48,-4.870620977308808,1.222436844546107,0.019196850584262976
83.49,-4.882804046156971,1.1760653726108858,0.019167595277303117
83.5,-4.894520172721529,1.1294815947363548,0.019139523070695736
83.51,-4.90576189770592,1.0826845166683088,0.019112266290341236
83.52,-4.916528092117808,1.0356790452141253,0.019085823365448184
83.53,-4.9268176641246635,0.9884701223281134,0.01906019499928511
83.54,-4.936629521893915,0.941062689964782,0.01903538189512065
83.55,-4.945962573592991,0.8934616900786414,0.01901138475622344
83.56,-4.954815727389359,0.8456720646239988,0.01898820428586202
83.57000000000001,-4.963187891450451,0.7976987555553642,0.018965841187305023
83.58,-4.9710779739436965,0.7495467048272486,0.018944296163821085
83.59,-4.97848488303656,0.7012208543939575,0.01892356991867875
83.60000000000001,-4.9854075268964735,0.6527261462100019,0.018903663155146647
83.61,-4.99184481369087,0.6040675222298932,0.018884576576493405
83.62,-4.99779565158721,0.555249924407936,0.018866310885987576
83.63,-5.003258948752919,0.506278294698711,0.018848866786897817
83.64,-5.008233613355455,0.45715757505652166,0.018832244982492675
83.65,-5.012718553562253,0.40789270743588013,0.018816446176040787
83.66,-5.016712677540749,0.358488633791299,0.018801471070810767
83.67,-5.020214893458397,0.30895029607708036,0.018787320370071182
83.68,-5.0232241094826335,0.25928263624773673,0.01877399477709065
83.69,-5.025739233780898,0.20949059625778133,0.018761494995137802
83.7,-5.027759174520639,0.15957911806151537,0.018749821727481197
83.71000000000001,-5.029282839869297,0.10955314361345181,0.01873897567738946
83.72,-5.030309137994311,0.059417614868104485,0.018728957548131205
83.73,-5.030836977063127,0.009177473779773182,0.01871976804297501
83.74,-5.030861393337194,-0.04116465911669323,0.018711407664721322
83.75,-5.030373646934401,-0.09160863055020371,0.01870387986762609
83.76,-5.0293735992769015,-0.14214930552859814,0.018697191264324012
83.77,-5.027861400245819,-0.19278137896069877,0.018691348526478135
83.78,-5.02583719972227,-0.24349954575554386,0.018686358325751468
83.79,-5.023301147587374,-0.2942985008219557,0.018682227333807047
83.8,-5.020253393722259,-0.3451729390687561,0.018678962222307905
83.81,-5.016694088008034,-0.3961175554049842,0.018676569662917062
83.82000000000001,-5.012623380325825,-0.44712704473946185,0.018675056327297553
83.83,-5.008041420556758,-0.49819610198101066,0.018674428887112408
83.84,-5.00294835858194,-0.54931942203867,0.01867469401402465
83.85000000000001,-4.9973443442824985,-0.6004916998212618,0.018675858379697315
83.86,-4.991229527539563,-0.6517076302376075,0.018677928655793423
83.87,-4.984604058234235,-0.7029619081967466,0.018680911513976012
83.88,-4.977468086247654,-0.754249228607428,0.0186848136259081
83.89,-4.969821761460921,-0.8055642863786917,0.01868964166325273
83.9,-4.9616652337551646,-0.8569017764193592,0.018695402297672924
83.91,-4.952998653011518,-0.9082563936382514,0.0187021022008317
83.92,-4.943822169111077,-0.9596228329444089,0.01870974804439211
83.93,-4.934135931934975,-1.010995789246653,0.018718346500017167
83.94,-4.923940091364345,-1.0623699574538044,0.01872790423936989
83.95,-4.91323479728028,-1.113740032474904,0.018738427934113334
83.96000000000001,-4.902020199563914,-1.1651007092187728,0.018749924255910516
83.97,-4.890296448096383,-1.2164466825942324,0.018762399876424446
83.98,-4.878060646902863,-1.267773642854461,0.01877585960290599
83.99,-4.865303415507186,-1.31907956360041,0.01879029885830077
84.0,-4.852025368427378,-1.3703593387117696,0.01880571303676519
84.01,-4.838227952574818,-1.4216075969398059,0.018822097815008182
84.02,-4.823912614860891,-1.472818967035785,0.01883944886973868
84.03,-4.809080802196918,-1.523988077751191,0.018857761877665677
84.04,-4.793733961494279,-1.5751095578372905,0.01887703251549811
84.05,-4.777873539664361,-1.6261780360453497,0.018897256459944906
84.06,-4.761500983618481,-1.6771881411268525,0.01891842938771507
84.07000000000001,-4.744617740268023,-1.7281345018330652,0.018940546975517527
84.08,-4.727225256524373,-1.7790117469152547,0.0189636049000612
84.09,-4.709324979298846,-1.8298145051249044,0.018987598838055113
84.10000000000001,-4.690918355502827,-1.8805374052132806,0.01901252446620818
84.11,-4.672006832047705,-1.9311750759316504,0.019038377461229317
84.12,-4.65259185584479,-1.9817221460314967,0.019065153499827556
84.13,-4.632674873805498,-2.0321732442640146,0.01909284825871177
84.14,-4.612257332841134,-2.0825229993806866,0.019121457414591
84.15,-4.59134067986309,-2.13276604013278,0.019150976644174148
84.16,-4.569926361782757,-2.1828969952715616,0.019181401624170133
84.17,-4.548015825511437,-2.232910493548514,0.01921272803128799
84.18,-4.525610517960523,-2.282801163714904,0.019244951542236637
84.19,-4.502711886041409,-2.332563634522,0.019278067833724974
84.2,-4.479321376665393,-2.3821925347212822,0.019312072582462047
84.21000000000001,-4.455440436743867,-2.4316824930640197,0.01934696146515677
84.22,-4.431067745678158,-2.481028243556311,0.019382712408933554
84.23,-4.406190126771509,-2.5302251007999437,0.019419239183791293
84.24,-4.380808226587191,-2.5792680471458103,0.019456561944588443
84.25,-4.35492507575464,-2.628151987076114,0.019494717309633383
84.26,-4.328543704903401,-2.6768718250728507,0.019533741897234325
84.27,-4.301667144663023,-2.7254224656180144,0.01957367232569948
84.28,-4.274298425662939,-2.773798813193808,0.019614545213337234
84.29,-4.246440578532697,-2.821995772282227,0.019656397178455794
84.3,-4.218096633901847,-2.870008247365267,0.01969926483936337
84.31,-4.189269622399818,-2.9178311429251287,0.019743184814368347
84.32000000000001,-4.159962574656159,-2.965459363443809,0.01978819372177894
84.33,-4.130178521300424,-3.012887813403304,0.019834328179903344
84.34,-4.099920492962037,-3.0601113972858127,0.019881624807049962
84.35000000000001,-4.06919152027055,-3.1071250195733326,0.019930120221526997
84.36,-4.037994633855517,-3.1539235847478615,0.019979851041642644
84.37,-4.0063328643463585,-3.200501997291596,0.020030853885705316
84.38,-3.9742092423726754,-3.246855161686469,0.02008316537202313
84.39,-3.9416267985638855,-3.2929779824146763,0.02013682211890451
84.4,-3.9085885635495434,-3.3388653639582158,0.020191860744657647
84.41,-3.8750975679592075,-3.384512210799087,0.020248317867590727
84.42,-3.8411568424222917,-3.4299134274194847,0.02030623010601218
84.43,-3.806769417568353,-3.475063918301407,0.020365634078230194
84.44,-3.771938324026951,-3.5199585879268556,0.02042656640255295
84.45,-3.7366665924274964,-3.5645923407780225,0.020489063697288888
84.46000000000001,-3.7009572533995483,-3.6089600813369076,0.020553162580746197
84.47,-3.6648133375726677,-3.653056714085512,0.02061889967123304
84.48,-3.628237875576262,-3.696877143506027,0.020686311587057884
84.49,-3.591233898039944,-3.7404162740803906,0.020755434946528796
84.5,-3.5538044355931193,-3.783669010290792,0.020826306367954243
84.51,-3.515952518865349,-3.826630256619233,0.020898962469642398
84.52,-3.4776796718707703,-3.8692946929061764,0.020973358507828208
84.53,-3.4389751692798574,-3.9116553659127633,0.021048775537018408
84.54,-3.399839724505847,-3.953707393244555,0.02112508834977562
84.55,-3.3602776129486123,-3.9954464596958346,0.021202361727504872
84.56,-3.3202931100078565,-4.0368682500610635,0.02128066045161153
84.57000000000001,-3.279890491083452,-4.0779684491345245,0.021360049303500626
84.58,-3.2390740315752726,-4.118742741710504,0.021440593064577185
84.59,-3.1978480068830186,-4.159186812583458,0.021522356516246576
84.60000000000001,-3.1562166924065638,-4.1992963465476745,0.02160540443991383
84.61,-3.1141843635457844,-4.239067028397438,0.021689801616983966
84.62,-3.0717552957003766,-4.278494542927203,0.021775612828862364
84.63,-3.0289337642702776,-4.317574574931203,0.021862902856953925
84.64,-2.985724044655181,-4.35630280920389,0.02195173648266404
84.65,-2.9421304122549636,-4.394674930539551,0.022042178487397722
84.66,-2.898157142469505,-4.432686623732477,0.022134293652559985
84.67,-2.8538085106984954,-4.470333573577117,0.022228146759556228
84.68,-2.8090887923418135,-4.507611464867758,0.02232380258979147
84.69,-2.7640022627993392,-4.544515982398693,0.022421325924670707
84.7,-2.718553197470761,-4.581042810964369,0.022520781545599357
84.71000000000001,-2.6727458717559585,-4.617187635359076,0.02262223423398243
84.72,-2.6265845610548135,-4.6529461403771055,0.022725748771224914
84.73,-2.5800735407670112,-4.6883140108129036,0.02283138993873225
84.74,-2.5332170862925,-4.72328693146071,0.022939222517909273
84.75,-2.4860194730309617,-4.75786058711497,0.023049311290161436
84.76,-2.4384849763822793,-4.792030662569974,0.023161721036893724
84.77,-2.3906178717463376,-4.825792842620016,0.02327651653951112
84.78,-2.342422434522816,-4.859142812059538,0.023393762579419088
84.79,-2.2938979192536815,-4.892073855710385,0.023512953860041715
84.8,-2.2450414863868238,-4.924578576232996,0.02363332475982123
84.81,-2.19585816660627,-4.956653554527729,0.023754987957729547
84.82000000000001,-2.146353070889475,-4.988295410979768,0.023878065171220136
84.83,-2.0965313102138965,-5.019500765974303,0.024002678117746444
84.84,-2.0463979955567786,-5.050266239896653,0.024128948514762466
84.85000000000001,-1.9959582378955774,-5.0805884531320045,0.024256998079721655
84.86,-1.9452171482077514,-5.110464026065547,0.02438694853007746
84.87,-1.8941798374705427,-5.139889579082599,0.024518921583283882
84.88,-1.8428514166614822,-5.168861732568306,0.024653038956794184
84.89,-1.7912369967578097,-5.197377106907982,0.024789422368062374
84.9,-1.7393416887369844,-5.225432322486819,0.0249281935345419
84.91,-1.6871706035764662,-5.253023999690009,0.025069474173686195
84.92,-1.634728852253493,-5.280148758902861,0.025213386002949287
84.93,-1.582021545745525,-5.306803220510568,0.025360050739784618
84.94,-1.529053795030023,-5.332984004898324,0.025509590101645604
84.95,-1.475830711084223,-5.358687732451436,0.025662125805986303
84.96000000000001,-1.4223574048855858,-5.383911023555098,0.025817779570260137
84.97,-1.368638987411574,-5.408650498594506,0.025976673111920513
84.98,-1.3146805696394213,-5.432902777954962,0.026138928148421517
84.99,-1.2604872625466663,-5.456664482021629,0.026304666397216316
85.0,-1.2060641771105414,-5.479932231179807,0.02647400957575902
85.01,-1.1514150142816337,-5.502701231851151,0.026646738963843696
85.02,-1.0965384325929113,-5.524961818578082,0.02682137711799582
85.03,-1.041439290977261,-5.546710799471328,0.02699788641449384
85.04,-0.9861233393407172,-5.567945890787299,0.0271764410630393
85.05,-0.9305963275893154,-5.588664808782404,0.02735721527333372
85.06,-0.8748640056288544,-5.608865269713145,0.027540383255079404
85.07000000000001,-0.8189321233653697,-5.628544989835931,0.02772611921797788
85.08,-0.7628064307048976,-5.647701685407177,0.027914597371730666
85.09,-0.7064926775532354,-5.666333072683377,0.028105991926040078
85.10000000000001,-0.6499966138164192,-5.684436867920946,0.028300477090607644
85.11,-0.5933239894004864,-5.702010787376298,0.028498227075134858
85.12,-0.5364805542112323,-5.719052547305925,0.028699416089324074
85.13,-0.479472058154775,-5.735559863966219,0.0289042183428765
85.14,-0.4223042511369094,-5.751530453613667,0.029112808045494504
85.15,-0.36498288306367277,-5.766962032504686,0.029325359406879588
85.16,-0.3075137038411033,-5.781852316895698,0.02954204663673322
85.17,-0.2499024633749949,-5.796199023043183,0.029763043944757803
85.18,-0.1921549115713853,-5.809999867203562,0.02998852554065482
85.19,-0.13427679833631312,-5.823252565633257,0.030218665634125726
85.2,-0.07627387357557103,-5.835954834588746,0.03045363843487296
85.21000000000001,-0.018151887195197558,-5.84810439032645,0.030693618152597982
85.22,0.04008341089876821,-5.859698949102794,0.030938778997002224
85.23,0.09842643046181926,-5.8707359605750185,0.03118923001618658
85.24,0.1568753844313161,-5.8812066739124,0.0314435038214358
85.25,0.21542598369176935,-5.891106901360422,0.03170109185083025
85.26,0.27407214085599774,-5.900435516360663,0.03196220999896861
85.27,0.3328077685368195,-5.909191392354708,0.03222707416044952
85.28,0.39162677934730317,-5.9173734027841745,0.032495900229872775
85.29,0.4505230859002671,-5.924980421090645,0.03276890410183702
85.3,0.5094906008085291,-5.932011320715705,0.03304630167094088
85.31,0.5685232366851585,-5.938464975100969,0.033328308831784184
85.32000000000001,0.6276149061429733,-5.9443402576880215,0.033615141478965556
85.33,0.6867595217947912,-5.94963604191845,0.03390701550708362
85.34,0.7459509962536816,-5.954351201233864,0.03420414681073822
85.35000000000001,0.8051832421324625,-5.958484609075851,0.03450675128452797
85.36,0.8644501720439512,-5.962035138886002,0.03481504482305148
85.37,0.9237456986012181,-5.9650016641059205,0.03512924332090864
85.38,0.9830637344169962,-5.967383058177193,0.03544956267269757
85.39,1.042398192104356,-5.969178194541421,0.035776218773018224
85.4,1.1017429842761142,-5.970385946640195,0.03610942751646918
85.41,1.161092023545089,-5.971005187915111,0.03644940479764898
85.42,1.2204392225243508,-5.971034791807765,0.036796366511157606
85.43,1.279778493826716,-5.970473631759749,0.03715052855159361
85.44,1.3391051816980082,-5.969315524400512,0.03751108610851898
85.45,1.3984147000257072,-5.967554559230384,0.03787716240566689
85.46000000000001,1.457700839239922,-5.965190839547475,0.0382490261189093
85.47,1.5169573887920549,-5.962224472192149,0.03862694661823586
85.48,1.5761781381337605,-5.958655564004755,0.03901119327363786
85.49,1.635356876716357,-5.95448422182566,0.03940203545510441
85.5,1.694487393991499,-5.949710552495208,0.03979974253262682
85.51,1.753563479410589,-5.944334662853763,0.040204583876194744
85.52,1.8125789224250295,-5.93835665974169,0.040616828855797794
85.53,1.871527512486474,-5.931776649999329,0.04103674684142735
85.54,1.930403039046326,-5.924594740467046,0.04146460720307303
85.55,1.9891992915559877,-5.916811037985209,0.041900679310724415
85.56,2.047910059467113,-5.908425649394153,0.04234523253437295
85.57000000000001,2.1065291322311044,-5.899438681534245,0.04279853624400823
85.58,2.1650502992993657,-5.889850241245857,0.04326085980961979
85.59,2.2234673501235487,-5.879660435369318,0.04373247260119914
85.60000000000001,2.2817740741550576,-5.868869370744999,0.04421364398873584
85.61,2.3399642608452957,-5.8574771542132735,0.0447046433422194
85.62,2.3980316996459146,-5.845483892614466,0.045205740031641406
85.63,2.455970180008236,-5.832889692788967,0.045717203426990635
85.64,2.513773669488446,-5.819690540045181,0.04623871207321223
85.65,2.5714363794452675,-5.805878963463869,0.04676938695092318
85.66,2.628952223859221,-5.79145618175777,0.047309543327721214
85.67,2.6863151071674247,-5.776423659586417,0.04785953101470248
85.68,2.743518933806753,-5.760782861609403,0.04841969982296083
85.69,2.8005576082140795,-5.744535252486323,0.04899039956359006
85.7,2.8574250348265213,-5.727682296876705,0.0495719800476864
85.71000000000001,2.9141151180809524,-5.710225459440145,0.05016479108634366
85.72,2.970621762414248,-5.69216620483624,0.050769182490655596
85.73,3.026938872263524,-5.673505997724513,0.05138550407171852
85.74,3.0830603520655755,-5.65424630276459,0.052014105640625294
85.75,3.1389801062575167,-5.634388584615989,0.052655337008472324
85.76,3.1946920392762235,-5.613934307938309,0.05330954798635334
85.77,3.250190055558572,-5.592884937391154,0.053977088385361985
85.78,3.3054680595416746,-5.571241937634038,0.05465830801659477
85.79,3.3605199556624084,-5.5490067733265604,0.055353556691145375
85.8,3.4153396483576506,-5.52618090912833,0.05606318422010739
85.81,3.4699210420645112,-5.502765809698854,0.056787540414577446
85.82000000000001,3.524258041219869,-5.478762939697736,0.05752697508564915
85.83,3.5783445502606006,-5.454173763784587,0.05828183804441604
85.84,3.6321744736238166,-5.428999746618907,0.059052479101974864
85.85000000000001,3.685741410120981,-5.403240465980955,0.05983911140448622
85.86,3.7390376885948533,-5.37688727206648,0.0606413623470125
85.87,3.792057317162262,-5.349941298182451,0.061459583257215206
85.88,3.844794589074471,-5.322405398459159,0.06229425113921181
85.89,3.897243797583046,-5.294282427026742,0.06314584299712452
85.9,3.9493992359393264,-5.265575238015455,0.06401483583507193
85.91,4.001255197394655,-5.236286685555556,0.06490170665717263
85.92,4.052805975200594,-5.206419623777179,0.06580693246754891
85.93,4.104045862608485,-5.175976906810579,0.06673099027031935
85.94,4.154969152869671,-5.144961388786019,0.06767435706960243
85.95,4.2055701392357125,-5.113375923833624,0.0686375098695206
85.96000000000001,4.255843114957952,-5.081223366083657,0.06962092567419235
85.97,4.305782373287734,-5.048506569666379,0.07062508148773608
85.98,4.355382207476616,-5.015228388711913,0.07165045431427444
85.99,4.4046369107758725,-4.981391677350571,0.07269752115792431
86.0,4.453540776437058,-4.946999289712471,0.0737667590228085
86.01,4.502088097711518,-4.912054079927877,0.07485864491304534
86.02,4.5502731678506,-4.876558902127058,0.07597365583275303
86.03,4.598090280105857,-4.840516610440126,0.07711226878605458
86.04,4.645533727728633,-4.80393005899735,0.07827496077706819
86.05,4.692597803970279,-4.766802101928998,0.079462208809912
86.06,4.739276802082344,-4.72913559336518,0.08067448988870918
86.07000000000001,4.7855626883169196,-4.690927109657765,0.08191240277353175
86.08,4.8314471467320805,-4.652172230711609,0.08317669520186016
86.09,4.876925097088245,-4.612875123554209,0.08446802674576283
86.10000000000001,4.921991471613183,-4.5730399885658946,0.0857870564860714
86.11,4.966641202534666,-4.532671026126996,0.08713444350361736
86.12,5.010869222080652,-4.491772436617673,0.08851084687923794
86.13,5.0546704624788505,-4.450348420418315,0.08991692569376261
86.14,5.098039855957221,-4.408403177909078,0.09135333902802882
86.15,5.140972334743533,-4.365940909470296,0.09282074596286798
86.16,5.183462831065562,-4.322965815482302,0.09431980557911135
86.17,5.22550627715126,-4.279482096325248,0.0958511769575966
86.18,5.267097605228403,-4.2354939523794695,0.09741551917915504
86.19,5.308231747524765,-4.191005584025303,0.09901349132461779
86.2,5.348903636268297,-4.146021191642897,0.10064575247482277
86.21000000000001,5.389108203686774,-4.100544975612587,0.10231296171060118
86.22,5.428840382007975,-4.054581136314713,0.10401577811278397
86.23,5.468095103459844,-4.008133874129417,0.10575486076220939
86.24,5.506867300270106,-3.9612073894371065,0.10753086873970591
86.25,5.545151904666704,-3.913805882617921,0.10934446112611199
86.26,5.582943848877416,-3.8659335540522006,0.11119629700225853
86.27,5.620238065130024,-3.817594604120288,0.11308703544897622
86.28,5.6570291117026885,-3.7687926106396024,0.11501741388419592
86.29,5.6933059897415035,-3.7195218429115315,0.11698941796906069
86.3,5.729062249229411,-3.6697840130353185,0.11900427316988384
86.31,5.764293698418985,-3.619584575722935,0.12106275706487966
86.32000000000001,5.798996145562648,-3.568928985686565,0.12316564723225396
86.33,5.833165398912826,-3.5178226976383944,0.1253137212502122
86.34,5.866797266722087,-3.466271166290392,0.1275077566969691
86.35000000000001,5.899887557242859,-3.4142798463547432,0.1297485311507302
86.36,5.932432078727565,-3.361854192543637,0.13203682218970086
86.37,5.964426639428774,-3.308999659569037,0.13437340739209616
86.38,5.995867047598868,-3.255721702143208,0.136759064336118
86.39,6.026749111490409,-3.2020257749781105,0.13919457059998183
86.4,6.057068639355824,-3.147917332785935,0.14168070376189282
86.41,6.086821439447546,-3.0934018302788715,0.14421824140005593
86.42,6.116003320018133,-3.038484722168879,0.14680796109268698
86.43,6.1446100893200155,-2.9831714631681487,0.149450640417991
86.44,6.172637555605626,-2.9274675079888723,0.15214705695417272
86.45,6.200081527127519,-2.8713783113430065,0.15489798827944834
86.46000000000001,6.226937812138127,-2.8149093279427424,0.1577042119720227
86.47,6.253202218889887,-2.758066012500275,0.16056650561010027
86.48,6.278870555635345,-2.7008538197275564,0.1634856467718978
86.49,6.303938630626903,-2.6432782043368626,0.16646241303561557
86.5,6.328400677403478,-2.5853428679067627,0.1694981094457645
86.51,6.352243068989459,-2.5270426855433614,0.17259665565023527
86.52,6.375461065727698,-2.4683823068874107,0.17575896522500964
86.53,6.398051705560501,-2.409368351698119,0.17898535415568026
86.54,6.420012026430077,-2.3500074397349424,0.18227613842782628
86.55,6.4413390662786325,-2.2903061907573408,0.18563163402702654
86.56,6.46202986304847,-2.230271224524518,0.18905215693887423
86.57000000000001,6.4820814546818015,-2.169909160795934,0.19253802314894825
86.58,6.501490879120837,-2.109226619331048,0.19608954864282713
86.59,6.520255174307874,-2.048230219889062,0.19970704940610462
86.60000000000001,6.538371378185123,-1.9869265822294364,0.20339084142435937
86.61,6.555836528694802,-1.9253223261116328,0.2071412406831696
86.62,6.572647663779199,-1.8634240712948507,0.21095856316812966
86.63,6.588801821380508,-1.8012384375386392,0.2148431248648123
86.64,6.604296039441015,-1.7387720446021961,0.2187952417588122
86.65,6.619127355902936,-1.676031512244984,0.22281522983570753
86.66,6.633292808708493,-1.6130234602264666,0.2269034050810761
86.67,6.646789435799965,-1.5497545083058384,0.2310600834805131
86.68,6.659614275119574,-1.4862312762425638,0.23528558101959646
86.69,6.671764364609541,-1.422460383796107,0.2395802136839037
86.7,6.683236742212142,-1.3584484507256607,0.24394429745903057
86.71000000000001,6.6940284458696,-1.29420209679069,0.2483781483305547
86.72,6.7041365135241415,-1.2297279417506604,0.2528820822840533
86.73,6.713557310602663,-1.1650320789572393,0.2574566584047675
86.74,6.722278289870447,-1.1001134901822107,0.2621052937300917
86.75,6.730294515622086,-1.0349768148154528,0.266827846258647
86.76,6.737604511430207,-0.9696293624050077,0.271622822475159
86.77,6.744206800867436,-0.904078442498919,0.276488728864353
86.78,6.7500999075064305,-0.8383313646449504,0.2814240719109751
86.79,6.755282354919816,-0.7723954383911451,0.2864273580997506
86.8,6.759752666680227,-0.7062779732855475,0.2914970939154046
86.81,6.763509366360312,-0.6399862788759195,0.2966317858426836
86.82000000000001,6.7665509775327,-0.5735276647103054,0.30182994036631283
86.83,6.768876023770027,-0.5069094403367501,0.3070900639710169
86.84,6.770483028644937,-0.4401389153030143,0.31241066314154303
86.85000000000001,6.771370515730062,-0.37322339915714264,0.317790244362616
86.86,6.771537008598041,-0.30617020144718077,0.32322731411896033
86.87,6.770981030821511,-0.2389866317208883,0.3287203788953237
86.88,6.769701105973111,-0.17167999952640645,0.3342679451764226
86.89,6.767695757625474,-0.1042576144114935,0.33986851944700525
86.9,6.764963509351239,-0.03672678592419598,0.3455206081917959
86.91,6.76150288472305,0.030905176387440392,0.35122271789551873
86.92,6.757312396659145,0.09863096736573436,0.35697335888854614
86.93,6.752382028891801,0.16644688085189369,0.3627736883346119
86.94,6.746704331175408,0.23434846861620534,0.3686223284921754
86.95,6.740279936646476,0.30232802504472017,0.3745146097950225
86.96000000000001,6.733109478441535,0.3703778445231996,0.38044586267691366
86.97,6.725193589697123,0.4384902214374048,0.38641141757160935
86.98,6.716532903549742,0.5066574501733873,0.3924066049128956
86.99,6.70712805313594,0.574871825116811,0.39842675513452414
87.0,6.696979671592216,0.643125640653728,0.40446719867028114
87.01,6.686088392055108,0.7114111911698993,0.4105232659539269
87.02,6.674454847661157,0.7797207710510853,0.4165902874192218
87.03,6.662079671546855,0.8480466746833386,0.4226635934999521
87.04,6.648963496848741,0.9163811964524198,0.42873851462987794
87.05,6.635106956703362,0.9847166307440897,0.4348103812427597
87.06,6.620510684247203,1.0530452719444001,0.4408745237723837
87.07000000000001,6.605175312616806,1.1213594144391126,0.4469262726525101
87.08,6.589101474948722,1.189651352613987,0.45296095831689936
87.09,6.572289804379428,1.2579133808550762,0.4589739111993375
87.10000000000001,6.55474093404547,1.3261377935481407,0.4649604617335849
87.11,6.536455497083401,1.3943168850789416,0.47091594035340206
87.12,6.517429208035401,1.4624439315953888,0.4768357868751127
87.13,6.497652467832099,1.5305135896729969,0.48271427962982566
87.14,6.477127955850341,1.5985183576510733,0.4885442532828769
87.15,6.455858856590249,1.6664506388923122,0.49431850787018705
87.16,6.433848354551944,1.7343028367594073,0.5000298434276771
87.17,6.411099634235456,1.8020673546153432,0.5056710599912922
87.18,6.387615880140909,1.8697365958228134,0.5112349575969533
87.19,6.36340027676843,1.937302963744513,0.5167143362805816
87.2,6.338456008618041,2.0047588617434244,0.5221019960781218
87.21000000000001,6.312786260189869,2.072096693182243,0.527390737025495
87.22,6.286394215984044,2.1393088614236633,0.5325733591586228
87.23,6.259283060500582,2.206387769830667,0.5376426625134492
87.24,6.231455978239653,2.2733258217658556,0.5425914471258886
87.25,6.202916153701271,2.340115420592209,0.5474125130318842
87.26,6.173666771385566,2.4067489696724227,0.5520986602673579
87.27,6.143711015792673,2.473218872369193,0.5566426888682323
87.28,6.113052071422598,2.5395175320455,0.5610373988704493
87.29,6.081692636537327,2.605637336186706,0.5652754399847341
87.3,6.0496253834140745,2.6715704664700337,0.5693465156681671
87.31,6.016851042708349,2.7373096722919468,0.5732432049618681
87.32000000000001,5.983375216074151,2.8028479069020706,0.5769596493400861
87.33,5.949203505165488,2.8681781235500328,0.580489990277071
87.34,5.914341511636219,2.933293275485739,0.5838283692470879
87.35000000000001,5.878794837140349,2.9981863159588156,0.5869689277243866
87.36,5.842569083331887,3.062850198218891,0.5899058071832178
87.37,5.805669851864687,3.127277875515869,0.5926331490978449
87.38,5.768102744392811,3.1914623010992864,0.5951450949425151
87.39,5.729873362570109,3.2553964282190457,0.5974357861914905
87.4,5.690987308050589,3.319073210124775,0.5994993643190221
87.41,5.651450182488267,3.3824856000661043,0.6013299707993626
87.42,5.611267587536987,3.4456265512929343,0.602921747106772
87.43,5.57044512485076,3.508489017054894,0.6042688347155026
87.44,5.528988396083604,3.5710659506016142,0.6053653750998078
87.45,5.486903002889357,3.6333503051829936,0.6062055097339456
87.46000000000001,5.444192157536552,3.6953342821555344,0.6067817228531428
87.47,5.400851284613219,3.7570078217740437,0.6070833059687238
87.48,5.356886213772139,3.8183643946575616,0.6071097517481968
87.49,5.312304150223963,3.879397918251715,0.6068616696728866
87.5,5.267112299179089,3.940102310002479,0.6063396692241177
87.51,5.221317865848103,4.000471487355567,0.6055443598832154
87.52,5.174928055441599,4.060499367756694,0.6044763511315067
87.53,5.127950073169967,4.1201798686518325,0.6031362524503134
87.54,5.080391124243799,4.179506907486698,0.6015246733209623
87.55,5.032258413873686,4.238474401707009,0.5996422232247812
87.56,4.983559147270019,4.297076268758732,0.5974895116430898
87.57000000000001,4.934300529643388,4.355306426087585,0.595067148057216
87.58,4.88448976620439,4.4131587911392876,0.5923757419484887
87.59,4.8341340621634075,4.470627281359805,0.5894159027982255
87.60000000000001,4.783240622731036,4.527705814194855,0.5861882400877553
87.61,4.731816653117874,4.584388307090158,0.582693363298408
87.62,4.679869358534298,4.640668677491678,0.5789318819114992
87.63,4.627405944190983,4.696540842845054,0.5749044054083645
87.64,4.574433291478429,4.75199850787485,0.5706116252707595
87.65,4.520952177092301,4.8070316595236795,0.566057674504204
87.66,4.466967206911297,4.8616335051925565,0.5612502860268669
87.67,4.41248545896245,4.9157989748801,0.5561972058871553
87.68,4.357514011273021,4.969522998584694,0.5509061801334958
87.69,4.302059941870277,5.0228005063047245,0.5453849548143171
87.7,4.246130328781246,5.075626428038809,0.5396412759780238
87.71000000000001,4.1897322500331935,5.127995693785331,0.5336828896730439
87.72,4.1328727836533865,5.179903233542681,0.5275175419478068
87.73,4.075559007668851,5.231343977309469,0.5211529788507152
87.74,4.017798000106934,5.282312855084012,0.5145969464302076
87.75,3.95959683899466,5.3328047968649175,0.5078571907346858
87.76,3.900962602359295,5.382814732650575,0.5009414578125793
87.77,3.8419023682281113,5.432337592439377,0.49385749371231874
87.78,3.782423214628127,5.481368306229927,0.48661304448230425
87.79,3.7225322195866117,5.529901804020619,0.47921585617096624
87.8,3.662236447898954,5.577933001614708,0.47167369429978795
87.81,3.6015399624038684,5.6254538960469285,0.46399898961647923
87.82000000000001,3.540447006135617,5.672457724466221,0.45620476572557506
87.83,3.4789638875063305,5.718940165551058,0.44830119174560085
87.84,3.417096914927878,5.764896897980109,0.44029843679504804
87.85000000000001,3.3548523968123902,5.810323600431843,0.43220666999244184
87.86,3.292236641572,5.855215951584735,0.424036060456308
87.87,3.229255957618573,5.8995696301174485,0.4157967773051372
87.88,3.165916653364332,5.943380314708394,0.407498989657467
87.89,3.10222503722114,5.986643684036233,0.3991528666317876
87.9,3.038187417601131,6.02935541677944,0.39076857734662507
87.91,2.9738101029164397,6.071511191616492,0.3823562909205051
87.92,2.9090994015789273,6.113106687226046,0.37392617647191806
87.93,2.8440616220007287,6.154137582286578,0.3654884031193897
87.94,2.77870307259398,6.194599555476568,0.35705313998144617
87.95,2.713027608298785,6.234486553388084,0.3486300279056102
87.96000000000001,2.647037673008568,6.273792097905003,0.3402273884307178
87.97,2.5807390744353076,6.312512462971771,0.3318535969192815
87.98,2.51413765016775,6.350643945227236,0.3235170323202979
87.99,2.44723923779502,6.388182841310027,0.3152260735828111
88.0,2.3800496749058606,6.425125447858985,0.306989099655818
88.01,2.312574799089302,6.461468061512796,0.2988144894883508
88.02,2.244820447934375,6.497206978910145,0.29071062202944153
88.03,2.1767924590298224,6.532338496689872,0.2826858762280876
88.04,2.108496669964674,6.56685891149066,0.27474863103332087
88.05,2.0399389183279624,6.6007645199512,0.26690726539417303
88.06,1.9711250417084274,6.634051618710325,0.2591701582596421
88.07000000000001,1.9020608776951005,6.666716504406723,0.25154568857875986
88.08,1.8327522638770155,6.698755473679085,0.24404223530055724
88.09,1.7632019977585063,6.7301637112632555,0.23666074807795906
88.10000000000001,1.6934094508027455,6.760935432576274,0.22939196963670708
88.11,1.6233803565838223,6.791067424672119,0.2222406082295521
88.12,1.5531206691752544,6.820556559234532,0.21521188521533097
88.13,1.4826363426509581,6.84939970794709,0.2083110219529209
88.14,1.41193333108445,6.877593742493532,0.20154323980115946
88.15,1.3410175885495466,6.905135534557473,0.19491376011891376
88.16,1.2698950691200657,6.9320219558225356,0.1884278042650502
88.17,1.1985717268695224,6.958249877972454,0.1820905935984075
88.18,1.1270535158717343,6.9838161726908465,0.17590734947785225
88.19,1.0553463902005196,7.008717711661336,0.16988329326225005
88.2,0.9834563039293919,7.032951366567653,0.16402364631044103
88.21000000000001,0.9113892111321693,7.056514009093418,0.15833362998129108
88.22,0.8391510158746008,7.079402497278325,0.1528182703532507
88.23,0.7667399173137166,7.10161168473727,0.14745163203447229
88.24,0.6941567166372395,7.123137465478283,0.14221498553873768
88.25,0.6214079965770356,7.143977380235231,0.1371115583423962
88.26,0.5485003398652801,7.164128969741889,0.13214457792181944
88.27,0.47544032923414903,7.183589774732032,0.12731727175337837
88.28,0.4022345474155071,7.202357335939521,0.12263286731342331
88.29,0.3288895771415302,7.2204291940981316,0.1180945920783254
88.3,0.2554120011443952,7.237802889941646,0.11370567352445488
88.31,0.1818084021559655,7.254475964203916,0.10946933912816342
88.32000000000001,0.10808536290841753,7.270445957618723,0.10538881636582148
88.33,0.03424946613392865,7.285710410919848,0.10146733271379864
88.34,-0.03969270543563874,7.3002668648411415,0.09770811564844789
88.35000000000001,-0.11373456906810775,7.314112860116384,0.09411439264613905
88.36,-0.18786954207954393,7.327245937465645,0.09068939093721408
88.37,-0.26209844733302917,7.339661637132075,0.087397876536928
88.38,-0.3364216025875856,7.35135606182248,0.08420442449515682
88.39,-0.41083178118114716,7.362327563631266,0.08111139586335568
88.4,-0.48532175645133124,7.372574494652791,0.07812115169299347
88.41,-0.5598843017357544,7.382095206981416,0.07523605303553843
88.42,-0.6345121903723514,7.3908880527115395,0.07245846094244658
88.43,-0.7091981956987393,7.398951383937523,0.06979073646518638
88.44,-0.7839350910525347,7.406283552753729,0.06723524065522558
88.45,-0.8587156497716724,7.412882911254553,0.06479433456402119
88.46000000000001,-0.9335326451937692,7.418747811534358,0.062470379243041135
88.47,-1.0083788506564417,7.423876605687508,0.06026573574375272
88.48,-1.0832470394976252,7.428267645808394,0.05818276511761391
88.49,-1.1581299850548297,7.431919283991377,0.05622382841609485
88.5,-1.2330204764573631,7.434829866052024,0.054391190449156294
88.51,-1.3079177643346724,7.436995309455745,0.05264721867665749
88.52,-1.3828196925906522,7.438412599760021,0.05096098474745175
88.53,-1.457718693398694,7.43908098886726,0.049334121460420134
88.54,-1.532607198931871,7.438999728679867,0.047768261614450955
88.55,-1.6074776413632552,7.4381680711002485,0.04626503800843217
88.56,-1.6823224528662386,7.436585268030808,0.044826083441245376
88.57000000000001,-1.7571340656138938,7.434250571373953,0.04345303071177861
88.58,-1.8319049117792934,7.431163233032093,0.042147512618919566
88.59,-1.906627423535829,7.427322504907625,0.04091116196155037
88.60000000000001,-1.9812940330565731,7.422727638902959,0.03974561153855881
88.61,-2.055897172514599,7.417377886920509,0.03865249414883225
88.62,-2.1304292740832977,7.4112725008626645,0.03763344259125345
88.63,-2.2048827699356357,7.404410732631851,0.03669008966471116
88.64,-2.2792527602003783,7.396790006349884,0.03580527028318929
88.65,-2.353536070478644,7.388407064253633,0.0349489460665235
88.66,-2.427725095554747,7.379262047362146,0.03412177731627797
88.67,-2.50181216072462,7.369355147076345,0.03332490996412514
88.68,-2.575789591283879,7.358686554797188,0.03255948994174102
88.69,-2.649649712528142,7.347256461925639,0.031826663180801414
88.7,-2.72338484975334,7.335065059862609,0.031127575612979033
88.71000000000001,-2.7969873282550894,7.322112540009063,0.03046337316994974
88.72,-2.870449473329009,7.308399093765965,0.0298352017833892
88.73,-2.943763610271029,7.293924912534223,0.02924420738497042
88.74,-3.0169220643766628,7.278690187714823,0.028691535906369876
88.75,-3.08991716094184,7.26269511070867,0.028178333279260788
88.76,-3.1627412761572096,7.245939795975205,0.02770532048018175
88.77,-3.2353890874354283,7.228421121557012,0.02725405381262672
88.78,-3.3078542493710392,7.210138214282461,0.026814773727127518
88.79,-3.380129155249762,7.191092231421944,0.02638827748428797
88.8,-3.4522061983573167,7.171284330245861,0.025975362344711834
88.81,-3.5240777719797305,7.150715668024526,0.02557682556900111
88.82000000000001,-3.5957362694027233,7.129387402028337,0.02519346441775958
88.83,-3.667174083912016,7.107300689527697,0.02482607615159093
88.84,-3.738383608793635,7.084456687792912,0.02447545803109729
88.85000000000001,-3.809357237333301,7.060856554094385,0.02414240731688238
88.86,-3.8800873628167354,7.03650144570252,0.023827721269549802
88.87,-3.9505663785299623,7.011392519887619,0.02353219714970185
88.88,-4.020786677758604,6.985530933920123,0.023256632217942535
88.89,-4.090740895136428,6.9589167442145,0.022998603284067252
88.9,-4.160422477826355,6.931547156751097,0.022745970740533035
88.91,-4.229824126993817,6.903423857907349,0.02249796689363792
88.92,-4.2989384494991745,6.874549014852261,0.022255149034121527
88.93,-4.367758052202492,6.844924794754958,0.02201807445272454
88.94,-4.4362755419638376,6.814553364784567,0.0217873004401876
88.95,-4.504483525643569,6.783436892110088,0.02156338428725038
88.96000000000001,-4.572374610101753,6.751577543900647,0.021346883284653534
88.97,-4.639941402198457,6.718977487325377,0.021138354723137673
88.98,-4.7071765087940385,6.68563888955327,0.020938355893442534
88.99,-4.774072536748468,6.651563917753505,0.020747444086309005
89.0,-4.840622092922102,6.616754739095069,0.020566176592476868
89.01,-4.906817784175007,6.581213520747095,0.020395110702686722
89.02,-4.972652128568391,6.544941061252714,0.02023278475133311
89.03,-5.038117578364686,6.507935061307243,0.020072382901601207
89.04,-5.103207075293952,6.470198283662429,0.01991362249606601
89.05,-5.167913598251337,6.4317339610525295,0.0197568754757746
89.06,-5.232230126132266,6.392545326211635,0.019602513781773388
89.07000000000001,-5.296149637831887,6.3526356118740015,0.019450909355109455
89.08,-5.359665112245349,6.312008050773889,0.019302434136829864
89.09,-5.422769528268073,6.270665875645382,0.019157460067981052
89.10000000000001,-5.485455864795208,6.228612319222741,0.019016359089610094
89.11,-5.547717100721907,6.185850614240227,0.01887950314276403
89.12,-5.609546214943586,6.14238399343192,0.018747264168489333
89.13,-5.67093618635531,6.098215689532147,0.018620014107833236
89.14,-5.731879993852494,6.053348935274981,0.018498124901842234
89.15,-5.79237061633029,6.007786963394687,0.018381968491563365
89.16,-5.852400257093286,5.961530161354806,0.018269766365763287
89.17,-5.911960864201921,5.914577442877785,0.01815806758769874
89.18,-5.971045956611473,5.866933082039722,0.018047054178955052
89.19,-6.029649080126037,5.8186014478082955,0.017936976133965915
89.2,-6.087763780549963,5.769586909150977,0.01782808344716455
89.21000000000001,-6.145383603687348,5.719893835035442,0.017720626112984642
89.22,-6.20250209534229,5.669526594429371,0.017614854125859877
89.23,-6.259112801319133,5.61848955630023,0.017511017480223486
89.24,-6.315209267421897,5.566787089615772,0.017409366170509297
89.25,-6.3707850394549235,5.51442356334346,0.017310150191150554
89.26,-6.425833663222312,5.461403346450973,0.017213619536580932
89.27,-6.480348684528165,5.407730807905997,0.0171200242012341
89.28,-6.534323649176821,5.353410316675989,0.01702961417954332
89.29,-6.587752102972382,5.298446241728632,0.01694263946594226
89.3,-6.640627591718952,5.242842952031614,0.01685935005486457
89.31,-6.692942553656332,5.186602417169666,0.016779005337965686
89.32000000000001,-6.744687870824805,5.129722948777727,0.01669906966961628
89.33,-6.795857716213937,5.072209696834467,0.016619541495286504
89.34,-6.846446452282921,5.01406821377314,0.016540577464194968
89.35000000000001,-6.896448441490729,4.95530405202724,0.016462334225560624
89.36,-6.94585804629634,4.895922764030269,0.01638496842860242
89.37,-6.994669629158941,4.835929902215472,0.01630863672253897
89.38,-7.0428775525374405,4.775331019016437,0.016233495756589326
89.39,-7.090476178891023,4.714131666866405,0.01615970217997212
89.4,-7.137459870678665,4.6523373981988785,0.01608741264190628
89.41,-7.18382299035935,4.589953765447362,0.016016783791610756
89.42,-7.229559900392256,4.526986321045094,0.01594797227830418
89.43,-7.274664963236363,4.463440617425576,0.015881134751205492
89.44,-7.3191325413506565,4.399322207022317,0.015816427859533612
89.45,-7.36295699719431,4.33463664226855,0.015754008252507203
89.46000000000001,-7.406132693226306,4.269389475597781,0.015694032579345187
89.47,-7.4486539919056325,4.203586259443519,0.015636657489266487
89.48,-7.490511547116511,4.137227047709202,0.01558081994061417
89.49,-7.531696677662431,4.070312556454702,0.015525376261049063
89.5,-7.572204892427673,4.0028495492461404,0.015470408320383464
89.51,-7.612031700454454,3.9348447898810965,0.015415998037415939
89.52,-7.651172610785,3.866305042157155,0.015362227330945048
89.53,-7.6896231324616995,3.797237069871606,0.015309178119769128
89.54,-7.727378774526775,3.7276476368220313,0.01525693232268674
89.55,-7.764435046022454,3.6575435068060167,0.01520557185849644
89.56,-7.800787455991121,3.5869314436208484,0.01515517864599657
89.57000000000001,-7.836431513475,3.515818211064111,0.015105834603985693
89.58,-7.871362727516322,3.444210572933392,0.015057621651262357
89.59,-7.905576607157466,3.3721152930259723,0.015010621706624915
89.60000000000001,-7.9390686614406585,3.2995391351394407,0.01496491668887192
89.61,-7.971834399408133,3.2264888630713853,0.014920588516801921
89.62,-8.003869330102262,3.152971240619084,0.014877719109213278
89.63,-8.035168962565233,3.0789930315802314,0.0148363903849046
89.64,-8.065728805839415,3.004560999752103,0.014796684262674251
89.65,-8.095544368967039,2.929681908932288,0.014758682661320782
89.66,-8.124611156935199,2.854362518769495,0.014722467147748108
89.67,-8.15291769106419,2.7786023635369523,0.01468747717512772
89.68,-8.180454239050112,2.7024024582253747,0.014653166154527875
89.69,-8.207217941286341,2.625770776517581,0.01461955112687671
89.7,-8.233205938166366,2.548715292096064,0.014586649133102217
89.71000000000001,-8.258415370083561,2.471243978643641,0.014554477214132533
89.72,-8.282843377431305,2.3933648098431335,0.014523052410895791
89.73,-8.306487100603082,2.3150857593770304,0.014492391764319991
89.74,-8.329343679992235,2.2364148009282636,0.014462512315333308
89.75,-8.35141025599224,2.1573599081793198,0.014433431104863748
89.76,-8.372683968996482,2.0779290548130196,0.014405165173839439
89.77,-8.393161959398343,1.9981302145121873,0.01437773156318851
89.78,-8.412841367591293,1.917971360959306,0.01435114731383897
89.79,-8.431719333968715,1.8374604678371986,0.01432542946671895
89.8,-8.449792998923998,1.7566055088286898,0.014300595062756574
89.81,-8.467059502850605,1.6754144576162602,0.014276661142879855
89.82000000000001,-8.483515986141924,1.5938952878827342,0.014253644748016922
89.83,-8.499159589191345,1.5120559733109384,0.014231562919095891
89.84,-8.513987452392326,1.429904487583349,0.014210432697044792
89.85000000000001,-8.527996716138258,1.3474488043827935,0.014190271122791743
89.86,-8.541184520822533,1.2646968973920991,0.01417109523726486
89.87,-8.553548006838604,1.1816567402937403,0.014152922081392178
89.88,-8.565084314579845,1.0983363067706629,0.014135768696101834
89.89,-8.575789551778941,1.0147427731287555,0.01411963505472941
89.9,-8.585650069960733,0.9308755892598286,0.014104346688753214
89.91,-8.594661521481022,0.8467410000004483,0.014089856424963914
89.92,-8.602822796061158,0.7623477081961239,0.014076167744161193
89.93,-8.610132783422458,0.6777044166927229,0.014063284127144797
89.94,-8.616590373286238,0.5928198283361144,0.01405120905471447
89.95,-8.622194455373846,0.5077026459718056,0.014039946007669902
89.96000000000001,-8.626943919406598,0.42236157244566497,0.014029498466810838
89.97,-8.630837655105818,0.3368053106035629,0.014019869912937015
89.98,-8.633874552192845,0.25104256329100405,0.014011063826848132
89.99,-8.636053500388996,0.16508203335398097,0.014003083689343943
90.0,-8.637373389415608,0.07893242363799713,0.013995932981224144
90.01,-8.637833108994,-0.0073975630110769686,0.013989615183288479
90.02,-8.637431548845505,-0.09389922374737014,0.013984133776336677
90.03,-8.636167598691447,-0.18056385572537947,0.013979492241168451
90.04,-8.634040148253154,-0.2673827560992341,0.013975694058583532
90.05,-8.63104808725196,-0.35434722202306257,0.013972742709381652
90.06,-8.627190305409181,-0.44144855065136324,0.013970641674362527
90.07000000000001,-8.62246569244615,-0.5286780391382642,0.013969394434325887
90.08,-8.616873138084204,-0.6160269846378932,0.013969004470071461
90.09,-8.610411532044653,-0.7034866843047509,0.01396947526239897
90.10000000000001,-8.603075705340437,-0.791050410543628,0.013970816283206062
90.11,-8.59485481854497,-0.8787144308885869,0.013973043159944087
90.12,-8.585748926979662,-0.9664699413102397,0.01397615326982885
90.13,-8.575758658843206,-1.0543078646833746,0.0139801430907804
90.14,-8.564884642334242,-1.1422191238832788,0.013985009100718811
90.15,-8.553127505651451,-1.2301946417848653,0.013990747777564141
90.16,-8.540487876993526,-1.3182253412630465,0.013997355599236441
90.17,-8.526966384559094,-1.4063021451931104,0.014004829043655792
90.18,-8.512563656546844,-1.4944159764499694,0.014013164588742246
90.19,-8.497280321155465,-1.5825577579085361,0.014022358712415852
90.2,-8.481117006583586,-1.6707184124440988,0.014032407892596696
90.21000000000001,-8.464074341029894,-1.758888862931569,0.014043308607204829
90.22,-8.446152952693087,-1.8470600322458601,0.014055057334160294
90.23,-8.427353469771779,-1.93522284326226,0.014067650551383188
90.24,-8.407676520464694,-2.0233682188555555,0.014081084736793537
90.25,-8.387122732970447,-2.111487081901035,0.014095356368311437
90.26,-8.36569273548773,-2.199570355273611,0.014110461923856935
90.27,-8.343387156215249,-2.2876089618481963,0.014126397881350068
90.28,-8.320206623351606,-2.3755938245000774,0.014143160718710943
90.29,-8.296150332260702,-2.4635161700507386,0.014160744931667805
90.3,-8.271202308460998,-2.551370552605513,0.014179130682227424
90.31,-8.24536023956221,-2.639148854639851,0.014198330816779124
90.32000000000001,-8.218627053504187,-2.7268418726967827,0.01421836699502552
90.33,-8.191005678226784,-2.814440403319338,0.014239260876669222
90.34,-8.162499041669736,-2.9019352430509215,0.014261034121412934
90.35000000000001,-8.133110071772899,-2.9893171884345624,0.014283708388959267
90.36,-8.10284169647613,-3.076577036013292,0.01430730533901083
90.37,-8.071696843719154,-3.163705582330513,0.014331846631270328
90.38,-8.039678441441879,-3.2506936239291324,0.014357353925440337
90.39,-8.006789417584027,-3.337531957352552,0.014383848881223571
90.4,-7.973032700085457,-3.424211379143803,0.014411353158322633
90.41,-7.938411216886034,-3.510722685845918,0.014439888416440127
90.42,-7.902927895925473,-3.597056674002296,0.014469476315278772
90.43,-7.8665856651436386,-3.6832041401559703,0.014500138514541175
90.44,-7.829387452480398,-3.769155880849972,0.014531896673929926
90.45,-7.79133618587546,-3.854902692627702,0.014564772453147763
90.46000000000001,-7.752434793268693,-3.9404353720321916,0.014598787511897277
90.47,-7.712686202599966,-4.025744715606474,0.014633963509881064
90.48,-7.672093341808982,-4.110821519893948,0.014670322106801864
90.49,-7.630659138835672,-4.195656581437524,0.014707884962362215
90.5,-7.588386521619732,-4.2802406967806,0.014746673736264865
90.51,-7.545278418101034,-4.36456466246621,0.014786710088212404
90.52,-7.501337756219457,-4.448619275037388,0.014828015677907414
90.53,-7.45656746391469,-4.53239533103753,0.014870612165052656
90.54,-7.410970453041295,-4.615883627803419,0.014914520813671374
90.55,-7.364535952635872,-4.699075757938026,0.014959423750262477
90.56,-7.317256425845664,-4.781963602595277,0.015005073113930302
90.57000000000001,-7.269136961233202,-4.864538524322678,0.015051529390428321
90.58,-7.2201826473610184,-4.9467918856677375,0.015098853065509997
90.59,-7.170398572791438,-5.028715049178311,0.015147104624929
90.60000000000001,-7.1197898260869925,-5.110299377401908,0.015196344554438796
90.61,-7.068361495810221,-5.191536232886036,0.015246633339792846
90.62,-7.016118670523439,-5.2724169781785495,0.015298031466744825
90.63,-6.963066438789259,-5.352932975826844,0.015350599421048121
90.64,-6.909209889169993,-5.433075588378772,0.015404397688456417
90.65,-6.854554110228181,-5.512836178381843,0.015459486754723173
90.66,-6.799104190526363,-5.592206108383568,0.015515927105601839
90.67,-6.742865218626848,-5.671176740931797,0.01557377922684611
90.68,-6.6858422830921755,-5.74973943857404,0.015633103604209442
90.69,-6.628040472484893,-5.827885563857812,0.015693960723445276
90.7,-6.569464875367299,-5.905606479330959,0.015756411070307324
90.71000000000001,-6.510120580301939,-5.982893547540993,0.015820515130549027
90.72,-6.450012675851362,-6.059738131035429,0.01588633338992383
90.73,-6.38914625057786,-6.136131592362109,0.015953926334185447
90.74,-6.327526393044071,-6.212065294068443,0.016023354449087226
90.75,-6.265158191812281,-6.287530598702267,0.016094678220382894
90.76,-6.202046735445044,-6.3625188688111,0.016167958133825888
90.77,-6.138197112504912,-6.437021466942459,0.016243254675169627
90.78,-6.073614411554167,-6.511029755644179,0.01632062833016787
90.79,-6.008295295073371,-6.584533785589703,0.01639950757339087
90.8,-5.942235567250902,-6.657523901552225,0.016479227548039998
90.81,-5.875441857640083,-6.72999238156474,0.016559918593883515
90.82000000000001,-5.8079208211851885,-6.801931507910238,0.01664171293503958
90.83,-5.739679112830498,-6.873333562871707,0.01672474279562634
90.84,-5.670723387520001,-6.944190828732445,0.016809140399762293
90.85000000000001,-5.601060300197977,-7.014495587775441,0.0168950379715656
90.86,-5.530696505808709,-7.084240122283688,0.016982567735154396
90.87,-5.45963865929618,-7.153416714540477,0.0170718619146472
90.88,-5.3878934156047755,-7.222017646828702,0.01716305273416202
90.89,-5.315467429678472,-7.290035201431651,0.01725627241781739
90.9,-5.242367356461557,-7.357461660632319,0.017351653189731447
90.91,-5.168599850898317,-7.424289306713703,0.01744932727402232
90.92,-5.094171567932724,-7.490510421959084,0.017549426894808547
90.93,-5.019089162509068,-7.5561172886514605,0.017652084276208267
90.94,-4.943359289571637,-7.62110218907383,0.017757431642339592
90.95,-4.866988604064401,-7.685457405509472,0.01786560121732109
90.96000000000001,-4.789983760931648,-7.7491752202413835,0.01797672522527088
90.97,-4.712351415117673,-7.812247915552568,0.018090935890307067
90.98,-4.634095780111024,-7.874666572801443,0.01820795937175308
90.99,-4.555213263448149,-7.936418629400148,0.018326165889531926
91.0,-4.4757105792784575,-7.997496853722368,0.01844556291690529
91.01,-4.395595771258399,-8.057894682006372,0.01856637495895811
91.02,-4.314876883044423,-8.117605550490433,0.018688826520775314
91.03,-4.233561958292641,-8.176622895413077,0.018813142107442355
91.04,-4.151659040659502,-8.234940153012575,0.018939546224044163
91.05,-4.06917617380146,-8.292550759527202,0.01906826337566566
91.06,-3.9861214013746187,-8.349448151195478,0.019199518067392316
91.07000000000001,-3.902502767035431,-8.405625764255676,0.019333534804309053
91.08,-3.8183283144403544,-8.461077034946076,0.01947053809150078
91.09,-3.7336060872454864,-8.515795399505192,0.019610752434052997
91.10000000000001,-3.6483441291072833,-8.569774294171301,0.019754402337050607
91.11,-3.5625504836822044,-8.623007155182684,0.019901712305578505
91.12,-3.4762331946263423,-8.675487418777848,0.020052906844722215
91.13,-3.389400305596279,-8.727208521195001,0.020208210459566413
91.14,-3.3020598602481055,-8.778163898672647,0.020367847655196645
91.15,-3.214219902238282,-8.828346987449068,0.020532042936697796
91.16,-3.12588847522327,-8.877751223762552,0.02070102080915473
91.17,-3.0370733646951504,-8.926369840007943,0.020874931518922734
91.18,-2.9477750607247204,-8.974190436853899,0.02105177366595237
91.19,-2.857998887962799,-9.021204776203964,0.021230794337275424
91.2,-2.7677539434042187,-9.067407653459657,0.021412303015091918
91.21000000000001,-2.6770493240441935,-9.112793864022288,0.021596609181601112
91.22,-2.5858941268779416,-9.157358203293178,0.021784022319002252
91.23,-2.494297448900291,-9.201095466673832,0.021974851909495385
91.24,-2.40226838710659,-9.24400044956551,0.022169407435279474
91.25,-2.309816038491664,-9.28606794736971,0.022367998378554594
91.26,-2.2169495000507315,-9.327292755487758,0.022570934221519977
91.27,-2.123677868779013,-9.36766966932097,0.022778524446374845
91.28,-2.03001024167133,-9.407193484270847,0.022991078535319294
91.29,-1.9359557157229028,-9.445858995738712,0.023208905970552546
91.3,-1.8415233879289539,-9.48366099912589,0.0234323162342738
91.31,-1.7467223552843019,-9.520594289833872,0.0236616188086832
91.32000000000001,-1.6515617147841684,-9.556653663263983,0.023897123175979938
91.33,-1.5560505634237765,-9.591833914817554,0.02413913881836319
91.34,-1.4601979981979434,-9.626129839896068,0.024387975218033153
91.35000000000001,-1.364012870638036,-9.659535927716087,0.024643840634863405
91.36,-1.2674987642066622,-9.692040231142895,0.02490471643570531
91.37,-1.1706630710704928,-9.723635893179779,0.025170017537708447
91.38,-1.0735156534041121,-9.754319187998497,0.0254401571600017
91.39,-0.9760663733815529,-9.784086389770987,0.02571554852171547
91.4,-0.8783250931772623,-9.81293377266905,0.02599660484197901
91.41,-0.7803016749656888,-9.840857610864495,0.026283739339921546
91.42,-0.6820059809208633,-9.867854178529251,0.026577365234673526
91.43,-0.5834478732172338,-9.893919749835124,0.02687789574536418
91.44,-0.48463721402924986,-9.919050598953929,0.027185744091122704
91.45,-0.38558386553094026,-9.943243000057581,0.02750132349107961
91.46000000000001,-0.2862976898967542,-9.966493227317898,0.02782504716436409
91.47,-0.18678854930114208,-9.988797554906691,0.028157328330105313
91.48,-0.0870663059181307,-10.010152256995875,0.02849858020743385
91.49,0.012859178077687883,-10.030553607757236,0.028849216015478372
91.5,0.11297804051228799,-10.049997881362678,0.029209648973369504
91.51,0.21328041921121899,-10.068481351984024,0.029580292300236392
91.52,0.3137567031837957,-10.085999796289158,0.029961419378821363
91.53,0.41440076614543764,-10.10254224323331,0.030351329529137105
91.54,0.51520360813559,-10.118103759766543,0.030749845321462205
91.55,0.6161548671938235,-10.132682154479783,0.031157537834507927
91.56,0.7172441813601402,-10.146275235964017,0.0315749781469873
91.57000000000001,0.8184611886741114,-10.15888081281017,0.03200273733761161
91.58,0.919795527175308,-10.170496693609172,0.03244138648509207
91.59,1.021236834903732,-10.181120686952003,0.03289149666814181
91.60000000000001,1.1227747498989546,-10.190750601429588,0.03335363896547207
91.61,1.2243989102005466,-10.199384245632865,0.03382838445579402
91.62,1.3260989538485108,-10.207019428152805,0.03431630421782087
91.63,1.4278645188822732,-10.21365395758033,0.0348179693302631
91.64,1.5296852433418382,-10.219285642506406,0.03533395087183398
91.65,1.6315507652667753,-10.22391229152197,0.035864819921244684
91.66,1.7334507226966545,-10.227531713217958,0.03641114755720628
91.67,1.8353747536714802,-10.230141716185333,0.03697350485843218
91.68,1.9373127958781937,-10.231739035920583,0.03755225119460288
91.69,2.039256743478383,-10.232313584931552,0.03814640299447664
91.7,2.14119645297916,-10.231862895596096,0.03875648554544139
91.71000000000001,2.24312126010811,-10.230386393723746,0.039383398175546536
91.72,2.3450205005928195,-10.227883505124032,0.04002804021284143
91.73,2.4468835101613085,-10.224353655606471,0.04069131098537816
91.74,2.548699624541018,-10.219796270980606,0.04137410982120511
91.75,2.6504581794599673,-10.214210777055948,0.04207733604837447
91.76,2.7521485106457426,-10.207596599642029,0.04280188899493556
91.77,2.8537599538259304,-10.199953164548392,0.043548667988937556
91.78,2.955281844728549,-10.191279897584538,0.04431857235843285
91.79,3.0567035190811853,-10.18157622456001,0.04511250143147066
91.8,3.1580143126114253,-10.170841571284345,0.04593135453610007
91.81,3.259203561047288,-10.159075363567045,0.04677603100037366
91.82000000000001,3.360260600116359,-10.14627702721765,0.04764743015234056
91.83,3.461174765546226,-10.132445988045706,0.04854645132004974
91.84,3.5619358106713976,-10.117578000712598,0.04947362027027739
91.85000000000001,3.662533830219901,-10.101666039671057,0.0504294956262551
91.86,3.7629580448629123,-10.084710944791597,0.051415695944955854
91.87,3.8631976511877477,-10.066713770127476,0.05243386509260852
91.88,3.9632418457811536,-10.047675569732059,0.05348564693543628
91.89,4.063079825230446,-10.027597397658596,0.054572685339668185
91.9,4.162700786122512,-10.006480307960427,0.055696624171528854
91.91,4.262093925044244,-9.984325354690892,0.056859107297242674
91.92,4.361248438582954,-9.961133591903238,0.05806177858303902
91.93,4.460153523325532,-9.936906073650803,0.059306281895142345
91.94,4.558798375858871,-9.911643853986938,0.060594261099776864
91.95,4.65717219277028,-9.885347986964877,0.0619273600631723
91.96000000000001,4.755264170646651,-9.858019526637966,0.06330722265155295
91.97,4.853063506074876,-9.829659527059553,0.0647354927311428
91.98,4.950559395642265,-9.80026904228287,0.066213814168172
91.99,5.047740983999167,-9.769845473226932,0.06774400057886398
92.0,5.14459734343359,-9.738385676229957,0.06932885525541169
92.01,5.2411175839753215,-9.705892041810586,0.07097153525911161
92.02,5.337290815994989,-9.672366993331181,0.07267519800689598
92.03,5.433106149863635,-9.637812954153969,0.07444300091570429
92.04,5.528552695951887,-9.60223234764131,0.07627810140246885
92.05,5.623619564630377,-9.565627597155576,0.07818365688412156
92.06,5.718295866270141,-9.52800112605898,0.08016282477760252
92.07000000000001,5.812570711241812,-9.48935535771389,0.08221876249984374
92.08,5.906433209916023,-9.44969271548268,0.08435462746777679
92.09,5.999872472663806,-9.409015622727555,0.08657357709834243
92.10000000000001,6.092877609855794,-9.367326502810888,0.08887876880847234
92.11,6.18543740535276,-9.324624464327346,0.09127318919465632
92.12,6.277540399598089,-9.280908356694683,0.09376156325805368
92.13,6.369175486587018,-9.236181992411549,0.09634995968839423
92.14,6.460331562380154,-9.190449208492563,0.09904445125302393
92.15,6.550997523037714,-9.14371384195254,0.10185111071927772
92.16,6.641162264619918,-9.095979729806295,0.10477601085448993
92.17,6.7308146831873685,-9.047250709068443,0.10782522442600741
92.18,6.8199436748002835,-8.997530616753796,0.11100482420116468
92.19,6.908538135518887,-8.946823289877178,0.11432088294729549
92.2,6.996586961403775,-8.895132565453194,0.11777947343174783
92.21000000000001,7.0840790485151715,-8.842462280496663,0.12138666842185564
92.22,7.171003292913298,-8.78881627202241,0.12514854068495204
92.23,7.257348308949405,-8.734195291000807,0.12907061235123668
92.24,7.343102272863221,-8.678599989500778,0.13316177127654066
92.25,7.428253512352338,-8.622035539994195,0.13743377137929985
92.26,7.512790356230215,-8.564507133279944,0.14189837423783644
92.27,7.596701133310309,-8.506019960156907,0.1465673414304714
92.28,7.67997417240644,-8.446579211423726,0.15145243453554585
92.29,7.762597802332065,-8.386190077879284,0.15656541513138106
92.3,7.844560351900649,-8.324857750322474,0.16191804479629712
92.31,7.925850149926002,-8.262587419551924,0.16752208510863703
92.32000000000001,8.006455525221586,-8.199384276366526,0.1733892976467211
92.33,8.086364811116557,-8.135253458969649,0.17953138256278733
92.34,8.165566422327855,-8.070196450824469,0.18595756706448627
92.35000000000001,8.244047842430014,-8.004217122930093,0.19268547674630349
92.36,8.321796186987463,-7.937322007591771,0.19973692319650457
92.37,8.398798571564962,-7.869517637114458,0.20713371800338543
92.38,8.475042111726832,-7.800810543803499,0.21489767275520083
92.39,8.550513923037832,-7.731207259963848,0.22305059904024865
92.4,8.625201121062387,-7.6607143179007515,0.23161430844679404
92.41,8.699090821364939,-7.58933824991946,0.24061061256309973
92.42,8.772170139510234,-7.517085588324922,0.25006132297746714
92.43,8.844426362601567,-7.443962438926895,0.25998713772204624
92.44,8.915847635115393,-7.369971442291981,0.27040386702385744
92.45,8.986419413277908,-7.2951193246841886,0.28134609274898437
92.46000000000001,9.056126552506962,-7.219414037158223,0.2928524336866974
92.47,9.124953908220407,-7.142863530768793,0.30496150862626387
92.48,9.192886335836391,-7.06547575657028,0.31771193635700307
92.49,9.259908690772672,-6.987258665617507,0.3311423356681635
92.5,9.326005828447391,-6.908220208964848,0.3452913253490682
92.51,9.391162604278403,-6.828368337667016,0.3601975241889835
92.52,9.455364394493742,-6.7477104354008475,0.3758966795829625
92.53,9.518598719349514,-6.666250646891773,0.392414619881465
92.54,9.580847597321426,-6.583997538484324,0.4098108164792154
92.55,9.642092004502883,-6.5009606758698615,0.4281507746036075
92.56,9.702312916987543,-6.417149624739393,0.44749999948211405
92.57000000000001,9.761491310868802,-6.332573950784278,0.46792399634213017
92.58,9.819608162240067,-6.247243219695882,0.489488270411045
92.59,9.87664444719499,-6.161166997165204,0.5122583269163402
92.60000000000001,9.932581194560004,-6.074354816611685,0.5362993881113084
92.61,9.98740443900022,-5.9868127687075345,0.561651285244785
92.62,10.041094065961182,-5.898549457819938,0.5883916945229717
92.63,10.093624751823178,-5.80957642141129,0.6166272332072107
92.64,10.144971172966805,-5.719905196943481,0.6464645185590003
92.65,10.195108005772429,-5.629547321878782,0.6780101678397202
92.66,10.244009926620427,-5.538514333679466,0.7113707983107398
92.67,10.291651611891382,-5.44681776980742,0.7466530272335723
92.68,10.338008058950988,-5.354469029027001,0.7839617847945779
92.69,10.383063281881283,-5.261475219073846,0.823356511833698
92.7,10.42678908757943,-5.167847626747656,0.86496608598283
92.71000000000001,10.46915036607589,-5.073600344540984,0.9089566211679172
92.72,10.510112007401139,-4.978747464946391,0.9554942313148894
92.73,10.549638901585823,-4.88330308045603,1.0047450303498762
92.74,10.587695938660358,-4.787281283562597,1.056875132198735
92.75,10.624248008655385,-4.690696166758241,1.1120506507876113
92.76,10.659264363954161,-4.593560291330873,1.1704152891944675
92.77,10.692723724784873,-4.495882215965778,1.2320660135899315
92.78,10.72457930653186,-4.397678532764931,1.2972333903535391
92.79,10.754781448299308,-4.298966793199657,1.3661629029023348
92.8,10.783280489191418,-4.199764548741284,1.4391000346533414
92.81,10.810026768312506,-4.100089350860715,1.5162902690238953
92.82000000000001,10.834970624766767,-3.9999587510292796,1.597979089431025
92.83,10.858062685015485,-3.899390213887909,1.6844105609267743
92.84,10.879275598584487,-3.7983942659810266,1.7757179204232252
92.85000000000001,10.89855924512641,-3.6969874067840705,1.8721399921637618
92.86,10.915843496417533,-3.595192002317173,1.974013013734108
92.87,10.931058224234203,-3.4930304186000316,2.0816732227204255
92.88,10.944133300352673,-3.3905250216529237,2.195456856708279
92.89,10.95499859654928,-3.287698177495545,2.3157001532838652
92.9,10.963583984600302,-3.184572252148029,2.442739350032899
92.91,10.96983254590558,-3.081165677258206,2.576850045201704
92.92,10.97370515729813,-2.977491111835072,2.718200595229308
92.93,10.975109297294155,-2.873576588572579,2.867175789208815
92.94,10.973948613330927,-2.7694512621424163,3.0241769712302635
92.95,10.970126752845713,-2.6651442872158295,3.1896054853843667
92.96000000000001,10.963547363275783,-2.560684818464508,3.3638626757611743
92.97,10.95411409205842,-2.4561020105601408,3.5473498864506867
92.98,10.94173059811298,-2.3514250143333095,3.7404684253469203
92.99,10.926340786974533,-2.246669630900152,3.943465641992586
93.0,10.907868034311106,-2.1418589637796663,4.156548725505566
93.01,10.886189375493295,-2.0370317222479093,4.380045572690606
93.02,10.861181845891716,-1.9322266155809378,4.614284080352396
93.03,10.83272248087688,-1.8274823530543616,4.859592145296632
93.04,10.800688315819396,-1.7228376439442379,5.116297664328015
93.05,10.764956386089898,-1.6183311975266226,5.384728534251187
93.06,10.725403727058861,-1.514001723077127,5.665212651871938
93.07000000000001,10.68192873702509,-1.409874376198177,5.9581027873047825
93.08,10.634456786818667,-1.305963868509525,6.263501522494713
93.09,10.58286619905399,-1.2023207402121514,6.58120419371657
93.10000000000001,10.527033403333485,-1.09899684418517,6.91099921823349
93.11,10.466834829259598,-0.9960440333076946,7.252675013308538
93.12,10.402146906434522,-0.893514160458399,7.606019996206248
93.13,10.332846064460798,-0.7914590785165416,7.970822584189175
93.14,10.25880873294059,-0.689930640360799,8.34687119452192
93.15,10.179911341476355,-0.5889806988702837,8.733954244467531
93.16,10.096030319670573,-0.48866110692410447,9.131860151288997
93.17,10.007046204707342,-0.3890143122132429,9.540280573687946
93.18,9.912887918068483,-0.29007395908879363,9.958204399671732
93.19,9.813514126529768,-0.19189743954298782,10.384313416580776
93.2,9.708883861305374,-0.09454305371956129,10.817288293714904
93.21000000000001,9.598956153609908,0.0019308982373306138,11.255809700372136
93.22,9.483690034657998,0.09746611618353762,11.698558305850456
93.23,9.363044535663784,0.19200429997531632,12.14421477944974
93.24,9.23696432632235,0.2854880103609072,12.591471918652099
93.25,9.105353186966521,0.3778665560517826,13.038771179767192
93.26,8.968292737184612,0.4690860037835259,13.483910281774154
93.27,8.825894810937411,0.5590912434479995,13.924619225212242
93.28,8.678271242185104,0.6478271649374485,14.358628010622587
93.29,8.525533864888478,0.7352386581437336,14.783666638544439
93.3,8.367794513008345,0.8212706129587227,15.197465109517099
93.31,8.205155833732032,0.9058670334898418,15.597734174071018
93.32000000000001,8.037606406695636,0.9889606657104785,15.981847911377095
93.33,7.865362893763005,1.0705056282739696,16.34742567717919
93.34,7.688724585387477,1.150463921617691,16.692227929628753
93.35000000000001,7.507990772023117,1.2287975461786704,17.014015126875655
93.36,7.323460744124018,1.3054685023939443,17.3105477270699
93.37,7.135433792143479,1.3804387907008748,17.579586188362732
93.38,6.94420909338222,1.4536703751703728,17.818890071636822
93.39,6.749985425124825,1.5250919156770602,18.025553845324815
93.4,6.553052145180806,1.5946572868883835,18.197882636162202
93.41,6.353823437802066,1.6623595668123083,18.335286916855136
93.42,6.152713487239655,1.7281918334570872,18.437177160110327
93.43,5.950136477745474,1.7921471648306828,18.502963838633885
93.44,5.7465065935714295,1.8542186389410684,18.532057425132116
93.45,5.542238018968562,1.9143993337964813,18.523868392311428
93.46000000000001,5.337745743205751,1.97267600806601,18.47771532528908
93.47,5.13343248772201,2.0289747185901508,18.392565121520885
93.48,4.929649744687317,2.083297029517731,18.269587246297462
93.49,4.726741042669367,2.135669744085112,18.110444215650336
93.5,4.525049910234701,2.1861196655289583,17.916798545610227
93.51,4.324919875950727,2.2346735970857114,17.690312752208524
93.52,4.126694468384842,2.2813583419918215,17.43264935147679
93.53,3.9307172161036,2.3262007034839374,17.14547085944547
93.54,3.737346071167777,2.3692214107750376,16.830435330981665
93.55,3.547037276941828,2.410379759169324,16.48939881608996
93.56,3.359998600303027,2.4496982075364047,16.124766874227824
93.57000000000001,3.176372766582229,2.4872219084019136,15.739018706051047
93.58,2.9963025011102715,2.5229960142914947,15.334633512215543
93.59,2.819930529217226,2.557065677730943,14.914090493375483
93.60000000000001,2.6473995762339344,2.5894760512459,14.479868850186756
93.61,2.4788523674912164,2.6202722873620163,14.034447783305325
93.62,2.3144451935330044,2.6494962841583622,13.580341295218663
93.63,2.1544327008908004,2.6771544729960595,13.12023436497596
93.64,1.9988549867320249,2.7032803235387237,12.656094065492308
93.65,1.847694275895925,2.7279184439847914,12.18972017796711
93.66,1.700932793221722,2.751113442532708,11.722912483599782
93.67,1.5585527635480145,2.7729099273810145,11.25747076358775
93.68,1.420536411714031,2.793352506728155,10.79519479913043
93.69,1.2868659625589745,2.8124857887725794,10.337884371427224
93.7,1.1575480540846934,2.8303528806734244,9.887386868773419
93.71000000000001,1.0325408432149694,2.8469910618439354,9.44488732096384
93.72,0.911751696482855,2.8624362026848367,9.011179582491422
93.73,0.7950879769775435,2.8767241736037343,8.587057487924563
93.74,0.6824570477889033,2.889890845008151,8.173314871834098
93.75,0.5737662720061513,2.9019720873056856,7.770745568788479
93.76,0.46892301271898684,2.9130037709038814,7.3801434133579376
93.77,0.36783122925654244,2.923022542671795,7.002278631561742
93.78,0.27033320694228813,2.932075846836231,6.637339794675062
93.79,0.17630151250288467,2.9401965245446062,6.285363554116945
93.8,0.08563041586764131,2.947411424219631,5.946488092886079
93.81,-0.0017858130345166368,2.953747394284047,5.620851593979717
93.82000000000001,-0.08605290427427548,2.959231283160563,5.308592240396564
93.83,-0.16727658838380743,2.963889939356734,5.009848212459524
93.84,-0.24562893267202585,2.9677615640101997,4.724312420220662
93.85000000000001,-0.3212731419739161,2.9708793732175565,4.451487898230946
93.86,-0.39430271365304137,2.973262932886979,4.191221863004602
93.87,-0.4648111450732748,2.9749318089266503,3.9433615310547534
93.88,-0.5328919335980808,2.975905567244744,3.707754118895971
93.89,-0.5986385765913182,2.97620377374944,3.484246843041448
93.9,-0.6622155598589642,2.975857059490035,3.272220059164675
93.91,-0.7238007449494236,2.974896472185427,3.07081831775233
93.92,-0.7834604962535999,2.9733345967475313,2.879823421819776
93.93,-0.8412603694666791,2.9711838879610717,2.69902213180561
93.94,-0.8972659202838578,2.968456800610777,2.528201208148369
93.95,-0.9515427044005698,2.9651657894813614,2.367147411285871
93.96000000000001,-1.004156277512009,2.961323309357553,2.2156475016566675
93.97,-1.0552187102912862,2.9569484405551,2.0731656466801685
93.98,-1.104952545466064,2.9520753681552234,1.9383326704126753
93.99,-1.1534089308704099,2.9467131057274694,1.8108872857426144
94.0,-1.2006225290678505,2.940868286605433,1.6906791158033594
94.01,-1.2466280026217045,2.934547544122734,1.5775577837288315
94.02,-1.2914600140952983,2.9277575116129926,1.471372912652912
94.03,-1.3351532260521477,2.920504822409801,1.371974125709035
94.04,-1.3777423010555774,2.91279610984678,1.2792110460310913
94.05,-1.4192619016689176,2.904638007257552,1.192933296752934
94.06,-1.4598258003583835,2.8960475270825086,1.112403527204678
94.07000000000001,-1.4996049700955083,2.887048875260625,1.0364160074148738
94.08,-1.5386184015145041,2.877646074579237,0.9648582945957738
94.09,-1.5768817021425592,2.86784270130153,0.8976426710440848
94.10000000000001,-1.6144104795066951,2.8576423316907302,0.8346814190568215
94.11,-1.6512203411339377,2.8470485420100644,0.7758868209309744
94.12,-1.687326894551469,2.8360649085227156,0.7211711589632864
94.13,-1.722745747286264,2.8246950074919277,0.6704467154508235
94.14,-1.7574925068655007,2.8129424151808804,0.6236257726903512
94.15,-1.791599846536359,2.8008127862610093,0.5804885746085207
94.16,-1.825200579390814,2.7883239348519653,0.5400284176260264
94.17,-1.8583249005497597,2.775481116300019,0.5020121693473448
94.18,-1.8909791113919503,2.762286670995141,0.46638990437469197
94.19,-1.9231695132961415,2.748742939327303,0.4331116973102702
94.2,-1.954902407641227,2.73485226168642,0.4021276227561418
94.21000000000001,-1.9861840958059624,2.720616978462463,0.3733877553145123
94.22,-2.017020879169106,2.7060394300454065,0.3468421695875746
94.23,-2.047419059109547,2.691121956825161,0.32244094017741015
94.24,-2.077385826675943,2.675866997799928,0.3001269993816344
94.25,-2.106982493056521,2.660283008016609,0.27940572449481654
94.26,-2.136244802679367,2.644375662201288,0.25997837631295867
94.27,-2.16517465653224,2.6281468939441712,0.2418161647537678
94.28,-2.193773955603022,2.611598636835395,0.2248902997348745
94.29,-2.222044600879471,2.594732824465164,0.20917199117398771
94.3,-2.2499884933493473,2.577551390423686,0.19463244898880938
94.31,-2.2776075340005293,2.5600562683010937,0.18124288309698036
94.32000000000001,-2.3049036238207776,2.542249391687594,0.1689745034162043
94.33,-2.3318791086574526,2.5241327365892774,0.15779481793334485
94.34,-2.35856342680963,2.505710893634429,0.14744464905274762
94.35000000000001,-2.384973260105888,2.4869873329278946,0.13776721581546816
94.36,-2.4111083585864512,2.4679639280499233,0.128745935416641
94.37,-2.436968472291656,2.4486425525806834,0.12036422505136271
94.38,-2.462553351261691,2.4290250801004514,0.1126055019147793
94.39,-2.4878627455368907,2.4091133841893932,0.10545318320199093
94.4,-2.5128964051574805,2.388909338427759,0.09889068610813126
94.41,-2.5376540801636875,2.3684148163958,0.09290142782833051
94.42,-2.562138482113725,2.347631901052546,0.08744319272521223
94.43,-2.5863652550399,2.326563653197198,0.08236106552386653
94.44,-2.610335592386538,2.3052122067705096,0.07762406317148307
94.45,-2.634048156028795,2.2835795230081386,0.073223038500279
94.46000000000001,-2.657501607841724,2.2616675631458323,0.06914884434249188
94.47,-2.6806946097003785,2.2394782884193396,0.06539233353035738
94.48,-2.703625823479912,2.2170136600643153,0.06194435889609544
94.49,-2.726293911055347,2.1942756393165403,0.05879577327194647
94.5,-2.74869766387948,2.17126619035235,0.05593625090311564
94.51,-2.7708425071847143,2.147987466130898,0.05329508097761099
94.52,-2.7927305382892613,2.124441657549999,0.05083168312696968
94.53,-2.8143598841109845,2.1006308859442617,0.048541565018325065
94.54,-2.835728671567654,2.076557272648397,0.0464202343188211
94.55,-2.8568350275770413,2.052222938997115,0.044463198695600774
94.56,-2.8776770790570074,2.0276300063250243,0.042665965815798866
94.57000000000001,-2.8982529529253243,2.0027805959668346,0.04102404334655862
94.58,-2.918560776099764,1.9776768292572595,0.03953293895502237
94.59,-2.938600074036814,1.9523207301537262,0.03817427511371671
94.60000000000001,-2.958372945074301,1.9267142383820568,0.036904549637648984
94.61,-2.9778775750358806,1.9008596655196093,0.03571954501575647
94.62,-2.997111886844619,1.874759344432411,0.03461766710699924
94.63,-3.0160738034234718,1.8484156079866385,0.033597321770343844
94.64,-3.0347612476955033,1.8218307890483179,0.032656914864750794
94.65,-3.053172142583697,1.795007220483588,0.03179485224918504
94.66,-3.0713044110110372,1.7679472351585894,0.031009539782611048
94.67,-3.0891559759005864,1.7406531659393463,0.030299383323990015
94.68,-3.106725180321608,1.7131271969999733,0.029657543396644007
94.69,-3.124012308385062,1.6853709393580876,0.029053842854039537
94.7,-3.1410156846406627,1.6573868684849715,0.028483913953108765
94.71000000000001,-3.1577332720078037,1.6291775992942754,0.02794799390925223
94.72,-3.1741630334058817,1.6007457466996513,0.027446319937870278
94.73,-3.190302931754362,1.5720939256146298,0.02697912925436114
94.74,-3.2061509299726176,1.5432247509529036,0.026546659074125793
94.75,-3.221704990980113,1.5141408376280023,0.02614914661256267
94.76,-3.2369630776962444,1.484844800553578,0.02578682908507206
94.77,-3.2519231530404094,1.4553392546432842,0.02545994370705406
94.78,-3.26658317993207,1.4256268148106483,0.025168727693907402
94.79,-3.2809411213480324,1.395710095904095,0.024913417098228117
94.8,-3.2949955860586098,1.365591082582869,0.024682190564317523
94.81,-3.3087453663694775,1.3352719571111435,0.024463520778826766
94.82000000000001,-3.322188734934527,1.3047555917187919,0.0242573889169702
94.83,-3.3353239644076513,1.2740448586356874,0.024063776153962088
94.84,-3.348149327442799,1.2431426300915733,0.0238826636650159
94.85000000000001,-3.3606630966938633,1.2120517783163232,0.02371403262534592
94.86,-3.372863544814739,1.180775175539812,0.02355786421016638
94.87,-3.384748944459371,1.1493156939917806,0.023414139594690835
94.88,-3.3963175682816384,1.1176762059021486,0.02328283995413371
94.89,-3.4075676889354853,1.0858595835006564,0.02316394646370864
94.9,-3.4184975255989993,1.0538686004660216,0.02305687216347413
94.91,-3.4291049451123357,1.0217052695129796,0.022956219260728532
94.92,-3.439388387190311,0.9893724474945754,0.02286065263662415
94.93,-3.4493464361649755,0.9568732367695802,0.02277017268571762
94.94,-3.4589776763683813,0.924210739696766,0.02268477980256555
94.95,-3.468280692132621,0.8913880586347651,0.022604474381724193
94.96000000000001,-3.477254067789746,0.8584082959423496,0.022529256817750164
94.97,-3.4858963876718096,0.8252745539782917,0.022459127505200047
94.98,-3.494206236110901,0.791989935101223,0.022394086838630145
94.99,-3.5021821974390632,0.758557541669963,0.022334135212597125
95.0,-3.5098228559883826,0.7249804760431425,0.022279273021657314
95.01,-3.517126028568999,0.6912612241807693,0.02222839864024538
95.02,-3.52408886039711,0.6574016864448993,0.022179132658406157
95.03,-3.53071035668025,0.6234052163244954,0.022131490757140042
95.04,-3.536989587760705,0.5892752189107255,0.022085577339844557
95.05,-3.5429256239807643,0.5550150992947582,0.022041496809917217
95.06,-3.548517535682741,0.520628262567616,0.021999353570755345
95.07000000000001,-3.553764393208924,0.4861181138204672,0.02195925202575645
95.08,-3.558665266901602,0.4514880581444809,0.021921296578318046
95.09,-3.5632192271030867,0.41674150063067855,0.021885591631837467
95.10000000000001,-3.567425344155667,0.38188184637022893,0.021852241589712218
95.11,-3.571282688401635,0.3469125004543017,0.021821350855339795
95.12,-3.5747903301832973,0.31183686797391724,0.02179302383211756
95.13,-3.5779473398429413,0.2766583540202951,0.021767364923443045
95.14,-3.580752787722873,0.24138036368445515,0.021744478532713624
95.15,-3.5832057441653844,0.20600630205756687,0.021724469063326788
95.16,-3.5853052752019576,0.17053957156675936,0.021707438330803706
95.17,-3.587048543295942,0.13498237352559045,0.021692266496979706
95.18,-3.588433429410994,0.09933726339427584,0.02167797825271734
95.19,-3.5894595671157488,0.06360785935459486,0.02166458541046699
95.2,-3.5901265899788433,0.027797779588174587,0.02165209978267898
95.21000000000001,-3.5904341315689106,-0.008089357723205737,0.021640533181803694
95.22,-3.5903818254545863,-0.044049934397766444,0.021629897420291505
95.23,-3.589969305204505,-0.08008033225388111,0.021620204310592746
95.24,-3.5891962043873025,-0.11617693310971877,0.021611465665157807
95.25,-3.5880621565716115,-0.1523361187836535,0.021603693296437024
95.26,-3.5865667953260676,-0.1885542710939055,0.021596899016880774
95.27,-3.5847097542193085,-0.22482777185869462,0.021591094638939427
95.28,-3.582490666819964,-0.2611530028963953,0.021586291975063326
95.29,-3.579909166696671,-0.2975263460252277,0.021582502837702845
95.3,-3.576964887418069,-0.3339441830634112,0.021579739039308345
95.31,-3.5736574625527844,-0.37040289582932096,0.021578012392330183
95.32000000000001,-3.569986254130852,-0.4068989705265368,0.021577323978689767
95.33,-3.5659472226467863,-0.4434302313380958,0.021577529656261772
95.34,-3.5615393781642637,-0.47999339661550533,0.02157858212972553
95.35000000000001,-3.5567630453057557,-0.5165846875299251,0.02158048314584106
95.36,-3.5516185486937353,-0.5532003252525151,0.02158323445136836
95.37,-3.546106212950654,-0.5898365309545905,0.021586837793067457
95.38,-3.5402263626989927,-0.6264895258072591,0.021591294917698355
95.39,-3.5339793225612,-0.6631555309818368,0.021596607572021084
95.4,-3.5273654171597504,-0.6998307676494829,0.021602777502795642
95.41,-3.520384971117119,-0.7365114569813571,0.021609806456782038
95.42,-3.5130383090557524,-0.7731938201487751,0.021617696180740307
95.43,-3.5053257555981254,-0.8098740783228966,0.02162644842143045
95.44,-3.4972476353667155,-0.8465484526748811,0.021636064925612465
95.45,-3.4888042729839657,-0.8832131643760444,0.021646547440046394
95.46000000000001,-3.479995993072352,-0.9198644345975459,0.02165789771149224
95.47,-3.470823120254354,-0.9564984845105455,0.021670117486709994
95.48,-3.461285979152411,-0.9931115352863585,0.02168320851245971
95.49,-3.451384894389016,-1.029699808096093,0.02169717253550136
95.5,-3.4411201905866067,-1.0662595241110644,0.021712011302594997
95.51,-3.4304907529824655,-1.1027871733032801,0.021727729842492258
95.52,-3.419489701100334,-1.139280377054592,0.021744347105445715
95.53,-3.4081171980250202,-1.175735521230028,0.02176186711298992
95.54,-3.3963745472675098,-1.2121487837972191,0.021780291358239248
95.55,-3.3842630523387895,-1.2485163427237966,0.021799621334308076
95.56,-3.371784016749794,-1.2848343759775476,0.021819858534310854
95.57000000000001,-3.35893874401151,-1.3210990615261031,0.021841004451361955
95.58,-3.3457285376349257,-1.3573065773370951,0.021863060578575753
95.59,-3.332154701130973,-1.3934531013783098,0.021886028409066702
95.60000000000001,-3.31821853801064,-1.4295348116173785,0.021909909435949178
95.61,-3.3039213517849166,-1.4655478860219338,0.021934705152337544
95.62,-3.2892644459647316,-1.5014885025597609,0.021960417051346267
95.63,-3.2742491240610962,-1.5373528391984408,0.021987046626089676
95.64,-3.2588766895849366,-1.5731370739057589,0.022014595369682245
95.65,-3.243148446047244,-1.6088373846493471,0.02204306477523834
95.66,-3.2270656969590106,-1.6444499493968383,0.022072456335872317
95.67,-3.21062974583116,-1.679970946116017,0.022102771544698658
95.68,-3.1938418961746846,-1.7153965527745152,0.02213401189483172
95.69,-3.176703451500578,-1.7507229473399666,0.022166178879385864
95.7,-3.1592157153197613,-1.7859463077801543,0.022199273991475574
95.71000000000001,-3.1413799911432276,-1.8210628120627113,0.022233298724215207
95.72,-3.1231975824819727,-1.856068638155271,0.022268254570719116
95.73,-3.1046697928469142,-1.8909599640256167,0.022304143024101795
95.74000000000001,-3.0857979257490475,-1.9257329676413812,0.022340965577477598
95.75,-3.066583284699369,-1.9603838269701992,0.02237872372396087
95.76,-3.047027173208794,-1.9949087199798514,0.022417418956666116
95.77,-3.027127726247503,-2.0293037630453044,0.022457028085571894
95.78,-3.006875037082755,-2.0635650409345674,0.022497470596705788
95.79,-2.986270451214965,-2.0976890078002794,0.02253876006001903
95.8,-2.9653164386076787,-2.1316721461014447,0.022580919080239462
95.81,-2.9440154692243516,-2.165510938297213,0.022623970262095106
95.82000000000001,-2.922370013028529,-2.1992018668465882,0.0226679362103138
95.83,-2.9003825399837577,-2.2327414142085753,0.02271283952962338
95.84,-2.8780555200534916,-2.2661260628423223,0.02275870282475187
95.85000000000001,-2.8553914232012767,-2.299352295206835,0.02280554870042711
95.86,-2.8323927193906617,-2.332416593761118,0.022853399761376927
95.87,-2.809061878585097,-2.3653154409643187,0.02290227861232936
95.88,-2.785401370748164,-2.3980453192753957,0.022952207858012167
95.89,-2.7614136658433117,-2.430602711153495,0.023003210103153388
95.9,-2.7371012338340885,-2.462984099057623,0.02305530795248086
95.91,-2.712466544684046,-2.4951859654467867,0.023108524010722394
95.92,-2.6875120683566287,-2.5272047927801298,0.023162880882606048
95.93,-2.662240274815388,-2.5590370635166586,0.023218401172859646
95.94,-2.6366536340238755,-2.5906792601153823,0.023275107486211002
95.95,-2.610754615945534,-2.622127865035443,0.023333022427388182
95.96000000000001,-2.5845456905439157,-2.6533793607358476,0.023392168601119003
95.97,-2.558029327782574,-2.6844302296756055,0.02345256861213128
95.98,-2.531207997624949,-2.7152769543138575,0.02351424506515308
95.99000000000001,-2.5040841700345937,-2.745916017109612,0.023577220564912217
96.0,-2.4766603149750632,-2.7763439005218786,0.0236415177161365
96.01,-2.448938902409795,-2.806557087009796,0.023707159123554016
96.02,-2.420922402302383,-2.8365520590323317,0.023774167391892472
96.03,-2.3926132846162638,-2.8663252990486234,0.02384256512587996
96.04,-2.3640140193149923,-2.8958732895176804,0.023912374930244278
96.05,-2.3351270763621255,-2.925192512898515,0.023983619409713233
96.06,-2.305954925721097,-2.954279451650262,0.024056321169014922
96.07000000000001,-2.276500037355463,-2.983130588231933,0.024130502812877146
96.08,-2.2467647315028247,-3.0117423693952965,0.024206179551886503
96.09,-2.216742330106406,-3.040109198889051,0.02428291916924702
96.10000000000001,-2.186430536313834,-3.0682268383925857,0.024360496532471163
96.11,-2.155832708598572,-3.09609245660919,0.02443896406601571
96.12,-2.1249522054339534,-3.1237032222422743,0.02451837419433776
96.13,-2.0937923852934848,-3.1510563039950905,0.024598779341893966
96.14,-2.0623566066504977,-3.178148870571046,0.024680231933141443
96.15,-2.030648227978456,-3.204978090673433,0.024762784392536957
96.16,-1.9986706077508252,-3.2315411330055435,0.02484648914453727
96.17,-1.966427104440934,-3.2578351662707834,0.024931398613599498
96.18,-1.9339210765222472,-3.283857359172446,0.02501756522418041
96.19,-1.9011558824682315,-3.309604880413824,0.025105041400736754
96.2,-1.8681348807522133,-3.335074898698321,0.02519387956772567
96.21000000000001,-1.8348614298476593,-3.3602645827292315,0.025284132149603906
96.22,-1.8013388882280363,-3.38517110120985,0.025375851570828223
96.23,-1.7675706143666692,-3.409791622843578,0.025469090255855753
96.24000000000001,-1.7335599667370247,-3.4341233163337095,0.025563900629143252
96.25,-1.699310303812572,-3.4581633503835416,0.02566033511514746
96.26,-1.664824984066633,-3.4819088936964726,0.02575844613832554
96.27,-1.6301073659727259,-3.505357114975766,0.025858286123134087
96.28,-1.5951608080041715,-3.5285051829248175,0.025959907494030272
96.29,-1.5599886686344384,-3.5513502662469243,0.02606336267547083
96.3,-1.524594306336997,-3.573889533645386,0.026168704091912492
96.31,-1.4889810795851668,-3.5961201538235956,0.026275984167812447
96.32000000000001,-1.4531523468524177,-3.618039295484852,0.026385255327627415
96.33,-1.41711146661222,-3.6396441273324553,0.026496569995814127
96.34,-1.3808617973378916,-3.660931818069796,0.02660998059682978
96.35000000000001,-1.3444066975029032,-3.6818995364001745,0.026725539555131093
96.36,-1.3077495255807265,-3.702544451026892,0.02684329929517478
96.37,-1.27088885136771,-3.7228607940454057,0.026962707780337374
96.38,-1.2338233114537267,-3.742843139887024,0.027083194795904007
96.39,-1.1965568301016436,-3.762489463413763,0.027204843640943402
96.4,-1.159093332804762,-3.781797740260704,0.027327737768167455
96.41,-1.1214367450563847,-3.80076594606293,0.027451960630288062
96.42,-1.0835909923496536,-3.8193920564556048,0.02757759568001765
96.43,-1.045560000177871,-3.8376740470738113,0.027704726370068117
96.44,-1.0073476940343409,-3.855609893552634,0.02783343615315135
96.45,-0.9689579994122032,-3.8731975715272338,0.027963808481979782
96.46000000000001,-0.9303948418047611,-3.890435056632695,0.028095926809265308
96.47,-0.891662146705319,-3.9073203245041035,0.02822987458771981
96.48,-0.8527638396070156,-3.9238513507766175,0.028365735270055738
96.49000000000001,-0.8137038460031552,-3.9400261110853223,0.028503592308984974
96.5,-0.7744860913870422,-3.9558425810653057,0.028643529157219395
96.51,-0.7351145012518144,-3.9712987363517223,0.028785629267471465
96.52,-0.6955930010908329,-3.9863925525796384,0.028929976092452857
96.53,-0.6559255163972341,-4.001122005384207,0.02907665308487605
96.54,-0.6161159726643232,-4.015485070400516,0.029225743697452917
96.55,-0.5761682953854059,-4.029479723263655,0.029377331382895305
96.56,-0.536086410053618,-4.043103939608775,0.029531499593915725
96.57000000000001,-0.49587424216226494,-4.056355695070965,0.02968833178322603
96.58,-0.45553571720465336,-4.069232965285317,0.02984791140353807
96.59,-0.41507476067391735,-4.081733725886977,0.030010321907564363
96.60000000000001,-0.37449529806336335,-4.093855952511037,0.03017564674801676
96.61,-0.3337994715486831,-4.105595549366006,0.030343512666492184
96.62,-0.2929877443333243,-4.116946706003712,0.0305130833511225
96.63,-0.25206423895843516,-4.127908058442083,0.030684432151081853
96.64,-0.2110331858357268,-4.138478370776527,0.030857659651355587
96.65,-0.16989881537708484,-4.148656407102407,0.031032866436928295
96.66,-0.1286653579943955,-4.158440931515085,0.031210153092784576
96.67,-0.08733704409936899,-4.167830708109968,0.03138962020390977
96.68,-0.045918104103891466,-4.176824500982418,0.03157136835528848
96.69,-0.0044127684198495,-4.1854210742278015,0.03175549813190529
96.7,0.03717473254104736,-4.1936191919415196,0.03194211011874556
96.71000000000001,0.07884016836691277,-4.201417618218937,0.03213130490079387
96.72,0.1205793086458598,-4.208815117155421,0.032323183063034805
96.73,0.16238792296617932,-4.21581045284637,0.03251784519045375
96.74000000000001,0.2042617809159848,-4.222402389387151,0.03271539186803527
96.75,0.24619665208338914,-4.228589690873132,0.03291592368076393
96.76,0.2881883060566839,-4.234371121399709,0.03311954121362515
96.77,0.33023251242392215,-4.239745445062243,0.03332634505160319
96.78,0.372325040773396,-4.244711425956126,0.03353643577968348
96.79,0.4144616606932181,-4.249267828176727,0.03374991398285058
96.8,0.45663814177150097,-4.253413415819419,0.033966880246089015
96.81,0.498850871178877,-4.257145551204408,0.03418715128031624
96.82000000000001,0.5410975804889989,-4.260458747633233,0.03440989934858654
96.83,0.5833740502159976,-4.263352175300562,0.03463516364450652
96.84,0.6256758986697037,-4.265825380875151,0.03486305683304131
96.85000000000001,0.667998744159768,-4.267877911025745,0.03509369157915508
96.86,0.7103382049958409,-4.269509312421091,0.035327180547812
96.87,0.7526898994877533,-4.270719131729942,0.03556363640397721
96.88,0.7950494459450955,-4.271506915621044,0.035803171812614526
96.89,0.8374124626776986,-4.271872210763149,0.03604589943868913
96.9,0.8797745679952134,-4.271814563825004,0.036291931947165165
96.91,0.9221313802072896,-4.271333521475357,0.03654138200300677
96.92,0.9644785176237587,-4.270428630382958,0.036794362271179146
96.93,1.0068115985542714,-4.269099437216556,0.03705098541664642
96.94,1.0491262413084774,-4.267345488644903,0.037311364104372725
96.95,1.0914180641962086,-4.265166331336742,0.03757561099932328
96.96000000000001,1.133682685527115,-4.262561511960825,0.03784383876646221
96.97,1.175915723610847,-4.259530577185904,0.038116160070753614
96.98,1.2181127967572358,-4.256073073680722,0.03839268757716276
96.99000000000001,1.2602695261026244,-4.252188528126855,0.038673530829849805
97.0,1.3023823227647124,-4.247871037802096,0.03895792605758213
97.01,1.3444474065425926,-4.243116605595824,0.039245316692204504
97.02,1.3864603655895327,-4.237925822284752,0.039535842647738795
97.03,1.4284167880590386,-4.232299278645567,0.039829643838208514
97.04,1.4703122621044376,-4.2262375654549755,0.04012686017763594
97.05,1.5121423758790569,-4.219741273489688,0.04042763158004334
97.06,1.5539027175364024,-4.212810993526385,0.04073209795945425
97.07000000000001,1.5955888752298013,-4.205447316341775,0.04104039922989093
97.08,1.6371964371125813,-4.197650832712572,0.041352675305375626
97.09,1.6787209913382477,-4.1894221334154516,0.04166906609993192
97.10000000000001,1.720158126060128,-4.180761809227125,0.04198971152758205
97.11,1.7615034294315504,-4.1716704509243066,0.04231475150234826
97.12,1.8027524896060192,-4.16214864928367,0.04264432593825413
97.13,1.8439008947368034,-4.152196995081941,0.04297857474932144
97.14,1.8849442329774078,-4.141816079095794,0.043317637849573806
97.15,1.92587809248116,-4.1310064921019425,0.04366165515303347
97.16,1.9666980614013891,-4.1197688248771005,0.0440107665737226
97.17,2.007399727891598,-4.108103668197939,0.04436511202566488
97.18,2.047978680105115,-4.096011612841172,0.04472483142288251
97.19,2.0884305061952704,-4.083493249583518,0.04509006467939766
97.2,2.1287507943155646,-4.070549169201642,0.04546095170923406
97.21000000000001,2.1689351326193282,-4.0571799624722615,0.04583763242641387
97.22,2.2089791092598903,-4.043386220172096,0.04622024674495924
97.23,2.2488782842542325,-4.029168070860653,0.04660886653440091
97.24000000000001,2.2886277478015096,-4.0145170290172745,0.04700224935523718
97.25,2.328223115119027,-3.9994310575100185,0.04739998983819946
97.26,2.367660251700019,-3.983911923192334,0.04780222675831881
97.27,2.406935023037494,-3.967961392917757,0.04820909889062405
97.28,2.446043294624685,-3.9515812335397333,0.0486207450101463
97.29,2.4849809319546576,-3.934773211911778,0.04903730389191492
97.3,2.523743800520477,-3.9175390948874087,0.04945891431095927
97.31,2.562327765815376,-3.899880649320067,0.049885715042310506
97.32000000000001,2.6007286933324187,-3.88179964206327,0.050317844860997975
97.33,2.6389424485646735,-3.863297839970536,0.050755442542051006
97.34,2.6769648970053694,-3.8443770098953047,0.051198646860500796
97.35000000000001,2.7147919041475737,-3.825038918691094,0.05164759659137668
97.36,2.7524193354843534,-3.8052853332114243,0.05210243050970797
97.37,2.7898430565089374,-3.785118020309731,0.0525632873905259
97.38,2.8270589327143396,-3.7645387468395644,0.05303030600885911
97.39,2.864062829593788,-3.7435492796543572,0.053503625139738886
97.4,2.90085061264035,-3.722151385607631,0.05398338355819453
97.41,2.937418147347095,-3.7003468315529084,0.05446972003925528
97.42,2.973761299207248,-3.67813738434362,0.05496277335795248
97.43,3.0098759337138783,-3.6555248108332887,0.055462682289315404
97.44,3.045757916360056,-3.632510877875439,0.05596958560837328
97.45,3.0814031126390042,-3.6090973523234977,0.05648362209015748
97.46000000000001,3.116807388043793,-3.5852860010309895,0.057004930509697266
97.47,3.151966608067494,-3.561078590851441,0.05753364964202182
97.48,3.186876638203328,-3.5364768886382745,0.0580699182621626
97.49000000000001,3.221532685557728,-3.5114805947380847,0.05861366157206257
97.5,3.2559269416547583,-3.4860796492929698,0.05916372904822865
97.51,3.290055242405899,-3.460274974149667,0.059720001316632666
97.52,3.32391409736996,-3.434069573155265,0.06028256681786134
97.53,3.3575000161059445,-3.4074664501567065,0.060851513992504574
97.54,3.390809508172711,-3.380468609001044,0.061426931281149864
97.55,3.4238390831291197,-3.353079053535332,0.062008907124384685
97.56,3.456585250534171,-3.325300787606509,0.06259752996279899
97.57000000000001,3.4890445199467255,-3.2971368150616294,0.06319288823698024
97.58,3.521213400925644,-3.2685901397477504,0.0637950703875159
97.59,3.5530884030299257,-3.2396637655118066,0.06440416485499596
97.60000000000001,3.5846660358184304,-3.210360696200854,0.06502026008000789
97.61,3.615942808850021,-3.180683935661951,0.06564344450313905
97.62,3.646915231683694,-3.1506364877420294,0.06627380656497957
97.63,3.677579813878268,-3.1202213562881904,0.06691143470611592
97.64,3.7079330649927367,-3.089441545147363,0.06755641736713822
97.65,3.7379714945859637,-3.058300058166607,0.06820884298863387
97.66,3.7676916122168134,-3.0267998991929828,0.06886880001119022
97.67,3.797089927444278,-2.9949440720734173,0.06953637687539746
97.68,3.826162949827221,-2.96273558065497,0.07021166202184294
97.69,3.8549071889245092,-2.9301774287847038,0.070894743891114
97.7,3.883319154295131,-2.8972726203095425,0.07158571092380085
97.71000000000001,3.9113953554979526,-2.8640241590765476,0.07228465156049085
97.72,3.9391323020918416,-2.830435048932783,0.07299165424177129
97.73,3.9665265036357837,-2.7965082937251697,0.07370680740823245
97.74000000000001,3.993574469688646,-2.7622468973007703,0.07443019950046166
97.75,4.020272709809298,-2.7276538635066503,0.07516191895904617
97.76,4.0466177335567215,-2.692732196189728,0.07590205422457634
97.77,4.072605378090539,-2.65748386445706,0.07665064905141411
97.78,4.098222832887094,-2.6218973698391888,0.07740709833586089
97.79,4.1234645391118985,-2.585972022367201,0.07817111610206118
97.8,4.14832818941417,-2.549712092466823,0.07894261240237768
97.81,4.172811476443235,-2.5131218505636266,0.07972149728917638
97.82000000000001,4.196912092848313,-2.476205567083337,0.08050768081481997
97.83,4.220627731278626,-2.4389675124516828,0.08130107303167111
97.84,4.243956084383495,-2.401411957094232,0.08210158399209586
97.85000000000001,4.266894844812141,-2.363543171436712,0.08290912374845684
97.86,4.289441705213789,-2.325365425904852,0.08372360235311671
97.87,4.311594358237757,-2.286882990924218,0.08454492985844157
97.88,4.333350496533236,-2.2481001369205935,0.08537301631679287
97.89,4.354707812749545,-2.2090211343195434,0.08620777178053675
97.9,4.375663999535906,-2.169650253546797,0.08704910630203583
97.91,4.396216749541546,-2.1299917650280853,0.0878969299336527
97.92,4.4163637554157775,-2.09004993918897,0.08875115272775352
97.93,4.436102709807827,-2.0498290464551823,0.08961168473670092
97.94,4.455431305366921,-2.009333357252454,0.09047843601285743
97.95,4.47434723474237,-1.968567142006345,0.09135131660858932
97.96000000000001,4.492848190583403,-1.927534671142587,0.09223023657625914
97.97,4.510931865539246,-1.8862402150869126,0.09311510596822942
97.98,4.5285959522592085,-1.8446880442648805,0.09400583483686643
97.99000000000001,4.545838143392517,-1.802882429102223,0.09490233323453276
98.0,4.5626561315884056,-1.7608276400246743,0.09580451121359088
98.01,4.5790476094961745,-1.7185279474577895,0.09671227882640715
98.02,4.595010269765034,-1.6759876218273644,0.09762554612534277
98.03,4.610541805044282,-1.633210933558951,0.09854422316276415
98.04,4.625639907983153,-1.5902021530782855,0.09946821999103375
98.05,4.640302271230881,-1.546965550811103,0.10039744666251406
98.06,4.654526587436761,-1.503505397182956,0.1013318132295715
98.07000000000001,4.6683105492500285,-1.4598259626195802,0.10227122974456854
98.08,4.68165184931992,-1.4159315175467124,0.10321560625986761
98.09,4.694548180295726,-1.3718263323899025,0.10416485282783522
98.10000000000001,4.706997063626777,-1.3275144814955935,0.10511886438072071
98.11,4.718988595004801,-1.2829913389779772,0.1060767882098364
98.12,4.730517262090548,-1.238256743135499,0.10703789345583788
98.13,4.74158197082688,-1.1933154929822476,0.10800179264040274
98.14,4.752181627156727,-1.1481723875320582,0.10896809828521407
98.15,4.762315137022967,-1.102832225798957,0.10993642291195087
98.16,4.771981406368485,-1.0572998067969706,0.11090637904229207
98.17,4.781179341136205,-1.0115799295399324,0.11187757919792081
98.18,4.78990784726901,-0.9656773930418693,0.11284963590051604
98.19,4.798165830709784,-0.9195969963168089,0.11382216167175672
98.2,4.805952197401448,-0.873343538378583,0.11479476903332597
98.21000000000001,4.813265853286886,-0.8269218182412188,0.11576707050690277
98.22,4.820105704308986,-0.7803366349187455,0.11673867861416604
98.23,4.826470656410664,-0.7335927874249927,0.11770920587679892
98.24000000000001,4.832359615534806,-0.6866950747739888,0.11867826481648039
98.25,4.837771487624301,-0.6396482959797635,0.11964546795488938
98.26,4.8427051786220625,-0.592457250056145,0.12061042781370901
98.27,4.8471595944709716,-0.5451267360172299,0.12157275691461691
98.28,4.851133641113939,-0.497661552876846,0.12253206777929611
98.29,4.854626224493853,-0.4500664996490227,0.12348797292942562
98.3,4.857636250553608,-0.4023463753477907,0.12444008488668443
98.31,4.860162625236109,-0.35450597898697633,0.12538801617275558
98.32000000000001,4.862204254484247,-0.30655010958060935,0.12633137930931806
98.33,4.8637599881780735,-0.25848353441096006,0.12726978200394629
98.34,4.864822492627459,-0.2103074488511574,0.12820223931094252
98.35000000000001,4.865387236875916,-0.1620243983928924,0.12912780456893128
98.36,4.865454265261817,-0.11363947020422663,0.1300458829120289
98.37,4.8650236221235295,-0.06515775145301536,0.1309558794743556
98.38,4.864095351799426,-0.01658432930738904,0.13185719939002638
98.39,4.862669498627872,0.03207570906479762,0.13274924779316138
98.4,4.860746106947238,0.08081727649548276,0.13363142981787693
98.41,4.8583252210959,0.12963528581660444,0.1345031505982894
98.42,4.855406885412217,0.17852464986030842,0.13536381526851887
98.43,4.851991144234564,0.22748028145853277,0.13621282896268166
98.44,4.848078041901316,0.27649709344321505,0.13704959681489423
98.45,4.843667622750832,0.3255699986465017,0.13787352395927654
98.46000000000001,4.838759931121485,0.3746939099003307,0.13868401552994497
98.47,4.833355011351656,0.4238637400366386,0.139480476661016
98.48,4.827452907779695,0.4730744018875733,0.14026231248660953
98.49000000000001,4.821053664743983,0.5223208082850719,0.14102892814084195
98.5,4.814157326582896,0.5715978720610712,0.14177972875782988
98.51,4.806763937634786,0.620900506047719,0.14251411947169298
98.52,4.798873542238044,0.6702236230768821,0.1432315054165468
98.53,4.790486184731016,0.7195621359807083,0.14393129172651098
98.54,4.781599092913613,0.7689118372144841,0.14461251292492658
98.55,4.7722057758492,0.8182698221891321,0.14527366240913592
98.56,4.762307050479212,0.8676310396453447,0.14591414554841883
98.57000000000001,4.751904091659454,0.9169903296866115,0.14653341365811523
98.58,4.7409980742457325,0.966342532416422,0.1471309180535652
98.59,4.729590173093808,1.015682487938476,0.14770611005011133
98.60000000000001,4.717681563059486,1.0650050363562635,0.14825844096309362
98.61,4.705273418998577,1.1143050177732738,0.14878736210785226
98.62,4.692366915766836,1.1635772722932067,0.14929232479972962
98.63,4.678963228220091,1.2128166400194822,0.1497727803540652
98.64,4.665063531214097,1.2620179610557996,0.15022818008620117
98.65,4.65066899960466,1.3111760755056485,0.15065797531147782
98.66,4.635780808247596,1.3602858234725193,0.15106161734523543
98.67,4.620400131998653,1.4093420450601108,0.15143855750281607
98.68,4.604528145713642,1.4583395803719132,0.15178824709956004
98.69,4.588166024248379,1.5072732695114168,0.15211013745080776
98.7,4.571314942458608,1.5561379525823198,0.15240367987190107
98.71000000000001,4.5539760752001435,1.604928469688113,0.1526683256781804
98.72,4.5361505973288025,1.653639660932286,0.15290352618498626
98.73,4.517839540323965,1.7022663766614576,0.1531087084219304
98.74000000000001,4.499036093782799,1.7508040794716795,0.1532820303619403
98.75,4.479737742863348,1.7992480814283556,0.15342255561814633
98.76,4.459946926577538,1.8475933694182531,0.1535302196237249
98.77,4.4396660839374045,1.8958349303278652,0.15360495781185177
98.78,4.41889765395487,1.9439677510439584,0.15364670561570318
98.79,4.397644075641943,1.9919868184530942,0.15365539846845505
98.8,4.375907788010635,2.039887119441835,0.15363097180328347
98.81,4.353691230072864,2.087663640896946,0.15357336105336447
98.82000000000001,4.3309968408406405,2.1353113697049895,0.15348250165187402
98.83,4.307827059325977,2.1828252927525282,0.15335832903198843
98.84,4.284184324540789,2.230200396926327,0.15320077862688336
98.85000000000001,4.260071075497088,2.277431669112948,0.15300978586973502
98.86,4.235489751206889,2.3245140961989543,0.15278528619371978
98.87,4.210442790682103,2.3714426650711102,0.15252721503201305
98.88,4.184932632934781,2.418212362615912,0.1522355078177916
98.89,4.1589617169768305,2.4648181757201226,0.1519100999842307
98.9,4.132532481820267,2.511255091270305,0.1515509269645067
98.91,4.1056473664771085,2.5575180961530237,0.15115792419179627
98.92,4.07830880995926,2.6036021772550404,0.15073102709927436
98.93,4.050519251278739,2.6495023214629194,0.15027017112011748
98.94,4.022281129447564,2.6952135156632253,0.14977529168750248
98.95,3.993596883477638,2.740730746742718,0.14924632423460393
98.96000000000001,3.9644689523809777,2.7860490015879624,0.1486832041945986
98.97,3.934896715550557,2.8311629497690856,0.14808575826725012
98.98,3.904873606315123,2.87606681608652,0.14745392219041603
98.99000000000001,3.874402371222597,2.9207559782758397,0.14678831125745917
99.0,3.8434864473684733,2.965225891897218,0.1460895768699451
99.01,3.8121292718481112,3.009472012511017,0.14535837042943636
99.02,3.78033428175705,3.0534897956773452,0.1445953433374996
99.03,3.748104914190647,3.097274696956564,0.1438011469956972
99.04,3.7154446062443958,3.140822171908846,0.1429764328055948
99.05,3.682356795013793,3.1841276760943646,0.1421218521687581
99.06,3.648844917594192,3.227186665073479,0.1412380564867493
99.07000000000001,3.61491241108109,3.269994594406363,0.14032569716113413
99.08,3.580562712569983,3.312546919653191,0.13938542559347847
99.09,3.5457992591562233,3.3548390963743198,0.1384178931853442
99.10000000000001,3.5106254879353074,3.3968665801299243,0.13742375133829718
99.11,3.475044836002735,3.43862482648018,0.13640365145390343
99.12,3.4390607404538542,3.4801092909854425,0.13535824493372461
99.13,3.402676638384215,3.5213154292058277,0.13428818317932822
99.14,3.365895966889163,3.562238696701689,0.1331941175922758
99.15,3.328722163064198,3.602874549033203,0.1320766995741334
99.16,3.2911586640048234,3.6432184417605473,0.13093658052646714
99.17,3.25320890680638,3.6832658304440726,0.1297744118508384
99.18,3.21487632856437,3.7230121706439565,0.12859084494881332
99.19,3.176164366374297,3.7624529179203794,0.12738653122195812
99.2,3.1370748892567817,3.8015830353326994,0.12616229640087748
99.21000000000001,3.0976041199943887,3.840395871607691,0.1249197740920527
99.22,3.0577551419972004,3.8788871508029854,0.12366008501561448
99.23,3.0175320296693826,3.917052920901971,0.12238425407634732
99.24000000000001,2.9769388574152704,3.954889229887872,0.12109330617904103
99.25,2.9359796996392005,3.9923921257439137,0.11978826622848558
99.26,2.894658630745335,4.029557656453481,0.11847015912946529
99.27,2.852979725138071,4.0663818699997485,0.117140009786772
99.28,2.8109470572215676,4.102860814366098,0.11579884310518998
99.29,2.768564701400163,4.138990537535756,0.11444768398950919
99.3,2.725836732078197,4.174767087491951,0.11308755734451964
99.31,2.6827672236598263,4.210186512218062,0.11171948807500551
99.32000000000001,2.6393602505493905,4.245244859697319,0.11034450108575682
99.33,2.595619887151231,4.27993817791295,0.10896362128156359
99.34,2.5515502078695014,4.314262514848332,0.10757787356720995
99.35000000000001,2.5071552871085427,4.348213918486696,0.10618828284748595
99.36,2.4624391992726973,4.381788436811272,0.10479587402718163
99.37,2.417406018766117,4.414982117805434,0.1034016720110811
99.38,2.3720598199932077,4.4477910094523665,0.10200670170397637
99.39,2.3264046773581204,4.4802111597354415,0.10061198801065158
99.4,2.2804405122601996,4.512236333964084,0.09921756943608005
99.41,2.2341675137120096,4.543860683709247,0.097823433232788
99.42,2.187590344347509,4.575080941644144,0.09643057053994215
99.43,2.1407136670286446,4.605893840570242,0.09503997254929215
99.44,2.0935421446173677,4.636296113289008,0.09365263045258758
99.45,2.046080439975426,4.666284492602042,0.09226953544157214
99.46000000000001,1.9983332159647695,4.695855711310809,0.09089167870799543
99.47,1.950305135447349,4.725006502216781,0.08952005144360704
99.48,1.902000861284911,4.753733598121551,0.08815564484015072
99.49000000000001,1.853425056339406,4.78203373182659,0.08679945008937602
99.5,1.8045823834727863,4.8099036361333685,0.08545245838303252
99.51,1.7554775055467955,4.8373400438434775,0.084115660912864
99.52,1.7061150854234564,4.86433968775835,0.08279004887062191
99.53,1.656499785964511,4.890899300679576,0.0814766134480501
99.54,1.6066362700319121,4.917015615408625,0.08017634583689812
99.55,1.556529200487614,4.942685364746973,0.0788902372289154
99.56,1.5061832401933564,4.967905281496206,0.07761927881584593
99.57000000000001,1.4556030520110932,4.992672098457796,0.07636446178943918
99.58,1.4047932988027796,5.016982548433222,0.07512677734144452
99.59,1.3537576759942807,5.040832716311889,0.07390620001552438
99.60000000000001,1.3024949246821962,5.064215530241634,0.07269724909276067
99.61,1.2510091133852779,5.087127743167966,0.07149964576334725
99.62,1.1993054015936202,5.109566857828067,0.07031422813734466
99.63,1.1473889487976103,5.131530376958987,0.06914183432482021
99.64,1.0952649144873419,5.153015803297904,0.06798330243583452
99.65,1.042938458153129,5.1740206395819,0.0668394705804532
99.66,0.9904147392852869,5.194542388548063,0.06571117686874181
99.67,0.9376989173739071,5.214578552933565,0.06459925941076106
99.68,0.8847961519093048,5.234126635475492,0.06350455631657653
99.69,0.8317116023817962,5.253184138910932,0.0624279056962537
99.7,0.7784504282814712,5.271748565977053,0.06137014565985343
99.71000000000001,0.7250177890986456,5.289817419410945,0.06033211431744122
99.72,0.6714188443236364,5.3073882019496965,0.05931464977908244
99.73,0.617658753446532,5.324458416330472,0.05831859015483816
99.74000000000001,0.5637426759576488,5.341025565290363,0.05734477355477378
99.75,0.5096757713473051,5.357087151566461,0.05639403808895458
99.76,0.4554631991055871,5.372640677895925,0.055467221867441796
99.77,0.40110993143716994,5.387683496279414,0.05456478712543701
99.78,0.34661687697990134,5.402209818008008,0.05367881506361553
99.79,0.2919876637834226,5.416216369165301,0.05280627800977097
99.8,0.23722776254091604,5.4297014069911675,0.051947762804275266
99.81,0.18234264394533028,5.442663188725536,0.05110385628749674
99.82000000000001,0.12733777868984753,5.45509997160828,0.05027514529980734
99.83,0.07221863746765045,5.467010012879274,0.04946221668157897
99.84,0.016990690971686706,5.478391569778444,0.04866565727318004
99.85000000000001,-0.03834059010486107,5.4892428995456655,0.047886053914982483
99.86,-0.0937697350688097,5.499562259420815,0.04712399344735809
99.87,-0.14929127322721236,5.509347906643813,0.04638006271067544
99.88,-0.20489973388680693,5.518598098454526,0.045654848545307394
99.89,-0.2605896463546472,5.52731109209287,0.04494893779162262
99.9,-0.3163555399375496,5.5354851447987246,0.04426291728999291
99.91,-0.3721919439423308,5.543118513811971,0.043597373880789936
99.92,-0.42809338767604477,5.550209456372523,0.04295289440438255
99.93,-0.4840552606554361,5.556755509508436,0.04232755215058079
99.94,-0.5400739972601353,5.562753547968359,0.04171604377218302
99.95,-0.5961441677378001,5.568202195364654,0.04111822659464045
99.96000000000001,-0.6522602709106328,5.573100138470615,0.04053416153441508
99.97,-0.7084168056008349,5.577446064059546,0.03996390950796885
99.98,-0.7646082706308477,5.581238658904766,0.03940753143176127
99.99000000000001,-0.8208291648228733,5.584476609779576,0.0388650882222543
