t,x,y,z
0.0,17.67715816276679,12.931379185960404,43.91404334248268
0.01,15.393889077486907,7.246856670786815,44.27958917940965
0.02,12.069200396426437,1.4107702851049595,43.56946974985638
0.03,8.05742358389212,-4.01488537350976,42.16293580348901
0.04,3.7428161723097624,-8.673439485646504,40.560173828326775
0.05,-0.528207229495196,-12.391858492561795,39.210813357578964
0.06,-4.479693522920101,-15.102834552798742,38.41002472285125
0.07,-7.901004892987081,-16.759018259161277,38.26819475721597
0.08,-10.626638802314988,-17.30264082791536,38.71921889447879
0.09,-12.527909997961883,-16.70316436964,39.53900381534956
0.1,-13.50841130291953,-14.982500018641261,40.42922080090114
0.11,-13.54194257315876,-12.314247292496319,41.06975844411672
0.12,-12.661431284776416,-8.947568465262739,41.239805639473495
0.13,-10.981348016095701,-5.215751032605258,40.85279738096849
0.14,-8.685633667830071,-1.458612179044658,39.97290093493388
0.15,-5.993934048323826,2.0506746717973434,38.774693952201304
0.16,-3.125273470480572,5.129227005355618,37.472943629053525
0.17,-0.2760166157198797,7.678230329592085,36.2647291993296
0.18,2.3959487470518273,9.657738888120875,35.29118334414663
0.19,4.772517299182951,11.056249965865875,34.62280757515988
0.2,6.768532686715327,11.872631037242131,34.26103845038792
0.21,8.323092301164063,12.110994109272472,34.151408265883724
0.22,9.403286046735628,11.79812091409283,34.19581118374896
0.23,9.988826037845804,10.97377154724113,34.27942168289905
0.24,10.089635882423332,9.712230033343,34.29570325014377
0.25,9.73000878595839,8.106423703249362,34.15489518260933
0.26,8.966223439039455,6.276291613534065,33.80983460974617
0.27,7.867799930130148,4.338068728847923,33.251993523532555
0.28,6.520381467913354,2.403107304392001,32.508540799929236
0.29,5.012653210397902,0.5567319442447345,31.632972701391473
0.3,3.4270866254499888,-1.141492526613632,30.687096594677282
0.31,1.836718383164794,-2.656535986070487,29.732506109500292
0.32,0.2998195005830071,-3.9744676941563273,28.82123866173056
0.33,-1.142200100533572,-5.096851393387908,27.990361886102445
0.34,-2.460180509764741,-6.031761596959232,27.264132506800067
0.35000000000000003,-3.6371228970194913,-6.791675453539146,26.653622743084625
0.36,-4.665562691039925,-7.3893243620096465,26.157901534993687
0.37,-5.543696380141371,-7.837913056881379,25.76956355711849
0.38,-6.273684696791415,-8.146606576544805,25.4737690855097
0.39,-6.859055775991532,-8.326191067972784,25.25397366464029
0.4,-7.304675508055669,-8.385803810583713,25.09084936617947
0.41000000000000003,-7.619151185026967,-8.333293562578943,24.96160480876294
0.42,-7.809922356184678,-8.181154743971819,24.84984657391915
0.43,-7.884433734757814,-7.941770203429257,24.738935739894828
0.44,-7.852742223815133,-7.625816675963849,24.60958148886142
0.45,-7.727444174137068,-7.248878064072741,24.451976527904392
0.46,-7.520845196147304,-6.827128105190703,24.25769909391119
0.47000000000000003,-7.2446901756739175,-6.373814336985063,24.01860630347537
0.48,-6.913542304012431,-5.904282539643722,23.735543635657134
0.49,-6.541717989406372,-5.433460705044426,23.4091279581354
0.5,-6.141651911064279,-4.972124949641148,23.040542303644173
0.51,-5.726329626056405,-4.530365397559255,22.636371500613766
0.52,-5.308154575934707,-4.117437259945734,22.201668222618316
0.53,-4.8965960864443385,-3.7385303774566596,21.74166693690689
0.54,-4.500301357335461,-3.3976817160575585,21.263558792372134
0.55,-4.1273864895662715,-3.0983659037298037,20.772761306394365
0.56,-3.7826560645471448,-2.8413129577070446,20.27375898478016
0.5700000000000001,-3.4700327163981273,-2.62657966908888,19.77155556444159
0.58,-3.192873137303888,-2.4538043950672708,19.270555260614213
0.59,-2.952609662212242,-2.3220727113695547,18.773295285574118
0.6,-2.7503994709566215,-2.2308445912781676,18.28213529896459
0.61,-2.5874023127808994,-2.1795844667743043,17.799438186833676
0.62,-2.463608786889358,-2.1671651184432603,17.327361903982037
0.63,-2.3779141739909377,-2.193015599586029,16.867263367358238
0.64,-2.331429256021862,-2.258581032578539,16.420397050936426
0.65,-2.3251995976675763,-2.3652687276874724,15.988021160512682
0.66,-2.358354315083678,-2.5138222752863366,15.571558381393679
0.67,-2.432532167133612,-2.7079197137065076,15.172848193393285
0.68,-2.55043874473463,-2.952099204508879,14.793785177899645
0.6900000000000001,-2.7136446847697275,-3.2503706278322224,14.436516988037075
0.7000000000000001,-2.926147688469319,-3.609852427901422,14.104857742852358
0.71,-3.1930759630955743,-4.038748587600897,13.802972935851534
0.72,-3.5192004328529722,-4.545094841259663,13.53590625784474
0.73,-3.9124617925117384,-5.140666306360392,13.312677089622563
0.74,-4.381270570774265,-5.837706566052046,13.14265455346918
0.75,-4.934622977701867,-6.648211517323669,13.0389637936968
0.76,-5.583713639793436,-7.585917717972869,13.021833418075804
0.77,-6.340442276224938,-8.664836659613647,13.112042047317848
0.78,-7.21528903909714,-9.89152427004169,13.34201282509032
0.79,-8.217141599145027,-11.26781714006499,13.751561259400782
0.8,-9.355248720117908,-12.789953310559728,14.38621696215272
0.81,-10.622983733642956,-14.419717191575103,15.300678961167941
0.8200000000000001,-12.010729814142096,-16.107187513910237,16.55494545137769
0.8300000000000001,-13.481075853394456,-17.747474512676256,18.196561243446354
0.84,-14.978621501580722,-19.199535683862365,20.26261586029343
0.85,-16.405458694616478,-20.26304910879907,22.730497898537106
0.86,-17.635797275066174,-20.710100420000646,25.52222314150731
0.87,-18.503805760526465,-20.30992261709391,28.44969852666478
0.88,-18.842958835975267,-18.912281029241424,31.247990293659367
0.89,-18.496341354873053,-16.46798318611511,33.60979617316946
0.9,-17.39233612270901,-13.150150906408662,35.255397448924136
0.91,-15.532260383906,-9.228460959819555,36.042123150938345
0.92,-13.014834829546869,-5.053965137950867,35.98839083370098
0.93,-10.016334542534114,-0.9605397510597289,35.27104850490427
0.9400000000000001,-6.741910615440263,2.8134391983405234,34.15814582811628
0.9500000000000001,-3.3897517933988395,6.132551884326005,32.93296823721556
0.96,-0.1263988921835555,8.943714639174111,31.838230832895185
0.97,2.922564968098478,11.236418402846958,31.04635280225103
0.98,5.666987648130094,13.00771401730979,30.653257950576496
0.99,8.040488606017172,14.240489147453646,30.679689294084024
1.0,9.988783642756381,14.899725429233706,31.084121390189427
1.01,11.462403856688956,14.949220162616996,31.758339920592892
1.02,12.411345764705187,14.361650853674075,32.55669060575361
1.03,12.806440985401737,13.151621581404049,33.319147123687564
1.04,12.644621489692305,11.407232061858979,33.883168965987
1.05,11.944877380562515,9.236542805709977,34.139031854095464
1.06,10.76319219080965,6.797266946809062,34.02870063308785
1.07,9.193731153289953,4.258289044878943,33.56898288244176
1.08,7.3422489545409935,1.7644404737119885,32.82375549945341
1.09,5.324713567754758,-0.5708406545066085,31.89265007604975
1.1,3.248458522608204,-2.67830704232793,30.884111129207955
1.11,1.2039328947114167,-4.5233706752870315,29.895847108902952
1.12,-0.7394625708583784,-6.097405653693002,29.003618728125083
1.1300000000000001,-2.5319592914460785,-7.406371514098366,28.259352263768946
1.1400000000000001,-4.141862798671288,-8.46140400047848,27.689459184060684
1.1500000000000001,-5.54956430546843,-9.271776671068688,27.2983656411032
1.16,-6.744267677946879,-9.844996983596184,27.075460589645957
1.17,-7.7196465205021365,-10.183049594128661,26.993214151965415
1.18,-8.47138212416437,-10.294197261021903,27.014839082139712
1.19,-8.99623571887766,-10.18138286149015,27.099885503327922
1.2,-9.29871317906557,-9.854883945226623,27.203891713742728
1.21,-9.386269498058232,-9.33863495855764,27.285746611848
1.22,-9.265810959657713,-8.651773744415708,27.30575957955384
1.23,-8.957587495689694,-7.830752229036406,27.23984126520943
1.24,-8.480857518332918,-6.911203141785746,27.066791606580345
1.25,-7.862821314200948,-5.930465965621509,26.783033068508825
1.26,-7.135109738814767,-4.928427162659938,26.39216391094242
1.27,-6.32639111891412,-3.9341009705271404,25.904893196792937
1.28,-5.468969243355826,-2.975031845619211,25.339859877189063
1.29,-4.589229340585971,-2.068455541435764,24.715221522952294
1.3,-3.7117810114844554,-1.2256543152908526,24.05225769823326
1.31,-2.8555553867909538,-0.4515429706930605,23.368508970431257
1.32,-2.033578372009575,0.25585801462353586,22.68035177114232
1.33,-1.2557593444076056,0.9005459957459991,22.001127100382597
1.34,-0.5255035459536693,1.4910152642283812,21.340663938534775
1.35,0.15624161068181053,2.0368703389854805,20.707152849178755
1.36,0.7924761515228078,2.548953350893027,20.106174495931715
1.37,1.3884417364112036,3.03888389170347,19.542192742110853
1.3800000000000001,1.9512031784892983,3.518024768019065,19.018753022318215
1.3900000000000001,2.489336038922536,3.9980616592169946,18.538796130912626
1.4000000000000001,3.012263301078486,4.490072049819235,18.105690644145028
1.41,3.528918602151014,5.004472689476787,17.723345622933532
1.42,4.0509345866948685,5.552272505567428,17.39562527837994
1.43,4.586257554043146,6.141784400411813,17.1298700956908
1.44,5.146019903309348,6.782965690714805,16.9320833138551
1.45,5.740037691986132,7.482518265616758,16.812095501878357
1.46,6.373391349601608,8.243295608646143,16.78358376217767
1.47,7.0557781759370775,9.071077780636516,16.859450170519295
1.48,7.792837947474188,9.961816247079195,17.05602958441786
1.49,8.581080301649422,10.901310831099298,17.39284565273894
1.5,9.420089973476472,11.876290058092072,17.890439561072977
1.51,10.301794867644126,12.856273140566115,18.565805012540483
1.52,11.205736307557824,13.795572902863302,19.432012020697947
1.53,12.108773679235577,14.639405922033543,20.4979980638712
1.54,12.967360130436779,15.310942135546682,21.748374217882752
1.55,13.734696873754373,15.727465075980172,23.16145054162341
1.56,14.34534152309517,15.804530615531817,24.668068520334025
1.57,14.732463065097969,15.46053416448603,26.194893241685453
1.58,14.83292101859229,14.66035666744163,27.626444966107524
1.59,14.584650097284992,13.379841032953609,28.854384562204064
1.6,13.971223644813117,11.690837085121652,29.776614212210934
1.61,12.98342794827097,9.671832016154552,30.31891293622107
1.62,11.658794577254389,7.448273164270583,30.465230371639816
1.6300000000000001,10.051689084020742,5.14158624966527,30.239104887350855
1.6400000000000001,8.24362722583607,2.8715715196958524,29.707441844748693
1.6500000000000001,6.316844878422987,0.7211567284957237,28.95977696809895
1.6600000000000001,4.350935774632205,-1.2539111572539325,28.091445365317345
1.67,2.4140549226353127,-3.0286906400957374,27.192524554790758
1.68,0.5566823129652164,-4.600773693254715,26.33591943039895
1.69,-1.1853843888928406,-5.978943056696486,25.577259755176023
1.7,-2.7926678084415277,-7.180472847996164,24.953479637047096
1.71,-4.254545577529942,-8.219041756870332,24.486134525155787
1.72,-5.570368462841083,-9.107910139240055,24.18556111734313
1.73,-6.740023780367537,-9.849401374063412,24.04748835780272
1.74,-7.75794696521265,-10.439642802538808,24.061528225389335
1.75,-8.62381470965036,-10.873260173079352,24.214120237225178
1.76,-9.339253784909488,-11.139875297867325,24.476243571025392
1.77,-9.893127310517865,-11.229087558635426,24.814882110461095
1.78,-10.275830904455134,-11.127210222813853,25.195515816473083
1.79,-10.484486187132681,-10.830147008265783,25.578117365493846
1.8,-10.516494982225023,-10.351559730073378,25.922505836685424
1.81,-10.368490565494906,-9.702295498802007,26.189464283784186
1.82,-10.046902852347221,-8.902822584852002,26.351983157045446
1.83,-9.567592941111771,-7.990316644114539,26.390353167612528
1.84,-8.944200989283534,-6.994961508697637,26.29187662950682
1.85,-8.20552800086163,-5.957897927193668,26.06205224420356
1.86,-7.377252236753802,-4.914060837883489,25.70778189651942
1.87,-6.488073070815319,-3.891157018911318,25.247923967489392
1.8800000000000001,-5.567353948733496,-2.914668974113038,24.70343817135835
1.8900000000000001,-4.638814609487163,-1.9979111520270634,24.096164130550967
1.9000000000000001,-3.7254021695943975,-1.1508778189632363,23.449147599578687
1.9100000000000001,-2.8425755544425555,-0.37496239779214835,22.78067245633693
1.92,-2.0017403677730803,0.3330894276191607,22.108133942300192
1.93,-1.2101573613632783,0.97921690089609,21.44476036332082
1.94,-0.46964674108192006,1.573004124229663,20.800727284416794
1.95,0.22083104943999665,2.125143411948611,20.184083074067345
1.96,0.8655122073132028,2.6472236403469167,19.600646377623598
1.97,1.4711598030158375,3.151571183756668,19.05493937638434
1.98,2.045544668802222,3.6499760088548427,18.550920304181226
1.99,2.598761088135909,4.15486442765679,18.091750485648852
2.0,3.1399302770341246,4.6772179921789885,17.68189137924568
2.0100000000000002,3.680244956804862,5.228734560772465,17.325079200919713
2.02,4.230268221843463,5.81969949563176,17.027515865421336
2.0300000000000002,4.798973233642996,6.459347587078244,16.796923398756533
2.04,5.399343935478931,7.157916580559562,16.640541028668466
2.05,6.038294098130706,7.919764212411451,16.572054853237468
2.06,6.723052943915002,8.749541100269195,16.605717858422363
2.07,7.464900440199234,9.650928400830542,16.756538851865574
2.08,8.26242910759581,10.611308132421652,17.045171759302423
2.09,9.113405393253412,11.616798307124753,17.493230357001774
2.1,10.016856417920595,12.646722190530165,18.12238916310339
2.11,10.953384317121523,13.655273233806202,18.9473650908223
2.12,11.903221996294718,14.591561834646084,19.98453921498415
2.13,12.826508632982925,15.379741067468721,21.225323944588254
2.14,13.676381391178344,15.932671057781501,22.65533592884897
2.15,14.38907525691618,16.159102161170726,24.21628059850908
2.16,14.891779247639565,15.964093664407534,25.832848433137965
2.17,15.115776471609468,15.294014238516151,27.39490414537965
2.18,14.988535372035708,14.110028420062688,28.778231884334815
2.19,14.477832919720688,12.461112468055994,29.870785450286355
2.2,13.567853304175927,10.430062652575206,30.574444217646644
2.21,12.285097817492789,8.139577841675637,30.858142386257757
2.22,10.68018917306427,5.724491533139752,30.731260808783386
2.23,8.83804706762192,3.3203931067907115,30.259400134212687
2.24,6.845417763118748,1.0257876483098118,29.53444074584936
2.25,4.791194832597999,-1.0898183515900968,28.661482808228737
2.2600000000000002,2.752125266648875,-2.9934770990441892,27.741344964408583
2.27,0.7873957275209542,-4.67732520535734,26.857711026097085
2.2800000000000002,-1.0602845252998487,-6.148032294084176,26.074886621130627
2.29,-2.766265845979677,-7.422325335640075,25.435702645280617
2.3000000000000003,-4.316057732735656,-8.513609268584961,24.965215449392435
2.31,-5.705879643376836,-9.433824524087122,24.67508619900105
2.32,-6.931815658931105,-10.183453900007295,24.558816574993532
2.33,-7.987925007199077,-10.759695131582497,24.604806859856662
2.34,-8.8765081284531,-11.15423739852745,24.79287812943868
2.35,-9.590677955957993,-11.356267162770083,25.087543810670045
2.36,-10.118573997818897,-11.35544951705631,25.451650304093658
2.37,-10.453224807037488,-11.137016818705451,25.843193569300947
2.38,-10.592949749193462,-10.710946074179757,26.217084875353216
2.39,-10.535847901684821,-10.094121046810857,26.5287435091571
2.4,-10.281799694894339,-9.300281016876834,26.739719380992078
2.41,-9.847379417988396,-8.367199494820984,26.82727362938686
2.42,-9.247643239712477,-7.331643750080284,26.771626947048066
2.43,-8.508534073867821,-6.234077113840833,26.57310293439474
2.44,-7.661750198829204,-5.118520543663847,26.23946721122674
2.45,-6.7363244282256725,-4.016243863588272,25.78675529956164
2.46,-5.766266683078079,-2.957472322654445,25.23929240525888
2.47,-4.779052358711441,-1.9601643979908572,24.62043185193605
2.48,-3.8006726027684214,-1.0359404078150187,23.95635897342295
2.49,-2.850557084781883,-0.1887896177474706,23.268480870989737
2.5,-1.9420316540881974,0.5844897334850895,22.576380537046724
2.5100000000000002,-1.0846879684253223,1.2895100886642472,21.89577381064029
2.52,-0.28115888793022326,1.9365224858938546,21.238152594736498
2.5300000000000002,0.46859914726882623,2.5368712608685633,20.613032059359618
2.54,1.1687590080819845,3.10285218434754,20.026910107679527
2.5500000000000003,1.825795691325939,3.6474823327112236,19.485054911254068
2.56,2.44817235266898,4.183211455165374,18.991727073622283
2.57,3.0451739128463458,4.722296539792546,18.55087622297521
2.58,3.6279488718124746,5.276592813508334,18.166425127372946
2.59,4.20520963127476,5.855850033017775,17.844193685319862
2.6,4.790000305360741,6.47134672660941,17.588512039496074
2.61,5.3904351685796135,7.129490457750008,17.40848711832996
2.62,6.014565116647776,7.836714184258056,17.313796284151575
2.63,6.676040141862282,8.600756352766448,17.31320968898076
2.64,7.3758819578767865,9.415385938990347,17.42229600943404
2.65,8.113168065602329,10.272595114750132,17.657510597683007
2.66,8.892313012715258,11.165562616249355,18.035027091082362
2.67,9.70760668744156,12.069639755681903,18.56807285804199
2.68,10.545204837402146,12.951357475595547,19.26994793773098
2.69,11.388980882011703,13.768725427472855,20.1499183268895
2.7,12.20475557645471,14.460111705936216,21.199520324145578
2.71,12.957552580125185,14.958996048831574,22.40874154218845
2.72,13.593928392156226,15.192494921487896,23.727028450127815
2.73,14.057839485040105,15.084535756571627,25.101748489224896
2.74,14.294157582353673,14.591863427619067,26.444518396086703
2.75,14.243198812929839,13.67494212987402,27.660662850405796
2.7600000000000002,13.875640469880723,12.362445578525413,28.659464219078206
2.77,13.173895414759967,10.710379390412234,29.3543040909016
2.7800000000000002,12.150262037275567,8.803510509652371,29.708661007003105
2.79,10.838299991644284,6.747656581384709,29.71123569405816
2.8000000000000003,9.300736884425682,4.651758091824331,29.400106900983456
2.81,7.604256966881419,2.6061628837229693,28.833498201719568
2.82,5.823641269142695,0.679331764003771,28.09131250856452
2.83,4.023688554807073,-1.0901503224515439,27.252440928123534
2.84,2.260853900746975,-2.6836747619426613,26.390680159673916
2.85,0.575338222159619,-4.103303035880487,25.565905225080897
2.86,-1.0056205014662685,-5.3591526488692605,24.82287505245747
2.87,-2.4678520531494064,-6.4686585677095,24.193057657131877
2.88,-3.8052321770540853,-7.446428965263127,23.69522710811587
2.89,-5.019981135786287,-8.307707469883962,23.339777145051784
2.9,-6.115867621814291,-9.05889146628929,23.126850578056867
2.91,-7.091188735924337,-9.69929431489134,23.053129968218695
2.92,-7.948789467307002,-10.228196608929817,23.11242813731397
2.93,-8.69336024795413,-10.638672047625127,23.2866351734783
2.94,-9.316919097861126,-10.918375981632394,23.55618935804477
2.95,-9.81578988558924,-11.053605236796548,23.89910918293494
2.96,-10.184361908677797,-11.035402741943818,24.284720139201468
2.97,-10.412193467128466,-10.857110365408897,24.68040640805763
2.98,-10.48906271885036,-10.506748035177996,25.053343652401054
2.99,-10.415485067033261,-9.998730767639294,25.373077731813954
3.0,-10.194365737668681,-9.35464712553625,25.609739417269328
3.0100000000000002,-9.82707728407611,-8.590540290432592,25.737634108607732
3.02,-9.327285938046247,-7.733566036097045,25.747357969371304
3.0300000000000002,-8.71349326736215,-6.818123791848406,25.63279721688486
3.04,-8.003684021123119,-5.871496447790986,25.395986314062235
3.0500000000000003,-7.225204466648469,-4.9259390988146645,25.050198110943402
3.06,-6.4007657743259605,-4.005212837646602,24.608293612434533
3.0700000000000003,-5.554362918654433,-3.12715054343679,24.090424612891336
3.08,-4.708246035153016,-2.306283376863293,23.515463764778826
3.09,-3.878692206918636,-1.5475145892081377,22.901371465314508
3.1,-3.0806822682966004,-0.8536065627587609,22.265931901909802
3.11,-2.3231252633078014,-0.22176075728620637,21.62219767475877
3.12,-1.6113429642677395,0.3539565806903274,20.982039366598574
3.13,-0.9475333728226589,0.8811126466862449,20.35440849098927
3.14,-0.33035311754196606,1.3691102597412954,19.7460031624908
3.15,0.24407124880324071,1.8282744329914113,19.16196845064367
3.16,0.781247116954239,2.269143584045286,18.60622131240889
3.17,1.2887727681634855,2.702862348485053,18.08182473633669
3.18,1.774749100829718,3.1402928054936536,17.591608320338473
3.19,2.248832129641373,3.5927021521027322,17.138329039746488
3.2,2.719948658565193,4.070753223283675,16.725521906686186
3.21,3.199263173324626,4.585923141058489,16.356832340578812
3.22,3.6959008870415775,5.148727587788852,16.038559719434573
3.23,4.221478638313363,5.770582928460498,15.776296084784066
3.24,4.786356664149659,6.461636278504801,15.58040119511464
3.25,5.399978184512551,7.231667209079031,15.462784436863783
3.2600000000000002,6.075034573580219,8.090481107013453,15.436358508694578
3.27,6.818130178436214,9.040223257043271,15.522677683229091
3.2800000000000002,7.6360331304588085,10.08298972614342,15.744392253666117
3.29,8.536868231135264,11.215113009620875,16.127289005587276
3.3000000000000003,9.51491272227516,12.411727663300745,16.701449118128856
3.31,10.565292236749942,13.645635625826703,17.499581615267868
3.3200000000000003,11.66855212959323,14.860649226633287,18.547415839573556
3.33,12.79178601564459,15.9800115742251,19.864303333691044
3.34,13.886049502971758,16.902092067197223,21.447145324877194
3.35,14.882051190652039,17.501000680982838,23.266705303305002
3.36,15.693029192641204,17.64912280511115,25.242593842001153
3.37,16.21744474331107,17.219421997078452,27.25812063294418
3.38,16.36145188104016,16.151061352296022,29.148925431447076
3.39,16.03401393816338,14.41731428731958,30.744030062528967
3.4,15.207638100984166,12.129277570471876,31.892882830755113
3.41,13.878094961985358,9.423621332424974,32.501596639009705
3.42,12.104277338303167,6.4973543701114576,32.56323194783829
3.43,9.982576866461182,3.5386783509050628,32.15001445367153
3.44,7.630737737919638,0.7047806279343475,31.38610627155872
3.45,5.17211805694244,-1.8979520966437278,30.423962246266903
3.46,2.71531533071058,-4.215961633054887,29.41031889846256
3.47,0.3464127048728831,-6.233055311147699,28.467082151116223
3.48,-1.871596300014621,-7.953159556774795,27.684404904998352
3.49,-3.8985620473857674,-9.390242175256407,27.118400368679293
3.5,-5.708676780296667,-10.551917365099662,26.79473508276319
3.5100000000000002,-7.2857899370172925,-11.436760264268312,26.714680545944876
3.52,-8.613885386790145,-12.036340395516397,26.849210364626458
3.5300000000000002,-9.6794519117873,-12.331531109675643,27.162484313382002
3.54,-10.470113175332134,-12.308186661150703,27.592302984622368
3.5500000000000003,-10.970296900010554,-11.96944324068657,28.065841136606785
3.56,-11.167032463021958,-11.313511519857762,28.50996593058785
3.5700000000000003,-11.066901849360221,-10.372076712087244,28.85991443272378
3.58,-10.680039503144213,-9.19284556000393,29.056948491009877
3.59,-10.028956410700763,-7.832279869703213,29.068443871105504
3.6,-9.149921360325981,-6.361782465424097,28.879549723354675
3.61,-8.087968263036744,-4.846430877754249,28.5020493693354
3.62,-6.8947932018662135,-3.349109982522966,27.96175298910101
3.63,-5.62091436518282,-1.913841917634847,27.29780965839511
3.64,-4.314379346938624,-0.5740020241069581,26.552184019978494
3.65,-3.015209694229572,0.654988698731647,25.76681505414745
3.66,-1.7553768336440774,1.7672871189412018,24.977778012339975
3.67,-0.5564729978194467,2.7684913997054204,24.21501293114339
3.68,0.5676919029943099,3.667949841068367,23.500810225283164
3.69,1.6120657508609524,4.480215833046273,22.851133609605984
3.7,2.576371260875367,5.219363952785632,22.276787477275846
3.71,3.4647420482577513,5.899241074865367,21.784645526194762
3.72,4.2858512750488575,6.53405572786617,21.37804803041989
3.73,5.046377332949021,7.131966978610735,21.05963163230427
3.74,5.753263698698836,7.700618257844587,20.831915787134797
3.75,6.421268734128287,8.249135128022488,20.692511699194455
3.7600000000000002,7.051501728908801,8.774199601374889,20.642399532004134
3.77,7.642508971753777,9.2706768266127,20.683466510447378
3.7800000000000002,8.199026432780471,9.73585419634986,20.815006562253682
3.79,8.724769389890222,10.162411704210408,21.030402925049682
3.8000000000000003,9.21115306919187,10.535343381595716,21.323865424823357
3.81,9.653432112136091,10.840476456530762,21.690095962039305
3.8200000000000003,10.04399349819041,11.062211771744709,22.116065472105017
3.83,10.367760875079275,11.182794851088916,22.583417404077295
3.84,10.611359638656005,11.18276406374806,23.076054296184466
3.85,10.763161009620246,11.051481585038802,23.570928840051163
3.86,10.810547645059879,10.784823451613722,24.03883515903964
3.87,10.739058596601156,10.373843251531598,24.453540619178835
3.88,10.544880733342865,9.82713565122789,24.793276157382408
3.89,10.231102610800539,9.166376237110695,25.035620050747234
3.9,9.7972529108317,8.40664138148487,25.16212038711988
3.91,9.255079587502959,7.573392385320652,25.16843117081859
3.92,8.621277475683073,6.697761850203431,25.052683408582347
3.93,7.911086879065266,5.803083495211717,24.819409147284013
3.94,7.148772565663549,4.917096011299523,24.483129485064026
3.95,6.3544868211029435,4.060696714710938,24.05695776523357
3.96,5.548214346810413,3.2479278702873513,23.55928727510109
3.97,4.74964891640408,2.4912404210137007,23.008401219935905
3.98,3.9724411171791205,1.7945073110287773,22.419779917091574
3.99,3.2285277833546413,1.1588619189720117,21.809476373281754
4.0,2.5262140352369737,0.5822914773589732,21.189715891660217
4.01,1.869097332974454,0.05895087535276124,20.570362777924593
4.0200000000000005,1.2589804431822185,-0.41799698212625436,19.959873409162967
4.03,0.6942468232039959,-0.8570040174097879,19.36399303986315
4.04,0.17129113026317588,-1.2673237508889654,18.787365029395705
4.05,-0.3151476486566257,-1.658525561648289,18.233328451568894
4.0600000000000005,-0.7720177234850033,-2.0406686176918427,17.70446899022348
4.07,-1.2065289457566444,-2.4235419304046086,17.2030917348859
4.08,-1.62750304712055,-2.817522380309061,16.731260205397096
4.09,-2.0433991305252137,-3.232684954149554,16.29144096501166
4.1,-2.464203603199697,-3.6798236426499367,15.886437558610558
4.11,-2.89879078920593,-4.169487354071046,15.5204556478631
4.12,-3.3582179539319044,-4.7130803548096605,15.197870643029294
4.13,-3.85227728682164,-5.322094208160624,14.92660738051628
4.14,-4.3920360019579,-6.008421845322154,14.714323652419791
4.15,-4.989076897002575,-6.783533270186949,14.573732205569035
4.16,-5.653558402881769,-7.658361862068701,14.520973346904187
4.17,-6.398563415835749,-8.643900197643912,14.573119506071468
4.18,-7.231796236347096,-9.741666562581477,14.758115707361974
4.19,-8.160271388520844,-10.951968002759367,15.106215840714416
4.2,-9.190942845159448,-12.266380329254812,15.652353650769543
4.21,-10.314989724909008,-13.649486477060055,16.43560498736258
4.22,-11.523541018591965,-15.059395278052742,17.49885280274019
4.23,-12.783091231538684,-16.41079549593706,18.870284257540565
4.24,-14.048784924184961,-17.596197370634474,20.571816004498164
4.25,-15.243786596067368,-18.468201509903356,22.57754554798047
4.26,-16.27404095795466,-18.860790479906484,24.83153820758683
4.2700000000000005,-17.016561836793798,-18.613042233189738,27.190968497522114
4.28,-17.34853763842686,-17.603644863886505,29.47961106654564
4.29,-17.151792454985916,-15.790101863349419,31.4659942908875
4.3,-16.364349606620777,-13.25916897431042,32.95547052146521
4.3100000000000005,-14.971736461227993,-10.188615781258108,33.80080046137451
4.32,-13.033011411690001,-6.820125422361161,33.98106351575152
4.33,-10.65920205247751,-3.3976125263555406,33.577402539833656
4.34,-7.99651274924105,-0.12742620139709482,32.75028479814545
4.3500000000000005,-5.19847045132625,2.8539752440407633,31.697972480240583
4.36,-2.4020664854164497,5.4776844963388225,30.611020415998897
4.37,0.2843669945645282,7.723742021722284,29.64430884490454
4.38,2.782085920179955,9.59449521488834,28.90585863396052
4.39,5.037322130011331,11.09783812974117,28.45764948512162
4.4,7.0137206718646885,12.231958269851857,28.319156207547273
4.41,8.682368594189303,12.982067162609326,28.465790364354394
4.42,10.016107312019889,13.326691552739073,28.846310112510615
4.43,10.991066119666225,13.23966021721341,29.38142761216185
4.44,11.58647278296105,12.729085657700118,29.966606191267775
4.45,11.783527602766679,11.798200776149294,30.498781607651967
4.46,11.591599544820575,10.504150523307132,30.88810539938189
4.47,11.023837120171308,8.915301778074099,31.059169593998206
4.48,10.123795970592104,7.130618127050511,30.979556176296413
4.49,8.943134465825402,5.246486744127438,30.64523551475192
4.5,7.554872439094162,3.3607378303054194,30.090001713075495
4.51,6.029288600744979,1.545533764205033,29.365455320798944
4.5200000000000005,4.43761813462819,-0.1444452745073983,28.534572932131415
4.53,2.840758463761266,-1.6808925604747182,27.66006754988692
4.54,1.2873663712363248,-3.052444210076729,26.796013215529438
4.55,-0.1859318019355498,-4.26104099899173,25.986704271760125
4.5600000000000005,-1.5578806373225538,-5.318443704016346,25.26171955261681
4.57,-2.815041057718182,-6.238105780555196,24.64170774060145
4.58,-3.9535360551780157,-7.034656603488363,24.13669666908196
4.59,-4.974887573998598,-7.720206487750035,23.749147515804005
4.6000000000000005,-5.880791784521202,-8.30198587188147,23.475889748745658
4.61,-6.676907607724147,-8.787711303897172,23.311718585566524
4.62,-7.374580572287459,-9.181403464385436,23.243147395883618
4.63,-7.969848805960613,-9.479053644697188,23.257185259968995
4.64,-8.457723673967266,-9.676290044688056,23.341087282352028
4.65,-8.83604412978672,-9.76854155867159,23.480259047301825
4.66,-9.114329282509404,-9.753813254297613,23.650478278483632
4.67,-9.291735964260006,-9.635560922261675,23.831540355015864
4.68,-9.365741514954538,-9.417630704596895,24.004180169404016
4.69,-9.334383867607757,-9.1033522414849,24.148768063928557
4.7,-9.202642763470818,-8.69878497617987,24.24731774633509
4.71,-8.97927444856952,-8.220478215549006,24.28881299394301
4.72,-8.671753288231505,-7.684332052223341,24.26227800972935
4.73,-8.28743522045201,-7.103096782696137,24.16063897632174
4.74,-7.841504946062093,-6.49683527789845,23.98588546668365
4.75,-7.348196075705945,-5.884293462198316,23.739499351315104
4.76,-6.8196341253874975,-5.278104941096346,23.425432256708945
4.7700000000000005,-6.271554281679771,-4.692378127154669,23.05368782330354
4.78,-5.717949784424995,-4.1389230479069345,22.632301379588206
4.79,-5.169924875390656,-3.6240431214257134,22.170264544622405
4.8,-4.638676719400141,-3.15341017766056,21.67826206076386
4.8100000000000005,-4.133329665609665,-2.7304804778194187,21.16427549669728
4.82,-3.6592993384047934,-2.3550150297837096,20.635563539652157
4.83,-3.221589578737866,-2.026380900480779,20.0996070933402
4.84,-2.8232778893026134,-1.7426486814986846,19.561951092928524
4.8500000000000005,-2.4649205888950076,-1.50088308981152,19.026009572560138
4.86,-2.146908496983097,-1.2981727753575414,18.495109142912085
4.87,-1.8689990381704726,-1.131249461759701,17.972458870801038
4.88,-1.6279485805734515,-0.9957850780320043,17.459819648771578
4.89,-1.4223427218968334,-0.8893622197668628,16.95804974239021
4.9,-1.251118014591563,-0.8098123295002855,16.46800081757765
4.91,-1.1107216753946192,-0.7538127822227463,15.990429786287983
4.92,-0.9979911194392317,-0.7191325815708777,15.52554980229207
4.93,-0.9120676236360625,-0.705029383999537,15.073403749293623
4.94,-0.850459739899559,-0.7099153744899168,14.634058603639787
4.95,-0.8100229448804841,-0.7325426116197865,14.207505273592345
4.96,-0.7912036225583043,-0.7740555705333809,13.793614316628956
4.97,-0.794516211594499,-0.8356397019217935,13.392254579464229
4.98,-0.8185922942279855,-0.9177026153555189,13.003379727559096
4.99,-0.863181054292809,-1.0221273224069516,12.627083637005457
5.0,-0.9295507656117372,-1.1517552775787547,12.263453145113786
5.01,-1.018612461923373,-1.309536518909569,11.912738025941035
5.0200000000000005,-1.1332984579603296,-1.5006884195138905,11.575527119990962
5.03,-1.2763308548686245,-1.7302205945652467,11.252451610789873
5.04,-1.4518061617628644,-2.005235978020183,10.944884994035371
5.05,-1.6650377203587596,-2.334363904229516,10.654571292529234
5.0600000000000005,-1.9219232781147852,-2.7271312921084805,10.384130331658731
5.07,-2.230873845815148,-3.196726398341373,10.137629609813596
5.08,-2.6005694183731736,-3.7564915707818347,9.92019493887352
5.09,-3.043294660733545,-4.425071442356095,9.740452618284277
5.1000000000000005,-3.5716060751747905,-5.220984696397607,9.60863068228475
5.11,-4.202428220909655,-6.168548844200113,9.542249727491669
5.12,-4.953252959790855,-7.291914859568541,9.561753590687825
5.13,-5.845320675160426,-8.617795551378142,9.701437327604989
5.14,-6.901063121713903,-10.172450068733555,10.001650619367453
5.15,-8.141662833561352,-11.970933397676525,10.52511404482798
5.16,-9.588867463257717,-14.022990162493496,11.347389293963307
5.17,-11.249177508682983,-16.293630414733588,12.56796681987151
5.18,-13.118438617410238,-18.715093127610345,14.30219640225697
5.19,-15.152501762441053,-21.125706960549618,16.66107104531465
5.2,-17.267667631285697,-23.27650093166435,19.7340237435873
5.21,-19.304201856682354,-24.79082781509052,23.514981449195393
5.22,-21.026161020695916,-25.21903119573902,27.830981079132126
5.23,-22.135349460674703,-24.125366956420653,32.31287726621759
5.24,-22.310931510046697,-21.252145878381654,36.38593551068332
5.25,-21.319532256708424,-16.721435967421403,39.437745528394885
5.26,-19.081645465353397,-10.995716534279339,41.062455557452886
5.2700000000000005,-15.718369732297333,-4.764566278156439,41.218157032436
5.28,-11.522122178652076,1.3029571128522899,40.24501680173123
5.29,-6.865796299500276,6.7377889632546095,38.70438566956754
5.3,-2.1132624744996447,11.301326919673016,37.178648183262546
5.3100000000000005,2.435768124019428,14.913635608690807,36.12084912755455
5.32,6.554478070690243,17.532802240675874,35.7944654669343
5.33,10.065285768561946,19.082769387107366,36.26498382390359
5.34,12.814650414438677,19.452409968027716,37.398468135329615
5.3500000000000005,14.663740479202188,18.551232095357477,38.89902876943724
5.36,15.492077732493778,16.369397103630718,40.37262989751634
5.37,15.25715332753634,13.091940762030024,41.43313934574139
5.38,13.993266849613956,9.03695382667684,41.81850072221149
5.39,11.840106420898055,4.627228308413715,41.461205142539804
5.4,9.02162178663068,0.2748159549188389,40.493662752752336
5.41,5.804485552968623,-3.7027468906021825,39.17793704528075
5.42,2.4492466390315486,-7.110867870767254,37.808399589383896
5.43,-0.8192468292309967,-9.85667607370035,36.63267469987772
5.44,-3.824696503866173,-11.904823349210451,35.810189418301384
5.45,-6.436283833708977,-13.24058745779963,35.39990688752984
5.46,-8.55615526828701,-13.849304306528893,35.36922745438291
5.47,-10.114177961742794,-13.73064685040753,35.606414412283165
5.48,-11.062932437011872,-12.905204666925053,35.9587282219214
5.49,-11.391629233142206,-11.460102475467792,36.25299846224352
5.5,-11.11317653946463,-9.50354257418577,36.35138964013807
5.51,-10.277366100032177,-7.19336834222476,36.159349414280214
5.5200000000000005,-8.97850629154324,-4.711635626537618,35.65802976574179
5.53,-7.325827426165678,-2.220783451359981,34.8844404492142
5.54,-5.443501266429024,0.14349537571944035,33.920341627199186
5.55,-3.452201712891312,2.2891505637251988,32.866833254208004
5.5600000000000005,-1.4573256381290354,4.163790004233686,31.820593960923873
5.57,0.4567816740124122,5.746663067337375,30.859127832195227
5.58,2.226917118886537,7.035396044523173,30.03528033451301
5.59,3.80979884127821,8.038236043212706,29.37585627485783
5.6000000000000005,5.177998770742008,8.766382169180085,28.88420280196228
5.61,6.315080960401861,9.22986253591917,28.544320225056055
5.62,7.214741909688685,9.444533335974597,28.326310264829097
5.63,7.872604354558291,9.418466604525548,28.19252099681581
5.64,8.295317172757539,9.174930725296896,28.10221366319257
5.65,8.489256959564802,8.73529281117921,28.01319131565357
5.66,8.468274830787166,8.125867035665907,27.890207735834892
5.67,8.25281343149157,7.383354333525192,27.70515329300231
5.68,7.863598544761726,6.540403235486224,27.437706072215622
5.69,7.332030066401731,5.637973879875738,27.08281830621645
5.7,6.685632177858114,4.70943978537621,26.638285711222313
5.71,5.956707863286347,3.785487190241169,26.115313196068126
5.72,5.1747388512544035,2.8914801485080246,25.5257729699122
5.73,4.366521734005506,2.0437399605489155,24.887101963117974
5.74,3.556404286325166,1.254873939541101,24.21584180279747
5.75,2.76165845037808,0.5281149440330897,23.527738597684312
5.76,1.9973093159188071,-0.13562703170013168,22.837323917970902
5.7700000000000005,1.2715767683258796,-0.7409281481251889,22.155484713054612
5.78,0.5897562424615839,-1.2944230023201317,21.491734353382185
5.79,-0.047399118191007644,-1.8049055537275467,20.852698848678028
5.8,-0.6418427678481073,-2.2823856314973363,20.24363048322855
5.8100000000000005,-1.198110893664889,-2.7372241003011224,19.66827606306754
5.82,-1.7223579483333646,-3.1802735926862815,19.129667541256893
5.83,-2.2224860932142225,-3.6223104592019926,18.63038350693618
5.84,-2.70646277274321,-4.073705180999201,18.173138431926983
5.8500000000000005,-3.184434958526501,-4.5453302662227495,17.76059012054227
5.86,-3.66430609336553,-5.046435460935622,17.397356694867334
5.87,-4.15725620535926,-5.587655699787687,17.0869467969169
5.88,-4.67216246906326,-6.177454024427178,16.83676935580031
5.89,-5.216920271726858,-6.823735118563613,16.655288813653844
5.9,-5.803724059337632,-7.535756707471853,16.550484099325722
5.91,-6.43804206661177,-8.315449421241759,16.53737750749612
5.92,-7.124254229055304,-9.163822977553961,16.632060546781993
5.93,-7.871721558568552,-10.082831523198664,16.85110296926476
5.94,-8.67839382148986,-11.057039339642962,17.21471886497372
5.95,-9.539140996597688,-12.067121654406106,17.74450302618175
5.96,-10.448592647701977,-13.085974688299943,18.462088968306052
5.97,-11.382673172373492,-14.061162382558399,19.378824713651067
5.98,-12.316577927912627,-14.93426439447655,20.50675621932803
5.99,-13.204197729537814,-15.62343743433799,21.827999054280067
6.0,-13.993483537892812,-16.037355495321734,23.31857516979759
6.01,-14.616188971838527,-16.08798479609351,24.905093850969774
6.0200000000000005,-14.998245033665727,-15.686955267373916,26.50333561127139
6.03,-15.074655447191683,-14.801057752964333,27.992538919726563
6.04,-14.77860597124414,-13.409058607071593,29.251029174512446
6.05,-14.095099652934056,-11.59056663216701,30.177502630012178
6.0600000000000005,-13.021370738486105,-9.443063142031335,30.694392680050413
6.07,-11.598838140465347,-7.098387554941631,30.79393949127086
6.08,-9.889640036189437,-4.688461710951588,30.50863855738623
6.09,-7.982522827598125,-2.3367198596817715,29.917495352537458
6.1000000000000005,-5.965175243711815,-0.12658309066487727,29.119659263008675
6.11,-3.920895570230226,1.8888163085643757,28.218057603283015
6.12,-1.919638339046169,3.6877445295747595,27.307062758431815
6.13,-0.011506768443566018,5.2715216125800834,26.460554306680706
6.140000000000001,1.7681051334220137,6.650533885449917,25.73375426572309
6.15,3.4003803004486355,7.841956875874701,25.16137279599486
6.16,4.875027712440301,8.85760472813224,24.76130020776085
6.17,6.190787871194281,9.707637119747904,24.53988066848992
6.18,7.349082509374767,10.391965968114823,24.48871293038725
6.19,8.340076957717233,10.901586074052044,24.587812468134786
6.2,9.154336328529462,11.226742095654602,24.816623760194375
6.21,9.794003317859119,11.352526315540608,25.142953382628583
6.22,10.252367260433529,11.274984359071485,25.5227934234137
6.23,10.518531999289749,10.993522598642333,25.91191867648141
6.24,10.584799242918004,10.505097129865455,26.265697735100993
6.25,10.457026502846443,9.828444213178132,26.546026213224337
6.26,10.143476608047468,8.99468071232061,26.718555737659866
6.2700000000000005,9.652875743555915,8.030883153282813,26.758679140904604
6.28,9.010335339505719,6.981760277138637,26.6587924401965
6.29,8.238095268638718,5.88505767390936,26.41583867852979
6.3,7.369070948391055,4.779979855980441,26.044848076938155
6.3100000000000005,6.43426987100903,3.7002317034479235,25.56250895977852
6.32,5.463647822701746,2.6684334793554574,24.993162173118417
6.33,4.486083634007829,1.7032540969512042,24.361569268549474
6.34,3.5229766605312003,0.8112289738362879,23.6908902408697
6.3500000000000005,2.59332147000317,-0.004680668535052224,23.003337721140213
6.36,1.7082783418340528,-0.7487292866656134,22.315724897243776
6.37,0.8752466694778538,-1.4282586445769843,21.64288812936788
6.38,0.09608341769733449,-2.0534860347633215,20.995318867942405
6.390000000000001,-0.6307774163503874,-2.6362712090474067,20.381442259852758
6.4,-1.3103142398178749,-3.188954705356626,19.807215428946094
6.41,-1.949412806538497,-3.7243459841264706,19.277549192100878
6.42,-2.557211420889618,-4.254967620540111,18.796393795759208
6.43,-3.14279607807061,-4.792600338254012,18.36788282790374
6.44,-3.7178732918852644,-5.349264800667269,17.99573787317523
6.45,-4.290961214718627,-5.934288130200519,17.68631405198056
6.46,-4.874703762154543,-6.558787812638432,17.444293795657345
6.47,-5.4781787415888745,-7.229460500080345,17.278746542454538
6.48,-6.107874589843555,-7.951120948990924,17.200817418405443
6.49,-6.778129849388917,-8.732981783910471,17.219744163385027
6.5,-7.491302135317999,-9.568805976033044,17.35103444142096
6.51,-8.24476412327204,-10.447402393707847,17.612238004948512
6.5200000000000005,-9.038614981885614,-11.358579954959145,18.021024692477663
6.53,-9.871058213624357,-12.280510501321551,18.591883416114932
6.54,-10.724361623484677,-13.173610245718718,19.335656079488846
6.55,-11.581551244598602,-13.994025952364924,20.263533060159045
6.5600000000000005,-12.40613924738747,-14.676581691168721,21.363486132839007
6.57,-13.159127543192671,-15.14950417273495,22.622549786698613
6.58,-13.786112604715406,-15.3387881390839,23.987836707093354
6.59,-14.226525669480234,-15.167015659890607,25.396741195620162
6.6000000000000005,-14.424392344647764,-14.59120391624263,26.759940145890432
6.61,-14.320300555832874,-13.580917387479325,27.97343507430265
6.62,-13.88425376441562,-12.165831175481628,28.948377663523924
6.63,-13.107833724964317,-10.420433621080782,29.59964922101798
6.640000000000001,-12.004488921203048,-8.431565268822032,29.89508808622787
6.65,-10.616316414366782,-6.313732086765654,29.833381767902242
6.66,-9.009091676947204,-4.175259954012751,29.46012032721558
6.67,-7.254273171576183,-2.1065207768621095,28.841343908452405
6.68,-5.428013000894948,-0.17176334261782977,28.061628406782365
6.69,-3.595383481842881,1.5944691033226857,27.202182408180146
6.7,-1.8115856563436887,3.177810068073698,26.33697736888757
6.71,-0.11496106091399882,4.583225195353801,25.52455949677873
6.72,1.4693645317514954,5.822576491755696,24.807510608304543
6.73,2.9287078748460083,6.913519468379525,24.215119362198624
6.74,4.258199140253589,7.869794306669657,23.763366267817517
6.75,5.460916360193735,8.70533998779882,23.460439079101107
6.76,6.54096418255982,9.424590402306567,23.30361987506996
6.7700000000000005,7.494457409729659,10.023529316740548,23.28605964167788
6.78,8.320416294480788,10.498065045513274,23.39944983963932
6.79,9.02538019512559,10.840660440631547,23.622741301583996
6.8,9.600406340251784,11.039181372586862,23.930157128705858
6.8100000000000005,10.036098570561094,11.079912980289262,24.295632176857037
6.82,10.328837298015772,10.951991519310466,24.687203801678695
6.83,10.472209258684725,10.658592716426435,25.069163552524465
6.84,10.458825919762951,10.201912024570621,25.40586938902069
6.8500000000000005,10.28729833287013,9.589306417217914,25.667588080921387
6.86,9.967099517043838,8.849064575463522,25.831107143097977
6.87,9.504553837159476,8.004393164852942,25.875306751510923
6.88,8.917138625393719,7.086511326636287,25.795225326665946
6.890000000000001,8.22669318178868,6.130846974782359,25.590411557337323
6.9,7.454659560246419,5.164726615274989,25.26876218209587
6.91,6.62930712144058,4.21780999584734,24.847163682352427
6.92,5.773725699483358,3.3101869834942974,24.341668296665908
6.93,4.91109476943651,2.4561411537229123,23.77366680618268
6.94,4.061590805216129,1.665676734289277,23.161944985760762
6.95,3.239034836338302,0.9400583353845342,22.523847652641425
6.96,2.4554983725370025,0.27868023294431954,21.87552842399843
6.97,1.7171778408905145,-0.32382073263764916,21.228682446987456
6.98,1.0272592358385206,-0.8749277314761961,20.593511542976863
6.99,0.38499249188631623,-1.3840070629943095,19.977264318722685
7.0,-0.21284225766362042,-1.8614776192603917,19.385743705746307
7.01,-0.7716274308660629,-2.3180992728617835,18.823169508093645
7.0200000000000005,-1.298577902304113,-2.76517852996424,18.292941897636968
7.03,-1.801825692182036,-3.2137967549067166,17.798128257715124
7.04,-2.2911327725308825,-3.675480052488676,17.341407354645433
7.05,-2.775527348805682,-4.16100171859495,16.926686397163387
7.0600000000000005,-3.2658282290499145,-4.681753856127572,16.557424631886448
7.07,-3.7722993950831216,-5.248565249283413,16.23968802821455
7.08,-4.304684262607008,-5.871991554955988,15.98038090874799
7.09,-4.875262732916721,-6.562896328487093,15.787622184679767
7.1000000000000005,-5.492485784134362,-7.329341584819156,15.67507512723932
7.11,-6.167528473944903,-8.18120022479458,15.655633482568895
7.12,-6.910274109321686,-9.122295102281932,15.747688698057457
7.13,-7.723483487717452,-10.14811971128655,15.975778214978927
7.140000000000001,-8.612371069677279,-11.255136291462545,16.365187187114692
7.15,-9.577226004783597,-12.423820550848578,16.943568839475816
7.16,-10.605102298656153,-13.616292288130474,17.738858029787828
7.17,-11.682012345802034,-14.785265292136701,18.779572507622
7.18,-12.769619566837532,-15.848755877471852,20.074635093219666
7.19,-13.824739946413311,-16.711922079354842,21.629250994527016
7.2,-14.773077798183996,-17.25390580548034,23.393596690588875
7.21,-15.534134128262403,-17.347900597455183,25.30564342377759
7.22,-16.01306405897159,-16.89330933364246,27.23455884569438
7.23,-16.11569282200527,-15.812502308335004,29.03916007768271
7.24,-15.773585078299643,-14.124642473645258,30.546470205607765
7.25,-14.943970305851046,-11.896081113231046,31.624537544622957
7.26,-13.638199030414617,-9.281717318632777,32.18666691542223
7.2700000000000005,-11.910523055683441,-6.458597731079384,32.2305361002228
7.28,-9.85006524369781,-3.6040211801610424,31.819303603580618
7.29,-7.572781885969329,-0.8689843235532315,31.072949354509625
7.3,-5.193349110791146,1.6496322228530667,30.133135522369326
7.3100000000000005,-2.8143759225064007,3.8995792935367004,29.13680505327976
7.32,-0.51868547126224,5.863745425853507,28.20004338616192
7.33,1.6354201663745744,7.549377112127361,27.408830591619704
7.34,3.6096589419413014,8.968387911725566,26.817043412212204
7.3500000000000005,5.3798746051310555,10.1308729357944,26.4532095241736
7.36,6.931862058364397,11.039807645321815,26.31896258788819
7.37,8.257584534808704,11.686548082328022,26.40087453666418
7.38,9.341270143941241,12.059044908233938,26.655492676619325
7.390000000000001,10.165595252926057,12.144414557975391,27.03532064837678
7.4,10.720810887005232,11.922808719034142,27.48146362693587
7.41,11.002496120693324,11.409507853808599,27.925351482598767
7.42,11.005388808240978,10.62472121448165,28.29872163486089
7.43,10.733414847707031,9.59430927110931,28.547248385113367
7.44,10.20882342676668,8.37615915954486,28.632537196548252
7.45,9.45430698806599,7.023288386632811,28.531270203607576
7.46,8.514295006490197,5.6047225632288535,28.247640751201526
7.47,7.429368894909052,4.175499731034357,27.795862058520015
7.48,6.249504979706389,2.785671094060658,27.209159656726843
7.49,5.018380666004987,1.4696886412750647,26.522847925424028
7.5,3.777808787492492,0.2502641248567037,25.776944644958437
7.51,2.5595728916433647,-0.8637375731202379,25.005954394602348
7.5200000000000005,1.3895442730223495,-1.8717907284751734,24.24166210329125
7.53,0.2825538769355673,-2.7815507185803137,23.506935587294855
7.54,-0.7527447029668038,-3.6052760027813564,22.820708782809714
7.55,-1.714010386605308,-4.356053259012342,22.195511179301498
7.5600000000000005,-2.6039988637773157,-5.0486977773489325,21.640322357185365
7.57,-3.4295800799994796,-5.697501144225656,21.16050704035994
7.58,-4.1973458169965285,-6.313183968668102,20.760747686500977
7.59,-4.917355186235624,-6.907755369799704,20.443767939494716
7.6000000000000005,-5.600289789900961,-7.489195553367421,20.21082661234113
7.61,-6.249903067153974,-8.059463675560831,20.066320518073606
7.62,-6.875302485876366,-8.623235190731236,20.01260751238785
7.63,-7.484943154279407,-9.180181801510388,20.049603629187946
7.640000000000001,-8.07493352015472,-9.720249282213054,20.179970168703235
7.65,-8.643361734852174,-10.234281496172668,20.406218000392137
7.66,-9.192931862180531,-10.712435528932161,20.726063588387316
7.67,-9.711932503654367,-11.13405668160407,21.13245626871718
7.68,-10.188949000614722,-11.477708219479565,21.61949750182791
7.69,-10.613397245296051,-11.72164797591724,22.175955126572315
7.7,-10.964888446069274,-11.842390302586752,22.77752799114675
7.71,-11.223156817925393,-11.814556679667898,23.40177757742576
7.72,-11.371291412722769,-11.621588240097848,24.021898348423004
7.73,-11.393055730799286,-11.259695074107423,24.600013993361348
7.74,-11.269602377970688,-10.719523337785596,25.102533901337665
7.75,-10.996902647465241,-10.016212648977259,25.502125615527206
7.76,-10.578133608801362,-9.178119488519497,25.77102967245784
7.7700000000000005,-10.014578304627017,-8.226758427131584,25.891714738999074
7.78,-9.326170530512389,-7.201755116574348,25.86234603330126
7.79,-8.53089436172938,-6.1382615485386545,25.68323153024941
7.8,-7.655121517137088,-5.069539565314601,25.370127944768985
7.8100000000000005,-6.727557391105335,-4.028109661368741,24.94208384038367
7.82,-5.772799215417149,-3.033549074453301,24.42132978466294
7.83,-4.817055016181585,-2.102927290628398,23.833584944544093
7.84,-3.879645536544754,-1.2433304271992984,23.20045900589096
7.8500000000000005,-2.976405034390931,-0.45612002128690626,22.543582058994275
7.86,-2.118646382503656,0.2613341271217611,21.8800397560413
7.87,-1.3120789896666831,0.9164656759959579,21.223788596285086
7.88,-0.5586956883291814,1.5186568764438149,20.5856753910019
7.890000000000001,0.14330315185625558,2.079165238953231,19.973989127952418
7.9,0.7988731314664135,2.610117196828175,19.39481717801976
7.91,1.4144913619314738,3.1236943965992303,18.853154274043924
7.92,1.9992972417440118,3.632643903181258,18.352861007264824
7.930000000000001,2.562331141705934,4.1488666917137556,17.897972616076288
7.94,3.1150423901466984,4.684809768224427,17.49212789620307
7.95,3.666754641802174,5.251162103481055,17.14106245628859
7.96,4.229981705367402,5.8597764223484035,16.849491452466385
7.97,4.814631335891663,6.519836815255573,16.62635801199891
7.98,5.430112328253311,7.240234227115613,16.48149212685295
7.99,6.08946103123898,8.02983466106728,16.42518126646806
8.0,6.797605282147497,8.888871586463722,16.475072983449415
8.01,7.559727006544841,9.817624204020643,16.649460984954985
8.02,8.38412369375767,10.812970501874931,16.967691587280605
8.03,9.264890545690653,11.852392945657556,17.451779842568303
8.040000000000001,10.196568178597344,12.911796514134602,18.12565238264449
8.05,11.164386942565363,13.947330242626824,19.007138289707676
8.06,12.138921858440751,14.896071618049882,20.105906067550876
8.07,13.08397616327221,15.682190067881685,21.420636655577386
8.08,13.942367225539448,16.209359555299397,22.920487222415332
8.09,14.650517036934481,16.38011974792014,24.554542347291775
8.1,15.129235253469163,16.10331353780619,26.22487542016507
8.11,15.305013607100665,15.315961702243166,27.82335060304068
8.120000000000001,15.11238622061758,14.007963651276413,29.20923966623587
8.13,14.51170044698576,12.218474588982728,30.27191781064744
8.14,13.499880570458394,10.055546575774065,30.91942985309906
8.15,12.107990062392616,7.650056728918664,31.127078796297756
8.16,10.396889182113668,5.147450458637754,30.917320935012917
8.17,8.45823237431042,2.683778029158458,30.369024563176033
8.18,6.384163164866701,0.3557570838152091,29.584278327558728
8.19,4.265995975721775,-1.7726483164885072,28.674876369818655
8.2,2.1807280112396885,-3.673832540506361,27.74426684296994
8.21,0.18553301072705586,-5.345049844125164,26.875037517707142
8.22,-1.6786414968834196,-6.79538546492842,26.12943941265304
8.23,-3.3890315691408315,-8.041575638337312,25.5463405574395
8.24,-4.932216221333968,-9.0951127878941,25.14609906392238
8.25,-6.3047045232441805,-9.965267799847005,24.935606750105457
8.26,-7.504563921196153,-10.649899256096639,24.904267299662624
8.27,-8.52108846190598,-11.140240341398878,25.02926628388293
8.28,-9.345701173056073,-11.425295853712605,25.286413133702045
8.290000000000001,-9.978781188825945,-11.48981276186273,25.636441975067957
8.3,-10.410867864335511,-11.33320375086423,26.030769562341636
8.31,-10.63106693204664,-10.956043372563272,26.42062799554262
8.32,-10.63540603314846,-10.359399378659399,26.758325165064075
8.33,-10.433447388493127,-9.573406090895217,27.00515298161902
8.34,-10.033188336036378,-8.629688770935214,27.125253697549667
8.35,-9.452033494930825,-7.5657079791296775,27.101300735768152
8.36,-8.7173379703257,-6.429934474291242,26.92646607155612
8.370000000000001,-7.857193704625176,-5.262103792090003,26.60674849437714
8.38,-6.908908935536042,-4.104960674257589,26.160956880895505
8.39,-5.904161086844121,-2.98753786559482,25.610677666825644
8.4,-4.876509716879837,-1.9331998331402307,24.984542911188893
8.41,-3.8526572386044107,-0.9547714458190493,24.307974645784107
8.42,-2.8548627896191996,-0.0568892479767904,23.606664636092045
8.43,-1.8993639089906322,0.7613864900644132,22.90115188278167
8.44,-0.9954970063734943,1.50740388843098,22.20863551106826
8.45,-0.1484006842739285,2.190509021384118,21.542435965066097
8.46,0.6422663444547172,2.822892232504328,20.91236852587898
8.47,1.3803010199346828,3.41758689216964,20.325752853237674
8.48,2.071755765251088,3.9872907259159005,19.78832637005083
8.49,2.7256434584376406,4.545586671853159,19.304273512431156
8.5,3.351216468945601,5.104111929971238,18.878053546662283
8.51,3.958439654947877,5.6743758049871165,18.513916317943867
8.52,4.559344149999537,6.267158998064378,18.216127392165056
8.53,5.161175837510682,6.88929881463536,17.99237965960233
8.540000000000001,5.776772543530561,7.550690856401944,17.848068172366254
8.55,6.414209670873773,8.254150275981988,17.792514922323257
8.56,7.075432361867462,8.997237040833403,17.83841964263766
8.57,7.7661064967575735,9.77943787686048,17.99788086237683
8.58,8.490677448053464,10.592471155654868,18.282112374469285
8.59,9.241257981953046,11.415543493254233,18.703408211208895
8.6,10.01386551545895,12.22840889853722,19.275515959276294
8.61,10.79153540432664,12.992850135642822,20.001738129038394
8.620000000000001,11.550951348293555,13.66279780146551,20.88288662564479
8.63,12.264416095593386,14.185238349317325,21.909608922376254
8.64,12.887435481820651,14.497222861256551,23.045432801226927
8.65,13.37674146733127,14.535067762849952,24.255273161012514
8.66,13.68396351212798,14.255084025519649,25.467241666754735
8.67,13.756990406616675,13.612024370042612,26.608734673383612
8.68,13.564545654372806,12.615225382475177,27.599147500859832
8.69,13.080692227945217,11.291377425135504,28.35709392760817
8.700000000000001,12.305490882621129,9.699238068099838,28.836746740865898
8.71,11.256936396572579,7.922109165841924,29.00743559889803
8.72,9.977638967117167,6.049887590165594,28.882318537487144
8.73,8.52140370899303,4.171640451941343,28.49408276529768
8.74,6.95005947534367,2.355617055995782,27.90139774220758
8.75,5.323577462241754,0.6525821680192236,27.16812358800442
8.76,3.6969361641238163,-0.9094368067278809,26.36098204054365
8.77,2.112566640598844,-2.3210835949249153,25.536936931232578
8.78,0.6034461407920395,-3.5851633371969767,24.745198118527895
8.790000000000001,-0.8127581038360535,-4.714734932867747,24.019823111125316
8.8,-2.1255093329993437,-5.725979363914991,23.387676345365723
8.81,-3.333170292173151,-6.634274195659094,22.864184574976004
8.82,-4.4401681762644065,-7.456046493779157,22.459603692284766
8.83,-5.4523888615524765,-8.20015847605611,22.17706748385571
8.84,-6.372087410098991,-8.870423769626772,22.018954128731146
8.85,-7.209410391799118,-9.472049739257493,21.9830542083792
8.86,-7.967919419094014,-9.999727906514135,22.06102595727006
8.870000000000001,-8.642026124646694,-10.442378671112428,22.245424232726663
8.88,-9.233285526059964,-10.78980538343535,22.526143205192273
8.89,-9.737876837678229,-11.028729372395812,22.88332218992891
8.9,-10.142640489350532,-11.143544393677907,23.294873028624494
8.91,-10.437409398498097,-11.116524443904092,23.738881933167928
8.92,-10.614607342573994,-10.940458807346314,24.18675102744617
8.93,-10.664650239254367,-10.61612742389875,24.606130365027138
8.94,-10.577144950104664,-10.140677514890545,24.96644201459264
8.950000000000001,-10.351853339409118,-9.525909765420005,25.24447788621796
8.96,-9.995672309391054,-8.79770531560453,25.418817964775137
8.97,-9.512225710792213,-7.975060267387317,25.472573890962995
8.98,-8.918944330552089,-7.088981849807143,25.40378424733534
8.99,-8.234239136453258,-6.170860402212569,25.21227633096613
9.0,-7.478107892855844,-5.245770883375034,24.907381326321183
9.01,-6.676437756012755,-4.341350868528837,24.505174935033732
9.02,-5.849923892662672,-3.47551902141287,24.02089524086562
9.03,-5.019894777635301,-2.6615708435940144,23.474848508767963
9.040000000000001,-4.204864735539162,-1.9088562065048196,22.88465837789576
9.05,-3.417382798217906,-1.2185354531728712,22.266488078941528
9.06,-2.6686238572403806,-0.5901970687248421,21.635736636045245
9.07,-1.9643366116754328,-0.019055168489760854,21.003312344229943
9.08,-1.3073990028369216,0.5018190851203421,20.37894391952293
9.09,-0.6972062576081872,0.9809911599784663,19.769517377098463
9.1,-0.13103199601471943,1.4279294918674221,19.18055775568332
9.11,0.3963299528588077,1.8528710889830164,18.61603432517264
9.120000000000001,0.8913890376801625,2.26624918774903,18.07909589254512
9.13,1.361904761692844,2.678641383534208,17.57238781964575
9.14,1.8168309837589156,3.100894561507172,17.098254969461827
9.15,2.2648605379610194,3.5435183436065474,16.659769803302503
9.16,2.7162798811477025,4.0175865972374805,16.25976195386183
9.17,3.180751452223019,4.534012441257225,15.903181258697797
9.18,3.6684622327394183,5.103881060805778,15.595103376298006
9.19,4.190857806614897,5.7386272087061165,15.343092615492829
9.200000000000001,4.75738480551369,6.448959132897868,15.157832400621379
9.21,5.380573206202162,7.246369808674603,15.04976160533971
9.22,6.069824080784883,8.13814968024764,15.037463613978757
9.23,6.834320385145771,9.131641620632603,15.141171649698213
9.24,7.68651647651883,10.232488861810669,15.383928247391218
9.25,8.62569252767705,11.425136748828585,15.798020599398786
9.26,9.649667734773029,12.691666611603504,16.417096877091886
9.27,10.755831311080296,14.002766153246887,17.276967663906632
9.28,11.918727042934961,15.29247556512026,18.405422903309933
9.290000000000001,13.108210885677225,16.48133653733905,19.82940351734387
9.3,14.264145229917672,17.44989876661224,21.539880135822802
9.31,15.314785274756172,18.06174802381437,23.510215392935443
9.32,16.15752473430585,18.16903730917419,25.640513190210285
9.33,16.685571157333133,17.640516172230136,27.80383722880577
9.34,16.78714740495911,16.39983027460307,29.807745723533273
9.35,16.380321018140364,14.455999061973145,31.469612861765654
9.36,15.422157367604122,11.917735397622186,32.61616149037395
9.370000000000001,13.929410825802412,8.964776657241849,33.17018381209401
9.38,11.967380289701005,5.810101398999063,33.1362362084485
9.39,9.653338451823936,2.6691919511940525,32.61096769587963
9.4,7.120715172728054,-0.2984820652773168,31.748492005921495
9.41,4.501366221430049,-2.990831154206724,30.719813542761987
9.42,1.9109858907208954,-5.359094060539843,29.68483991964773
9.43,-0.5605497149282699,-7.3914729445516745,28.77118197198925
9.44,-2.8518111401676602,-9.098035437312273,28.065771279543224
9.450000000000001,-4.920960477487721,-10.487230134900067,27.617770179328716
9.46,-6.74034477064686,-11.560154770385207,27.442638845794402
9.47,-8.289429545647828,-12.309789834314062,27.52231997087834
9.48,-9.551319155573456,-12.7133973146124,27.820679742347206
9.49,-10.50515843413625,-12.760450370974723,28.265544638097396
9.5,-11.129206260386352,-12.440164543641515,28.779488359373836
9.51,-11.413581405800377,-11.751847206484486,29.27905478892466
9.52,-11.361304954169874,-10.738392329170512,29.68128243132701
9.53,-10.976243026200867,-9.4409618742669,29.916626988344518
9.540000000000001,-10.290072207577653,-7.93775099960447,29.945220918457572
9.55,-9.338076666839829,-6.303780450547095,29.748304196822765
9.56,-8.17872678812759,-4.625265202368325,29.341332674370907
9.57,-6.867703463688559,-2.969035110411662,28.755421353496203
9.58,-5.467432843657203,-1.3917895125056543,28.03857314570838
9.59,-4.0317511746893215,0.07297239222811258,27.24140729326374
9.6,-2.608676666235784,1.4050956218063497,26.41325565845994
9.61,-1.233586331173262,2.601795628918511,25.596207534191176
9.620000000000001,0.0677727845363858,3.6675151372768022,24.823389458213246
9.63,1.2814292508581286,4.61548958170303,24.118840791615394
9.64,2.399986864349426,5.458940461436445,23.498848801450237
9.65,3.4235916434137312,6.213266101682597,22.97307808501926
9.66,4.356936760349517,6.891751764454281,22.54566405047244
9.67,5.2041759373431375,7.5029706315658515,22.21825281252437
9.68,5.973583550357179,8.056874090866302,21.99031365908596
9.69,6.676245306313151,8.559264171580766,21.85593233363717
9.700000000000001,7.310943344277048,9.006481807313161,21.811847385325773
9.71,7.876275347852314,9.394699650028262,21.854865346148564
9.72,8.380954912470042,9.722815831522405,21.97592779598616
9.73,8.824639725605124,9.98380819559591,22.1623128399083
9.74,9.200154439858359,10.167727721658652,22.402479108022007
9.75,9.504058799034153,10.264585300371914,22.684175571934734
9.76,9.73348035901192,10.267854537392141,22.99004878025982
9.77,9.880631124121908,10.173117484213678,23.300719358418327
9.78,9.937129260894023,9.973278466428253,23.596989021377794
9.790000000000001,9.898351874926002,9.665077685527539,23.86116696919654
9.8,9.76614552224758,9.261291120086497,24.07628504114872
9.81,9.542590841227522,8.775396028599069,24.225378499638165
9.82,9.228197668100776,8.21640223299487,24.294354282337316
9.83,8.831648357048099,7.600215010874903,24.279259520177607
9.84,8.36609899622564,6.9489520461438845,24.17809070736913
9.85,7.841174824442639,6.278473636083178,23.989587938000668
9.86,7.2729013949687715,5.606924946219593,23.721675426873706
9.870000000000001,6.677848283638798,4.952445370364345,23.382847959727314
9.88,6.069008474647477,4.326114247836705,22.981515622151495
9.89,5.46092178450183,3.7379296216928073,22.53047500476295
9.9,4.866624488047747,3.195980768982183,22.040479106482035
9.91,4.294996108366279,2.7027565710073738,21.521210976905675
9.92,3.7542918308087487,2.25976169075954,20.98313928499672
9.93,3.2508660720223643,1.8668592715993286,20.434285718652287
9.94,2.7870463644621974,1.5210381821328947,19.880380639558414
9.950000000000001,2.3646857981724376,1.2190009618881938,19.32713525667676
9.96,1.9842973987611034,0.9567637174530712,18.779313507721145
9.97,1.6441166641903429,0.7296781460457566,18.239368041938064
9.98,1.3425202162761054,0.5334320855008697,17.709563687415425
9.99,1.0760716237784103,0.36306285685674333,17.191531317805225
10.0,0.8416326589252295,0.21431932911655438,16.686166057703236
10.01,0.6353056698089674,0.08280239405725287,16.19410630792358
10.02,0.453326211500643,-0.03545625387067744,15.715634950741032
10.03,0.291737321581674,-0.14429718476328052,15.250849209407994
10.040000000000001,0.1467248890478409,-0.2473115618278051,14.79970786584404
10.05,0.014524251825496909,-0.3479542336536116,14.362083441768851
10.06,-0.10837879989066093,-0.4495482140299382,13.937814198308798
10.07,-0.2255820451039035,-0.5554805103731708,13.526724844805821
10.08,-0.34060250894115107,-0.6692004845553823,13.12865888324203
10.09,-0.45690792301915584,-0.7943686200450863,12.7435216392913
10.1,-0.5781825088450534,-0.9349652854773166,12.371287938456376
10.11,-0.7080795027801108,-1.0954025715643327,12.012069145148276
10.120000000000001,-0.8507841906972673,-1.2807362761799372,11.666143262286162
10.13,-1.010648028005235,-1.4968140207188423,11.334034175026797
10.14,-1.1927695790237487,-1.7503581094889031,11.016598155476778
10.15,-1.4028881059010518,-2.049632982279415,10.715201624658723
10.16,-1.6475304238507384,-2.4037580536450345,10.431789612845252
10.17,-1.9347208419419033,-2.8246557347310546,10.16944942098278
10.18,-2.2731635889927473,-3.324864390184362,9.932232672947118
10.19,-2.6742173894549297,-3.921320965180589,9.726717224821908
10.200000000000001,-3.149791234792997,-4.631211902135885,9.561121678909206
10.21,-3.7156650981197266,-5.4774956595681505,9.449029490410187
10.22,-4.388073028941012,-6.482780586391345,9.406909030409318
10.23,-5.187724142713828,-7.674898799857219,9.46207508006357
10.24,-6.135739607354623,-9.080140559088104,9.646974791678993
10.25,-7.255390102673775,-10.722148671692064,10.013940384842126
10.26,-8.570344126885411,-12.620152266208873,10.624823906495632
10.27,-10.09540387930347,-14.763594592230003,11.568984779139994
10.28,-11.842628930542562,-17.12479002656325,12.952030854059108
10.290000000000001,-13.788232528374776,-19.59039284967411,14.890680412597222
10.3,-15.88579237805951,-21.986344262739713,17.50321443844758
10.31,-18.019854572452736,-24.00617386452634,20.848209090270323
10.32,-20.008437710981983,-25.242175353422144,24.87802619646161
10.33,-21.589735365571116,-25.220180810302924,29.366953452825573
10.34,-22.43951694507873,-23.531639282310877,33.84738278312371
10.35,-22.25015445375948,-20.030989993624665,37.69707890528469
10.36,-20.825443667779375,-14.954641612507798,40.3422344818873
10.370000000000001,-18.152965915956614,-8.892130438650119,41.466063486659706
10.38,-14.422065241503319,-2.565088980978607,41.174803473100845
10.39,-9.97287978378203,3.3970368297451934,39.920645334533454
10.4,-5.189565045655391,8.603571561077686,38.307435538756174
10.41,-0.42456190842528096,12.882052282809745,36.89649785582215
10.42,4.043403876147207,16.173565643933237,36.08670744706609
10.43,8.00348116905584,18.42753039007998,36.07331003787018
10.44,11.285615649201532,19.55023945194209,36.84230218441594
10.450000000000001,13.736857137142504,19.42358138994936,38.18999938558703
10.46,15.212125376125503,17.964802947441207,39.76193933478346
10.47,15.626636876058894,15.264833844110015,41.141003425103
10.48,14.953868235984613,11.552788359923948,41.965379760327835
10.49,13.277192725867927,7.2206847197448045,42.04273104974405
10.5,10.77924487756204,2.7120701363947832,41.3955832767875
10.51,7.715991669863444,-1.5827646295617326,40.23019624225116
10.52,4.360519349063921,-5.391673520463177,38.84087190239028
10.53,0.9686311449431424,-8.563211216129671,37.51854436351456
10.540000000000001,-2.2493704037556315,-11.033747313183541,36.48200532259819
10.55,-5.13322398420674,-12.777793389175457,35.84925664880305
10.56,-7.564655173414257,-13.7812533020079,35.633862530328784
10.57,-9.45387471404716,-14.02944733976436,35.76340218167717
10.58,-10.743931207721339,-13.542589750833697,36.091176745379045
10.59,-11.395258832143373,-12.357290401311456,36.44933810273723
10.6,-11.410953173959271,-10.583380308679832,36.668815801141974
10.61,-10.825136376676861,-8.36348271199903,36.629288971398395
10.620000000000001,-9.708526971001753,-5.874832915042104,36.26928225360071
10.63,-8.172650465539556,-3.3048046268579676,35.60360598915731
10.64,-6.340567716965326,-0.8077771206162108,34.700459012686174
10.65,-4.340305768830337,1.4987658253945702,33.65895391873837
10.66,-2.289852124493642,3.541984497871758,32.58461522096274
10.67,-0.288201891408832,5.285650712576109,31.568940550300717
10.68,1.5889290003682948,6.721056283509668,30.678493280868924
10.69,3.288117006820631,7.852692157355579,29.951065427553353
10.700000000000001,4.773542595468818,8.69037557843176,29.398456720934718
10.71,6.021675930160793,9.243498929766982,29.01177909335583
10.72,7.023156798771131,9.527310423397175,28.761250383554483
10.73,7.771139220081897,9.553865634456177,28.60953847605877
10.74,8.267746311843368,9.339844334140379,28.512830822128542
10.75,8.52179885715975,8.913393199394077,28.42726694954822
10.76,8.542736513377873,8.298069903160192,28.310806416784043
10.77,8.353236109859122,7.533912311799709,28.134318563828828
10.78,7.973845586971387,6.656847767068279,27.872110860707174
10.790000000000001,7.436726934371781,5.709308532325055,27.517901396487133
10.8,6.7729613838860425,4.7304985802659925,27.06895402823958
10.81,6.015781842798795,3.7526900672406702,26.53575412423871
10.82,5.198391515028725,2.80510589370471,25.932122633044486
10.83,4.349440214436104,1.90567578704021,25.276147610721086
10.84,3.4959643778552,1.0685377822946545,24.586672361576582
10.85,2.657123997148967,0.2977853734787239,23.88060921928367
10.86,1.8493934586663476,-0.4057034220027098,23.174091452220004
10.870000000000001,1.0820780233748597,-1.0465487683338301,22.478933579931855
10.88,0.3608813643356017,-1.6321509559871448,21.80550766032876
10.89,-0.31300238384278267,-2.1716658259448316,21.160939308734864
10.9,-0.9414948268363628,-2.6757445676240397,20.550851090801192
10.91,-1.5295448552218387,-3.1555203968499246,19.979106127132177
10.92,-2.0830473074122637,-3.6218056346270635,19.449135334132595
10.93,-2.6108337890753046,-4.086289216257688,18.96322326760715
10.94,-3.1207489780671915,-4.558960524242665,18.524767379360227
10.950000000000001,-3.622661377458457,-5.05060775595565,18.136354969556926
10.96,-4.126485981152824,-5.57086834188827,17.80218446766126
10.97,-4.639710434070375,-6.127692744984077,17.52834368372245
10.98,-5.174485428294025,-6.7310580615189215,17.319349882097075
10.99,-5.737815706544513,-7.385714956609395,17.18513395872073
11.0,-6.334919733214498,-8.09511189135097,17.137053332858283
11.01,-6.977510734002574,-8.86613213142107,17.185332947250465
11.02,-7.667511402612665,-9.69209957172687,17.345192011829887
11.03,-8.402195344046062,-10.561600904470342,17.633553976130663
11.040000000000001,-9.182615791668885,-11.464314668488903,18.068055365474248
11.05,-10.001452249733422,-12.37321510435586,18.6626728459251
11.06,-10.841251847832005,-13.249568287859624,19.42911784406842
11.07,-11.682900946715502,-14.047225721476,20.37594228239034
11.08,-12.48858542332934,-14.700155935088679,21.49037529675951
11.09,-13.219013833162556,-15.137321562032263,22.7575472689914
11.1,-13.817832427066136,-15.285219993997728,24.12013939829145
11.11,-14.225960493540809,-15.068223795500371,25.518237954858733
11.120000000000001,-14.388230637535065,-14.450258060945236,26.85676350215024
11.13,-14.245457980394638,-13.39921043178875,28.037574238948235
11.14,-13.775089503537885,-11.95915943674923,28.971722540775843
11.15,-12.966255692692462,-10.19798069679644,29.578921724762896
11.16,-11.839383442691933,-8.209417850816102,29.833523300162312
11.17,-10.43545777560416,-6.103011369904178,29.73701634781563
11.18,-8.823096117711822,-3.987312017420759,29.33815314918275
11.19,-7.072061467541069,-1.9467842416301249,28.703761936816743
11.200000000000001,-5.257366678422714,-0.04336692295258304,27.91730105265432
11.21,-3.4421995201215427,1.6918952969758894,27.058547390305513
11.22,-1.6793032545142053,3.246640447060477,26.198690905419074
11.23,-0.005619200377038114,4.626627733316238,25.394626692643218
11.24,1.5559215587165514,5.844625894130079,24.686520225798816
11.25,2.9933862473869537,6.918084477791286,24.102719072550904
11.26,4.302894206089675,7.8607403617655525,23.658112914428152
11.27,5.48866034168346,8.686769618545236,23.360428611944755
11.28,6.55360736512521,9.399342780979554,23.206634220775406
11.290000000000001,7.494374626289741,9.995138541670514,23.190947646424895
11.3,8.312315533141339,10.470828697710761,23.30498623171472
11.31,9.012413886502513,10.818314258240504,23.527341038727265
11.32,9.5850356888288,11.02496005222105,23.834132187807388
11.33,10.022559754031773,11.076317782236053,24.200486230830393
11.34,10.321284809017026,10.963682920675431,24.594207445972426
11.35,10.473179411549355,10.688033432393125,24.980154852849928
11.36,10.469694790306876,10.247228835323284,25.323540949717053
11.370000000000001,10.311310345355428,9.651961066432785,25.595631075516852
11.38,10.005547479385184,8.928839600252187,25.77123659111407
11.39,9.556982299454955,8.098010773364322,25.82920153017596
11.4,8.984055739403438,7.192396572058147,25.764448968515175
11.41,8.306219464732564,6.245469378261882,25.574299126464464
11.42,7.54543546988923,5.28506355680209,25.26719141813578
11.43,6.729461619377626,4.341531618665212,24.858594808410807
11.44,5.880823859568739,3.43457820400907,24.364214479960772
11.450000000000001,5.023304751684341,2.5797975602136813,23.805404924877283
11.46,4.176776821347831,1.7873103513032595,23.200460110328677
11.47,3.3556797139921746,1.0591408263628637,22.56721735850682
11.48,2.57261383728776,0.39541746435667324,21.921768846411133
11.49,1.833862343065813,-0.20908792705030477,21.275974426770727
11.5,1.1431915854637156,-0.7614115411064424,20.64040976402637
11.51,0.5001194688490516,-1.270668844742421,20.022369430420643
11.52,-0.09803883858594897,-1.7469808083426326,19.427914171309695
11.53,-0.6566370015909215,-2.2011053625454013,18.861270254083706
11.540000000000001,-1.182303299942522,-2.6440302433399743,18.32597093561126
11.55,-1.6833146350423613,-3.08694377412267,17.824968365241542
11.56,-2.168878101426358,-3.5411107989878934,17.36095607161188
11.57,-2.6484914728791153,-4.01755220426165,16.93746335026772
11.58,-3.1320001199746663,-4.527257617770515,16.558180244182314
11.59,-3.6305037610871036,-5.081505978851007,16.228196403146082
11.6,-4.153155465250399,-5.690650364410344,15.954780824105857
11.61,-4.712325066362575,-6.3660145783931545,15.744925652041218
11.620000000000001,-5.317245684664266,-7.116272100492229,15.611658197416359
11.63,-5.977771031255164,-7.950693382537997,15.568374642851895
11.64,-6.705864875203119,-8.876370438716755,15.63123516487434
11.65,-7.5051857796895165,-9.889819879654247,15.824662379150192
11.66,-8.380135897221558,-10.987750885297912,16.173899722803284
11.67,-9.334734411996486,-12.157252985528212,16.706839618610772
11.68,-10.357064323378259,-13.361813781692083,17.451851401764834
11.69,-11.435909714347762,-14.559849977305786,18.440150425346754
11.700000000000001,-12.53723308089393,-15.67441451485239,19.684933907063673
11.71,-13.619099673972132,-16.61350613397975,21.19441066933281
11.72,-14.61437590324436,-17.25937334637796,22.93362945830107
11.73,-15.444071484304075,-17.482524390904697,24.84796890735505
11.74,-16.01183569239004,-17.171202276331876,26.814556138312305
11.75,-16.22056724848458,-16.234231075608722,28.696204981708455
11.76,-15.991813707629957,-14.668967128515655,30.314849365409376
11.77,-15.272599411226379,-12.525673232467954,31.527061515737234
11.78,-14.062904940290395,-9.950562726670261,32.226214975345975
11.790000000000001,-12.406820611535153,-7.118843603445178,32.39204035138432
11.8,-10.38742622940858,-4.2156329737211715,32.07319189915959
11.81,-8.120615607630604,-1.405585347506845,31.383700689263158
11.82,-5.72408610490268,1.2011849178631946,30.466160006408415
11.83,-3.3065382124527014,3.5412514829368438,29.46381111254345
11.84,-0.9577378525576763,5.590459827454648,28.501551716607903
11.85,1.257333537500643,7.352212903002824,27.674248633863815
11.86,3.2956209381805768,8.838013589575349,27.042894745310562
11.870000000000001,5.129197280045239,10.05845101786322,26.641443526053003
11.88,6.742131002905994,11.017727417858952,26.476870599033813
11.89,8.123325225889024,11.70778319740434,26.534939340377683
11.9,9.256333224391955,12.117508054037188,26.7751056884023
11.91,10.126000584446178,12.228958244479191,27.15277591742424
11.92,10.723584487929907,12.028717958449928,27.604592808200213
11.93,11.039791076501302,11.530561365609554,28.05893817648296
11.94,11.065723274848246,10.744404281598397,28.44571946804483
11.950000000000001,10.811123084380412,9.7056877998824,28.710642179887472
11.96,10.292374117101089,8.468123940781403,28.80745817600651
11.97,9.53650730373071,7.089205872961833,28.71607461809851
11.98,8.586999291050654,5.640857729337983,28.4358339061586
11.99,7.486082348935412,4.178626176195246,27.9835908732336
12.0,6.28538385489058,2.756682344112676,27.391857971255696
12.01,5.030118821043953,1.4095292040060619,26.698402538313097
12.02,3.7639717821094574,0.16238931740845963,25.943998363967737
12.030000000000001,2.5198324772784577,-0.9764746752466655,25.16523319566913
12.040000000000001,1.325052363053617,-2.0052433609601135,24.394582741216798
12.05,0.1944482521750541,-2.9329594870489895,23.655973194851818
12.06,-0.8615465840155305,-3.770640421567879,22.96917199639478
12.07,-1.8413543451390582,-4.5323262474984745,22.346476563088377
12.08,-2.7474389128924086,-5.23330223742561,21.797141054468238
12.09,-3.585829784168992,-5.88632855247252,21.326450445733112
12.1,-4.363067674951938,-6.503125813745374,20.93913564243234
12.11,-5.091380993948874,-7.096002312770397,20.63600028340325
12.120000000000001,-5.7766836720233306,-7.669363652227537,20.419946172670695
12.13,-6.424637095798841,-8.22711996569857,20.2941970192606
12.14,-7.049322328828926,-8.775517041612666,20.257484124846
12.15,-7.650046378650704,-9.307550865185995,20.311027486413348
12.16,-8.222890214668391,-9.813916017056549,20.456939355628453
12.17,-8.769949542587657,-10.287670253426146,20.6956046188321
12.18,-9.290471247704552,-10.716393849248112,21.020620641594952
12.19,-9.77203805882377,-11.080300368422003,21.42407630877704
12.200000000000001,-10.206095380120624,-11.36000410567131,21.899712563820128
12.21,-10.579977521013767,-11.535771397401044,22.430703619083634
12.22,-10.874811387131945,-11.587206128255222,22.993124310700775
12.23,-11.073073906265412,-11.491598973213279,23.56646657508582
12.24,-11.16087095797299,-11.240858407356066,24.121764210669568
12.25,-11.124603653146126,-10.833831017846498,24.624488920439514
12.26,-10.949413566992863,-10.265403418677991,25.045972964262855
12.27,-10.63654093249274,-9.55632337655285,25.363099504492784
12.280000000000001,-10.189959483940845,-8.732572895090732,25.552979553196394
12.290000000000001,-9.614624039628339,-7.816097851030605,25.60438295207092
12.3,-8.931406067331572,-6.844498121049374,25.517899490924034
12.31,-8.157403394093702,-5.8477967603803185,25.296217570838696
12.32,-7.318361701124549,-4.855788810183759,24.955820870123546
12.33,-6.43984675625544,-3.895718145221158,24.514148846164368
12.34,-5.543957025418722,-2.9835250470303314,23.99167259112388
12.35,-4.653698177369443,-2.1331988513858566,23.411131175327778
12.36,-3.7855623271546275,-1.3498266836341646,22.791178326906564
12.370000000000001,-2.9527150917177227,-0.63359293198861,22.150472680420947
12.38,-2.1646645127109103,0.0183806237547538,21.503800200543022
12.39,-1.425779100351177,0.6131611333663607,20.86294757594891
12.4,-0.7371832800565064,1.1595240079575735,20.237194337057787
12.41,-0.09677053062483332,1.6677758478030351,19.633595171936687
12.42,0.5003436751478776,2.1490829289707536,19.057357326016735
12.43,1.0604000656740467,2.6147088604452664,18.512684503938477
12.44,1.5918573371025482,3.076445451798619,18.002889822496744
12.450000000000001,2.1036448887254755,3.545788468462107,17.531125909113246
12.46,2.605991030859381,4.034401968123109,17.100792492946585
12.47,3.108429387687493,4.553340612710165,16.716076284695074
12.48,3.622772041637152,5.114332968920592,16.381568553478424
12.49,4.15823738742037,5.727687826466983,16.104971163732582
12.5,4.727102983744846,6.404859814400055,15.893039459028367
12.51,5.339428136912385,7.15460068383241,15.75820010795277
12.52,6.003941432626962,7.9849128301126955,15.71482288607387
12.530000000000001,6.733849320100893,8.904662693816025,15.777633185870574
12.540000000000001,7.532898384610472,9.909303385660376,15.970430811231608
12.55,8.402972411106811,10.992158217572948,16.318579929636385
12.56,9.349301411325861,12.143380037061434,16.849328587103415
12.57,10.360550972042114,13.325804191117122,17.58918082698016
12.58,11.422625237061004,14.495599369882257,18.56671453534671
12.59,12.505099730748734,15.58045550639309,19.796153918476335
12.6,13.563636340593007,16.487304387242293,21.281539244281586
12.61,14.535220967951906,17.103986526768324,22.99119510507418
12.620000000000001,15.337445238325342,17.303704300967205,24.859609402778492
12.63,15.88251563543269,16.981056822203968,26.77981135676474
12.64,16.072506527424128,16.048931110741588,28.606451517294104
12.65,15.83721784053719,14.508483080382153,30.180869568509962
12.66,15.122015765616158,12.409204924914864,31.351726474197314
12.67,13.932624476945525,9.892992581357467,32.02948021600421
12.68,12.307163178348475,7.124805700141781,32.187555895061244
12.69,10.32978102100092,4.288220297749975,31.874215875567184
12.700000000000001,8.111135028971843,1.5375308599017259,31.199346439094995
12.71,5.764149778853074,-1.0189195098050927,30.297506816324617
12.72,3.39519552771291,-3.318225774686363,29.307444569903595
12.73,1.0915187130036688,-5.336962086774888,28.350553270385408
12.74,-1.0852517345544934,-7.078785047832895,27.517030586185474
12.75,-3.0914980726263233,-8.554267663311833,26.869566058951055
12.76,-4.901731778553798,-9.776552326278903,26.442258519035427
12.77,-6.499640247040914,-10.749184009190737,26.241852027982688
12.780000000000001,-7.875589092132931,-11.469646933268168,26.26035933780142
12.790000000000001,-9.0193377426004,-11.924795945869903,26.46455850080636
12.8,-9.914586283641688,-12.103684723557269,26.80728160881155
12.81,-10.548295103673734,-11.985259065368078,27.23554626649926
12.82,-10.914794092161056,-11.573600880618777,27.683514801456376
12.83,-11.008961647854752,-10.88926951186347,28.083924361327135
12.84,-10.828515345957655,-9.949646823470479,28.37674765654556
12.85,-10.392972631116661,-8.806393371054375,28.52151544174514
12.86,-9.720660799993311,-7.510372820514355,28.485904915673885
12.870000000000001,-8.850880155025392,-6.126012437114216,28.268619377299494
12.88,-7.823655931235072,-4.7131838012627565,27.8773350241541
12.89,-6.685665068854759,-3.3216388757793274,27.340644423175853
12.9,-5.4823479984539984,-1.992538112075894,26.691567437498726
12.91,-4.2553643640379955,-0.7507002424292092,25.968907467649196
12.92,-3.0402318650921427,0.3889472200292703,25.208373089117767
12.93,-1.8636675266991085,1.4244860292068477,24.442382591135793
12.94,-0.745168454723065,2.3595675163922483,23.696839066823443
12.950000000000001,0.3058385743023163,3.2058659948574664,22.991312364782665
12.96,1.283997411236604,3.9757125703259364,22.3410010715079
12.97,2.1909570693644143,4.683344468987436,21.755579498589
12.98,3.032082049771115,5.343828374942955,21.241971764405278
12.99,3.8145876563221224,5.969065594638341,20.80480410706179
13.0,4.546151774831158,6.570276742913953,20.448378761664586
13.01,5.239569627828062,7.158780880988021,20.173635014276535
13.02,5.900181591911037,7.7380255302491365,19.98472992786549
13.030000000000001,6.5343787157627276,8.311886070230308,19.885643535105512
13.040000000000001,7.155238111656308,8.885163140499671,19.8765386963403
13.05,7.760914331481828,9.449449291371957,19.96058295134819
13.06,8.347592123577606,9.994890965451166,20.14151834982152
13.07,8.919013050480343,10.514306808900209,20.420789713764233
13.08,9.469453914974327,10.990566208054625,20.79339742635319
13.09,9.985842358387984,11.401433383333458,21.25352347359798
13.1,10.45959706163455,11.725106128465514,21.796161814154022
13.11,10.87226472854039,11.936561712928397,22.40094795350958
13.120000000000001,11.202071413043798,12.009213898684916,23.04446581431784
13.13,11.42997694829513,11.917942480473231,23.704664806958228
13.14,11.537441707147686,11.653280749318537,24.344198706836085
13.15,11.503169280438224,11.202985350789657,24.92519072570361
13.16,11.31287138334863,10.565979859531758,25.41701006378194
13.17,10.968950560397955,9.77185627808815,25.788109843769092
13.18,10.471544852732423,8.846120564605782,26.010038938481884
13.19,9.829353900549249,7.817137819690483,26.074729028316465
13.200000000000001,9.06483038757742,6.728741425365844,25.981234000202356
13.21,8.198338934891611,5.61460678431685,25.736580802396176
13.22,7.261677771687579,4.512291306154536,25.361428715830677
13.23,6.2816645643831945,3.4489870869264747,24.87636386546227
13.24,5.286146172788996,2.444013231161814,24.3087691834784
13.25,4.2997048369111495,1.51108962362662,23.683591044980208
13.26,3.340181948062809,0.6531501477059931,23.024124456898043
13.27,2.423006009229039,-0.12965774800910268,22.351557672553273
13.280000000000001,1.5560384635943756,-0.8438162008177745,21.68167191339965
13.290000000000001,0.7438697838721885,-1.4980799927128665,21.028118237983875
13.3,-0.01393033418475867,-2.1036565298973526,20.40057964158092
13.31,-0.721010606513071,-2.6730200350133333,19.806668219412565
13.32,-1.3834305828576388,-3.21871578788509,19.252144878694434
13.33,-2.0096957374395465,-3.753997984339304,18.741548992899705
13.34,-2.609058274611868,-4.291161220133449,18.279315415052892
13.35,-3.19234292859229,-4.842806362957973,17.869295322238436
13.36,-3.770476896166378,-5.420313536236613,17.516710690451927
13.370000000000001,-4.3532876163667975,-6.034098960755048,17.227852329571704
13.38,-4.953899186844047,-6.695012826560021,17.00889624831552
13.39,-5.579913739947969,-7.409243989591127,16.871258283645453
13.4,-6.241932086430417,-8.185096527870895,16.82552599296151
13.41,-6.950926701742006,-9.026421062631316,16.884670173083766
13.42,-7.706823340488856,-9.92527351466537,17.067796892766662
13.43,-8.510326463023825,-10.87405492803276,17.394262718744663
13.44,-9.365175961900036,-11.860051084295531,17.882973869354995
13.450000000000001,-10.258121574567546,-12.848187244197533,18.550037409770788
13.46,-11.176043921104482,-13.800163231428636,19.413785924890767
13.47,-12.089911096078556,-14.65483036365983,20.47578997436511
13.48,-12.961713770878399,-15.338524999974718,21.731147673699112
13.49,-13.740971313346193,-15.76814497915166,23.147124192178428
13.5,-14.362540530171152,-15.853003768543113,24.663679530157996
13.51,-14.761888146186807,-15.519897012955658,26.201530436464118
13.52,-14.86905173969852,-14.718422123440549,27.645950700512927
13.530000000000001,-14.631234691956342,-13.441465302406975,28.890594770969983
13.540000000000001,-14.02117075473341,-11.747265456435597,29.822146706121842
13.55,-13.034861912360714,-9.717149941544443,30.377492152586107
13.56,-11.703722343854613,-7.476378075288441,30.528592010695586
13.57,-10.090295138207129,-5.153440864737394,30.30651590947142
13.58,-8.27053592524236,-2.8646230647528723,29.7738186246895
13.59,-6.331568379911101,-0.6983841869023042,29.02366202084931
13.6,-4.35212742022721,1.2918015704613193,28.152005578117127
13.61,-2.401565694298981,3.078957897613575,27.249685101775576
13.620000000000001,-0.5319973958024624,4.660539804575352,26.39189531160648
13.63,1.2220713102528569,6.046490270736658,25.632992538663103
13.64,2.839124640080718,7.252916038420764,25.01192999031181
13.65,4.309341001321031,8.294245628796213,24.549503065617287
13.66,5.631168045328186,9.182347547979763,24.255566132628044
13.67,6.801705065413404,9.918333403693266,24.124961339554154
13.68,7.818395805604618,10.501404701931257,24.14993630405548
13.69,8.685627647947124,10.924861038443483,24.311001901511812
13.700000000000001,9.395131626054546,11.177447932740487,24.57889179433582
13.71,9.937434051069388,11.246314287267836,24.923419138491408
13.72,10.309281125937416,11.119823654380657,25.30682757432911
13.73,10.504960720384332,10.802934860500667,25.687355984017636
13.74,10.517699596546946,10.299920052378623,26.023274904309016
13.75,10.347924733004428,9.621624855981178,26.27947411325349
13.76,10.007216117593634,8.801111138364881,26.428665636306754
13.77,9.503083848468794,7.864643803356508,26.44680663918977
13.780000000000001,8.859150667429088,6.851528222632968,26.330487525074165
13.790000000000001,8.10186814989062,5.803107787650627,26.080474347237903
13.8,7.2562297288751045,4.749583392263,25.707416890037795
13.81,6.354382347441402,3.723150793068836,25.231492431440525
13.82,5.42267250843419,2.744749995338779,24.672472591511678
13.83,4.487180370001937,1.829153153388479,24.05490050526538
13.84,3.5690697476034297,0.9846546073472817,23.399691771807632
13.85,2.6832735724042265,0.21115841182990164,22.726502393910785
13.86,1.841925570671025,-0.49376160040471384,22.05213318450386
13.870000000000001,1.0501505928232722,-1.137929167257342,21.389023020149253
13.88,0.3102888679628021,-1.7307097390752917,20.747720087564165
13.89,-0.37971846047641455,-2.283244421832032,20.13556910268261
13.9,-1.024678747049909,-2.807668622706219,19.558350567206624
13.91,-1.631238069913062,-3.315865194979234,19.020599697262995
13.92,-2.20805140593471,-3.820301995731254,18.525956297989442
13.93,-2.764626853488032,-4.332723268820519,18.078248279893458
13.94,-3.310843614118522,-4.864639038952916,17.68133476094785
13.950000000000001,-3.8581920219933505,-5.427398174729229,17.339764362447735
13.96,-4.4153266466293735,-6.030362204618723,17.06055856391382
13.97,-4.995113616213645,-6.6845040995858955,16.849418078411716
13.98,-5.605911818905273,-7.396118453446658,16.717646147990404
13.99,-6.255167859384272,-8.170983574982678,16.677772145200162
14.0,-6.956638312171177,-9.01724093926683,16.741688246037565
14.01,-7.711120332147615,-9.926376599999802,16.928641123132472
14.02,-8.516427681380936,-10.886789427314953,17.259187828039877
14.030000000000001,-9.374367039216166,-11.887262061364916,17.75439817020983
14.040000000000001,-10.276936047172779,-12.896105496634524,18.431542642189125
14.05,-11.205347906433351,-13.868816718615848,19.306424687277875
14.06,-12.135633406268882,-14.748458234253786,20.388069753137856
14.07,-13.024337285718794,-15.456103539308469,21.664321765595094
14.08,-13.823380216116798,-15.906243575795518,23.11254043877758
14.09,-14.464603567020468,-16.008162514049854,24.663749663905357
14.1,-14.87960563629142,-15.677737770051717,26.242421778861484
14.11,-14.999796412102784,-14.872221829741154,27.727436265302117
14.120000000000001,-14.76272204293871,-13.569117634698488,29.007588988929744
14.13,-14.147036529604382,-11.839509848968333,29.970120082357077
14.14,-13.142472487498953,-9.762548418417403,30.541555712564357
14.15,-11.786678488672042,-7.472051829458944,30.69979163284642
14.16,-10.138569149633248,-5.096330433850202,30.473060365010316
14.17,-8.280427598962493,-2.759566442831023,29.92948611908572
14.18,-6.300529882149432,-0.550321618186719,29.165573183791484
14.19,-4.280780598308095,1.47529869052993,28.281239490155663
14.200000000000001,-2.2926241188440724,3.2906504675428714,27.370936949331707
14.21,-0.38899928303862774,4.893794582265689,26.511421454377466
14.22,1.3940840997845623,6.294412977860031,25.75873726559103
14.23,3.0351021346703737,7.5091164600053535,25.15159820952147
14.24,4.523486227772318,8.551534849851867,24.710503312117385
14.25,5.857513560731768,9.432539823142532,24.444184520019373
14.26,7.033223097715378,10.151737599603784,24.345093214024203
14.27,8.046381425658955,10.706663856116192,24.40293940460006
14.280000000000001,8.900608322836039,11.08897148815842,24.596011500005044
14.290000000000001,9.587387436772957,11.287801171532733,24.8908128976602
14.3,10.095714215100033,11.291292488135024,25.252925333397165
14.31,10.420838525764609,11.086863205894547,25.641824177536318
14.32,10.559713419887803,10.684434165180672,26.01406143131115
14.33,10.508406016174204,10.095831140861408,26.326444292918442
14.34,10.267851807735722,9.334303607214236,26.543508383513725
14.35,9.853558695606113,8.437121266740125,26.641751309709353
14.36,9.277519826134103,7.436311455047109,26.60081473733763
14.370000000000001,8.565989922707537,6.372630469027689,26.421225324860824
14.38,7.74790737784766,5.287793161292278,26.10823616163502
14.39,6.8512068017657235,4.212155933802588,25.67705212296587
14.4,5.908691616634063,3.1759898753089866,25.15020111463824
14.41,4.946848411279193,2.1971867433450107,24.54981472162467
14.42,3.9913453145930218,1.2881888148066538,23.90117972722375
14.43,3.0613868013842573,0.45366218583953555,23.225015845467794
14.44,2.1705445572989888,-0.3086557858100969,22.540669698985386
14.450000000000001,1.3287276504644705,-1.0035602561187373,21.86369720807712
14.46,0.5391414222986661,-1.640552092581752,21.20568082175036
14.47,-0.19773253268349922,-2.2303096466680383,20.576172235956793
14.48,-0.8854929115986782,-2.7847320682883434,19.981785741556127
14.49,-1.5302161618912555,-3.3165094625947606,19.42779674716461
14.5,-2.139653804849649,-3.83782700598967,18.918528459887956
14.51,-2.723486354024606,-4.361323364799374,18.457481460969053
14.52,-3.291588329422729,-4.898420925441794,18.0489542950772
14.530000000000001,-3.853854187171875,-5.460132206123604,17.697511994525847
14.540000000000001,-4.42244482676336,-6.057418469646201,17.408100188538064
14.55,-5.005182915151127,-6.697955257618718,17.189399541664567
14.56,-5.614395347261471,-7.3918320097554115,17.048286039838693
14.57,-6.258874818795684,-8.143263955062963,16.996367328327015
14.58,-6.942144505835707,-8.951869721245062,17.048879444111193
14.59,-7.672035285437287,-9.819512435565105,17.22065257334088
14.6,-8.451997336986118,-10.736763253274022,17.52806559048207
14.61,-9.275209101702776,-11.682939351249079,17.98927324877378
14.620000000000001,-10.138667948401475,-12.636824902023292,18.62400120584353
14.63,-11.023284342896067,-13.553563417471453,19.441782688183622
14.64,-11.90458982556424,-14.380067795270492,20.4505604720399
14.65,-12.747310730823,-15.048728130620672,21.640734424589578
14.66,-13.502125902416921,-15.478293963115807,22.98480033212272
14.67,-14.113723971004811,-15.589724724144768,24.432733881039518
14.68,-14.515052007679834,-15.308418918150299,25.90100091184958
14.69,-14.645806726513694,-14.586389467794834,27.298656542467526
14.700000000000001,-14.453265590852531,-13.419245150102391,28.508400677122232
14.71,-13.904033775707859,-11.836671013288836,29.439854496355604
14.72,-12.999033595134152,-9.930829615592753,30.016965969021822
14.73,-11.761286092348618,-7.80431954574489,30.21528266886421
14.74,-10.242440435559828,-5.580057513410116,30.047878820898532
14.75,-8.517316818271967,-3.3697315598763957,29.574823356534974
14.76,-6.663066804564895,-1.2599985082845588,28.874524201643077
14.77,-4.758637340277375,0.6903187396388115,28.038971238618643
14.780000000000001,-2.8693945128602816,2.4541215693066563,27.15331952326594
14.790000000000001,-1.048078542797604,4.023436657735201,26.290855005474413
14.8,0.6695125426916695,5.407402105516722,25.508281446691612
14.81,2.2617590024309044,6.620068722126753,24.84393568716148
14.82,3.717849469327117,7.678491966173261,24.323547303406865
14.83,5.034314888238608,8.593990414590344,23.957715597015724
14.84,6.215393292196346,9.377733644455189,23.750880011557054
14.85,7.2653630672629355,10.030139983668082,23.694617546177625
14.86,8.175697631495074,10.541950736818798,23.77460545937008
14.870000000000001,8.938130772625996,10.903695435250839,23.976347414833544
14.88,9.557688850212141,11.103395230135964,24.275555247135998
14.89,10.029720688999802,11.133518406114792,24.636058531860453
14.9,10.342352977786447,10.988644621870739,25.02157752309538
14.91,10.485317394019384,10.661479889591902,25.395151969046896
14.92,10.459412378736317,10.156873473210775,25.72112865031255
14.93,10.269781798062331,9.499051994753195,25.96786461756703
14.94,9.9189582589538,8.707397875799447,26.105805520834217
14.950000000000001,9.420515667115087,7.810993459945382,26.12143517322528
14.96,8.794657254347747,6.847588286779876,26.006942094314926
14.97,8.061208492343338,5.847509300139615,25.763681979528805
14.98,7.250001289251447,4.846314698379449,25.405375553428033
14.99,6.385930047711058,3.869999664209388,24.946000106594074
15.0,5.49568651278926,2.9386177236418463,24.407574944823548
15.01,4.603258502107651,2.0675624740133687,23.810391438381032
15.02,3.726803131370282,1.2622129249604497,23.174579010683832
15.030000000000001,2.882772868146546,0.5255784777288831,22.519109668005107
15.040000000000001,2.080344453358889,-0.14614997753202763,21.858223972850638
15.05,1.3258809378792176,-0.75921078716147,21.205019083482632
15.06,0.6210439317829706,-1.3223172945898465,20.56861527684083
15.07,-0.03556792612205184,-1.8457983967464835,19.956458179532277
15.08,-0.6483867631674948,-2.3409150998968755,19.37394783194452
15.09,-1.2233759187101638,-2.8189786680059536,18.825399029332395
15.1,-1.768971027181641,-3.2920076958458786,18.314148521600192
15.11,-2.2936216804486076,-3.771277611409383,17.843680206365406
15.120000000000001,-2.8080397598089846,-4.26874316550514,17.417011486229406
15.13,-3.321320320460195,-4.795013238733124,17.039035920896474
15.14,-3.8449747046488416,-5.361598728395428,16.713876136294964
15.15,-4.389280893620468,-5.978581636052066,16.44906001500431
15.16,-4.96347378029206,-6.655457740840637,16.253378364116227
15.17,-5.5803045983822495,-7.402232653465824,16.135924348960877
15.18,-6.246642766283058,-8.22300872171084,16.112831861473445
15.19,-6.970066740150221,-9.122449631986985,16.200754249678525
15.200000000000001,-7.760755238572984,-10.102113642314963,16.41830028961619
15.21,-8.616361494670823,-11.14658617579538,16.789612973832675
15.22,-9.534921508238043,-12.239749628450971,17.34014291808235
15.23,-10.51069557040162,-13.3511636597583,18.09435861334455
15.24,-11.520212416498593,-14.426190382111745,19.0698306058449
15.25,-12.537492166284316,-15.400360944222792,20.281935512870167
15.26,-13.512042754441946,-16.18042382674136,21.7161163666206
15.27,-14.387315750393794,-16.66372355936778,23.347826075251355
15.280000000000001,-15.083842303325179,-16.74324767398226,25.095310620553523
15.290000000000001,-15.520126826998293,-16.319732316977877,26.865678735681605
15.3,-15.61545402387512,-15.34491590094978,28.51421915040857
15.31,-15.300188654092102,-13.804205786537349,29.908040679411737
15.32,-14.550799174847025,-11.78856820414819,30.916412495133315
15.33,-13.365021634260822,-9.405801412693181,31.466630064441944
15.34,-11.789832328037058,-6.816818682462483,31.54377232429476
15.35,-9.906179120649549,-4.178420124257582,31.201683749544113
15.36,-7.810439687603344,-1.6241083679796073,30.534041688287388
15.370000000000001,-5.60720663681089,0.7504994562310614,29.662802263858758
15.38,-3.3888707721715745,2.894568374926346,28.7083320263391
15.39,-1.2316165966226005,4.788306182832692,27.775912848176773
15.4,0.8080265613769324,6.433447986354771,26.947750981520546
15.41,2.6951107896441924,7.8451723809870915,26.278748462617823
15.42,4.4072041094526515,9.035968162243552,25.801454700971725
15.43,5.933684823254193,10.015339774238448,25.530060876303462
15.44,7.266086377605623,10.782226322803323,25.455169417580365
15.450000000000001,8.397101301885785,11.331959408743273,25.560752287032805
15.46,9.323701890873078,11.650924706618989,25.814783066250317
15.47,10.033171924826908,11.729966170221845,26.170680753768874
15.48,10.512287881551066,11.556125030444845,26.579778500334942
15.49,10.756196930569192,11.124799309717714,26.98740317958131
15.5,10.766315198414233,10.46209923944054,27.340069586461844
15.51,10.542966642014717,9.591167969205754,27.58640790267735
15.52,10.09916738747946,8.546260563825012,27.694707744451414
15.530000000000001,9.458824829808815,7.379354727405532,27.643739921602123
15.540000000000001,8.648512845703008,6.136596520936706,27.428589953757886
15.55,7.708323981612876,4.872175978992897,27.06152121671785
15.56,6.673706870608966,3.6255230476022415,26.56175056454947
15.57,5.585369610977922,2.4316700507986666,25.959733569247604
15.58,4.476887711393702,1.3119553118651517,25.284936761400125
15.59,3.3791820270613746,0.27910022391444334,24.56901421822802
15.6,2.3146279172872064,-0.663918691129548,23.83779143110959
15.610000000000001,1.299399111028717,-1.5213382656871355,23.11458192701796
15.620000000000001,0.3432738436587688,-2.301107506847753,22.41673067700163
15.63,-0.550709746135293,-3.015591520573805,21.757585683780984
15.64,-1.383372879536382,-3.6778411050837834,21.14702543589872
15.65,-2.1594426243946385,-4.301290328520213,20.592132604800742
15.66,-2.8869022441451806,-4.900216111378035,20.097973174272177
15.67,-3.574399887058288,-5.4863497669768995,19.6691299262844
15.68,-4.231244359687939,-6.071133009819491,19.30992909791412
15.69,-4.869866672955213,-6.665388388332111,19.02343339655731
15.700000000000001,-5.496636817856342,-7.274379461122772,18.81640018701715
15.71,-6.122845167189792,-7.9063788458581605,18.693751012494975
15.72,-6.75902575410585,-8.564874889241398,18.660775352523547
15.73,-7.403834609259544,-9.24288117917847,18.727441131481562
15.74,-8.056340414510313,-9.933623022666708,18.903706011947776
15.75,-8.723028980138098,-10.631510468398929,19.196562800507042
15.76,-9.396690972490358,-11.3154608062309,19.609901594407795
15.77,-10.06708200199567,-11.961306968697244,20.149023819551573
15.780000000000001,-10.723218167489303,-12.540007641798864,20.81468203746133
15.790000000000001,-11.33828976215487,-13.009732497070118,21.591755155778593
15.8,-11.88713230394524,-13.327059894779165,22.468069493238914
15.81,-12.338980809980532,-13.450835790543888,23.411438597552806
15.82,-12.656024149779846,-13.340249409228324,24.375226747906236
15.83,-12.803730869929456,-12.961295198707289,25.314705576833507
15.84,-12.755105591012393,-12.312472292017697,26.165234468289253
15.85,-12.481075854370294,-11.389369928431908,26.86957111959377
15.860000000000001,-11.979897912571943,-10.232315993060585,27.38395651803365
15.870000000000001,-11.254571378010752,-8.889628698540267,27.6700685456137
15.88,-10.326073382922127,-7.419850759427796,27.720847492339136
15.89,-9.227057623105573,-5.890212909235487,27.54186166242593
15.9,-7.999917048614285,-4.358780147876143,27.162729581434053
15.91,-6.690921823766169,-2.8780431272634734,26.62147273891433
15.92,-5.343811045819379,-1.4807675296845741,25.9640748482243
15.93,-3.9990061218376303,-0.18978403158969837,25.235668269564442
15.94,-2.687353693691419,0.9890503451119348,24.477473255943266
15.950000000000001,-1.4334179803876295,2.0564331709334946,23.724549621839177
15.96,-0.24950831240834676,3.0237864719941285,23.003201115853184
15.97,0.8562391192379231,3.904006938173208,22.33506947056901
15.98,1.8842949567302272,4.712567029021553,21.734018648158255
15.99,2.839181126861588,5.46603855226553,21.210794470145082
16.0,3.7284253534321605,6.177809118543534,20.772294292458746
16.01,4.559866503555313,6.859973187298002,20.42495597257253
16.02,5.347066690105426,7.524640491527571,20.171164327480213
16.03,6.0954497521446545,8.17459243503621,20.016063631865492
16.04,6.811033009422591,8.812537410763365,19.964791170977097
16.05,7.506026293970871,9.440765632612505,20.01804899320175
16.06,8.177505726907274,10.047980938119615,20.17827978260608
16.07,8.822014321751745,10.622126659921983,20.448386816907295
16.080000000000002,9.441553770776919,11.150626833918333,20.826758442484437
16.09,10.022701448471443,11.608841143526572,21.304515794135735
16.1,10.551591567398276,11.970551201681946,21.873808073045474
16.11,11.01429513050924,12.209055363532974,22.519304042745492
16.12,11.386569024994255,12.296859962454153,23.21068079751857
16.13,11.644707116365034,12.203851409075822,23.920604909723462
16.14,11.769138119928511,11.915530744677481,24.61281169122076
16.15,11.740655283252616,11.428346736431763,25.241768586580214
16.16,11.540015730560048,10.73668309108056,25.770113586919695
16.17,11.168438732789783,9.869829061763939,26.165785659930396
16.18,10.62769620978859,8.858687602176365,26.398765536153082
16.19,9.928886566714084,7.737950538208704,26.459336769698258
16.2,9.096855538727771,6.556522295952051,26.3472240300644
16.21,8.155871442955991,5.352490619539595,26.073189461341848
16.22,7.141424814310523,4.1674622618311865,25.661232741311785
16.23,6.083112827046231,3.0294172742047243,25.13625498864073
16.240000000000002,5.012273319376293,1.95941863274208,24.52976255582257
16.25,3.9543695272744657,0.9694523753059552,23.869346779646246
16.26,2.9291215838924716,0.061849938341483,23.18159176506992
16.27,1.9518473932114488,-0.7651575169791793,22.48859860025947
16.28,1.0298974983392712,-1.520222295177234,21.807581850323857
16.29,0.16723185742564484,-2.2137199583268528,21.152701555088434
16.3,-0.6377666058639508,-2.85846686719441,20.53391581428539
16.31,-1.3899671943951764,-3.4683102392219354,19.95900698139332
16.32,-2.096471899313278,-4.056476290239597,19.434032607433128
16.330000000000002,-2.766742220462606,-4.636816880440961,18.96381629737182
16.34,-3.4112564800927854,-5.221712098363856,18.553162479088463
16.35,-4.040049204086796,-5.82262645116729,18.207352936914386
16.36,-4.666133070714045,-6.450926926748023,17.931192704729863
16.37,-5.297146432411271,-7.113350144257842,17.73357250725194
16.38,-5.945414215932667,-7.81936055690225,17.621595683267884
16.39,-6.620464256833844,-8.572085689237769,17.6053366852826
16.4,-7.323349815917332,-9.366948901386603,17.699355864558854
16.41,-8.057801932802588,-10.200763145805533,17.917938540628764
16.42,-8.828493207441971,-11.063644685470686,18.273819937440223
16.43,-9.625437704253526,-11.929836005753756,18.779622497709127
16.44,-10.441627406756437,-12.773133097730408,19.449787944354718
16.45,-11.255897850066253,-13.5480528119758,20.285660023699624
16.46,-12.040381297533797,-14.200365561150651,21.28524725981476
16.47,-12.760146307944762,-14.668282709781511,22.430664572340987
16.48,-13.364783968830944,-14.882099882601116,23.67703887040683
16.490000000000002,-13.80508377447835,-14.775846269565426,24.97620264688452
16.5,-14.027636822928859,-14.308082616587635,26.241631907009275
16.51,-13.979204412889844,-13.441865727182917,27.392467715247452
16.52,-13.634793952911712,-12.21014572017805,28.338359847307757
16.53,-12.972025460359133,-10.651013853315643,29.003083010715958
16.54,-12.0076330344815,-8.851613110824237,29.350186607091526
16.55,-10.76815823693508,-6.902737985770184,29.366429117937024
16.56,-9.313505450799557,-4.909283413408608,29.084111282887207
16.57,-7.7035338693116415,-2.9535398108886914,28.554061076409194
16.580000000000002,-6.008336381687682,-1.1024995494700887,27.848162025035833
16.59,-4.2886324553302595,0.606062796015636,27.03880235307692
16.6,-2.5982105801781232,2.152119536539936,26.19466248087271
16.61,-0.9758561952021624,3.5361098353262506,25.372692155114244
16.62,0.5515779043077762,4.76668096334366,24.61645759207957
16.63,1.9702614123509168,5.860810245232101,23.95724478075022
16.64,3.2739851583581605,6.8336300492867,23.415164640166434
16.65,4.464347007737972,7.701120934968343,23.0021391392746
16.66,5.5471602512151446,8.473844673750733,22.72172608831007
16.67,6.523149533589726,9.15379665704339,22.57377753994728
16.68,7.395853056338998,9.74299413065543,22.55622243758077
16.69,8.172354006302713,10.238032242393064,22.657092026699427
16.7,8.847600213366388,10.627892184128918,22.86340930983737
16.71,9.420860742844905,10.90102900480704,23.159590202573636
16.72,9.88615147820078,11.045190468189087,23.521573733594288
16.73,10.232539085028465,11.046656193956673,23.923880289623412
16.740000000000002,10.45193936562296,10.89130360393558,24.33932480458953
16.75,10.537806236025071,10.582692172106798,24.73555387824028
16.76,10.4833138232289,10.126013000018578,25.079769602753213
16.77,10.28368854006463,9.524991434925049,25.344395656324878
16.78,9.947519134875797,8.80459921047012,25.510588059545587
16.79,9.482797685496683,7.9904452952263965,25.56012688785869
16.8,8.901345541464268,7.106925207304243,25.486642533890883
16.81,8.22729472228235,6.189757868269107,25.294488345352335
16.82,7.479632796793473,5.2658347934215,24.988486901922048
16.830000000000002,6.682205883726999,4.358674970090014,24.584682316476933
16.84,5.859288956844776,3.490476466842278,24.1000631633939
16.85,5.03027354956849,2.6730359458833126,23.552124596493442
16.86,4.214584141482767,1.9157893898890133,22.960526287289643
16.87,3.426320670695227,1.2219272089172322,22.34074149908377
16.88,2.6749696374471537,0.5892999067942044,21.707433190679474
16.89,1.9680327898341552,0.014320583299470835,21.07302070312787
16.9,1.3079688381047183,-0.5101131476014014,20.446376403856114
16.91,0.6947375143498907,-0.9924284793582627,19.834929081391408
16.92,0.1254647459632281,-1.442169103045086,19.244030375082577
16.93,-0.4049801123897987,-1.8696223593869827,18.67774229070496
16.94,-0.9027280302389756,-2.285019083408158,18.139304436905917
16.95,-1.3758589514123087,-2.699185753272497,17.631301479732382
16.96,-1.8327443198116895,-3.1226914433946447,17.156259708300464
16.97,-2.283004449314574,-3.566487407006349,16.716913161796747
16.98,-2.73561964180058,-4.041112932865576,16.316742507527888
16.990000000000002,-3.2016190261582262,-4.5579320097427924,15.959672087358033
17.0,-3.6901669953476404,-5.127669468209666,15.65220300355594
17.01,-4.212935702051503,-5.761883161349335,15.400324887749417
17.02,-4.780256004059611,-6.471139270241961,15.215234607610073
17.03,-5.402189578087695,-7.266045137295415,15.109188831094032
17.04,-6.091193274598366,-8.15627175140486,15.096769649918885
17.05,-6.854352403038369,-9.144851157181582,15.201090918733385
17.06,-7.700070540486985,-10.23558863896754,15.446108317294307
17.07,-8.635245141480096,-11.422149892724436,15.860597889470064
17.080000000000002,-9.654220348710538,-12.67928839126599,16.47783822192382
17.09,-10.753289054484144,-13.97875349286616,17.334300491963937
17.1,-11.908678709612552,-15.256189058883534,18.45732613404873
17.11,-13.087404117744127,-16.43015779310932,19.871213883359427
17.12,-14.23249757285979,-17.385465587882102,21.56809362041997
17.13,-15.270807363738866,-17.984784840104627,23.52011956115687
17.14,-16.10328067218654,-18.086736501390753,25.628759651217646
17.150000000000002,-16.621678941470485,-17.556076873191525,27.768552914556054
17.16,-16.720441476774486,-16.328741813248055,29.74921405569412
17.17,-16.31101161391773,-14.397293427970562,31.391065676974367
17.18,-15.36193115081494,-11.887873861143266,32.52589021201303
17.19,-13.882747550780586,-8.965091483726692,33.07531726959143
17.2,-11.939393018591531,-5.843126126142682,33.04253828943818
17.21,-9.648713848354499,-2.732366285836384,32.525050220848065
17.22,-7.139927971857359,0.2104122419876273,31.67126189762154
17.23,-4.544150869852199,2.882604887944702,30.64981060996722
17.240000000000002,-1.9756444077585025,5.2357440963156545,29.618223333644178
17.25,0.4774671121634535,7.259600825574611,28.702512453506753
17.26,2.7537027441689457,8.962085868416047,27.989222318450352
17.27,4.811785599842309,10.352788194343493,27.52824546418314
17.28,6.624804843385827,11.433687600191073,27.33621153839821
17.29,8.172833234255892,12.198870709687434,27.396231324678094
17.3,9.439970061896041,12.626666630646406,27.675487453685076
17.31,10.406224635278381,12.705674359395122,28.104722466120215
17.32,11.050234415322441,12.426333751075791,28.60863668219938
17.330000000000002,11.360768323889904,11.783608845666706,29.106038944861677
17.34,11.341028142353327,10.818191513413588,29.51594088001226
17.35,10.9931491601497,9.568503788589004,29.76722840929606
17.36,10.346552508714607,8.108128207730221,29.819435637800954
17.37,9.433979196807762,6.510285667057652,29.64967290903238
17.38,8.311591317657605,4.8587203860364605,29.271186089381395
17.39,7.033269047854939,3.22122413961717,28.7110254634537
17.400000000000002,5.660357018040791,1.6545177514047589,28.015498723412676
17.41,4.24597877132339,0.19410980927969998,27.233039960117495
17.42,2.8386437704015095,-1.1382725336500852,26.412876395444524
17.43,1.4737329457262531,-2.3385498398150406,25.596541006592723
17.44,0.17857379288584374,-3.409641234286808,24.818446440774178
17.45,-1.032734829876121,-4.364232982040611,24.10267791355463
17.46,-2.151633899799284,-5.215464592238808,23.467027769652134
17.47,-3.177790052629321,-5.978293023567656,22.92164152964083
17.48,-4.115702701155494,-6.667255245880868,22.471949020353545
17.490000000000002,-4.970140405131148,-7.291489013860517,22.119948798994507
17.5,-5.747400579401877,-7.860203760060719,21.866662217553877
17.51,-6.460800437280098,-8.382059649270808,21.707132072591723
17.52,-7.110812257747288,-8.854418604942708,21.638521967124902
17.53,-7.696046421860983,-9.273448245681216,21.65862074031843
17.54,-8.222764178399144,-9.637716194899866,21.76135493575607
17.55,-8.694421288086717,-9.941664119971016,21.934900460078026
17.56,-9.103835605989326,-10.174626071609827,22.16889395538643
17.57,-9.44671095789986,-10.326051855840506,22.452672897587522
17.580000000000002,-9.720515917910113,-10.387539044802255,22.770493793346272
17.59,-9.916324220635003,-10.352110934303676,23.10329446375972
17.6,-10.02487200282608,-10.21078483539093,23.432367811478986
17.61,-10.040228441628448,-9.957597630652819,23.739717471555355
17.62,-9.961282261077175,-9.60174027425714,24.005901917227227
17.63,-9.78706353468294,-9.153169767196015,24.21137472059646
17.64,-9.515554683411883,-8.617749859184922,24.340267025556816
17.650000000000002,-9.154725878303664,-8.012595325980302,24.385707510617575
17.66,-8.715497737283702,-7.359426792838478,24.341805814555062
17.67,-8.205915963568284,-6.6737956879190055,24.205210538168874
17.68,-7.642691681501456,-5.976599877945413,23.9825599700329
17.69,-7.042308198208135,-5.287965854680535,23.680524945462622
17.7,-6.418291894711173,-4.620581008545436,23.307446651355136
17.71,-5.787037112822006,-3.9873334234156106,22.87665805409575
17.72,-5.162605657597217,-3.398036141120829,22.39902298305424
17.73,-4.55552678461272,-2.8566566842679917,21.885669212801485
17.740000000000002,-3.9760894108611837,-2.3664657957181796,21.348367063181335
17.75,-3.4315600297681765,-1.9278959339179425,20.795644103920203
17.76,-2.9254493254185525,-1.538246184464295,20.23471683500817
17.77,-2.4609196077928983,-1.1945724860241236,19.672740061037942
17.78,-2.0386525414319303,-0.89263168092789,19.114543686377875
17.79,-1.6576525599627132,-0.6276351615193779,18.56337607639037
17.8,-1.316214605564502,-0.39452698382287565,18.022258373351928
17.81,-1.010934664021162,-0.18787884685765371,17.492965085609267
17.82,-0.7384051771144903,-0.0026014176455404214,16.976813849539173
17.830000000000002,-0.49430466201407397,0.16650536758987466,16.474601283185738
17.84,-0.27421773697203405,0.32439831842527317,15.986801613800719
17.85,-0.07354559807268463,0.475908740779485,15.513659258383615
17.86,0.11218853932919651,0.6256854187883678,15.055288818596765
17.87,0.287656997242802,0.7784493024675637,14.611740914216067
17.88,0.45751496052757246,0.9389519656895066,14.183061702721542
17.89,0.6264394132870097,1.1121441264587577,13.769365855590703
17.900000000000002,0.7993747730825959,1.3033606766118528,13.370887013336777
17.91,0.9811763721073905,1.5182804212816503,12.988045907839496
17.92,1.177390065820905,1.763455900646496,12.621579750734492
17.93,1.3935880480074339,2.046097270392907,12.272571595078057
17.94,1.6363882217354484,2.3746061843560975,11.942702756879035
17.95,1.9128806543697354,2.7589003443226146,11.634446853297414
17.96,2.2312044012159626,3.2098358142117,11.351169988495888
17.97,2.601040216009002,3.741378935219773,11.098191251638417
17.98,3.032708629018164,4.367680420764112,10.88196328878167
17.990000000000002,3.539415684050763,5.107536600309642,10.713406789378746
18.0,4.134703433257944,5.979416825835664,10.604899197088892
18.01,4.835487867104945,7.005696242942854,10.577742044578992
18.02,5.659551460072219,8.209087816732225,10.656161469400255
18.03,6.625795726025362,9.609202635722857,10.87898756719923
18.04,7.754661217656825,11.225693942607506,11.293292640059057
18.05,9.061731103864762,13.059409213761057,11.963478472337385
18.06,10.556719318196457,15.093607820081608,12.970536181158199
18.07,12.237523851747616,17.274296770132516,14.407025420401844
18.080000000000002,14.07434061656704,19.485619893201648,16.370558845653413
18.09,16.00214310870385,21.534612236169764,18.937066894256645
18.1,17.90591559919043,23.13801618267327,22.133519066341186
18.11,19.60158446254384,23.927307461197103,25.862346920045148
18.12,20.850923568022395,23.52542559401564,29.869783766786835
18.13,21.380910099639703,21.636268496355186,33.73850322559825
18.14,20.94487493404602,18.2060119410318,36.9386013414152
18.150000000000002,19.42195701584552,13.516110891867024,39.03654452287243
18.16,16.831698462651392,8.067133298846596,39.83038926940084
18.17,13.358417154656753,2.449752829383068,39.44703731149222
18.18,9.297086025775826,-2.836362702574467,38.26991614114441
18.19,4.970015216359675,-7.482386862752778,36.78840147641433
18.2,0.6689425112450493,-11.350142434600771,35.454265028822256
18.21,-3.37603983222369,-14.394693368453906,34.59536060538756
18.22,-6.993180258489728,-16.585324189850763,34.384860163669934
18.23,-10.04810229703453,-17.862155979049113,34.837027873170925
18.240000000000002,-12.421954913263251,-18.132087653320646,35.82986250806173
18.25,-14.006050018991237,-17.333813974481192,37.105057734337855
18.26,-14.713936628040619,-15.464952884427053,38.3568299513232
18.27,-14.514781980817233,-12.679111882029968,39.26645916814812
18.28,-13.440554455873878,-9.220154001903772,39.62651511857746
18.29,-11.600294680907044,-5.415082712721424,39.365732460619256
18.3,-9.170635246807795,-1.5940204213945477,38.56546291646891
18.31,-6.366105142558616,1.9763653256892122,37.41584342324018
18.32,-3.3991122744832207,5.123209711756751,36.14506250100035
18.330000000000002,-0.45814982230151935,7.756422869690687,34.961385502152694
18.34,2.3066388410736702,9.842355810490602,34.01640235239194
18.35,4.784219177660324,11.372148309937163,33.390546255776634
18.36,6.893032940761715,12.339783340481844,33.096890877265345
18.37,8.5765894973551,12.744763575978935,33.08548826763986
18.38,9.791869369851288,12.585775471221723,33.26610972941725
18.39,10.520407774019137,11.901864925828084,33.51661819162621
18.400000000000002,10.751988886787295,10.734678929172215,33.71898630478039
18.41,10.508966705290954,9.177917278091773,33.76969142027015
18.42,9.831097900196266,7.338193560270834,33.602760880778014
18.43,8.78139749322228,5.339920053005542,33.19129269198939
18.44,7.4452886488588605,3.303947743464527,32.55713271092429
18.45,5.910067061528375,1.3285843812952827,31.748151569801454
18.46,4.265439780559922,-0.5115549173713885,30.83146116709456
18.47,2.590665130121085,-2.1727953135309495,29.876675681633838
18.48,0.9510426557078883,-3.6338026999515862,28.945134639348336
18.490000000000002,-0.6034940107820597,-4.890197832948296,28.084798905920785
18.5,-2.0393218054404443,-5.950377061347502,27.327912132015882
18.51,-3.335138539547769,-6.82558171474511,26.691910534047114
18.52,-4.47909188891819,-7.52786925127619,26.182113358556578
18.53,-5.467992965991125,-8.070359063143785,25.792493642772186
18.54,-6.3024245576667255,-8.462319221480728,25.51108855959949
18.55,-6.9848511281658645,-8.71147725400154,25.319203383925277
18.56,-7.517377298930761,-8.826585615908815,25.197830075824605
18.57,-7.904977427497187,-8.81365642234675,25.123302157457506
18.580000000000002,-8.155906891468597,-8.681512663883872,25.07171153862239
18.59,-8.27706106694982,-8.443340766432287,25.023979411430226
18.6,-8.275567371717694,-8.110542735358328,24.959077683949417
18.61,-8.162526105267851,-7.696701964398729,24.860028440803116
18.62,-7.9514951045920155,-7.221253439883775,24.717512462602947
18.63,-7.65421559063227,-6.700330599365014,24.520432440814012
18.64,-7.285683224019802,-6.150876139724067,24.26673313887421
18.650000000000002,-6.862864414997799,-5.591719987826344,23.9583468501661
18.66,-6.400129756088484,-5.037207939729702,23.595842205582343
18.67,-5.912490227015828,-4.499412115685963,23.186397594044195
18.68,-5.414981608142889,-3.9900753990234925,22.737476663384964
18.69,-4.919373381398047,-3.51619455018004,22.255348371719368
18.7,-4.436061918796846,-3.0824229662968032,21.748905097232964
18.71,-3.974887029659268,-2.692774057273863,21.225492296485292
18.72,-3.5416372252575115,-2.347593995988477,20.69082044407324
18.73,-3.1408043737922204,-2.046139210798441,20.15105607266661
18.740000000000002,-2.7761364749691673,-1.787117421497244,19.61151317152833
18.75,-2.4486391920784483,-1.568093440700002,19.075167069826417
18.76,-2.158688644441419,-1.386597782449345,18.5446646906885
18.77,-1.9066066418232475,-1.2401271638446905,18.022648431338915
18.78,-1.690097742450628,-1.1249322850873649,17.511101485322136
18.79,-1.5073278172638627,-1.0386556135988194,17.010772252161846
18.8,-1.357664122302881,-0.9798808208052674,16.522286134419478
18.81,-1.2398242996340176,-0.9468357046485338,16.046277934400017
18.82,-1.1494207399413974,-0.9366114177328461,15.583210072122167
18.830000000000002,-1.0858738014719178,-0.9492789549443308,15.13314579166876
18.84,-1.0493376365725815,-0.9853771890288379,14.696112353552937
18.85,-1.0388623234765657,-1.0449347598373409,14.272179983180703
18.86,-1.052454035593169,-1.128259696561767,13.86153797849753
18.87,-1.0910231044713103,-1.237697455635037,13.464333689184532
18.88,-1.1546231932573812,-1.3751201739062042,13.080759629766384
18.89,-1.2448692706779083,-1.5443780401311957,12.711363410651806
18.900000000000002,-1.3643434259011633,-1.7502019201304546,12.3567807097834
18.91,-1.5152771126301499,-1.997380025868767,12.017959132110526
18.92,-1.702418240913095,-2.293867328337485,11.696709348816631
18.93,-1.9304679257579354,-2.6475132448330245,11.394936277587407
18.94,-2.2058189093472858,-3.0686780521639623,11.116144237998622
18.95,-2.5366272507438006,-3.5701103720655114,10.86483085060452
18.96,-2.931739349831099,-4.165295574182119,10.647280188125269
18.97,-3.4033700207620785,-4.872550237826443,10.473251597882177
18.98,-3.963892085428599,-5.70968740649821,10.354434427619296
18.990000000000002,-4.6298375418567295,-6.699730869356363,10.310557132651903
19.0,-5.4180891460469685,-7.86502545823257,10.363983819271818
19.01,-6.34808105839358,-9.22774116221228,10.552009634529215
19.02,-7.440625327112402,-10.809867527165345,10.91794419829022
19.03,-8.712404941942456,-12.616191822238768,11.525659138188647
19.04,-10.17894182855202,-14.642999184194027,12.453118693908234
19.05,-11.840360562581179,-16.84177876191398,13.79418355427455
19.06,-13.674483742685256,-19.113132255634586,15.651570292443147
19.07,-15.627759765607593,-21.28262155410895,18.114857438473138
19.080000000000002,-17.596174633618013,-23.080354039650775,21.23273650778711
19.09,-19.407066152549863,-24.140143812070576,24.94142546871363
19.1,-20.82734710109906,-24.062594779253335,29.02487863377272
19.11,-21.575496208569824,-22.499489650638402,33.085621136098176
19.12,-21.38202789415799,-19.328338629009895,36.58144952275987
19.13,-20.084670995458808,-14.762149908212205,39.0223450050093
19.14,-17.664759716302758,-9.28109627328618,40.12833240079872
19.150000000000002,-14.280391226926273,-3.5026008044682557,39.961534591335
19.16,-10.2217967513152,2.017819353583865,38.88091251872628
19.17,-5.823293746808433,6.918365489756418,37.39066499658342
19.18,-1.3987849883972596,11.025596163527846,35.981450833414776
19.19,2.7994762366648374,14.281023861602096,35.023236598173845
19.2,6.582298966857583,16.652910761317916,34.723940926480104
19.21,9.80298479451275,18.081721283925653,35.12268301098712
19.22,12.33354923376239,18.469976204956918,36.10910318102539
19.23,14.056715959727358,17.74622444861036,37.42309266075977
19.240000000000002,14.876277551850503,15.896957896049901,38.74467191239148
19.25,14.75155618022547,13.070277939953892,39.73206965282645
19.26,13.709242523400661,9.51789096996928,40.1550570642957
19.27,11.857853518598652,5.584124567822419,39.927734231239384
19.28,9.379883805203445,1.6215383371317549,39.129675887838374
19.29,6.500322087663209,-2.082664995815479,37.96028375294215
19.3,3.4441268014055613,-5.341566735266298,36.6627106939907
19.31,0.4116137149650435,-8.057788784511878,35.45927952211244
19.32,-2.437182844376284,-10.193935358894347,34.51098071069819
19.330000000000002,-4.983118978799471,-11.738497079066684,33.90177813150105
19.34,-7.139277493235537,-12.684647945437387,33.640080480787326
19.35,-8.841897624406556,-13.026436232020142,33.6712156168016
19.36,-10.050290447048576,-12.775431063966531,33.88846794085093
19.37,-10.736267943704274,-11.959945243605285,34.161723004226936
19.38,-10.90069438017636,-10.646779773149397,34.36506722016607
19.39,-10.561169958028188,-8.93070887891845,34.38827031881035
19.400000000000002,-9.771279671344313,-6.941972000575861,34.169846221415156
19.41,-8.60173534989677,-4.812452083482977,33.69355322603309
19.42,-7.145533138856768,-2.6727257907121635,32.98873038748487
19.43,-5.5008341102760845,-0.6241372227477631,32.11784735238293
19.44,-3.7611990592550075,1.2614569087335592,31.155530816501308
19.45,-2.010295038581071,2.941619112811399,30.176910719954442
19.46,-0.315650569392496,4.39853148005817,29.24583402363078
19.47,1.2744123789129853,5.633029070403519,28.40779658649797
19.48,2.7256405608862897,6.652823551163626,27.69199120682388
19.490000000000002,4.017090991702071,7.469941323029077,27.111473513065164
19.5,5.139035665872171,8.097257532156874,26.66378807535191
19.51,6.086901317074888,8.545152751262442,26.338650386264657
19.52,6.861105529365922,8.822603855325951,26.1154791048333
19.53,7.463411309095361,8.941090808179265,25.97169253051278
19.54,7.89760819640295,8.907586143848393,25.879816096516347
19.55,8.17174546845221,8.733752868156596,25.81284795764665
19.56,8.294211926107069,8.436259220817856,25.74730561747152
19.57,8.273445504892054,8.02832073501928,25.657384490379474
19.580000000000002,8.12380665375148,7.529988081176275,25.526878699482538
19.59,7.860856278496288,6.9641697578101915,25.34302022993846
19.6,7.499253157103918,6.34980692092881,25.09560969926027
19.61,7.059244386560181,5.70978250612175,24.78571350138725
19.62,6.559511326849265,5.064624595804535,24.413512501360266
19.63,6.017689272096721,4.429536013353149,23.984644737680554
19.64,5.452631384940751,3.819601144876319,23.508436381710546
19.650000000000002,4.879849691355867,3.245059123967645,22.99240469116109
19.66,4.312553946670411,2.711896020322457,22.4470675092521
19.67,3.763300254698204,2.225257942150029,21.881675821461968
19.68,3.2396530158946777,1.7854326311504638,21.303576068717618
19.69,2.7474897307384873,1.3911356909246377,20.72048172079131
19.7,2.2913177706777312,1.040254371904811,20.138367134140953
19.71,1.8721821929557736,0.728713056331837,19.561206577243357
19.72,1.4904071550265467,0.45206214618195095,18.992839861126747
19.73,1.1443737538078582,0.2051620243104056,18.435808776455406
19.740000000000002,0.8316802344136327,-0.017158817164645512,17.89188917283778
19.75,0.5488061305533691,-0.22035674984977904,17.36233183200593
19.76,0.2917333672458246,-0.4098093708895336,16.84793249225664
19.77,0.05600810471341913,-0.5908570043344645,16.3491797974518
19.78,-0.16290646191209884,-0.7687133953216577,15.86638062330605
19.79,-0.3699342601997783,-0.9486994855195513,15.399737393585779
19.8,-0.5699766087929762,-1.1361482829447611,14.949448180102962
19.81,-0.7682262188339462,-1.336690639996025,14.515787579951718
19.82,-0.9699856803006495,-1.556141976249555,14.099119500044035
19.830000000000002,-1.1807782145261385,-1.8010344739043027,13.700192228523985
19.84,-1.406431690567016,-2.0781646788381023,13.319869852066383
19.85,-1.6534788377450695,-2.3957853706645773,12.959840878666503
19.86,-1.9286113895207304,-2.7625285644217117,12.622078130258387
19.87,-2.23993414583004,-3.188920662479046,12.309901445634722
19.88,-2.5959770937752786,-3.6868387137276093,12.027640344014015
19.89,-3.0066723897107037,-4.269337997776103,11.781355882321188
19.900000000000002,-3.4836001513940955,-4.95273653605497,11.580204190459696
19.91,-4.038997144116965,-5.753057272462537,11.435008012551597
19.92,-4.687888059597141,-6.690179082447593,11.364030796148624
19.93,-5.445754067651177,-7.783500875863819,11.387215161288626
19.94,-6.32940249056867,-9.050712802684735,11.537693547358483
19.95,-7.35687086602551,-10.509954945862649,11.854062265993088
19.96,-8.542690740940326,-12.16464654301344,12.389533047897688
19.97,-9.895967223574596,-14.003587776838675,13.211733495400296
19.98,-11.420064571061902,-15.99278202145886,14.398081073581016
19.990000000000002,-13.092098638365684,-18.041816269269507,16.031493367231906
20.0,-14.86960917845734,-20.011243999609384,18.18886722322797
20.01,-16.66225704664784,-21.676586792666026,20.906869073471967
20.02,-18.330712433947117,-22.744088991323178,24.141598847449092
20.03,-19.68459693391985,-22.878097619386153,27.740212573746515
20.04,-20.486713568648234,-21.777507831516818,31.382651858322266
20.05,-20.510474396381188,-19.30364708492801,34.64464028177692
20.06,-19.582597420659326,-15.534808256949493,37.09994930743318
20.07,-17.664562631011798,-10.843215621545589,38.44519062755202
20.080000000000002,-14.847153891568803,-5.71121266264342,38.647260500762584
20.09,-11.346560845734937,-0.6293385042608151,37.923814312662714
20.1,-7.4386432836504355,4.0360215133041155,36.65438120623894
20.11,-3.4021098516910513,8.07829099629156,35.2588857333083
20.12,0.5271120744392008,11.4181792281782,34.09216741648243
20.13,4.169201278933443,14.031151589669577,33.39419990905569
20.14,7.390600753502685,15.891600727292712,33.27804679930183
20.150000000000002,10.086126073825689,16.948189637140512,33.728313496925836
20.16,12.161419829281297,17.125843444097004,34.62432762224796
20.17,13.529438534842773,16.379026138666738,35.74245132285744
20.18,14.12456818157306,14.713067629094734,36.82779436287874
20.19,13.927580199250887,12.26106643227067,37.61722895566848
20.2,12.967071758059298,9.219065417214818,37.93876549728976
20.21,11.333285573756417,5.8522023855101155,37.72508131623197
20.22,9.17633483360764,2.438116366781578,37.032123379468665
20.23,6.673339624711037,-0.8003153063015755,36.00550612982553
20.240000000000002,4.0022423783218635,-3.709815677560084,34.82706622090574
20.25,1.324900894900146,-6.204629075796607,33.673492461095336
20.26,-1.229135407668919,-8.2530903457202,32.68156127192069
20.27,-3.563133012752207,-9.848089405184172,31.936398000284342
20.28,-5.608243547368142,-10.99150255523978,31.47078583116992
20.29,-7.315015185212834,-11.6819667249192,31.2722481397547
20.3,-8.652805844219221,-11.92700652456012,31.284122335020935
20.31,-9.594353935107984,-11.724844334218519,31.430827597160473
20.32,-10.135757956085971,-11.112072034263143,31.619073845503422
20.330000000000002,-10.27418001970317,-10.125130212154122,31.75586994020929
20.34,-10.032658595335018,-8.833157476419393,31.769735901078988
20.35,-9.440579214742694,-7.31375857669393,31.605321384285375
20.36,-8.554856817979083,-5.6629009990563235,31.24797435972789
20.37,-7.433430541053474,-3.9657511002418464,30.703381936866283
20.38,-6.147028139443795,-2.299808474995182,30.006105125492994
20.39,-4.760960634772951,-0.7204921251864504,29.200950725076076
20.400000000000002,-3.337510407916128,0.7331780519462887,28.338568467850347
20.41,-1.9273872398235452,2.043450557691167,27.46637489102788
20.42,-0.569951955965031,3.2050252389708462,26.623674492760436
20.43,0.7065257117722286,4.222918688644314,25.841273388367814
20.44,1.886227552440287,5.108629768095363,25.138678934937367
20.45,2.960048521455744,5.875116567570899,24.528557509750712
20.46,3.9267142807848936,6.535953256376807,24.015502495544286
20.47,4.789751318375032,7.104176564236287,23.599268126554286
20.48,5.55305204464566,7.587833465066013,23.27562032050143
20.490000000000002,6.220338444032403,7.994250793960482,23.039977149055517
20.5,6.803749042282784,8.331655890529719,22.881480165423287
20.51,7.306651401267734,8.601292197805861,22.790184854429928
20.52,7.728339141027094,8.802537225320291,22.75785374757397
20.53,8.069626016086135,8.934907082870966,22.77528919247568
20.54,8.34176520934686,8.999562443689573,22.82561227690901
20.55,8.54558393412179,8.997948861017756,22.896590484126055
20.56,8.679114907116919,8.931368502301401,22.977581570987052
20.57,8.740390845038478,8.801123534986354,23.057943294352334
20.580000000000002,8.729588381174384,8.608694849902387,23.12561007973877
20.59,8.654814821531911,8.359943466609767,23.16759320157843
20.6,8.52168318362061,8.06458428601878,23.177302074940897
20.61,8.335311933395396,7.732227918384235,23.14838200164646
20.62,8.099350005338806,7.369115636080198,23.07349962638183
20.63,7.8219287502123445,6.985534538851356,22.952157597775624
20.64,7.51265004696249,6.593616223311567,22.78578160941283
20.650000000000002,7.179807530814116,6.203693498249437,22.574517944943707
20.66,6.830727602899774,5.822798971942161,22.32018815958289
20.67,6.474974289084258,5.459568818042733,22.028761848841675
20.68,6.121672983765913,5.12215070797604,21.705371228098187
20.69,5.777694761961179,4.815497001002346,21.353632099266683
20.7,5.4498490162202575,4.543754651949364,20.9798942697912
20.71,5.1448976574826855,4.311025829236791,20.590347080046303
20.72,4.8679525498888605,4.119995172945912,20.188900789930337
20.73,4.622807760706805,3.972138679347571,19.780243384485786
20.740000000000002,4.413225532227516,3.868895811431923,19.36933089142925
20.75,4.242104201462388,3.811251900860595,18.960243007229064
20.76,4.111313201620477,3.800256851105777,18.55597492614876
20.77,4.023226507900011,3.837564141944915,18.160010840676822
20.78,3.980219129911415,3.924828028428868,17.775835976990948
20.79,3.9838797001783526,4.063423676697989,17.406698287700447
20.8,4.035096117255685,4.255533197232352,17.05595237687303
20.81,4.136881195968861,4.50506312998967,16.72788636552404
20.82,4.292330590965949,4.815969159736175,16.42681778080132
20.830000000000002,4.503618885995685,5.192146438083738,16.15689895827602
20.84,4.774223628634832,5.638843334729388,15.925546434618498
20.85,5.108873175468494,6.161938002941055,15.741710217456813
20.86,5.512383389711138,6.767521197713849,15.614221573969782
20.87,5.990206468572097,7.462521994848419,15.553511014310905
20.88,6.546275073442855,8.248697218118252,15.577222889425812
20.89,7.184110132268468,9.12663306495789,15.70415287685047
20.900000000000002,7.9086811101875085,10.097931493017352,15.954388305306548
20.91,8.720383341509057,11.151964617967755,16.35349520007491
20.92,9.611812038060094,12.265170958636192,16.92801285864097
20.93,10.577263689536,13.4115237683209,17.708094682533503
20.94,11.592615272268246,14.534230750527101,18.71391758524009
20.95,12.628313533550722,15.565206392957744,19.96404572675575
20.96,13.635241540419411,16.409988566461777,21.45017467896966
20.97,14.551234072170857,16.956703837094015,23.148356174407176
20.98,15.29580130387933,17.092425411688012,24.981602399034415
20.990000000000002,15.778150915993477,16.70374674633078,26.849497426549505
21.0,15.914192723704158,15.737689923372916,28.60502246146175
21.01,15.621245836157575,14.165842666421002,30.09822923484759
21.02,14.874007639817494,12.083426640472533,31.19426225414623
21.03,13.664630336214419,9.605517910634859,31.803096034846806
21.04,12.043683442698573,6.904893011792796,31.912006476305475
21.05,10.092034654240553,4.147538620147399,31.5741524221669
21.06,7.914460643708491,1.4805771940853822,30.892079302446355
21.07,5.622099501974757,-0.994495679991553,29.997979934675012
21.080000000000002,3.3138063640764197,-3.2225514023161237,29.02189613339235
21.09,1.0710490299266888,-5.182687098962545,28.077082893040753
21.1,-1.0457010017906292,-6.876994825196835,27.251591118441073
21.11,-2.9989175125389442,-8.31993791267552,26.602136612315814
21.12,-4.763836868536396,-9.52292767147175,26.161555370748392
21.13,-6.32812945520583,-10.493214598672557,25.942064903858213
21.14,-7.681331765105534,-11.226439391409926,25.929571589506498
21.150000000000002,-8.811766118041183,-11.714983062547942,26.099596255435902
21.16,-9.713639709512847,-11.941133661428916,26.41525631083714
21.17,-10.374932203787505,-11.898322090276618,26.820106923377775
21.18,-10.781660448745912,-11.581104396647305,27.25540120450296
21.19,-10.928035740560423,-10.988886775707243,27.660800509636857
21.2,-10.820256015761652,-10.155877374472293,27.980683155708107
21.21,-10.462065870602395,-9.112354527612123,28.164595533420304
21.22,-9.876850677250475,-7.910393052389399,28.186980388267642
21.23,-9.091059190277223,-6.605223381714442,28.03102024270556
21.240000000000002,-8.144207665752434,-5.253122361593756,27.706093644507494
21.25,-7.078464119400946,-3.907359409525572,27.230009569282522
21.26,-5.936506481499246,-2.606524775621268,26.633949500684402
21.27,-4.75980774964866,-1.381847956977228,25.951845719142156
21.28,-3.582789907071544,-0.24838808412046015,25.218667792441728
21.29,-2.434937401297405,0.7856882699810104,24.466126889335243
21.3,-1.335078230141125,1.7242532113804292,23.720349808168674
21.31,-0.29754367108676694,2.574046853948209,23.003162778655096
21.32,0.6729929118728968,3.3476324482174,22.32950413927528
21.330000000000002,1.575362683517978,4.058697371202939,21.71141791988348
21.34,2.4136552923656978,4.720897106486143,21.15646620679307
21.35,3.1944369351182376,5.348455190273354,20.67065033432439
21.36,3.927341647434323,5.953995960038144,20.257561693845833
21.37,4.619520336627064,6.54676126143019,19.92209716560007
21.38,5.284074055588426,7.138397055875562,19.66603314311778
21.39,5.928660982434412,7.733186214890514,19.493528785055098
21.400000000000002,6.556718389462337,8.332047884125267,19.41082445641592
21.41,7.179258827445997,8.939444946580535,19.421352584187826
21.42,7.799477721841905,9.549701735416832,19.528570988690554
21.43,8.412914513185013,10.151036272401367,19.73765653412767
21.44,9.02037949643429,10.73381137061412,20.053337279771632
21.45,9.616444267666022,11.279375264282413,20.473764143336332
21.46,10.185896362220417,11.76145057152904,20.99422161956418
21.47,10.717975216586302,12.154039399016588,21.611917877423412
21.48,11.190931954880252,12.4260279560019,22.306111331728502
21.490000000000002,11.578748087950588,12.544025474901972,23.05154238090081
21.5,11.8580949142139,12.476906089460774,23.82335582972917
21.51,12.004635207990434,12.209396340841426,24.577168492290358
21.52,11.990713685324355,11.721627820951698,25.269862539726354
21.53,11.801229814477363,11.01773637564072,25.86294943872811
21.54,11.433807941511242,10.128081093571785,26.31417617924519
21.55,10.883097597126472,9.074983632275016,26.592534993811142
21.56,10.166348130125414,7.904198871087058,26.688654894808668
21.57,9.302559969815743,6.661979962352243,26.59721373318438
21.580000000000002,8.322352260868623,5.393654549229659,26.334077869558797
21.59,7.260633017577955,4.144011983573364,25.921298037943465
21.6,6.149978121037195,2.9422908921434527,25.38858349928499
21.61,5.024741995884135,1.813840295731793,24.769268787111493
21.62,3.9110022298476266,0.7690944962906228,24.09382451389322
21.63,2.832236949508598,-0.1868626093837895,23.392116833525165
21.64,1.802791550841417,-1.0580120225330416,22.686903639267207
21.650000000000002,0.8323227009914244,-1.852615934423119,21.99829275136356
21.66,-0.07596277594396983,-2.582155412404548,21.340458367096755
21.67,-0.9232314310594353,-3.260351141556021,20.724770651494715
21.68,-1.7148367773299333,-3.9013217291155042,20.159130285097017
21.69,-2.457806235894977,-4.518927592385202,19.65026588203018
21.7,-3.162849942438848,-5.127402693751385,19.2028606279338
21.71,-3.838920898438225,-5.737992332947294,18.82281722673443
21.72,-4.498845715853116,-6.363353490818931,18.514201643681595
21.73,-5.152572239997165,-7.011540130828792,18.283766191522957
21.740000000000002,-5.80778793250349,-7.688762613654201,18.13993142926479
21.75,-6.47965991817575,-8.404179397094927,18.088520450514945
21.76,-7.1705489295832745,-9.153177992814179,18.14117220932591
21.77,-7.879454063717875,-9.928268530639297,18.310936607914375
21.78,-8.610771513653587,-10.723851524483061,18.609845515628937
21.79,-9.362806340083235,-11.521393755262057,19.046148967431574
21.8,-10.122911696560669,-12.292094112001054,19.628039787189007
21.81,-10.881303286089073,-13.004715376376167,20.363730315589322
21.82,-11.608854698759929,-13.609176695109294,21.241173473257355
21.830000000000002,-12.274835807614439,-14.051593153350119,22.248358572165067
21.84,-12.843281817247679,-14.277262314485647,23.354731069281883
21.85,-13.266882685651234,-14.230948183242612,24.50558326014545
21.86,-13.501177495602784,-13.864753445866036,25.6464305531632
21.87,-13.506786402989311,-13.166002208451154,26.695264134417688
21.88,-13.241919749293057,-12.120056553415912,27.579575533858677
21.89,-12.703364868183092,-10.782157540093502,28.237833744281392
21.900000000000002,-11.892504809240313,-9.214683412824039,28.616989111833607
21.91,-10.832303070568027,-7.490342108283151,28.708671303573613
21.92,-9.562588356505815,-5.6950979620665665,28.52202844734326
21.93,-8.138483893268917,-3.9058972470012194,28.098318674733825
21.94,-6.616545238768264,-2.186010703241699,27.489125840152468
21.95,-5.05378063925669,-0.577460235706013,26.757096672670336
21.96,-3.498164779971935,0.8966510875751212,25.960344537646627
21.97,-1.989616523480605,2.2290288493410926,25.152768417971792
21.98,-0.5539990676512412,3.425619808914647,24.375344140256946
21.990000000000002,0.7911246562365919,4.498868230223328,23.661710199633845
22.0,2.039233618756942,5.464356327119235,23.033351813757136
22.01,3.1900909399710384,6.339641717764389,22.50623346940088
22.02,4.24810970126318,7.137832728284134,22.088558296321843
22.03,5.218375904197505,7.86982361340811,21.786565008501764
22.04,6.1143896373163695,8.547204670787501,21.600422167206585
22.05,6.938475668851525,9.167941620686893,21.529116849378696
22.06,7.689051493006255,9.727039532266641,21.57253565832057
22.07,8.372696650876087,10.221413780263566,21.726143327237292
22.080000000000002,8.990513778962798,10.640415484390056,21.97762968318024
22.09,9.5328800634197,10.967706027737204,22.315256513698714
22.1,9.995762080822988,11.187142971559982,22.72573412317619
22.11,10.368523429837932,11.283623628466454,23.185448085158495
22.12,10.636260984684675,11.241594702147044,23.668450217551463
22.13,10.786413784666035,11.044139610448767,24.149900794750916
22.14,10.81093927216985,10.693855273597315,24.598485729933767
22.150000000000002,10.701876984442217,10.196609791128937,24.981595184676642
22.16,10.45203226628175,9.556139267125253,25.273307189987758
22.17,10.069347004372494,8.798534938545238,25.456145573053327
22.18,9.561223048462024,7.950081442444926,25.513208535456258
22.19,8.939757328068453,7.03618054657262,25.44049451697023
22.2,8.229403071940897,6.093300856602013,25.243951659078515
22.21,7.449147435883326,5.148144627463765,24.93035066950815
22.22,6.623359703601363,4.224389368423587,24.517526175651838
22.23,5.776123909298246,3.343606257077383,24.0235278330481
22.240000000000002,4.926758562672633,2.5168121572435194,23.46708565992704
22.25,4.094495140552709,1.7528360666946021,22.868460322562505
22.26,3.2926976684871785,1.0537201623029095,22.24343056466035
22.27,2.5304249382104693,0.41664710208426525,21.60693284763303
22.28,1.814405214402935,-0.16280996257086255,20.971286565131273
22.29,1.146659245162851,-0.6923014836574184,20.345497074613544
22.3,0.5263039901412838,-1.1808841141879414,19.736714199475138
22.31,-0.05015071079961153,-1.6386708977879962,19.150356731672222
22.32,-0.5881976363121718,-2.0761575555526215,18.590421360559535
22.330000000000002,-1.0948178024483335,-2.504206654353937,18.060155312433093
22.34,-1.578151768329673,-2.9337081724812224,17.56236117894622
22.35,-2.047671348770211,-3.3758782221580583,17.09956870940501
22.36,-2.5122677042608865,-3.8414106948666915,16.67528688337208
22.37,-2.982698561634461,-4.341664921715837,16.29269828539313
22.38,-3.4688243025300927,-4.887602154239509,15.957513835781844
22.39,-3.9809974520655986,-5.490346968753263,15.675590426650315
22.400000000000002,-4.530958615385356,-6.161090298204682,15.45535533810257
22.41,-5.127848605713359,-6.909711809688321,15.309114828494263
22.42,-5.784309596864143,-7.7474019441553885,15.248406384443301
22.43,-6.509092889723975,-8.678921787083855,15.293269150957311
22.44,-7.308816357689503,-9.706934900223503,15.466595532403469
22.45,-8.193866441150265,-10.833341490524408,15.793228924947398
22.46,-9.161993978952127,-12.03800984800663,16.304157322120556
22.47,-10.208567560731012,-13.296249978417489,17.032716485421094
22.48,-11.322170238657664,-14.563577116010993,18.010888792886227
22.490000000000002,-12.471290432462462,-15.765527822695876,19.260830037884134
22.5,-13.615692754353791,-16.808896083534723,20.794679364998583
22.51,-14.687607912581147,-17.567546945690697,22.588980511085456
22.52,-15.605754308512058,-17.906489451947802,24.58703517849152
22.53,-16.265646338951253,-17.688211740740016,26.673576246436383
22.54,-16.56648622899849,-16.821018018957496,28.697433586819695
22.55,-16.405750162126825,-15.256447705120161,30.47237958656107
22.56,-15.73469057380548,-13.07071605092151,31.832461003357416
22.57,-14.533130241472373,-10.393478235012887,32.64911841531579
22.580000000000002,-12.847195517964375,-7.422747322119653,32.89085483574994
22.59,-10.763346467486036,-4.359769083545615,32.60756922201234
22.6,-8.401749078076623,-1.3865185968611193,31.91724131642748
22.61,-5.892784484667032,1.3698092129037303,30.977804575465182
22.62,-3.3550287756763675,3.838916125636116,29.947796629333087
22.63,-0.8864987851662578,5.993629914362044,28.964679704428733
22.64,1.4398593679512672,7.8338439535611455,28.132786251546754
22.650000000000002,3.57516580124347,9.371018286502434,27.51967408370824
22.66,5.4881343404602205,10.613888947101419,27.159559333412233
22.67,7.157596252454165,11.561087623160072,27.05390448490518
22.68,8.567305960634204,12.203939924027493,27.1829079453021
22.69,9.7032256968435,12.521361237450936,27.503419706567588
22.7,10.545500626392974,12.505779432911043,27.94605413413114
22.71,11.074882727415716,12.145706418696898,28.43866406656547
22.72,11.286456113329129,11.447290552054579,28.90398678234888
22.73,11.183832841863254,10.451539595924093,29.266745166451635
22.740000000000002,10.772948620323868,9.198157403474296,29.466449258338343
22.75,10.085005086667389,7.760637010603357,29.468794706043262
22.76,9.15382735602288,6.207365745874052,29.25918626678608
22.77,8.03419864309837,4.616971795930863,28.853222736244373
22.78,6.777387642870594,3.0494767326700676,28.279806012939105
22.79,5.440865652759408,1.5560504292438682,27.583044659406205
22.8,4.073498845154659,0.16664915941907277,26.80863497587263
22.81,2.71939718229319,-1.1004154027642141,26.001755773813493
22.82,1.4100683458818548,-2.2433204145787577,25.200407926794583
22.830000000000002,0.1695763989857597,-3.266122262136536,24.435835080975682
22.84,-0.9904065058739073,-4.1817791199048315,23.729926761108374
22.85,-2.063160502654623,-5.0036315801911275,23.099088073778294
22.86,-3.0494982313883816,-5.7463365273643205,22.552842771994975
22.87,-3.9548611048647073,-6.424815649754445,22.096718531813888
22.88,-4.78498757782056,-7.048636508329842,21.733336074828713
22.89,-5.546135360715614,-7.626779346429681,21.46482887313182
22.900000000000002,-6.252144208519075,-8.168971304015482,21.287887852809227
22.91,-6.904914835451748,-8.673545721957327,21.201526521223485
22.92,-7.503858012805593,-9.137120977896377,21.205647095681048
22.93,-8.05564162637353,-9.558827517714263,21.296574104936276
22.94,-8.563426954369596,-9.932435522058354,21.46565265768932
22.95,-9.020285654273932,-10.246015757082619,21.70563166594219
22.96,-9.423632924993688,-10.488488642745633,22.00883688308251
22.97,-9.768074875967866,-10.648337700755887,22.360901603854586
22.98,-10.042021988459963,-10.71289207669801,22.744430292653995
22.990000000000002,-10.235323075820693,-10.667301566532178,23.143538801437266
23.0,-10.34034304816869,-10.505569196220822,23.53782541819967
23.01,-10.349229186005116,-10.228497673707562,23.903001311246786
23.02,-10.253115134842695,-9.834236216322768,24.215958031106997
23.03,-10.04919270665445,-9.328060780555417,24.45981375694131
23.04,-9.743323063867521,-8.730201047272486,24.619365755309325
23.05,-9.338650088880067,-8.056766775486544,24.68029578934988
23.06,-8.84417082659568,-7.326329392799089,24.638942374887666
23.07,-8.27671671939589,-6.56566769635108,24.496610262071712
23.080000000000002,-7.649084276516401,-5.794157207633514,24.25553725184267
23.09,-6.9803256315690305,-5.031919634714439,23.927605104673315
23.1,-6.289308922985692,-4.297944918872463,23.52475044977102
23.11,-5.591042880072167,-3.6029193174868177,23.059335261402317
23.12,-4.901505216585366,-2.956255838256179,22.54690192133668
23.13,-4.233632675238398,-2.3636483089755442,21.999821689806517
23.14,-3.5959019009888245,-1.8252560000713414,21.42965898736773
23.150000000000002,-2.996140065487582,-1.3405333905346188,20.8477278533148
23.16,-2.438325437590563,-0.9060768589172126,20.261672730027712
23.17,-1.9238142469719406,-0.5167267425684284,19.67797636087718
23.18,-1.4526543138420842,-0.1667051247137356,19.10217160362425
23.19,-1.0225183340131734,0.15066503775465911,18.53777595885085
23.2,-0.6297690946999085,0.4424636864962994,17.98756999770358
23.21,-0.269959341272477,0.715765403610807,17.453473540759155
23.22,0.062445433713575804,0.9779032216323281,16.93685240137509
23.23,0.3733013903885761,1.2361133316296002,16.43873185900988
23.240000000000002,0.6689302524616687,1.4977483753644807,15.959972103147667
23.25,0.9561410561403552,1.7703475986491914,15.50137554801829
23.26,1.2416605882613776,2.061607571984387,15.063988566771009
23.27,1.5330647144329776,2.3797796722781093,14.649029097979227
23.28,1.837528432341598,2.733575240775036,14.258463681219268
23.29,2.163492493851808,3.132428802267265,13.894550946026651
23.3,2.51934791307913,3.5871472549108,13.561281006143746
23.31,2.9144366602817584,4.108781294162821,13.26281159249396
23.32,3.3592625710621347,4.710788396589789,13.00676014690723
23.330000000000002,3.864625636576585,5.4070128929922605,12.801446691484987
23.34,4.44311023405025,6.2123956396269,12.659789934363657
23.35,5.107894600264393,7.143542076999397,12.599079195365288
23.36,5.873152432826361,8.215497371845803,12.639714642074559
23.37,6.752440382383115,9.44024116941874,12.814388694606857
23.38,7.760986088987181,10.83037784709865,13.158207880032181
23.39,8.907403730735497,12.378455657622712,13.720551802749181
23.400000000000002,10.193253440413656,14.062671305923113,14.559394323116225
23.41,11.616161557887333,15.842282898607605,15.73899910141686
23.42,13.144925730366747,17.62088920374574,17.31923421699381
23.43,14.73309539525923,19.265675723583847,19.35188376494449
23.44,16.29045679574991,20.574400643081848,21.842789087309374
23.45,17.690294332801543,21.30432614151735,24.72675166087292
23.46,18.763843804289458,21.186894827820208,27.846342559224976
23.47,19.322950301156624,20.020446198533012,30.92203179666813
23.48,19.191678477029292,17.71596582464092,33.62509908099729
23.490000000000002,18.249481036701575,14.382935731495742,35.61525041854583
23.5,16.47992125591436,10.310764127867333,36.692070147033355
23.51,13.965406015777333,5.879744333165159,36.83222862117253
23.52,10.88122147772717,1.4711747354316416,36.20026759363545
23.53,7.451840577821251,-2.621916766811424,35.08523131730484
23.54,3.9005153423673358,-6.229037156291533,33.80931027943383
23.55,0.41929637853269286,-9.278045231340174,32.655006912709304
23.56,-2.8439459658394037,-11.750875667528012,31.827443003042482
23.57,-5.783736669682783,-13.642415395149468,31.439338375243334
23.580000000000002,-8.32050876929392,-14.928646636530662,31.518904149126897
23.59,-10.388196010774614,-15.568390641080796,32.00816749699375
23.6,-11.923564887024247,-15.509267834715752,32.78934519738305
23.61,-12.877578346867441,-14.737959825736636,33.686811490055355
23.62,-13.210383574172019,-13.281474915057881,34.50358208443128
23.63,-12.920949743249736,-11.234676690148394,35.07297970075722
23.64,-12.037592478833849,-8.746849185486209,35.270729698968374
23.650000000000002,-10.63863457671674,-6.013013356533658,35.05584242079099
23.66,-8.833654609882581,-3.222313498320869,34.46555204956471
23.67,-6.751426458400382,-0.5371440433073624,33.59322857435801
23.68,-4.524592085725517,1.9271549513393973,32.56437124443212
23.69,-2.271908757305233,4.105027933328495,31.504514683435616
23.7,-0.09007102421334667,5.968992678615582,30.51889075135405
23.71,1.9481750458751668,7.514930439066574,29.68305354071672
23.72,3.7921830186152397,8.749796413111802,29.040571005002807
23.73,5.40818875927047,9.681326133917656,28.605631410329966
23.740000000000002,6.776337310884168,10.317841898971828,28.365831897654456
23.75,7.881822616989229,10.658700087894355,28.29148300098025
23.76,8.71796750161286,10.715320050888623,28.33374333288982
23.77,9.278257537643809,10.494719092548094,28.439926988147118
23.78,9.565753681099979,10.012265569841563,28.554312627061464
23.79,9.590694673167679,9.301999674845224,28.624409572967448
23.8,9.364700045001483,8.395413436505514,28.60524200679786
23.81,8.915928071920014,7.344711123042875,28.469820580831247
23.82,8.27113974354657,6.196297865297631,28.20031308015102
23.830000000000002,7.471562232420941,5.003647420438092,27.801455785776486
23.84,6.554616021202447,3.810480093203439,27.28327355748678
23.85,5.561898558223747,2.6532926966182475,26.66989110546992
23.86,4.530063444406037,1.5587468293986078,25.986013231708252
23.87,3.492010428146077,0.5424038528533331,25.259888393106834
23.88,2.4739685019253255,-0.3881093653090373,24.51589717815727
23.89,1.494900287357432,-1.2342159815822158,23.776125118765
23.900000000000002,0.5681467800507138,-2.000855601437215,23.057815054042738
23.91,-0.3010508694403924,-2.698777481833827,22.37378693356521
23.92,-1.1103902411670612,-3.339338387166075,21.734206557619743
23.93,-1.862883010566791,-3.93502953110206,21.1455643938948
23.94,-2.5641645957812167,-4.499201386088549,20.61282115183441
23.95,-3.2221927743517704,-5.04380141075061,20.139450459318788
23.96,-3.8445492133316463,-5.57962049541772,19.729256170648227
23.97,-4.443184255065443,-6.11843318590806,19.383936336867677
23.98,-5.025325074894087,-6.666932654610049,19.108320859232315
23.990000000000002,-5.599577974326822,-7.232547498903533,18.906793321665546
24.0,-6.1787487273840185,-7.822837297627306,18.78219624986841
24.01,-6.764540155046051,-8.435445706041863,18.74270671967338
24.02,-7.357952545999144,-9.067460826501765,18.796890260316086
24.03,-7.967104427096787,-9.718582111136445,18.951063694901976
24.04,-8.590153866229917,-10.376228516152713,19.210827395534963
24.05,-9.220342924743418,-11.0235996359972,19.582854868753003
24.060000000000002,-9.854965703278312,-11.643651316755365,20.073761166918384
24.07,-10.475874562358898,-12.204025941016804,20.678245166578872
24.080000000000002,-11.062897346381082,-12.669716015417334,21.390641570618275
24.09,-11.596409201171465,-13.004240009267047,22.200689336769237
24.1,-12.044051636100285,-13.16789703895176,23.074584718339764
24.11,-12.37326085054286,-13.11830969145802,23.981408745220122
24.12,-12.554328739097853,-12.830795460920452,24.87565417023075
24.13,-12.555696088416473,-12.289114071319602,25.699547894535407
24.14,-12.350481299860729,-11.484870132205282,26.405684066935525
24.150000000000002,-11.936804419652615,-10.457600398843464,26.945557388777207
24.16,-11.310597485439926,-9.24202021010553,27.27835443864286
24.17,-10.48813701892778,-7.888938012853663,27.39380767332927
24.18,-9.495718318190798,-6.459131994683913,27.289734334738093
24.19,-8.36974791820316,-5.00725791730102,26.987577723751432
24.2,-7.152745113866476,-3.5863179190239087,26.51811139080609
24.21,-5.884983955285169,-2.2306446385063503,25.92098359618584
24.22,-4.606351119579498,-0.9672237526775533,25.237860168592608
24.23,-3.347566702731663,0.1943847021618488,24.507429757900077
24.240000000000002,-2.135153677954336,1.2506603359587865,23.76483603803364
24.25,-0.9833428773915062,2.2098157989375755,23.036497458839886
24.26,0.09752869967281907,3.0826739043930846,22.345357410191163
24.27,1.1057884181513224,3.8834337839837763,21.706389738942878
24.28,2.043926215572656,4.628006288894979,21.13169060792085
24.29,2.9187493534859197,5.331105276120437,20.629106188440456
24.3,3.7377493849560453,6.006039276727776,20.205751636095997
24.310000000000002,4.513476346874228,6.666683142946717,19.865450674944277
24.32,5.253766598908676,7.320200715674302,19.61407114680735
24.330000000000002,5.968490491187628,7.974638845600094,19.45687312132233
24.34,6.671674301497856,8.636480048090032,19.39636456598092
24.35,7.362427397273814,9.298758488842907,19.439834549676902
24.36,8.039114362621794,9.95388859010661,19.5948936037223
24.37,8.708722337104174,10.596498611921916,19.86533590573365
24.38,9.365853831381683,11.20741412519705,20.25029151226096
24.39,9.999418796697581,11.762876914565105,20.74979280437542
24.400000000000002,10.600522520484866,12.237219017955356,21.360623303498787
24.41,11.145442665595723,12.595285158047378,22.063661776964167
24.42,11.610429369925425,12.799873318608803,22.841114687989375
24.43,11.971006675559405,12.818947561363391,23.66327783963508
24.44,12.19698734428082,12.62623691721793,24.48410586636485
24.45,12.258754794296062,12.194095334701748,25.26338376704647
24.46,12.140050674733478,11.53097013178474,25.9508395994128
24.47,11.824767613139525,10.648689723527188,26.49599275103449
24.48,11.309291434384924,9.573221671873927,26.868071566026565
24.490000000000002,10.607185905278712,8.355735463567093,27.043140655267706
24.5,9.733607668663408,7.040108394369479,27.014118539646855
24.51,8.725607885165864,5.6862720159831355,26.794862102576786
24.52,7.614929869752316,4.339005378769545,26.405162848955015
24.53,6.442227374561985,3.0381362794009923,25.880253406645267
24.54,5.243000406938833,1.811521442033861,25.254533682457723
24.55,4.0498483398796274,0.674684565820129,24.56545516377886
24.560000000000002,2.888898397059503,-0.36550122792563244,23.84518533476019
24.57,1.7777888268033146,-1.3128193329083018,23.12176486768858
24.580000000000002,0.7292610044109966,-2.1743439960919453,22.417935223651945
24.59,-0.25305472445393395,-2.9631081237365056,21.749980251021125
24.6,-1.168786812417291,-3.69319380355893,21.131273554240774
24.61,-2.022767854887859,-4.3790236913991505,20.57067012981223
24.62,-2.8223852883491536,-5.03562770504305,20.075422623253168
24.63,-3.5777648312012627,-5.676444270617289,19.6507576108967
24.64,-4.297662924713235,-6.312655299739108,19.302712843980245
24.650000000000002,-4.995924268376976,-6.956483077091119,19.034734943828497
24.66,-5.679780511967103,-7.612881608503576,18.854066309166488
24.67,-6.357899043774164,-8.28767560642664,18.767915586347005
24.68,-7.045632355946855,-8.987574794699519,18.7808569605549
24.69,-7.740031758086649,-9.70156793134734,18.902449415512272
24.7,-8.436132450115442,-10.416975930343416,19.142842473609107
24.71,-9.1337241490195,-11.122754639798138,19.510990626940533
24.72,-9.831172651980935,-11.798844848588589,20.00789998906897
24.73,-10.511152342894643,-12.41237414918375,20.631806449456143
24.740000000000002,-11.159618496859895,-12.929502473735223,21.38234276391057
24.75,-11.747789168738226,-13.30665417652164,22.23695214475504
24.76,-12.243425319591536,-13.496625455566233,23.170324268417367
24.77,-12.614562890209712,-13.45852384973224,24.146662864420193
24.78,-12.823885208176153,-13.161715760902476,25.10762171654323
24.79,-12.835076064773451,-12.576776446227406,26.001517776114287
24.8,-12.629955779721628,-11.720714872122148,26.765974248027533
24.810000000000002,-12.189873511476916,-10.611696135425168,27.343008571760393
24.82,-11.51922757643946,-9.295984279020727,27.70121251194631
24.830000000000002,-10.633601956766656,-7.83531352263321,27.817168357248992
24.84,-9.563720800525232,-6.292727858154134,27.698146380835095
24.85,-8.353035053373883,-4.737411462524319,27.366031359272302
24.86,-7.045108068137845,-3.218604857732427,26.858714527868955
24.87,-5.687917293734876,-1.779605503029733,26.221830336475975
24.88,-4.321933123705986,-0.4426754035442475,25.50196384352891
24.89,-2.983431352173316,0.7789742731931371,24.74321622893922
24.900000000000002,-1.6965766967258191,1.8876062925083676,23.982040888599684
24.91,-0.4800373387839747,2.8898532536706742,23.249240856577703
24.92,0.6592970819098924,3.799903955030862,22.56604234838409
24.93,1.7186589327290471,4.633191405640504,21.94972742677934
24.94,2.70167860393215,5.4047953999283465,21.41101031477109
24.95,3.615224751754824,6.1304301475872105,20.95827951912626
24.96,4.469171993900101,6.822676910799672,20.59632165915381
24.97,5.270034476145638,7.489523100249556,20.331071021993527
24.98,6.032498907237017,8.142315226202097,20.16435314721453
24.990000000000002,6.7627946733133095,8.781170746937782,20.098957841614006
25.0,7.460268794702738,9.400687822011509,20.14000527894787
25.01,8.129187743017463,9.99738373858615,20.290780846072764
25.02,8.774151842067736,10.562260196927156,20.548309940739674
25.03,9.385612352006286,11.076024419632047,20.9097249658543
25.04,9.958876828401594,11.520307207793376,21.372728970208932
25.05,10.480757845909253,11.870468360797995,21.923281907818737
25.060000000000002,10.930981828159236,12.098125498871111,22.542510728204416
25.07,11.292546393090458,12.174741812460853,23.21254624917545
25.080000000000002,11.544169993381944,12.081274353666828,23.897864288834796
25.09,11.662068123981546,11.79766830183313,24.560746089355355
25.1,11.627183858441864,11.311845054038812,25.16728415406758
25.11,11.43230344020781,10.641048784489485,25.67683451922497
25.12,11.068153340974073,9.799045738455298,26.05218103267857
25.13,10.538778000003886,8.813274798377915,26.274434091843236
25.14,9.859733528982819,7.727020302652656,26.329424358357244
25.150000000000002,9.047259423520893,6.576034810092548,26.21589637726497
25.16,8.133673316177013,5.406735432051429,25.948316272646903
25.17,7.145936928467436,4.253254017250431,25.543604135314695
25.18,6.116495507778437,3.1443817202689193,25.030078100313894
25.19,5.074145269165285,2.1014746063762915,24.434479013249923
25.2,4.043061269285103,1.134291944799315,23.78484614562473
25.21,3.0446296113823164,0.248577423660427,23.106557588799298
25.22,2.0909076099838235,-0.5599524558309439,22.41971736359419
25.23,1.191528512400589,-1.2977389160996817,21.742782317722956
25.240000000000002,0.34933564355069313,-1.9750608859564522,21.088202424839515
25.25,-0.43650222989155285,-2.604263662828694,20.466420473965893
25.26,-1.1706321875938484,-3.198550633623711,19.884844901404495
25.27,-1.859597884407254,-3.770999138054731,19.34952738997493
25.28,-2.5131272082008964,-4.3354462063325965,18.864949407425506
25.29,-3.140378293082778,-4.903850645900544,18.436207907751854
25.3,-3.7533263026027686,-5.489070943895005,18.067221402657527
25.310000000000002,-4.3623748809012985,-6.101269036550459,17.76426268595336
25.32,-4.977207125125781,-6.7498750417126585,17.534417289221835
25.330000000000002,-5.611256976315568,-7.4445075396408065,17.384317764977972
25.34,-6.270115020485477,-8.187510067283801,17.32652669592219
25.35,-6.960684120773413,-8.982068994320905,17.373684940392522
25.36,-7.693242160004814,-9.828965518088623,17.538349927560123
25.37,-8.464431857677736,-10.713457621216541,17.836899884041724
25.38,-9.271444750801793,-11.620537873678687,18.286577724984515
25.39,-10.110631734898353,-12.526368119658322,18.902099053604974
25.400000000000002,-10.961284945963286,-13.38711386272992,19.690657232242646
25.41,-11.803711183180305,-14.155316619716794,20.6603520845606
25.42,-12.599542913534082,-14.764607042964892,21.793595742021406
25.43,-13.306294848777863,-15.141406734623816,23.06992673123883
25.44,-13.86969943268227,-15.215917260272567,24.431254434067313
25.45,-14.228811020547873,-14.91695742172137,25.807085345225907
25.46,-14.331197128139111,-14.211793158924703,27.10737709683581
25.47,-14.125588921166804,-13.088855229329145,28.227954692554228
25.48,-13.588480364700214,-11.586732117374169,29.08805292381737
25.490000000000002,-12.718129765857658,-9.784662630930113,29.616791345986144
25.5,-11.539162404640244,-7.778672087656048,29.79446146423258
25.51,-10.097612663028864,-5.678596710460157,29.630938547487563
25.52,-8.463314155447966,-3.587681314357396,29.18009110277481
25.53,-6.706425052609438,-1.585142612720976,28.51136612155335
25.54,-4.899917120153815,0.2735320508034438,27.707746344578492
25.55,-3.1040410525317803,1.9622664628249038,26.84646039306908
25.560000000000002,-1.3682867103178338,3.4723688316984296,25.995387705687946
25.57,0.2738903331623612,4.811929169157942,25.207578312576715
25.580000000000002,1.8019610360901663,5.994401868651118,24.520257115027672
25.59,3.206241370647117,7.03745386953487,23.959094376522213
25.6,4.484216076591035,7.954137028852593,23.536944808460554
25.61,5.63975697938985,8.757353355683742,23.260351494774525
25.62,6.6797770448831155,9.452315200060704,23.125889989582028
25.63,7.599760246554967,10.033102393024471,23.12575597696663
25.64,8.395595986964002,10.493521141910763,23.25178967615368
25.650000000000002,9.074631388140942,10.826451034967727,23.485627661963676
25.66,9.630857206234403,11.02044422649371,23.800548802139883
25.67,10.053149000979854,11.062932074835809,24.170074788010734
25.68,10.335576435736876,10.939510163682355,24.564714810138177
25.69,10.473484688978546,10.652546719865132,24.950179743550052
25.7,10.46108150984031,10.208659476744904,25.291756447421797
25.71,10.293490735760965,9.611510389371198,25.55819128234453
25.72,9.97918057265325,8.885598511737356,25.72823647487506
25.73,9.527353657379946,8.058493510751292,25.781955021258405
25.740000000000002,8.949914742350272,7.155432389029371,25.710656645202764
25.75,8.27205820923753,6.213790314713853,25.51806203708131
25.76,7.514016794111277,5.262372277134936,25.20851958641852
25.77,6.700901323614724,4.326204119085093,24.798270687432357
25.78,5.858291293155268,3.4288192473374055,24.304765459234012
25.79,5.006870573921217,2.5829273800752066,23.746400156157435
25.8,4.167306312520433,1.7987379591578612,23.14363916704855
25.810000000000002,3.3543676490333354,1.0794469847267125,22.512697085431807
25.82,2.5784506401374196,0.4230560254270726,21.86916344208042
25.830000000000002,1.847330551765163,-0.17431338526984996,21.22576691716728
25.84,1.163896987267352,-0.720046279709465,20.592075013640933
25.85,0.5279646913483536,-1.2230553209440693,19.975636570268943
25.86,-0.06342435165329507,-1.6934408690479008,19.38220686370162
25.87,-0.6154887423270982,-2.141796623626189,18.81599502476475
25.88,-1.1349092488894708,-2.5790508259922262,18.28043767898729
25.89,-1.62977333694009,-3.016222726227566,17.778444290457784
25.900000000000002,-2.1094046529518105,-3.4645807728697857,17.31259692186742
25.91,-2.5828843922344316,-3.934929076779785,16.886446516038742
25.92,-3.060528434826795,-4.438448281258023,16.503307605581735
25.93,-3.5527837292306774,-4.986192120808461,16.168575127887934
25.94,-4.06922037797828,-5.588807089816866,15.888770198321033
25.95,-4.622062722221273,-6.257516438773614,15.671301569858853
25.96,-5.220244244431383,-7.0013643554506295,15.528921616869146
25.97,-5.874989694242432,-7.830775089095325,15.473692141963786
25.98,-6.596694850456574,-8.751300271508597,15.523288721416904
25.990000000000002,-7.389979634327268,-9.762057201991073,15.70141502776841
26.0,-8.262482096853311,-10.86343235196593,16.03253257590276
26.01,-9.21559039805176,-12.038986228750298,16.545103085345986
26.02,-10.240086987497184,-13.25754115132612,17.26949043849928
26.03,-11.326290869212645,-14.478827692969515,18.237405398638533
26.04,-12.440672293020251,-15.626935644642314,19.464877560292884
26.05,-13.544360673959591,-16.61260293247238,20.964013062053606
26.060000000000002,-14.5700465035261,-17.315565705843422,22.704084431549564
26.07,-15.440408705802868,-17.606219479860016,24.634330513015865
26.080000000000002,-16.056117294384244,-17.36255421785658,26.635494008369058
26.09,-16.32011921328958,-16.491598020120303,28.57045434110731
26.1,-16.142136708939525,-14.967590620383055,30.256446880823297
26.11,-15.468115664631387,-12.841877849844007,31.54535694586368
26.12,-14.294445660946641,-10.26390229477369,32.31477336969674
26.13,-12.658602638488729,-7.404531326332663,32.53858687089299
26.14,-10.642141821353142,-4.4554193338814185,32.25978855607092
26.150000000000002,-8.36224105377194,-1.5891671750814353,31.591630375437934
26.16,-5.939229296877176,1.07673707897251,30.67906089678177
26.17,-3.4859365327340495,3.4730626339411796,29.670310453490565
26.18,-1.0962654009146262,5.572298196312437,28.695849715052184
26.19,1.1610900984464707,7.376110179339979,27.855482071679695
26.2,3.240314954985294,8.895589974882116,27.213771063921342
26.21,5.111325844479035,10.141068004552427,26.806810248738355
26.22,6.756729857819554,11.116477472436047,26.643035420421953
26.23,8.163464430450453,11.813115420414977,26.706439443582884
26.240000000000002,9.314426965592874,12.220133401238783,26.956356752776642
26.25,10.195033538109849,12.315983797964721,27.346617786753804
26.26,10.79529484602429,12.09262375359544,27.80934868907712
26.27,11.10424825788822,11.562724253505959,28.27027709993493
26.28,11.11327337436985,10.73430911111399,28.658037821811444
26.29,10.835642408801256,9.65186282788367,28.917383396191653
26.3,10.28636235805378,8.367737742424561,29.000934007740426
26.310000000000002,9.4983564205926,6.947269611019042,28.89176232926384
26.32,8.510611565046982,5.45809431143477,28.587174242326412
26.330000000000002,7.373802880562656,3.962722994522697,28.111205554480335
26.34,6.13758600342189,2.513390083753779,27.495456809288967
26.35,4.851292758218485,1.146158978938567,26.78238013584253
26.36,3.5572890647914184,-0.11623754797146191,26.01249607108425
26.37,2.2907803410850427,-1.2649645529127471,25.22495648157012
26.38,1.0766856152930786,-2.3009977116459375,24.45078377330424
26.39,-0.06836496141446069,-3.2331524496746153,23.71576749605402
26.400000000000002,-1.1359766078303575,-4.073201743225972,23.03764149786066
26.41,-2.1244103118071633,-4.836287388040844,22.429393986776706
26.42,-3.0367098794882716,-5.536472022412485,21.898942489920596
26.43,-3.878067619646144,-6.186369234052231,21.451961026145174
26.44,-4.658656537137163,-6.79968258705138,21.09070370812207
26.45,-5.385925491898361,-7.383442496390302,20.81708572364393
26.46,-6.065134346539575,-7.942537223070115,20.634071087068893
26.47,-6.712732927489903,-8.486745031688796,20.53958290716499
26.48,-7.330695252133347,-9.011856657848144,20.53353905674897
26.490000000000002,-7.9145641173879575,-9.508963811495503,20.61763882494148
26.5,-8.46072723386173,-9.969533360887057,20.793352113135263
26.51,-8.97627774262335,-10.38811774687189,21.055609324923335
26.52,-9.454729872411619,-10.749445475930381,21.394761644810018
26.53,-9.88477887930144,-11.035381794806238,21.801919137864886
26.54,-10.259280588137747,-11.228378570072632,22.267608798557994
26.55,-10.563651235403759,-11.311748589163575,22.77045049178258
26.560000000000002,-10.78123823376164,-11.268019531019476,23.28756239058127
26.57,-10.897679804018638,-11.080253808092495,23.798245998481793
26.580000000000002,-10.902865505834622,-10.749174424611336,24.27308833069522
26.59,-10.786251621855547,-10.276654691263396,24.681585972748714
26.6,-10.539159417712801,-9.664939567072032,25.000953390016928
26.61,-10.167902574035216,-8.93909934279728,25.213403486367284
26.62,-9.67741437003081,-8.122449326136238,25.30210195630379
26.63,-9.078385954459842,-7.239144774066193,25.2632982188822
26.64,-8.391677217227253,-6.323137953838197,25.100244342814346
26.650000000000002,-7.6343041056862395,-5.399147864902716,24.81928337599653
26.66,-6.8309662747427256,-4.492886471801765,24.437611120215944
26.67,-6.003633498444996,-3.625220700925233,23.971142115611297
26.68,-5.17166459054189,-2.8079905445292055,23.43882022563926
26.69,-4.354357946123285,-2.0514538849049475,22.860117747465612
26.7,-3.56468007406465,-1.357924401033035,22.250533554369333
26.71,-2.812766333114146,-0.7261277561441232,21.62553263965236
26.72,-2.1057215468876187,-0.15247952913843887,20.997220982319888
26.73,-1.4461002666812426,0.36997887456179135,20.374922358412956
26.740000000000002,-0.8338455139151257,0.8495164305119033,19.766128999631775
26.75,-0.26625191248114005,1.295488653884206,19.176351468670497
26.76,0.2616894948682714,1.7180459473401986,18.60975286529813
26.77,0.756054441684874,2.1273333189888426,18.06958238030746
26.78,1.2247531466062478,2.5340364666067527,17.558428540420334
26.79,1.676156484615555,2.948690509703674,17.078707711824723
26.8,2.1195710352517576,3.382086434970224,16.633112302661306
26.810000000000002,2.564219660303419,3.844849447792882,16.22470331479265
26.82,3.020731230365997,4.348261940104689,15.857478633313294
26.830000000000002,3.4983983231703095,4.903197226496099,15.537094223589218
26.84,4.009062569547648,5.521365956724674,15.269527845646754
26.85,4.562617054845139,6.213768858690235,15.065493467108835
26.86,5.170360783862713,6.992035378162421,14.935373299925795
26.87,5.843805381280533,7.865448030820015,14.895091173860079
26.88,6.591191222694578,8.84031888535585,14.965991826660577
26.89,7.425724937240249,9.926141790600054,15.169615161002008
26.900000000000002,8.35110151997761,11.113098300222815,15.536985768285637
26.91,9.364351724632787,12.381994191173682,16.10269422560981
26.92,10.465066659694587,13.710848649743257,16.903921019704182
26.93,11.634146315564234,15.041091883085477,17.972433455386977
26.94,12.84226452458834,16.296423500491457,19.338034515956696
26.95,14.037388150889706,17.365221227197985,21.003337257370607
26.96,15.149674490577455,18.109943586039755,22.951285882991677
26.97,16.081259032559444,18.38062177238112,25.09621817364012
26.98,16.721300957194156,18.02651471189551,27.320849859172792
26.990000000000002,16.956299500393182,16.960239822295218,29.43549459262786
27.0,16.684883525272603,15.148708280547552,31.24938447662447
27.01,15.857658657314213,12.696006006018212,32.571313142569764
27.02,14.47019718765015,9.761009126774775,33.29652091236057
27.03,12.577204070906525,6.564384910312318,33.40365660913438
27.04,10.293150905656708,3.3356830376458184,32.97759968276622
27.05,7.750303339912971,0.25247342954831375,32.165779736223755
27.060000000000002,5.0882096878916885,-2.563685213709152,31.14569227322712
27.07,2.4316519841933184,-5.051589806386626,30.088843558513876
27.080000000000002,-0.11992323110768277,-7.192202818582755,29.1364240663647
27.09,-2.4975435221922524,-8.992756806091329,28.385970108108793
27.1,-4.652882874495529,-10.461413237216798,27.89614564889888
27.11,-6.554311808332908,-11.60036053737787,27.68922135007552
27.12,-8.17853567622296,-12.402595783736196,27.74876815713999
27.13,-9.506314522744798,-12.845047398922084,28.04095232276155
27.14,-10.515926142336662,-12.915003128839272,28.49214334267421
27.150000000000002,-11.184281357008421,-12.60227427920625,29.020819695113985
27.16,-11.498862654060868,-11.903640074001807,29.539475494047984
27.17,-11.462388483591923,-10.863555259221854,29.960426823384463
27.18,-11.078288583882573,-9.52541453088741,30.209489129920875
27.19,-10.379070375437077,-7.971224923284897,30.244003462212046
27.2,-9.40184463798953,-6.280644721610021,30.044289655841553
27.21,-8.20779239914688,-4.544723500135134,29.626607179957222
27.22,-6.855819403063359,-2.833992895174233,29.024769761641082
27.23,-5.411357261673806,-1.2079686265656802,28.289622162637954
27.240000000000002,-3.9313464454881166,0.2984186944966969,27.47530048963272
27.25,-2.465711986276828,1.664767462252329,26.633516394763642
27.26,-1.0520084348193393,2.888033448736659,25.808718103211525
27.27,0.28370468408194727,3.9736052122878145,25.034610986537377
27.28,1.5261062779483754,4.934715521114843,24.33626268140634
27.29,2.6679391479766736,5.784778132511063,23.729258447281175
27.3,3.7090715181007234,6.53940622720686,23.22299502867097
27.310000000000002,4.653447455272199,7.2102743242167735,22.820246774448123
27.32,5.504431806735768,7.805782490434398,22.521861799746855
27.330000000000002,6.272924118113668,8.33639951234147,22.324480263395877
27.34,6.965503737316769,8.804060671713552,22.22095351500169
27.35,7.579922780149728,9.20477724083128,22.20611519365518
27.36,8.115091906610733,9.534882726059308,22.274336562975396
27.37,8.580769934112297,9.79292180267811,22.412379846272884
27.38,8.974199792032728,9.972311041359662,22.605301871451374
27.39,9.288459591584814,10.06512557321115,22.839076935078765
27.400000000000002,9.51995823077475,10.062688840941481,23.098585871723007
27.41,9.667774012000192,9.962052669850886,23.36521006927387
27.42,9.72758752866247,9.76492532004961,23.619834711782726
27.43,9.694852872919876,9.472072485003688,23.843336756539724
27.44,9.56790526918048,9.084930729874166,24.01927207882326
27.45,9.352234109441774,8.618231572981944,24.135502750424603
27.46,9.052998148684143,8.086979114589463,24.17986197229861
27.47,8.673888918068787,7.501738949147951,24.143612769400033
27.48,8.228748280764414,6.8826742573987225,24.02771844699396
27.490000000000002,7.731932552373614,6.2504553150050395,23.833577299140376
27.5,7.194093943825944,5.618433186502033,23.56353169921753
27.51,6.630650416213064,5.001293621117476,23.227386244718474
27.52,6.056746672740729,4.413088824157904,22.834510881036458
27.53,5.483923899029401,3.861581348177228,22.393475741631757
27.54,4.923978219102267,3.353185522612769,21.91580955464666
27.55,4.387462268193693,2.89290029257829,21.411014408558906
27.560000000000002,3.880748110249379,2.4812302848135324,20.886860962620087
27.57,3.4093692219608642,2.117806886320963,20.351591757846077
27.580000000000002,2.9775465730607666,1.8012549775122269,19.812002712847598
27.59,2.586262086144085,1.5285246977295923,19.272117502236874
27.6,2.23600888951372,1.296464798665305,18.73569066550592
27.61,1.9269866133053193,1.1017630623637444,18.206396968016595
27.62,1.656559604639097,0.9400057201255186,17.686444643672058
27.63,1.422802829385121,0.807987683293657,17.17697833065482
27.64,1.2238583397096399,0.702626719034221,16.679139470359406
27.650000000000002,1.0556048846134036,0.6200713841638331,16.193673708175744
27.66,0.9159789485591886,0.5582173219832048,15.720803664179908
27.67,0.8028260048233502,0.5149889423507267,15.26071676383054
27.68,0.71233063886721,0.48788404733516666,14.813452723333791
27.69,0.6431838605937701,0.4760984007775479,14.378865777987397
27.7,0.5934204345301434,0.4785256392588899,13.956806098486755
27.71,0.5603665206152231,0.4941341255667955,13.547091536438225
27.72,0.5440241198967912,0.5236007066720624,13.1494925882471
27.73,0.5442493492419955,0.5675366888470048,12.763781029997915
27.740000000000002,0.5595237679139478,0.6261819524199527,12.389779566273958
27.75,0.590294963866759,0.7013000057999578,12.0273555395245
27.76,0.6369418004296856,0.7945898488567983,11.676379464981407
27.77,0.7004604195262694,0.9087302720743221,11.336871913543375
27.78,0.7828708674396446,1.0473810978970717,11.008935094292204
27.79,0.8859843384761744,1.2142281780922421,10.692794397154415
27.8,1.0132899355170772,1.4151564930634728,10.389044972226932
27.810000000000002,1.1682239473973643,1.655967463283508,10.098374260250523
27.82,1.3559569133819456,1.9450617054103636,9.822242656161649
27.830000000000002,1.5822301787538637,2.2915991872937944,9.562399660174947
27.84,1.854543213489083,2.7073770245874313,9.321951843246467
27.85,2.1817619971446427,3.206208796412697,9.104865427713682
27.86,2.5747189848618346,3.804668608897056,8.917591738208396
27.87,3.046502498913036,4.522679626344882,8.768641731407662
27.88,3.6124632998870974,5.382843364096439,8.671313901688936
27.89,4.291138147098869,6.412192930522302,8.643358723717615
27.900000000000002,5.103224680712155,7.63876205516835,8.711822263871868
27.91,6.073199766328138,9.094654529501742,8.91282070027467
27.92,7.225623784643802,10.805561835213396,9.299316113355644
27.93,8.58733331864569,12.794939962354656,9.941305813612525
27.94,10.17727836967843,15.057414272163028,10.933379155535107
27.95,12.00766979220217,17.561181412535422,12.394090211066866
27.96,14.059491225310003,20.19243164240132,14.45578853378774
27.97,16.28125157077068,22.756276021741886,17.25283507446907
27.98,18.5485260499497,24.91274140513866,20.85527274867446
27.990000000000002,20.66013321816732,26.202654063707516,25.212522450078275
28.0,22.322653719506754,26.090375745789522,30.06379217603944
28.01,23.174103427996254,24.124810322736668,34.871242503689565
28.02,22.87404282230759,20.167867775688848,38.92525206398859
28.03,21.2200395729512,14.53730422151299,41.594268020508565
28.04,18.220932262313212,7.930219979910874,42.575616145647295
28.05,14.114676182240018,1.163886268617404,42.05816645047556
28.060000000000002,9.293208846238247,-5.091552571137429,40.6031064581848
28.07,4.183545255073982,-10.448219058809244,38.90463657264992
28.080000000000002,-0.8358242913950535,-14.751573724099895,37.568811330451645
28.09,-5.471288324387107,-17.9428324152871,36.99197941719993
28.1,-9.496883287797722,-19.945344175029085,37.326746547256356
28.11,-12.721798585109278,-20.62727984766051,38.483941375193886
28.12,-14.97064935751144,-19.86374574170348,40.145767048798895
28.13,-16.08907589146819,-17.606431270692433,41.866834101839736
28.14,-16.002809394260424,-14.048957887190578,43.158975791682444
28.150000000000002,-14.735282086614554,-9.555022064225305,43.68975100747816
28.16,-12.435380248461685,-4.628782297909227,43.359068852716455
28.17,-9.361781977224162,0.22842530481555912,42.321817306351
28.18,-5.8266917234019875,4.631358915592903,40.896864753650384
28.19,-2.1393538185453553,8.346456359377864,39.4431881873969
28.2,1.4333047697847572,11.26659949225942,38.25507744474091
28.21,4.682406405149987,13.346183844793067,37.50921298824486
28.22,7.450927025172808,14.560685867129278,37.250496878319915
28.23,9.61965271293522,14.888178604917107,37.40760057255814
28.240000000000002,11.108014456433954,14.343230797049054,37.81051918766671
28.25,11.861627327012354,12.970532355884123,38.254092215136716
28.26,11.875926559112763,10.902023415995805,38.52921688171966
28.27,11.190959532314285,8.32060884177583,38.49007202212749
28.28,9.894405202908995,5.4496563337834765,38.071830258500775
28.29,8.120203924616986,2.5200049653377494,37.302435839662536
28.3,6.023268736431167,-0.2794426969797361,36.28083156270212
28.310000000000002,3.7582469106458056,-2.8135113934378007,35.1371062599606
28.32,1.4670957287539943,-5.001270533181821,34.00217645136338
28.330000000000002,-0.7343555710855376,-6.807741671143409,32.98064549653117
28.34,-2.758183084122538,-8.223860274840026,32.1402706352036
28.35,-4.542049428164591,-9.254374436054237,31.510017915966895
28.36,-6.042644264746544,-9.906695041798862,31.08515398853663
28.37,-7.236941793353453,-10.197758627040445,30.82928259591928
28.38,-8.106401027978453,-10.138264328446263,30.691664264150656
28.39,-8.652943093115102,-9.761146245925636,30.610623759535983
28.400000000000002,-8.880702307619215,-9.100532439424343,30.522681440645588
28.41,-8.808228473536822,-8.202465931858011,30.37696611811377
28.42,-8.461539007668986,-7.123149838458602,30.13094178392326
28.43,-7.878679025846878,-5.922618340780997,29.76613259980966
28.44,-7.103480922826816,-4.662751261772781,29.276449790411593
28.45,-6.183293279960909,-3.3951304787688916,28.67501074298989
28.46,-5.165957926852991,-2.164955762158087,27.98263030840271
28.47,-4.09608279191852,-1.0024670220864074,27.22817560950303
28.48,-3.012595084040151,0.0717872675536606,26.439998614505114
28.490000000000002,-1.947001876584229,1.0496788736361204,25.64564047212544
28.5,-0.9226222496757146,1.9303155658841447,24.867318707687325
28.51,0.045017778695982114,2.7201897625513993,24.123281298991266
28.52,0.9471902458557553,3.428368278626838,23.42618336786439
28.53,1.781273827754763,4.067376466181454,22.784993752431117
28.54,2.5488637983140205,4.6494254404401,22.20504596642258
28.55,3.254390272406042,5.186555616726457,21.68983239670145
28.560000000000002,3.9060084776512496,5.691582152703124,21.24035972730562
28.57,4.510967666960786,6.173356650258103,20.857852645377378
28.580000000000002,5.075987441214556,6.639900155339578,20.54392171303575
28.59,5.613802571920211,7.10109866528506,20.296812638890863
28.6,6.129027424505042,7.559116450382294,20.118618609423486
28.61,6.624285275506661,8.014679821692486,20.012450702610675
28.62,7.10960729495361,8.472225746864737,19.97837118892877
28.63,7.588394612256298,8.928658062758327,20.016692380995774
28.64,8.057318253906187,9.375921229274676,20.129561845838932
28.650000000000002,8.516580211818447,9.807860640465744,20.31911826071691
28.66,8.967406224967077,10.216278680565415,20.58365367723705
28.67,9.39873604659746,10.583909006877478,20.917854075634455
28.68,9.799731076692272,10.893331648161915,21.31685019800156
28.69,10.163889343315697,11.128248864449358,21.77556519824057
28.7,10.476055838811812,11.270541222544116,22.276158367565674
28.71,10.719050746307296,11.301295320635305,22.79902487882161
28.72,10.877747337959892,11.20124628532107,23.32783151369242
28.73,10.939585195175843,10.965283584552399,23.83579800487858
28.740000000000002,10.891516435094251,10.590419247561432,24.293451682183736
28.75,10.720489176319072,10.07192733190676,24.677513529235284
28.76,10.428350011482882,9.429367573402637,24.96749900971776
28.77,10.017923718080437,8.684446035486733,25.142982255978023
28.78,9.49271897532055,7.85506716222978,25.193948384581745
28.79,8.871025426498848,6.973961719625555,25.12058157058122
28.8,8.1675004274318,6.067685308457152,24.923819618173727
28.810000000000002,7.403656589678032,5.161672906653465,24.616690988177478
28.82,6.602962386460123,4.281447999255063,24.214435677849732
28.830000000000002,5.784374156762732,3.4420102723623263,23.733162316916413
28.84,4.968426084820878,2.656320672548461,23.19299174647989
28.85,4.171322923921428,1.9315860879843538,22.610404273696567
28.86,3.404656983446226,1.2684609257452342,22.001379176219768
28.87,2.678582050444183,0.6662017602696958,21.380355371548905
28.88,1.997613021342427,0.11951818449933804,20.757512147058492
28.89,1.3641104439472067,-0.3783929374925149,20.14211329290864
28.900000000000002,0.7770431382913465,-0.8359315676325678,19.540579717166487
28.91,0.2333313935533956,-1.2623670588861764,18.958066736682355
28.92,-0.27223498550159275,-1.667524910652502,18.398232290364625
28.93,-0.7462679686935433,-2.0615741684119584,17.86397679368553
28.94,-1.1962086924738013,-2.454635145119552,17.357764840071788
28.95,-1.630801334049313,-2.8572198560087916,16.88173701627751
28.96,-2.058619788494285,-3.279627097482145,16.438621321135102
28.97,-2.489696597764275,-3.7326936347573016,16.031009344652546
28.98,-2.933396322282454,-4.227250679662847,15.66340012570527
28.990000000000002,-3.400028446836411,-4.774448014351527,15.34022787383683
29.0,-3.9005873909383926,-5.385945727959423,15.068825776266666
29.01,-4.444970461095856,-6.073242149212728,14.858478058747103
29.02,-5.045632723660545,-6.848130652372421,14.719544029661702
29.03,-5.712503479504553,-7.720157858041886,14.669694718162999
29.04,-6.457008683406824,-8.700048323159919,14.72678057331933
29.05,-7.289939128122346,-9.791957240010408,14.915082995331728
29.060000000000002,-8.214523996149588,-10.989015606262317,15.26705211544478
29.07,-9.236104720499707,-12.284386754121961,15.816861825312717
29.080000000000002,-10.35066907204462,-13.646818259741602,16.602082361143943
29.09,-11.5412450855911,-15.02439842118907,17.660542712376078
29.1,-12.78179088350603,-16.342069696250658,19.024799154877833
29.11,-14.02015271004294,-17.485674090803823,20.70593232452899
29.12,-15.18726844442588,-18.31685715819172,22.686964994861444
29.13,-16.18154343263131,-18.670270862375133,24.89262414205802
29.14,-16.891964821170596,-18.396778587994127,27.19955380284395
29.150000000000002,-17.191804050140167,-17.373544221858563,29.422492223997764
29.16,-16.982339042403026,-15.586795728392238,31.349099232598007
29.17,-16.188524814053125,-13.095841489362751,32.781392731904
29.18,-14.811161620607672,-10.089803816900325,33.59284816054649
29.19,-12.902401472089242,-6.793465377171348,33.75928756804421
29.2,-10.5701800361984,-3.444816135106694,33.35672532388813
29.21,-7.959082273518811,-0.24423216062141062,32.542421423700766
29.22,-5.216110591219826,2.679016689796257,31.50592911883256
29.23,-2.4735157511308756,5.25733250742641,30.43011996387009
29.240000000000002,0.16369169825854946,7.470306391380108,29.46426716437042
29.25,2.618416780240614,9.321110276784202,28.715761498976416
29.26,4.840111498286451,10.819249142943873,28.244803833280454
29.27,6.79333287547046,11.964321921285238,28.070023060120306
29.28,8.452732684133998,12.743058045354335,28.18030982349376
29.29,9.793124012325094,13.13797550632543,28.519152605340906
29.3,10.78804914981155,13.126662485724466,29.016599125059123
29.310000000000002,11.418758750978585,12.693952626094266,29.58255283132631
29.32,11.675614451578447,11.86965762316288,30.114410386764135
29.330000000000002,11.550486807639393,10.679473673200622,30.518429436478076
29.34,11.065621862604987,9.197107108724984,30.728144405132774
29.35,10.247511361926177,7.5018211811414695,30.69665405612536
29.36,9.154187155784317,5.695606773000781,30.421683887880416
29.37,7.843966847969296,3.865140971571138,29.92263520763944
29.38,6.388867622129872,2.0885611895918412,29.24767620944787
29.39,4.854429250492595,0.4184337006268428,28.453382215650674
29.400000000000002,3.3022433089752194,-1.110189054283836,27.599717126038744
29.41,1.7811803339859327,-2.4843621187586247,26.740755606660837
29.42,0.327930575839253,-3.703185436616797,25.919995533692564
29.43,-1.0330341760907593,-4.7764287332988395,25.170858556703273
29.44,-2.2882897432946554,-5.716935800017863,24.514541445516915
29.45,-3.4321832099660865,-6.540025236286928,23.964778628974926
29.46,-4.465100964934141,-7.257722625680641,23.526073909463214
29.47,-5.390842548742778,-7.8820215749250675,23.199550120071475
29.48,-6.218130736148495,-8.42147860366174,22.97954301495324
29.490000000000002,-6.94748083436828,-8.876412946481446,22.859334243713487
29.5,-7.578937098813705,-9.246700455221427,22.832228346962324
29.51,-8.122226475089445,-9.533222101723492,22.884695334337085
29.52,-8.577914663139913,-9.732265339787837,23.000623174084676
29.53,-8.941175379776455,-9.838575378153188,23.165265046748523
29.54,-9.210129303182432,-9.846247184783559,23.36215510256433
29.55,-9.386974830552237,-9.753640279126273,23.57113007726265
29.560000000000002,-9.469550271374823,-9.564186095959831,23.77352052234477
29.57,-9.455488010117074,-9.280762635967628,23.9505325314967
29.580000000000002,-9.345004685140333,-8.905852773965906,24.08456401088176
29.59,-9.144682010012012,-8.453914981396332,24.1638819806925
29.6,-8.861073852089444,-7.940372585054432,24.17715485411541
29.61,-8.4991028333699,-7.376213816545298,24.11529295455917
29.62,-8.072478144958412,-6.780500296685893,23.97907734794299
29.63,-7.595545795837392,-6.172952576672484,23.769926766925668
29.64,-7.079257080319518,-5.5666389072624645,23.48976318307193
29.650000000000002,-6.538589802780313,-4.975482902174627,23.147763308021393
29.66,-5.988283158655078,-4.412847158875528,22.752720390534545
29.67,-5.439586029140415,-3.886218724763599,22.31249642553041
29.68,-4.903760510027213,-3.4016250280387745,21.837889385408943
29.69,-4.391065791473041,-2.963956482530978,21.337880200366982
29.7,-3.9077146967227523,-2.5738730564535057,20.819647564308664
29.71,-3.4589660149804353,-2.231082518810062,20.290891118594196
29.72,-3.049034198417246,-1.9344829520341302,19.75816320208179
29.73,-2.679056460014572,-1.6814213845605517,19.225283206743953
29.740000000000002,-2.3496164859301194,-1.4691688470309718,18.69573643667847
29.75,-2.061141024037678,-1.294899594879666,18.17298857951663
29.76,-1.8110152692265848,-1.154372825627871,17.65947198244606
29.77,-1.5974875243331237,-1.0449604041022689,17.156194413597976
29.78,-1.4197223838701225,-0.9647450024076937,16.664071401290226
29.79,-1.2758668102482638,-0.9112839761723168,16.18401465478455
29.8,-1.1613669091434493,-0.8813963552420784,15.716560551527177
29.810000000000002,-1.0754086178288071,-0.8746398691861408,15.26180953789679
29.82,-1.0175117832157494,-0.8907801801307502,14.819845055890323
29.830000000000002,-0.984923969634428,-0.9286740732703286,14.390803538754264
29.84,-0.976568780707801,-0.9888806843390466,13.974745099239996
29.85,-0.9924796367996962,-1.0726570740607946,13.571688309570622
29.86,-1.031881215740323,-1.1812117524373806,13.181768968857082
29.87,-1.0962508907958517,-1.3178328309813327,12.8052662165466
29.88,-1.186834549682631,-1.4856796837239945,12.442487356928499
29.89,-1.3055782918181182,-1.689230562034532,12.094167146577776
29.900000000000002,-1.4559428299927946,-1.9345262219219397,11.761282496662629
29.91,-1.6413372611317432,-2.227833834805941,11.445211383526113
29.92,-1.8676730098134895,-2.5787744371237915,11.148410452899487
29.93,-2.1407193640148696,-2.996709426493615,10.873559219512142
29.94,-2.4688744389388995,-3.4947929537298164,10.62566979750689
29.95,-2.861552838022273,-4.087509565631569,10.41058655347671
29.96,-3.3301475764345785,-4.791801127353153,10.237740158994885
29.97,-3.888689910751253,-5.628329607525208,10.119602246763066
29.98,-4.552308277727691,-6.617958433878543,10.073824997673205
29.990000000000002,-5.339984732011022,-7.786276740496137,10.125980033714262
30.0,-6.2706384374261965,-9.155592403919767,10.308683670687502
30.01,-7.365476884733648,-10.747040050184323,10.671411671061454
30.02,-8.644971151820055,-12.574499827624583,11.272785892659565
30.03,-10.120436414178949,-14.623601351238854,12.19621531388374
30.04,-11.799606881090591,-16.86207322853126,13.537625647976947
30.05,-13.658204892503962,-19.182571059009895,15.401774199121594
30.060000000000002,-15.648192349182755,-21.417118250693967,17.889928450528092
30.07,-17.66019320798057,-23.284387860230524,21.049773827200884
30.080000000000002,-19.523134552912204,-24.413138353263747,24.826719319194424
30.09,-20.99833287603373,-24.382185353923145,29.01129083174835
30.1,-21.792134573762233,-22.82590661770811,33.18544260333602
30.11,-21.62741772602469,-19.61389849673033,36.79265849786394
30.12,-20.325356598177983,-14.944446333912465,39.31988563789749
30.13,-17.86771662055438,-9.32946654038776,40.46592456103146
30.14,-14.415284052175888,-3.4092239822178017,40.296402047280495
30.150000000000002,-10.269029372669294,2.238476414073377,39.188037063741895
30.16,-5.775162280856078,7.2388514227051495,37.66803824236321
30.17,-1.2587308067614944,11.414236277835982,36.24725158717766
30.18,3.0193120899797243,14.7048747502792,35.307929736774376
30.19,6.863127876070419,17.075164694219545,35.06016225239801
30.2,10.119611306711427,18.458454000479204,35.53487623727899
30.21,12.65395612935806,18.750037522020314,36.60478938430888
30.22,14.342439876452174,17.876956342011415,37.98691706041096
30.23,15.087620632098652,15.839544993915887,39.339237246220705
30.240000000000002,14.850788531054793,12.805677771851997,40.30768966028798
30.25,13.669871786591319,9.058454896608257,40.665915057914106
30.26,11.668826586613752,4.967590327219759,40.34770602417606
30.27,9.047257211476532,0.899493462367899,39.46009362722434
30.28,6.043350542428214,-2.857180066599195,38.22659939081703
30.29,2.891693056372414,-6.120793522179751,36.90617626695726
30.3,-0.20325026921129452,-8.802287016936834,35.72473101151057
30.310000000000002,-3.0802355183268517,-10.867869271508596,34.837280041719815
30.32,-5.619159312767391,-12.305379252391374,34.315488719788135
30.330000000000002,-7.7336186894733965,-13.108400492316308,34.148549383929236
30.34,-9.357084757964804,-13.266735869784366,34.26426384957452
30.35,-10.45268854434454,-12.806632637317866,34.53482288818574
30.36,-10.991671986034698,-11.75833129011837,34.82076217185438
30.37,-10.984968637659872,-10.21554727403699,34.98813502988661
30.38,-10.460795498940625,-8.289540481938335,34.93665628538857
30.39,-9.481283431659534,-6.125752172447571,34.613499919518574
30.400000000000002,-8.136839372504301,-3.871497625136029,34.02632757491588
30.41,-6.527095493599754,-1.6546573497300363,33.22141922365111
30.42,-4.758615638355108,0.42458326643654676,32.27513114656152
30.43,-2.9291085571569724,2.3033435997408183,31.271645268628955
30.44,-1.1214817898451577,3.947870287769302,30.287694489822403
30.45,0.5997825954461906,5.347585172537154,29.38335317064726
30.46,2.188154149004381,6.5066769700325375,28.59956200607224
30.47,3.613540093755116,7.435669042850638,27.956993255997933
30.48,4.85792055097626,8.146131366059228,27.45894025600036
30.490000000000002,5.912167253409012,8.65018435998614,27.09637637006433
30.5,6.773058177322188,8.956516630417573,26.848198009510813
30.51,7.441747721395985,9.079003656338406,26.68803965864774
30.52,7.920187280763746,9.026215089195038,26.58530063566271
30.53,8.216174194961837,8.811653675442374,26.508867021258148
30.54,8.339425117304716,8.455577673544518,26.43085477581005
30.55,8.299417235578787,7.974157634262923,26.32219718396473
30.560000000000002,8.113452508550518,7.392947608970484,26.16559869619705
30.57,7.798835809637511,6.738049715156001,25.945429754828435
30.580000000000002,7.374492519876191,6.033137344894333,25.654249129739295
30.59,6.86449849452293,5.305708052964748,25.293506673042078
30.6,6.289447976809837,4.577114089544148,24.86465986855132
30.61,5.67148812406847,3.8655466623961847,24.377879686369567
30.62,5.031490775280963,3.1870167240900438,23.84265490542933
30.63,4.3860487543280025,2.5500561060551155,23.2702268102609
30.64,3.7510951320953176,1.9616030238544355,22.67283158231054
30.650000000000002,3.137985903354823,1.4239041587923835,22.059823346024555
30.66,2.5542915494886578,0.9353826723501931,21.44063495469638
30.67,2.006301515221088,0.49367522855313595,20.823141677253854
30.68,1.4961308698427498,0.09375673912203597,20.2127869975787
30.69,1.0242914810781145,-0.270294040449141,19.614437579470604
30.7,0.5889413102649169,-0.6052716061261265,19.031354922266598
30.71,0.1867703769739381,-0.9184957627225887,18.46609366033319
30.72,-0.18669709268924528,-1.2174688052607991,17.92044015800012
30.73,-0.5371364195617716,-1.510042583128039,17.39573896789434
30.740000000000002,-0.8703659728537756,-1.8038951730061348,16.893172531220085
30.75,-1.1933818622338204,-2.1072094946606033,16.413805792851957
30.76,-1.51303873012577,-2.428083955304893,15.958897953033311
30.77,-1.8371812275795123,-2.775297043089071,15.530062047786265
30.78,-2.173151359964088,-3.157682891906757,15.129538312221424
30.79,-2.529899145732183,-3.5850761185842863,14.760100123844031
30.8,-2.915682351887621,-4.067971963521555,14.426349494528557
30.810000000000002,-3.3402745183091302,-4.617319292775525,14.132945408937834
30.82,-3.813866506543568,-5.245661723175702,13.888577807058336
30.830000000000002,-4.3469326705178295,-5.965814389602372,13.702442641694082
30.84,-4.951521708213818,-6.790699008877782,13.588140107758095
30.85,-5.639127438217054,-7.733440791790325,13.564887708636165
30.86,-6.423116335321026,-8.807030715454497,13.652764656856078
30.87,-7.313387370947833,-10.015388675988392,13.884535031992947
30.88,-8.318985686780655,-11.36048750110786,14.296837692135732
30.89,-9.447265786649199,-12.832597741564712,14.933045264040357
30.900000000000002,-10.689802571123185,-14.392279027986993,15.842884827474908
30.91,-12.036503962612105,-15.988528254339505,17.080648701275408
30.92,-13.44679072874797,-17.515858861885768,18.68414203855893
30.93,-14.866211279466318,-18.83952172548132,20.68107435744268
30.94,-16.199273692207612,-19.771328296789033,23.040952694887757
30.95,-17.326360040663488,-20.105056043367366,25.678306439868983
30.96,-18.094366033181633,-19.635020600273137,28.41542230723636
30.970000000000002,-18.353117836889467,-18.23913420902806,31.003663620609654
30.98,-17.963892348109542,-15.88349247752077,33.16804499643786
30.990000000000002,-16.869796517147552,-12.737078372158825,34.66182352927572
31.0,-15.077195468857047,-9.044852566521016,35.36370738800457
31.01,-12.679270236240002,-5.12262157382222,35.29314787383342
31.02,-9.838680513923112,-1.2707019697100206,34.60914233089804
31.03,-6.7417406945572305,2.2960145052177894,33.549778744687245
31.04,-3.5689535808413,5.452669556534551,32.36818907798083
31.05,-0.47243113638186895,8.149135416112816,31.284033695756474
31.060000000000002,2.432589226883807,10.376128365929226,30.457635110483015
31.07,5.064389265964233,12.135209958201154,29.982826373720258
31.080000000000002,7.364202624027348,13.416829001132138,29.890732220111204
31.09,9.286396602560652,14.19828336626619,30.152859022081437
31.1,10.788999351867542,14.441958819302705,30.693988363832922
31.11,11.832626663501019,14.132898453442342,31.390365656666866
31.12,12.382984999716664,13.255941704904592,32.108187185083494
31.13,12.43396324927898,11.871436473982303,32.704945735617294
31.14,11.987630329937117,10.052393015193406,33.063003091855215
31.150000000000002,11.086449516999528,7.929324791898993,33.11084953539104
31.16,9.795215509133328,5.639205564389098,32.83263826403367
31.17,8.202651268755751,3.3223673794331243,32.26015001625681
31.18,6.408971406963573,1.0910814875280856,31.467152561026055
31.19,4.510546548405512,-0.9755008885147579,30.541903336529703
31.2,2.5953700091363716,-2.8300577840503154,29.57480943608201
31.21,0.7347560672693618,-4.453645464567027,28.644303244966967
31.220000000000002,-1.0203907795745288,-5.847468879759016,27.807956868884084
31.23,-2.6338248677978604,-7.02011287715132,27.10522462320022
31.240000000000002,-4.084390925006138,-7.984803551501611,26.55625796586879
31.25,-5.360638073659672,-8.751848822836084,26.163771542979006
31.26,-6.458119292705711,-9.330307479790523,25.92064663484766
31.27,-7.375429176059615,-9.722674711853744,25.806558667847863
31.28,-8.109325582846958,-9.93338018496462,25.794545710754868
31.29,-8.657522589236383,-9.965165095338815,25.855979062897134
31.3,-9.024519863828695,-9.819384202727779,25.954521091694243
31.310000000000002,-9.215207159597924,-9.510792045432815,26.05750781691123
31.32,-9.233745728489552,-9.053626546423665,26.13218176194258
31.330000000000002,-9.088728084804698,-8.463414541332092,26.149992844939987
31.34,-8.79700849331143,-7.769875811423791,26.09326971936654
31.35,-8.372292127659067,-6.9978121812115,25.944859512212595
31.36,-7.836754390957873,-6.1765091814094895,25.70299258264758
31.37,-7.214894546206529,-5.3368740668444055,25.36971315631842
31.38,-6.5281767727499505,-4.501015820070541,24.95139075305314
31.39,-5.801859144320925,-3.6907892334465755,24.462413350552577
31.400000000000002,-5.057184020522517,-2.921816134251898,23.915399439501833
31.41,-4.312780426880816,-2.203095161611053,23.326392663974957
31.42,-3.585723271877971,-1.5415492883880892,22.709801267380165
31.43,-2.8864086124258224,-0.93680654971747,22.077708930007887
31.44,-2.223498734936677,-0.3867416019578476,21.441945657665713
31.45,-1.6018383275059762,0.11329510127844111,20.810922673313563
31.46,-1.0230077703571687,0.5701378834983106,20.191653852167246
31.470000000000002,-0.48580209539494096,0.9917981121840372,19.58925277164832
31.48,0.012986006948632167,1.387086681383509,19.007721303985303
31.490000000000002,0.47833696541774046,1.7651683958560616,18.44992476866954
31.5,0.9165038092471306,2.1355456768329186,17.918175727026373
31.51,1.3346566928941601,2.507775358195099,17.414477890316178
31.52,1.7411485574259569,2.8917786824824514,16.940644273400864
31.53,2.1438967673486875,3.297196243910671,16.499211747198096
31.54,2.552480630997855,3.734334992169356,16.092538116172214
31.55,2.975746707660924,4.213524502100743,15.724965954770386
31.560000000000002,3.4233772913472915,4.745390385998895,15.40076363647321
31.57,3.906019630855573,5.341202992430243,15.126883004853852
31.580000000000002,4.433029325055101,6.0120372983444454,14.912546322576175
31.59,5.016365456720668,6.769461060990862,14.767421138190775
31.6,5.6658319331718445,7.6228345906449055,14.708630983019352
31.61,6.391944350135642,8.58227197888645,14.753984642961194
31.62,7.206182549773986,9.653669708815267,14.926027557834127
31.63,8.111735732328022,10.830076393790817,15.25664609109813
31.64,9.112872368427812,12.104443762965186,15.779204367426834
31.650000000000002,10.208405074545407,13.45092626779643,16.530805867402783
31.66,11.38087779695285,14.817755503441195,17.54785252341321
31.67,12.607919955627144,16.136680693575403,18.86551227067847
31.68,13.838514918874594,17.296816709703318,20.494129151286533
31.69,15.00926700177611,18.16605824595306,22.42631227723151
31.7,16.020923842164024,18.583297443520117,24.588577883017095
31.71,16.766081456005413,18.395646134922977,26.8724167852032
31.720000000000002,17.120185457208873,17.481146305668045,29.09474323841016
31.73,16.981102126050114,15.806398836995765,31.054278446181474
31.740000000000002,16.269622625864308,13.42195657988448,32.544905102535395
31.75,14.978870138232383,10.500509584794674,33.43561320976691
31.76,13.150626564051306,7.2578136958831285,33.684911284576465
31.77,10.88614799885366,3.9326462424418134,33.354767999170264
31.78,8.326019578927669,0.7292137026617067,32.592995319336325
31.79,5.614664339181758,-2.2157839845118055,31.582735920992604
31.8,2.885984406591142,-4.826934005239482,30.50698743512115
31.810000000000002,0.24839480917777992,-7.077968979310329,29.519284708146966
31.82,-2.2187221479455665,-8.971476402285635,28.731984697979353
31.830000000000002,-4.462428158721259,-10.516615086970274,28.210739589349345
31.84,-6.445855903464878,-11.715079736836028,27.981410984554607
31.85,-8.143723241510267,-12.557907645830113,28.037756390083853
31.86,-9.532233758209966,-13.025915229566777,28.332683248405377
31.87,-10.58563281957146,-13.10212473454873,28.797747305155553
31.88,-11.282513799231499,-12.76126409811615,29.350305890567697
31.89,-11.61361296588978,-12.028703480949266,29.89093094239857
31.900000000000002,-11.569594835414758,-10.93089265456255,30.323023207061105
31.91,-11.165256782659613,-9.526123965555694,30.577257194866082
31.92,-10.426036955270895,-7.8943208683805945,30.6002674045877
31.93,-9.402088137011287,-6.129131363022113,30.38252370441428
31.94,-8.150762227215502,-4.321789460522794,29.935951690930228
31.95,-6.740743658404536,-2.5498104146129537,29.304018604815166
31.96,-5.237422127866114,-0.8716579406003597,28.539210901691092
31.970000000000002,-3.7034862220269917,0.6743361482785786,27.70133624442184
31.98,-2.1888193441740498,2.0713809984402594,26.84408676543155
31.990000000000002,-0.7337019805419283,3.3148747907281972,26.01389870547818
32.0,0.6366777333988057,4.413813253261865,25.245041789819386
32.01,1.905592351990537,5.379532477054625,24.562185459294085
32.02,3.066741972466107,6.22767744026607,23.98028668408808
32.03,4.119372624885197,6.971333228481394,23.506569776839758
32.04,5.065910083871744,7.621672383681951,23.1430768463491
32.05,5.915396334715761,8.190302971546123,22.88706103351888
32.06,6.671821888559373,8.679680689298944,22.731838737194266
32.07,7.334724079146529,9.089087586784531,22.671451162855462
32.08,7.9082334307655096,9.418699149640798,22.69742981701087
32.09,8.400330094812215,9.667210337307937,22.793716822914796
32.1,8.806490518392271,9.828843328156282,22.946064621009086
32.11,9.122429110826559,9.897461203271353,23.1400622679467
32.12,9.349945822992755,9.867900403106805,23.35728194837479
32.13,9.487124264460132,9.74124544654607,23.57871536520411
32.14,9.530727216405877,9.51942949016565,23.785734041359014
32.15,9.478123703025595,9.20187056452989,23.959470413246052
32.160000000000004,9.333172338912563,8.79818662070516,24.085769467506115
32.17,9.101950101538597,8.323753026625962,24.15253216562206
32.18,8.78760901436648,7.78923695802521,24.14721427956581
32.19,8.399706967820299,7.209804834997265,24.066461269879174
32.2,7.952946672172944,6.606326286102861,23.911345714461568
32.21,7.458963712164171,5.995302694147932,23.681717621855974
32.22,6.930275394439549,5.389525608042879,23.38333509084963
32.230000000000004,6.382660542581911,4.804049782938933,23.025855368940267
32.24,5.828968758972812,4.249856715902529,22.616523048385417
32.25,5.280547439584726,3.7335975250999094,22.165223522469365
32.26,4.74893865389357,3.2616953053298947,21.68256417812339
32.27,4.242674119107954,2.8372474725355374,21.176198369330653
32.28,3.767508163123201,2.4603680311706304,20.653978713193474
32.29,3.3289180693561833,2.13089437894629,20.123673536849193
32.3,2.9297538937653114,1.8469477982735951,19.590411965700383
32.31,2.5708437929860066,1.6057969020113367,19.057947029543097
32.32,2.25296408093124,1.4047174722949707,18.530037104424725
32.33,1.9753363561083808,1.2401304051378839,18.010039973607235
32.34,1.735265720886893,1.1083089350944737,17.499473237058883
32.35,1.5318914517736215,1.0071824882562253,16.999364824896436
32.36,1.3642983248605838,0.9346545489832715,16.51074527901386
32.37,1.22828273633724,0.8871466783780138,16.034481032641903
32.38,1.1214821481980626,0.8630811190128984,15.57081007543646
32.39,1.0433538917249845,0.8620586687931953,15.119840739626905
32.4,0.9921852074858054,0.8831261766723241,14.681706805013476
32.410000000000004,0.9652028187323295,0.9255103813838474,14.256514372424352
32.42,0.9625831527607924,0.9904458324450924,13.84425990213941
32.43,0.9835692765457471,1.0786643546042693,13.444963539127222
32.44,1.0279785963607422,1.192045485688559,13.058817244764793
32.45,1.0975937498065902,1.3340527964754203,12.686077738334834
32.46,1.1933754311633,1.5076967800529666,12.327078306078034
32.47,1.3177966692600305,1.71805738351246,11.982648033092763
32.480000000000004,1.4741712260680813,1.9710039888321547,11.65373687094238
32.49,1.6663808123088582,2.2734669223340234,11.341955546296248
32.5,1.9004679057850953,2.6352113624539664,11.049757274597164
32.51,2.182363511425134,3.0658329579748247,10.780093272166948
32.52,2.5210935744304055,3.579394540479941,10.538304894280099
32.53,2.9259093237989453,4.190052412957201,10.330341637695515
32.54,3.4092407842906223,4.916269878363758,10.166706850701258
32.55,3.9849117884257184,5.778276548626865,10.059833148451371
32.56,4.66912435963958,6.798248025881538,10.0296103081133
32.57,5.4808852166881055,8.001724273590685,10.101528776373524
32.58,6.4395822674147425,9.41054067092432,10.312194702335116
32.59,7.567060171264765,11.04675397459512,10.711570528704426
32.6,8.882197161156183,12.918670179905465,11.363445815895696
32.61,10.396698155327316,15.01177633065291,12.353709236964212
32.62,12.113947805648145,17.28159105509935,13.7812798474204
32.63,14.0069508216474,19.61337164785376,15.753636381839087
32.64,16.016256768902284,21.816460380165946,18.363613356369093
32.65,18.02625526233722,23.595649953547266,21.653534802881808
32.660000000000004,19.84930584505305,24.558377068933137,25.54129114264995
32.67,21.234213602047678,24.286243343697436,29.775901495282483
32.68,21.884788424746876,22.435569434608887,33.91612332348088
32.69,21.526178628422027,18.91879126189363,37.384580667114825
32.7,20.01182812247069,14.018542510412653,39.6888907698525
32.71,17.350599082336757,8.274678190136619,40.59022544218415
32.72,13.73530523356499,2.3382286499798672,40.21661286899911
32.730000000000004,9.483013033304223,-3.2388738026246755,38.987875022791854
32.74,4.944124681484347,-8.117539944904676,37.44538291665871
32.75,0.4359398717795684,-12.148626769074248,36.08666711617513
32.76,-3.7918565280056638,-15.282484344625392,35.26626756272974
32.77,-7.551505237890628,-17.479278163467683,35.16274678531927
32.78,-10.693632682401214,-18.663376532698198,35.77422188890757
32.79,-13.084710062190501,-18.730654723708838,36.938807352298454
32.8,-14.599325301823558,-17.608539531035834,38.35484105852809
32.81,-15.15531486188675,-15.343338475248007,39.665525816722166
32.82,-14.719234797550866,-12.113907482273742,40.53160682049099
32.83,-13.350913673349934,-8.239474367155688,40.75279955928013
32.84,-11.192718591622224,-4.099370704311967,40.30150571973908
32.85,-8.457813121892354,-0.05148127066110897,39.317035254660816
32.86,-5.387696502041045,3.634750982890187,38.03851204616338
32.87,-2.215492217103811,6.79646983974663,36.72628531142116
32.88,0.8612916227362342,9.360200320985172,35.595259780925254
32.89,3.6891087085953367,11.298047351431745,34.78428484210145
32.9,6.153728371842757,12.598168642828291,34.34736305805867
32.910000000000004,8.1731749156465,13.254014341190613,34.25771931916027
32.92,9.68834050589571,13.264292761963906,34.42491065364688
32.93,10.658552636237788,12.648468148697674,34.71653695674712
32.94,11.070259735240203,11.46108055802148,34.99095313878703
32.95,10.930325567596437,9.792944561945966,35.1138715895633
32.96,10.28311630745797,7.775858963270595,34.998418764890225
32.97,9.194567467974686,5.5535404139609374,34.60558364029577
32.980000000000004,7.761273752993288,3.276957328960929,33.95263817920351
32.99,6.088126844806895,1.0679488330299665,33.09895657325373
33.0,4.280147224574227,-0.9821388154233044,32.1244596982137
33.01,2.43395308939438,-2.816283797374182,31.114262687338734
33.02,0.6296595905946061,-4.407052634998961,30.14319973467539
33.03,-1.0731897143151563,-5.749957836358635,29.266397376847507
33.04,-2.6316019408455844,-6.850152091570938,28.51948650306899
33.05,-4.017787188336014,-7.718603064833975,27.918859997767218
33.06,-5.217105356858315,-8.368436585639795,27.46281135456126
33.07,-6.220632132813957,-8.808446924729658,27.138624641143533
33.08,-7.027568365704291,-9.051432181787497,26.921499391023833
33.09,-7.6381933045914865,-9.108917249753414,26.78370290997623
33.1,-8.05690480413058,-8.989566136223834,26.69222888775366
33.11,-8.292595541955443,-8.712997963645412,26.61751315044607
33.12,-8.353481887363031,-8.296045276126472,26.528338982844325
33.13,-8.253592309535202,-7.759890729766694,26.40070502263387
33.14,-8.01104357109673,-7.132766519764646,26.21737763316713
33.15,-7.642421466657055,-6.43817262181193,25.963841496306966
33.160000000000004,-7.171806543119239,-5.704662438289654,25.639224265373166
33.17,-6.621319790512694,-4.957665678516012,25.242526444946044
33.18,-6.013092249467935,-4.217016086155879,24.780887115784363
33.19,-5.370290345761308,-3.5019794413640852,24.264526019238193
33.2,-4.711611790454133,-2.8244706760336076,23.703524437030225
33.21,-4.054545978971542,-2.192966904003275,23.111087731758378
33.22,-3.4135633107904635,-1.6126706236584418,22.497759132095226
33.230000000000004,-2.797821353550578,-1.083061603040258,21.873668561957608
33.24,-2.2154535130723794,-0.6027905286898696,21.24815030094795
33.25,-1.6702231572593085,-0.16757555438218785,20.627543921768723
33.26,-1.1637354310037846,0.22829344825380576,20.017606668683158
33.27,-0.6950919585875198,0.5915448625724411,19.42234257950131
33.28,-0.2617119591685481,0.9295666673321568,18.84487586526747
33.29,0.140628051569066,1.2501728399675116,18.287389417224816
33.3,0.5172880213522315,1.5614684976995354,17.751555829534244
33.31,0.8741790093770575,1.8715185811654327,17.238771554701138
33.32,1.2183031281998509,2.188779255280076,16.750218337358955
33.33,1.556593938734116,2.521663597504942,16.287398258496516
33.34,1.8971668464509597,2.879116607223836,15.851786830348061
33.35,2.2476163644414053,3.270319663164155,15.446018523776775
33.36,2.616698653691027,3.7048973518953052,15.072623555280476
33.37,3.01345528578182,4.193534880048488,14.73635801072713
33.38,3.446869802591503,4.747104286794326,14.442532815687164
33.39,3.9277758775075484,5.377475013073727,14.198587737399125
33.4,4.466274066110265,6.097221600460958,14.015822130875595
33.410000000000004,5.074131327663881,6.919062779757398,13.905540829878387
33.42,5.762697121092678,7.854066033829911,13.887637819348281
33.43,6.5433016017735,8.913508174930637,13.984396534910362
33.44,7.4284542659331905,10.104853471861212,14.222866871806547
33.45,8.422443674721293,11.420026948331696,14.641929209078283
33.46,9.530134015492635,12.849747173875281,15.282965254324866
33.47,10.747810610513655,14.359494010339809,16.192332580971904
33.480000000000004,12.054914486922673,15.88540594250786,17.416055575683114
33.49,13.419442600757218,17.33537918398094,18.993900672591476
33.5,14.778895362453806,18.56949161701621,20.939367098336266
33.51,16.04634116666599,19.415972930842248,23.223637740203667
33.52,17.099803935901196,19.673747371190586,25.752761790708274
33.53,17.802407653535308,19.170692476840028,28.35611384781962
33.54,18.006104627653635,17.77469358569981,30.80669247987059
33.55,17.599215202509583,15.503368268419402,32.83655483854265
33.56,16.51747577137735,12.477047620327754,34.235770076375445
33.57,14.77508901943974,8.943192551449421,34.88449976911406
33.58,12.465254105063993,5.196712337712496,34.80795923412696
33.59,9.736190371027861,1.5083734682964187,34.15072343372842
33.6,6.76192346836191,-1.9185689220662856,33.12940203436496
33.61,3.712429516737833,-4.965297284645379,31.978581714584227
33.62,0.7310240741885212,-7.582043767639796,30.903506287406927
33.63,-2.0742490687407016,-9.762240060563489,30.056484396055314
33.64,-4.627803701653467,-11.509806850096291,29.528391483410893
33.65,-6.875531192935871,-12.820944013717362,29.35418924413575
33.660000000000004,-8.776805421567445,-13.67553188432833,29.52242798046403
33.67,-10.294836790720836,-14.049950838580642,29.96272936272798
33.68,-11.391692489029415,-13.908594451543388,30.583646460953286
33.69,-12.042679238523936,-13.251057254310691,31.261429649451724
33.7,-12.230207242423283,-12.110542190228383,31.86200129973104
33.71,-11.954753774568141,-10.541342484142687,32.27663910067459
33.72,-11.244681699637967,-8.64933742254433,32.42262990133592
33.730000000000004,-10.152044285898974,-6.554887065720611,32.26877991752101
33.74,-8.747641241000554,-4.383106524421597,31.824642001594576
33.75,-7.122245689064119,-2.2481590312838744,31.14447203514997
33.76,-5.363610633150009,-0.23229839441762312,30.301549889720246
33.77,-3.5559369842703275,1.6087321948974882,29.37731400408961
33.78,-1.7701004919593806,3.2484920338629903,28.44783119116101
33.79,-0.05952122643645452,4.6813759143819045,27.57385961769215
33.8,1.5369815569897916,5.91276073131867,26.800395460017302
33.81,2.9963586435955936,6.956399170095934,26.155028435080354
33.82,4.305460847043415,7.824599506432041,25.65046688774034
33.83,5.459647605492636,8.52926356337627,25.28907919842926
33.84,6.457475365038418,9.07647541492316,25.060170366570972
33.85,7.297371604405385,9.471556464026204,24.949388748802285
33.86,7.9841182111338895,9.714834159966895,24.93585836162361
33.87,8.519231337752931,9.807906173677166,24.99250796011619
33.88,8.900449874747425,9.75491778839445,25.093043987063677
33.89,9.12626699226192,9.559395594828308,25.210243816810657
33.9,9.203598896471819,9.226810812574076,25.31326270886857
33.910000000000004,9.141749884577754,8.77536158422454,25.379515539651955
33.92,8.948542303567113,8.222823800907193,25.387174248328307
33.93,8.634141118369412,7.586379884837921,25.320314832423676
33.94,8.216618335665581,6.892969328529825,25.173192645170083
33.95,7.71102244569499,6.164758154573697,24.939731918029423
33.96,7.137080307549709,5.423643429059227,24.625059699457033
33.97,6.516143056969172,4.692184836827829,24.236961895968353
33.980000000000004,5.865753879467068,3.985261199823026,23.7838435161479
33.99,5.204524065706089,3.3156581862916257,23.279474447573318
34.0,4.548683326269101,2.6930049739025863,22.735224083633547
34.01,3.9099229931257513,2.1204896199554155,22.162794072581523
34.02,3.2993588651586796,1.6003946778741753,21.57390138934695
34.03,2.723813035051264,1.1313706737984983,20.976742187794333
34.04,2.186472893068502,0.7092376129589684,20.37863128034597
34.05,1.6899129382103635,0.32950230124243624,19.786315104430553
34.06,1.2336332252219528,-0.013755780844546317,19.203861063253797
34.07,0.8155583773621461,-0.327140807246073,18.634681451994478
34.08,0.4321237411287123,-0.6176085899983311,18.081114039223575
34.09,0.0787309037173698,-0.8923632581719289,17.54492042309912
34.1,-0.2498676943283798,-1.158590003817657,17.02733324937171
34.11,-0.5597993642417722,-1.4237301005223015,16.529303342883583
34.12,-0.8572167761851349,-1.695121966483141,16.05171549065978
34.13,-1.1490402794886747,-1.9805270633086276,15.595495175429187
34.14,-1.442145946772687,-2.2877722854802656,15.161749487175026
34.15,-1.7441051915013226,-2.6254568146186803,14.752126023560544
34.160000000000004,-2.062319757674391,-3.002394788868886,14.368697524322906
34.17,-2.405537102349049,-3.4286412444592314,14.014502700389507
34.18,-2.782149636588076,-3.91504081758281,13.693887426200705
34.19,-3.2021405255374757,-4.473186265468107,13.412046753364821
34.2,-3.6759707082548516,-5.116786831461847,13.17784552937894
34.21,-4.21487703687827,-5.859455784298877,13.00034369914987
34.22,-4.83154542905617,-6.716138737060859,12.895419070516613
34.230000000000004,-5.539060891878039,-7.7026142098509345,12.881374821308126
34.24,-6.351257773853502,-8.831729427495347,12.982491270622537
34.25,-7.280125294132805,-10.111920034922916,13.234199999613525
34.26,-8.33940591905949,-11.550649350424763,13.675006680999953
34.27,-9.532564743930369,-13.129668493960546,14.356897530385394
34.28,-10.858716809488762,-14.820043124521389,15.338159204312769
34.29,-12.302519748242272,-16.555527799741547,16.678816627802107
34.300000000000004,-13.825549121041016,-18.22665307602647,18.43242129315901
34.31,-15.361364071475219,-19.672262513788286,20.62335943285053
34.32,-16.80996152512965,-20.67925986772124,23.23670593488042
34.33,-18.02448054426792,-21.00311544584336,26.150732179003946
34.34,-18.836656125521785,-20.410499399230975,29.17335870725502
34.35,-19.06387145523971,-18.750904179186648,31.999501393522365
34.36,-18.56857667028329,-16.042153309391203,34.30928209430008
34.37,-17.272643242583058,-12.456047382016123,35.83139996621971
34.38,-15.208106415538285,-8.32405212561034,36.44670756943686
34.39,-12.498469029805626,-4.016917608196,36.21911053874786
34.4,-9.336085835298352,0.1380423450392061,35.36367643686764
34.410000000000004,-5.936867357172259,3.913997451687533,34.17283219566227
34.42,-2.503471405353541,7.191722822103534,32.941047033687084
34.43,0.8004010717464072,9.931814762098124,31.90582780150516
34.44,3.852610765774957,12.12642815252875,31.2267136443974
34.45,6.565775957598152,13.768639920944445,30.98057402538569
34.46,8.873443478963598,14.831398940256353,31.1693562102999
34.47,10.718219760441219,15.277054956985044,31.7151228054379
34.480000000000004,12.042889247281378,15.055508038921403,32.49645057666275
34.49,12.808606968015614,14.17101961255607,33.342271329934576
34.5,12.984118226802432,12.659200935443538,34.07156076247162
34.51,12.577800714513696,10.621316079374125,34.53989018046663
34.52,11.624504817317966,8.202648024460617,34.646153553199525
34.53,10.204369975923978,5.5849266029549725,34.365955223794884
34.54,8.423601089644205,2.938466346939771,33.7437696678146
34.550000000000004,6.402694712826798,0.40601688513750256,32.87035559843427
34.56,4.263267339547774,-1.9131359833474821,31.861697701148522
34.57,2.1123355950855247,-3.9642991037944504,30.831108113027934
34.58,0.03593843744672909,-5.7260379940893396,29.872529255540584
34.59,-1.901925322189606,-7.1968959850781715,29.053128513020454
34.6,-3.657744919586413,-8.386319340875117,28.41230556679479
34.61,-5.203509987020528,-9.303791995193206,27.96399355145279
34.62,-6.522198589250107,-9.955840747462327,27.69849278321576
34.63,-7.603670859402049,-10.348802270980187,27.590859393983667
34.64,-8.44082211536931,-10.479899420812409,27.603550749639005
34.65,-9.032111282034071,-10.363677729243843,27.688664579459182
34.660000000000004,-9.376261925889724,-10.015020666514719,27.797367825261748
34.67,-9.478223884465825,-9.447144216266736,27.880861071758336
34.68,-9.354689795017578,-8.696238884395827,27.900775456214703
34.69,-9.019000756090245,-7.794509220290491,27.82124762914293
34.7,-8.499415016638059,-6.786667306428759,27.628363212995833
34.71,-7.826457965189864,-5.718839499819703,27.31401864889118
34.72,-7.032087009278236,-4.628727110704389,26.884594296136925
34.730000000000004,-6.15355433440212,-3.5547703762575127,26.355510585764257
34.74,-5.222910330154857,-2.5223744881375847,25.746211198967167
34.75,-4.272525483699992,-1.5522053723760023,25.080709035284244
34.76,-3.327077459395646,-0.6538821327879389,24.380543863702044
34.77,-2.4079526439911736,0.16852058445875517,23.667408616580907
34.78,-1.5290181421515767,0.9173669615122622,22.957745365961397
34.79,-0.6984703980981187,1.6001016363846716,22.265824236824418
34.800000000000004,0.07912557594362601,2.2254796497756617,21.602470685793776
34.81,0.8045608021390178,2.8048888668425485,20.97538971937456
34.82,1.4816053252196608,3.3505598748389867,20.39040963324443
34.83,2.11621808744588,3.874258030911915,19.85200898374952
34.84,2.7164886324463557,4.3884287899144,19.363624509873684
34.85,3.2918584588295934,4.904455260699518,18.928558911848622
34.86,3.850773777771227,5.43253962168844,18.55089749089059
34.87,4.405406663605597,5.983824489391847,18.23361175558131
34.88,4.963225930834309,6.565264268332613,17.983509338753173
34.89,5.533727183611828,7.18503603780073,17.80664846310403
34.9,6.12851601673195,7.849946536918331,17.709656907047528
34.910000000000004,6.750099199504554,8.558531382613893,17.70471123945768
34.92,7.4016818632678705,9.309750088944943,17.804051798223774
34.93,8.091533802783166,10.102148206639608,18.018935890262238
34.94,8.814863446249932,10.918656043728562,18.361931121399312
34.95,9.566215921489924,11.740854478199767,18.84685584433668
34.96,10.33788162670908,12.541837387444785,19.484154238217595
34.97,11.106977685102473,13.277872390609206,20.27478400267684
34.980000000000004,11.852869444882476,13.902798307545067,21.222334588220896
34.99,12.536760330676433,14.356602097518977,22.300607714823943
35.0,13.11532249691325,14.574175985511697,23.478666857023722
35.01,13.543383349294366,14.499795759211574,24.706421222073224
35.02,13.768568465871141,14.086382103906233,25.90814619802664
35.03,13.7458112054607,13.306109685405632,27.011687786649617
35.04,13.446583130132229,12.18079706836296,27.92828486366461
35.050000000000004,12.84853466093712,10.73872392069091,28.592286068221647
35.06,11.96596093529695,9.06198466857616,28.96131889439429
35.07,10.820798280970672,7.2297599774935675,29.02105917643393
35.08,9.463445965811243,5.338958948112434,28.791884737377483
35.09,7.949781488908036,3.4672616298067283,28.318940706351345
35.1,6.3439168209918515,1.6819198578956034,27.663661184891776
35.11,4.704329137658946,0.02228175011093514,26.893476373596897
35.12,3.082123056957226,-1.4892788281065439,26.07172669244917
35.13,1.5168166186057683,-2.8493529552536376,25.25422555500588
35.14,0.034855318400927704,-4.065037386487597,24.48328247599852
35.15,-1.3483148575125217,-5.151668886919799,23.791673991391832
35.160000000000004,-2.6259680399645977,-6.124454401968555,23.200670680388626
35.17,-3.798991512388144,-7.0005715941539535,22.724410192356064
35.18,-4.872765431843136,-7.792575230626483,22.369288038157354
35.19,-5.850270891806926,-8.506690273082175,22.13879760671844
35.2,-6.740791045259127,-9.150671111306277,22.03329335784549
35.21,-7.551795234032253,-9.72333588651628,22.045763014445726
35.22,-8.277815625723665,-10.2143891762661,22.1699531936522
35.230000000000004,-8.916547953642153,-10.614048590622875,22.398876594542756
35.24,-9.473069804639596,-10.912162655122865,22.7162336424331
35.25,-9.935395961055912,-11.093443986723617,23.099691999140646
35.26,-10.289944950460983,-11.14188175716881,23.526898290070744
35.27,-10.529076954647826,-11.041511310388247,23.97385894736904
35.28,-10.64542157675884,-10.791294824686675,24.409507149297838
35.29,-10.630082514418994,-10.393263197200337,24.801542276148105
35.300000000000004,-10.47462535884893,-9.846630393753205,25.121807996969874
35.31,-10.184040113751871,-9.17245518589104,25.349398430491593
35.32,-9.764863845244475,-8.395632508560073,25.464212998619548
35.33,-9.224820912918574,-7.5376690253815095,25.455944332709585
35.34,-8.58491000255461,-6.632935799103777,25.32555411919579
35.35,-7.862311319944227,-5.708682658660477,25.07528277464486
35.36,-7.081049779414448,-4.791160484131152,24.719718410776682
35.37,-6.265223000257789,-3.90483077044781,24.274380597829982
35.38,-5.434896880529081,-3.063721487563222,23.75667516523762
35.39,-4.610948068504854,-2.280007328065079,23.186695083974023
35.4,-3.808766603276357,-1.5587963048197464,22.580609531233108
35.410000000000004,-3.039785737559403,-0.8998645502858691,21.954463693946103
35.42,-2.3131228526410035,-0.3010884766285933,21.321658457500924
35.43,-1.6325503768496012,0.24382196676681284,20.692167116792607
35.44,-0.9994944291886767,0.7425186480239901,20.07450243342422
35.45,-0.41202784806130516,1.2041299264785958,19.47462730114819
35.46,0.13382313262596768,1.6385833521921978,18.897341695676666
35.47,0.6438405177203306,2.05611686322405,18.346127833351023
35.480000000000004,1.1254506959978863,2.4674001918142996,17.82378268369636
35.49,1.586679134322011,2.8829591404273964,17.332835489765202
35.5,2.036800610843346,3.3136636533742223,16.87584189772839
35.51,2.484735741444211,3.770046910267226,16.455860348935804
35.52,2.941165363988656,4.2633719866227615,16.076447663725222
35.53,3.415200006610591,4.804347740410255,15.74309275589224
35.54,3.918518203132065,5.40455580073632,15.461126654717733
35.550000000000004,4.461096400228403,6.074863826675546,15.240505293596627
35.56,5.053643183626292,6.82654476341817,15.091263965180058
35.57,5.708083421457927,7.669405101641128,15.027452364589374
35.58,6.43252314244935,8.60969499623867,15.06944670376918
35.59,7.2392567102612135,9.656807826527233,15.237461358065245
35.6,8.134418444947778,10.805075944395293,15.559833669842149
35.61,9.115252227831238,12.036316705649444,16.069848189427976
35.62,10.181367543477702,13.331559636041462,16.8026483992974
35.63,11.319235792618894,14.641608713353612,17.790645544236593
35.64,12.500787975974886,15.895089495379727,19.062263977870074
35.65,13.682671881051744,16.99302520670227,20.628595457411087
35.660000000000004,14.798650779517263,17.805857972241743,22.47508534594236
35.67,15.761637738625634,18.1910314573002,24.53738403928874
35.68,16.464407006545795,17.9986545996475,26.706772167349637
35.69,16.79905289438024,17.132331252945985,28.8161653596097
35.7,16.65747980882424,15.533294690702927,30.678116313725795
35.71,15.985359062091403,13.284062223919218,32.10478918935739
35.72,14.759310506691527,10.513472207395886,32.96851315429729
35.730000000000004,13.02322131717495,7.43255366296,33.22628516075692
35.74,10.8735913840012,4.260412747725617,32.93666812138523
35.75,8.433979193941132,1.1851565527327312,32.22492864724294
35.76,5.841792794298707,-1.6578645794141988,31.259132458610505
35.77,3.2228323963194128,-4.195590822140664,30.208987459102723
35.78,0.6804286053683006,-6.399977202025601,29.22029782559264
35.79,-1.7105668265398217,-8.27234971929417,28.399588991356705
35.800000000000004,-3.897826881837779,-9.822568849201428,27.816486968237932
35.81,-5.848157159109677,-11.057729128267018,27.503563043279904
35.82,-7.537917345375272,-11.973610680895096,27.456408786949773
35.83,-8.948784548052636,-12.555890071444335,27.6514810992047
35.84,-10.062423737897621,-12.78471800074639,28.031784443128878
35.85,-10.8568947308799,-12.653316840368998,28.521072524373153
35.86,-11.313548011923604,-12.146667718410333,29.0387706789118
35.87,-11.431878749250153,-11.292042662149562,29.500993863165323
35.88,-11.21299214643637,-10.130272486840559,29.827265729031637
35.89,-10.675061043659435,-8.720184095933131,29.96533528334863
35.9,-9.850707027841407,-7.141046781843741,29.88158443029755
35.910000000000004,-8.788769045480617,-5.473858823495552,29.578525052471704
35.92,-7.545691274136279,-3.7976106710691844,29.07691045215064
35.93,-6.182556045155107,-2.173529102412469,28.420006056004617
35.94,-4.757118069481397,-0.6475986921064085,27.65632854749083
35.95,-3.321789682149314,0.7535740990301476,26.838017314909592
35.96,-1.9173186706176621,2.01954154070748,26.01003624202471
35.97,-0.5758903084618474,3.1505177881104807,25.211547090958724
35.980000000000004,0.6844102824235613,4.156791598657281,24.46972106800264
35.99,1.8518082324343046,5.0514953655120705,23.80581755709384
36.0,2.9235481335105655,5.848968998211475,23.231753266087168
36.01,3.902249118065848,6.564577329326932,22.75486994303572
36.02,4.792713363006837,7.208555914507317,22.377246487638722
36.03,5.5994194903595425,7.789482086614309,22.1003097603351
36.04,6.335757787007738,8.317730924671274,21.919740182838897
36.050000000000004,7.0047247630058225,8.792513516155326,21.83104657130927
36.06,7.604655654171918,9.209926476638683,21.83109524283711
36.07,8.137846732698621,9.56733509063078,21.914979125325047
36.08,8.61239421747338,9.861968135245187,22.070075275018834
36.09,9.022121488417007,10.084305220863026,22.28456030044666
36.1,9.360716927260732,10.224337474523805,22.546828614582367
36.11,9.627199158509265,10.273331443019952,22.84233824247661
36.12,9.81516491581335,10.226510835789977,23.1520645573054
36.13,9.916775199644626,10.079239127086389,23.45664102078355
36.14,9.92404260511972,9.822428804646677,23.737483056889136
36.15,9.836866813366653,9.463524598074464,23.97754022681843
36.160000000000004,9.657421341621017,9.016094748884868,24.159938547406625
36.17,9.38718774528892,8.492305574858662,24.268198530321413
36.18,9.029164671938494,7.901819344517587,24.293505434044448
36.19,8.596085973980212,7.265845623519818,24.233998009816816
36.2,8.099189731919028,6.603855599590302,24.08719013695638
36.21,7.550473694510584,5.931432011804402,23.85650523839032
36.22,6.967478068139993,5.267838017770138,23.55131628917992
36.230000000000004,6.364465926311285,4.627674364136058,23.178974167335333
36.24,5.755102240251629,4.020728173032046,22.750671024784772
36.25,5.153724974307249,3.4566789296786276,22.27880264846006
36.26,4.571010892343111,2.940535690019994,21.77279462521539
36.27,4.015191116014618,2.473852196840793,21.24293847114773
36.28,3.4940961731923514,2.0577256078962005,20.698954648619452
36.29,3.0117029467396375,1.690269633678369,20.14717582475106
36.300000000000004,2.5698429658873803,1.368191949798629,19.59325259981118
36.31,2.1700907562568865,1.0880554788943466,19.042699508236943
36.32,1.811419249346974,0.8452855709756475,18.498940586299597
36.33,1.4921800709581206,0.6355318988674665,17.96419747948095
36.34,1.2100532186879567,0.4542065877028706,17.440543920378722
36.35,0.9613606285726121,0.29657431595102385,16.92911370279647
36.36,0.742933907265403,0.15849559301623609,16.430699535082567
36.37,0.5507159576655083,0.035718813146221995,15.945723726298292
36.38,0.38092974054547907,-0.07559269615478811,15.474375578913461
36.39,0.22975150639357966,-0.17908024583583507,15.016667310862232
36.4,0.0934114215678888,-0.2782158939863978,14.572504986476662
36.410000000000004,-0.0317327204906047,-0.37633747022862085,14.141732021708846
36.42,-0.14914572853072458,-0.47669531413313,13.724168339581878
36.43,-0.26228667193039,-0.5826140943521138,13.319637750734994
36.44,-0.37463030594310626,-0.6975618608689437,12.927994818023423
36.45,-0.48963593320425985,-0.8251778678240155,12.549143902601923
36.46,-0.6108716831790196,-0.9695986896382393,12.183119463014053
36.47,-0.7421268889309033,-1.1352247180872947,11.830025220928773
36.480000000000004,-0.8875653939413356,-1.3275203750827795,11.490259755584573
36.49,-1.051638573379688,-1.5522018805232065,11.164331382116986
36.5,-1.239736745201314,-1.8168681151797765,10.85334646892619
36.51,-1.4575032559912031,-2.1293724103584206,10.558611333830715
36.52,-1.7122387867449989,-2.500361201624472,10.282610764275766
36.53,-2.0116457544860658,-2.941069191074895,10.028275383232177
36.54,-2.3657063997279097,-3.4661885068338742,9.800772367938716
36.550000000000004,-2.7853479168904385,-4.091877608610228,9.606377377440298
36.56,-3.284156739285539,-4.837841089201505,9.455521638484171
36.57,-3.877566789383255,-5.726477559533719,9.3612950014632
36.58,-4.583567175933033,-6.782434556262713,9.344402681694083
36.59,-5.422987776584139,-8.033862438370758,9.431552068595977
36.6,-6.417668481209747,-9.505883813684868,9.66261293160634
36.61,-7.592210736431056,-11.224528176026645,10.090157015161427
36.62,-8.96721328372752,-13.198369339719607,10.785960397229474
36.63,-10.559821598867924,-15.420012550255935,11.84330492547356
36.64,-12.371276714550632,-17.833825409619205,13.373273636412339
36.65,-14.376223548811515,-20.319855696275003,15.498743851847957
36.660000000000004,-16.506666977017527,-22.659824721110148,18.322104975495204
36.67,-18.636260662036186,-24.523172279392806,21.892274484607157
36.68,-20.553593553430357,-25.462977732576572,26.113283898955505
36.69,-21.972970293132636,-25.009752123703766,30.680573531764104
36.7,-22.568684332391477,-22.806466999110295,35.08173426321113
36.71,-22.039901000908245,-18.782600233041055,38.671618302980285
36.72,-20.246111350521055,-13.324292071358613,40.91131633321107
36.730000000000004,-17.230160429839362,-7.072844516406517,41.6090147177789
36.74,-13.234585178921728,-0.755914712744298,40.98194528098462
36.75,-8.623336557087633,5.053772529288089,39.55224314620753
36.76,-3.784246621975995,10.030439891287019,37.93806448320867
36.77,0.9456956026202018,14.043715696714644,36.668901425209185
36.78,5.3077295066984,17.04887605487945,36.08738969850162
36.79,9.103787789073426,18.982509268322246,36.32760033144539
36.800000000000004,12.167816829467558,19.733861940620713,37.31770494086016
36.81,14.348554373316544,19.195429233187575,38.7901494843064
36.82,15.507509048223426,17.30797592141518,40.36456574285641
36.83,15.578733988640849,14.226969555939794,41.6115970076605
36.84,14.568172971766055,10.236349914682314,42.21665690928839
36.85,12.591468010522066,5.760922167834211,42.05007294853698
36.86,9.861561220437835,1.2448530767480288,41.201372811754034
36.87,6.649694321944251,-2.949204843566778,39.92085806231071
36.88,3.231178089281864,-6.5872124701873265,38.51688572106332
36.89,-0.148453291055876,-9.551077266114042,37.26540269292913
36.9,-3.2930233808067957,-11.792695288601427,36.355993830896914
36.910000000000004,-6.054460188649786,-13.291000532190807,35.87259315526805
36.92,-8.32413031924739,-14.032573162539082,35.7951874983795
36.93,-10.022177581212969,-14.011188956809427,36.02020347740763
36.94,-11.093359345373715,-13.248680131083713,36.38629651492376
36.95,-11.517577703650677,-11.8158532998871,36.71886495872386
36.96,-11.301167663836551,-9.828227114903259,36.85711361519286
36.97,-10.498879204458765,-7.456277443276294,36.700303535478064
36.980000000000004,-9.19789044720381,-4.884248230728966,36.21760643196977
36.99,-7.515346490400562,-2.2935778719935835,35.44417689741241
37.0,-5.58339388347494,0.16950066037984568,34.46728535754288
37.01,-3.5288465402625375,2.4040978488239073,33.393358773469004
37.02,-1.4655893196221954,4.351237781535568,32.32669821747449
37.03,0.5151044812280046,5.987043698930197,31.35069767636572
37.04,2.3444957955681174,7.307771417347705,30.521789943038282
37.050000000000004,3.9751568427221273,8.320875019286735,29.86751917622189
37.06,5.376624447712717,9.037255351837953,29.389477821246967
37.07,6.52998674288251,9.466683992922949,29.068362486822373
37.08,7.4278982421321675,9.626477033668387,28.86925432690239
37.09,8.064908234578937,9.52612928325674,28.74958813182907
37.1,8.448803551204977,9.193085772027585,28.66418928956613
37.11,8.58655190917999,8.651715191415764,28.566683260847597
37.12,8.495730924392792,7.935741611119648,28.42151216734808
37.13,8.19867082448523,7.08602462793977,28.199059430833284
37.14,7.721839581485586,6.141829136910273,27.883641019797206
37.15,7.100031557025234,5.148329463641354,27.471607900886717
37.160000000000004,6.364829681596465,4.140559844815955,26.966753947874967
37.17,5.552602764595838,3.1519762282276385,26.383703843229675
37.18,4.694237079463211,2.205688479645214,25.738538236749694
37.19,3.819429471904096,1.3183821296267242,25.05188389870641
37.2,2.951384900807933,0.49870350485431136,24.341669904263505
37.21,2.10848226847902,-0.2514679973271626,23.625695631655784
37.22,1.3038282819131002,-0.934184485307402,22.917849062345333
37.230000000000004,0.5443713669909861,-1.5566217855332471,22.22955165196932
37.24,-0.16622175459235033,-2.127170821252983,21.569587651052178
37.25,-0.8289597690824384,-2.656393202373728,20.944189821838318
37.26,-1.4475940951078297,-3.15564213609848,20.357997872452746
37.27,-2.027803759623845,-3.63587516438547,19.81462791990165
37.28,-2.577223269524087,-4.1087115268636,19.31681041270396
37.29,-3.104775942080535,-4.584991138062879,18.867286515366686
37.300000000000004,-3.618474785072827,-5.074529097466596,18.469528394367735
37.31,-4.12980168506148,-5.588183798844691,18.12610024455528
37.32,-4.646263219970136,-6.133449708416267,17.843076306413742
37.33,-5.177114775317577,-6.718819316480417,17.625828429418704
37.34,-5.73349848511042,-7.351844046131873,17.48071342672296
37.35,-6.319401018413521,-8.03390993663657,17.419261938286716
37.36,-6.9403130149856604,-8.76746950146886,17.452825923458956
37.37,-7.605506260033764,-9.553788560062568,17.59273414723109
37.38,-8.311970319286972,-10.379894680934154,17.853755053606452
37.39,-9.056574470438287,-11.23227672209961,18.251469164974136
37.4,-9.836967960754002,-12.091748791499036,18.800461968918277
37.410000000000004,-10.6347150703174,-12.919576119988001,19.5078864044221
37.42,-11.4324540710125,-13.674711002797276,20.382916891620358
37.43,-12.19812710734189,-14.29952747115577,21.414404807011834
37.44,-12.892747243635316,-14.727900706852264,22.584814002079224
37.45,-13.469925030065784,-14.894393250605013,23.852565464456447
37.46,-13.873515723589795,-14.733706346324636,25.152858726334415
37.47,-14.052379483679772,-14.200379068884684,26.41382440304768
37.480000000000004,-13.95961388908312,-13.282377748724814,27.537760773945678
37.49,-13.559529797988057,-11.988171415702537,28.445918084344004
37.5,-12.849824575756294,-10.389281671239598,29.066676582592397
37.51,-11.83681153672951,-8.55758481451175,29.362474513792257
37.52,-10.561633998731159,-6.598371314848739,29.33193713835214
37.53,-9.076678780607658,-4.603995787937859,29.007548676439527
37.54,-7.449222026539833,-2.6619357056386588,28.446251685489393
37.550000000000004,-5.7456225729736765,-0.8301325062544339,27.72004090146087
37.56,-4.027095253987909,0.8536270919496567,26.901269453715738
37.57,-2.3447747868044537,2.37464296350646,26.05765342546624
37.58,-0.73507142163925,3.7343404713985646,25.242976131984303
37.59,0.7762926330053086,4.943235456858457,24.500548872962135
37.6,2.1776477069654545,6.0176078602327365,23.858186263747676
37.61,3.464070593076794,6.974223315503161,23.335907481810743
37.62,4.636686277326861,7.825575250722051,22.94295905290637
37.63,5.7027042462556725,8.584891164759274,22.684350148054556
37.64,6.668620744484082,9.255689891770817,22.55667199924539
37.65,7.531254523178302,9.832778094129544,22.555554071648277
37.660000000000004,8.290021519912575,10.31135720555921,22.675468069105403
37.67,8.952796012248209,10.684954278385058,22.899732207957086
37.68,9.511265066590932,10.939970744921341,23.2079087510898
37.69,9.95628479663014,11.061387743485822,23.57970521497304
37.7,10.283687214153954,11.036357823605048,23.98918848462226
37.71,10.483941750453422,10.861042525948568,24.404447985754107
37.72,10.54631761345999,10.529937167952617,24.79351195135615
37.730000000000004,10.465422775317483,10.043199203724035,25.12777438119174
37.74,10.245204188626206,9.42222868577796,25.38138809775831
37.75,9.887837107696656,8.68574145497559,25.529611506485136
37.76,9.401897290288188,7.855686976203648,25.560715514041906
37.77,8.806444441484658,6.966552561108156,25.47038981195335
37.78,8.117001954853803,6.044587507523618,25.258033334988095
37.79,7.358912408522305,5.119588950070903,24.936551196939643
37.800000000000004,6.555382949451598,4.21716325392576,24.518574537558347
37.81,5.728065062679235,3.353832198723786,24.02193133932163
37.82,4.899385839144483,2.5447570608257353,23.466235025243307
37.83,4.085681665640821,1.7962395215335731,22.868120263817556
37.84,3.3009669905289396,1.1105812405322562,22.2450772010979
37.85,2.555655976728891,0.48682074933545993,21.610838898501374
37.86,1.8547025824197265,-0.08071049604459012,20.97653402982061
37.87,1.201151553791029,-0.5987970110465933,20.351754545558194
37.88,0.5940308649730406,-1.0762363382834486,19.743045252876186
37.89,0.03022432702758504,-1.5227562055967192,19.155792900238104
37.9,-0.495443839318241,-1.9484990636070536,18.593836300091112
37.910000000000004,-0.9899215230604353,-2.364146501908025,18.06022468850419
37.92,-1.4608039137959419,-2.78016030431743,17.557661728650537
37.93,-1.917328691522284,-3.2075272073910894,17.088510682070375
37.94,-2.368139525920194,-3.6567243610961393,16.655948019569212
37.95,-2.8238201425287426,-4.13895569514767,16.262924654005545
37.96,-3.2937698282673704,-4.665003681293063,15.91474444019677
37.97,-3.788622205914993,-5.246076907438401,15.61646203614135
37.980000000000004,-4.319482834664039,-5.89336149406473,15.376428160696797
37.99,-4.895852262504335,-6.617453880285708,15.2054380509967
38.0,-5.530358251243673,-7.429490622503069,15.11459816434544
38.01,-6.231746753917154,-8.335820581008312,15.123315206633645
38.02,-7.008962912638045,-9.342993318017719,15.25220864524323
38.03,-7.872569362290083,-10.453174596747575,15.525537312901486
38.04,-8.821485620009653,-11.650407554740356,15.975058522638204
38.050000000000004,-9.855318138831,-12.917586103568826,16.63453532664329
38.06,-10.965204188818255,-14.214821752647884,17.537415893374654
38.07,-12.125339042103256,-15.476429341014432,18.712032537412657
38.08,-13.300565684231136,-16.615783585154816,20.177592093988096
38.09,-14.429209441372844,-17.511347710570092,21.923934122280155
38.1,-15.434280029858293,-18.0268714954402,23.90802689157048
38.11,-16.21271006953434,-18.014655896501722,26.029726905113236
38.12,-16.659919061835094,-17.36272357565301,28.14656175861956
38.13,-16.664972303670122,-15.995839000178263,30.073190627649492
38.14,-16.161590376590883,-13.96029264716635,31.625651985764478
38.15,-15.110152823395797,-11.360885822686917,32.65162275852789
38.160000000000004,-13.541008043822417,-8.393184378740981,33.08669868226197
38.17,-11.52970099167512,-5.2666638747355865,32.956742163717564
38.18,-9.192619001359093,-2.182944565114222,32.365130211894154
38.19,-6.6642775294484125,0.7084147059784631,31.46941098420057
38.2,-4.0716645057084175,3.318682324388675,30.43682997446245
38.21,-1.5241764276359946,5.607251783594102,29.41940550410105
38.22,0.8952384527297417,7.5674488407938405,28.535075204615783
38.230000000000004,3.1292980522185734,9.209869688941891,27.86439738630333
38.24,5.140725102561026,10.543546969902442,27.450035623389983
38.25,6.904206082707114,11.568369113504254,27.30180050616534
38.26,8.401095278347892,12.276564542646486,27.401793752895724
38.27,9.615468974543342,12.64629689938145,27.709628240937498
38.28,10.526393298583887,12.668458594155213,28.15421506306249
38.29,11.113152215485698,12.32991742557559,28.660815230512227
38.300000000000004,11.36893603876882,11.635491792396216,29.147855831986426
38.31,11.295788397603628,10.626187883936419,29.534474579965945
38.32,10.899027018640718,9.342828539158507,29.755651028986577
38.33,10.209959694023443,7.8622395566408425,29.772814945456545
38.34,9.263795366699851,6.2568484899541925,29.56982294343704
38.35,8.11751500123079,4.610381387447967,29.16165861677233
38.36,6.825335206133327,2.986683348292273,28.579257975150078
38.37,5.447697937339525,1.4405432347463758,27.868857530951335
38.38,4.036745505890389,0.003927106502752353,27.079569883039945
38.39,2.638803239838518,-1.3038286665570196,26.258924043328932
38.4,1.2879903174267224,-2.4802524705373274,25.447692511950972
38.410000000000004,0.009091729207259647,-3.5298327570472585,24.677999612470785
38.42,-1.1846317490593243,-4.465723349534379,23.973283750456172
38.43,-2.2861837074908222,-5.301120256164529,23.349684744929206
38.44,-3.295994450892258,-6.051329612072193,22.816901891817484
38.45,-4.219070634686353,-6.7300864772958455,22.379510982051855
38.46,-5.059983790164425,-7.346252163332497,22.039667281170992
38.47,-5.826717473159367,-7.909821304245141,21.797696029450012
38.480000000000004,-6.530991447598529,-8.42752450448743,21.64867396702062
38.49,-7.172350393682237,-8.89623926703888,21.590477908561727
38.5,-7.750044947964368,-9.312588517838595,21.62109844871041
38.51,-8.273050729004376,-9.675885966405653,21.73278292759817
38.52,-8.740657760869627,-9.978421942463822,21.914666035735657
38.53,-9.145938906648647,-10.209487204969216,22.1569915642154
38.54,-9.486901302764629,-10.358925418359636,22.448969242275144
38.550000000000004,-9.758473193373316,-10.418389562272958,22.77369322118438
38.56,-9.951220690413583,-10.37990163025237,23.112479783973882
38.57,-10.056041554639151,-10.232257419812909,23.44753963737241
38.58,-10.06851161679786,-9.974208582360417,23.760082064281658
38.59,-9.98639587091682,-9.614019951170132,24.029655872997786
38.6,-9.806891635547816,-9.158758722989244,24.236138992518423
38.61,-9.529279124611245,-8.61485403047085,24.365984708645716
38.62,-9.163173164214772,-8.002840164646916,24.411659228127952
38.63,-8.71688113835712,-7.341894630309096,24.36532830744152
38.64,-8.20008209946682,-6.648279287712227,24.226145046993533
38.65,-7.630672981248825,-5.944940977799837,24.00071082840589
38.660000000000004,-7.023217481265423,-5.250118920976015,23.69417254109918
38.67,-6.392606057172201,-4.577010481309701,23.31700694314943
38.68,-5.755709463307836,-3.9395113352785334,22.882249653836244
38.69,-5.125582147605916,-3.3460484797612406,22.40024503852025
38.7,-4.513379035147125,-2.8009585412863345,21.883216629634738
38.71,-3.9298010410850064,-2.3079216302504677,21.34265800034001
38.72,-3.3810162860197908,-1.866310195989486,20.78665731765313
38.730000000000004,-2.8710365333777386,-1.473629524910515,20.223146768302087
38.74,-2.4031292273235896,-1.1269223900771566,19.659302748101762
38.75,-1.9773587109071338,-0.8215877947285933,19.099307783377277
38.76,-1.5930332818479955,-0.5528193808509069,18.546845866441274
38.77,-1.2478217700275027,-0.3151443886219207,18.004818799225863
38.78,-0.9385889807956482,-0.10322178693706528,17.4749570789959
38.79,-0.6614382057931043,0.08841261027054045,16.958580551083656
38.800000000000004,-0.4120387482772513,0.2650636985077418,16.456476855496682
38.81,-0.1857580429828728,0.43192080109644365,15.969120673373807
38.82,0.022133681291458648,0.5940334954503419,15.496777222713995
38.83,0.21645002322852466,0.7563853284767474,15.039593211293921
38.84,0.40196179635161344,0.9239675997593815,14.597687024550355
38.85,0.5837108629480106,1.1019803778339203,14.17119089217274
38.86,0.7666849007544627,1.2957818668928947,13.7603255560869
38.87,0.9561175987128874,1.511306803072709,13.365547865727722
38.88,1.1574057630605599,1.75477291735855,12.987447790583062
38.89,1.3765445072415559,2.0336546461879275,12.62720202681221
38.9,1.6197074981604993,2.3557938915880343,12.286215574089317
38.910000000000004,1.8943114010522812,2.7309320968147,11.966980479773504
38.92,2.2081061643385795,3.169789864476667,11.672619159255337
38.93,2.5703884388897005,3.6848762988094443,11.407944743579607
38.94,2.9916947576133004,4.29127025775563,11.179639354513046
38.95,3.4836923224792677,5.004704441299723,10.996631193523983
38.96,4.060722183559403,5.845252010687465,10.872740962363672
38.97,4.737548334698718,6.8321290287547995,10.824354113822562
38.980000000000004,5.53204803912689,7.987705030508335,10.878650372241577
38.99,6.462648998977001,9.33331076874568,11.066051520434419
39.0,7.5471035839668765,10.882523263345043,11.435286308575302
39.01,8.804199099750099,12.647172714793243,12.043192976318537
39.02,10.242582117239412,14.607878947377307,12.965108107989954
39.03,11.860495832076117,16.71920641161911,14.289511703464623
39.04,13.636867610003016,18.883022860253096,16.10871020580195
39.050000000000004,15.51486367930417,20.92771309029432,18.503877368033827
39.06,17.389211784140752,22.593470125368597,21.502329430288736
39.07,19.10173513285219,23.54438580951646,25.050370789053567
39.08,20.423779898785632,23.405075161999367,28.92353895657564
39.09,21.101065327722218,21.881850151328194,32.74675555779826
39.1,20.88897249030752,18.859614693626966,36.0420025662099
39.11,19.632519646820185,14.532960750420084,38.34220919064402
39.12,17.325144388354822,9.349354586161944,39.4047269274656
39.13,14.109408933656407,3.8684468335611752,39.276294954594256
39.14,10.249984306009164,-1.4003876439040432,38.273691416628694
39.15,6.056519092783622,-6.113457547604124,36.851357548102925
39.160000000000004,1.8217072454399084,-10.098695837983062,35.46140092011562
39.17,-2.2176668384423377,-13.301292728339487,34.452383951207416
39.18,-5.884752796236668,-15.696104801880008,34.030691179278534
39.19,-9.0438407586506,-17.23552619307495,34.259195177710644
39.2,-11.581150632427764,-17.845818845416954,35.052536434416595
39.21,-13.391045898130079,-17.443385658686157,36.21659428260707
39.22,-14.3850463475271,-16.017728306532067,37.45762997113738
39.230000000000004,-14.512651541508529,-13.64413645625225,38.48272537538399
39.24,-13.776720701798347,-10.520922786332989,39.04186413787744
39.25,-12.25776376767374,-6.941810327756395,39.014823497741105
39.26,-10.103721495057863,-3.224454503773619,38.42710133994917
39.27,-7.50547775199022,0.35211457822418835,37.42019455901683
39.28,-4.668992062256884,3.587594384614386,36.200791965082786
39.29,-1.784781556795508,6.366833697911673,34.97875509703794
39.300000000000004,0.9894655623912316,8.638514713262557,33.92289260300529
39.31,3.5340476991790437,10.389203232970946,33.14051053268217
39.32,5.761739681422662,11.615092981191454,32.674545172946274
39.33,7.6111359308374205,12.314933458951772,32.50738914883115
39.34,9.037098386395419,12.485881225299071,32.574818888814896
39.35,10.012519117621943,12.146798708605303,32.77613466830056
39.36,10.520529986951518,11.321933706559935,33.00226452329302
39.37,10.56979502992832,10.08092152779914,33.14394043805326
39.38,10.182806142326388,8.504947362456747,33.118702237791865
39.39,9.405943632877515,6.703195568264125,32.87434896016696
39.4,8.30819017114437,4.789330395666227,32.405861748222016
39.410000000000004,6.965858678774808,2.867318905681296,31.736390576602393
39.42,5.464205820224512,1.0225696495019951,30.91847896670099
39.43,3.881380909156731,-0.6871773239524841,30.01357195534165
39.44,2.287502736258817,-2.2263200128271365,29.083690384968822
39.45,0.7392146068510232,-3.580541797338509,28.18313724495934
39.46,-0.7234924031682541,-4.7512907657523975,27.35187424329741
39.47,-2.072044628500999,-5.746456238037373,26.61809500127879
39.480000000000004,-3.290704433971995,-6.579322454333838,25.99668083135228
39.49,-4.371797175666947,-7.262024395895809,25.4916212587033
39.5,-5.314284217845115,-7.807786380635237,25.09960624062672
39.51,-6.120991535910348,-8.225324938626239,24.8100459580228
39.52,-6.794022330930447,-8.521803725707136,24.60916365636278
39.53,-7.336306203442924,-8.70394403810107,24.482042568153172
39.54,-7.756855820565567,-8.775859082860977,24.406268787771687
39.550000000000004,-8.059838764857572,-8.744648152591953,24.364318028758824
39.56,-8.248231548263323,-8.618042047905234,24.339990109063
39.57,-8.32605906991614,-8.403324713563114,24.3156447815519
39.58,-8.303646425266034,-8.10929815710347,24.271768737910286
39.59,-8.191055242034734,-7.750396562180878,24.198115178769594
39.6,-7.997518253347028,-7.34051385621541,24.084365666106606
39.61,-7.732430328151161,-6.891156456545675,23.921444189347532
39.62,-7.409240871073022,-6.418123148633207,23.70931483052261
39.63,-7.041147725829322,-5.936874926299973,23.447773732524837
39.64,-6.639398876152873,-5.458425382732088,23.136766802728857
39.65,-6.21697881189831,-4.993977781233631,22.782628470168525
39.660000000000004,-5.786518960709102,-4.554205292187538,22.390947118533262
39.67,-5.357961140895521,-4.145615681164621,21.966563119900872
39.68,-4.9406268325283325,-3.7733147405953464,21.51722718842822
39.69,-4.543466880888984,-3.4419749299285,21.049430580031324
39.7,-4.172375457152283,-3.1533343510360963,20.56803540218501
39.71,-3.831977430171385,-2.9080112473046875,20.078791919304567
39.72,-3.5265642563701163,-2.7063560120453944,19.5869853984788
39.730000000000004,-3.258342836552777,-2.547749254171143,19.09580153528383
39.74,-3.028774815625946,-2.4316216914905326,18.608147786449013
39.75,-2.8393247394103933,-2.3574195920137604,18.126951435352822
39.76,-2.6902679398345852,-2.3239374858708453,17.65488449270561
39.77,-2.5806579692696,-2.3304031409623813,17.19358656466498
39.78,-2.511692967223735,-2.3781048562444584,16.744539433212395
39.79,-2.4846276860576855,-2.4683728203112816,16.309229446291123
39.800000000000004,-2.4989550451803044,-2.6017453034747513,15.889219381822882
39.81,-2.555099756135646,-2.7808113532215346,15.486459742592556
39.82,-2.6557631778545834,-3.0100092634241538,15.103018952496246
39.83,-2.802692473717389,-3.2931390174559967,14.740926709832872
39.84,-2.998483763040287,-3.6358245081223917,14.403697985568792
39.85,-3.248573495516183,-4.046537076659922,14.096057381413877
39.86,-3.557996241801187,-4.533378537892292,13.822614602764276
39.87,-3.9325098155027183,-5.105551907715762,13.590788754353566
39.88,-4.380770474209589,-5.77537616892283,13.411571739565177
39.89,-4.911421019968244,-6.5549639067890455,13.295901413307874
39.9,-5.5341451041892435,-7.455875452977792,13.261702533592207
39.910000000000004,-6.259774853615347,-8.490092875497801,13.332477772285303
39.92,-7.100400575174043,-9.669618674340823,13.53335481533897
39.93,-8.06313152133592,-10.992017121061917,13.903487814024087
39.94,-9.153258859728242,-12.45023782408485,14.486612827820789
39.95,-10.373596220712745,-14.02394324719247,15.333319128813965
39.96,-11.706481259966774,-15.652896397239,16.496109053901463
39.97,-13.128660618790336,-17.25783204463669,18.02970005587555
39.980000000000004,-14.580916372658383,-18.699335728833734,19.95964129680255
39.99,-15.983757510741276,-19.803344204641597,22.28537650785683
40.0,-17.21562653254278,-20.350877258628508,24.934099861274124
40.01,-18.129551291336938,-20.13094474845415,27.74792536527651
40.02,-18.559630294513926,-18.964009510023935,30.49452467746128
40.03,-18.36187158478318,-16.81208612489813,32.872571089830544
40.04,-17.44190695557571,-13.768050832383507,34.621672375152244
40.050000000000004,-15.786044869292015,-10.0798827822439,35.56311933509219
40.06,-13.473961763562878,-6.074742859987454,35.68368705087532
40.07,-10.65753291768571,-2.0727467922223703,35.11920798064435
40.08,-7.527075624951784,1.6756066987621638,34.10441207586354
40.09,-4.276289274901766,5.017004083774688,32.90851099710048
40.1,-1.0725354262005729,7.8834550991244585,31.77387364679323
40.11,1.9542250136501824,10.25840916337288,30.88430408966727
40.12,4.7127460288965946,12.14386656434021,30.34968451287716
40.13,7.13618929179046,13.530655176544778,30.2140862211853
40.14,9.172469202023274,14.392464231955241,30.456183324967082
40.15,10.774586743360736,14.69513572019027,30.999355728889604
40.160000000000004,11.900063847492156,14.403796422443149,31.725547320297483
40.17,12.515643999461329,13.531009951361622,32.479478508652825
40.18,12.599369313549174,12.102718314075938,33.115120279769116
40.19,12.165118073593861,10.221320293186455,33.50469008122519
40.2,11.248663461172885,8.010955070970237,33.57105994269
40.21,9.917660593758175,5.62409856945307,33.29073963369339
40.22,8.270115976250443,3.2103767113261252,32.704500348800536
40.230000000000004,6.408635197226352,0.889023054337669,31.887618249071213
40.24,4.4385750999377285,-1.2530037211017517,30.937238793833764
40.25,2.4529793608539165,-3.1677239545066795,29.95044280584146
40.26,0.5271751711761463,-4.835034753407145,29.00991831917478
40.27,-1.283693070141446,-6.2547808559530615,28.176444540239892
40.28,-2.9415876796293396,-7.436686708398929,27.489838869869175
40.29,-4.423398846171896,-8.392678544362958,26.9687361601324
40.300000000000004,-5.71601629924929,-9.13189049181198,26.612943829160635
40.31,-6.813274568949485,-9.662670526401026,26.410197818495664
40.32,-7.712696923871625,-9.985361099904871,26.336428261628956
40.33,-8.41123714446941,-10.106257237245439,26.357865611723764
40.34,-8.905846662757918,-10.031781890723774,26.440015249924794
40.35,-9.199341940762167,-9.764834609161678,26.542498823644877
40.36,-9.30066427404612,-9.324933424444348,26.62968245140105
40.37,-9.217748188347679,-8.733476653382565,26.66737201598399
40.38,-8.962218198709959,-8.012653692087573,26.628684272932855
40.39,-8.555528069361385,-7.1981016671994595,26.49868668202911
40.4,-8.01614157673148,-6.319316678027731,26.26540118534375
40.410000000000004,-7.3720158308858235,-5.41004917339924,25.933319683948636
40.42,-6.6496728954143975,-4.5008243399455985,25.508138940095613
40.43,-5.874869586362953,-3.6137398227194395,25.003657069988083
40.44,-5.074221942715203,-2.769293825137172,24.436553647572296
40.45,-4.268473457051579,-1.9782689710680847,23.822891766039447
40.46,-3.476871217172935,-1.2477442485640335,23.180471127957407
40.47,-2.7133540075812714,-0.5794328795786285,22.52319463058467
40.480000000000004,-1.9865428758471526,0.03032693360045355,21.863817459740165
40.49,-1.303068060316563,0.5863434369829021,21.212973579484046
40.5,-0.6643185664083188,1.0965949960801866,20.57806067759806
40.51,-0.06946234307112742,1.570155276479348,19.965352131518664
40.52,0.4852178289067204,2.0169283957668247,19.379183605420387
40.53,1.0053845600409224,2.447474153751493,18.82299700183205
40.54,1.49787720533928,2.8722028110728064,18.29965789935557
40.550000000000004,1.9711489983976136,3.302008873921621,17.811515659289388
40.56,2.4337251432551854,3.7473205036348594,17.361584362042514
40.57,2.8951372989377733,4.218834682677633,16.952675979101475
40.58,3.3654375875268547,4.727226975177967,16.58911854095943
40.59,3.8535138357141343,5.282567690322754,16.2764597553635
40.6,4.371129615854858,5.895813807593646,16.02051775674424
40.61,4.926943459089764,6.575934236053102,15.831983703886184
40.62,5.5312722340354865,7.332905619570171,15.721023903022095
40.63,6.19501449443327,8.17397108434991,15.701870464604395
40.64,6.923494369072153,9.100588153936425,15.794975023299717
40.65,7.724620224442602,10.115751554316416,16.021103862374414
40.660000000000004,8.603304868070069,11.210971697606508,16.40510123510444
40.67,9.55314726942688,12.362396327836057,16.974787352868987
40.68,10.570346501252361,13.543876168691167,17.760722793095585
40.69,11.631970750064815,14.69722757476548,18.783487733075095
40.7,12.708098909089452,15.75134442675877,20.061580682084685
40.71,13.748668826353928,16.607884554866995,21.585377297827506
40.72,14.68943043232261,17.150101428579646,23.328335763620284
40.730000000000004,15.446895362500083,17.26088450088352,25.207808747439806
40.74,15.92728272446761,16.823819886545145,27.117170055538864
40.75,16.043917636733205,15.787177383670665,28.90067683374607
40.76,15.713576062639762,14.12753428410742,30.403012939234
40.77,14.913008544722983,11.950427088480641,31.48524318171342
40.78,13.63845894101052,9.380174567442598,32.0613094530837
40.79,11.945371739233291,6.598486213763097,32.12367137575623
40.800000000000004,9.922310109571185,3.778174727566774,31.736042857696184
40.81,7.678481798214931,1.0664957572921991,31.009869362359716
40.82,5.328900091760744,-1.4358005224864407,30.084369351608068
40.83,2.97472923994183,-3.6767990330175575,29.09441294812817
40.84,0.6974277630859005,-5.639058028020701,28.154345376941684
40.85,-1.442934285314946,-7.326039739186294,27.35119819390469
40.86,-3.409117659067599,-8.752601764714665,26.740002017587994
40.87,-5.17683989151813,-9.928630793224917,26.34956159279558
40.88,-6.733262873320549,-10.858204341880025,26.188131024532144
40.89,-8.065906807366831,-11.534832318837616,26.23501250937724
40.9,-9.162512429499419,-11.947569164065596,26.462030369575064
40.910000000000004,-10.01557635791822,-12.076055074870801,26.824070350963385
40.92,-10.611323747747685,-11.919142993431855,27.257764017752063
40.93,-10.935410003095978,-11.476185550010074,27.698563364134156
40.94,-10.98457731541749,-10.75266934297386,28.0836386458765
40.95,-10.769815951078096,-9.790672267817211,28.358597795713216
40.96,-10.299543809264456,-8.628618718734005,28.476852388760204
40.97,-9.603746883542325,-7.327127861058224,28.419164228888985
40.980000000000004,-8.713584194625643,-5.944372453107796,28.176758823243592
40.99,-7.674989079145148,-4.539904046016624,27.767532779904382
41.0,-6.5318892866664,-3.1635122742258632,27.215693918047858
41.01,-5.330069651917176,-1.8519166834725502,26.558143582700662
41.02,-4.109732633736056,-0.630210396820726,25.830987091102607
41.03,-2.905000974471773,0.4901891420169282,25.070770493159774
41.04,-1.741665403049472,1.5067232166295403,24.307692872210602
41.050000000000004,-0.6368121187875122,2.4260417967790406,23.567266582715977
41.06,0.39912175544984185,3.257792356571997,22.868470895067475
41.07,1.3634385742396602,4.016060964678033,22.225057976562056
41.08,2.257617741059948,4.714990119930388,21.646760369311327
41.09,3.086726087820465,5.367960729526583,21.140248797493577
41.1,3.859538839073906,5.989319755987182,20.70975091018434
41.11,4.584807790404235,6.5891113379514366,20.358603296922908
41.12,5.269592985255713,7.175345527987685,20.09106300997837
41.13,5.928292353238529,7.758424464395284,19.907462624972464
41.14,6.565084186705319,8.338224764381843,19.811750867768005
41.15,7.180946894029755,8.912188202510741,19.80923155434161
41.160000000000004,7.783821334434601,9.480583606106041,19.902400983072866
41.17,8.375628181318627,10.03504200162144,20.09122068815596
41.18,8.949947782490902,10.561001596669264,20.376933532374107
41.19,9.505892138257066,11.045425643557516,20.760476524451636
41.2,10.031440096218057,11.465755129651876,21.233395942878747
41.21,10.51008061848809,11.796121669220126,21.785338651580368
41.22,10.928677029739204,12.010786134302222,22.406014420029265
41.230000000000004,11.265748827695532,12.085759545261077,23.067433192458473
41.24,11.497779831976272,11.995609071881118,23.740149243189645
41.25,11.604747084216212,11.720659445705788,24.39560919578501
41.26,11.571602363764338,11.26243507096538,24.99288837332676
41.27,11.380981475385218,10.618900716762436,25.493600533872495
41.28,11.028614718440899,9.806697705284487,25.870839628630467
41.29,10.52151964210532,8.861010371073192,26.099195996803253
41.300000000000004,9.865230869167636,7.80984713509746,26.164368536049615
41.31,9.084130585236746,6.697788038700772,26.06888880638525
41.32,8.199816584159485,5.5620000019974745,25.818738953996988
41.33,7.2432190012773425,4.437838248904045,25.435577688911675
41.34,6.244063443479257,3.3557210563927145,24.942048118965232
41.35,5.229153264837586,2.3334822325177487,24.365071836090497
41.36,4.224608959214052,1.385483622058093,23.73175732028532
41.37,3.248264672037949,0.5144918642119254,23.065078396006843
41.38,2.315286889058164,-0.28038198436638684,22.38710869255163
41.39,1.4340707846350451,-1.0054066748769577,21.713923204144656
41.4,0.6084989952609751,-1.6702636716309633,21.059217589655226
41.410000000000004,-0.16185221241401515,-2.2863483354733485,20.432890134801067
41.42,-0.8807643394388375,-2.8663950491099786,19.8426579063813
41.43,-1.555169660105454,-3.4236216355363864,19.294162209878863
41.44,-2.1928521917174764,-3.970747935747697,18.792441370691122
41.45,-2.8046253902545852,-4.521079538942918,18.34138582571506
41.46,-3.3997781639140223,-5.0859893076354865,17.946198227697348
41.47,-3.990923981103674,-5.6779496074394,17.610900019182093
41.480000000000004,-4.587815173760424,-6.306322810829476,17.342948185632533
41.49,-5.200572491187969,-6.980542557312751,17.150012109394922
41.5,-5.8420069413361375,-7.709213153708982,17.040428243944444
41.51,-6.517052063445766,-8.493663349033378,17.02861487832482
41.52,-7.232535643360032,-9.336417971788906,17.12894148482276
41.53,-7.997134620226573,-10.235478502354633,17.356413819568125
41.54,-8.806166105744136,-11.173208772500946,17.72929996311361
41.550000000000004,-9.656717494861638,-12.132087685038119,18.267107052508496
41.56,-10.539709318741094,-13.079471828083596,18.984781196845258
41.57,-11.431465761840036,-13.965333408658662,19.89058789242106
41.58,-12.306476404419417,-14.732130817354639,20.98882125395242
41.59,-13.118776639047661,-15.302685923346171,22.256051744991424
41.6,-13.819472031115806,-15.595261341260041,23.66302079101132
41.61,-14.34449091909446,-15.533970410108235,25.133581794017235
41.62,-14.628481048216553,-15.046483018138696,26.58891549931715
41.63,-14.616502668022429,-14.11570339484179,27.91570884923151
41.64,-14.256244061933204,-12.736604705462042,29.009929275178415
41.65,-13.539517343271552,-10.986985571899496,29.785334213691588
41.660000000000004,-12.468129261736165,-8.952788339091606,30.185692063792256
41.67,-11.087084918809696,-6.759237191043517,30.207375291938835
41.68,-9.45589399441304,-4.519993923851459,29.88633886578398
41.69,-7.6542290388814,-2.341683843992926,29.292923797706308
41.7,-5.761426451696609,-0.29539610697702146,28.51584786016195
41.71,-3.850393377457931,1.5745029458327011,27.644343354449546
41.72,-1.9825285497228724,3.250158142328492,26.760714275414394
41.730000000000004,-0.20120642417703893,4.734089601162896,25.92956353002327
41.74,1.463236209634979,6.037039173085241,25.19986400971279
41.75,2.995690333021145,7.176583799026174,24.603227754931005
41.76,4.388680508322885,8.166230400851173,24.1578233208264
41.77,5.642616240480008,9.01824785090671,23.871445708731425
41.78,6.763195608777897,9.738218651924129,23.74124890424744
41.79,7.7444433690386445,10.31954101059675,23.75522779982635
41.800000000000004,8.579552955340784,10.754896414437464,23.900987531046415
41.81,9.273016277594404,11.034858881058389,24.15715429688826
41.82,9.82059134996032,11.149868292295714,24.49022160527873
41.83,10.21074137243607,11.091136403428898,24.86647405774448
41.84,10.434604291496983,10.8449922543871,25.250026116546962
41.85,10.491324511203931,10.418366457210006,25.6040015159587
41.86,10.381520551560934,9.830265981802134,25.89263644778313
41.87,10.104754510605297,9.095176911262817,26.08281382320616
41.88,9.672691570728688,8.239745026258978,26.15706764542989
41.89,9.103127629828085,7.300780293158356,26.102817357612484
41.9,8.413660803542824,6.308546552987904,25.91683875952671
41.910000000000004,7.633619441023609,5.300814796977697,25.609680903066653
41.92,6.787635813284422,4.306230348726899,25.192653465842163
41.93,5.903353573128584,3.3479170323101037,24.686848356433284
41.94,5.006343985525171,2.4447249680691527,24.112446893116715
41.95,4.116795051092192,1.604891526453049,23.490291964008136
41.96,3.2536651728263353,0.8342450447392287,22.840684451131548
41.97,2.4280934256396933,0.1306695297102971,22.17904818214907
41.980000000000004,1.647986018878222,-0.5110983390599805,21.51992811762744
41.99,0.9175401569786783,-1.0983735781323722,20.874110745423298
42.0,0.23638309785970124,-1.6411011887463314,20.24968236523601
42.01,-0.3985075188957352,-2.1502124280357564,19.65302534111574
42.02,-0.9924584951446259,-2.636988939138395,19.088858781110563
42.03,-1.5530684774019707,-3.1134065587130233,18.560896897725517
42.04,-2.088557974398902,-3.590885419152177,18.072648970899564
42.050000000000004,-2.609198720009955,-4.081437495612914,17.627053983741597
42.06,-3.1242085573000784,-4.595894328240602,17.228583863431094
42.07,-3.6446215641253867,-5.145716295486567,16.881146538562867
42.08,-4.181107318804067,-5.7414008693646155,16.591280303743265
42.09,-4.7427540154413,-6.392521373100251,16.36717451743206
42.1,-5.342367434929661,-7.109536145737985,16.216844496792056
42.11,-5.987442785473181,-7.897719572792594,16.155025904351266
42.12,-6.686375778559819,-8.763324336811786,16.196908613173736
42.13,-7.451661194292418,-9.711665467514797,16.359152409347484
42.14,-8.281208576074965,-10.728473212098034,16.665662990174656
42.15,-9.171233139805567,-11.797547257064794,17.14104040989523
42.160000000000004,-10.121725513255964,-12.899921594024804,17.810971394304836
42.17,-11.114888044560075,-13.987283205242846,18.693635201386044
42.18,-12.126769130619197,-15.001369795959116,19.807046282551006
42.19,-13.116976801944112,-15.860238462546496,21.147775450650798
42.2,-14.03127384862504,-16.464413169868045,22.697348153644054
42.21,-14.800408343096423,-16.710079341113428,24.396617083287286
42.22,-15.34168426034658,-16.4903303134821,26.15697488568351
42.230000000000004,-15.577252591209803,-15.742191148484105,27.855659669296504
42.24,-15.426161844950451,-14.425564200335016,29.350217477081493
42.25,-14.852716276521567,-12.599619436472272,30.513909560152154
42.26,-13.840528130079443,-10.361581728374247,31.24067309023346
42.27,-12.423358772419386,-7.8571257311752305,31.500828389271103
42.28,-10.662507028962981,-5.239650157263355,31.31630724622325
42.29,-8.653940882076993,-2.659216664352317,30.768103490239323
42.300000000000004,-6.49767647907444,-0.2217332138841963,29.968444043490802
42.31,-4.290672015278598,2.003882123202494,29.037680665282814
42.32,-2.116552900001719,3.986002538039382,28.088271112399426
42.33,-0.038250211095241626,5.720788471840849,27.21094340536235
42.34,1.9015853137687238,7.218176636745726,26.46994629112095
42.35,3.6758578365055192,8.49319972111294,25.907760022240684
42.36,5.270445041746774,9.557604047188736,25.54473912124899
42.37,6.677987507149063,10.414957615074016,25.382646262484577
42.38,7.889538645562651,11.061906015810644,25.405843742585756
42.39,8.901044217323006,11.489157549894362,25.593647091521504
42.4,9.706252060861821,11.684130907457153,25.90479361416605
42.410000000000004,10.291688313820043,11.639162428458564,26.29189216303909
42.42,10.645875078739763,11.33862298404098,26.703781719643906
42.43,10.768445868182013,10.794473832808315,27.08732841884608
42.44,10.6621917836567,10.035764779946042,27.391237791507745
42.45,10.329465928931969,9.085288051424083,27.570924489241833
42.46,9.791788468527908,7.988696244965506,27.604078100204987
42.47,9.07163198601877,6.793722691041007,27.473986005452687
42.480000000000004,8.202960291381537,5.5494196769958855,27.18701591249597
42.49,7.223459299152889,4.304343737980526,26.757253386168784
42.5,6.169963262448478,3.0931462767856086,26.210000246571106
42.51,5.080500902632577,1.9460679921855721,25.574950519354473
42.52,3.9857049045920547,0.8780330326911201,24.88203430149916
42.53,2.9136171086027347,-0.10138468956339697,24.16052285871108
42.54,1.881888089863272,-0.9940730510410616,23.43377118937448
42.550000000000004,0.9044153738487424,-1.8055325636863206,22.722873707716744
42.56,-0.012986518944569925,-2.5459240758335637,22.042333002666602
42.57,-0.8688215522601282,-3.227955514090856,21.40413011540041
42.58,-1.6663201542872745,-3.8648984916534026,20.81625049422009
42.59,-2.4111126269210756,-4.470275553896472,20.285177621220868
42.6,-3.112509382013545,-5.057906322877468,19.815130782730858
42.61,-3.778588802182897,-5.638678516810748,19.41111548591603
42.62,-4.42091200114572,-6.2248339463111115,19.076391104129318
42.63,-5.049626905956902,-6.824812218118323,18.815705020318518
42.64,-5.671196642817387,-7.444047819361428,18.63610300265771
42.65,-6.300301563863039,-8.0922337906213,18.541446423901565
42.660000000000004,-6.941214465368247,-8.767284463794645,18.5400840659662
42.67,-7.592869967841869,-9.46261327368195,18.642556774755057
42.68,-8.257373343600946,-10.173155818894813,18.85881025243104
42.69,-8.938517817726142,-10.888509928866567,19.194979888860427
42.7,-9.625293589884235,-11.584424856025228,19.656152498540514
42.71,-10.310525132841919,-12.237423590666022,20.25001802432341
42.72,-10.975443449712898,-12.810861127195139,20.970495138178787
42.730000000000004,-11.5923547922457,-13.260580137213152,21.803927393608333
42.74,-12.13588682173734,-13.541680229108223,22.73630807586027
42.75,-12.569121846690356,-13.611168835260731,23.724222852030472
42.76,-12.852886048684061,-13.42291482467439,24.72438267589679
42.77,-12.954286643968656,-12.955328476359293,25.68110088403612
42.78,-12.841532232525486,-12.20180951706261,26.526117308479336
42.79,-12.491907135084752,-11.169831630413427,27.206684135540435
42.800000000000004,-11.908026989952218,-9.911849656006263,27.674239151574916
42.81,-11.092895191491081,-8.474105306865871,27.898843583384092
42.82,-10.078289017539198,-6.929669140622965,27.87896278739894
42.83,-8.89732436362128,-5.341517759413779,27.627518937533004
42.84,-7.600403997616634,-3.7738297294347176,27.181787030738683
42.85,-6.232588741558287,-2.2716269352417706,26.583969436591378
42.86,-4.841165680708398,-0.8679937569360581,25.884640611285462
42.87,-3.4634126638875826,0.42180970784050054,25.12912541919431
42.88,-2.131224952097617,1.592803099011377,24.36021690144107
42.89,-0.8638519680435697,2.6516157745282696,23.609893362148256
42.9,0.3259585764525379,3.6102347740721807,22.905317121077008
42.910000000000004,1.434009098368886,4.483070955168585,22.264549660530243
42.92,2.461866991870361,5.286876263618969,21.701328013169988
42.93,3.415753025340054,6.0367609927657275,21.224187358297993
42.94,4.3020671398779955,6.7446637306865185,20.840329784025567
42.95,5.1331237492653745,7.4242662834520425,20.55327842471363
42.96,5.91708193858896,8.080759566044632,20.36622075752157
42.97,6.657381608948953,8.71523234913519,20.28424314174837
42.980000000000004,7.365824913387364,9.331596121379233,20.308458993978416
42.99,8.044372866851647,9.922133769627631,20.43847505359934
43.0,8.687979296575666,10.473975602688364,20.675263416406228
43.01,9.299362912807021,10.976399999336316,21.018175146096446
43.02,9.868981203274757,11.408308460655954,21.457100903524672
43.03,10.380293625592827,11.744359307155534,21.97972871455201
43.04,10.821814986221778,11.959297358669136,22.57469080854109
43.050000000000004,11.175092706099312,12.030737603631303,23.21420375780481
43.06,11.41756281748634,11.936164266478517,23.86583870136665
43.07,11.52903335350083,11.653691254569255,24.50049072943491
43.08,11.496510076943226,11.186444921700273,25.078716430450243
43.09,11.306193613699671,10.538600622678356,25.560382235694618
43.1,10.951218350131859,9.721887653005046,25.917882191425694
43.11,10.441443413747976,8.773592505204705,26.128844325037768
43.12,9.783360373644763,7.723375464460364,26.177613058556965
43.13,9.000913672344529,6.613706890303762,26.067804951450576
43.14,8.117640573250853,5.483590268723685,25.806111887075925
43.15,7.162949072950012,4.366122045228489,25.413355807964162
43.160000000000004,6.167746892929365,3.2920781942238126,24.91329797510438
43.17,5.157947296060901,2.2785056307315363,24.33166047585133
43.18,4.159459259410073,1.3389512878102918,23.69583634912449
43.19,3.190135444452528,0.47644708837010796,23.0281869926346
43.2,2.2641536195774736,-0.31086915352589223,22.3502034009615
43.21,1.3902517586293288,-1.028912560364412,21.67802323266801
43.22,0.5715979636505382,-1.6876877939155552,21.02463246174649
43.230000000000004,-0.19215000306821506,-2.298549945182002,20.399986144540357
43.24,-0.9049756364197714,-2.8740904524404463,19.811458815591013
43.25,-1.5738620709728188,-3.427627966532895,19.264636959102813
43.26,-2.2067048560044094,-3.9717186396506574,18.764450693403106
43.27,-2.8142562510809297,-4.519676149356112,18.314683775911938
43.28,-3.4060381212040887,-5.082844732272644,17.920520027374405
43.29,-3.993890140297232,-5.673352913186882,17.586240380277346
43.300000000000004,-4.588733014909173,-6.301160179599858,17.318652149018337
43.31,-5.199277271004056,-6.9746376177203455,17.12647254075351
43.32,-5.839293625918362,-7.703699297198803,17.017173427531844
43.33,-6.514476569293848,-8.489634920631753,17.004996029456514
43.34,-7.229183945359031,-9.33259348215158,17.105367694328194
43.35,-7.993327962345948,-10.23320354911818,17.333391120804933
43.36,-8.803800274129197,-11.17423953003249,17.70678886787314
43.37,-9.65514384141541,-12.135396889491792,18.24467387796083
43.38,-10.540514570833611,-13.087064299318508,18.96405538492436
43.39,-11.434901527358386,-13.977248436384304,19.87137702218898
43.4,-12.313045864452619,-14.748590241161896,20.972805047319376
43.410000000000004,-13.129226128093128,-15.324258325612549,22.24397153417851
43.42,-13.833447882080476,-15.620535622884999,23.655935459292593
43.43,-14.362755923628356,-15.562666684940273,25.133702281835806
43.44,-14.649715101192058,-15.076217010510968,26.595312114584093
43.45,-14.640201814182165,-14.143812545761353,27.930679365708762
43.46,-14.281486654228441,-12.762691847326634,29.030566373043488
43.47,-13.563693202180511,-11.006266533306995,29.81175820574031
43.480000000000004,-12.489761180362033,-8.964625069355469,30.21525261354606
43.49,-11.104644839423216,-6.762127721998679,30.23885933149685
43.5,-9.467415276567326,-4.51368151700532,29.9172096307655
43.51,-7.6593402053737885,-2.326855305059277,29.322513300333387
43.52,-5.759284294665849,-0.2726722048482013,28.543267430104382
43.53,-3.841229085926498,1.6036260821476525,27.669827962071878
43.54,-1.9666677819914828,3.284619714523444,26.784957729727452
43.550000000000004,-0.1791170850603402,4.7726410731623545,25.95330530278941
43.56,1.4906421806888663,6.078694902202368,25.224672969900272
43.57,3.027632049421199,7.220007697014392,24.630090700863228
43.58,4.424273962557768,8.210476964471592,24.18830441022669
43.59,5.679578486821216,9.060713332107452,23.905852740978744
43.6,6.802065364849869,9.778732546602214,23.78165666021893
43.61,7.786813409553167,10.357449007538214,23.801809503178518
43.62,8.624671878866595,10.787244191359292,23.951064446346358
43.63,9.311420504953738,11.057289783547871,24.211645091419815
43.64,9.851894816545913,11.1566916308321,24.550188384235533
43.65,10.235669020063417,11.0806312014229,24.929333714228544
43.660000000000004,10.451307407771823,10.824250380532504,25.311795535528884
43.67,10.493647117357993,10.382704618097485,25.65973211436368
43.68,10.367649594394203,9.775703684359046,25.940332916018402
43.69,10.077950943703602,9.027143406515641,26.122251877639552
43.7,9.631041915643555,8.158616737817841,26.18408309664141
43.71,9.048205884214468,7.208989991100389,26.1180917765613
43.72,8.34735809461632,6.21053823921907,25.919391146514094
43.730000000000004,7.5564058559475,5.197567074594603,25.599653617250002
43.74,6.70303134151328,4.2017492903656,25.172377407493677
43.75,5.812703203925664,3.243796555606998,24.656979956052147
43.76,4.912027179765821,2.342409801169649,24.075735232111352
43.77,4.020866259155862,1.505882423801073,23.448297551851223
43.78,3.1567114049827776,0.7379889520156893,22.795133396191634
43.79,2.3317875341969776,0.03757376731838802,22.13207648501386
43.800000000000004,1.553090018116174,-0.6013465014523223,21.472821983105124
43.81,0.8243671127283558,-1.1865178817275295,20.828121467792784
43.82,0.1448840349571601,-1.7280806843712826,20.205871908005538
43.83,-0.48865286447919976,-2.2371407630294295,19.61235165397674
43.84,-1.0818473289702597,-2.7250604212090908,19.052167505603773
43.85,-1.6424276257174288,-3.2038667699048844,18.528997944439745
43.86,-2.1788542209660853,-3.6850332555917915,18.04638305643898
43.87,-2.701319021749356,-4.180503271945968,17.607319682440938
43.88,-3.219581890926111,-4.7012918181654735,17.216267930472736
43.89,-3.7438501742633434,-5.258402537547698,16.87777700489453
43.9,-4.285801444470872,-5.8627283851265934,16.597852048032593
43.910000000000004,-4.853866174190089,-6.523125966520686,16.38579445795847
43.92,-5.460685227113348,-7.250282753378127,16.249523544750282
43.93,-6.114638314037736,-8.049231914106137,16.203575939441176
43.94,-6.821485181075567,-8.922832505233664,16.264958404543254
43.95,-7.592361802089345,-9.875859381190363,16.450804845064916
43.96,-8.4277333377598,-10.895802626481826,16.78357511428234
43.97,-9.323620387880124,-11.964828282214894,17.287503077451493
43.980000000000004,-10.277987779103558,-13.059892903532818,17.98807480046254
43.99,-11.269234980644333,-14.129139246817658,18.901887043709433
44.0,-12.273620786643223,-15.113402634517586,20.046482936460873
44.01,-13.246275623957267,-15.926809457033396,21.411750365231306
44.02,-14.13326701142952,-16.46994644886078,22.97856717328874
44.03,-14.861999450298226,-16.640825860458698,24.67700415453068
44.04,-15.351102810399466,-16.335282209761306,26.41958605548779
44.050000000000004,-15.524377592058709,-15.501685389107658,28.075537730875496
44.06,-15.304223878072026,-14.10586979001519,29.508461884935013
44.07,-14.663821014837813,-12.223961027900835,30.59391730782441
44.08,-13.590416746269064,-9.953066977287264,31.23854729230134
44.09,-12.125090226953532,-7.4445864459372935,31.421191349460248
44.1,-10.334004929203076,-4.848301920539518,31.174629345742076
44.11,-8.312477143555146,-2.3067567739455623,30.58308671552151
44.12,-6.160866912485153,0.08062875104169964,29.7608262782582
44.13,-3.9724446221498235,2.2528471794215923,28.825420457830056
44.14,-1.8269363133759606,4.182984351295357,27.88479230895424
44.15,0.21631257652465408,5.87001021532583,27.025195844048483
44.160000000000004,2.1184506354882373,7.325598860695969,26.306109509614767
44.17,3.8546286830694205,8.564375963369391,25.766583716130956
44.18,5.412729939022608,9.598004435496241,25.42461064630599
44.19,6.786411977875609,10.42923736066985,25.27979677925771
44.2,7.966860623109499,11.054203017312648,25.315871377355965
44.21,8.950285636324836,11.463450601593692,25.5117925011306
44.22,9.731090567815679,11.644553643547619,25.826532133207586
44.230000000000004,10.296080170018728,11.59023440395942,26.213209100551946
44.24,10.633759346648768,11.28551619995847,26.621517587457504
44.25,10.743875535759816,10.741535699254785,26.999651079087638
44.26,10.629847399889506,9.98781242143393,27.29799247946097
44.27,10.294152752802157,9.047385532975786,27.47278717910187
44.28,9.7575236101146,7.963909917492615,27.502652133570095
44.29,9.0429030951553,6.785098799955871,27.371871406358533
44.300000000000004,8.182688197901893,5.5579226846110705,27.086215457698525
44.31,7.214553058181666,4.330399526174185,26.66017053030619
44.32,6.173989153196253,3.1360930936844844,26.117831430574583
44.33,5.098523877698806,2.0046496728335956,25.488663387656192
44.34,4.017966876077164,0.9508013830572777,24.8015026991659
44.35,2.959773582592259,-0.016213072552835217,24.085238729728662
44.36,1.941433656548269,-0.8978458715786157,23.362604564599888
44.37,0.9761824314412764,-1.6998572086110186,22.65425622875094
44.38,0.07016212451263959,-2.431888049400338,21.974663151362325
44.39,-0.7753897826492765,-3.1065317808073836,21.33549189707004
44.4,-1.5635792067536918,-3.736989682653837,20.74477479725389
44.410000000000004,-2.299992103306424,-4.336570288185899,20.208927313067253
44.42,-2.9938205480408246,-4.91919022778367,19.73222943405234
44.43,-3.6534284294926076,-5.4959668964517014,19.319564271488087
44.44,-4.289756379403611,-6.07893075608447,18.97456004186521
44.45,-4.913734495490617,-6.67738294825118,18.70168262181454
44.46,-5.5318883240698735,-7.297017022920617,18.508180882628753
44.47,-6.15835562623467,-7.947617959685476,18.398295435756804
44.480000000000004,-6.7987207845503,-8.628623236780317,18.380481938001914
44.49,-7.452683314747725,-9.33447141387333,18.46578921632991
44.5,-8.123121181740379,-10.061166416771963,18.664689402042413
44.51,-8.814191789474776,-10.799087711997814,18.984514988811487
44.52,-9.515732621600042,-11.524885028749635,19.4320974155085
44.53,-10.221677729693493,-12.216201557495246,20.016855113928635
44.54,-10.91377608172449,-12.836058565882224,20.734930845782422
44.550000000000004,-11.56461369654187,-13.339309307581932,21.575242778522302
44.56,-12.149102330663998,-13.679618041054136,22.526266574410283
44.57,-12.628824380215107,-13.809752060639942,23.54587352683589
44.58,-12.963116975740494,-13.679284829724526,24.591786970458987
44.59,-13.11608358941155,-13.261124122048614,25.606545743809207
44.6,-13.050438827550504,-12.539962337245532,26.51877191219775
44.61,-12.738833517146412,-11.51784598134134,27.271403545485747
44.62,-12.183460071221056,-10.251394368648285,27.809053606265152
44.63,-11.383753893509715,-8.787383186280598,28.09333220928242
44.64,-10.368945512320629,-7.198246228454677,28.121498189694645
44.65,-9.172836768150095,-5.5535489594816765,27.903158608125302
44.660000000000004,-7.846941740541009,-3.9212582061047554,27.47619130437472
44.67,-6.439473159564667,-2.3527707767345696,26.884495469078967
44.68,-5.000572682231096,-0.8842994376583166,26.181904661020884
44.69,-3.571098873317069,0.4654289881093474,25.417408250005135
44.7,-2.185561753194809,1.690296730801677,24.637235436182095
44.71,-0.8658969306191224,2.7959255884537333,23.87645332693018
44.72,0.3734790143148745,3.794339364526576,23.164452086950938
44.730000000000004,1.5271212533170213,4.700065264249711,22.520838177980096
44.74,2.595848883036376,5.530180071028883,21.960322890919556
44.75,3.585288085747296,6.29965008729486,21.491797676845028
44.76,4.5013399244670405,7.020128347231126,21.122426837543383
44.77,5.356323117129096,7.705095016209065,20.855369021895886
44.78,6.1577461389482675,8.358559093300878,20.692760970034126
44.79,6.907711843093718,8.979923417354852,20.638611952212035
44.800000000000004,7.615777767211342,9.570872126681413,20.693146445726015
44.81,8.284532238106356,10.123432483146862,20.853020238101127
44.82,8.90854180221639,10.623975231838518,21.116228264661565
44.83,9.488434213421554,11.059728356227186,21.478234025888987
44.84,10.012735605460861,11.409808160004548,21.92548012689649
44.85,10.466747588146113,11.650886238357534,22.443764407661103
44.86,10.838932668423718,11.760445961784225,23.01615116888391
44.87,11.110721544497308,11.721419322433896,23.61123353344326
44.88,11.262084889621994,11.514743377491552,24.197663215219457
44.89,11.27779412771409,11.128933439612075,24.74588395110285
44.9,11.150480992396043,10.575892013891028,25.219547432249744
44.910000000000004,10.871010814414737,9.864652603768247,25.58441562289218
44.92,10.440214432161369,9.014596877732995,25.820691163057138
44.93,9.87121464037892,8.062794144980495,25.913033140600543
44.94,9.174398629841594,7.038051874615144,25.85378548895584
44.95,8.37681759713819,5.9805499980930446,25.652479406185602
44.96,7.5025833877922885,4.924399430391325,25.319630637991565
44.97,6.578207892841269,3.895275664786389,24.87624253195413
44.980000000000004,5.631792875156483,2.9173654284491017,24.345651134401077
44.99,4.685286725586351,2.0025353216170254,23.750408667948772
45.0,3.7599382088779887,1.1591205311004669,23.114505879351842
45.01,2.8702451287017636,0.3879376870111926,22.45662683033115
45.02,2.025671981348955,-0.31562573652583525,21.793859266919455
45.03,1.2327557609338482,-0.9580119012672508,21.13999686596647
45.04,0.4922271363707125,-1.5492325014504598,20.504840090973612
45.050000000000004,-0.19772890896989204,-2.100427931087567,19.896568505265808
45.06,-0.8420924301755817,-2.6234489090250515,19.320935135048067
45.07,-1.4479927877097178,-3.13078254769258,18.782598622071152
45.08,-2.023871960446998,-3.6345439510896176,18.2855721704853
45.09,-2.5800163318231037,-4.147268912213267,17.833224399807552
45.1,-3.126192240126443,-4.680346620248202,17.430169240704274
45.11,-3.6733594782949246,-5.24544644590256,17.08072530623377
45.12,-4.2329473268759,-5.853455630094962,16.791169330510566
45.13,-4.813914273589779,-6.513686429063047,16.5701274915421
45.14,-5.42951246314027,-7.236806413782952,16.425332358691843
45.15,-6.087311650908283,-8.027444896126312,16.37131293938018
45.160000000000004,-6.794243106169348,-8.889773749661375,16.42375905725282
45.17,-7.561843763251508,-9.827699538552592,16.598987607572475
45.18,-8.38894169657676,-10.827748069218243,16.919054153211643
45.19,-9.272903601014237,-11.87440843002636,17.40724852350398
45.2,-10.211670298324615,-12.94421372626401,18.08699002328242
45.21,-11.18403381280477,-13.98721334912287,18.9739772012106
45.22,-12.167995884681988,-14.947176923652469,20.0850368507372
45.230000000000004,-13.119327281545866,-15.740906942062155,21.408986364368857
45.24,-13.987223388838855,-16.27395839594782,22.928587470261796
45.25,-14.70127998252049,-16.448521585929164,24.575226163062567
45.26,-15.184071059153915,-16.164611439502593,26.26714922662508
45.27,-15.362288337622406,-15.372390349331269,27.87848988676882
45.28,-15.161119769737905,-14.036767035389573,29.279802290783728
45.29,-14.554021023227884,-12.228627344593319,30.350519649269582
45.300000000000004,-13.526857659555564,-10.03758320748373,30.998852246821745
45.31,-12.117690601206682,-7.607354863209444,31.20117135786788
45.32,-10.38778314765143,-5.080832596331394,30.984193191214935
45.33,-8.428441503309957,-2.597079431357154,30.42544183625164
45.34,-6.335405949124656,-0.2537051968328228,29.63193817371732
45.35,-4.199314317030341,1.8869870195209824,28.715913171475254
45.36,-2.0983029801421287,3.796604045542478,27.782107268956167
45.37,-0.09088986650909181,5.472539468663252,26.915116280844927
45.38,1.783891643786915,6.925406762833792,26.174872087512185
45.39,3.50142963512996,8.170622207050751,25.601800896727166
45.4,5.0496337945689875,9.220943938842398,25.21579277506633
45.410000000000004,6.423358764878062,10.082094419267282,25.020670905783227
45.42,7.615388975902288,10.751659752284452,25.003767336694512
45.43,8.622384091043052,11.223514039597779,25.148698404235393
45.44,9.441639236223267,11.485329695448767,25.420849126281325
45.45,10.060610466250267,11.528117218188497,25.77830046849649
45.46,10.468288425126858,11.337351543114172,26.176538573304104
45.47,10.662295523196358,10.91465937326146,26.565997413388377
45.480000000000004,10.642934187812353,10.282752169059815,26.898390827030948
45.49,10.409605707955043,9.459551847221706,27.128240679317585
45.5,9.976450400182557,8.47911628600876,27.228722905282446
45.51,9.363882853184114,7.3869346525160875,27.179732148492054
45.52,8.596386702631417,6.2244308903641485,26.977566878849082
45.53,7.71022450025544,5.04079786536935,26.632674653066264
45.54,6.737023200769469,3.8714274919917213,26.16152424794106
45.550000000000004,5.713793069282408,2.7485139082687433,25.59135160262267
45.56,4.671124174348156,1.6923805328353114,24.94809413048554
45.57,3.6370562872662138,0.7149215534003446,24.260372657674864
45.58,2.632956947503187,-0.1796400789682171,23.551876412626985
45.59,1.6732394253267038,-0.9951512605330801,22.843772571681527
45.6,0.7681717028342279,-1.7379688266386153,22.152986301703834
45.61,-0.07975878220241717,-2.4194193224691647,21.491622333955796
45.62,-0.8706154839454338,-3.0517787772350085,20.86982755421291
45.63,-1.6090077451115503,-3.6479374616161238,20.29427490347391
45.64,-2.3015451081997758,-4.2212962543626755,19.770561948761905
45.65,-2.957663006570027,-4.784823813594267,19.302796790477988
45.660000000000004,-3.5859004320669,-5.349873849563792,18.895755480562464
45.67,-4.198728899857842,-5.92876019754636,18.552638487402152
45.68,-4.804449715016269,-6.529456706423069,18.27994894735389
45.69,-5.413365395755099,-7.1609747739530505,18.08345540459057
45.7,-6.037428514561574,-7.830363349893908,17.969389460490966
45.71,-6.679632499684413,-8.536762399195103,17.949208432861443
45.72,-7.344731666252662,-9.280352788177634,18.034138428654014
45.730000000000004,-8.04111845814143,-10.058947855829961,18.234118647321793
45.74,-8.763575495709755,-10.855732195826667,18.560908955726493
45.75,-9.508151365441948,-11.653916855079387,19.027398594554473
45.76,-10.266944181132294,-12.426528374517115,19.641521992673013
45.77,-11.018211519962689,-13.132083987915882,20.4037272632378
45.78,-11.742605638430506,-13.72674845246853,21.31601056114697
45.79,-12.402621118916386,-14.153650429246273,22.35142739693454
45.800000000000004,-12.957530763047687,-14.351603901706051,23.480435316925856
45.81,-13.364855246498887,-14.269270217327307,24.654137229188326
45.82,-13.575421901274375,-13.86315859191964,25.800613146607315
45.83,-13.54706926288648,-13.107441448582879,26.85206942147183
45.84,-13.254259464381391,-12.024512868413005,27.725260989353895
45.85,-12.675628296061141,-10.640162393005172,28.357756304457304
45.86,-11.825263129369674,-9.031323531432522,28.71038733095139
45.87,-10.72187502358042,-7.270679537160095,28.766936332903384
45.88,-9.417311582602796,-5.45228806481915,28.549039858308177
45.89,-7.961152660402783,-3.6488196044642325,28.094373800757335
45.9,-6.415400285323168,-1.9237044128692753,27.462089749197883
45.910000000000004,-4.833992733793782,-0.31513601986716583,26.71298662677383
45.92,-3.267187700191638,1.153775505051475,25.908193438321227
45.93,-1.7511938188984124,2.4801237850331015,25.098995621504436
45.94,-0.31390233002752277,3.668673902912934,24.32815376482336
45.95,1.031396027079084,4.734580941242388,23.625581078962412
45.96,2.2770378853150737,5.693372200933018,23.014211146520243
45.97,3.423732459423205,6.560825938378864,22.507505453036686
45.980000000000004,4.4778716842765665,7.3530298438003445,22.113934098879277
45.99,5.444785349295101,8.077602183220089,21.837016159295747
46.0,6.328656838285102,8.739992523665913,21.679996802243167
46.01,7.143145369116177,9.346503631829286,21.639632689855198
46.02,7.887707395166297,9.889509341741594,21.710685554824202
46.03,8.557072310618008,10.358329235418068,21.888730125693748
46.04,9.155382008544288,10.744125881288312,22.16611776435149
46.050000000000004,9.678786377384245,11.032792953483831,22.52497554416255
46.06,10.112879377914469,11.20655043990276,22.945422911134713
46.07,10.445761180799316,11.246686041574547,23.407856207168926
46.08,10.670059402029954,11.141200784706106,23.886423096616717
46.09,10.77421162659792,10.887125911065917,24.34880357574896
46.1,10.745452556028958,10.47835554990998,24.76378229402564
46.11,10.578747019287068,9.919681335297733,25.10594989317429
46.12,10.278641245701486,9.235098492027982,25.351163252575574
46.13,9.84643991530983,8.442915367265854,25.477924394446568
46.14,9.294275826527171,7.569702588179553,25.479848766828983
46.15,8.640944962793562,6.649617217898882,25.35477131620354
46.160000000000004,7.903511836318347,5.70845750210839,25.107164362581692
46.17,7.108281389910308,4.776096255939845,24.752463905662207
46.18,6.277237830878232,3.874875176034348,24.30496520024803
46.19,5.432339207454068,3.020018751288481,23.784749429346977
46.2,4.594596723004891,2.224390484363614,23.211153131205865
46.21,3.778592597599954,1.491528406345138,22.601175168295285
46.22,2.997298973449272,0.8225048107152102,21.97194405205623
46.230000000000004,2.2588221983670502,0.21420728049700433,21.33609066951418
46.24,1.5672234031660843,-0.3398056740932416,20.704491098434882
46.25,0.9236768621828082,-0.8474502481275097,20.085539738130787
46.26,0.3262361766862608,-1.3181330958959956,19.485488093293117
46.27,-0.22951051525145372,-1.762132297697724,18.909078075735366
46.28,-0.7493539990899054,-2.189858476206309,18.359969567755147
46.29,-1.2410664489088128,-2.6122786575844,17.841035527712652
46.300000000000004,-1.712862567071217,-3.040130988614137,17.354943446680934
46.31,-2.174278885180921,-3.4845022081066044,16.904440782160226
46.32,-2.634427877673156,-3.9560911736823057,16.49282402693352
46.33,-3.1042569549820462,-4.466309595433023,16.123941409034234
46.34,-3.5929552349373117,-5.025878285144036,15.803784750851293
46.35,-4.112417710735633,-5.646414289388133,15.538053507218438
46.36,-4.672644570509782,-6.338433244101161,15.3374385201583
46.37,-5.284144191330327,-7.112818425039997,15.21292300859633
46.38,-5.958989986301477,-7.9788384556255565,15.178959675780089
46.39,-6.704429281870092,-8.940649845978147,15.25720301231123
46.4,-7.530327438679334,-10.003990353193343,15.46970756011518
46.410000000000004,-8.44270950569993,-11.161950564957834,15.844425083390025
46.42,-9.43746485784806,-12.393303280958259,16.413643340089052
46.43,-10.513002452034657,-13.673862089398463,17.21262017827679
46.44,-11.647684068122226,-14.944022632512615,18.268960457042407
46.45,-12.812618791697114,-16.12972687388769,19.609060654507388
46.46,-13.955301456970727,-17.12264153208677,21.229824210121237
46.47,-15.008231797899693,-17.79260499609309,23.11135363908458
46.480000000000004,-15.877451308144332,-18.00066131982375,25.166685242043865
46.49,-16.45858049810724,-17.609028350747725,27.282650522204648
46.5,-16.646850057478748,-16.543105261196835,29.279676557692163
46.51,-16.34890225271706,-14.776000334721964,30.981114906965548
46.52,-15.524280901915988,-12.41300211651961,32.212871739999436
46.53,-14.170221532056118,-9.600979216244564,32.88028931036393
46.54,-12.34090612027711,-6.546388582031025,32.96587868765755
46.550000000000004,-10.143862198825426,-3.459889758437746,32.54909399010036
46.56,-7.70236606136323,-0.506482916973827,31.76435098524498
46.57,-5.1471622160211705,2.199673058123593,30.775181985651436
46.58,-2.5949380897731307,4.600749227260292,29.740300242131042
46.59,-0.1384565400801896,6.679117446994337,28.791396839650314
46.6,2.1573145245901424,8.440886236283522,28.021159082261406
46.61,4.247372773872808,9.896423174685477,27.488122830994268
46.62,6.103679573278528,11.051874066997119,27.21777561180252
46.63,7.705938749564681,11.902574341450228,27.200021466167414
46.64,9.038009025880527,12.434031799447501,27.40972560318593
46.65,10.083720277333423,12.627180449841054,27.79070944611069
46.660000000000004,10.822718247677237,12.476984701525899,28.269016211804182
46.67,11.23744925755692,11.971317274064278,28.767604877091344
46.68,11.328366048631196,11.134078480463412,29.208243682499916
46.69,11.099024053153562,10.007734554344069,29.516210402094075
46.7,10.565409480211153,8.645608524664643,29.641938373341315
46.71,9.760997128077177,7.12464585396065,29.555739236892617
46.72,8.72988931111098,5.518673445742834,29.258511235299228
46.730000000000004,7.527410170524037,3.9036778167785733,28.7708088752243
46.74,6.209765252330092,2.3360544999575934,28.1319383390575
46.75,4.832520492514798,0.86058562944367,27.387678769581914
46.76,3.4444350000591784,-0.49831526217610256,26.58658311087086
46.77,2.084984651049008,-1.729241653024209,25.771412226812778
46.78,0.7838541284338689,-2.8333999969623793,24.979207698640757
46.79,-0.4406049442658664,-3.8192489912200545,24.236665196084857
46.800000000000004,-1.5782225509336558,-4.700661911202487,23.564264640128798
46.81,-2.625907400316097,-5.491352796934223,22.974554553391428
46.82,-3.586197178175576,-6.206623272198561,22.47557291799987
46.83,-4.465482800188909,-6.858928177360644,22.070361584142898
46.84,-5.268389483127887,-7.456322211484942,21.761200363070834
46.85,-6.005293657322354,-8.009090532492463,21.547374204307406
46.86,-6.685775783824916,-8.521392149416375,21.4246823898663
46.87,-7.308617790193583,-8.989222167090613,21.39194711112932
46.88,-7.8735531099597225,-9.408941884819606,21.44765139961867
46.89,-8.389983126792032,-9.779234438313779,21.583743169766024
46.9,-8.854597527180855,-10.090435677942443,21.79036360977949
46.910000000000004,-9.26025513972114,-10.33086884703975,22.058463396357258
46.92,-9.605250715604688,-10.48975789236206,22.377414205591833
46.93,-9.8819097097739,-10.557320294409257,22.729686469997034
46.94,-10.079616226489128,-10.523642557165418,23.09648419806134
46.95,-10.188958953782828,-10.37590535162474,23.460472618591883
46.96,-10.204942712364256,-10.11491571015548,23.801065609791404
46.97,-10.123482465543693,-9.747016911136239,24.096039771581047
46.980000000000004,-9.939377148433527,-9.275779153016552,24.32459165973259
46.99,-9.653975323376903,-8.711236783367912,24.474070244356668
47.0,-9.276639395881697,-8.07562253904688,24.5346245311689
47.01,-8.812682710531222,-7.385274419808222,24.49680988879485
47.02,-8.27542999741205,-6.660562998629246,24.36242624459305
47.03,-7.683015471432507,-5.926216665916043,24.1369142890493
47.04,-7.0490692742953005,-5.19917300611056,23.82551656943519
47.050000000000004,-6.3909283635901,-4.494933197564632,23.441021958393545
47.06,-5.725918050524067,-3.828269956417412,22.996137051493168
47.07,-5.067028522419516,-3.2066023730248725,22.502341570106882
47.08,-4.426953430833839,-2.6354127723588237,21.973389894401027
47.09,-3.816366333748122,-2.1179793208849143,21.420344595756227
47.1,-3.240985242555986,-1.652672103794238,20.852199309478575
47.11,-2.7057676125671017,-1.2371724580509782,20.27800144975883
47.12,-2.213292590848993,-0.8676971029215941,19.70429954321208
47.13,-1.7634187234168786,-0.5390317323365832,19.135630586975427
47.14,-1.35513021209903,-0.24558878627850156,18.576163288839634
47.15,-0.9854104964491802,0.018824124027826468,18.028493641535242
47.160000000000004,-0.6504452516225717,0.2604981431451116,17.494604965978652
47.17,-0.34583159030258454,0.48561363921304596,16.975780853069708
47.18,-0.06639687365948277,0.7004887397294157,16.472915976507256
47.19,0.19315330940074224,0.9112700124136281,15.986616187239521
47.2,0.43848752069560865,1.1242030998052792,15.5173476620796
47.21,0.6754370501851075,1.345587685579564,15.065535790510664
47.22,0.9099114185973388,1.5819423868030986,14.631723116591637
47.230000000000004,1.148324025081749,1.8402096946849849,14.216591743647323
47.24,1.3968422211356142,2.127756888897469,13.821248360438895
47.25,1.6626413448723614,2.4527294706984097,13.44712024397322
47.26,1.952839620134998,2.824380522216786,13.096580991191574
47.27,2.2756157682802205,3.2525425573495292,12.772413212421172
47.28,2.6400128932687204,3.7494978003503117,12.479549046514517
47.29,3.0556191483860444,4.32754549757635,12.223262647929367
47.300000000000004,3.5340739025965617,5.002205318818199,12.013025391564382
47.31,4.087515855598429,5.789725434996514,11.859488661897187
47.32,4.729932400268781,6.707323104451571,11.779246352984673
47.33,5.476745320116097,7.774469449777482,11.794134098619846
47.34,6.343773487520441,9.007588286702003,11.931621021839472
47.35,7.346427500470901,10.419194017912522,12.233326637149444
47.36,8.501670568783863,12.020218881729352,12.745390473788529
47.37,9.814612650005428,13.790602071446097,13.532426773568188
47.38,11.286164380487014,15.698217817571829,14.666981174536213
47.39,12.898602643541915,17.6623459764191,16.225117468104816
47.4,14.607515863225316,19.54854019470215,18.276879525353937
47.410000000000004,16.329163790788293,21.15028413745746,20.851681049339078
47.42,17.93907726568525,22.197634754059543,23.925356727612943
47.43,19.251055601065353,22.377878884543456,27.334412606021274
47.44,20.055416540863295,21.41950491048002,30.806482498535694
47.45,20.130206040820937,19.15759199415742,33.95558569752094
47.46,19.32116413239524,15.684672091702044,36.36872310769408
47.47,17.57238386520651,11.29004635569341,37.76802701287859
47.480000000000004,14.957004794775152,6.419354589192032,38.0841811147354
47.49,11.664187668340068,1.5337791707097694,37.48820405836562
47.5,7.95090686925232,-3.005917551699559,36.31735745039707
47.51,4.078204209263299,-6.9878192819316185,34.958119133743665
47.52,0.27361194003831946,-10.321925157827941,33.75149737423326
47.53,-3.2867626571125825,-12.982292811068842,32.94101031773682
47.54,-6.474833256680562,-14.954608775828413,32.654464166413504
47.550000000000004,-9.191287393187352,-16.198022096365705,32.912132723716574
47.56,-11.351436801139425,-16.656994733759355,33.62050250901278
47.57,-12.874529636443905,-16.264082514239092,34.616302119735536
47.58,-13.700665893379739,-15.030621980520161,35.659919972186984
47.59,-13.788645087108733,-13.006695289306828,36.52016238246715
47.6,-13.151684686997392,-10.357942001466592,37.00085431129337
47.61,-11.852688139125869,-7.304605907046531,37.00194191897654
47.62,-10.005056516986777,-4.0929580374878185,36.525922063125805
47.63,-7.762211017987279,-0.9513466587643387,35.66977756662099
47.64,-5.289434489634154,1.9521498179125691,34.586790729486125
47.65,-2.7416122585431446,4.514341314145044,33.44101859216106
47.660000000000004,-0.2501254200016594,6.6858699580609295,32.37538608935532
47.67,2.083661952648222,8.4522183694497,31.49274103957173
47.68,4.186536860816623,9.814682496741558,30.850657413035456
47.69,6.007872804247244,10.777310866699498,30.46285807644904
47.7,7.5127449260192005,11.342290969939272,30.307903028474165
47.71,8.678477446189179,11.51330492571935,30.33142629484393
47.72,9.490447269139617,11.304174556397463,30.4618363667043
47.730000000000004,9.941044255147144,10.729464324013497,30.621340531338326
47.74,10.039985666954387,9.836889525234627,30.732707573403054
47.75,9.80023736435335,8.673954276596746,30.731090322087997
47.76,9.257290050194065,7.316022699348475,30.574827445539242
47.77,8.451209417409565,5.834314411422575,30.244792756473583
47.78,7.439058707329408,4.307846715232158,29.748071728959534
47.79,6.27617226828788,2.7977357372451594,29.10901424806431
47.800000000000004,5.021407081296864,1.3563529391453248,28.36447311766181
47.81,3.72680480931502,0.015472618166029184,27.556381814427212
47.82,2.437340769636296,-1.205488554120079,26.724660648882853
47.83,1.1879110626566818,-2.3017492215447906,25.904893713434127
47.84,0.0026992979962794372,-3.2767942195866198,25.124104300223216
47.85,-1.1029918865953694,-4.141122243851018,24.403129931633202
47.86,-2.121894731572527,-4.906765770507225,23.75493151393407
47.870000000000005,-3.05292349710186,-5.588279659076591,23.18776150655608
47.88,-3.899464902086705,-6.197926545588983,22.70465473595237
47.89,-4.665941204455675,-6.746589459385574,22.30722467102336
47.9,-5.3624314550155985,-7.246233796949408,21.99305252907774
47.910000000000004,-5.995132506475311,-7.7018461471774655,21.75939929425291
47.92,-6.56686316526724,-8.11584574243056,21.604983986410776
47.93,-7.088068737285585,-8.49376924510138,21.52479999204948
47.94,-7.565314996973466,-8.835756005905342,21.51187597738203
47.95,-7.995260153910845,-9.135952275984422,21.56211263127238
47.96,-8.374917333214917,-9.388623673058152,21.67133191647183
47.97,-8.710506834967186,-9.591038391253452,21.831428288963114
47.980000000000004,-9.000133897202073,-9.73747907423808,22.03108827282195
47.99,-9.236629624541097,-9.820413138094318,22.25937459059236
48.0,-9.413328913556388,-9.832020470085007,22.505401559523037
48.01,-9.528247523531057,-9.76563633199082,22.757313757115995
48.02,-9.578283102532547,-9.622007945368054,23.000576218126543
48.03,-9.559640966623476,-9.402881048438797,23.220354591636443
48.04,-9.46811262803486,-9.10843163925232,23.40226799159802
48.050000000000004,-9.303388879303531,-8.742072731695554,23.535999348894602
48.06,-9.070771964597506,-8.317017457121477,23.613370015171956
48.07,-8.774594311444021,-7.845377006464119,23.625871434314725
48.08,-8.418121265580712,-7.335592517960954,23.568241651657512
48.09,-8.01307085277501,-6.803936559736273,23.442577480513506
48.1,-7.5714652727003084,-6.2669821742753795,23.251132904691996
48.11,-7.101731229887646,-5.735200130301287,22.995825313327877
48.120000000000005,-6.615866249135962,-5.219683607478178,22.684644504520968
48.13,-6.126410169372957,-4.731868933816484,22.32597116568173
48.14,-5.64274916584337,-4.278668183833948,21.92603279508813
48.15,-5.173845622448006,-3.8649330027471533,21.49368684886887
48.160000000000004,-4.728564396847862,-3.4953274685106512,21.037586823789347
48.17,-4.312971227271533,-3.1717492965637675,20.563650526456865
48.18,-3.9313331530167304,-2.8943643700811905,20.078132742163763
48.19,-3.5877424485222478,-2.663188556634438,19.587299184468886
48.2,-3.284143772945293,-2.476951454151313,19.095548913481426
48.21,-3.0215454112902016,-2.3345778247501525,18.60582996300018
48.22,-2.801066156822835,-2.2351795755937944,18.12108447276502
48.230000000000004,-2.623558904080278,-2.1777058543601773,17.644231764078302
48.24,-2.486796024170603,-2.1598519866763812,17.177445186132864
48.25,-2.3908173883506154,-2.1820255861561906,16.722083158634444
48.26,-2.3366519224033784,-2.245392450657237,16.279472521069636
48.27,-2.3247237032678343,-2.350789542604137,15.85096418801213
48.28,-2.3534198659564907,-2.4988547120243765,15.4381985528334
48.29,-2.4247166711978982,-2.693509424628398,15.042978840160485
48.300000000000004,-2.540860534914113,-2.9388642523301516,14.667093562054
48.31,-2.703105214589367,-3.239005129333421,14.312971152907767
48.32,-2.915879514689414,-3.601496105712492,13.984440718855538
48.33,-3.183810024539392,-4.034051222815439,13.68534587667288
48.34,-3.5119420854735965,-4.5452552319375705,13.421446532389618
48.35,-3.9084646656127213,-5.147272277761013,13.201634651826586
48.36,-4.381433645431212,-5.8519695201698,13.034805294573575
48.370000000000005,-4.94035048208989,-6.671952065033776,12.935707996421739
48.38,-5.59665612074528,-7.621664409866082,12.923850464264973
48.39,-6.362215504818354,-8.71463658980376,13.020376697651322
48.4,-7.247416172871183,-9.957066759469567,13.260061384820409
48.410000000000004,-8.26283363401261,-11.353961885979587,13.681669059377702
48.42,-9.415778275889307,-12.896531108957785,14.332889460180612
48.43,-10.700176666805856,-14.548135918396948,15.269849575338132
48.44,-12.107027878126623,-16.257271095829143,16.554105520039215
48.45,-13.59574163825188,-17.91374558379048,18.23364581486286
48.46,-15.109879906915657,-19.372768431063964,20.34477732902672
48.47,-16.548846022757438,-20.427185107378513,22.866240768875915
48.480000000000004,-17.780760904788167,-20.84504998341999,25.705828829196808
48.49,-18.637629825356857,-20.38784117019435,28.678578852144067
48.5,-18.946843148215383,-18.908690243981102,31.499308676922492
48.51,-18.557296875087204,-16.375769113168484,33.86108547195178
48.52,-17.391338156777223,-12.960702507959322,35.47709207877308
48.53,-15.461852940143824,-8.956730764565739,36.21496191910998
48.54,-12.87577563781844,-4.722358435775375,36.107384656181196
48.550000000000004,-9.81421438852094,-0.592330537330097,35.34261852164637
48.56,-6.487906776303709,3.1962700352180127,34.19956447495106
48.57,-3.0975713638918134,6.513415371431462,32.96720762103243
48.58,0.18909800702208246,9.308362805068825,31.88995911666838
48.59,3.2486445270560056,11.574592049703647,31.134960053256147
48.6,5.990835989939379,13.306533027620608,30.7930887253734
48.61,8.34873253371462,14.483770816731283,30.877386729352587
48.620000000000005,10.266383792140859,15.067609857289977,31.33748415998986
48.63,11.69307250581497,15.022207930190065,32.055162131031956
48.64,12.579621810812787,14.32678482151269,32.87569354417912
48.65,12.89981963238248,13.006411153678547,33.6334786221557
48.660000000000004,12.647514772291997,11.14472052646305,34.16680617839129
48.67,11.853664282677657,8.873429996165445,34.37166913362882
48.68,10.578367375409128,6.353994682953511,34.19944202494185
48.69,8.923767324684063,3.763213109840935,33.67659148312342
48.7,7.001738688126719,1.2438545445604166,32.879710443605696
48.71,4.929920851312139,-1.0956001501717991,31.914271448517887
48.72,2.816995652276564,-3.1897809672492747,30.892016769681064
48.730000000000004,0.7529373477557639,-5.008839216743931,29.91086901126624
48.74,-1.1955575022641542,-6.548778497638903,29.043247203962792
48.75,-2.9804568391738053,-7.815769452618307,28.336665153928053
48.76,-4.570946694179174,-8.820559665536294,27.8135294584739
48.77,-5.949346874960179,-9.572895787074614,27.472162257665314
48.78,-7.104139523874186,-10.076062146754335,27.297754714049972
48.79,-8.029338585599305,-10.335770154794364,27.255658858426827
48.800000000000004,-8.719965930035965,-10.359540030554546,27.307074803715363
48.81,-9.174814206365333,-10.148815240953455,27.406218817880983
48.82,-9.400470966950849,-9.724914599306667,27.508340657911916
48.83,-9.402787237495206,-9.109250433996142,27.568882630330346
48.84,-9.19513425982505,-8.329304813544004,27.55355435155072
48.85,-8.799660835002808,-7.42641022054664,27.438132051718423
48.86,-8.237993261089743,-6.4363120119803305,27.207419688770003
48.870000000000005,-7.544183075712402,-5.40331253022811,26.86371643622636
48.88,-6.7479207875536,-4.362767203909698,26.41223480045995
48.89,-5.8832091354302065,-3.345318884896612,25.87123904057821
48.9,-4.980793823374331,-2.3752652964251775,25.259095300029667
48.910000000000004,-4.0676157558257025,-1.4664864728122997,24.59806993827758
48.92,-3.167520204269409,-0.6285830100178795,23.908571160266316
48.93,-2.296207199136273,0.13862604407389112,23.208548659879433
48.94,-1.4669576779704518,0.8374686126018107,22.51415925406906
48.95,-0.6854724332977449,1.4755666754320291,21.836776312052848
48.96,0.045444150134079986,2.062383000508977,21.186311436442853
48.97,0.7274536874393676,2.608759816337839,20.569378317822725
48.980000000000004,1.3646630436625873,3.1264286907668057,19.991337411212275
48.99,1.964051132982765,3.627409744079174,19.45598843848158
49.0,2.53305200240509,4.12310138497677,18.966972776326262
49.01,3.0819566123443556,4.625543015235691,18.52702045102803
49.02,3.6190149372312463,5.144606867327812,18.140656635255716
49.03,4.155563811466644,5.691465615769891,17.811137266677022
49.04,4.701249071968099,6.274801560652147,17.544653193877295
49.050000000000004,5.263571263388491,6.901805607745949,17.34913099906703
49.06,5.855553118255796,7.582025909665488,17.23083242595323
49.07,6.482513168307829,8.31651702505382,17.20241693406361
49.08,7.147289894282152,9.104248393109607,17.278118067589133
49.09,7.8583331773681735,9.946508167417129,17.471692017012955
49.1,8.615277121919531,10.82996566222938,17.79848174461176
49.11,9.411359358646187,11.734487122905447,18.275063606336023
49.120000000000005,10.242310058995049,12.636944581735804,18.918567380143692
49.13,11.086340770431974,13.491401917654722,19.73479902948403
49.14,11.920179864497648,14.247123956237047,20.730190620873287
49.15,12.70660166825779,14.838209215037486,21.888720031591067
49.160000000000004,13.398890859357719,15.188858515999598,23.183153320932785
49.17,13.94374881006936,15.22863973698862,24.559338132524257
49.18,14.27881510941923,14.890574082421262,25.938403955838588
49.19,14.350443954833949,14.138606441087354,27.233628993212513
49.2,14.112359073410273,12.974284074342155,28.33765182918159
49.21,13.538098234307752,11.431495692612963,29.171028731607265
49.22,12.632190328645065,9.598102801191088,29.668384957088886
49.230000000000004,11.419514375198945,7.569912052681898,29.81186849251956
49.24,9.950239632933096,5.459473408520344,29.616571687849735
49.25,8.294286130628572,3.367057491196453,29.139123464406815
49.26,6.523140090268642,1.3709002732450433,28.451282674057204
49.27,4.709167249613065,-0.47679905034329906,27.636793646707787
49.28,2.9116957310076423,-2.1519552234600843,26.77236386846708
49.29,1.1792776011302668,-3.6475054366878745,25.925193129819277
49.300000000000004,-0.4568487023574802,-4.973363143917327,25.14624677308909
49.31,-1.976434975540743,-6.142895399164082,24.472295470614092
49.32,-3.3712858504745555,-7.1739290025714055,23.92713540810869
49.33,-4.639470722746285,-8.079322589394227,23.52299948606093
49.34,-5.782651741225613,-8.869045256853713,23.26482347511578
49.35,-6.812924966477037,-9.55209214003798,23.150381639345614
49.36,-7.726796588066378,-10.121262403753184,23.168694801318928
49.370000000000005,-8.515885965631705,-10.566314852318813,23.30827376493594
49.38,-9.175513555988562,-10.876809183668136,23.556082309384482
49.39,-9.712953433688984,-11.042433828379197,23.88500530951937
49.4,-10.1180639643046,-11.054874418926886,24.262729816664255
49.410000000000004,-10.378374536866257,-10.905947991432878,24.65720450322134
49.42,-10.48494531740557,-10.58394451599086,25.035129732871475
49.43,-10.438964253264054,-10.099380026163193,25.364936394643426
49.44,-10.243408807575292,-9.473829696944112,25.616532314858972
49.45,-9.89955794691224,-8.724125494130925,25.76248615167239
49.46,-9.418975206380821,-7.875203905239093,25.79104559045687
49.47,-8.820557122098842,-6.9623748747170655,25.69547500040033
49.480000000000004,-8.121366277589138,-6.013172232521331,25.47568166888472
49.49,-7.348736035209454,-5.060304618956025,25.144449690769665
49.5,-6.525975345515497,-4.1292228172775385,24.714119890733606
49.51,-5.677137996063211,-3.2383310723042547,24.204416683331637
49.52,-4.82540012720935,-2.403443947955,23.634742006626936
49.53,-3.9877369217003524,-1.6304010376399924,23.02314657257899
49.54,-3.1797451886113177,-0.9224832746338805,22.387979334394398
49.550000000000004,-2.411303231592184,-0.27765051510208183,21.742884195488717
49.56,-1.688089037582641,0.3098929839616962,21.100062660574125
49.57,-1.0130125856652068,0.8474166482338715,20.46905850679466
49.58,-0.38501901976401876,1.3442739703126947,19.856789542101648
49.59,0.19937406846497163,1.8107649800938632,19.268735885074385
49.6,0.7455348417393319,2.2574735694597527,18.708957977373682
49.61,1.2608764478318641,2.69560276635589,18.18065952136382
49.620000000000005,1.753424000918601,3.136066855791462,17.686761381951428
49.63,2.2328802025741443,3.5902419307552726,17.229968011873495
49.64,2.708079279041625,4.068785072451089,16.81392977971259
49.65,3.1902123213524676,4.583212214061228,16.442093664909404
49.660000000000004,3.688585828620077,5.144071820430348,16.120733205060937
49.67,4.214334939806855,5.762599304467631,15.855550869786741
49.68,4.778398731341967,6.449117939823056,15.65623376758628
49.69,5.38970159137338,7.2128863364079425,15.53516351013574
49.7,6.061109586548664,8.064283777990346,15.504474583050609
49.71,6.799616612319166,9.005400517279242,15.585140700077925
49.72,7.61077045758127,10.036834179051047,15.800053926270877
49.730000000000004,8.503479030846563,11.15699075607028,16.174272759672736
49.74,9.472740814012454,12.341361793136569,16.73704291856273
49.75,10.512121092089382,13.561484414107865,17.51995088415593
49.76,11.604865678500003,14.765287170264372,18.549684205553973
49.77,12.716767914206853,15.875403470793579,19.843085421320954
49.78,13.802060270071095,16.794388946618795,21.400626031788303
49.79,14.791153706938479,17.398315842860296,23.190150388515047
49.800000000000004,15.600991658913676,17.561434544465875,25.139467018973072
49.81,16.130945653115717,17.16054889188067,27.129464603371076
49.82,16.289229926070256,16.13115750392832,29.005735362986012
49.83,15.984702922862729,14.445998923713754,30.59486823044492
49.84,15.188155500871837,12.206314775323566,31.753117300390088
49.85,13.894559834831732,9.549183534961317,32.37953570226075
49.86,12.16037139411383,6.664565777563433,32.46719126554847
49.870000000000005,10.076104495405406,3.736300440122587,32.08025007671014
49.88,7.758427445062413,0.9233385559332126,31.338760292694598
49.89,5.3287355936356615,-1.6678920481290551,30.391708107042344
49.9,2.894301495851918,-3.9818940684740047,29.38315998990994
49.910000000000004,0.541481094885048,-6.000288522310131,28.43462980238481
49.92,-1.666058102430004,-7.726623343154669,27.63790154250831
49.93,-3.6884739080735365,-9.174905670376914,27.049456207218707
49.94,-5.499219215351413,-10.353349579526228,26.69708792132779
49.95,-7.083405797270607,-11.26340067777217,26.58648539946425
49.96,-8.42640692007826,-11.89560741535973,26.69128729845332
49.97,-9.512367749455999,-12.237511985741815,26.974500849973506
49.980000000000004,-10.330486071550984,-12.266036177501192,27.384291810849284
49.99,-10.868387864627131,-11.984408056439724,27.84942560280276
50.0,-11.11294696753666,-11.39792258260816,28.29726948926049
50.01,-11.062606302340747,-10.52088749003413,28.661819377520622
50.02,-10.731960527983397,-9.40464006828808,28.88792387598495
50.03,-10.135759469026915,-8.097569819872906,28.934377487538043
50.04,-9.31150041658395,-6.670638115777599,28.787778005500332
50.050000000000004,-8.297372990350773,-5.1860428870388535,28.450305197513295
50.06,-7.146092968786851,-3.707503323759124,27.948051379123836
50.07,-5.905028957755159,-2.2808814715636734,27.314185203240488
50.08,-4.62337901095663,-0.9416755207293035,26.59103108739814
50.09,-3.340529948068299,0.2923293514418287,25.818231674450605
50.1,-2.0908121121488863,1.4125825587176668,25.033596956871783
50.11,-0.8958931801838776,2.423281498445003,24.266334704355877
50.120000000000005,0.227979431161776,3.332630180394782,23.541162427656996
50.13,1.2750096863114275,4.153888099198244,22.874087100576794
50.14,2.2437982047290843,4.901891902609347,22.2776030289898
50.15,3.1381908433716257,5.590183685475624,21.758816243610454
50.160000000000004,3.964409247962057,6.232423102129044,21.323111047896237
50.17,4.732660129301973,6.840731115660127,20.972229163548036
50.18,5.448558932501659,7.421222127605951,20.709420897524343
50.19,6.122258836519858,7.982305665082873,20.536024266279206
50.2,6.765855386946668,8.529050768391418,20.450310557301997
50.21,7.377391810058983,9.055215467945914,20.45465435058685
50.22,7.954538896938564,9.55429287542262,20.551571197701286
50.230000000000004,8.503960117988392,10.0230013234214,20.739473004760246
50.24,9.024307790529704,10.449664158944325,21.011746549304153
50.25,9.505665917970136,10.817347127387707,21.362415267152002
50.26,9.943111306915508,11.110052595789469,21.78591158356838
50.27,10.324327408914431,11.309405637133278,22.26586895738398
50.28,10.632582548186,11.395662615465657,22.78249987524687
50.29,10.853537231812382,11.348017003319038,23.318494853612467
50.300000000000004,10.973815813716826,11.158455912436397,23.84574631833205
50.31,10.979139755456265,10.82171712157489,24.332844113457007
50.32,10.855029791230443,10.330030677181982,24.753839431241765
50.33,10.601697200482425,9.701512426712064,25.085010835341713
50.34,10.221137234601722,8.958138840705555,25.302458530515466
50.35,9.715153338435421,8.117212032698319,25.392514902078773
50.36,9.101608382466214,7.21264455188416,25.35323238634613
50.370000000000005,8.395432599745048,6.2733372846509825,25.183581982975713
50.38,7.618636759748811,5.326887118341819,24.895663399467935
50.39,6.796220292299671,4.401699840267108,24.50482642774122
50.4,5.948614449706537,3.515032441029334,24.027827040166816
50.410000000000004,5.0983075357903305,2.681969621594785,23.48608381889078
50.42,4.26309261865884,1.9110656926225655,22.897413248219085
50.43,3.456330308613081,1.2039808736637203,22.27951863266185
50.44,2.689529855219221,0.5605386288479438,21.648028323819716
50.45,1.968038241453713,-0.024671404768141336,21.014380460265798
50.46,1.295046859690902,-0.5585843151799634,20.388917424973247
50.47,0.6698193388641984,-1.0500642685477823,19.778735418847628
50.480000000000004,0.08942199797872508,-1.5089610025853792,19.18966013518118
50.49,-0.45145452195874713,-1.9457080147122878,18.625804177096196
50.5,-0.9595875030287022,-2.3710961554249126,18.090502071530434
50.51,-1.4428886546581916,-2.7959253482961794,17.58658794081595
50.52,-1.9106008658753542,-3.2313333331578202,17.116551415393264
50.53,-2.371674103868335,-3.688065166918449,16.68370358483385
50.54,-2.8366069474707523,-4.177390408605877,16.29109011877923
50.550000000000004,-3.315375612098989,-4.710379389433445,15.94398509065497
50.56,-3.8181806004253045,-5.298161760314048,15.64798023599027
50.57,-4.356812988990514,-5.952163607744282,15.410899698828812
50.58,-4.94060222672144,-6.682694337115285,15.244377970765315
50.59,-5.5821329504672175,-7.50117940578188,15.159350383459934
50.6,-6.290695233464069,-8.413746275122389,15.175021616516144
50.61,-7.073918396985124,-9.42502016182469,15.313260985019365
50.620000000000005,-7.943013296238519,-10.538630654647372,15.598001456653499
50.63,-8.89708936075088,-11.737572765847212,16.060588848473497
50.64,-9.93356102896524,-13.001378203926333,16.73462282799143
50.65,-11.04439322380065,-14.291330688116998,17.653873733911723
50.660000000000004,-12.201392912405552,-15.538089207753455,18.84405131989641
50.67,-13.369223940581536,-16.65473523531017,20.32424009580666
50.68,-14.483972143908884,-17.518194402124372,22.079084618453432
50.69,-15.468629260934442,-17.992462339153715,24.065286530333587
50.7,-16.219413081647772,-17.933500031009284,26.17626220254672
50.71,-16.632532340221797,-17.23155721451214,28.27053608939748
50.72,-16.59986993555899,-15.82143257718989,30.159572571336078
50.730000000000004,-16.0578209110203,-13.751567654618468,31.66669759910754
50.74,-14.972819698498519,-11.137113175953544,32.64243574893064
50.75,-13.378664818359109,-8.171969534557585,33.03233654864745
50.76,-11.352372873780197,-5.063213326438833,32.86628240319595
50.77,-9.012143953765385,-2.008650928709169,32.2517955787311
50.78,-6.491010398942489,0.8483790205070858,31.346200992744567
50.79,-3.9137972163467927,3.423324617421568,30.314271637296006
50.800000000000004,-1.38716089343746,5.678862869052629,29.304453644130326
50.81,1.008076919220796,7.609531731186804,28.431691658937503
50.82,3.2173715009315424,9.227052026466973,27.772790845951608
50.83,5.2045508130342535,10.539914751652677,27.36861269941754
50.84,6.945576074942499,11.547985543119335,27.228185532364794
50.85,8.421909653710006,12.243888888597558,27.330908052330102
50.86,9.618549485273013,12.604936539925214,27.639126853168566
50.870000000000005,10.515894231170417,12.62203352762683,28.081856891153933
50.88,11.093467907614027,12.286409102950563,28.583769968622516
50.89,11.342445975396855,11.597598252023827,29.06505089800314
50.9,11.267526668450088,10.598464270023703,29.44787947726338
50.910000000000004,10.87306009704214,9.329382782722263,29.666228842265465
50.92,10.190389939673262,7.865113380176028,29.683969348251765
50.93,9.253616066161184,6.277436822355831,29.48331161566995
50.94,8.119062467915256,4.647769963689465,29.080148489989003
50.95,6.839931839632455,3.0400036041139145,28.50356562137423
50.96,5.475964434915798,1.507556150636968,27.79964159511881
50.97,4.078225563479998,0.0824961536263708,27.0159079602514
50.980000000000004,2.692870107434255,-1.2158602862953383,26.19971485737663
50.99,1.3530400565114333,-2.3851678858454837,25.390717018981817
51.0,0.08402615100303401,-3.429391862966676,24.62145750777579
51.01,-1.101601434804662,-4.361600977860199,23.914633601004837
51.02,-2.196563195196537,-5.195152112753128,23.286959386645925
51.03,-3.201302961440297,-5.944852141505595,22.747993162320604
51.04,-4.121033238160141,-6.625311500072134,22.30285500771418
51.050000000000004,-4.960895422436716,-7.245560280414651,21.95364602859026
51.06,-5.727166302795931,-7.8144869963834465,21.7017048038249
51.07,-6.4335838955542055,-8.341084654755917,21.54254257507443
51.08,-7.080947052785281,-8.82274001868977,21.47391598525391
51.09,-7.667880546406087,-9.255410161583608,21.494317005841417
51.1,-8.200097760441595,-9.637405074625141,21.598786675086895
51.11,-8.681541591068052,-9.963109426202845,21.77636231839985
51.120000000000005,-9.104837995552547,-10.221145641626837,22.0174646312032
51.13,-9.46555611910822,-10.40037000259748,22.312354967419665
51.14,-9.760518861231377,-10.49130571277202,22.645925439580694
51.15,-9.979763727110011,-10.485156380073953,22.99921521552594
51.160000000000004,-10.113230911655451,-10.371104517136912,23.35386867435669
51.17,-10.154446171705459,-10.142634727233112,23.69158754875649
51.18,-10.10036267402404,-9.806902505276025,23.99117723290082
51.19,-9.947754998627977,-9.371131578273165,24.23139158520787
51.2,-9.693496626262421,-8.839679183446862,24.396028142838574
51.21,-9.345601036480307,-8.23151232633771,24.476246397092556
51.22,-8.912909739081575,-7.567405440344951,24.463342885874457
51.230000000000004,-8.403171449725633,-6.863112133071412,24.353722580836653
51.24,-7.834074749272615,-6.142057068233295,24.153367445267673
51.25,-7.221505335824367,-5.425020669528451,23.867532591887898
51.26,-6.579891093750826,-4.725846109594347,23.505459941607615
51.27,-5.926977569709268,-4.059537409427777,23.080848181202573
51.28,-5.277115861151777,-3.436354637544569,22.604655255260813
51.29,-4.642127544660195,-2.861262980352658,22.08941696712887
51.300000000000004,-4.033596830287245,-2.3386207037701285,21.54759333795767
51.31,-3.458828672138247,-1.868548475882417,20.98806206410116
51.32,-2.9222714713636906,-1.4485716548785872,20.419285540586593
51.33,-2.427748005692881,-1.0758101505691047,19.849104282793252
51.34,-1.975761032090903,-0.7455652755554574,19.28223997339137
51.35,-1.5657080043326745,-0.4527019642120873,18.72275618398741
51.36,-1.195347798728979,-0.1914269106831537,18.173840850585897
51.370000000000005,-0.8614357487413492,0.04408219076629773,17.637499950786847
51.38,-0.5597874676764598,0.2598292420771536,17.115209840371605
51.39,-0.28585391351955397,0.4616463573423634,16.607923102716693
51.4,-0.03464881586729071,0.6553284914650761,16.116247887655565
51.410000000000004,0.19907721041553864,0.8466379327886172,15.640590127580676
51.42,0.4206407681488151,1.0413007468594904,15.181259099115298
51.43,0.6355734675941811,1.2451820361078396,14.738550853880453
51.44,0.8495252771427309,1.4644105801093725,14.312882542682395
51.45,1.068269927401405,1.7053465682824531,13.904789435256784
51.46,1.2979250525211528,1.9751863458147396,13.515261615803619
51.47,1.5448337255655151,2.2814211573722383,13.145465132501908
51.480000000000004,1.8162295961246573,2.633125836353994,12.797527754055634
51.49,2.1194802948023383,3.0399099513327483,12.474008254634825
51.5,2.4634755821115677,3.5132366480478003,12.179003376581955
51.51,2.8576866469923057,4.06628899394474,11.918011725567814
51.52,3.3129271991840947,4.713143734412662,11.698451081163084
51.53,3.841912885572973,5.4714480811207435,11.531770696203733
51.54,4.457917184522567,6.358250775864772,11.431189310612679
51.550000000000004,5.176853819280068,7.3936410647945685,11.419091520387024
51.56,6.015284619114183,8.597438491796737,11.519990930187426
51.57,6.989707319568378,9.984049098254442,11.77321503289815
51.58,8.117485311416052,11.567144479444213,12.225618057938329
51.59,9.410882471636166,13.341121009338071,12.938011790607064
51.6,10.870738954457625,15.273906695572999,13.98567755537418
51.61,12.491391969149657,17.30789364493294,15.451658054831748
51.620000000000005,14.231690585526815,19.31333581604261,17.412351287718266
51.63,16.02375324548459,21.102863374518837,19.92377196091209
51.64,17.747438406579757,22.40435225627602,22.981835450094906
51.65,19.225388388590606,22.89451598518173,26.45866475221322
51.660000000000004,20.240278627401384,22.252018580914886,30.109812032279038
51.67,20.552180337488547,20.262337068841127,33.535366913579786
51.68,19.97409234335938,16.946906301421503,36.29608799317637
51.69,18.40858015995965,12.555754999115837,38.039951792536876
51.7,15.900718331022393,7.546296279088974,38.63039269951307
51.71,12.625742881645426,2.4226024390435263,38.198145544356436
51.72,8.847356402921745,-2.3983000837391817,37.07941959147082
51.730000000000004,4.845254828740555,-6.6579748862351895,35.68848808139797
51.74,0.8720374254096559,-10.238200853494003,34.40822224757388
51.75,-2.873689295979925,-13.103715251442633,33.520966456891365
51.76,-6.245808034416033,-15.236029297704409,33.18303782301982
51.77,-9.131573921367849,-16.591800444419842,33.42863098834467
51.78,-11.435527759888558,-17.106756684769294,34.17060888291304
51.79,-13.070486878910923,-16.7172421098299,35.22721864638208
51.800000000000004,-13.959863471305933,-15.410264074931906,36.3443895735355
51.81,-14.067233397136823,-13.261126565209443,37.26776095098199
51.82,-13.395130146893301,-10.435314407182242,37.7802452139412
51.83,-12.014977397027822,-7.185038727288358,37.772391028066416
51.84,-10.054583616079245,-3.7830316823335375,37.25703457661532
51.85,-7.678949634804992,-0.4742155661727201,36.34530572850616
51.86,-5.068555000872476,2.559981325487562,35.209551821008326
51.870000000000005,-2.3916262968820607,5.211058988485521,34.03118824050919
51.88,0.21031177583916166,7.428230246631445,32.963417403409785
51.89,2.6285480030437127,9.197879090081525,32.112450423614334
51.9,4.785351247241323,10.520611144499359,31.531202541086333
51.910000000000004,6.626171748091305,11.398443305648462,31.22369226619056
51.92,8.111799638180372,11.829809575252924,31.153473824479146
51.93,9.218212087064229,11.825637665570802,31.249691947614902
51.94,9.926306633533725,11.39242369853796,31.428128409391427
51.95,10.239060040608816,10.576551523739928,31.59639307635937
51.96,10.16146240133151,9.422815557454085,31.670599472728206
51.97,9.725991079008573,8.012365880839122,31.591207327620946
51.980000000000004,8.971053823859954,6.426033446372205,31.322851887429874
51.99,7.958472204989591,4.758745674759625,30.86412265145367
52.0,6.750126292929016,3.0872743229235766,30.236520778956713
52.01,5.41453402273849,1.4791463656313741,29.479962945859192
52.02,4.01480758111357,-0.02164956332599799,28.64340902170531
52.03,2.6059988331502675,-1.3876411655982275,27.774765696450995
52.04,1.2331268097175883,-2.6079948260162356,26.917767831616498
52.050000000000004,-0.07262071880437987,-3.6847398445275226,26.105622147650912
52.06,-1.2888488987655278,-4.62572375204722,25.363800913454764
52.07,-2.404848894772904,-5.444294343608078,24.707367227074744
52.08,-3.4156176701592953,-6.153452486554008,24.14496318611578
52.09,-4.322300413068977,-6.766165608505742,23.67875183563408
52.1,-5.130663629006177,-7.295109814297647,23.306669877027534
52.11,-5.845410110466744,-7.747068106012586,23.02351738658666
52.120000000000005,-6.469556758900488,-8.127295610529224,22.82448000828379
52.13,-7.01511751634065,-8.443240132236149,22.699233267245344
52.14,-7.487942287967091,-8.696544657960992,22.63654422497298
52.15,-7.885853787594726,-8.885200914403264,22.62825106554267
52.160000000000004,-8.20667472903867,-9.007200628262543,22.66619197303044
52.17,-8.454875557629592,-9.061095457408738,22.737743247164303
52.18,-8.638822575546396,-9.048376768264811,22.826481677075375
52.19,-8.75699727984095,-8.971492472407812,22.921807041202545
52.2,-8.80776987734796,-8.832890848081972,23.013189396274527
52.21,-8.789510574902042,-8.635020173531839,23.090098799019827
52.22,-8.70444701621015,-8.380815256660863,23.140459519783462
52.230000000000004,-8.560943646801539,-8.078535681346064,23.15538115857934
52.24,-8.365286899896276,-7.7389798174606925,23.130280104036384
52.25,-8.122947960112409,-7.371794282544825,23.059896697810462
52.26,-7.838998153080457,-6.984160565712351,22.940465561774836
52.27,-7.522990776458437,-6.587535737856213,22.77426899307643
52.28,-7.184584444092901,-6.193507846924166,22.563684973286847
52.29,-6.831002822408517,-5.809896966398751,22.30944978610262
52.300000000000004,-6.470888628364688,-5.444124103354556,22.016882399292935
52.31,-6.113509056459098,-5.104107348524629,21.692341384526063
52.32,-5.7665220894769424,-4.795869779855563,21.339853538809418
52.33,-5.436150093101251,-4.523037350211735,20.96475810000401
52.34,-5.128722316790172,-4.28916809237908,20.573479713194388
52.35,-4.849922699666547,-4.097331225761395,20.171049953870973
52.36,-4.603453026685535,-3.9490411849952327,19.761321491852605
52.370000000000005,-4.39267099697454,-3.845524951120864,19.34896283785012
52.38,-4.220797207325424,-3.787921572302003,18.93854314577294
52.39,-4.089402810780291,-3.7767336345980005,18.533256118945825
52.4,-4.000542754029209,-3.813614591324234,18.136286907894522
52.410000000000004,-3.956614068934549,-3.9005274572193556,17.75103005394278
52.42,-3.960010871235411,-4.0394337927396,17.380879204981447
52.43,-4.011623112199399,-4.23190939603431,17.028967533272017
52.44,-4.113259741185463,-4.48132620498998,16.699445440348246
52.45,-4.268305988819139,-4.792148681130205,16.39711476700499
52.46,-4.480005654723014,-5.168822868683645,16.12665806754432
52.47,-4.751005114483675,-5.61613502700745,15.893604350400276
52.480000000000004,-5.085860188915006,-6.139891759528326,15.707585960176132
52.49,-5.489512442813167,-6.746023423947767,15.578798092322653
52.5,-5.967556535738648,-7.44159272848541,15.51728541397135
52.51,-6.525202193981128,-8.231052724543545,15.538468134127305
52.52,-7.165181331693988,-9.112834451827673,15.663035539254293
52.53,-7.890372092013809,-10.085444446798572,15.911895094206237
52.54,-8.704764781840575,-11.14488060711902,16.30991287419614
52.550000000000004,-9.600743330516641,-12.265568060926462,16.88422569371937
52.56,-10.56918180871067,-13.417758378817414,17.663624750158707
52.57,-11.59156779716539,-14.551199257988927,18.672886209764055
52.58,-12.632938665674656,-15.591459743438252,19.925128057791444
52.59,-13.649078080316416,-16.447817040379217,21.420454979375585
52.6,-14.572872606597693,-17.005386705292782,23.12513923704676
52.61,-15.327177429334382,-17.148625408438882,24.97455906497685
52.620000000000005,-15.818138282582922,-16.767246589731716,26.85507822236638
52.63,-15.960801587615066,-15.79913033347005,28.630021278618653
52.64,-15.672517871558348,-14.224434719741557,30.136343745023208
52.65,-14.921729518331576,-12.123010699723887,31.247169941456505
52.660000000000004,-13.708454981167128,-9.630183205332038,31.863383166304523
52.67,-12.079545427865334,-6.910057409314055,31.976891323187793
52.68,-10.114927399245685,-4.132152960806354,31.63745922746042
52.69,-7.92363468489042,-1.4472787218165117,30.952129183027765
52.7,-5.615969209090447,1.0444326417384806,30.053562563286377
52.71,-3.292480742075863,3.2858182329589933,29.07353049045273
52.72,-1.0362312162516534,5.255328946244536,28.127318914335262
52.730000000000004,1.093293493751139,6.957435824838852,27.302746713721866
52.74,3.056790410463838,8.404076228497981,26.657327675244993
52.75,4.829581063949143,9.607697746058413,26.224655405553907
52.76,6.3981875471946825,10.574559658081311,26.01301975049445
52.77,7.75572786585784,11.300816334679205,26.01498381716263
52.78,8.888379404169317,11.775801020255917,26.196349852315215
52.79,9.781630827498352,11.986611638840971,26.519502684719477
52.800000000000004,10.428552611677507,11.913484843363904,26.93307669573078
52.81,10.8210378957978,11.56363414116557,27.37322640288203
52.82,10.949848603692624,10.946837312729025,27.775696982588
52.83,10.814989109719747,10.078457059476172,28.08444533090143
52.84,10.432946999643452,9.007074470196615,28.2561316071052
52.85,9.817761800822781,7.776112617162511,28.25700394863782
52.86,9.007079056773689,6.449179354299087,28.08251218640618
52.870000000000005,8.036309283610958,5.082341952392506,27.735421597360773
52.88,6.9501259407756635,3.7254384154123534,27.240875620964594
52.89,5.791789157814114,2.4202183347820325,26.62817738810474
52.9,4.602143115191512,1.193261819300276,25.933965193027667
52.910000000000004,3.41666026153751,0.06175525328331033,25.192590838402236
52.92,2.26256803735545,-0.9703167408540253,24.436073392668582
52.93,1.160584941035053,-1.9045810093012558,23.69068134457798
52.94,0.12120678027638682,-2.7513618013483314,22.976535637287903
52.95,-0.8488775062837899,-3.5220207573133155,22.30975803728237
52.96,-1.7504412943909564,-4.230488888752453,21.70073448228745
52.97,-2.587777766806724,-4.891665529915953,21.157313769559284
52.980000000000004,-3.367881178847359,-5.518209350125228,20.684716584739355
52.99,-4.0984700382709045,-6.1222343046399175,20.287704648907884
53.0,-4.791794877631772,-6.715761248548508,19.968172911340837
53.01,-5.45425449564694,-7.304349356153363,19.730940230310093
53.02,-6.095393278557976,-7.895350247368104,19.579725128434948
53.03,-6.7284355576072254,-8.494685419589475,19.515827557741297
53.04,-7.351791728354465,-9.095440345151552,19.5453608853551
53.050000000000004,-7.963045862306342,-9.69008630643192,19.67473404898342
53.06,-8.567222454158042,-10.273901676836816,19.907678151340253
53.07,-9.162818388740527,-10.83248050322387,20.242591730668675
53.08,-9.738367452843864,-11.344134730279249,20.678076011932145
53.09,-10.287052154340056,-11.787782019827024,21.213475415211562
53.1,-10.790171355613781,-12.134375092290254,21.8333920781615
53.11,-11.22532160234518,-12.352161680038822,22.519728664651257
53.120000000000005,-11.572468224701849,-12.410856037421684,23.253175985826804
53.13,-11.806746826055983,-12.28931360801402,23.994783707290097
53.14,-11.901134871313337,-11.962781339177422,24.706994841562285
53.15,-11.837324465353962,-11.42582615036851,25.352229142691158
53.160000000000004,-11.60544524977293,-10.69522021272417,25.88551497136979
53.17,-11.193672795550878,-9.782185530999687,26.271713206025716
53.18,-10.612438268189758,-8.726223062956105,26.491905039682443
53.19,-9.873220940054729,-7.568034554241306,26.530245819859907
53.2,-8.999692834333263,-6.350717118398457,26.39262396870844
53.21,-8.024467158984587,-5.1230286934804665,26.093421044810793
53.22,-6.97679668658326,-3.9181151595295374,25.65514477788163
53.230000000000004,-5.892149831514957,-2.7677571610313776,25.1088472178749
53.24,-4.798856702082137,-1.6897992244581272,24.48359358206298
53.25,-3.7235909428677614,-0.6949802250535629,23.81048653568655
53.26,-2.68566571476676,0.21451042242115848,23.114618539165072
53.27,-1.6978537323648897,1.0439208698983344,22.418299250846072
53.28,-0.768750370649727,1.801026108806323,21.739236783183856
53.29,0.10041676425181974,2.498069867038498,21.09010644515707
53.300000000000004,0.9112266948959982,3.148334264038751,20.481427990385463
53.31,1.6693814427049478,3.765435811362147,19.920390598322356
53.32,2.3826159806249865,4.363445461541484,19.413037954604818
53.33,3.061146855372554,4.955705266817603,18.964161906785414
53.34,3.7144738806287902,5.554161325274583,18.579116714452642
53.35,4.355631689544984,6.1711325536268475,18.26209204568461
53.36,4.992885326956218,6.814410477392732,18.02090135051216
53.370000000000005,5.638340815318609,7.493841056987437,17.861807212918716
53.38,6.302431009959771,8.214283497260888,17.793372443317587
53.39,6.987576439578687,8.973606932636294,17.82864347511328
53.4,7.699630519250863,9.771490120115375,17.98008222851354
53.410000000000004,8.444165957726812,10.600526677696815,18.259109595235763
53.42,9.213556110051407,11.439780394331695,18.678413717568258
53.43,10.003963855719016,12.268839202817926,19.25204312781195
53.44,10.799164477779257,13.04944406857813,19.98387369227661
53.45,11.575400315102495,13.734435933767779,20.874637192048247
53.46,12.304963209656641,14.269741768277052,21.9154156258656
53.47,12.942548756062488,14.59082182633277,23.06903393490378
53.480000000000004,13.443951272765373,14.632176111096621,24.299520818816628
53.49,13.759642409559847,14.348631757135227,25.533290850439144
53.5,13.836283860476069,13.693783537289077,26.695667560022233
53.51,13.641747385519814,12.677341900142721,27.70351345606975
53.52,13.149177546229904,11.326374838525131,28.473457876613445
53.53,12.359375926540286,9.70265125981993,28.9585771268159
53.54,11.290303716493689,7.8911358064326915,29.127774152067353
53.550000000000004,9.986898874483717,5.985477326055591,28.995706508126148
53.56,8.503850909657782,4.076033240058789,28.596606352545816
53.57,6.9052327816279355,2.2330500391989387,27.991708555559402
53.58,5.25209250407634,0.5072711827581782,27.246938040970576
53.59,3.6007855159617774,-1.0728831990345706,26.430947426812747
53.6,1.9941800180705869,-2.4989516900269186,25.601948986426894
53.61,0.4657864231923059,-3.7738775867660754,24.80988499749466
53.620000000000005,-0.9669078460560762,-4.911587223513116,24.089112728922316
53.63,-2.2931323599503575,-5.9280031557836095,23.4664682539929
53.64,-3.511382614686616,-6.838639860919353,22.957091097679232
53.65,-4.626531504789603,-7.659693040813527,22.5705752220643
53.660000000000004,-5.643137326427093,-8.398321385895287,22.309410907358256
53.67,-6.563254586472384,-9.058165187406875,22.175409247911485
53.68,-7.39756336575328,-9.643409001563276,22.164426964583516
53.69,-8.146894261764443,-10.146767289065226,22.26697106098698
53.7,-8.805843513893228,-10.557176794758599,22.474228716925293
53.71,-9.376930478395554,-10.864044634209868,22.77300549644137
53.72,-9.852901401267488,-11.053807158875603,23.14114426433636
53.730000000000004,-10.2212066024911,-11.111608059496726,23.555471660959057
53.74,-10.473244602239125,-11.020749353710526,23.992087772014084
53.75,-10.601460966239054,-10.779643674794114,24.420210911610077
53.76,-10.5973963886875,-10.390927176352989,24.807498984714158
53.77,-10.45265428783977,-9.853763076009496,25.125039971541884
53.78,-10.171777196388124,-9.187706486233962,25.351862795778175
53.79,-9.762062676638836,-8.4184126019244,25.46805910439467
53.800000000000004,-9.230623741874052,-7.566876399016716,25.462124867946507
53.81,-8.598296450634102,-6.666978460110902,25.335002813735265
53.82,-7.88257438666473,-5.746622423706548,25.088504098727416
53.83,-7.106824128863227,-4.831511516490815,24.736478854561245
53.84,-6.295551684646141,-3.9465350783991506,24.294655050053912
53.85,-5.468726021992242,-3.1060313668627537,23.779853426818732
53.86,-4.647170833343286,-2.322099705267598,23.21216780684952
53.870000000000005,-3.8467240973521273,-1.6004663265111103,22.607831848448363
53.88,-3.0787306882683607,-0.9408926833493966,21.982687569575393
53.89,-2.3525845001465076,-0.34150158581156154,21.3503793931061
53.9,-1.672223651112105,0.2038137890510833,20.720833024065524
53.910000000000004,-1.0392575326978686,0.7025825013316519,20.10266503697651
53.92,-0.4518787541794997,1.1638389213299813,19.501863919702096
53.93,0.09375674944690016,1.5974455451948026,18.92328154099053
53.94,0.6033100943583102,2.0135365852038802,18.37040326979768
53.95,1.0839855756084076,2.4226891710413385,17.846061598701844
53.96,1.54377154818059,2.8353940018742336,17.352789441657563
53.97,1.992011383906233,3.2625409616041114,16.892959074570186
53.980000000000004,2.437370285280111,3.714556095464341,16.469807206229827
53.99,2.8905459181897997,4.202654991853274,16.086454302506922
54.0,3.360859197365751,4.7376435656821885,15.74850773406881
54.01,3.859207599593693,5.330867787665533,15.461188738621226
54.02,4.396534747093803,5.993521813450963,15.233583225000347
54.03,4.982580832746861,6.736425980199438,15.076831047474862
54.04,5.629996634270173,7.5705877353608955,15.00297624420605
54.050000000000004,6.347381198017518,8.502087511070958,15.03252019080483
54.06,7.144042185065243,9.537557578990626,15.186944670485337
54.07,8.029743947970523,10.677282868355245,15.492231543577162
54.08,9.002731875588733,11.903767463551155,15.981376571764955
54.09,10.062648690980538,13.198360874421894,16.689688551210327
54.1,11.197160156156048,14.514758643657611,17.65071274787547
54.11,12.37931256031155,15.78375129214571,18.893823853452325
54.120000000000005,13.568402994167016,16.909761849426644,20.43354690981041
54.13,14.699696114471525,17.764951179859985,22.258034550323043
54.14,15.68860985920993,18.206856048179866,24.30988882523931
54.15,16.4283928155942,18.083638014541418,26.483625441118093
54.160000000000004,16.810644726353743,17.29163427691909,28.61789116715607
54.17,16.724373627445633,15.763440243442318,30.524339124644655
54.18,16.10984655842112,13.570465800525609,32.011756327778095
54.19,14.937143075974918,10.833861645583227,32.942718753208474
54.2,13.245377974945573,7.762961775288499,33.264598008331625
54.21,11.125922268686635,4.577875136307792,33.02663490783454
54.22,8.7010740309712,1.4734528377895217,32.348713050150664
54.230000000000004,6.1093700430326034,-1.4083032804235902,31.39844830686418
54.24,3.478503313374003,-3.9878292231678905,30.34732632646079
54.25,0.9156967068197117,-6.232680283754394,29.34586795233021
54.26,-1.5014072391573057,-8.143112399749718,28.50505967986615
54.27,-3.7176941899166107,-9.727831150447138,27.898563946027892
54.28,-5.6981157947404775,-10.994773285239997,27.562485184300144
54.29,-7.418185365234684,-11.94106795671623,27.495074118491264
54.300000000000004,-8.859825394481136,-12.551178658130324,27.676033053873525
54.31,-10.002852063072819,-12.808431373739925,28.04589911547223
54.32,-10.824287436491169,-12.701210281698094,28.532287754343447
54.33,-11.305884443473616,-12.209530286551177,29.054503847256576
54.34,-11.447178247123437,-11.367662520353498,29.526202614867547
54.35,-11.248330272384456,-10.216217257041682,29.864032302927196
54.36,-10.725730756250009,-8.809687827178314,30.01435021231137
54.370000000000005,-9.913127787439798,-7.2291538355453095,29.943014913788993
54.38,-8.857617881018673,-5.555050757498239,29.649966967055146
54.39,-7.616711801321882,-3.868476977899803,29.15570413999926
54.4,-6.251478549060705,-2.2316048593380238,28.50290500843352
54.410000000000004,-4.8207557030292785,-0.692174062061619,27.74051433247238
54.42,-3.3776302321572116,0.7224438684422763,26.921197937465987
54.43,-1.9639196427254118,2.0007499668671787,26.09072319477868
54.44,-0.6125037709573948,3.1426690458609237,25.288970914538005
54.45,0.6577355016853141,4.15807204943076,24.543740633395164
54.46,1.8345784226856536,5.060120653961759,23.87674249928671
54.47,2.9148417838464065,5.863076433313015,23.300176016765448
54.480000000000004,3.900851453382205,6.582334901779904,22.821557683106303
54.49,4.797303772668081,7.228202623454337,22.442912749625854
54.5,5.6084968257556,7.8091958276747935,22.1655518174306
54.51,6.347703722868403,8.335711168974118,21.98508150771749
54.52,7.018105346521129,8.807093730568354,21.896604011851526
54.53,7.617904026121814,9.219378614110337,21.896630726051264
54.54,8.148882561501885,9.569726002483558,21.980091143530622
54.550000000000004,8.619555701781334,9.85563450434894,22.134039717849813
54.56,9.024002969532074,10.067970194880978,22.34612621438764
54.57,9.355649373718792,10.19701565971236,22.60428743908506
54.58,9.613446239379103,10.23400088593878,22.893897895162883
54.59,9.791833078391575,10.174933287617417,23.19594217438826
54.6,9.883593442535847,10.016478705234563,23.490992309849126
54.61,9.88166519921049,9.751904503737352,23.76031885776645
54.620000000000005,9.785986444949227,9.387721012755096,23.98735210287824
54.63,9.599010342184252,8.937243607913034,24.155937222936014
54.64,9.321695455031435,8.410992413033856,24.250543050195226
54.65,8.958961508943327,7.820929575630637,24.263756867644528
54.660000000000004,8.523814853987997,7.188975185601029,24.193261411043746
54.67,8.025870056380338,6.532298237594955,24.03601604257854
54.68,7.478833995002138,5.8674935494163405,23.79734914021764
54.69,6.899860606527434,5.213647292145136,23.48599621980207
54.7,6.302277304560921,4.583825964914556,23.109018272231584
54.71,5.700069629132825,3.987962592259827,22.678169566305368
54.72,5.107230190027772,3.435543190264994,22.20515826605001
54.730000000000004,4.533667326784725,2.9306919792590858,21.699150624026995
54.74,3.9877010451213453,2.4751465910816552,21.170544579548917
54.75,3.476932244473018,2.069933738236311,20.628493924074636
54.76,3.0047511206575663,1.7128696130517769,20.0789966278017
54.77,2.5731594864263014,1.4008652256035938,19.52778798713575
54.78,2.183639029562563,1.1305404025088477,18.98026545386297
54.79,1.8349372622154452,0.8974124009186082,18.43945146761374
54.800000000000004,1.5256661048078646,0.6974090761954927,17.90759964881403
54.81,1.2534155250259373,0.5260268483948285,17.386747457973804
54.82,1.0146652076728184,0.3788125554544296,16.87794356753247
54.83,0.8064772579837614,0.2519152826539196,16.381954912155145
54.84,0.6248493049462616,0.1412996875730879,15.899182935571432
54.85,0.46643719064347644,0.043557295133548626,15.429792897420436
54.86,0.3275228659228062,-0.04466904545517401,14.97377712127497
54.870000000000005,0.2046529282130434,-0.12643238997160008,14.53101722126497
54.88,0.09454914865389992,-0.20458476049043117,14.101323086293839
54.89,-0.005882339105559575,-0.28184208462965926,13.684466497324937
54.9,-0.09967499609961647,-0.3608926577852743,13.2802029858173
54.910000000000004,-0.18974545440644802,-0.4444317971999465,12.888292906842787
54.92,-0.2789826202462872,-0.5352581799827019,12.508517864509416
54.93,-0.37019869343366835,-0.6363340315529318,12.140702941750412
54.94,-0.4663784497337021,-0.7510017428311268,11.784744397819331
54.95,-0.5705637147169935,-0.882855743342219,11.440599825444567
54.96,-0.6862083474741802,-1.0363331110064762,11.10840545088183
54.97,-0.8169161925306538,-1.2161613115486327,10.788384462663867
54.980000000000004,-0.9671064901940167,-1.4285101583568858,10.48112851122989
54.99,-1.1414461149831787,-1.680009064073154,10.187397234702376
55.0,-1.3458849020058967,-1.9793376333564299,9.908663910570178
55.01,-1.5869062714331708,-2.3361208618129545,9.646783742604931
55.02,-1.8727245487822168,-2.762587341617352,9.404979739973529
55.03,-2.212634933667537,-3.2727504913959766,9.187358557971383
55.04,-2.6181221367206127,-3.883710145859258,9.000681006771988
55.050000000000004,-3.1025137756539194,-4.6154112122055935,8.853675416037706
55.06,-3.681751831916753,-5.49096877866692,8.760288467873952
55.07,-4.374472232622497,-6.537243283181006,8.73864680472083
55.08,-5.201817818281927,-7.7824583814318515,8.817005479973913
55.09,-6.188203193214665,-9.25817208406319,9.032147605805653
55.1,-7.358133379676857,-10.989050280217704,9.438958075248504
55.11,-8.738022972585137,-12.997005532179601,10.108511279606592
55.120000000000005,-10.345370947687869,-15.272544190155187,11.137335989977046
55.13,-12.190857968363142,-17.779578092989702,12.644822445831714
55.14,-14.251133704144046,-20.395061238988475,14.761788629171093
55.15,-16.470173264114486,-22.91484944041879,17.618368090810076
55.160000000000004,-18.71674792066822,-24.988916486031535,21.273718339315845
55.17,-20.782371802030365,-26.15268408777913,25.658969018269683
55.18,-22.369099658598103,-25.879049135188044,30.49091987052521
55.19,-23.116699186130326,-23.74099936953544,35.217625997030396
55.2,-22.69578663708796,-19.641625895672224,39.13088741105282
55.21,-20.925796881799684,-13.938628875901147,41.63006297417283
55.22,-17.836577469428406,-7.340881553769048,42.457679475932025
55.230000000000004,-13.68083849638151,-0.6505979804108093,41.839184100410186
55.24,-8.853054275949017,5.493049043222063,40.34814656219115
55.25,-3.7737448877118425,10.729332606661888,38.66861820206551
55.26,1.1896355053273089,14.919170409798543,37.38424822789816
55.27,5.75368425669924,18.006800180849382,36.86798930130479
55.28,9.699643402413244,19.913846180914916,37.25260818111229
55.29,12.841294650297828,20.508027378869592,38.43588950454474
55.300000000000004,15.007306706499834,19.670452665246284,40.09269369038171
55.31,16.04965883934274,17.364186447715653,41.78087694898127
55.32,15.899833418548763,13.789427672622214,43.02394166817147
55.33,14.588153474980988,9.313462148690423,43.50570884609785
55.34,12.267205338912483,4.433904985228004,43.140098312582566
55.35,9.195490198015177,-0.36030441534879065,42.088249997680464
55.36,5.6810250877611015,-4.696889292495728,40.6666004327275
55.370000000000005,2.02702195882688,-8.351764699561626,39.22652720844751
55.38,-1.5060917646384846,-11.22317635006019,38.05365154673394
55.39,-4.715066786408521,-13.267917651889462,37.318057995022514
55.4,-7.447378404975545,-14.46275778856214,37.06141055954338
55.410000000000004,-9.587276479450972,-14.786682392886956,37.2127737758015
55.42,-11.05693786049497,-14.254728434405479,37.60541408902861
55.43,-11.803562802582315,-12.910148068235683,38.03895101166259
55.44,-11.823339692252812,-10.881803196918398,38.30902581584259
55.45,-11.155219004505648,-8.347059981560836,38.272488352116554
55.46,-9.884356789117573,-5.523262938965805,37.86412504837035
55.47,-8.141719591065181,-2.636146442071618,37.10945550998256
55.480000000000004,-6.078233993547971,0.1293304458227018,36.10322492436565
55.49,-3.845267554528522,2.639676172007087,34.97149112676992
55.5,-1.5820094395303106,4.814538882336115,33.84224168326498
55.51,0.597642104347851,6.618553417417474,32.81880868067102
55.52,2.6069199299259163,8.042386128423137,31.969459504809386
55.53,4.384371995443671,9.090780310674592,31.324885343639224
55.54,5.887619537683601,9.77168693454457,30.882948532779363
55.550000000000004,7.093489666065215,10.100499716987795,30.610777006551295
55.56,7.984348012790722,10.088821503213719,30.46066141495987
55.57,8.560026130540596,9.764389701541983,30.373833765917123
55.58,8.825870941521845,9.162154744259214,30.28913148264229
55.59,8.796276965086047,8.321514043359137,30.154874758810504
55.6,8.497810388002712,7.298066751076683,29.92949988075911
55.61,7.963071846767653,6.146223710603112,29.59010078682071
55.620000000000005,7.236004922090343,4.92768864375398,29.13003004319114
55.63,6.359753781844132,3.6919294936454237,28.557501434061198
55.64,5.381949123016662,2.4850068441320037,27.891951404822038
55.65,4.345060779962678,1.337400015172265,27.159252761262785
55.660000000000004,3.2886188981011806,0.27179994901515325,26.387109000741848
55.67,2.2432970793820886,-0.70297534677695,25.60186264706624
55.68,1.2341454997326893,-1.5836727036631173,24.82641852753388
55.69,0.2762804673336172,-2.3763369104925207,24.07863910184893
55.7,-0.619690230954546,-3.0887901220522473,23.372553767354916
55.71,-1.4510038072962783,-3.732948229882187,22.71724734792954
55.72,-2.2182251639084645,-4.321238794989138,22.11919248655945
55.730000000000004,-2.9257654896367358,-4.865497721891601,21.582121173026128
55.74,-3.5800707920476564,-5.378127957399327,21.108567199927936
55.75,-4.190284107252501,-5.870102262663412,20.69924598454406
55.76,-4.762526557878805,-6.348994335682029,20.356679292504587
55.77,-5.307754610542152,-6.8247603066939595,20.080873758970185
55.78,-5.8347616655363685,-7.302947821053667,19.87283385203297
55.79,-6.3463614810162134,-7.784470203556908,19.73662272283905
55.800000000000004,-6.848952588439386,-8.272323745838866,19.67502190430151
55.81,-7.3516597425248795,-8.768190131669353,19.688519059853004
55.82,-7.851686570531549,-9.2639799101131,19.78056944683726
55.83,-8.346480647387832,-9.751684989165916,19.954818844140465
55.84,-8.839315086030616,-10.224986482505619,20.21288679276959
55.85,-9.321691890355709,-10.666987072818106,20.551712465677397
55.86,-9.782608527859312,-11.058733336075749,20.968224056471374
55.870000000000005,-10.214846623150214,-11.381824523480294,21.459825155827204
55.88,-10.601064298070117,-11.61325004954217,22.0098972057679
55.89,-10.921709765004834,-11.72867533414871,22.599911393371077
55.9,-11.159819567511702,-11.70462801453434,23.21339577536587
55.910000000000004,-11.297714014165669,-11.529443917403166,23.818997741423342
55.92,-11.31570818747372,-11.190228148540188,24.38385871489645
55.93,-11.197521922598781,-10.679030961624804,24.8809688997374
55.94,-10.941694183207227,-10.016718363310291,25.28034234850303
55.95,-10.545915097720762,-9.223076915137542,25.55310662325669
55.96,-10.012333171705647,-8.317946326000605,25.686178754932705
55.97,-9.359277790677055,-7.3399448252262784,25.67496826186076
55.980000000000004,-8.601240096058927,-6.319336906236258,25.51862197257615
55.99,-7.764784703913271,-5.290327693743206,25.231948888753728
56.0,-6.875273705320234,-4.283245730309697,24.830534230971146
56.01,-5.956799789462252,-3.3177871155361434,24.335908655327124
56.02,-5.034648333894938,-2.4118983733827655,23.771711553825547
56.03,-4.127334896815557,-1.5728622453351346,23.15847231746583
56.04,-3.2512359354085394,-0.8037310122768164,22.51735285815188
56.050000000000004,-2.4176669035035045,-0.10277195935921557,21.86469429762051
56.06,-1.632790663203664,0.5364413541979578,21.214398494871805
56.07,-0.899575093724365,1.1221074665279338,20.577453115212233
56.08,-0.21675532009410226,1.6646129246447272,19.96190547725613
56.09,0.4195228683195542,2.1753332333425295,19.37415313500668
56.1,1.0152454706915945,2.6658447926353075,18.81892961393614
56.11,1.5785429446397834,3.148371918955807,18.30003293287786
56.120000000000005,2.118145258676003,3.6346063162182736,17.821119155061826
56.13,2.644689483314307,4.1367618167250795,17.385337027887488
56.14,3.1678031508817353,4.6659603178043225,16.99747790993716
56.15,3.69874269830893,5.233853346318361,16.661876522101515
56.160000000000004,4.248563424306116,5.851211009425865,16.385592528238156
56.17,4.826606340352197,6.527829355004105,16.177551597541623
56.18,5.445928056629199,7.274294659462173,16.0465866648638
56.19,6.114156892207906,8.095673965546869,16.00862276139618
56.2,6.8394193497229185,8.997473161103414,16.080261324523956
56.21,7.632637968271315,9.98243725890208,16.280070383359515
56.22,8.492291346858213,11.0364064587087,16.632896557129797
56.230000000000004,9.416996453316719,12.144434847689858,17.16480343994936
56.24,10.402847025654658,13.278541147800635,17.90161228536501
56.25,11.427414349942845,14.38499705385461,18.862652227429045
56.26,12.466240734764511,15.400754781980499,20.066248867308534
56.27,13.46977090735345,16.232151318280508,21.50098640942721
56.28,14.382105343342193,16.77472583218043,23.146458647436006
56.29,15.12295644862573,16.91708123724224,24.923457252069625
56.300000000000004,15.60870783138018,16.552943399850705,26.740537448865187
56.31,15.755005448824631,15.62629723098062,28.45097704565726
56.32,15.487083143220918,14.114285526729441,29.91647775156732
56.33,14.775230452538414,12.102188127100552,30.997615746177477
56.34,13.61282513193032,9.697261337524997,31.61308800270315
56.35,12.043769413841055,7.0642322173009156,31.740241081960612
56.36,10.149169508127628,4.367295069241318,31.429887539582047
56.370000000000005,8.027180721398409,1.7475796621231288,30.776169532927952
56.38,5.786056821906065,-0.6922019461257798,29.904847839832083
56.39,3.5225713911367023,-2.8963212970407946,28.941836044133883
56.4,1.316992066233913,-4.842198955708362,27.997901036722975
56.410000000000004,-0.7707396730917426,-6.530214282346426,27.159674917675115
56.42,-2.7027866488231123,-7.975108825605089,26.485580633271983
56.43,-4.454855668754356,-9.189034348549265,26.009719363662153
56.44,-6.014403340816913,-10.180587736580605,25.74659953007204
56.45,-7.3716719293373245,-10.948446305109442,25.68592490431415
56.46,-8.519469450552315,-11.486616653361656,25.81070358090992
56.47,-9.452201286708405,-11.780893190941725,26.08420517261628
56.480000000000004,-10.155805713917314,-11.822503398305138,26.4573993427359
56.49,-10.617083239826325,-11.595870746773766,26.87820909435615
56.5,-10.832876925143418,-11.104410332477922,27.288853943918976
56.51,-10.804593106419265,-10.37669408651278,27.63287335442005
56.52,-10.532683722790079,-9.435256080885225,27.8585711168378
56.53,-10.036266153098243,-8.324470923010598,27.937052393018792
56.54,-9.338334114664256,-7.096073682416515,27.846597460568994
56.550000000000004,-8.472354934554707,-5.802109266189699,27.589265455886917
56.56,-7.47865220771633,-4.496950300976106,27.178013504756255
56.57,-6.39630719270617,-3.2198819024149428,26.638018900563033
56.58,-5.266847730034716,-2.0057378682168086,26.00083223548913
56.59,-4.124387663445872,-0.8728474652542885,25.29892080359993
56.6,-3.0002288198338407,0.1667783671913463,24.56429687282798
56.61,-1.9148939187220586,1.1138142837286245,23.823143781405545
56.620000000000005,-0.8849730295122022,1.9727294617189524,23.098858921210677
56.63,0.08257503298271418,2.7540578287851902,22.407473704657175
56.64,0.9848223622076063,3.4706630600177863,21.762432702515703
56.65,1.8242643357577912,4.135977391394502,21.172390685751093
56.660000000000004,2.606179356621362,4.763970825140564,20.644263108349712
56.67,3.339632975842755,5.368464048096449,20.18233443585777
56.68,4.0322579625288,5.960004450100058,19.791608054263204
56.69,4.695725028701154,6.55076100417678,19.474972616201228
56.7,5.339850929606649,7.148274624036042,19.236497374733695
56.71,5.969959886129667,7.756385873334736,19.082766226858798
56.72,6.601250908363485,8.384689521230563,19.01687565042494
56.730000000000004,7.238175300479,9.030050251419162,19.044695435844307
56.74,7.876720782694979,9.682167560555841,19.17473134571803
56.75,8.513520952011298,10.331078966656332,19.415402268751993
56.76,9.153533433043583,10.968061197284268,19.770867113177957
56.77,9.787050814171511,11.569326473550051,20.23981288793543
56.78,10.40082786112428,12.10779161535499,20.822289855092425
56.79,10.980801809588128,12.552924562748862,21.512806189765307
56.800000000000004,11.499401849351566,12.866290860978534,22.28880537957391
56.81,11.930356679937848,13.007565826003935,23.130947275738276
56.82,12.245235065491979,12.945640959539157,24.001889174258146
56.83,12.411402105929328,12.652811202564198,24.8527856151486
56.84,12.39985462412925,12.108011501565565,25.6401477845058
56.85,12.196311740132545,11.328152815355136,26.309677662936735
56.86,11.78435458908362,10.32664713057726,26.813330041815647
56.870000000000005,11.16983104661216,9.1446104757249,27.124973126932602
56.88,10.366236078988274,7.833928990063773,27.22369408252533
56.89,9.398962811853464,6.4466777372137045,27.11407854491449
56.9,8.306540246748124,5.043237749921149,26.81366114071909
56.910000000000004,7.124772794160355,3.6655479186330413,26.351376160329533
56.92,5.896182556592409,2.352683644242604,25.765733878317942
56.93,4.6553581466591964,1.1256731503503055,25.094404006604165
56.94,3.435054414102974,-0.0020681536360080965,24.375975897285823
56.95,2.257227738769366,-1.0302472464590706,23.64143527047911
56.96,1.1388284382710143,-1.9642838329396353,22.91880746054846
56.97,0.08794075508940935,-2.8149948440226646,22.227812803397192
56.980000000000004,-0.8929686770149197,-3.59666934267823,21.584498987332218
56.99,-1.8065540541911504,-4.324022621944186,20.99985567472094
57.0,-2.658610154905166,-5.011838478316389,20.482485991530076
57.01,-3.45907640873369,-5.675219449985721,20.038060289860244
57.02,-4.21647197031878,-6.325094339006245,19.67264778134068
57.03,-4.942274225861525,-6.973415632465961,19.39081691597784
57.04,-5.6480547260667135,-7.628113437634871,19.196858437921634
57.050000000000004,-6.338177337344093,-8.290879607620898,19.098683266106708
57.06,-7.0233254389385715,-8.966629533338818,19.102074989163167
57.07,-7.709822838627811,-9.651584791212633,19.212051410325316
57.08,-8.393027698983932,-10.332636113768848,19.436055406676886
57.09,-9.072478210225917,-10.99837042158552,19.781245690752925
57.1,-9.744666999399424,-11.62910812057231,20.248239924365837
57.11,-10.392653900746655,-12.193996707527335,20.833370787313516
57.120000000000005,-11.003738075844806,-12.661955986561415,21.535019168280314
57.13,-11.552244964325466,-12.994429841410875,22.33079561651804
57.14,-12.007641801508369,-13.14960650424675,23.193343411365007
57.15,-12.341628318110008,-13.089954074239223,24.091728990417344
57.160000000000004,-12.52270588799786,-12.793170021974516,24.971676851532578
57.17,-12.516732757899522,-12.231753729263565,25.78405953884788
57.18,-12.308350840833967,-11.419840328374567,26.47728955008299
57.19,-11.887267359057581,-10.384620801683186,26.997820173635304
57.2,-11.251386230333233,-9.157973876014749,27.31573661030199
57.21,-10.42175511658361,-7.801230669067563,27.415032035892697
57.22,-9.420795494985953,-6.3666499661685005,27.296206404755466
57.230000000000004,-8.291060449438739,-4.917101550745594,26.982082498622514
57.24,-7.07015541096404,-3.4981392231284714,26.502090055097508
57.25,-5.8022607280949865,-2.148215077554132,25.898162576740614
57.26,-4.523967530513497,-0.8899879163566768,25.209889278185496
57.27,-3.268396982326361,0.26475299761268645,24.477731464182853
57.28,-2.058878593047334,1.3153367349783105,23.734170112986927
57.29,-0.9115469621145612,2.268998755228921,23.007572555235054
57.300000000000004,0.1648187999732702,3.1367206233115033,22.318657275113008
57.31,1.1685601792438187,3.9335678832282954,21.683167137926706
57.32,2.102557328380522,4.6747884043301475,21.112333963239706
57.33,2.9728139671597327,5.374717903215707,20.614560101470104
57.34,3.789432736463218,6.048620819781486,20.19550768322918
57.35,4.561686751689172,6.706921842193764,19.860492006403675
57.36,5.298471518319489,7.358959288932972,19.61514883051541
57.370000000000005,6.01435374687679,8.014331194756984,19.461846945678353
57.38,6.712422147780157,8.671503360117283,19.40743954584295
57.39,7.395095945650978,9.328239241826495,19.45923293461962
57.4,8.072209287082718,9.983364407196126,19.620564775588534
57.410000000000004,8.7399518433916,10.62195710971572,19.89421128270235
57.42,9.392952292731833,11.227321847168422,20.28412991873614
57.43,10.026898891778963,11.779257740992374,20.78972604132922
57.44,10.62211475642932,12.245529299677234,21.400014663070216
57.45,11.160593799703577,12.59285052795859,22.10610499840539
57.46,11.62086830884837,12.787968912985285,22.885626291760925
57.47,11.972768742755086,12.797714025606494,23.701160778528802
57.480000000000004,12.18773265638806,12.58775057556429,24.519755286814334
57.49,12.242739124728946,12.149837519068283,25.29203399165511
57.5,12.113223488870808,11.477909604536435,25.9658973636546
57.51,11.785756335156579,10.582933231746916,26.501973282107237
57.52,11.264882378883163,9.50729356484706,26.862895184700317
57.53,10.553713562163964,8.285846112229885,27.025311587433354
57.54,9.679237794619707,6.975544154638815,26.988324725709194
57.550000000000004,8.667299235262309,5.625406533379572,26.75865538297116
57.56,7.557663716011244,4.284637808271897,26.363907777404805
57.57,6.386816139268959,2.9919008682313057,25.833887781593784
57.58,5.191518300871671,1.7730900456487033,25.206353040389303
57.59,4.003878528900076,0.6452334567557569,24.51631146097483
57.6,2.84844033934043,-0.3877930454565158,23.796539461141187
57.61,1.7449673345059413,-1.3269148833109254,23.074938759677458
57.620000000000005,0.7023673000959245,-2.1823445794044614,22.372267817384174
57.63,-0.2732946427172247,-2.9657382117175857,21.70659160224741
57.64,-1.1831291308542846,-3.691039268779873,21.089552114666574
57.65,-2.0316027795639067,-4.373426732456478,20.530697154883946
57.660000000000004,-2.8268367822959974,-5.027264986807962,20.0365413162571
57.67,-3.577189999097126,-5.66553387666426,19.613345642786097
57.68,-4.295356918364054,-6.301669447040863,19.264983032848267
57.69,-4.989573319559831,-6.943641559562589,18.99802046361761
57.7,-5.6712238540182085,-7.600975630637017,18.817759608891716
57.71,-6.3521582521607005,-8.279345972302735,18.72933715622708
57.72,-7.033703419238555,-8.975213734822418,18.74263414824283
57.730000000000004,-7.719297638814962,-9.68610975520748,18.867096916925753
57.74,-8.416468853518722,-10.406875257005293,19.10884257363819
57.75,-9.117888500622014,-11.117952003044152,19.47417590046785
57.76,-9.81883252778169,-11.800311872671925,19.97113384207057
57.77,-10.507827533136284,-12.424336503522305,20.59885278637825
57.78,-11.160186396022523,-12.949350104804854,21.347213664517206
57.79,-11.755131383052625,-13.333933299303316,22.208925829001732
57.800000000000004,-12.260165399574674,-13.534463901137933,23.150314720339487
57.81,-12.637707184769464,-13.504687411423365,24.13120957298373
57.82,-12.853720066255011,-13.209687931632114,25.106367121020064
57.83,-12.87536788397671,-12.636653168166601,26.009118674143263
57.84,-12.668604534659494,-11.770576214761327,26.78269162359629
57.85,-12.230391933309273,-10.653874105846459,27.3751604678326
57.86,-11.560005101507027,-9.33314175593369,27.739381544387463
57.870000000000005,-10.671974394665924,-7.8616906711351175,27.862881819756954
57.88,-9.598569570095169,-6.310806212149313,27.74678002820851
57.89,-8.379854983724966,-4.741332116464373,27.416029398837974
57.9,-7.064176542590279,-3.2120111984244724,26.908086777929313
57.910000000000004,-5.696834932617367,-1.7603047805542562,26.269189430686314
57.92,-4.3216068403941374,-0.41396495990095383,25.5469890324039
57.93,-2.9724213868047533,0.8179304076853426,24.785434282489877
57.94,-1.6771027018459177,1.933639359482072,24.02281056673867
57.95,-0.4507338020895439,2.9433523918700946,23.28821388604584
57.96,0.696296837080141,3.859250709959311,22.605537688912772
57.97,1.763023605573767,4.696975963105412,21.990251156482522
57.980000000000004,2.752777357296183,5.473232878875212,21.454275754051782
57.99,3.672259455893072,6.201517747856613,21.00510287862937
58.0,4.5291820790678745,6.894562161916912,20.649337816961886
58.01,5.33662668970719,7.564331276342019,20.3893182750876
58.02,6.0996709613758435,8.213631637952382,20.229886622674528
58.03,6.824937354114534,8.84572876965567,20.175454323211202
58.04,7.524251227052421,9.46238532688634,20.225777584845062
58.050000000000004,8.19418965481438,10.052225205272343,20.382480470705975
58.06,8.831642253171214,10.603614096795624,20.64745399215175
58.07,9.438717274526514,11.104139567349549,21.01738273684725
58.08,10.002047254138391,11.53009475484207,21.48214330125521
58.09,10.508239054271034,11.856424526329665,22.03268563708857
58.1,10.944138263516855,12.058246381845917,22.65251854905794
58.11,11.287035091064496,12.110978242356747,23.31123208893239
58.120000000000005,11.51453162589483,11.987249462709638,23.98120253465622
58.13,11.609130782256896,11.675109314021743,24.627971118393027
58.14,11.554795151556544,11.175127284137679,25.20847266555376
58.15,11.334471330832315,10.484150655902077,25.687061717605506
58.160000000000004,10.950608353460414,9.63022110143749,26.035862676986234
58.17,10.407457763665901,8.645032073740145,26.228537617994213
58.18,9.716107008494278,7.561107979214884,26.25666166955488
58.19,8.901771050869598,6.424836205179511,26.12211623768932
58.2,7.987533723661779,5.271546946538979,25.83507532287139
58.21,7.007032007956314,4.139023026779244,25.41896650055654
58.22,5.988451222175368,3.053599423946264,24.89697040855776
58.230000000000004,4.960436937982949,2.0335378366103383,24.298232256369715
58.24,3.94731370714763,1.0904319299440466,23.648607958843677
58.25,2.9665432273411176,0.2255310340889129,22.972053394245673
58.26,2.032654036846391,-0.5627868767813958,22.28955594418701
58.27,1.1521731317353456,-1.2826979932657756,21.616624382204648
58.28,0.32858076443929163,-1.9442167834639479,20.966569221100894
58.29,-0.4398272219441118,-2.5594855400319263,20.348572653998268
58.300000000000004,-1.1577535209334129,-3.1417706297317425,19.769974281010423
58.31,-1.8323434788885273,-3.7040522110618426,19.236337181221007
58.32,-2.4724491715660717,-4.259620027135647,18.752346510182743
58.33,-3.0886634355552953,-4.821127774067923,18.32235602629814
58.34,-3.690802896068989,-5.400129088835549,17.95140529514466
58.35,-4.291666695169218,-6.008480469552194,17.644132750546703
58.36,-4.8996316944012595,-6.654361476843465,17.408950729818276
58.370000000000005,-5.527165802167423,-7.3480802163061005,17.252611073311016
58.38,-6.183915032011682,-8.094546434897616,17.185834946838437
58.39,-6.87360167502911,-8.893575734549339,17.223275204171287
58.4,-7.604590764392573,-9.747389549268417,17.37895140072956
58.410000000000004,-8.380707462775359,-10.647015804616636,17.668178547595872
58.42,-9.19540086268944,-11.572491079044887,18.108166769058986
58.43,-10.046276970727561,-12.503692609774294,18.71742684084004
58.44,-10.915437471818656,-13.397862386258925,19.504589873509893
58.45,-11.779217906164606,-14.204037883463593,20.47656032034559
58.46,-12.60464845691162,-14.858245775885381,21.62453116474785
58.47,-13.344191135938225,-15.283027662422603,22.920974278387376
58.480000000000004,-13.945684121798772,-15.402636556641149,24.32007880441049
58.49,-14.345212142925739,-15.147048953469758,25.740839943723582
58.5,-14.484266749136918,-14.466650195366261,27.098476821901368
58.51,-14.31384793837727,-13.359385125410133,28.280680457422047
58.52,-13.798388613961668,-11.846736052686428,29.19929124348821
58.53,-12.939927290411667,-10.017399281541154,29.78152181058862
58.54,-11.756324160069491,-7.965080670292389,29.99858750499218
58.550000000000004,-10.297883998548247,-5.809360313997113,29.860721376510508
58.56,-8.632906653479605,-3.6555350318060027,29.42080306161711
58.57,-6.836273500695361,-1.5910034952228886,28.751637307360927
58.58,-4.98379187828092,0.32628517028052073,27.940399506133296
58.59,-3.1392240414937236,2.0669105235212872,27.06844272260011
58.6,-1.3553795374097488,3.6209381561727607,26.208105824401887
58.61,0.33291294986099296,4.996729304917894,25.414550149175593
58.620000000000005,1.9025510498207256,6.207111420672753,24.72790345778869
58.63,3.3432744392734355,7.269860325367868,24.174110355958767
58.64,4.651549043584615,8.197697133355053,23.76651559068967
58.65,5.828989789070532,9.0013333753403,23.510483901945815
58.660000000000004,6.885737144294215,9.687942719583866,23.40278852623423
58.67,7.816292045383859,10.249580384460632,23.431235209859636
58.68,8.612289150590925,10.6765978153879,23.583199164096555
58.69,9.271876132225808,10.95854878669573,23.84284380698969
58.7,9.799825627824747,11.08529754552954,24.17909864758381
58.71,10.184559222040392,11.049730485267318,24.558080564919507
58.72,10.413896534377487,10.844290469233501,24.945886183196922
58.730000000000004,10.481104823555876,10.45951938563993,25.307126409305077
58.74,10.389714073088562,9.912684688300734,25.6102679028917
58.75,10.144345109615582,9.227998540055854,25.825094625244255
58.76,9.747828570109746,8.423335846723374,25.92629286157226
58.77,9.216436638953205,7.52923808518914,25.905560308973506
58.78,8.569630753690134,6.58090349731,25.75750763272884
58.79,7.82804629460102,5.607165083030874,25.48696360347126
58.800000000000004,7.020206208098232,4.640847943401465,25.108263752520042
58.81,6.169538686511952,3.7045997462826916,24.636035180519478
58.82,5.301185060623399,2.8163157455235237,24.09181498599358
58.83,4.436924115868023,1.9887824560142722,23.494666519609748
58.84,3.593006752044769,1.225801868267418,22.863451200050743
58.85,2.7839802355269025,0.5291137123157945,22.215600238368193
58.86,2.017562571560984,-0.1056784509789328,21.564052108123292
58.870000000000005,1.2989060837799855,-0.6850455306896699,20.92064560372772
58.88,0.628699547172278,-1.217740959185068,20.29354399411431
58.89,0.005058023846691129,-1.7138018135208732,19.68948580525514
58.9,-0.5768483294931793,-2.184165533234693,19.11327341112738
58.910000000000004,-1.1230992333723302,-2.6397979329842878,18.568814840170454
58.92,-1.6420619263347283,-3.0922851342225464,18.059172466806494
58.93,-2.1422404550861676,-3.5527233510583565,17.587436954736955
58.94,-2.633962849605177,-4.032694877476918,17.15664742083332
58.95,-3.1262295259867408,-4.542841989028567,16.771177817918737
58.96,-3.630754678830163,-5.094763478769946,16.435068884141465
58.97,-4.156937241173565,-5.698647598142509,16.155946913520463
58.980000000000004,-4.715605840432933,-6.365306737987323,15.941013255463147
58.99,-5.31815623939043,-7.10420957178194,15.801046714168503
59.0,-5.972188889819589,-7.922003132949376,15.751364229205116
59.01,-6.690323901085488,-8.828567327383496,15.806188850459195
59.02,-7.4788402274099415,-9.821559853376979,15.987409086768928
59.03,-8.33780712688561,-10.89123245908514,16.320917000636733
59.04,-9.27019574174955,-12.028239848271708,16.83372034064325
59.050000000000004,-10.27032141725468,-13.201735595263528,17.55256507670511
59.06,-11.319937664751928,-14.363638012465607,18.502811808006786
59.07,-12.394692133877832,-15.44980459885695,19.704470875574412
59.08,-13.44715480459002,-16.365847613404345,21.155294611594567
59.09,-14.42097400781577,-17.004302641651858,22.836702238115958
59.1,-15.233050285196656,-17.242110349829236,24.67655607026579
59.11,-15.797611730210193,-16.966951638430178,26.582517245541343
59.120000000000005,-16.019796452078765,-16.100446917065668,28.4045393089539
59.13,-15.822692656564895,-14.620616430497115,29.994529812731724
59.14,-15.15776567707674,-12.589539833756096,31.194660320464273
59.15,-14.019187882593613,-10.126313521457824,31.914324260523895
59.160000000000004,-12.440306609588466,-7.3956174721220655,32.115436510248934
59.17,-10.50878562443137,-4.583574371545734,31.846412028551
59.18,-8.325339551680178,-1.8407557451395755,31.20530005608288
59.19,-6.004510780325939,0.7176867057291525,30.324899406427765
59.2,-3.6522722849481943,3.027224493157507,29.343008834021642
59.21,-1.3557326600256354,5.0619598439755435,28.38041660217242
59.22,0.8202669570964408,6.821122642306642,27.530373770358963
59.230000000000004,2.8318808049046233,8.31756838817225,26.858108716227644
59.24,4.6525292422160325,9.563544610023751,26.399124215986827
59.25,6.265799446540922,10.564551723960461,26.16606105468474
59.26,7.6599252611100415,11.319435518490769,26.14797757751435
59.27,8.828100067701806,11.816376405904629,26.322690676836334
59.28,9.756957405280378,12.043363563070146,26.64239011802506
59.29,10.43066366930333,11.987871386302569,27.054754453427034
59.300000000000004,10.839643089618622,11.635390909958755,27.498882678969157
59.31,10.982540511030432,11.00891622592778,27.91028059403971
59.32,10.857416260345632,10.13276472916648,28.22582161366298
59.33,10.473829901418265,9.040503093507397,28.40099627047201
59.34,9.856514011216637,7.7909533036354865,28.405470658127083
59.35,9.033128214321225,6.437810379739172,28.22728439803591
59.36,8.048473662295619,5.045866083851069,27.87645052593531
59.370000000000005,6.943374292100097,3.6637698186394374,27.373379390517176
59.38,5.76552923738957,2.3354357735343614,26.75236185676793
59.39,4.5550559628229745,1.0877853125064925,26.048582141728257
59.4,3.349691829767944,-0.06157959256130008,25.2994669071679
59.410000000000004,2.1763274015657634,-1.1087947144658312,24.536247446994995
59.42,1.056779903325237,-2.0560501674915685,23.787212559977334
59.43,0.001971425407512939,-2.912937695145309,23.07203707718897
59.44,-0.9821994975181602,-3.6923464209821377,22.407126916760053
59.45,-1.8958384873977947,-4.407709121220759,21.80304136198029
59.46,-2.7430417342680644,-5.073505300620771,21.26764582992925
59.47,-3.5319267505795606,-5.703831687362451,20.805553824912067
59.480000000000004,-4.269525460907834,-6.308976307900677,20.421429922852443
59.49,-4.966409699875031,-6.900625472399514,20.11802180925643
59.5,-5.63326589737694,-7.486407728465011,19.897265824542206
59.51,-6.273866977559703,-8.068060077170447,19.76437530551572
59.52,-6.897417896098029,-8.65014744740917,19.72257441520209
59.53,-7.511942747379462,-9.231803740085166,19.773132896460194
59.54,-8.113473780597685,-9.802483713218601,19.920033572284304
59.550000000000004,-8.700377468555581,-10.352734605444438,20.16712447327726
59.56,-9.274269610441092,-10.87116235337637,20.513460227384822
59.57,-9.82230923624554,-11.33497495603714,20.953322522075226
59.58,-10.333052871345854,-11.720986902179147,21.482661528607657
59.59,-10.793335966278027,-12.00428875221263,22.089319414684645
59.6,-11.180036010493783,-12.157052731655236,22.74834975055613
59.61,-11.47125483015339,-12.149525301698251,23.438112851777067
59.620000000000005,-11.64720666736145,-11.96412642585212,24.126528862878065
59.63,-11.686796610363126,-11.590936989480735,24.771785540786844
59.64,-11.567329535435919,-11.015603248411306,25.338974330621678
59.65,-11.286217438748023,-10.26092406069405,25.794510581742
59.660000000000004,-10.844108579766877,-9.356269890555353,26.104524893468813
59.67,-10.242252936505116,-8.325313167309188,26.251279786181048
59.68,-9.502456306543412,-7.213340766273264,26.232153751426534
59.69,-8.64382490245389,-6.0585871197977585,26.048446245847227
59.7,-7.6976047802154834,-4.900667651814387,25.719396546510062
59.71,-6.69389862758044,-3.7740038165541376,25.265915969653452
59.72,-5.661663479643833,-2.700794915134063,24.715635319034952
59.730000000000004,-4.629421506789087,-1.6994879643877745,24.096757975738182
59.74,-3.6178342413638496,-0.7758042696601153,23.43454710313857
59.75,-2.645167627995443,0.06836357153516426,22.75338955766031
59.76,-1.7219769103669742,0.8381077272548589,22.071443469607964
59.77,-0.8546330102478561,1.5419706259918982,21.40460749728397
59.78,-0.044226709582818824,2.191041826135103,20.764180847237355
59.79,0.7117524262587123,2.798100305683418,20.159189873478972
59.800000000000004,1.4192202354707013,3.3763020124668275,19.596080083347765
59.81,2.0856788132107544,3.93895149826206,19.080334910977857
59.82,2.7213165629567957,4.499317134233317,18.6162871639631
59.83,3.3355721763913593,5.069339709682106,18.208880690112498
59.84,3.941060324231408,5.661524135335592,17.862252199125216
59.85,4.546664010576023,6.2850160056283215,17.583804525281117
59.86,5.164789526097124,6.950627708133436,17.37947417409208
59.870000000000005,5.80566821879933,7.664842326213838,17.258767765263254
59.88,6.474368725726544,8.429952955129936,17.234817837631535
59.89,7.182106388044907,9.25166304726082,17.3195040479704
59.9,7.932840325465863,10.123136649855459,17.52781859136126
59.910000000000004,8.722357646847595,11.029194023373508,17.877150348605735
59.92,9.550766259892443,11.95554792892416,18.38563894131691
59.93,10.407117915428035,12.868577922308845,19.065236417645103
59.94,11.271062449777114,13.723652376070703,19.92539776066024
59.95,12.117939213515577,14.46621221871187,20.967854161197394
59.96,12.905091103514465,15.024220993479235,22.172439524146874
59.97,13.587214032030618,15.322363175759296,23.51119951844727
59.980000000000004,14.103739182502583,15.288142552987404,24.91380498341794
59.99,14.394285411133538,14.85383810909232,26.308571982560238
60.0,14.4058351924365,13.999869455598525,27.588887773980563
60.01,14.085134819995469,12.712364125318553,28.657956717956097
60.02,13.426800361692226,11.067477413136722,29.433405499572324
60.03,12.43046807284643,9.14539607061494,29.853571579915965
60.04,11.13422178986229,7.055649459218689,29.91455816631951
60.050000000000004,9.590552277516338,4.906689001892129,29.64121194846627
60.06,7.875432815224661,2.8012153744862713,29.097829530129
60.07,6.061510159817165,0.8094405325459051,28.36275201973477
60.08,4.220456460370304,-1.0208821984915444,27.520650226092382
60.09,2.4108263188616355,-2.671041019487857,26.64929379952273
60.1,0.6767391691059462,-4.139295679366479,25.812081145941665
60.11,-0.9512948133805297,-5.4362356547779624,25.058853651579593
60.120000000000005,-2.4574937281046534,-6.577635036956876,24.421536094258766
60.13,-3.8342829878300884,-7.579943343677742,23.922075731455774
60.14,-5.080569043797252,-8.45437186459053,23.569028868007265
60.15,-6.20300650839839,-9.212627775680392,23.366040476027052
60.160000000000004,-7.205793010115926,-9.854735894386524,23.305199835864887
60.17,-8.081575824508235,-10.371936489117163,23.375346309920307
60.18,-8.823921432862013,-10.755416814634845,23.564940234177012
60.19,-9.439248154056145,-10.995730641252168,23.851252172133073
60.2,-9.92139522085424,-11.083347240941695,24.20270598417782
60.21,-10.258726069317815,-11.008623548093725,24.58809771222782
60.22,-10.442990266533538,-10.758030140168634,24.974389297100426
60.230000000000004,-10.472950472831855,-10.339828753321024,25.32766264203248
60.24,-10.348207821692114,-9.770666181216566,25.614457534578573
60.25,-10.067399065749706,-9.062426360883048,25.804666305267016
60.26,-9.642074219207284,-8.241462708868495,25.88281828721832
60.27,-9.088034958610656,-7.341510344390181,25.836731849147636
60.28,-8.421435321617016,-6.390508080631287,25.663621209878755
60.29,-7.669756196603229,-5.424132042593033,25.37330541149647
60.300000000000004,-6.855798240606636,-4.4693619374698255,24.975934972715116
60.31,-6.005310183772878,-3.547998512348036,24.491103811495634
60.32,-5.142628574955651,-2.6785264755624163,23.937799677710938
60.33,-4.286706948688311,-1.8691203518687902,23.335271194917706
60.34,-3.4555985420242448,-1.1257058025459032,22.702981844407454
60.35,-2.6605556507486066,-0.447259741463957,22.055607575821508
60.36,-1.908914019449963,0.17107630916407332,21.406861666928744
60.370000000000005,-1.2053832832910194,0.7356542227356474,20.76757366254164
60.38,-0.5498835351934844,1.2555925098183904,20.145407673622515
60.39,0.060004949113228845,1.7410196798427315,19.54668989941676
60.4,0.6291552755939753,2.202615291090217,18.975935902909402
60.410000000000004,1.1644903262995152,2.65169598967184,18.43672316055392
60.42,1.6737306072425848,3.099273033745019,17.932210899214027
60.43,2.1664674779552264,3.556912076202373,17.46508544614856
60.44,2.6515549087587766,4.035382217085619,17.03904679320818
60.45,3.1399532855256873,4.546199371102835,16.65732433178065
60.46,3.641469265064491,5.100070535712691,16.325773626832426
60.47,4.166348265642324,5.707829888162059,16.050396640071085
60.480000000000004,4.726412465980537,6.380189391704992,15.839403950245776
60.49,5.33011084859402,7.125744945358051,15.70535516057222
60.5,5.989791872488883,7.955118149613333,15.659595599859934
60.51,6.71384263570251,8.871471976022022,15.721007093718704
60.52,7.506533188422255,9.873684089925408,15.912303953574254
60.53,8.376246549891789,10.961730959758675,16.257237111796
60.54,9.321245385106014,12.115144390381005,16.783188638106765
60.550000000000004,10.332838568778838,13.303775471637552,17.51931968863875
60.56,11.399050344393432,14.48400216970792,18.493882089909658
60.57,12.48569512492108,15.580535516956298,19.720530542994428
60.58,13.55287219487651,16.504598587467786,21.206323209092357
60.59,14.533539916064967,17.139067192263067,22.91781173319654
60.6,15.351624698652044,17.3614522221097,24.799121101385804
60.61,15.911024845400553,17.056841515361537,26.732701286423982
60.620000000000005,16.12083393079934,16.14583425688236,28.58348868470568
60.63,15.895789362137347,14.60776867486484,30.17777998221243
60.64,15.191171912422414,12.50368784998464,31.378769456682825
60.65,14.00695601904262,9.978569818846829,32.075193517775354
60.660000000000004,12.383594102429116,7.197033776985755,32.24902101572319
60.67,10.40141236767218,4.339745701757202,31.945317403953723
60.68,8.173390531749785,1.5682127162537993,31.273622035834176
60.69,5.814110669663929,-1.008725526427778,30.371483195913502
60.7,3.4303126510315467,-3.3272176455821976,29.37845567754892
60.71,1.110624627111982,-5.362288608382611,28.417376529199025
60.72,-1.081017888438557,-7.117010890851711,27.58183123820449
60.730000000000004,-3.101660417131697,-8.602538475165549,26.933367369032123
60.74,-4.923961140477798,-9.830676611777228,26.50734818908833
60.75,-6.532380998829829,-10.806727232032138,26.31210564123357
60.76,-7.9174322630527545,-11.524843226016056,26.337770987362394
60.77,-9.063843911237317,-11.974077373155692,26.546729075691633
60.78,-9.956548016086904,-12.13932101821127,26.897582670062096
60.79,-10.587346398523746,-12.002823738995657,27.332484010961895
60.800000000000004,-10.947334745037276,-11.57566826280386,27.782813446095062
60.81,-11.02717891759031,-10.867869278471348,28.18024822507297
60.82,-10.831672028854594,-9.904511402264985,28.46893167595706
60.83,-10.37787496719987,-8.738490290919847,28.603303769008058
60.84,-9.68570797898272,-7.419860227091862,28.55585437830866
60.85,-8.797508183605961,-6.0188755344035085,28.324532321424712
60.86,-7.751458708104677,-4.590967939790508,27.918798978888077
60.870000000000005,-6.597550334162869,-3.1898382460971595,27.368899244997184
60.88,-5.3797965903485405,-1.853295895692145,26.70842952003792
60.89,-4.141741494636685,-0.6079834018352402,25.977401708654604
60.9,-2.917225909772943,0.5340890562463261,25.21125369400159
60.910000000000004,-1.7345754349942373,1.5696562248731591,24.44331524289132
60.92,-0.6107975156102357,2.5048289974655775,23.69816604858677
60.93,0.4431225492490546,3.350526719888643,22.996538086668835
60.94,1.423442115548477,4.119476886126848,22.35212996713523
60.95,2.3317012583855132,4.826662673019651,21.775078571667514
60.96,3.1736626066622384,5.48621432944636,21.271548045174487
60.97,3.9555434249263435,6.109674503825546,20.84674430752454
60.980000000000004,4.687996701997957,6.7101138360708354,20.503207968934447
60.99,5.380264979353439,7.295190967201963,20.243145466019577
61.0,6.037091906352368,7.868658402463212,20.07095371765975
61.01,6.674055479724132,8.44017294739532,19.98696528588957
61.02,7.2961245304236675,9.007230633360836,19.992544948955754
61.03,7.898253809452599,9.559490785960472,20.091714658491693
61.04,8.475462868523019,10.086644837521114,20.288484649263367
61.050000000000004,9.032266412321826,10.581621050455466,20.582559863911882
61.06,9.564359954614396,11.027973407367545,20.96641380722159
61.07,10.05829353084098,11.403530722567893,21.432695968032483
61.08,10.504664371082672,11.686424624815174,21.97471689480941
61.09,10.885276861029494,11.853219940740692,22.570934499189452
61.1,11.179107170627267,11.879104867774657,23.197269586220695
61.11,11.367733278793414,11.741423288707125,23.830700874237667
61.120000000000005,11.43449067105772,11.434267865743282,24.434472456296565
61.13,11.360754213417104,10.949679363742552,24.97201605835324
61.14,11.135618093847562,10.291247997382635,25.41482918379475
61.15,10.762441563899976,9.487896641172837,25.734455158014033
61.160000000000004,10.240728844856315,8.561499528870941,25.9074491007155
61.17,9.585218948066856,7.546361662733081,25.928955269364288
61.18,8.816088722743945,6.482273474724698,25.79786663871688
61.19,7.955417087371577,5.401166601436267,25.524899694137286
61.2,7.033853966345566,4.33863609329697,25.129898331449052
61.21,6.076343920476479,3.3177288575298958,24.63327058626019
61.22,5.109800706880615,2.3566258136033125,24.061454998356428
61.230000000000004,4.1562394355994865,1.4662339814818912,23.437305446450303
61.24,3.232228323884794,0.6486491683530313,22.78296437481323
61.25,2.3514362686459163,-0.09687937628163323,22.117588289667207
61.26,1.5206489554914306,-0.777116884456396,21.455842036725404
61.27,0.7434578459434189,-1.400794915302476,20.810016847348102
61.28,0.018863462583865287,-1.9789421787829045,20.18902140725394
61.29,-0.6571865556792331,-2.523668595148684,19.599742899251382
61.300000000000004,-1.2907644502739613,-3.047160461461838,19.04751456608563
61.31,-1.8905409643788325,-3.5623431986908254,18.53647253629191
61.32,-2.46541302558791,-4.081194134426367,18.070824074023005
61.33,-3.026611060372148,-4.616356851854967,17.65403157550514
61.34,-3.584015482942008,-5.178825796975525,17.29156449312527
61.35,-4.148788409762657,-5.779974938086412,16.98854404636073
61.36,-4.732624909412918,-6.430046452629548,16.752310738975325
61.370000000000005,-5.343629025779625,-7.136817564143603,16.59352159950726
61.38,-5.995220280596347,-7.9105417149754365,16.521191695589906
61.39,-6.694151866755714,-8.752536650307668,16.551404441281857
61.4,-7.4436164273655985,-9.66084107598102,16.702760283099764
61.410000000000004,-8.251951466503016,-10.635031614854768,16.994068998491034
61.42,-9.117155793932962,-11.656302666878611,17.445963875777462
61.43,-10.030826972184393,-12.698082376010854,18.080466355165797
61.44,-10.983388526477649,-13.72452769938686,18.91842484660737
61.45,-11.944962860657146,-14.673269811783156,19.96664009348573
61.46,-12.883581319630547,-15.474114949725797,21.22994555196717
61.47,-13.74447929385567,-16.035654672632376,22.677034311436298
61.480000000000004,-14.467414653837839,-16.26011681382149,24.267559725432832
61.49,-14.977649832186378,-16.06264263396306,25.90702007675225
61.5,-15.199147413577606,-15.367022356707688,27.495201541540233
61.51,-15.071836331084889,-14.16725571024014,28.897521952186406
61.52,-14.544880113805448,-12.480231283913877,29.99777391264109
61.53,-13.616838523986633,-10.411495355558761,30.706350173895416
61.54,-12.30611271546427,-8.077562681170807,30.983749219980275
61.550000000000004,-10.67193402836659,-5.625711028494548,30.84466536604306
61.56,-8.797302800949993,-3.186841514893861,30.357541440594424
61.57,-6.772664559202239,-0.865035875379462,29.616856834160306
61.58,-4.689439701930157,1.2711144768614941,28.732337734445608
61.59,-2.6243323719339546,3.189859359190336,27.80569450715534
61.6,-0.6379091756563664,4.882891014083796,26.92209781219417
61.61,1.2273978139346773,6.359311488574818,26.146858501823885
61.620000000000005,2.9465649112976107,7.633886309611691,25.521374261748754
61.63,4.505090263848738,8.72087424837186,25.071350628386337
61.64,5.896720249352722,9.6291481782092,24.803767885704602
61.65,7.122979638193326,10.362882873907465,24.716941144636536
61.660000000000004,8.17744306437965,10.914364205475866,24.790517292666348
61.67,9.049731044330914,11.27405958081114,25.000919683357733
61.68,9.737341377932088,11.426715127991782,25.31799862947203
61.690000000000005,10.235797016889084,11.365760433997892,25.69680907662095
61.7,10.534727359304473,11.091819126254766,26.090714911370313
61.71,10.625565442243486,10.602435753906217,26.452670629103114
61.72,10.512879161208186,9.914817439748983,26.74191507916576
61.730000000000004,10.205528119477135,9.06183940751263,26.922159503336044
61.74,9.712459004991423,8.071962337373208,26.96675070411733
61.75,9.059679849203043,6.991894178938114,26.86717974670892
61.76,8.270567016519351,5.86146150523943,26.62012232545201
61.77,7.379656351832889,4.722036313151796,26.241168507944472
61.78,6.419280794261603,3.608740396643105,25.747848252741758
61.79,5.421157715866562,2.5455373829937784,25.16599548352179
61.800000000000004,4.41527259866349,1.5516242939259566,24.521415721195144
61.81,3.4241680039886435,0.6336943244698449,23.838728817790468
61.82,2.4677343557126106,-0.2051870183150537,23.14094633993165
61.83,1.5572656858012803,-0.9699662781704834,22.445632331584648
61.84,0.7005754303035887,-1.6682928457115056,21.768216740434305
61.85,-0.10064220317243347,-2.3109380077145767,21.119425589009982
61.86,-0.8480565935725954,-2.910243468210773,20.50793224529307
61.870000000000005,-1.5469173908748883,-3.4788805852595117,19.939792980197495
61.88,-2.204224353717696,-4.029854878444519,19.42008848955284
61.89,-2.8296181966784717,-4.575950837772087,18.9527324605568
61.9,-3.4318861928587694,-5.128542795456063,18.542312359680917
61.910000000000004,-4.023340007832465,-5.69982258905231,18.1922731380671
61.92,-4.6124468439742135,-6.298316077929339,17.909342900440407
61.93,-5.210272342155945,-6.933863277579298,17.69918908516366
61.940000000000005,-5.827890817574114,-7.613453946036392,17.5694013606291
61.95,-6.469508989158824,-8.338302055515104,17.532134170398457
61.96,-7.143111975693012,-9.111920575876985,17.598785826987605
61.97,-7.85589219796327,-9.931273651437904,17.781474973473493
61.980000000000004,-8.603270263509033,-10.781058678180926,18.095235495571625
61.99,-9.38353977730744,-11.647011589092914,18.555928714811852
62.0,-10.18941461785024,-12.501692112724552,19.174732732376953
62.01,-11.000370003138531,-13.30307037962005,19.95746963970585
62.02,-11.796208265328028,-14.004565849527992,20.908329635017363
62.03,-12.538356424460675,-14.542754104857261,22.006721234319272
62.04,-13.186632231607613,-14.849550058479135,23.23115090984236
62.050000000000004,-13.688975547468704,-14.862758749830018,24.521248077548407
62.06,-13.98912775627742,-14.51809466874157,25.811805460585763
62.07,-14.040790222295538,-13.793500595866439,27.016278833740568
62.08,-13.79813844796394,-12.681381456096707,28.04035521355459
62.09,-13.243941257383568,-11.223764253194068,28.812690367441178
62.1,-12.379005596591323,-9.495014290481947,29.271656307934425
62.11,-11.229328841327035,-7.584839333343565,29.40284624563814
62.120000000000005,-9.839110847379853,-5.5935564711085135,29.217360280852535
62.13,-8.273550766890823,-3.6142360948651064,28.76568766851317
62.14,-6.597526144951965,-1.7187066374829794,28.111047242991553
62.15,-4.878026444845845,0.043362519189217075,27.328967699985878
62.160000000000004,-3.1699224549041696,1.6483590427263495,26.489060064377934
62.17,-1.518930125202023,3.0883501139180938,25.653673650761554
62.18,0.04550103810652606,4.3718558002719785,24.870612841553385
62.190000000000005,1.503865558220724,5.5115724650300315,24.175687217389335
62.2,2.848731176789916,6.525322485269124,23.592452178697346
62.21,4.078706039662503,7.427741450941794,23.13510838291593
62.22,5.196142571386817,8.230254175006213,22.810585285357867
62.230000000000004,6.212130226042686,8.944735695191252,22.619928141486216
62.24,7.127767085510875,9.568657021387116,22.5578118580695
62.25,7.938829768511731,10.095429285235499,22.61890467906618
62.26,8.646690298318797,10.519172391609482,22.795006574478897
62.27,9.256344063251197,10.831014259878495,23.065598770305247
62.28,9.757107008508385,11.016980433022686,23.40875325188682
62.29,10.140023134746064,11.061545020400454,23.802226914852497
62.300000000000004,10.400133140293022,10.954731747284825,24.217529653101963
62.31,10.52849565559341,10.696134273378805,24.62202523362884
62.32,10.515407340457447,10.282646504548007,24.983576587283718
62.33,10.358807111149869,9.721103640321953,25.275640673360062
62.34,10.065134569458534,9.03626342368436,25.474805721892636
62.35,9.637539017280172,8.246974876904499,25.560081847339806
62.36,9.090570754481524,7.381331576721936,25.5255428860956
62.370000000000005,8.443460842497522,6.472609634004086,25.369066430442658
62.38,7.714493158503796,5.546308361579557,25.0958221014767
62.39,6.930055746330855,4.631511141831643,24.720927310545427
62.4,6.111912320044603,3.7492282382914888,24.258334409399062
62.410000000000004,5.2819047444008245,2.9140761003068825,23.727738892693914
62.42,4.4604018896844195,2.137960478707503,23.147500899685614
62.43,3.6614351264765834,1.4237757775725604,22.53403723914052
62.440000000000005,2.8975390057171637,0.7722944356541751,21.90368020849599
62.45,2.1762018054170564,0.1800415813691365,21.268301442290436
62.46,1.5012319778143617,-0.3594217565826743,20.638280949244173
62.47,0.8734347302079456,-0.8540292806960675,20.02145064359257
62.480000000000004,0.2907421717934367,-1.313066354818687,19.423743949798745
62.49,-0.2513710269356382,-1.746651513817481,18.849582433952968
62.5,-0.7587064946859619,-2.1650297932669975,18.302424269569336
62.51,-1.2389642792519746,-2.578953520528626,17.78498721038839
62.52,-1.7003292204705167,-2.999010931555416,17.29978678307529
62.53,-2.1521120401127627,-3.4360704574887246,16.849525120131375
62.54,-2.6034392407456064,-3.900744676864997,16.437302515368906
62.550000000000004,-3.0649940344746245,-4.404291862046688,16.067010841153298
62.56,-3.5459273140866654,-4.9574035493923585,15.744353972138414
62.57,-4.058067065459258,-5.571655982424241,15.475061787953292
62.58,-4.611195011773248,-6.2576558074468345,15.269693303413868
62.59,-5.216165058501268,-7.026578665671711,15.138664733275908
62.6,-5.88463801495903,-7.88754115586147,15.096920621215169
62.61,-6.62420452252368,-8.845706671264505,15.165609887022313
62.620000000000005,-7.4459535891077255,-9.908189861823438,15.366161247054531
62.63,-8.354874241940857,-11.067171454461628,15.72729259120859
62.64,-9.348227249678587,-12.304113417362897,16.281657220829185
62.65,-10.42554018618922,-13.596272647758248,17.064885731320565
62.660000000000004,-11.565616447875628,-14.885002105405428,18.105893825796695
62.67,-12.741719807904863,-16.098782786144557,19.433722346664823
62.68,-13.901697606982053,-17.129071250425195,21.047498242946812
62.690000000000005,-14.979839503947545,-17.846114720137024,22.93183738368618
62.7,-15.881407767233874,-18.107158619144453,25.0022735604976
62.71,-16.501825037898964,-17.77034123151668,27.14900524592948
62.72,-16.732605159708957,-16.752008492551184,29.191463902774917
62.730000000000004,-16.477959813713937,-15.020354768468865,30.950184187222575
62.74,-15.68963190054376,-12.670567235485864,32.24233738601377
62.75,-14.36212015291079,-9.850152736817492,32.96640455090873
62.76,-12.545126965939822,-6.766372009185884,33.096612237241644
62.77,-10.346226172737897,-3.6376224598574014,32.70845386118883
62.78,-7.889836347960005,-0.6350282444943047,31.936719733770737
62.79,-5.30952938794334,2.1210613449306184,30.948036379079294
62.800000000000004,-2.7250626447970734,4.568534553723848,29.90532645479551
62.81,-0.23346620008921315,6.686226775971873,28.945484705348704
62.82,2.097679669131643,8.480865399636228,28.165649277862162
62.83,4.221302856737267,9.961615598801773,27.62623189548989
62.84,6.107163181856283,11.134113751257747,27.354129252235627
62.85,7.7342414507576915,11.994747695765556,27.34059557829134
62.86,9.086581903460694,12.525235175758972,27.560240074760912
62.870000000000005,10.144056634990186,12.712047173026122,27.949667972911726
62.88,10.884864256038778,12.543164649713606,28.438126321218572
62.89,11.295996369843026,12.007646599540932,28.9460631504276
62.9,11.377336535127842,11.139897321448604,29.390279241842048
62.910000000000004,11.127215281943657,9.97217989813332,29.69442152986799
62.92,10.570012489240602,8.571515169573129,29.811263565821058
62.93,9.734316257803279,7.009539051099045,29.708765123358052
62.940000000000005,8.672659244999032,5.369661713502534,29.393081249355454
62.95,7.43756460999718,3.7242456229357885,28.884602933343658
62.96,6.090188810079524,2.1338716390578054,28.226689533322144
62.97,4.685313902933688,0.6403335426777135,27.466308383613814
62.980000000000004,3.2740194711762145,-0.7302650500816383,26.653919150202565
62.99,1.8947955430329058,-1.969553046794971,25.832809452783067
63.0,0.5784938438080358,-3.0777160727507553,25.040447422074315
63.01,-0.6581994368015932,-4.0658232794751274,24.30307705694036
63.02,-1.8041554062156124,-4.946525044269837,23.64114474824514
63.03,-2.85742103677122,-5.7345555227588285,23.066319535310075
63.04,-3.8210059020643103,-6.4450959958385985,22.58581531550508
63.050000000000004,-4.699747227438943,-7.088386475726996,22.202254370908882
63.06,-5.499148496981949,-7.673973532736131,21.917468130330118
63.07,-6.232374137008803,-8.211805669507912,21.727461328889202
63.08,-6.901437464434289,-8.700798059184768,21.629556160738154
63.09,-7.505723537979195,-9.138099120065561,21.621956985463076
63.1,-8.051704936904914,-9.52308513593847,21.699185598733983
63.11,-8.543338196505342,-9.850743986096337,21.850361182982247
63.120000000000005,-8.974237687482171,-10.110793836230231,22.06621119344457
63.13,-9.341560368875827,-10.29337142940009,22.33686307914365
63.14,-9.642417968968315,-10.389885363640287,22.646925721991042
63.15,-9.86755157924924,-10.391834843988047,22.978409429213038
63.160000000000004,-10.008006766336395,-10.288262687996133,23.313980659491854
63.17,-10.05855247939817,-10.0745792521648,23.63531545200886
63.18,-10.015976883099668,-9.75722630404022,23.92167671345027
63.190000000000005,-9.87675316709041,-9.34211391775309,24.15242638514352
63.2,-9.638379287856354,-8.833326753889933,24.31205466447954
63.21,-9.308807785433089,-8.24944290675251,24.39149680114477
63.22,-8.896091875328663,-7.60986504132768,24.381648866390858
63.230000000000004,-8.407585460362688,-6.92951518573948,24.27862223888998
63.24,-7.860336645678998,-6.231147897718162,24.087683512244393
63.25,-7.269635111935161,-5.535005594741726,23.81335160660101
63.26,-6.649237585217756,-4.854573232903567,23.46394388732921
63.27,-6.01640623968313,-4.204696953291916,23.05248016645164
63.28,-5.385294338021691,-3.5959427774140336,22.589328595973885
63.29,-4.767498796168265,-3.033519741606746,22.08638648093939
63.300000000000004,-4.174502388994868,-2.52210152353645,21.555817984320182
63.31,-3.613972858797046,-2.0625175399527427,21.006339651014557
63.32,-3.0904983444844634,-1.6527383174446457,20.446183714337305
63.33,-2.6081907594095908,-1.2904020978187658,19.883191660217676
63.34,-2.168042728348446,-0.9713961454633676,19.322207470528046
63.35,-1.7697004813875803,-0.6910782954699402,18.76713757674187
63.36,-1.411715999548743,-0.44432687446227015,18.22142582046791
63.370000000000005,-1.091028622325855,-0.22573701732080403,17.687031338935615
63.38,-0.8043580010030881,-0.030077332113357752,17.165520669974693
63.39,-0.5474536154717834,0.14798846657260895,16.65783732205044
63.4,-0.31589352123616915,0.3135805015513402,16.16457112216123
63.410000000000004,-0.10505338252974936,0.4716814819051588,15.686049062029964
63.42,0.08963499775967672,0.6271016066524003,15.222440197803342
63.43,0.2729797590013882,0.7847184889562745,14.773830995308531
63.440000000000005,0.4496849922529561,0.9493901630450738,14.340298331791923
63.45,0.6245804344710066,1.1262055072820571,13.921977361190876
63.46,0.8027305100790134,1.3205687869260185,13.51910230862714
63.47,0.9890711767369371,1.5382822469029929,13.132134499750768
63.480000000000004,1.1892520699006965,1.7858729395163528,12.761782705334582
63.49,1.4089417390799646,2.070714758580578,12.4092091340276
63.5,1.6547580057822766,2.401044396014271,12.076023641629334
63.51,1.9339411494745844,2.7869784200534418,11.764848116623003
63.52,2.2545133150947203,3.2391113793996555,11.478908642780427
63.53,2.626286403527564,3.7714863134974133,11.22375045484171
63.54,3.059464692402904,4.398106935743829,11.005644280845953
63.550000000000004,3.5671520588861023,5.137366926876149,10.835662323762799
63.56,4.162992877642696,6.008036032256027,10.726251475643505
63.57,4.863372959163687,7.031363013741326,10.698280863083182
63.58,5.686263177261689,8.23040504366269,10.776784956077417
63.59,6.649987940637755,9.62387229552458,10.998858724170022
63.6,7.774233691089984,11.229722842528453,11.413183623225287
63.61,9.075527505089116,13.051372903948437,12.08130768165627
63.620000000000005,10.560530698739134,15.065975664192395,13.084242798023418
63.63,12.229572780616213,17.22548332096778,14.513407150597232
63.64,14.049187788027535,19.40842504490388,16.461626081687044
63.65,15.95826231040878,21.429421704515995,19.00668678080666
63.660000000000004,17.838934571175088,23.00511978651721,22.16799510140332
63.67,19.51173810721784,23.77753684878804,25.849009369530712
63.68,20.743167204194453,23.375516722590927,29.80512980038228
63.690000000000005,21.26241059420029,21.507739489312534,33.62037888156428
63.7,20.836771409421708,18.139604691020708,36.77996013181391
63.71,19.337489469318534,13.521132452638026,38.8593066526453
63.72,16.78538284772911,8.146836905084527,39.658668420368954
63.730000000000004,13.359999936678888,2.596719804937303,39.295725268508846
63.74,9.350193344874192,-2.637077110052384,38.142165192500165
63.75,5.072167899649548,-7.248122263499273,36.67554403376019
63.76,0.8133701309658465,-11.097410645261185,35.33991426540615
63.77,-3.198894842526302,-14.13996090420699,34.4605276851855
63.78,-6.795233403279994,-16.347222451858535,34.21254963496131
63.79,-9.84380954500451,-17.663205336457644,34.6169319634285
63.800000000000004,-12.228735858836721,-17.9979545283552,35.56249453396564
63.81,-13.844795618345614,-17.291686065537018,36.80249429288298
63.82,-14.603603939389405,-15.52975902760745,38.042288620643305
63.83,-14.474700792433831,-12.858814121512466,38.968671507004714
63.84,-13.482031197851937,-9.503901312351477,39.36980353322963
63.85,-11.726520303624282,-5.780033757667288,39.16296611304802
63.86,-9.375958078201508,-2.0112193226567205,38.41479083297507
63.870000000000005,-6.63825881770122,1.5359580375996016,37.302845442640646
63.88,-3.7211103728797745,4.684742309710113,36.04702149139815
63.89,-0.8116347638774056,7.339619492090354,34.854079169550545
63.9,1.9396856122274082,9.463740314362326,33.87898922902669
63.910000000000004,4.421985837818276,11.048812586899745,33.20786373484982
63.92,6.553681986839251,12.090081951366535,32.86266502156944
63.93,8.278523280812767,12.587272413466208,32.80263083507183
63.940000000000005,9.550487759322868,12.53351649246522,32.94824905276109
63.95,10.351417827714208,11.961776915313754,33.18584180713505
63.96,10.670582107999465,10.916664525407855,33.39562454935956
63.97,10.523546302136117,9.472950757963213,33.47890184995802
63.980000000000004,9.94107800233837,7.729194711277874,33.35767092131596
63.99,8.988467827063484,5.808607357986668,33.00527262448236
64.0,7.736873035331369,3.823701259558697,32.42710936603724
64.01,6.2744411172821195,1.8778001722706699,31.666284282302193
64.02,4.685866032593238,0.044980678094487914,30.783477485549415
64.03,3.0500538905622387,-1.6245949984522479,29.844868371642217
64.04,1.4339544590039282,-3.105522619660719,28.9125582317345
64.05,-0.11180996180434977,-4.391779883788903,28.03595550233752
64.06,-1.5510827164443435,-5.48780385337733,27.250066317792392
64.07000000000001,-2.8607807708224344,-6.405239050232877,26.576442479168573
64.08,-4.028701946827802,-7.157089508036468,26.023544611900352
64.09,-5.049478001889705,-7.754819879183174,25.590254301365164
64.1,-5.923258808410815,-8.20961769377173,25.266744732950986
64.11,-6.652978886794711,-8.53085050652734,25.03965678470692
64.12,-7.2440030371027415,-8.724271460093561,24.889292232129186
64.13,-7.6987818792992435,-8.797204922051815,24.797320774173535
64.14,-8.020200671096557,-8.756626511985036,24.744642700077005
64.15,-8.216709681509867,-8.608485851244057,24.706616362494575
64.16,-8.296752031250676,-8.365074641963986,24.665868565994444
64.17,-8.268000629196044,-8.039615579892358,24.60664590752128
64.18,-8.138779953347658,-7.642830468046082,24.511596651489256
64.19,-7.921735110960115,-7.1910805814949885,24.37287555587538
64.2,-7.629878391308566,-6.701909634784613,24.18444876499864
64.21000000000001,-7.27488409263754,-6.1890710069990025,23.940725120089915
64.22,-6.871885059314449,-5.668214554467983,23.644958359096933
64.23,-6.435753278396329,-5.1544987895544,23.300214392310973
64.24,-5.978950132308766,-4.658228666119752,22.909946429497545
64.25,-5.514490574380817,-4.188798144713428,22.482390768813875
64.26,-5.054590033482889,-3.7545468279898726,22.02405393869259
64.27,-4.60810082507882,-3.3594476864159954,21.541292390002333
64.28,-4.183071108759859,-3.006404830563247,21.04186483081564
64.29,-3.7867457686796437,-2.6975802670755638,20.531709172098218
64.3,-3.4228976177135166,-2.4325308312808414,20.015393441003148
64.31,-3.0945515097648424,-2.2103037852066794,19.49774767276504
64.32000000000001,-2.803897209501206,-2.0293557556086217,18.983168505529814
64.33,-2.551101155878533,-1.8876507054352163,18.474049895307548
64.34,-2.3366580668453056,-1.7840719508779008,17.97225857611108
64.35,-2.1610770935019854,-1.717518501858858,17.479663203748277
64.36,-2.023871694418294,-1.686347499485408,16.998069716116927
64.37,-1.9221015462744593,-1.6884988098693168,16.528605570898407
64.38,-1.8561783544658843,-1.7248219304570862,16.07198997404466
64.39,-1.8268332041700701,-1.7963843591159026,15.628937032002717
64.4,-1.833154232082325,-1.9034746161556328,15.200257285997377
64.41,-1.874600419745041,-2.047899199888692,14.78702332473668
64.42,-1.9532993081194965,-2.2335475079260148,14.390324004372829
64.43,-2.0704308339166526,-2.4637533414016755,14.011328625516809
64.44,-2.2284634480646752,-2.743978404800722,13.652170926508619
64.45,-2.43176140312826,-3.0815359656540373,13.315398025222201
64.46000000000001,-2.6840504269512837,-3.4833216597271246,13.003961664112074
64.47,-2.9921778224049222,-3.9602316103175337,12.723399563433231
64.48,-3.363580561773526,-4.523792847617689,12.47960633299791
64.49,-3.806477003441037,-5.1862760225160205,12.28120114736744
64.5,-4.332253621948207,-5.963911484099167,12.141393360641727
64.51,-4.95222289031375,-6.872115153502789,12.074162111720879
64.52,-5.679851863947415,-7.926925651841421,12.103760416584265
64.53,-6.529930336315112,-9.14549957283356,12.257858303712942
64.54,-7.516126863297293,-10.537609329131943,12.573938616712377
64.55,-8.648754718097285,-12.102720036276661,13.103236232618682
64.56,-9.938293869107252,-13.833944772448412,13.903488989459069
64.57000000000001,-11.376013437278983,-15.680507767083439,15.04315654561009
64.58,-12.946751708620749,-17.570902405656216,16.597072998317365
64.59,-14.598332156819037,-19.361768762598086,18.61978175362048
64.6,-16.253332215495305,-20.86021984014558,21.143721599819596
64.61,-17.7807961523024,-21.801822596869872,24.120583869621914
64.62,-19.010127349267297,-21.903395218344286,27.399332653483306
64.63,-19.735803244407798,-20.901454991844478,30.716231173555833
64.64,-19.75620889258808,-18.676066886938667,33.693459531947866
64.65,-18.929646091870254,-15.30512595704739,35.969978033588305
64.66,-17.207362834457943,-11.074441883211271,37.274433861991795
64.67,-14.665012485352383,-6.401779055279536,37.555078472917145
64.68,-11.48547262051927,-1.7162401218964454,36.97595371090317
64.69,-7.906420198832922,2.649777653850293,35.84602868981147
64.7,-4.1741176058115785,6.495534200129023,34.52366509219488
64.71000000000001,-0.5021678286929658,9.735778368392129,33.32733831414471
64.72,2.9441607998574195,12.346616253432067,32.48771831081299
64.73,6.044062449525913,14.316329797128246,32.132411922731876
64.74,8.70629689020039,15.614959105409758,32.28576975362774
64.75,10.853596460929596,16.187427989508375,32.88601217535897
64.76,12.417073823146424,15.991587065216642,33.77679298473554
64.77,13.326692335146163,14.98630068185814,34.76157989968596
64.78,13.557932947808409,13.244472698460989,35.621786595265284
64.79,13.102864398835504,10.879084946715018,36.162555910532255
64.8,12.012858774747238,8.083405343385127,36.272911728996704
64.81,10.381432385942093,5.076512132672672,35.93111475719154
64.82000000000001,8.340700593763179,2.0738909720877303,35.201142409403694
64.83,6.041689782659107,-0.7550485656981025,34.2104797977201
64.84,3.629130499398119,-3.2992305510862723,33.10632278277719
64.85,1.2313883610533356,-5.498601880177492,32.02739269929348
64.86,-1.051267982558773,-7.3339475423425124,31.0803116496976
64.87,-3.1446864605795457,-8.804249765395026,30.334009512407142
64.88,-4.997639129961804,-9.915799355841774,29.81906351661759
64.89,-6.576186411968841,-10.674195805993854,29.532056257867794
64.9,-7.857536777752654,-11.081799252877307,29.439524721031262
64.91,-8.827179981974664,-11.14740504986956,29.48839255530109
64.92,-9.474597980162764,-10.874523989071502,29.61480784568953
64.93,-9.80385741205576,-10.296099722130236,29.749677349307476
64.94,-9.81795682149827,-9.439910938781757,29.82608778006679
64.95,-9.540820172389905,-8.361093324694835,29.796178580470574
64.96000000000001,-8.99717445697169,-7.115584109926614,29.621385646509818
64.97,-8.231339743366156,-5.7711902874819865,29.29370685822358
64.98,-7.2873368024653535,-4.389605594527287,28.815435517735526
64.99,-6.216676920386386,-3.0242859923082466,28.210666986409823
65.0,-5.0674327933587335,-1.7173683563582898,27.508425216020775
65.01,-3.885290599760217,-0.49683489619667587,26.74480658100488
65.02,-2.7073973335158215,0.621996078203791,25.952718739175804
65.03,-1.5641968149403773,1.6342630228721284,25.163092502943194
65.04,-0.47549843320075436,2.543878883861052,24.399214149020143
65.05,0.5453822754866595,3.360046794563852,23.680320875465544
65.06,1.4930000258866567,4.0944085693280545,23.018767360510733
65.07000000000001,2.3670547895833134,4.761032345646436,22.423497866590186
65.08,3.171611929536115,5.372787262082307,21.899295386547553
65.09,3.911934798222829,5.941277051808261,21.449863317909596
65.1,4.5980495014115474,6.479332492742318,21.075774911123197
65.11,5.237451441244949,6.99413109531211,20.778038125680467
65.12,5.835445557607917,7.4908982797243455,20.55883949850062
65.13,6.40664752241998,7.979138849325409,20.415882082358703
65.14,6.954738237375006,8.457599101600893,20.3496134356881
65.15,7.477852697536906,8.920970729049166,20.362489581717607
65.16,7.975534305228493,9.364649206187625,20.456543651356316
65.17,8.455891022354697,9.78641238334804,20.62838650734711
65.18,8.913687304520801,10.173905296404815,20.873429515058795
65.19,9.34118481680594,10.51307882374568,21.187844593608208
65.2,9.735079765462569,10.790904395415978,21.566948890631863
65.21000000000001,10.082995781296658,10.990612410346111,21.99657414447629
65.22,10.370438379447732,11.094324946380135,22.461385045401126
65.23,10.585581359062175,11.084158470895435,22.947862204498808
65.24,10.715904297140757,10.951925854055721,23.431696545046318
65.25,10.74778751734271,10.690436481888723,23.886331261087417
65.26,10.666474074867121,10.288547558891956,24.28985972513205
65.27,10.470941487088439,9.760143943517107,24.620729454941557
65.28,10.163114135650154,9.124831755219256,24.85662908422657
65.29,9.74185538948875,8.395757052050875,24.980506452489838
65.3,9.218052949028902,7.59633930778631,24.989038809105814
65.31,8.60753492155414,6.7560595220182185,24.88044982213507
65.32000000000001,7.9242075130992875,5.896740643290193,24.65840872467197
65.33,7.190897991276107,5.044550009123307,24.336497735991312
65.34,6.426881183546398,4.219927663749302,23.926850108494918
65.35,5.650800406303414,3.4362435535379086,23.446345590851493
65.36,4.881625181951817,2.7058361401086075,22.91255063487523
65.37,4.132712872412144,2.0332320618366473,22.339892713343886
65.38,3.41535099911299,1.4196677372536948,21.7435668720431
65.39,2.7382719376198406,0.8641180669121357,21.135728148167477
65.4,2.1049919043702667,0.3613392871767671,20.525530686738602
65.41,1.5177493412412482,-0.09470790063298473,19.921426319795284
65.42,0.9755176645258732,-0.5116449323345162,19.329070545021853
65.43,0.47525759285943725,-0.8979213760106644,18.752933732378374
65.44,0.012269087662608702,-1.2624189032069124,18.196269288562878
65.45,-0.4194596976825006,-1.6142807628757974,17.66151941183767
65.46000000000001,-0.8268968915058341,-1.9628127864558564,17.150644098019207
65.47,-1.2176413021773886,-2.317384147436514,16.665399547938097
65.48,-1.6001406452057754,-2.6876912687098757,16.207592285363773
65.49,-1.9826088715382777,-3.083349751441596,15.77943475891075
65.5,-2.3746362932378897,-3.51478187786578,15.383642576528077
65.51,-2.7849180478961344,-3.992445761265132,15.024205938300977
65.52,-3.224142358887004,-4.527666296423414,14.705553641089923
65.53,-3.702116261345895,-5.132406294495796,14.435471987194681
65.54,-4.229972652059847,-5.818923894936862,14.221532703394173
65.55,-4.8193562801520455,-6.599691302612536,14.076970628087832
65.56,-5.481404274226272,-7.487362301199354,14.017498520185095
65.57000000000001,-6.229170841386702,-8.493294492880025,14.061602769898867
65.58,-7.07183857287938,-9.62223609398608,14.238474425731079
65.59,-8.019757618072626,-10.879279678068695,14.579044193703128
65.6,-9.078976480814196,-12.25397965388587,15.12202691339612
65.61,-10.24407637250624,-13.716359129434377,15.911809492569525
65.62,-11.508670026423081,-15.225414100837327,16.996640441544606
65.63,-12.839018802368216,-16.69250902685056,18.412683476762037
65.64,-14.19160161577658,-18.005949324686362,20.19046580242978
65.65,-15.48574593975485,-19.003855088796644,22.31269801663642
65.66,-16.620725526726343,-19.503940205661333,24.721783226812093
65.67,-17.461486957820913,-19.315166642279245,27.274410127489308
65.68,-17.871550132122632,-18.302072365204364,29.768682697774047
65.69,-17.713401808035712,-16.39369446284702,31.9560990758902
65.7,-16.91571845782823,-13.696266649742846,33.59848475934426
65.71000000000001,-15.454826973740836,-10.392351280824531,34.53930786023785
65.72,-13.389880939819946,-6.758083668374879,34.74237993297786
65.73,-10.85195242653346,-3.0784360388744805,34.307840456729075
65.74,-8.001753176374308,0.4206757907432048,33.42176726943346
65.75,-5.009905463410706,3.589123748525441,32.31053795881041
65.76,-2.028581319154028,6.353496610183232,31.18949807526225
65.77,0.821820989822919,8.692139717944606,30.230606327908372
65.78,3.455160397332004,10.60838989737254,29.54893497439145
65.79,5.811361956567592,12.10435792539412,29.203881508928042
65.8,7.846842053526065,13.170072189810138,29.200114167775368
65.81,9.526168735587314,13.779923314615003,29.504783949009816
65.82000000000001,10.816061822812022,13.90946165949133,30.032701032693577
65.83,11.682559511654244,13.541923909101413,30.67608415875911
65.84,12.103846055927924,12.67616422699265,31.316354967839576
65.85,12.076209489634783,11.367539856150964,31.830209126542755
65.86,11.60725633162514,9.683249043400105,32.12270357775595
65.87,10.73603279489997,7.736697396444258,32.13383443242172
65.88,9.52269467834454,5.646297270343556,31.854008127716217
65.89,8.044508222718136,3.5312147300205616,31.3098684519244
65.9,6.389041333064337,1.4873903420798866,30.564198503941416
65.91,4.639522568393147,-0.4169360663135821,29.691119468917087
65.92,2.8726943078731426,-2.1399452069961056,28.768110801964227
65.93,1.1498697771199629,-3.6657084039908696,27.862981022984368
65.94,-0.4840988374255213,-4.994241887780075,27.02764871716682
65.95,-1.9980846896828108,-6.13537300225787,26.299860776809997
65.96000000000001,-3.37493097154932,-7.102737802677903,25.70047241133671
65.97,-4.605417824033396,-7.908591584920184,25.23885121898815
65.98,-5.6871435109053525,-8.563772839180922,24.9126136946875
65.99,-6.623899955438224,-9.076154764480382,24.71342654074736
66.0,-7.415893656190782,-9.447434527627964,24.623464219316414
66.01,-8.060233367858942,-9.678634549852994,24.62389558884156
66.02,-8.556471346385829,-9.769446519067804,24.693508357453375
66.03,-8.911780123447326,-9.719868455096403,24.802616080601073
66.04,-9.127689196016883,-9.538105529024026,24.925823628670184
66.05,-9.205122590017588,-9.232746872557511,25.03817828972551
66.06,-9.147973348967597,-8.810417279468087,25.113376161531306
66.07000000000001,-8.96736094658988,-8.289493589105081,25.134219174730262
66.08,-8.674619754560172,-7.691406478582934,25.086084261610676
66.09,-8.279934888488887,-7.033183676677083,24.95731970234869
66.1,-7.802193517267088,-6.339398397475543,24.74857664398771
66.11,-7.259423727204475,-5.633227446033704,24.46050631702218
66.12,-6.66798846272745,-4.931165631604335,24.09820072062565
66.13,-6.047727950410017,-4.2508680002732975,23.673051877460136
66.14,-5.415348444338383,-3.60542142067805,23.194188749370543
66.15,-4.785210834212839,-3.0023461900521626,22.67374118546944
66.16,-4.171351286741625,-2.448360934064036,22.123717163798464
66.17,-3.5831086070670652,-1.9450960012448544,21.55321053852737
66.18,-3.0272494355341175,-1.491512738624145,20.97169678861793
66.19,-2.5094509546125607,-1.0858103850726952,20.387156729633478
66.2,-2.0313932121227714,-0.7236712155068268,19.804763749167638
66.21000000000001,-1.593701665790871,-0.4001784101917923,19.229443875242588
66.22,-1.194987264091472,-0.1096141215682252,18.66467440796095
66.23,-0.8326012638604654,0.15403703006580816,18.11288480516726
66.24,-0.5026556642392455,0.3970937472341915,17.575804289366413
66.25,-0.20083701811041516,0.6257589326464004,17.054648871529988
66.26,0.07795663131517908,0.8463632897152461,16.55021680592163
66.27,0.3392294415438496,1.0652558832187982,16.06308600281433
66.28,0.5884514677609327,1.2887099103564694,15.593767110469964
66.29,0.8317118522205758,1.5233317863447462,15.142756753779777
66.3,1.0750194836784857,1.7758255230714457,14.710684525090574
66.31,1.3248804708643984,2.053543186078415,14.298518360907266
66.32000000000001,1.5877748914968521,2.364097548460866,13.907490239084845
66.33,1.8711687925202884,2.71633178582064,13.539594791101267
66.34,2.182418671843501,3.119716397549554,13.197476354683774
66.35,2.5303375118798144,3.584987113122705,12.884853408873408
66.36,2.9241809593890533,4.124800267293541,12.607366494533851
66.37,3.374251986805413,4.752047026829585,12.37156067934793
66.38,3.8926208210408837,5.482919952857722,12.188772488719097
66.39,4.491808226947276,6.333450264082001,12.071022591131635
66.4,5.186246848299802,7.32080587408078,12.03872747068365
66.41,5.991307473355445,8.463367140574253,12.115957128765256
66.42,6.92224664351936,9.774306383088414,12.335476527801577
66.43,7.992495120131849,11.260849122666142,12.743017976265211
66.44,9.215812500380796,12.924435173392162,13.390441994496749
66.45,10.590939506102833,14.731177753690424,14.344190229213302
66.46000000000001,12.112993520881922,16.632386206846874,15.67845773605693
66.47,13.745218100466367,18.513365710748637,17.45868916769307
66.48,15.430447526853957,20.21470805744387,19.740428171178593
66.49,17.060054974692605,21.497720088666295,22.515237286141883
66.5,18.486100458136523,22.083060577828462,25.695137851869713
66.51,19.5120947962914,21.675226480938477,29.070381561831155
66.52,19.92886473964664,20.07617384180851,32.304186537398074
66.53,19.55273343726082,17.242267588749698,35.01781685766473
66.54,18.27810137996751,13.364515202990768,36.858875244188425
66.55,16.122329287649944,8.816237005366416,37.66495113496424
66.56,13.214792231065035,4.039031334182379,37.49047490182962
66.57000000000001,9.775169194788411,-0.5688274907044808,36.5866270091447
66.58,6.056350050974142,-4.733321423722118,35.30670095595144
66.59,2.296386356247382,-8.312602952772991,34.00586094245244
66.6,-1.3120325835944353,-11.260154773099464,32.96601981111184
66.61,-4.624829753229848,-13.562235816797346,32.3684291216436
66.62,-7.536194064807232,-15.199576002168929,32.28827310261771
66.63,-9.961443903402877,-16.12481068682015,32.70516432132127
66.64,-11.825406869068136,-16.28761089427133,33.49567949849807
66.65,-13.055937967753056,-15.632263914673615,34.484946208265384
66.66,-13.608644859709848,-14.197400746737028,35.44167138821977
66.67,-13.457377303216077,-12.055509759190263,36.15741016126509
66.68,-12.631595819030375,-9.382709446617177,36.47411098137133
66.69,-11.20700419249488,-6.395726222740072,36.32804384579173
66.7,-9.30232005288483,-3.321053793488198,35.748465611197304
66.71000000000001,-7.0667182754865685,-0.35774495739398704,34.84265730981667
66.72,-4.654135127903177,2.3542904588510165,33.75853004877558
66.73,-2.2044203633336616,4.733251470473178,32.645437415209436
66.74,0.16731136664942148,6.74411643183319,31.627975024573697
66.75,2.3737706556516676,8.37910488721635,30.793241382680346
66.76,4.353246459187013,9.642738753720053,30.187701554064816
66.77,6.063136167885283,10.539341446814625,29.820392819268466
66.78,7.476650997012592,11.074995224353646,29.666651793535568
66.79,8.572697815056278,11.247052497169557,29.68043206073453
66.8,9.34350647259188,11.075063266441731,29.794251430220292
66.81,9.780728694824802,10.571204348717492,29.937035398913853
66.82000000000001,9.893623505018702,9.771399177881902,30.042263791678558
66.83,9.696420361723584,8.723459295377163,30.04831047041457
66.84,9.21746351002636,7.4865376749184325,29.917394126084318
66.85,8.493495951816174,6.12809134466568,29.626461228241975
66.86,7.573029614315372,4.713994504062049,29.180378870360983
66.87,6.506659362289114,3.304633009507995,28.595469320983646
66.88,5.34669947755159,1.945843741287117,27.90395108980358
66.89,4.140820945303063,0.6714278295588054,27.140496295542796
66.9,2.931007649026397,-0.49988306546218175,26.342169631321998
66.91,1.7496443426165502,-1.5607608362497098,25.540532436276848
66.92,0.6214781472208741,-2.5129388244918114,24.763248574655826
66.93,-0.43913768161321265,-3.3646179710715565,24.029707663436376
66.94,-1.4241262502459147,-4.128067092531594,23.355070151513882
66.95,-2.3318145719942853,-4.815925382475347,22.748416404220812
66.96000000000001,-3.165093173587686,-5.442361291040295,22.21568523199935
66.97,-3.9304532496316784,-6.019824914581927,21.75925533115118
66.98,-4.633437093680974,-6.557680031151357,21.381456386630123
66.99,-5.284234056672657,-7.0671262981831,21.08190130137146
67.0,-5.8919310948875765,-7.554416422186181,20.859283341621094
67.01,-6.459224761311675,-8.020717003948933,20.715169968769978
67.02,-6.992913680492716,-8.469222900779462,20.649420253006603
67.03,-7.502329454562971,-8.901309415801856,20.65833207012917
67.04,-7.984439825554713,-9.309390749974344,20.741033445175372
67.05,-8.436806456639637,-9.686089487377137,20.896760246501547
67.06,-8.864029775441574,-10.026230586666681,21.12172931197049
67.07000000000001,-9.258639448686901,-10.316848870443895,21.407526294743416
67.08,-9.6101484989235,-10.543347069136823,21.74535606851074
67.09,-9.912035733556344,-10.691522590727013,22.127664543462288
67.1,-10.155824010077835,-10.749847732701495,22.538968488922333
67.11,-10.32879082749822,-10.70769030121048,22.959095358264616
67.12,-10.418027183588254,-10.55201083304503,23.369595040267594
67.13,-10.41513621294651,-10.277444030089011,23.752437546520277
67.14,-10.315983252781981,-9.891748547962486,24.085099425653514
67.15,-10.115490033549701,-9.401148669592171,24.345632755456343
67.16,-9.811153979688447,-8.812555926712385,24.520168628604956
67.17,-9.412389398843008,-8.148872822357106,24.599769694046827
67.18,-8.926095596952363,-7.429762090053863,24.575430079990817
67.19,-8.36355091162372,-6.674391325852043,24.447967216568575
67.2,-7.744063273199637,-5.908768865534489,24.224403944667298
67.21000000000001,-7.082364030572189,-5.15173919790756,23.91082422002281
67.22,-6.395774975953889,-4.418719146578802,23.520496722924626
67.23,-5.702520362077904,-3.7250214261765704,23.067617322699576
67.24,-5.016194145004327,-3.0784951868568085,22.5644008403973
67.25,-4.349603537535206,-2.4842103848539807,22.025280304156258
67.26,-3.713851340354889,-1.9453481349236086,21.462273627252088
67.27,-3.1146495918268995,-1.45985354080358,20.884707687505287
67.28,-2.55670831138277,-1.0247796483500404,20.301908349398442
67.29,-2.042477477357132,-0.6358226072793498,19.720811090026828
67.3,-1.5715330262181897,-0.2871587214478361,19.14615382820076
67.31,-1.1422528289452993,0.027536621727367927,18.582108656454587
67.32000000000001,-0.7512308626880213,0.31509047892143455,18.031396710403648
67.33,-0.39406565983170194,0.5825033077272367,17.496032048774598
67.34,-0.06552575015105205,0.8368519069628755,16.977411292791707
67.35,0.23991028271497306,1.0850827821143287,16.476546799456067
67.36,0.5285202414744741,1.3343711700829641,15.994219846901148
67.37,0.806563427627595,1.5918329804347666,15.531173246089017
67.38,1.0808340414075004,1.8649706512289692,15.088250542335809
67.39,1.358251098051471,2.161448675629626,14.666432621838906
67.4,1.6460932065087812,2.4897307017227703,14.26734486364969
67.41,1.9518651899603143,2.8585476744557443,13.892840741690307
67.42,2.2840757129803517,3.2781333123989125,13.546065390056139
67.43,2.651171838754556,3.7592873738404515,13.230896986968062
67.44,3.063261149193227,4.3142143135209965,12.952924708608966
67.45,3.53084210419719,4.957030090728952,12.720315900199147
67.46000000000001,4.0655830153776105,5.701846488419822,12.54250382917481
67.47,4.6806536267986605,6.56534062314709,12.435592583521363
67.48,5.389852647008822,7.564121567797179,12.416556852849764
67.49,6.207581641951226,8.712296022413968,12.513005680337688
67.5,7.14861219495607,10.02396300452683,12.75834813265838
67.51,8.226986774275483,11.50504632648614,13.194051562341372
67.52,9.447343475711703,13.140382149531757,13.876596637005326
67.53,10.814585092739234,14.908769828974979,14.868175871865619
67.54,12.310459383870851,16.737108440843,16.233999279040937
67.55,13.903223287505865,18.521132715591577,18.040064449773237
67.56,15.521357543658304,20.08578227759874,20.31629361553684
67.57000000000001,17.063970811510206,21.206809480713336,23.056574204591065
67.58,18.372936261666474,21.610479241182585,26.14020929935948
67.59,19.268008846892066,21.044722300203354,29.35708300541602
67.6,19.547888218086985,19.32409737928797,32.387999811805344
67.61,19.056620399766878,16.466896530576722,34.86392185196803
67.62,17.71067579506073,12.661893700325098,36.4954179808422
67.63,15.536899115116377,8.268042299610872,37.144617994010915
67.64,12.671135737069774,3.6995061730556698,36.8855722006763
67.65,9.327826773314223,-0.6826438801029733,35.96603879445338
67.66,5.740992883813485,-4.637725259904356,34.71317025223096
67.67,2.1306799364963,-8.041370908550661,33.45133569254556
67.68,-1.3263647078984078,-10.854390428126782,32.43746672947044
67.69,-4.500205545993212,-13.067660102351795,31.834642813365264
67.7,-7.295016048202687,-14.665497013056207,31.713939254996657
67.71000000000001,-9.635215595536014,-15.608896152903613,32.05639540934049
67.72,-11.45323091730107,-15.848729480885952,32.761412332880845
67.73,-12.68870149062377,-15.343868510904967,33.66883739689197
67.74,-13.293685432000233,-14.109194134707892,34.57272320115538
67.75,-13.247872136589898,-12.2080695442585,35.28479107060491
67.76,-12.567028448907838,-9.782499994359142,35.64725920266984
67.77,-11.316052311680304,-7.0254839068331565,35.58746187795562
67.78,-9.595681251158812,-4.140003713558324,35.11396326259597
67.79,-7.537740423634025,-1.3142602101290826,34.308257495954955
67.8,-5.282907114403752,1.3129204656574092,33.29706939129755
67.81,-2.961489900090985,3.656034897662212,32.215546972324695
67.82000000000001,-0.6842531860866494,5.673265420106745,31.1838447365415
67.83,1.4635494994705622,7.353361399623995,30.291828928888823
67.84,3.421002887302963,8.700427529796597,29.59470360281615
67.85,5.146581940338616,9.721754331381376,29.11493910342331
67.86,6.614890590479554,10.42533778481412,28.84372962725237
67.87,7.806824023176734,10.810510110068694,28.752921657843327
67.88,8.713491632455439,10.888644555554386,28.791129911331844
67.89,9.326262573382188,10.666391612480604,28.901856370745016
67.9,9.647186902180561,10.161265452308115,29.024739090928012
67.91,9.68568559513002,9.4090614684539,29.101601446959215
67.92,9.454586246596907,8.445200259016715,29.084298768941146
67.93,8.983354239628778,7.326664948416341,28.94208377055355
67.94,8.301748325840688,6.10461640485653,28.657578890140186
67.95,7.45463925830387,4.838463804962906,28.23559250789346
67.96000000000001,6.4826053825329035,3.5745768798800484,27.68908778302919
67.97,5.431543521227719,2.353668026849651,27.04486062636977
67.98,4.340504583762292,1.2024944095947911,26.330939567008652
67.99,3.245866412844955,0.13851337720080215,25.578378587163698
68.0,2.174398240926002,-0.8325656335277685,24.813464289645474
68.01,1.1477535617298371,-1.7114043068886828,24.060372687646883
68.02,0.17789336933118371,-2.505309392633067,23.336205501801686
68.03,-0.7284999226774849,-3.225424768393891,22.65512392752934
68.04,-1.5700630777378135,-3.883620376800394,22.026475670622283
68.05,-2.3497923407714847,-4.493252934813385,21.456937652686005
68.06,-3.0743370491791353,-5.0677602299864555,20.9505077363003
68.07000000000001,-3.7504425761837896,-5.6178674306103815,20.510899770356353
68.08,-4.387380034126255,-6.155232910792742,20.14044968583468
68.09,-4.995828913830147,-6.689210138011729,19.840691193991816
68.1,-5.581110233032012,-7.224490559849641,19.616140816622863
68.11,-6.154967447599637,-7.769530624015658,19.468669242317986
68.12,-6.726366892693842,-8.327043628068882,19.4006456598007
68.13,-7.293749983803361,-8.89115815091499,19.41841611716752
68.14,-7.855845310104693,-9.456166864422695,19.528277715380597
68.15,-8.419593154836996,-10.0191982918941,19.733188801232366
68.16,-8.981080962141744,-10.565717839144167,20.033249330610698
68.17,-9.531086880929966,-11.077144870894594,20.4293444131328
68.18,-10.064316900223202,-11.53511231416579,20.922146050810028
68.19,-10.562790688658119,-11.911791857045413,21.499222984353292
68.2,-11.006426966810379,-12.177246320497304,22.147210873539496
68.21000000000001,-11.37706485497849,-12.302702299708708,22.85056788882721
68.22,-11.649984898338529,-12.26454035176719,23.574687391244584
68.23,-11.798994260027643,-12.035963975516072,24.286760353800364
68.24,-11.804610566610867,-11.606676093020516,24.95156197782379
68.25,-11.6531404999305,-10.985217153385136,25.52457032886605
68.26,-11.329111615207813,-10.175398690059506,25.96991743139611
68.27,-10.838320135142121,-9.21098752048618,26.264047424999667
68.28,-10.187869358988566,-8.128304480702244,26.385385811096427
68.29,-9.394854735919902,-6.965609127924176,26.332775154195367
68.3,-8.490261703567331,-5.772948012650761,26.115830192232345
68.31,-7.499653433159068,-4.5849650602223,25.75043040460701
68.32000000000001,-6.457592639357735,-3.435656627121105,25.265004224576206
68.33,-5.393307405097874,-2.34835391743331,24.686461741194787
68.34,-4.334010188429355,-1.3365935075989508,24.04518490374368
68.35000000000001,-3.3024136967030966,-0.4077620538567621,23.367619716403528
68.36,-2.3130843959084797,0.44085022672077767,22.6766255703966
68.37,-1.3777986442611623,1.214226977437559,21.992146901023524
68.38,-0.5002053121203824,1.9228259432125907,21.32804441161484
68.39,0.31896643502423205,2.5786953621019943,20.69630163390012
68.4,1.08370241621272,3.195004999631063,20.10496237139679
68.41,1.8002318632658518,3.7854739663988712,19.56072751130732
68.42,2.477750490212635,4.363749490321001,19.06858409958114
68.43,3.125467612975117,4.942437536885513,18.633578316315386
68.44,3.7556231722586633,5.534414571851724,18.259821983912733
68.45,4.377124890148874,6.14931765908109,17.95408775753404
68.46000000000001,5.003094282673885,6.798600345167769,17.72134586790423
68.47,5.643009899783774,7.488631756214835,17.570535950465853
68.48,6.302800046601324,8.223018809540635,17.513101020214194
68.49,6.995912612581696,9.009108323926675,17.55861658823135
68.5,7.724573888924898,9.839517242691313,17.72118530635434
68.51,8.485488623002318,10.701571880954415,18.01676510856394
68.52,9.279973575868786,11.583791224077318,18.46141794199594
68.53,10.100381123594632,12.45774683369202,19.065833960490718
68.54,10.928539862367336,13.283776451271532,19.838631575250282
68.55,11.74449988061141,14.015001693919007,20.78375657606942
68.56,12.510134212480919,14.587090172199117,21.883572578876585
68.57000000000001,13.186205735787542,14.93180822602184,23.118004463144107
68.58,13.718783391336261,14.983133622195378,24.426298160371495
68.59,14.051634458522303,14.673522727867656,25.746437516800174
68.60000000000001,14.136059511545033,13.978718726732575,26.986687413073046
68.61,13.919087158974685,12.877296398441892,28.05324644455442
68.62,13.385540072232898,11.418466255586537,28.869686762596082
68.63,12.535501816933518,9.6795734730262,29.36728638055929
68.64,11.39037279049233,7.74608263969184,29.52947188872616
68.65,9.995646485253792,5.723188193696587,29.366124021042424
68.66,8.416175599409364,3.7062259209007475,28.92693975897885
68.67,6.719080365182034,1.7716570676379684,28.276431101451653
68.68,4.973260628855366,-0.02848398057166901,27.49236326501929
68.69,3.235874136670449,-1.66826352053564,26.646873602629384
68.7,1.5546371524721874,-3.138751521907397,25.804891234771592
68.71000000000001,-0.03934939672238269,-4.447912260081899,25.016196771680992
68.72,-1.5253261440272223,-5.608305489702105,24.318106705623478
68.73,-2.8949778598050937,-6.63775954815865,23.735064977631396
68.74,-4.146202380893176,-7.550696854513253,23.281619601484064
68.75,-5.2810770400179345,-8.35860506877216,22.964643946243562
68.76,-6.310497103395351,-9.072757029658717,22.784642955597015
68.77,-7.234288048543201,-9.689638434787113,22.735322819849053
68.78,-8.04764071791987,-10.202301426036602,22.81023170161427
68.79,-8.751777377475353,-10.604344570366097,22.99972301742594
68.8,-9.351162253239888,-10.886549224930228,23.281286028123056
68.81,-9.834825335844037,-11.035633966853537,23.63103792939822
68.82000000000001,-10.19338926632414,-11.036501015226097,24.0246981773236
68.83,-10.422184176284917,-10.880378799995745,24.432369321079573
68.84,-10.513797532056135,-10.570096248327374,24.82075415056414
68.85000000000001,-10.46004976368083,-10.106137689039173,25.157067754699625
68.86,-10.26024150223308,-9.497504796298745,25.415486194556184
68.87,-9.923029591659853,-8.771305620006265,25.574673686011373
68.88,-9.453599630730205,-7.948455844916012,25.615942210869395
68.89,-8.86914373081841,-7.059189532549697,25.53610824587489
68.9,-8.189863542094441,-6.13648100274175,25.335174428575183
68.91,-7.435870063437987,-5.20571155039182,25.02127117273543
68.92,-6.63377949089802,-4.2947383456618695,24.610705785298588
68.93,-5.805161922060309,-3.4223629279876975,24.118627014411416
68.94,-4.971583918075488,-2.6017866337665825,23.56525341803168
68.95,-4.1521962293357255,-1.8427044994120543,22.96848241690896
68.96000000000001,-3.3598164989523664,-1.146310265625775,22.344447833126672
68.97,-2.6057708373067774,-0.5120669146764756,21.7086397995476
68.98,-1.8960713594318042,0.06479325448129192,21.07209507326011
68.99,-1.233654873501039,0.5913231233167857,20.44454226681553
69.0,-0.617929297614547,1.076225130678568,19.832899342921884
69.01,-0.04608880536037807,1.5291696981680793,19.242737336088457
69.02,0.4871742269841477,1.9605171343284111,18.67800017679949
69.03,0.9882400728044675,2.380735279454867,18.141947613649055
69.04,1.4651566738120416,2.8006322109335193,17.63724650825488
69.05,1.926865935746593,3.231104598551895,17.166322860862824
69.06,2.3823997681893885,3.6828522767135157,16.73236161047568
69.07000000000001,2.8416705592126847,4.166812732670544,16.3384760380991
69.08,3.3150601503863157,4.694120690130528,15.989538460458
69.09,3.81209129129036,5.275577658930956,15.691549557093436
69.10000000000001,4.344772515502753,5.922661440713559,15.451480478375665
69.11,4.922439182371759,6.645457723781195,15.281186121985598
69.12,5.55667991015597,7.455154987649744,15.19178977658041
69.13,6.258022298270074,8.358783334627498,15.20087035799123
69.14,7.033086374814766,9.359433867672767,15.331069207899285
69.15,7.892520155989948,10.461739748598406,15.605896965250096
69.16,8.837801490041867,11.65127107131654,16.05555144802574
69.17,9.864218175668018,12.90475556838441,16.71299120983018
69.18,10.966155537547895,14.188328129845717,17.61304309906476
69.19,12.115127037247927,15.43234021188647,18.779834111987487
69.2,13.277819029949496,16.553351550134845,20.235227117012517
69.21000000000001,14.391203492364667,17.43064507769667,21.962732650956287
69.22,15.381009036916328,17.92928645345711,23.926386864893242
69.23,16.145029551495377,17.90911653411953,26.01887843675942
69.24,16.57941689737059,17.252780733872665,28.107648066797438
69.25,16.578905356249603,15.900643049843566,30.00252339390732
69.26,16.07254284607637,13.880802244271928,31.531692510984982
69.27,15.030365720551906,11.316208766068499,32.53953464560277
69.28,13.478477539237073,8.38691731565167,32.96865915960549
69.29,11.48908301820183,5.299179449503842,32.83932375374744
69.3,9.180086493543428,2.253286679481507,32.255595591435984
69.31,6.681255480916188,-0.6067096940102525,31.369897071180013
69.32000000000001,4.117701181359113,-3.1916329702073662,30.34550306178221
69.33,1.5969460985014339,-5.461438319224429,29.331365897946
69.34,-0.7988828758101594,-7.409584779027207,28.444773210309915
69.35000000000001,-3.0139298415795253,-9.046371964308317,27.76456511636932
69.36,-5.011160884839868,-10.381260688073379,27.334457928123427
69.37,-6.766291605677679,-11.415424612475476,27.166100504512222
69.38,-8.261244281470947,-12.142657882030113,27.242148188828953
69.39,-9.481589683314905,-12.541618024105265,27.52745942279785
69.4,-10.407590391466492,-12.60237263238155,27.953776004328173
69.41,-11.018735973083453,-12.314454015726216,28.44864451749993
69.42,-11.305981026941694,-11.675239044732498,28.93339512053273
69.43,-11.272534213651337,-10.724582706833838,29.329956105597297
69.44,-10.920860105776073,-9.499315254176489,29.570633108392446
69.45,-10.280107403210497,-8.07109555784656,29.616896415689652
69.46000000000001,-9.381936154700934,-6.509998089528073,29.4469728569975
69.47,-8.280843805214722,-4.89674527569092,29.073741455518817
69.48,-7.02871043334791,-3.2964541366536824,28.522905383692112
69.49,-5.684769674118948,-1.7637911030744875,27.83890857963879
69.5,-4.300207958638987,-0.33320445077622135,27.06803246291936
69.51,-2.921979506996041,0.9741424920916211,26.25777339305406
69.52,-1.5841434857505272,2.1541587112865757,25.44807255334221
69.53,-0.3134410960641689,3.2095209943624963,24.672667562468384
69.54,0.8766970839311299,4.152556464614102,23.954929241416103
69.55,1.9779063655909155,4.996470420995634,23.31280275506835
69.56,2.9899981084853793,5.755886523448916,22.756502659716976
69.57000000000001,3.9175514007450083,6.445906965062368,22.292153814242532
69.58,4.76607419707369,7.076357762362534,21.922240997655585
69.59,5.541264934814395,7.656134949453813,21.648796624511995
69.60000000000001,6.2569257471268305,8.195293578806325,21.468227956920998
69.61,6.915302176896264,8.692473345690768,21.37861290779132
69.62,7.515573424465096,9.144208966685252,21.3790737360355
69.63,8.063231369379572,9.54920805981597,21.465687094753868
69.64,8.563017230086947,9.902399547709715,21.628608608309815
69.65,9.008052129405907,10.192381059790257,21.859438732997184
69.66,9.394659054367,10.408201455891213,22.149554473430435
69.67,9.71936865203773,10.539706346930886,22.484607432925035
69.68,9.971584509870144,10.576240748472774,22.846568404210455
69.69,10.141171447754752,10.505078035690559,23.218332957214493
69.7,10.221438515394743,10.319532270773662,23.58116774001264
69.71000000000001,10.20694912786017,10.023550034518454,23.912380291958165
69.72,10.091711308055672,9.620056248883381,24.18954173827488
69.73,9.872005639049439,9.112272280644547,24.39608817594039
69.74,9.554851543491237,8.519721842970597,24.520163154502665
69.75,9.146142268516195,7.860944135716767,24.549725520326305
69.76,8.653035298084715,7.1517455699792745,24.480277282177443
69.77,8.093411743363564,6.4176046767960155,24.316055611350485
69.78,7.482359845511385,5.680058901383829,24.060444711818363
69.79,6.834736299223007,4.9543162753700365,23.72257076833773
69.8,6.169338876791319,4.257570172411006,23.316005458425924
69.81,5.501105361443307,3.6013176373993026,22.85176572892869
69.82000000000001,4.84327617310618,2.9920656488235453,22.343378139863905
69.83,4.208745841554058,2.4355645641975183,21.80393351632779
69.84,3.6055852370513817,1.9323926267225846,21.24309105604118
69.85000000000001,3.0395411293548906,1.4807695656498507,20.670569996620976
69.86,2.515288463840834,1.0781757768076832,20.094793909775188
69.87,2.033740303181852,0.7198261065769144,19.520990951166763
69.88,1.5948376294580577,0.40045754044030624,18.954039582487333
69.89,1.19649278476727,0.11400054300267981,18.397445310823837
69.9,0.8355630306436337,-0.14575503517355207,17.85361531806344
69.91,0.5077468815250805,-0.38526666100848983,17.324252158486004
69.92,0.20840820697158824,-0.6108263268591094,16.81054517683574
69.93,-0.06778692996330458,-0.8288110046795292,16.31327359868344
69.94,-0.32654462393081096,-1.045610585984713,15.833001020682653
69.95,-0.5734544651451957,-1.267515129042431,15.370229798448472
69.96000000000001,-0.8146901206269175,-1.5011561732143905,14.925462195113974
69.97,-1.0564244999852317,-1.7532882935511989,14.499309716579408
69.98,-1.3051045902604228,-2.0313072079900603,14.092786747350445
69.99,-1.5674363890025502,-2.3428859772173083,13.707072529929368
70.0,-1.8508256651098032,-2.697063649222387,13.344293775654128
70.01,-2.1627847739413806,-3.10327634758111,13.00695501081159
70.02,-2.5122911853809504,-3.5727528189815985,12.699100499669914
70.03,-2.9085978283734835,-4.118069375032892,12.426084544532337
70.04,-3.3624172996070767,-4.752715464491701,12.195067134999318
70.05,-3.885904600599251,-5.493277165293991,12.017185432816314
70.06,-4.491867837024351,-6.355802345333423,11.904900984925156
70.07000000000001,-5.195251814855562,-7.358664078982988,11.87961651294614
70.08,-6.011743511857755,-8.520439667723124,11.96463879577465
70.09,-6.956660263526874,-9.853868686852865,12.196118866525435
70.10000000000001,-8.045330471189445,-11.369858340488731,12.618846876759033
70.11,-9.290787317415953,-13.066280209069184,13.287655864112036
70.12,-10.690803509389415,-14.907477945737662,14.271938105582421
70.13,-12.241185411359133,-16.844180074139974,15.648104621380893
70.14,-13.90303830434174,-18.75564425663501,17.48356123335668
70.15,-15.61640781354954,-20.47489173388031,19.834221813621795
70.16,-17.268207858970428,-21.75293613939182,22.690406625455957
70.17,-18.702703176710436,-22.299675723111086,25.952424444006244
70.18,-19.717221405377842,-21.811491360415825,29.401141203060195
70.19,-20.094674796658758,-20.090251445395083,32.67933607058779
70.2,-19.652283163089283,-17.112369108301543,35.394782457058334
70.21000000000001,-18.286021980186803,-13.084175602299776,37.19516699300528
70.22,-16.023904583531007,-8.406285934046824,37.927561139396275
70.23,-13.008858002990806,-3.5364085323489864,37.67010790299678
70.24,-9.472876323646862,1.1239270663746543,36.69842009069978
70.25,-5.675895880146918,5.306815079612406,35.38244431134409
70.26,-1.859730643958986,8.877524795680085,34.08500895896596
70.27,1.7822302431016301,11.795076516403473,33.0873497259219
70.28,5.106732858863707,14.045460750080567,32.562470690385055
70.29,8.006951507479398,15.603529904900318,32.57419210346199
70.3,10.395748868809633,16.416318970982484,33.083611600269336
70.31,12.193625889975785,16.426884673465512,33.95347989712189
70.32000000000001,13.330827611692298,15.595282046295731,34.98653990002661
70.33,13.758817558875933,13.96200131960104,35.93998224911552
70.34,13.46545044472546,11.630983054836653,36.607566378313294
70.35000000000001,12.484116281252879,8.790547368544921,36.83840105027906
70.36,10.90704885949332,5.680173706108054,36.58746071510085
70.37,8.867905724077064,2.533006162311385,35.90970938605677
70.38,6.523001801632395,-0.45743906884186536,34.93003056972895
70.39,4.031144441227722,-3.1586418297983583,33.80721120416599
70.4,1.5334218458924438,-5.497961125590184,32.693967074103654
70.41,-0.8568782579524177,-7.447921309532152,31.71153960775085
70.42,-3.0557620459148787,-9.004534152960721,30.93868993143149
70.43,-5.003452855112362,-10.171513467044473,30.412089983195138
70.44,-6.660737949919269,-10.954526338518866,30.126639910826487
70.45,-7.997985110513078,-11.351676927862643,30.050628353347495
70.46000000000001,-9.00008221658099,-11.374432879160414,30.120843414369116
70.47,-9.654443991141502,-11.03493068920208,30.265257707904762
70.48,-9.96090479802817,-10.357126695333486,30.409162665756135
70.49,-9.93104175618256,-9.389270268917587,30.480896800263444
70.5,-9.584595126240028,-8.184444544417474,30.426936922835804
70.51,-8.958020452142096,-6.815937674481264,30.21312381688919
70.52,-8.095855206659778,-5.353536879532508,29.831735047833366
70.53,-7.052685657516717,-3.869022041931607,29.29388808583964
70.54,-5.883513070672188,-2.4171793352980857,28.628672108127642
70.55,-4.642626526243661,-1.0424730198841907,27.87234729614724
70.56,-3.378242020817741,0.2290636635805532,27.065410833212077
70.57000000000001,-2.129935567688052,1.3835956353796504,26.24432910710618
70.58,-0.9284714387765174,2.4191983802768178,25.44146808197657
70.59,0.20648033945120048,3.3418478655273787,24.680387596937948
70.60000000000001,1.2626512454093888,4.162837759896679,23.979484672580814
70.61,2.2353705463054965,4.894599410044763,23.34985221864486
70.62,3.125403137664361,5.551655852394714,22.7986090969555
70.63,3.937446134363416,6.14617970902048,22.32840124152949
70.64,4.676346050311192,6.688361990286344,21.941102923159388
70.65,5.3525789879462975,7.190025042345718,21.634914202947297
70.66,5.97327926061449,7.656372393952781,21.40771035423945
70.67,6.541179512915394,8.089217675600676,21.25930465298881
70.68,7.065077728614253,8.493055150049665,21.186702062955387
70.69,7.552726149215774,8.868424937832359,21.184066474342405
70.7,8.000842537596988,9.208713370462736,21.248502552923288
70.71000000000001,8.40688422937284,9.507585351600865,21.377019617621805
70.72,8.776583178911007,9.761469676711325,21.56297258390704
70.73,9.105091284875106,9.961582149667985,21.79618306252514
70.74,9.383916191129929,10.097580748536673,22.066417659601022
70.75,9.606487454239247,10.158843341802582,22.363896743057747
70.76,9.769370517686024,10.138157186061605,22.67581583820316
70.77,9.86532407167574,10.03239484213389,22.985033623895387
70.78,9.886785511120875,9.838120337952656,23.27438099443546
70.79,9.826495301718769,9.549465016894576,23.529082303816956
70.8,9.68516613691962,9.175111983547458,23.73584450396723
70.81,9.465301364753877,8.72770538766238,23.881165484485855
70.82000000000001,9.167380396001363,8.216384442980683,23.952622284198643
70.83,8.796703573134925,7.652976852643047,23.945906517340713
70.84,8.365432704179971,7.057426085520604,23.860170333068556
70.85000000000001,7.8822092996112865,6.444778703975705,23.693753611121277
70.86,7.3594989849864945,5.829601040350163,23.452415652238162
70.87,6.8127626706234015,5.228627873811292,23.144758559188794
70.88,6.253934155374506,4.653386822463251,22.77738997224482
70.89,5.69511302463974,4.112218566869577,22.360783225713515
70.9,5.148707484765582,3.613366728876218,21.905846807599016
70.91,4.6236974595558165,3.1608679586042543,21.42064390355507
70.92,4.127084377987575,2.756074132285442,20.914132290260934
70.93,3.6655589735570153,2.40001023186341,20.394898135699957
70.94,3.2426836198160993,2.0913999937186554,19.868490280556863
70.95,2.860135172585977,1.8278722016846052,19.33968069631355
70.96000000000001,2.5195032620253497,1.6070058304662787,18.813255221846013
70.97,2.219775488281825,1.4249515231330256,18.292928997603422
70.98,1.959597868927604,1.278791283764394,17.780406443209387
70.99,1.7384380566669932,1.1663872085411242,17.277180031218638
71.0,1.555531310064137,1.0854716964284996,16.784742251877358
71.01,1.4063133784694313,1.0321210992998653,16.304244387766644
71.02,1.2888873488777723,1.0049829097147225,15.836041531232102
71.03,1.202853195674456,1.0036848003730963,15.380382202834912
71.04,1.146765136498775,1.0273591906084636,14.937543745766387
71.05,1.1175404747585784,1.075063729908868,14.507789303414722
71.06,1.1153196428560035,1.1481160539763975,14.09123106468442
71.07000000000001,1.1394138382273862,1.2473936512962018,13.68800820282557
71.08,1.189806353010008,1.3750437287876869,13.29846614847415
71.09,1.2683970836850142,1.534793213547758,12.923023062453607
71.10000000000001,1.376204086806848,1.7299235866770124,12.562219059172964
71.11,1.5161780055588212,1.9661823370666645,12.217208848506441
71.12,1.691874669153694,2.249877928109279,11.889258503714272
71.13,1.9076363380993826,2.58868345748735,11.58053347326536
71.14,2.1700680372138383,2.9931982282104763,11.294189002435733
71.15,2.4856356498625964,3.4737920944941925,11.034007136559076
71.16,2.86413369621649,4.045547730493926,10.806765341861816
71.17,3.3156000751468357,4.723615974655326,10.619924643237587
71.18,3.8531776665795014,5.527041978640829,10.486489727093403
71.19,4.491678937374731,6.476959963466753,10.421958634918626
71.2,5.247587566820139,7.594689248964294,10.450138421204315
71.21000000000001,6.140353811961484,8.904646478493778,10.602523680159196
71.22,7.188692744020342,10.42485895791964,10.921158767173074
71.23,8.411345062261645,12.167544699315965,11.465469794130678
71.24,9.824802162204115,14.131901346884217,12.306260246503813
71.25,11.428087445594809,16.27334403043509,13.5347395470551
71.26,13.21306853652602,18.51974804577373,15.252136935086636
71.27,15.127948376088543,20.706786919566127,17.548342478344328
71.28,17.08522661492865,22.595631938019377,20.48309928394194
71.29,18.93307473382356,23.844928537107656,24.032869220873017
71.3,20.449127878267404,24.06050873868704,28.009031301468838
71.31,21.369572338877436,22.886110187507757,32.06761638694578
71.32000000000001,21.417025303378175,20.123666101357347,35.70546064535057
71.33,20.401863191714195,15.913326391511713,38.40080167973235
71.34,18.268668780124635,10.665089513694323,39.82442776865929
71.35000000000001,15.131993081506845,4.971047596259869,39.94944629761618
71.36,11.249888496845337,-0.5954849610870472,39.06386440390307
71.37,6.948879494256499,-5.625151061541779,37.64147628285464
71.38,2.548134049573755,-9.902672861287163,36.18037322855775
71.39,-1.6875185487906066,-13.35275347029449,35.07958748648245
71.4,-5.55831925166912,-15.945265803991752,34.58501345021083
71.41,-8.91181978314194,-17.63188465162693,34.78317612919655
71.42,-11.620792705767078,-18.330909552269446,35.59893668791942
71.43,-13.565057852368552,-17.94456306172947,36.828979360232694
71.44,-14.650928060526777,-16.46427740112587,38.15803898908121
71.45,-14.809937910963834,-13.955285620954829,39.259194362163235
71.46000000000001,-14.050935112994422,-10.64655727328812,39.86171811025712
71.47,-12.455742341262347,-6.853280133100798,39.8350462981995
71.48,-10.18331090605405,-2.924484507061427,39.20881488190738
71.49,-7.443615111634934,0.8336634488272427,38.145330070097785
71.5,-4.460626803620689,4.206719870579663,36.87550590335515
71.51,-1.4400384845274077,7.073926498297557,35.628365877312454
71.52,1.4485696393061773,9.38345061872972,34.58374754327248
71.53,4.076594024451038,11.11898252708775,33.84978561397425
71.54,6.3499496138298115,12.274266151520392,33.460536144360425
71.55,8.200408035352897,12.843820836184472,33.38458269013168
71.56,9.582399722602714,12.833337100773495,33.53353542402949
71.57000000000001,10.460610758187833,12.255802546502274,33.79026649397678
71.58,10.829567660153014,11.166904728830367,34.02875704510237
71.59,10.695463384986938,9.642653834634208,34.1308286737956
71.60000000000001,10.100139469418925,7.799602011425781,34.01928460618184
71.61,9.101378100330434,5.7615876566147515,33.65677820429881
71.62,7.78523658245212,3.6617795852022907,33.054844373602705
71.63,6.243403956747207,1.6076492448738355,32.26125542684928
71.64,4.569192209370885,-0.3172039285644303,31.343232171024017
71.65,2.849308147928581,-2.059405353009859,30.375209214673013
71.66,1.1554462597135295,-3.5929613275222705,29.424157934256403
71.67,-0.4576733053721435,-4.911186527764092,28.542237148618966
71.68,-1.9503267230749226,-6.019031651387305,27.766321522221226
71.69,-3.2981734604539366,-6.928314331223854,27.11600183653204
71.7,-4.48710850309255,-7.650929141211321,26.596732513978676
71.71000000000001,-5.511291111940391,-8.199658571047454,26.203789046666852
71.72,-6.369684117734381,-8.583018770534112,25.922221585103095
71.73,-7.063620305489606,-8.811690585438571,25.73271649414827
71.74,-7.596096306581472,-8.893166562452565,25.612314558007874
71.75,-7.973871542494897,-8.835195292457364,25.53452713774811
71.76,-8.203312508469487,-8.651349738834622,25.476854597298725
71.77,-8.291046023196841,-8.353479826568686,25.414940692382757
71.78,-8.248031649189345,-7.95522509106398,25.327036398136904
71.79,-8.088159216077948,-7.477531255669745,25.199835427096772
71.8,-7.8234302855765865,-6.937891910322433,25.018381480986886
71.81,-7.47007918987138,-6.355728737173726,24.777960532225457
71.82000000000001,-7.046671747735422,-5.752858311959471,24.478303699040417
71.83,-6.5689778528378415,-5.14588397979702,24.118614947627943
71.84,-6.054515190586232,-4.549880117002742,23.706189035412788
71.85000000000001,-5.520435928198208,-3.9790876626499636,23.24809397779021
71.86,-4.980374763618311,-3.4419025915302943,22.751715581682102
71.87,-4.447327252615639,-2.9449583824002312,22.227142392746565
71.88,-3.9325785060486527,-2.493005841757354,21.68203335329769
71.89,-3.4429943315388445,-2.0863360710919934,21.12367723130101
71.9,-2.9848603545491725,-1.7246521659109655,20.559556099327803
71.91,-2.562367627790142,-1.4062917040826106,19.99485344559077
71.92,-2.1764603714550295,-1.1278508955147641,19.433259474783416
71.93,-1.827852097693004,-0.8858210320074862,18.878462049228773
71.94,-1.5159778938528243,-0.67614293653077,18.33342670555372
71.95,-1.2385739988393951,-0.4945251946471946,17.79952545891317
71.96000000000001,-0.9935662183225321,-0.3370025627217341,17.278034564789817
71.97,-0.7774700808534971,-0.19923075694193937,16.769737265099856
71.98,-0.5872665429124148,-0.07748731009880692,16.275051525071074
71.99,-0.41929233844119046,0.03202535648011501,15.794171418794537
72.0,-0.27001410629585265,0.1328011812462016,15.327112712732575
72.01,-0.1360131889414199,0.22811369818858962,14.873777090404907
72.02,-0.01388381026807222,0.3211354652145823,14.433997449105533
72.03,0.09970346646411819,0.4149665892150906,14.007572588156785
72.04,0.2079735629788133,0.5126939591424636,13.594296811192
72.05,0.31416477858482567,0.6175010100514278,13.193980152748583
72.06,0.4215031276408589,0.7327737016349283,12.80648684112796
72.07000000000001,0.5332933453967412,0.8620972460089362,12.431729775672064
72.08,0.6529889331184123,1.009657779202088,12.069776441766223
72.09,0.7842956730304058,1.1798911522281492,11.720761482132689
72.10000000000001,0.9314004400077411,1.3784384416502806,11.385148075100327
72.11,1.0987458473056202,1.6111602505365765,11.063509996518395
72.12,1.2918565332056025,1.88594318707292,10.757076793305425
72.13,1.516504289812573,2.210973504424066,10.467294798597347
72.14,1.780200102490921,2.5972576938122347,10.196874097684425
72.15,2.0909796346992477,3.0566391863785354,9.949055816218138
72.16,2.459107290590884,3.604233277670697,9.729426528768418
72.17,2.896065104029966,4.257077100601709,9.544915805186063
72.18,3.415820771335592,5.035355640812139,9.406771435222472
72.19,4.034562868015755,5.962497171229743,9.329421642197548
72.2,4.77071244215436,7.063450846928358,9.335141463072048
72.21000000000001,5.645885006058954,8.367012044602546,9.45328704279174
72.22,6.682159863629867,9.89763724721929,9.726555401227493
72.23,7.904182191591462,11.67963822590043,10.212237663839318
72.24,9.331854442586435,13.717862873018424,10.98654862205046
72.25,10.979425736799746,15.995925855489238,12.148598717408781
72.26,12.843966520610824,18.445883680159856,13.813489674862085
72.27,14.890449846747732,20.925220973575794,16.103327645011507
72.28,17.03811106081829,23.18916867060016,19.111016281845863
72.29,19.142175975636945,24.87675724369128,22.86017957403772
72.3,20.971038532929036,25.521915097043237,27.21097525638716
72.31,22.222879623201077,24.665903486347677,31.801252402285918
72.32000000000001,22.5714840599632,22.009236491907476,36.07270551619153
72.33,21.738363095762193,17.57438649214851,39.38082248915437
72.34,19.63029318777786,11.843486572873335,41.24905515167009
72.35000000000001,16.338867509278046,5.4991607116560965,41.58606616629463
72.36,12.149966902274318,-0.7473993513580783,40.704703466697644
72.37,7.441113960608573,-6.381775889333519,39.171146834929274
72.38,2.5933968983968745,-11.134619901893553,37.597234672307295
72.39,-2.0741366889429567,-14.908741275570444,36.473401541709045
72.4,-6.319237627758314,-17.659476015305984,36.092927632415716
72.41,-9.953888282046812,-19.312933038160413,36.53586675715147
72.42,-12.815158415369675,-19.746872591706232,37.68404177824584
72.43,-14.753376057840956,-18.864982023670336,39.225351243152545
72.44,-15.645327263658672,-16.652636949594623,40.761312885587735
72.45,-15.436043455405994,-13.295929728934116,41.87202721851292
72.46000000000001,-14.162638264482263,-9.129330448090831,42.28539196204718
72.47,-11.966790850574382,-4.593011869528256,41.92836630378753
72.48,-9.081915727355467,-0.11934313234083627,40.9403133588758
72.49,-5.784772961661838,3.958911526319527,39.596367702923736
72.5,-2.3476988368617553,7.4380996446302,38.206237683701076
72.51,0.994747674526745,10.223896752179346,37.02809633462686
72.52,4.058990864671794,12.278143290013322,36.22532458872716
72.53,6.707143535093586,13.581774075469706,35.854328834520544
72.54,8.837573186336792,14.121132520382382,35.871868539863755
72.55,10.379775566467307,13.901228848117839,36.152583444445156
72.56,11.280587335735481,12.943949650498457,36.52916998050755
72.57000000000001,11.533081303285428,11.344775365190849,36.82494600024744
72.58,11.152770603913405,9.22869368286796,36.89350502955097
72.59,10.202081314585573,6.77453406065116,36.64771996150398
72.60000000000001,8.78235167781472,4.1727348107137,36.0794615020563
72.61,7.014150308543128,1.5951561047955463,35.2394403025158
72.62,5.030578414614515,-0.8216997565963722,34.22300569261569
72.63,2.9569315426080425,-2.988475628768602,33.13916558335953
72.64,0.9024072344121601,-4.856008159351898,32.088774088158644
72.65,-1.0478772107422363,-6.408224752150821,31.148397663476434
72.66,-2.831269731237365,-7.645040114330821,30.366180105397042
72.67,-4.404877425800463,-8.574915114212919,29.762135775509414
72.68,-5.740925241952985,-9.208234984028248,29.332307902492534
72.69,-6.825078358175219,-9.557552692631782,29.050506202813946
72.7,-7.649578694842729,-9.637799481971227,28.87971965587286
72.71000000000001,-8.212815107747272,-9.462340964117715,28.775117791606046
72.72,-8.523568380136863,-9.060844492647158,28.690996883810747
72.73,-8.589579347759521,-8.456865763697163,28.581857984872194
72.74,-8.432916110707083,-7.69054585456189,28.415733383443893
72.75,-8.0745255741814,-6.800248555182206,28.16394415325234
72.76,-7.546254812721799,-5.829451088216313,27.817548050094107
72.77,-6.88115658723083,-4.820822689729009,27.37304695782469
72.78,-6.113258682049029,-3.808665229582179,26.839759047204193
72.79,-5.277951020051589,-2.8248313412111985,26.2322296952383
72.8,-4.405616998673565,-1.8892051168597126,25.569028754667794
72.81,-3.525182180596019,-1.0173742123424987,24.870245484462327
72.82000000000001,-2.6575049057189144,-0.21446385381041888,24.153894877846657
72.83,-1.8207397062875517,0.5179045970496757,23.437299573303598
72.84,-1.024973835205543,1.184334751306356,22.732982469477182
72.85000000000001,-0.27626046112384467,1.792713853333296,22.051980808629
72.86,0.4231240381292445,2.3520471445113094,21.402169767538332
72.87,1.0750936559218054,2.8732201479505455,20.7892738874367
72.88,1.6843454240578928,3.3678151133703,20.217440136240985
72.89,2.256987286409812,3.846743895229405,19.69013641854238
72.9,2.8013982647054596,4.3217218112202795,19.20981483905973
72.91,3.326471879882189,4.803222337011901,18.7794504036233
72.92,3.84041571615767,5.30090109603447,18.402618877005047
72.93,4.354868899705431,5.825340010261915,18.082110856136506
72.94,4.876985408970783,6.3834029145236695,17.824522394038553
72.95,5.415862092228744,6.983148208914383,17.635682588297257
72.96000000000001,5.982688981780654,7.631609198541563,17.52224805021069
72.97,6.580516553104206,8.328489720156602,17.496358727599485
72.98,7.213122693891945,9.07398493140154,17.570205160288822
72.99,7.88911814224838,9.868109814060695,17.75549156587717
73.0,8.604723016912969,10.695706525240649,18.06610999321519
73.01,9.355278345777954,11.540241661708787,18.51706314869602
73.02,10.135409405600418,12.378167489819639,19.12157188274869
73.03,10.923875284954466,13.16729930319578,19.883747336571133
73.04,11.700731125685257,13.862893342088192,20.80941320119465
73.05,12.430084300860816,14.404898935224626,21.88032843756023
73.06,13.071032903389476,14.726413737115069,23.07395241460141
73.07000000000001,13.57527670500868,14.76616840502359,24.33907749369472
73.08,13.887255831700934,14.464071937720675,25.607151382806176
73.09,13.959634926085403,13.78849989459241,26.8017636450306
73.10000000000001,13.75118965496907,12.739742713081856,27.827656948286748
73.11,13.236294697421485,11.342850402139504,28.613821024153935
73.12,12.419488728978244,9.675288144673543,29.1003741587512
73.13,11.318337695556291,7.816545368780365,29.265605874193458
73.14,9.978164310766482,5.868591343996011,29.11876403661145
73.15,8.457122563594957,3.919013921760088,28.7033694705462
73.16,6.820458704941123,2.0437393864928506,28.07957333606728
73.17,5.132629760543279,0.29184346533353733,27.319655864335285
73.18,3.4491459091058725,-1.3089089628868424,26.49182079208725
73.19,1.8159566498923205,-2.7495493636592307,25.658485130557786
73.2,0.26329433286926807,-4.036318034991354,24.86718430330435
73.21000000000001,-1.1878872888203484,-5.181642432392555,24.155816842038238
73.22,-2.529552385585585,-6.202258902264936,23.54803443798104
73.23,-3.759940259935727,-7.114871255381291,23.06043141019214
73.24,-4.881502513492586,-7.930563188567391,22.700096004027053
73.25,-5.900963874265221,-8.660820313034602,22.471273131687116
73.26,-6.8289116523045985,-9.310998341894388,22.369776608484454
73.27,-7.661203620909211,-9.873624948199401,22.390234082608973
73.28,-8.393146733575641,-10.34078602283068,22.527318000657946
73.29,-9.031555884313876,-10.705854997313526,22.76806291229717
73.3,-9.573001093628715,-10.956611652588295,23.09036710410649
73.31,-10.00572621983361,-11.078343581841452,23.472486196660128
73.32000000000001,-10.322629112826643,-11.054713748246622,23.89129271751053
73.33,-10.516467026055242,-10.881071817312861,24.316214325530705
73.34,-10.57784278533309,-10.557158639380859,24.714837775360095
73.35000000000001,-10.497437121945849,-10.07905268772801,25.057059688840617
73.36,-10.27795587928661,-9.463605460718837,25.319028090201037
73.37,-9.925118418358398,-8.734815490704252,25.477896018769446
73.38,-9.443602830191509,-7.911480513146434,25.51813488209389
73.39,-8.852559446424625,-7.02677633041726,25.437627236372702
73.4,-8.168808886096164,-6.10988456342341,25.23511230125219
73.41,-7.414515536652399,-5.187280591941338,24.921628554472615
73.42,-6.615005660714291,-4.286386504990453,24.512021208200935
73.43,-5.790807815115759,-3.4240141041633683,24.021930170135946
73.44,-4.963884554565737,-2.6142488240565083,23.471674896974122
73.45,-4.1519281359728595,-1.865417738541843,22.87815426371005
73.46000000000001,-3.3677770577609447,-1.1788075987640068,22.25795947712188
73.47,-2.622627998124399,-0.5540944640712528,21.62594974738357
73.48,-1.9217185799989662,0.013959480110529165,20.992862433257496
73.49,-1.2680693974939872,0.5321779642692184,20.368436671204396
73.5,-0.6608512650437335,1.0092074015616985,19.759299651761403
73.51,-0.09734629372647918,1.4545067093189188,19.170956501808224
73.52,0.42772495906915753,1.8783131649779108,18.60728441849635
73.53,0.92091955821603,2.2910603382903307,18.071386957542522
73.54,1.3900020067004457,2.703302626431676,17.56588753799178
73.55,1.8439689652655866,3.1258871033688016,17.093120976238264
73.56,2.2914668951074986,3.5692845247770073,16.656179987879057
73.57000000000001,2.742842032915859,4.044581117128751,16.257906319694264
73.58,3.2076714435829388,4.562641603483665,15.90333158301862
73.59,3.6962210957319837,5.134561771342701,15.597517972399505
73.60000000000001,4.219853421090863,5.771715724640777,15.348200580791403
73.61,4.788006530247588,6.48477656826024,15.166088948298905
73.62,5.413225815318492,7.285162791819308,15.06175452811649
73.63,6.104762983460406,8.179961706492554,15.05396827115514
73.64,6.87181221698604,9.176451909468685,15.16302447831154
73.65,7.726687232425465,10.279891766141166,15.412187320964913
73.66,8.668301145655303,11.474103152206101,15.833786319751749
73.67,9.694218088779895,12.740665993794776,16.461454163379724
73.68,10.801398411204124,14.049403563340926,17.330854476621745
73.69,11.963825536947757,15.333481560446732,18.46926305318265
73.7,13.150657925800317,16.51237721600201,19.902793042621738
73.71000000000001,14.301007091997853,17.465910926922916,21.621088476331586
73.72,15.34236983025064,18.057398383381347,23.59556231749555
73.73,16.17179904313085,18.13971733520532,25.724586157104834
73.74,16.68267831190806,17.583968732793906,27.87938228690786
73.75,16.763931413871607,16.31644496157407,29.86721566156061
73.76,16.335750699017712,14.350854075819008,31.50657753145493
73.77,15.357285995511235,11.798687043812958,32.62718277115401
73.78,13.847656115336086,8.841393115057686,33.15566482297261
73.79,11.874051027345164,5.691538883771456,33.10040288401228
73.8,9.554265624195057,2.5622368551303802,32.56021846978874
73.81,7.021765044414615,-0.3896175712962533,31.689995774692203
73.82000000000001,4.407458241044606,-3.064614868920046,30.65999435514739
73.83,1.825705203554664,-5.415876610236298,29.628464054839114
73.84,-0.6349320040983177,-7.432655788830798,28.721201415819202
73.85000000000001,-2.9142039259004346,-9.125374714213425,28.023376217529698
73.86,-4.9710809883851965,-10.502431845201105,27.582869185308933
73.87,-6.77850701295316,-11.56471375381879,27.414164473056744
73.88,-8.316176099748985,-12.305120024692643,27.498344769629263
73.89,-9.567447617049309,-12.70077319066272,27.799253113455833
73.9,-10.511802627832658,-12.741262430948899,28.24474840658896
73.91,-11.12770411640698,-12.416755738436938,28.757303465305743
73.92,-11.40509206526354,-11.726038038993728,29.25399643829645
73.93,-11.347611006237099,-10.712373846399489,29.652851688574984
73.94,-10.959208389308163,-9.417091603710245,29.88466176002503
73.95,-10.271635695634426,-7.91788179733614,29.910433558284765
73.96000000000001,-9.320083244793308,-6.289480447799359,29.711544014774447
73.97,-8.162807459236829,-4.617299880543228,29.303810102005194
73.98,-6.855181457145273,-2.967802002342514,28.718089886489654
73.99,-5.459286819611008,-1.3970692067299737,28.002266542710693
74.0,-4.0285078068784275,0.06168695866995694,27.20648937192443
74.01,-2.6106003310055,1.38850799736575,26.379848073267365
74.02,-1.240507965794043,2.58079423286446,25.564003336907323
74.03,0.056076941411646875,3.642922018170011,24.79200708082063
74.04,1.2654965635198323,4.588169205648802,24.08760936215539
74.05,2.380376070722649,5.429779157298874,23.46715624807369
74.06,3.4009421380137654,6.183044776237066,22.940238609992942
74.07000000000001,4.332031448674856,6.8614983888681955,22.51111242101191
74.08,5.177925952352756,7.473683823851785,22.18144026927674
74.09,5.946429121251487,8.029294862812627,21.951031097537665
74.10000000000001,6.64935115977776,8.53478937305081,21.814066801575642
74.11,7.285661624919387,8.986523931272153,21.767374161494647
74.12,7.853744512966963,9.380479914754066,21.80798584523862
74.13,8.361665857640684,9.715393812241462,21.927618752831915
74.14,8.810101359222964,9.984575205853103,22.113599974126107
74.15,9.191763013983993,10.177846953158955,22.354526981012597
74.16,9.502692614851098,10.284982138849335,22.638479924781908
74.17,9.740205779768381,10.298908190141752,22.948493673045817
74.18,9.896279398380813,10.214792464063676,23.265132902386643
74.19,9.962337954884752,10.025443906597948,23.569163028010347
74.2,9.933169181168036,9.726546231566424,23.84276276092851
74.21000000000001,9.810121574172102,9.330253515017834,24.0685322457514
74.22,9.59485148022152,8.849658307306175,24.22905633666888
74.23,9.287459084695671,8.293506713499966,24.30970812805322
74.24,8.896232716976385,7.677563759633403,24.30596573505588
74.25,8.434149805367671,7.024119099163812,24.215322851721965
74.26,7.910613807150696,6.349171619782245,24.03607309082248
74.27,7.341690376605185,5.671243032477269,23.7759073559984
74.28,6.744101045366953,5.008953509948334,23.443187980531064
74.29,6.130975522965162,4.37375719878766,23.046286405703366
74.3,5.5171675634405855,3.776083783128879,22.5981385679785
74.31,4.915994372962345,3.224390520448128,22.109641183194125
74.32000000000001,4.336629332051885,2.7214099885030345,21.590709363396265
74.33,3.7876555633848277,2.268885308329561,21.052073399761408
74.34,3.2756524919449017,1.866803851131516,20.501909474297623
74.35000000000001,2.8031177452367273,1.5121602739877784,19.946178510040216
74.36,2.372091977318102,1.2016621968532508,19.390838463252212
74.37,1.9831143582799935,0.931247258843576,18.840716694470842
74.38,1.6345315008462238,0.6962148972074997,18.2983716480586
74.39,1.3246796804707315,0.4920773668603699,17.766205808935798
74.4,1.0500645362215044,0.3137356366224013,17.24586846958344
74.41,0.80750459885122,0.15676123616002396,16.73832951641269
74.42,0.5929512338706112,0.016549693489978007,16.244246337076667
74.43,0.40243666966600933,-0.11112793213507031,15.763939924538047
74.44,0.23192807277973482,-0.23030413431526117,15.297526325644268
74.45,0.07737903694483186,-0.34486382334386256,14.844992331422072
74.46000000000001,-0.06511309303495869,-0.4585384165411454,14.406246012396696
74.47,-0.19942071438324194,-0.5750478332386049,13.981163928636736
74.48,-0.3294115435517099,-0.6981762848703114,13.569626502340332
74.49,-0.45897599633432606,-0.8318631630854125,13.171553255050071
74.5,-0.5919116074045161,-0.9802852610472874,12.7869540128479
74.51,-0.7323815945587905,-1.1481336471380597,12.415965891579813
74.52,-0.8845467323784663,-1.3405195250630104,12.058882375795555
74.53,-1.0532587353042464,-1.5635101858592124,11.716298459514272
74.54,-1.2435567456861834,-1.8239402095552064,11.38909557075559
74.55,-1.461464702414645,-2.1298961492699275,11.078721607664653
74.56,-1.7137011891746552,-2.4910832809156447,10.787270537044217
74.57000000000001,-2.0080191731837926,-2.918370509045801,10.517781676135993
74.58,-2.353847079359147,-3.4257084332019887,10.274833601538452
74.59,-2.761459430960068,-4.027751117840421,10.064507653954339
74.60000000000001,-3.2441040132246526,-4.743952994793719,9.8964071520189
74.61,-3.815593338479265,-5.593717597333751,9.782519296529651
74.62,-4.493838128573966,-6.6021037033053505,9.742398697574489
74.63,-5.297069220345923,-7.793020348800853,9.799416835136558
74.64,-6.247100336674805,-9.19257451564953,9.991885858792084
74.65,-7.366177935208558,-10.824302525132063,10.364555036026436
74.66,-8.673795738791476,-12.697069196950883,10.986395929396918
74.67,-10.189431528126992,-14.81220908013533,11.938656286148852
74.68,-11.911553337106849,-17.115204479501443,13.324572758819224
74.69,-13.826897396236943,-19.515604464844323,15.259830201148375
74.7,-15.874040041179466,-21.817610854644318,17.842797192207602
74.71000000000001,-17.946788805682708,-23.735010308058687,21.13228300622154
74.72,-19.862055643821396,-24.86557597344979,25.074086925233058
74.73,-21.36054373071467,-24.76427460022104,29.419137269705043
74.74,-22.14090639551162,-23.06128151487249,33.73097480642849
74.75,-21.90591604528177,-19.61122728442086,37.42115497420337
74.76,-20.48032709453394,-14.676738674157889,39.93407752873681
74.77,-17.85782222445333,-8.805334591690265,40.996952872109375
74.78,-14.22147064766491,-2.6819143154924694,40.70786490811546
74.79,-9.894540595816755,3.100042335010073,39.49178114352422
74.8,-5.244822870139465,8.167083467815512,37.91784343879355
74.81,-0.6090573434482529,12.349685727293354,36.519764764595976
74.82000000000001,3.7475190990399256,15.595367207625753,35.67752896419329
74.83,7.624373735027823,17.859866394931068,35.584580243056664
74.84,10.861229408599968,19.05983878013837,36.24321869660109
74.85000000000001,13.315658729099425,19.088399181340577,37.47485465756929
74.86,14.850883998773755,17.85642033674113,38.964377548790644
74.87,15.3834680605772,15.43540192524192,40.320302271529776
74.88,14.878415764178957,12.012426029136664,41.194739504679305
74.89,13.400796295759772,7.9369648023956545,41.378908092465196
74.9,11.10942578987225,3.6203437541344377,40.86045367996828
74.91,8.236245455541244,-0.5603835936292914,39.80483096425219
74.92,5.0367090176030045,-4.329981965141574,38.47472238121751
74.93,1.7562572652255974,-7.526087729105544,37.147085611943275
74.94,-1.3994951256744643,-10.077811792664885,36.04303146173037
74.95,-4.2721609062014325,-11.95773729782473,35.296393373761326
74.96000000000001,-6.744223515396528,-13.152806304469166,34.946989761430224
74.97,-8.728880138773924,-13.652054703799633,34.951052463936975
74.98,-10.168152392759245,-13.464106973692616,35.193000780247736
74.99,-11.016861084666234,-12.607304334254337,35.524695053450834
75.0,-11.271641434575375,-11.166411079320628,35.789425618188474
75.01,-10.94589826795878,-9.24773880097782,35.85511579255206
75.02,-10.095930743162851,-7.007696501036398,35.64055304041821
75.03,-8.808830393097535,-4.611089260390382,35.13096230385346
75.04,-7.19071358526753,-2.2123729469323044,34.36285929285465
75.05,-5.36014928543099,0.06318926928201218,33.41527328068129
75.06,-3.4295267969552783,2.1320934024371585,32.382373083032796
75.07000000000001,-1.4975418179575544,3.945905712694157,31.35441721564027
75.08,0.3568754634446833,5.4854314883640605,30.404304002608963
75.09,2.0749753783002785,6.750110113185477,29.582658662821864
75.10000000000001,3.6173838485819996,7.748836374921635,28.915576278010757
75.11,4.959383274004457,8.493008387268983,28.407625140328296
75.12,6.0853472398737285,8.992340867103817,28.048250632693815
75.13,6.990524084269843,9.260030297403043,27.810272939182422
75.14,7.673015548876147,9.310029842053694,27.661514851775387
75.15,8.134850101143952,9.152484789170478,27.56410477768425
75.16,8.38585817061872,8.811605595836278,27.4824461073671
75.17,8.434538381709267,8.307337041354309,27.379488135087104
75.18,8.298332456766506,7.6682894907689345,27.229165237259025
75.19,7.997457306693179,6.92760145160041,27.01001213220986
75.2,7.553713610757329,6.115314428863128,26.709960097208402
75.21000000000001,6.9962978751879525,5.26676389315313,26.32840219324956
75.22,6.350496731029875,4.409455720224339,25.866987143671945
75.23,5.644834749279652,3.568162531061952,25.337917961476876
75.24,4.904725458885471,2.7626188769635394,24.752799982028904
75.25,4.152241677576502,2.004450124428711,24.127234904720805
75.26,3.4076219614869925,1.302724495813799,23.475694971851105
75.27,2.684090856207483,0.6584429208760705,22.8110122042716
75.28,1.992857381683021,0.0705571403730112,22.14544273376225
75.29,1.340270591389182,-0.46540708288619864,21.487860199646597
75.3,0.7293995063974337,-0.9561582993378189,20.84581062236304
75.31,0.15988961752291425,-1.4099950854574688,20.224768451443385
75.32000000000001,-0.37105496171588415,-1.8361689858888282,19.628926835777353
75.33,-0.8679477800789122,-2.244179087647872,19.06144476287395
75.34,-1.3372884224777226,-2.6441834945367235,18.524738626433592
75.35000000000001,-1.786060120485205,-3.0459808846654193,18.02113927839081
75.36,-2.223042951677015,-3.4599953375632144,17.55258920067948
75.37,-2.6562246855663565,-3.8959475678114885,17.1222039094582
75.38,-3.0952652349862726,-4.364195310611316,16.73264963977297
75.39,-3.5496238502131927,-4.874889262886106,16.388796386917907
75.4,-4.027971003997051,-5.437821090419263,16.0964571038253
75.41,-4.541738862207382,-6.063599237321667,15.862013182196108
75.42,-5.099290130437161,-6.760835778884969,15.697000597765795
75.43,-5.710552134722115,-7.53920133144922,15.612492492148696
75.44,-6.386229712343333,-8.405506331340913,15.623606818587035
75.45,-7.1310062719670215,-9.359704515596059,15.752202040134499
75.46000000000001,-7.9514886411771055,-10.402874880529936,16.020636000147565
75.47,-8.852185830430496,-11.525223901858338,16.4549598323649
75.48,-9.824954834308711,-12.698959455103283,17.08357395311795
75.49,-10.863647291331027,-13.893130494956132,17.937846684789264
75.5,-11.941643835587396,-15.043299070178108,19.036727349113434
75.51,-13.025285876617573,-16.071456537516347,20.396410320719504
75.52,-14.058534046603073,-16.871793151733563,21.999742952370774
75.53,-14.972156816474202,-17.32181076627207,23.8124169802304
75.54,-15.6771385334398,-17.303825620273532,25.737602406715318
75.55,-16.07726091056669,-16.706262637069432,27.658388152665584
75.56,-16.086151491835434,-15.490934963601022,29.407964209362994
75.57000000000001,-15.627189902486865,-13.655041279465117,30.831935595975086
75.58,-14.688014649528188,-11.32669110250188,31.798036479546504
75.59,-13.278096651054566,-8.645764615251048,32.24036402647357
75.60000000000001,-11.463139225424841,-5.799898492307638,32.17006831689763
75.61,-9.343493354744666,-2.962228163016115,31.67112510718086
75.62,-7.032199733250073,-0.26885750498093647,30.867570056226224
75.63,-4.644137212373653,2.1909300912861682,29.902946864123805
75.64,-2.2781364366878822,4.37535192874847,28.911512564728415
75.65,-0.009950167388802278,6.2755666897669995,28.001480935902848
75.66,2.1055659170471865,7.898300788855588,27.252151663335134
75.67,4.0347186571509255,9.258233683230994,26.711666542552898
75.68,5.75611955077881,10.363015706154428,26.40032646030319
75.69,7.258383073928591,11.213034311335031,26.320055508968387
75.7,8.527972903054787,11.798709657168553,26.44214604741808
75.71000000000001,9.549989065251468,12.107840443730144,26.730371412085653
75.72,10.315401358145218,12.118432760590263,27.134468875411997
75.73,10.813326964368308,11.8341794906337,27.586954255053406
75.74,11.031914226260886,11.261512015649238,28.019171984191974
75.75,10.969363942468554,10.413063701116934,28.368784922905334
75.76,10.640626397334879,9.337821960694345,28.585157199422966
75.77,10.059466992348984,8.081282818993586,28.6287619489016
75.78,9.261565306468505,6.709642013768313,28.487788071856286
75.79,8.282671531883123,5.281795011147448,28.162876650223314
75.8,7.172427605120036,3.8570502188997504,27.678718163937194
75.81,5.9756623840492145,2.479912548381159,27.065346005907237
75.82000000000001,4.7386757216932445,1.1835419559139275,26.362595888175367
75.83,3.4991869506182045,-0.013713726595714792,25.607379868152705
75.84,2.2895883756152777,-1.1039917791044083,24.835739486924236
75.85000000000001,1.1313169335651252,-2.089876102412153,24.075544625744236
75.86,0.039267260187420105,-2.9799784518216583,23.3506369029395
75.87,-0.9799494886677911,-3.7861619521189507,22.67713872405239
75.88,-1.9254536551051284,-4.523227715617162,22.06732186631864
75.89,-2.8010332809211915,-5.205210671448307,21.528838177159436
75.9,-3.6123505896299846,-5.8449160271734355,21.067623882959445
75.91,-4.369796902999463,-6.456192290187651,20.686455591111393
75.92,-5.081243744695842,-7.046951047902752,20.388447464572504
75.93,-5.753494923775099,-7.623807745597285,20.17737393606211
75.94,-6.401833827100967,-8.19620989713682,20.05262793509546
75.95,-7.0280730605850055,-8.760760106106106,20.0173777989149
75.96000000000001,-7.630607983070972,-9.311504054237274,20.07601734630498
75.97,-8.212682185751348,-9.8445700205474,20.23124463058314
75.98,-8.778600749676357,-10.351968573892067,20.479904187158624
75.99,-9.318909245232055,-10.815878576131416,20.818953071392365
76.0,-9.82780232057899,-11.219381333623387,21.24651179265785
76.01,-10.294808587600064,-11.541596556531164,21.75162062296738
76.02,-10.701003061288107,-11.757669450621178,22.316429313676643
76.03,-11.030121129923371,-11.841655061963213,22.92612446038497
76.04,-11.26446192514718,-11.775993212524254,23.552702050860304
76.05,-11.383764302927679,-11.546062887888233,24.16161230683791
76.06,-11.367735580090644,-11.134663339334821,24.723676694812895
76.07000000000001,-11.20949628653531,-10.55407350490412,25.205776662048976
76.08,-10.90390235255093,-9.8214492146187,25.57359238337042
76.09,-10.447160502569044,-8.951561954561683,25.805459423829316
76.10000000000001,-9.854455548584227,-7.9823389089078995,25.89110292176173
76.11,-9.137867935843563,-6.946194336661023,25.822717013623354
76.12,-8.321725271501439,-5.879229828026169,25.6103993383717
76.13,-7.433492422914681,-4.8182219327876314,25.268029071650087
76.14,-6.49780239380374,-3.787297130564533,24.815288119555664
76.15,-5.543148222387168,-2.8095261364375457,24.277422269374604
76.16,-4.591577343074486,-1.8971661528595904,23.676755430551026
76.17,-3.6629038112649606,-1.0564663206815936,23.0371384619045
76.18,-2.7723873119356934,-0.28881540703236386,22.377922449534363
76.19,-1.9279812122988265,0.41158411923947114,21.715025712866932
76.2,-1.135960940855541,1.0516635004905772,21.06275269715275
76.21000000000001,-0.3965845313075309,1.641550998536744,20.430369285946814
76.22,0.2923252044241623,2.19260324410667,19.825929104402185
76.23,0.9363778950100448,2.717100190187668,19.255075968682775
76.24,1.5423797716334267,3.227123793455893,18.722556337015344
76.25,2.1198773088273293,3.7354848266741705,18.232045722731574
76.26,2.6779410727339945,4.253875490132472,17.787734086142944
76.27,3.2282399974923606,4.7947617621128815,17.393154901586815
76.28,3.7803885766441567,5.36876181586603,17.054357319064845
76.29,4.345984423319272,5.987247494788076,16.776702378490825
76.3,4.936227351081726,6.659845778153555,16.568699219352695
76.31,5.559142489351374,7.394037095320721,16.441885346071054
76.32000000000001,6.22826306608884,8.199798210537676,16.406372077163134
76.33,6.94936733824162,9.076643352369981,16.47986404241425
76.34,7.724806276681431,10.020780525187966,16.682379217267577
76.35000000000001,8.56180591888371,11.029434919450747,17.034446735804103
76.36,9.45650191552463,12.079796157626562,17.557478065013516
76.37,10.398528641199185,13.140762113430176,18.274073111212928
76.38,11.373885332039412,14.168730663542325,19.20375007430436
76.39,12.34863810087918,15.094351602538985,20.351007481126917
76.4,13.285798574272267,15.838937564714337,21.716135082150192
76.41,14.121952467284967,16.303817011269533,23.25350102354342
76.42,14.790840554383301,16.386675430255327,24.911873019672523
76.43,15.2154280958516,16.009110743173515,26.583428234081484
76.44,15.31718384757427,15.103600095678537,28.155134032837125
76.45,15.043042887514003,13.687153679018609,29.489142914274375
76.46000000000001,14.351296271971197,11.800320559043284,30.47181068625557
76.47,13.252635576026625,9.566426110279803,31.02998252410952
76.48,11.781473294116704,7.118232731974758,31.14561753418135
76.49,10.008313663886755,4.605250416237482,30.85510190533718
76.5,8.025946048474816,2.1545702484595575,30.24536354656882
76.51,5.927827751208032,-0.14243588453170974,29.422237024750384
76.52,3.803842637172858,-2.2297402265289072,28.498292093616413
76.53,1.7271227820459387,-4.086277972863001,27.57362770763711
76.54,-0.24874696984622288,-5.712432118266196,26.72628468725789
76.55,-2.0866079007937133,-7.120398387605629,26.01448968947377
76.56,-3.766146881019858,-8.325476520826923,25.472090077129693
76.57000000000001,-5.276009717504425,-9.33899506958819,25.116997881064577
76.58,-6.610161077191781,-10.166010071500521,24.948875604872462
76.59,-7.768972276696645,-10.805861585063827,24.959577800405903
76.60000000000001,-8.745454860748554,-11.24860526335112,25.122003564013745
76.61,-9.528388785207234,-11.48314627676713,25.405478868859863
76.62,-10.113330367258165,-11.49273619865711,25.771651596910825
76.63,-10.494447128984742,-11.27716949214877,26.171317087749035
76.64,-10.663423389647942,-10.8416473709143,26.554537755659013
76.65,-10.615665437939745,-10.189997603177554,26.873830378229403
76.66,-10.361736211260832,-9.35484827403942,27.092485010822276
76.67,-9.911203426400482,-8.369770175681186,27.177056334501792
76.68,-9.284562153824684,-7.275331962663353,27.11404913758734
76.69,-8.510165169093852,-6.119900462983421,26.899292625115468
76.7,-7.618313663802336,-4.943293563739906,26.54274938655509
76.71000000000001,-6.646428839280222,-3.7867011045982366,26.064807902030456
76.72,-5.626336689542411,-2.67684869262904,25.489058153561274
76.73,-4.591054979211688,-1.6353127473011662,24.844448957217285
76.74,-3.5658408772420254,-0.6721462947116932,24.156336097719286
76.75,-2.5719621953453498,0.20944080833918033,23.44992538898769
76.76,-1.6237445400749009,1.012305776448066,22.74466573195397
76.77,-0.7293694103420632,1.744729147597623,22.057035409661633
76.78,0.10750374632344184,2.4169000592413505,21.399344470818132
76.79,0.88817850156429,3.0414105619934437,20.780792530075214
76.8,1.617440641439849,3.6315417980075932,20.208094811351188
76.81,2.3017962211662937,4.199909414856231,19.68676534738862
76.82000000000001,2.950876159928606,4.760075852007049,19.22071366253066
76.83,3.574067116892441,5.323334008311807,18.81449656741056
76.84,4.181344537254913,5.900815523352629,18.47254153588351
76.85000000000001,4.7849613713078565,6.502971817618066,18.19919098069033
76.86,5.3917334891638635,7.135728616882413,18.002621696322
76.87,6.013806749125048,7.808214524248599,17.888955304674134
76.88,6.660045830503609,8.5229835744787,17.867126298833696
76.89,7.330740501681426,9.274884654624751,17.95029742897173
76.9,8.028158096064283,10.059860425932985,18.151419446066797
76.91,8.757777632717994,10.869939667924578,18.48145941887561
76.92,9.510130063506708,11.680835510685693,18.950698296978594
76.93,10.277469762058795,12.46777400501719,19.57121159699984
76.94,11.042180681553226,13.191231567896748,20.344544119920496
76.95,11.776903909842902,13.801197851272265,21.265597268814968
76.96000000000001,12.451971064924335,14.243260882139017,22.32170194035612
76.97,13.02170423241366,14.456674587158561,23.469639176669002
76.98,13.441005270228093,14.379705758512461,24.668115133962754
76.99,13.664072848052314,13.97744795983003,25.84244145659633
77.0,13.640839265443233,13.213684688389542,26.91673194603063
77.01,13.346309665689818,12.108526167628813,27.816022476526474
77.02,12.764765388337407,10.7047343343888,28.46538885729736
77.03,11.900927899256514,9.063394533173621,28.829057216526476
77.04,10.782108487879915,7.272771844586277,28.889996352878697
77.05,9.453808862642909,5.418498284720442,28.669679286134812
77.06,7.972524361054953,3.5835613781455735,28.20847561963563
77.07000000000001,6.3989542225854406,1.8279707633412674,27.56704357086199
77.08,4.790333397394724,0.1942439222067298,26.808579065471324
77.09,3.1970148733413284,-1.2968106902680034,25.996159108052623
77.10000000000001,1.6566862919221004,-2.6407579694790773,25.182100669719155
77.11,0.19726421673132477,-3.844122334038886,24.41062409567433
77.12,-1.16702365726551,-4.9208803674144725,23.711768185089475
77.13,-2.429117994184225,-5.8879964646400165,23.108722368465266
77.14,-3.58931155909807,-6.760316349185326,22.614626019685403
77.15,-4.653256811298719,-7.553381005698778,22.238073026356556
77.16,-5.6284933396342485,-8.276111331115123,21.981186175251363
77.17,-6.516930967702287,-8.930476072271333,21.84573715318181
77.18,-7.325731277183369,-9.519556851884573,21.83055681649338
77.19,-8.061281073238693,-10.039324603574807,21.927051554634456
77.2,-8.718169557681966,-10.478121970810909,22.12751449172186
77.21000000000001,-9.296981241463449,-10.824963106750278,22.421982939755978
77.22,-9.792194081340568,-11.065614476675735,22.79156249465498
77.23,-10.19103542165065,-11.183638560581862,23.21532133642477
77.24,-10.484407640318436,-11.160814673581685,23.67219513406308
77.25,-10.662478324207175,-10.991216719883994,24.1322589591885
77.26,-10.7140170622402,-10.672518815747091,24.5632710379561
77.27,-10.62788355845921,-10.198840655034408,24.936198867398286
77.28,-10.405591765263786,-9.586613277840284,25.227222287576943
77.29,-10.051668178234804,-8.859271553586117,25.412917540858825
77.3,-9.569319995107534,-8.034712763632095,25.477481015622622
77.31,-8.976844984371915,-7.145923229198571,25.41850360689276
77.32000000000001,-8.290592541518228,-6.222500548474257,25.23445199264109
77.33,-7.5321287714729355,-5.291086156288763,24.936036298747744
77.34,-6.726906361386974,-4.379841539347732,24.53831424684507
77.35000000000001,-5.895475217521158,-3.506209036796093,24.05699225472884
77.36,-5.060034169174459,-2.6847542119352235,23.512774421098175
77.37,-4.238691771246024,-1.9244275447629842,22.9230282712263
77.38,-3.44459902980011,-1.2268166567165495,22.30472870588371
77.39,-2.6893332464629074,-0.5918868506495262,21.67325352536292
77.4,-1.9784255979876944,-0.014542009954179091,21.039688879647922
77.41,-1.315102291608035,0.5119965996363648,20.414107835738367
77.42,-0.698832258885348,0.9963344983658984,19.80347941395082
77.43,-0.1268636755838406,1.448080293537744,19.21347808197838
77.44,0.4059604281117864,1.8774791935195718,18.64811305497265
77.45,0.9061506734233968,2.295069491539532,18.110634160993055
77.46000000000001,1.3814919796815708,2.7114965018741573,17.603754457670558
77.47,1.8409433548253449,3.1376701039264527,17.129865115659307
77.48,2.293379222209675,3.5842255824384033,16.692087146568948
77.49,2.748963416068075,4.062215500478494,16.293336689275293
77.5,3.2176816498421568,4.582678443140237,15.93852727570839
77.51,3.7094371292345643,5.156608426724998,15.633084884046305
77.52,4.235989438228175,5.795500042271511,15.384272540853456
77.53,4.806689328487027,6.509833854860718,15.203290016176235
77.54,5.433874752135245,7.31114993456517,15.100580471256015
77.55,6.127298676755605,8.206535321647836,15.094481318926821
77.56,6.894970056020557,9.20157533372893,15.206215937347187
77.57000000000001,7.748627211264124,10.301452739949152,15.458830210031959
77.58,8.688655219472478,11.491703524835287,15.88359820366494
77.59,9.71343710872008,12.754319099892566,16.514029322025433
77.60000000000001,10.817853932287269,14.055898176886384,17.38507209588597
77.61,11.97600728238898,15.330821720572553,18.52444073004834
77.62,13.156651115184774,16.498054632484738,19.956482359484202
77.63,14.299038190658914,17.43781187417554,21.671372521774696
77.64,15.330419949480808,18.014960870519566,23.63736367533109
77.65,16.14833175378779,18.082349138390395,25.75473826780344
77.66,16.647766767205763,17.51657262352222,27.89260404131745
77.67,16.717518824066694,16.241266497002368,29.861867429309832
77.68,16.282204277802247,14.279075460308919,31.481135026613853
77.69,15.298682597435908,11.733960708958524,32.58446172866297
77.7,13.789228038772794,8.791359764095969,33.099477358046194
77.71000000000001,11.821315903721548,5.660494990601081,33.03704218867337
77.72,9.510889631375937,2.5512944194763607,32.49437409134617
77.73,6.991150787695691,-0.3810505558672901,31.625606721543242
77.74,4.391375528280138,-3.038526428988786,30.598993274349176
77.75,1.8246777519089359,-5.375108279658797,29.570956721729914
77.76,-0.6221812182012267,-7.381013805632471,28.66470442698953
77.77,-2.8883936026087285,-9.065596452507746,27.96619942934485
77.78,-4.934487918181084,-10.438517295866408,27.522207297672118
77.79,-6.7335738021724065,-11.500689285250127,27.346186802199632
77.8,-8.266702621762828,-12.244951039034085,27.42383653092135
77.81,-9.517213157330971,-12.65066614708319,27.71521986642094
77.82000000000001,-10.463486129857209,-12.707727768480725,28.151180673469057
77.83,-11.084801424381165,-12.399490477866834,28.658414466220457
77.84,-11.374464980740402,-11.732657838031379,29.154018680659423
77.85000000000001,-11.33177941423959,-10.744512284749108,29.554698749659636
77.86,-10.961707665272717,-9.474724044621933,29.794263366040504
77.87,-10.293960539574952,-7.99959866510979,29.83050034213952
77.88,-9.363270717778182,-6.391786806496505,29.645589754310564
77.89,-8.226150426109873,-4.7366204150288995,29.252010718576617
77.9,-6.937109400321015,-3.099359243834542,28.68007006965115
77.91,-5.557149337419017,-1.536887616556894,27.975458700923387
77.92,-4.1396285808103785,-0.08288588401769864,27.187999622137582
77.93,-2.7318496565093127,1.241998573358029,26.365843122412173
77.94,-1.3694011310833376,2.4341224265714145,25.550989140265575
77.95,-0.07779988183757469,3.4975999331009966,24.77624140882024
77.96000000000001,1.1285252945156588,4.445186962851612,24.066107977644315
77.97,2.2420879172342234,5.289953824381084,23.437092071971872
77.98,3.2628372393746354,6.047445932273417,22.899414702801614
77.99,4.195253879281772,6.731059189303856,22.45778514817524
78.0,5.043690187759415,7.349997851136571,22.114541339012206
78.01,5.817031008137972,7.914982432140854,21.869508739763766
78.02,6.525384374840707,8.431560138914808,21.71794481689961
78.03,7.168291629963095,8.896993874932187,21.657779749529332
78.04,7.746194548742892,9.308840751557481,21.686586069193293
78.05,8.268787670735755,9.66654576666009,21.795229961466713
78.06,8.733389929957623,9.961699221620776,21.973363182732758
78.07000000000001,9.13397943541919,10.184165242139635,22.211457881402904
78.08,9.470021426153977,10.324738226190016,22.497730111748993
78.09,9.735055932685615,10.37536487712833,22.814825095497262
78.10000000000001,9.91999048232707,10.327820531235613,23.144661408400957
78.11,10.016921506148575,10.17080005256906,23.47003539322002
78.12,10.02239484281923,9.906750325630533,23.771533412293063
78.13,9.933828224644508,9.543078142951707,24.02881642398149
78.14,9.747814628578379,9.08506093543291,24.222420095307925
78.15,9.465869201545297,8.541422893056362,24.340542501828843
78.16,9.097865002721367,7.933255319615094,24.37533085044683
78.17,8.650536950479287,7.277409015105855,24.318624279517653
78.18,8.135467892866037,6.591431817956484,24.171477096485695
78.19,7.570216825671963,5.8980995397062745,23.939922348227935
78.2,6.968235269741552,5.213909133780859,23.628743878315262
78.21000000000001,6.344985933561118,4.552327355531377,23.249168420783313
78.22,5.716898816859009,3.9270063548694956,22.81351648107622
78.23,5.096302358468559,3.345413325429475,22.33186193991597
78.24,4.4944125234216346,2.8120678378608828,21.816498645874645
78.25,3.9216108301035897,2.3305168536676364,21.278246746977203
78.26,3.38352488307188,1.8997902515028264,20.7249872969714
78.27,2.8843372805946834,1.5176568900200769,20.16468168703041
78.28,2.427117609711915,1.1811922386498777,19.60413794780033
78.29,2.011818314152899,0.8859207630096493,19.04731471362615
78.3,1.6378899643805978,0.6272584400171873,18.497896113672866
78.31,1.3029734445758145,0.3998904569250993,17.95868254357547
78.32000000000001,1.0041133701852947,0.19876805572584028,17.43132121077707
78.33,0.7375900696069453,0.01869448609803262,16.91710276860958
78.34,0.4992559808131418,-0.14533865102009805,16.41676567874552
78.35000000000001,0.2847290488079841,-0.2981826833854497,15.93074480385964
78.36,0.08950278456573757,-0.44453885621379663,15.459258645020386
78.37,-0.0908489824512548,-0.588941512455546,15.002392914131791
78.38,-0.26088041802688255,-0.7359634317287924,14.560172021251043
78.39,-0.42512733707983796,-0.8902047346228059,14.132613341887282
78.4,-0.5881543642638932,-1.056449384717928,13.719790534115855
78.41,-0.7547376446995665,-1.239852413572138,13.321895071948086
78.42,-0.9296093472950026,-1.4458700088833163,12.939269445787959
78.43,-1.118105351248448,-1.6808620412273878,12.572581872414727
78.44,-1.325611099153251,-1.9516928369802045,12.222758695682721
78.45,-1.5585485204844065,-2.2666037227329157,11.891370061374474
78.46000000000001,-1.823678499565893,-2.6349814832698892,11.580570857588464
78.47,-2.1289872411218647,-3.0675575042077723,11.293550236997593
78.48,-2.4836843353225313,-3.577644995012687,11.035001389679403
78.49,-2.8979107578161667,-4.179198425471485,10.811058645027423
78.5,-3.3844043816423937,-4.890553299749473,10.631522557815314
78.51,-3.9563513765454545,-5.729724417490031,10.508047015631917
78.52,-4.630531832133382,-6.719511615368819,10.460266360866237
78.53,-5.424138015005256,-7.882031729322312,10.510434487905481
78.54,-6.356623183412388,-9.239001020122988,10.695582130193213
78.55,-7.448692683748208,-10.811860030128987,11.058567178904926
78.56,-8.716766567528317,-12.604662318951966,11.662469799491188
78.57000000000001,-10.175095098313829,-14.61158578792275,12.583955644708794
78.58,-11.823364480680107,-16.784386773704995,13.914541858383947
78.59,-13.642312815396807,-19.02859062771241,15.755992351807116
78.60000000000001,-15.574406976862353,-21.165747995419284,18.192278490616133
78.61,-17.51948472811622,-22.934295541531235,21.271891405180714
78.62,-19.306840469860987,-23.973685542054103,24.931914106025804
78.63,-20.706325417817645,-23.894231750170803,28.954532943840388
78.64,-21.444813535114125,-22.35958718925641,32.95487971376074
78.65,-21.25593439538235,-19.241955783444872,36.404510532665945
78.66,-19.982736525616108,-14.755739124716067,38.82001309345136
78.67,-17.60463237076968,-9.361944018153984,39.92885724886446
78.68,-14.274858332529696,-3.6636382396851017,39.784966998167526
78.69,-10.275694235183268,1.7935751993940405,38.732766878048125
78.7,-5.93461597608718,6.651241597862263,37.262425743301115
78.71000000000001,-1.560286034896988,10.735081876355888,35.854908423450624
78.72,2.5986904895505907,13.986138847968649,34.875894915386226
78.73,6.355759663840755,16.374788549415864,34.53502487248544
78.74,9.567181309134607,17.84611175221711,34.87885126161508
78.75,12.108551099815825,18.307225951108233,35.80877089151546
78.76,13.865880550758261,17.686652264305906,37.079597692460965
78.77,14.74364467456462,15.962779787454282,38.3845140033335
78.78,14.698607348360825,13.269403454651517,39.38849108859707
78.79,13.750350475806307,9.839373376158724,39.857671216242096
78.8,11.997410592275838,6.0014421383547,39.69284645105168
78.81,9.611625244779937,2.100252185588084,38.955804723197
78.82000000000001,6.809929080360892,-1.5769169449504152,37.8305390504726
78.83,3.8117711188104693,-4.8386187811039925,36.5503323610234
78.84,0.8156076854639254,-7.58126364729178,35.33550992989759
78.85000000000001,-2.0186032184774776,-9.76432164567297,34.35080434512644
78.86,-4.571380995737271,-11.375761189537767,33.68790828930996
78.87,-6.754978364748957,-12.40885980186833,33.366755856461054
78.88,-8.50703050580429,-12.86037809507254,33.3427303587531
78.89,-9.783854732623642,-12.73382272941284,33.52232503999319
78.9,-10.558942108913001,-12.057826913339625,33.7822244968274
78.91,-10.825482556024053,-10.882379873504906,34.000301398007956
78.92,-10.59911323108716,-9.296839862792206,34.064402261635095
78.93,-9.92397319279863,-7.417026202769872,33.90632916999766
78.94,-8.86216013427417,-5.36882978918342,33.496790504033335
78.95,-7.502521643054138,-3.281296462717709,32.85652021687181
78.96000000000001,-5.936068273294212,-1.2563143246201256,32.03682605672038
78.97,-4.255095165599287,0.6283396805417656,31.106875626696763
78.98,-2.5431042341553978,2.325634774039872,30.13990370635435
78.99,-0.8681579575733609,3.813734335124149,29.199991368356024
79.0,0.7184090234168135,5.088589557852925,28.336059278981434
79.01,2.180294668589822,6.157191536538463,27.581664873845803
79.02,3.4954842443710588,7.031514780381393,26.953778253429288
79.03,4.651614476851163,7.723332307744789,26.455887929241474
79.04,5.644502289743279,8.24580929622471,26.081409364242855
79.05,6.4738900599074745,8.606802289761486,25.81519581491115
79.06,7.141618058826532,8.81609688963449,25.637041084070237
79.07000000000001,7.650120180286355,8.882677525947408,25.525336752096727
79.08,8.006299347668861,8.812613863397466,25.452639370254964
79.09,8.217641040087727,8.619366415430676,25.396714397713005
79.10000000000001,8.291345066123757,8.316595885555538,25.335446705163083
79.11,8.23688040717579,7.916363424752464,25.246171445076577
79.12,8.06841062058532,7.4388377479100685,25.11650897470803
79.13,7.799219001536484,6.9033349115869385,24.933970222660577
79.14,7.443702665244059,6.32719688117018,24.691664566817053
79.15,7.020507613527288,5.731523394092089,24.391058389606354
79.16,6.545924543595768,5.133819052923102,24.03186126170459
79.17,6.0362189810893625,4.547786008568569,23.6202074393065
79.18,5.5083684105896555,3.9871056869796058,23.16435932215509
79.19,4.976130094514278,3.460728731164262,22.670938688305107
79.2,4.451412288228354,2.974210094687598,22.149567008596552
79.21000000000001,3.9456025072487364,2.5324382288313085,21.60859414574857
79.22,3.465659231239322,2.1360441202725204,21.054534906683074
79.23,3.0169176194406697,1.7841896586884816,20.49439666852479
79.24,2.603834480132361,1.4754623945382999,19.93392684050939
79.25,2.2276205767743513,1.206761795805915,19.376617660856255
79.26,1.8887664897968581,0.9746787601161565,18.825825556073017
79.27,1.5867343892881487,0.7753353565602797,18.284456625775768
79.28,1.319334641386257,0.6046410762313377,17.753950404989233
79.29,1.0847719297049283,0.45900833035756056,17.235512981365204
79.3,0.8796968172267734,0.33431518521192083,16.729978655736012
79.31,0.7013441445266281,0.22723969335120867,16.237711695064004
79.32000000000001,0.546331206756126,0.13434261497998018,15.758929914005357
79.33,0.41159007048860685,0.052664780290725466,15.293625259345648
79.34,0.2939200198610375,-0.02064223570748816,14.841689290688493
79.35000000000001,0.19031278082542574,-0.08816671650831691,14.402925318996054
79.36,0.09795407660445822,-0.15230327849353623,13.977087902417715
79.37,0.014171569272615411,-0.21533109741298018,13.56390523527617
79.38,-0.0635947314666149,-0.27947276563458906,13.163095596959952
79.39,-0.13779555637919252,-0.34694856594399587,12.774381790168107
79.4,-0.21085301777536217,-0.42004801111577766,12.397500168515693
79.41,-0.28510404276338286,-0.5012030160479757,12.032221951052449
79.42,-0.36302451556772186,-0.5930958677085983,11.678356792533794
79.43,-0.44709119036431916,-0.6986914768055885,11.335773090948111
79.44,-0.5401342548921966,-0.8215005478143562,11.004433038686551
79.45,-0.6450983064159799,-0.9654578167035719,10.684387658875444
79.46000000000001,-0.7655298222100955,-1.1354039558050557,10.375887392284268
79.47,-0.9052898928606363,-1.3369032345853125,10.079346067937623
79.48,-1.069091604110295,-1.5767650716180093,9.795567691945083
79.49,-1.2623450893613877,-1.8631092948952463,9.525702348702069
79.5,-1.4915564398723486,-2.2056266390964465,9.271655028969764
79.51,-1.7645251002403934,-2.6162154135803664,9.036085781797423
79.52,-2.0904518564220997,-3.108722186356411,8.823148952766449
79.53,-2.480615887495211,-3.7003406917693846,8.63861178883804
79.54,-2.948112678938337,-4.410587125012164,8.491288245392607
79.55,-3.5090179817311435,-5.2634829120958155,8.393321678169372
79.56,-4.181604139046935,-6.285145677999408,8.36313707643774
79.57000000000001,-4.9879246119186105,-7.50669072842447,8.425798685092103
79.58,-5.951758324136173,-8.958161394480463,8.618884839289926
79.59,-7.100588850386119,-10.672202658230445,8.992692753304222
79.60000000000001,-8.45965219136065,-12.66757552960565,9.619480262326064
79.61,-10.053951420010154,-14.953017241879818,10.592965372537488
79.62,-11.892058353175448,-17.48682752211039,12.033524595012818
79.63,-13.96847125847814,-20.18098185012711,14.084153465250708
79.64,-16.222516521597218,-22.821483705787113,16.875685222382987
79.65,-18.544103763022658,-25.08508432772946,20.503872456808097
79.66,-20.728424971444092,-26.492342121359794,24.9324346536553
79.67,-22.473093450102706,-26.489334462772316,29.889684750906575
79.68,-23.41304474508122,-24.600375781378197,34.84911786781033
79.69,-23.186377406278755,-20.64005730995589,39.082195476313345
79.7,-21.567699639032554,-14.923139786973689,41.89575588359257
79.71000000000001,-18.55821716277318,-8.163324970827501,42.969687221158374
79.72,-14.394749833696899,-1.2167278728422994,42.47943350044989
79.73,-9.478559949407604,5.211805575497557,41.00406254953032
79.74,-4.255852374513729,10.709710790675627,39.27237899183035
79.75,0.8791277418161774,15.114098484267478,37.91932731711967
79.76,5.6190514230809505,18.36172848995561,37.36064120788382
79.77,9.726724934203986,20.367990995609123,37.753716582918315
79.78,13.001094080302455,20.992162719480007,38.99462769679263
79.79,15.257412375455514,20.103061015336042,40.74210185374165
79.8,16.331517237643254,17.654632573011078,42.517905427648145
79.81,16.153621862696355,13.873573322839135,43.812612389818334
79.82000000000001,14.754386721437594,9.156552713912516,44.2906843133794
79.83,12.30097425071182,4.044268114823804,43.872846612670685
79.84,9.073098357661895,-0.9403307210098477,42.74778878182365
79.85000000000001,5.401549435516908,-5.407372243065319,41.26629908697224
79.86,1.6085661982550947,-9.127398281649528,39.806407128592475
79.87,-2.0316581838655274,-11.99936305400873,38.66479941273558
79.88,-5.306008435154255,-13.978603730534479,38.006953198820426
79.89,-8.05409216027256,-15.038104818329879,37.855739366094866
79.9,-10.153509595416816,-15.155228596232101,38.11218516501799
79.91,-11.523528699592394,-14.355069248367188,38.57822283949766
79.92,-12.115548702996879,-12.704674470293215,39.02956440559557
79.93,-11.931891199767621,-10.359372156536768,39.2518238419989
79.94,-11.030915270235749,-7.536926985132647,39.11043050214555
79.95,-9.521194965096393,-4.484359016495649,38.567439937406405
79.96000000000001,-7.553138957382838,-1.4407159483003709,37.679338215070736
79.97,-5.296350250889705,1.4054236336766626,36.569922757718814
79.98,-2.9141364570781416,3.9281873505351865,35.38486309250802
79.99,-0.5511286599388509,6.057664194633313,34.25838192258041
80.0,1.6772974400738425,7.767381750922166,33.289805234289844
80.01,3.6865182238092125,9.053929908231583,32.53403268682112
80.02,5.416309550262746,9.922591589275267,32.0046009954003
80.03,6.8270917464593595,10.383284402644227,31.677705164631618
80.04,7.89395999704275,10.451565814161443,31.502865064843988
80.05,8.604995634587592,10.147816476080326,31.414748729322806
80.06,8.968610390840363,9.521475920221501,31.342246824102958
80.07000000000001,8.992273381864585,8.612032576327874,31.22003316448152
80.08,8.706757102111972,7.485153591356602,31.00107529122849
80.09,8.145310912857942,6.204624777443954,30.652859825107917
80.10000000000001,7.359680576125959,4.844238798157994,30.169414122087122
80.11,6.399486007763341,3.464582856882175,29.55908669171577
80.12,5.321106181446645,2.120361117088396,28.846846595310225
80.13,4.174709526157571,0.8484642973541738,28.063979242276446
80.14,3.00687461033975,-0.3248608833062572,27.244347084855093
80.15,1.854231295165468,-1.389109184029699,26.41944741411022
80.16,0.7454821434753061,-2.341385330821318,25.615673338629723
80.17,-0.3004452976937937,-3.1879428943206665,24.85370831932924
80.18,-1.2722181502631449,-3.937973642754356,24.147784109090907
80.19,-2.1653552363680078,-4.604387562420243,23.507475578279358
80.2,-2.9803731052428724,-5.199423908889842,22.93765459526454
80.21000000000001,-3.7211246441788446,-5.735687660076662,22.44084890719911
80.22,-4.395448724990767,-6.225551930868153,22.016329239749666
80.23,-5.0092841572158315,-6.676789471516132,21.66372368879375
80.24,-5.569238322901093,-7.097220811571706,21.38232601742005
80.25,-6.087988875424004,-7.49580615425698,21.167340916025466
80.26,-6.5686020143657275,-7.873335127658256,21.017962632879925
80.27,-7.012491896265782,-8.229509401193564,20.93419466511537
80.28,-7.427349098677513,-8.566876234279617,20.91296695492794
80.29,-7.818067148479378,-8.884069400767224,20.94951807473129
80.3,-8.181605378598046,-9.174778429073443,21.041413214045015
80.31,-8.517344338446556,-9.43372449671549,21.18589355615325
80.32000000000001,-8.826688377479986,-9.655841716004405,21.376999833043417
80.33,-9.102808061448645,-9.831907369195095,21.606949760955338
80.34,-9.338994083258166,-9.952382762028032,21.86830623393075
80.35000000000001,-9.531749400100605,-10.008435342027521,22.15364531912971
80.36,-9.67403679796219,-9.994503513173981,22.449378926207967
80.37,-9.757981463616986,-9.905424557282393,22.74103009946773
80.38,-9.775203267325493,-9.733536758170132,23.015280661788402
80.39,-9.721512002279033,-9.477103955518439,23.260326922785246
80.4,-9.59719552934787,-9.14507381960538,23.46271304851167
80.41,-9.402574861919108,-8.74652018172806,23.608945662188397
80.42,-9.136161655476268,-8.286456324000216,23.68830423294789
80.43,-8.803977177089028,-7.777128051308964,23.697429672667123
80.44,-8.41594201925447,-7.235947302392101,23.634051267279755
80.45,-7.978430897328249,-6.675160693726668,23.495549874814
80.46000000000001,-7.502920026184348,-6.108649011491405,23.286799867787252
80.47,-7.0032715973537565,-5.552226738331376,23.014683819386224
80.48,-6.489943518717424,-5.016732853141514,22.684270008309234
80.49,-5.974184808646827,-4.51062579597666,22.30476838199505
80.5,-5.467787545809657,-4.042536474542724,21.886091653617154
80.51,-4.9795701267930434,-3.6174009791874835,21.435432466583656
80.52,-4.516584813557754,-3.237452997228594,20.9611178969509
80.53,-4.085741529830325,-2.9047307460677847,20.471456357784948
80.54,-3.6914673243379608,-2.619320334457254,19.972046492783335
80.55,-3.3361162722837476,-2.3799489759633166,19.467699686333074
80.56,-3.0219755725887314,-2.1853171278102814,18.963298782342665
80.57000000000001,-2.7492012323657025,-2.0327729583444065,18.463061916795624
80.58,-2.517047907045476,-1.920287456100085,17.969114101796627
80.59,-2.326020757930491,-1.8471500508223102,17.483174192070713
80.60000000000001,-2.176624946324207,-1.812650172256582,17.00696104234504
80.61,-2.0682253805227986,-1.8155203679761507,16.542164966125693
80.62,-1.9975737016821462,-1.8541872657889495,16.090026627283486
80.63,-1.965139915311632,-1.9300113079598042,15.651437133401386
80.64,-1.9712956915005362,-2.0442846844457185,15.227285576947912
80.65,-2.0146864174059855,-2.197922085944339,14.81872511721792
80.66,-2.097455822342389,-2.3952451897862854,14.427242189141197
80.67,-2.2222480262219206,-2.6409711445984096,14.05433659030118
80.68,-2.390513813597954,-2.93945179376923,13.701991054568296
80.69,-2.6066991381704567,-3.298566249063706,13.373634062066523
80.7,-2.8757972817136244,-3.7266493454344265,13.072803727536233
80.71000000000001,-3.2034216835256504,-4.233092194288067,12.80487876508178
80.72,-3.598299064617079,-4.831080674601593,12.578048278671845
80.73,-4.068847361073934,-5.533160641471043,12.40072395109171
80.74,-4.62598775841229,-6.35428672599834,12.287857033419563
80.75,-5.282309162882614,-7.311319136154922,12.25721242739758
80.76,-6.050529316465149,-8.418803287926613,12.331585291654863
80.77,-6.944067138303698,-9.688957981771551,12.545995917453839
80.78,-7.977923973433837,-11.134218632949985,12.938260961834143
80.79,-9.15901499708066,-12.743752973587156,13.562450487897692
80.8,-10.489015642681837,-14.4942610783108,14.480490029770088
80.81,-11.961664213456991,-16.335467071759133,15.761017946750727
80.82000000000001,-13.54245731468305,-18.161851625532407,17.46809871107977
80.83,-15.17584764239649,-19.821793923981094,19.65042456135207
80.84,-16.76349527787806,-21.094642934219124,22.311182992998027
80.85000000000001,-18.16140743817251,-21.71552113034674,25.359401442698292
80.86,-19.189237911735443,-21.405222050383706,28.615435439046212
80.87,-19.644219509146964,-19.962778783305374,31.7622826160558
80.88,-19.35301542570378,-17.34222995897351,34.442935350361665
80.89,-18.201617018476266,-13.688398940603587,36.320150426572184
80.9,-16.19672905507311,-9.346923036806013,37.21384061389064
80.91,-13.450208524246532,-4.731809253237964,37.151471436327355
80.92,-10.16352066895614,-0.22998057361491275,36.34951013785104
80.93,-6.575395490606724,3.880807633191911,35.13222276377335
80.94,-2.9163073059590516,7.449608083976965,33.83891192762112
80.95,0.6233941051853027,10.42202127137509,32.749490392803665
80.96000000000001,3.900474835268978,12.784223507461682,32.05271134839299
80.97,6.810908817511032,14.524163242962123,31.839563978999948
80.98,9.27383720314583,15.604778514707187,32.111209969781086
80.99,11.219302913425956,15.980089170126782,32.77299459097189
81.0,12.58026066176274,15.593083865613433,33.677452717437134
81.01,13.309143430329339,14.460778848418421,34.614692385933296
81.02,13.372029561137564,12.625657778900468,35.38490682071846
81.03,12.785020717429683,10.232625982597215,35.82025152542378
81.04,11.602235577998147,7.466643894845035,35.83105462676022
81.05,9.920801021090547,4.538863550041453,35.411316544863205
81.06,7.875184527731238,1.6493014727334487,34.638154357572816
81.07000000000001,5.60786607379707,-1.0534692473749918,33.63709789677591
81.08,3.2549593324526507,-3.4732236390576734,32.54758881900215
81.09,0.9336373336064061,-5.561537969815532,31.496526204548314
81.10000000000001,-1.264702286112256,-7.303382488030727,30.580848060802698
81.11,-3.274351435669818,-8.701370010766135,29.86112008294015
81.12,-5.049999701408646,-9.762276815769678,29.363527177234445
81.13,-6.563441712839832,-10.493808073124379,29.080710999813427
81.14,-7.793358679649869,-10.895109702575722,28.985304069614493
81.15,-8.729646970519067,-10.976999042046234,29.024274459793144
81.16,-9.36315778556581,-10.748177575476463,29.138770209811486
81.17,-9.6944716067241,-10.224997605690833,29.26590208228978
81.18,-9.733841194445258,-9.445909402379579,29.34530343688278
81.19,-9.49414187984618,-8.448138647193694,29.32658788144485
81.2,-9.006172397383313,-7.291449720161178,29.17825638164801
81.21000000000001,-8.301237548777335,-6.029826042700769,28.88290541336752
81.22,-7.42612516003501,-4.725186891462615,28.44620442760242
81.23,-6.423431258688538,-3.4257540857924416,27.88282494464897
81.24,-5.340940448281459,-2.173625888561381,27.22118828724716
81.25,-4.219206959523762,-0.9958180418728646,26.49120525356984
81.26,-3.095900916858268,0.089939969867606,25.72523928321102
81.27,-1.9983347659124482,1.0787229188511127,24.950681653971582
81.28,-0.9488733333289401,1.9713144756669099,24.192323287845475
81.29,0.04091706750944768,2.7761065020734916,23.46741299358229
81.3,0.9639282313977823,3.504375720517274,22.790355077028867
81.31,1.819355126113155,4.168394160726178,22.17006734128139
81.32000000000001,2.610316059965789,4.78189859490569,21.613072509441313
81.33,3.3436302457711182,5.3579006868983585,21.122905414817467
81.34,4.025628019835301,5.906747104983474,20.703153188980203
81.35000000000001,4.666636239915686,6.440373296635778,20.35513674379451
81.36,5.276020020756665,6.966506652769249,20.08034999456438
81.37,5.858473359838055,7.489001131386148,19.882765058972534
81.38,6.427269038954495,8.016683860510913,19.762963680695876
81.39,6.989444134341868,8.550059067538939,19.722555414251474
81.4,7.541890281245875,9.081582035686596,19.766497944054557
81.41,8.081533957560792,9.603727626955374,19.899742906205137
81.42,8.613550352467207,10.112237557974458,20.12403072071925
81.43,9.135619431786585,10.593808102992078,20.436116984326944
81.44,9.636729552792154,11.0291508991522,20.833067611359105
81.45,10.110366445057537,11.399951822064278,21.313333290985845
81.46000000000001,10.54079348386687,11.68260335970788,21.862573378472106
81.47,10.908166979934473,11.851313441222299,22.46275032323753
81.48,11.195254044622123,11.880413168065486,23.0979888401299
81.49,11.38276157937132,11.754625829168015,23.736460227624136
81.5,11.449340973659,11.45799856463219,24.34409492180151
81.51,11.376978840074392,10.979556272567567,24.891955090838742
81.52,11.161036607938707,10.337128418490003,25.346047600901684
81.53,10.795703187990828,9.547017478256686,25.673903217565133
81.54,10.282470003639677,8.630140840402468,25.85955080225249
81.55,9.638105568329836,7.6266431786251765,25.8938667567721
81.56,8.876131283898951,6.567755334850552,25.774092766308314
81.57000000000001,8.024846683632198,5.492272851299635,25.514228926074715
81.58,7.1097388891895505,4.4326979077868,25.129007959445623
81.59,6.157546997765242,3.412224479772935,24.641871331311084
81.60000000000001,5.195383162206109,2.4515238319811616,24.077375329788065
81.61,4.243725153331188,1.5591961441452997,23.458422890138294
81.62,3.3216453166337025,0.7403965692194743,22.808308824868565
81.63,2.4413066426608028,-0.0067254078005665185,22.144724894408878
81.64,1.6104567385203592,-0.6883220270227963,21.483626372137994
81.65,0.8329322548718268,-1.3127364107733484,20.837095444659283
81.66,0.10785048667165378,-1.8908955645154055,20.21413674887152
81.67,-0.568318222996585,-2.4347072215915277,19.62196327732863
81.68,-1.2016560671846224,-2.956307656365264,19.065828456939528
81.69,-1.800394148034048,-3.4684718290758925,18.54999004831419
81.7,-2.3736517809824154,-3.983321862531217,18.078524314982694
81.71000000000001,-2.932070313126487,-4.513287587606601,17.654990231061834
81.72,-3.4862226582595417,-5.069805490733097,17.28437241481833
81.73,-4.0463132039545435,-5.663829294235037,16.972256738835945
81.74,-4.62492584971196,-6.306391054569035,16.72497281411265
81.75,-5.230229792763699,-7.005279782285273,16.553294722517425
81.76,-5.874475794326545,-7.770591331270233,16.466500892172007
81.77,-6.566789155271479,-8.605959094322046,16.47916984787846
81.78,-7.310315663733768,-9.50927260861822,16.61027176807126
81.79,-8.111899294004306,-10.480110812282396,16.87889115025012
81.8,-8.973395934135107,-11.504308446811622,17.305734693106157
81.81,-9.885568116438435,-12.554410194661422,17.912737109240883
81.82000000000001,-10.84109532463788,-13.5986116200197,18.723099380012577
81.83,-11.81201443595864,-14.576344538399114,19.745223685011027
81.84,-12.767174461133894,-15.41868266486164,20.98668292243584
81.85000000000001,-13.654770175502492,-16.03588634680109,22.421277663051562
81.86,-14.4144048713547,-16.32777894445994,24.01191570514428
81.87,-14.972620359014075,-16.206517176051122,25.670334211715964
81.88,-15.250251431334405,-15.587927110848405,27.29563761629042
81.89,-15.184742663816332,-14.457540597369993,28.75577559409067
81.9,-14.718788994107696,-12.823264382016141,29.925433573594194
81.91,-13.845998881284448,-10.783949091625885,30.710678046156005
81.92,-12.578016172609889,-8.453857264119103,31.059281398294715
81.93,-10.972778798850566,-5.983867052527319,30.98068273781317
81.94,-9.109209550122886,-3.5080398512566995,30.536416614986706
81.95,-7.080066270399098,-1.1393391455601933,29.820313717130553
81.96000000000001,-4.978993169934883,1.0482918402422892,28.944012668865962
81.97,-2.886034910438382,3.0176643935575855,28.012541705441798
81.98,-0.8659842523847665,4.756915235909873,27.116033885740464
81.99,1.0360996482084266,6.274239763860675,26.32333743818427
82.0,2.792106687060154,7.583346602665274,25.67949984851637
82.01,4.385894426366078,8.699148624120461,25.212696147709988
82.02,5.809947120227781,9.630510888156254,24.931145774397308
82.03,7.066493090944437,10.382503303630518,24.8351901069823
82.04,8.149114582270352,10.947151334584422,24.903811038013803
82.05,9.04519767830629,11.313835387616658,25.110704301032555
82.06,9.745661984845412,11.469262321884786,25.42709071581738
82.07000000000001,10.25134388199435,11.401578929441056,25.808174197589267
82.08,10.55452785694297,11.11546282874865,26.204944364688046
82.09,10.646720341670864,10.614962242509527,26.568490157952155
82.10000000000001,10.528195656216793,9.909814799373756,26.855536119405564
82.11,10.211625712890871,9.036627725737443,27.03242946430719
82.12,9.706568890007981,8.026997596624803,27.070159655971633
82.13,9.038471147804914,6.925825761421847,26.961285440529608
82.14,8.233839455849726,5.777198047579583,26.70362534562649
82.15,7.325751319098343,4.62048153971726,26.312306174732605
82.16,6.349304127910353,3.4928878756822686,25.807413761020342
82.17,5.335610655356307,2.4176541691087294,25.214217662907945
82.18,4.315688919004844,1.413864168477256,24.56026270109755
82.19,3.312165893552953,0.4881266618833531,23.869937595412154
82.2,2.344676343593163,-0.3575371663719694,23.166902698789134
82.21000000000001,1.4248300536830825,-1.1279663808523555,22.468754004465865
82.22,0.5596502986333975,-1.8317983970306055,21.79084526827457
82.23,-0.24904649450113614,-2.479841499517507,21.14400981259652
82.24,-1.0033731202213585,-3.0847588055096495,20.536760877705166
82.25,-1.7090031657728855,-3.659660744994753,19.975085743492876
82.26,-2.3727701714424025,-4.217109508773334,19.464219999209735
82.27,-3.0049454563064524,-4.770482645491922,19.00776907818066
82.28,-3.614365721931244,-5.330612235395513,18.610642185599556
82.29,-4.212361172473273,-5.909256661400119,18.2766469383082
82.3,-4.809718008156194,-6.51570470805369,18.01139131872234
82.31,-5.413665374317318,-7.156520864076904,17.82302412103688
82.32000000000001,-6.038099607767701,-7.841530916114052,17.717241966212704
82.33,-6.688389836298747,-8.570600152177596,17.70537653250906
82.34,-7.365837219571986,-9.340106496028067,17.800902094222597
82.35000000000001,-8.076520703393125,-10.148515075984578,18.01661830008327
82.36,-8.82158302108817,-10.98277010206996,18.36435593990027
82.37,-9.591791768602231,-11.8194590205272,18.856646925682334
82.38,-10.381182615925926,-12.633719715920185,19.50668960892626
82.39,-11.167161729938575,-13.380518663311637,20.3141766050151
82.4,-11.925159586208444,-14.009888973508378,21.27954483408421
82.41,-12.619919387872807,-14.46257816272479,22.38195757109427
82.42,-13.204107668515896,-14.672143624292243,23.58141274541029
82.43,-13.631531306010103,-14.57785123750834,24.831456605722693
82.44,-13.850687490786568,-14.138599915410234,26.05048688653063
82.45,-13.81188852877464,-13.319788737551042,27.163512899135213
82.46000000000001,-13.490619348445902,-12.151144930370686,28.083508011932096
82.47,-12.86415478899431,-10.66506450926131,28.738572477535573
82.48,-11.94801487456803,-8.943847324797769,29.091832947665075
82.49,-10.765314481231918,-7.071347226693375,29.127743778897223
82.5,-9.37231672717015,-5.147484481620421,28.874262953084454
82.51,-7.82479138225052,-3.2514357785174197,28.376392564332225
82.52,-6.189534160999941,-1.4487516838012382,27.700896281638126
82.53,-4.524583317808124,0.22218227936201662,26.915385886581962
82.54,-2.882553977569905,1.7398578699340888,26.08578740594182
82.55,-1.3011575691523416,3.103384917696535,25.26679800132415
82.56,0.1919969608052372,4.319715053836543,24.502104831765084
82.57000000000001,1.5834256099094763,5.405283302325461,23.822459378940263
82.58,2.8662328795425536,6.375561208828464,23.24949116806663
82.59,4.041479249863175,7.246394393835456,22.795838628546395
82.60000000000001,5.115921664781695,8.031483843487404,22.46742524195885
82.61,6.0921801514561515,8.73479114521079,22.265661568121775
82.62,6.973582756168392,9.359604762222315,22.191120481659254
82.63,7.770347720001485,9.906569820029443,22.23597793197026
82.64,8.478982760137827,10.365503173613044,22.39027112068167
82.65,9.09628585892666,10.725315880136588,22.643827462304493
82.66,9.62276678138617,10.974187204665858,22.978618063260882
82.67,10.047031747872186,11.09795378864459,23.37126320964093
82.68,10.35806979476776,11.080133801414553,23.798611116209837
82.69,10.548599789644454,10.910722265369424,24.233159193566504
82.7,10.610325255437232,10.592232545633903,24.64256369201215
82.71000000000001,10.534191015482937,10.125114395365207,24.99512649563235
82.72,10.317816850453042,9.51667525686002,25.26660424554514
82.73,9.969482841133583,8.793601757342673,25.437035359810356
82.74,9.494017262998335,7.9769594928780485,25.488505556017465
82.75,8.906939340513015,7.095099288329993,25.41805507246318
82.76,8.22855118067237,6.18103652136468,25.22671182090636
82.77,7.477694538087858,5.259366925007175,24.921958162613215
82.78,6.680336347087078,4.357104939130496,24.520399352138888
82.79,5.857834055542673,3.4933840130291416,24.037052402612215
82.8,5.030814605684217,2.680693350231707,23.491608810108637
82.81,4.218403586701722,1.9289699569777885,22.902230596108232
82.82000000000001,3.4331358500680036,1.239553430084783,22.28453420014191
82.83,2.6858979448595046,0.6117282009896913,21.653936162050716
82.84,1.9829958166128216,0.041197522993409175,21.02157909558307
82.85000000000001,1.3271663064952295,-0.47901476917289254,20.396958276895433
82.86,0.7180171803768614,-0.9573550393903274,19.787098616964805
82.87,0.15283691320857173,-1.403247258853503,19.197467713305077
82.88,-0.37348266378921946,-1.8268658657947894,18.632052843407884
82.89,-0.8673494411930687,-2.238574033403027,18.094002183392718
82.9,-1.3364867810207355,-2.6489199457520214,17.585939434596284
82.91,-1.7897468499683598,-3.0686857839563473,17.110187728859607
82.92,-2.2358287719604233,-3.5083698374620007,16.669763966506064
82.93,-2.6848808684404686,-3.978969343262597,16.267460565316103
82.94,-3.1466335760581527,-4.49141267423885,15.90808869450658
82.95,-3.631106330218556,-5.056718816852509,15.59672355964351
82.96000000000001,-4.149810365904059,-5.686363343267811,15.340651902875596
82.97,-4.712164864164416,-6.391067079048284,15.150496327160106
82.98,-5.330606589614367,-7.182397104386908,15.036465845272222
82.99,-6.01475080860747,-8.067935982210127,15.016788058775704
83.0,-6.773683188969505,-9.055047084517769,15.111598485043165
83.01,-7.620086719132015,-10.150082704044447,15.343498362556803
83.02,-8.553834474417325,-11.338487416980833,15.744606676008605
83.03,-9.573020977073066,-12.60299396289029,16.34851794237062
83.04,-10.675804836690165,-13.915977889614203,17.191229825551638
83.05,-11.837699666578848,-15.213008810281739,18.30122332109052
83.06,-13.029724743192833,-16.41658497789863,19.706734199489564
83.07000000000001,-14.193178929309608,-17.4088746332322,21.40089226140904
83.08,-15.257748848207232,-18.054252262845914,23.360512134021754
83.09,-16.12173945804139,-18.20429773537126,25.48880313274163
83.10000000000001,-16.678265852581116,-17.723840380287886,27.6625507202746
83.11,-16.814862213873706,-16.532756875453728,29.690291440304534
83.12,-16.4458061490583,-14.630935562181303,31.388312595271348
83.13,-15.52519348310754,-12.122883674122951,32.57857128291942
83.14,-14.065150496810237,-9.183783270872775,33.17735953108519
83.15,-12.127349822938914,-6.026757730944711,33.18205377768414
83.16,-9.827973719510002,-2.8708783233491806,32.68518365520076
83.17,-7.2997072088144055,0.1206523351941291,31.838622819772805
83.18,-4.675891509243073,2.8404026324869536,30.814218590467487
83.19,-2.0741527229437033,5.236461930468421,29.77424493172538
83.2,0.41376598556764455,7.295364043764888,28.848747712524858
83.21000000000001,2.723606495815177,9.025831636638394,28.128818180748045
83.22,4.812748323121716,10.43705091092879,27.665460574629048
83.23,6.652326167583704,11.530394786764415,27.475369920282784
83.24,8.221999602726715,12.298854719284737,27.544806543875723
83.25,9.504099664779314,12.7212593650202,27.834790413078757
83.26,10.476462599774226,12.78700991514474,28.274839988818126
83.27,11.116487118484056,12.476471740016496,28.789787841710563
83.28,11.41609011326,11.79517054619712,29.294606081259015
83.29,11.377278544406389,10.78831991750855,29.703828316336175
83.3,11.00306569563104,9.494915059444963,29.946301994482535
83.31,10.325056643108203,7.99172725915318,29.982588912813437
83.32000000000001,9.378323640890125,6.354716354228787,29.792256314435537
83.33,8.221228954383115,4.670235869583946,29.390464434234268
83.34,6.909734080583249,3.00643006043364,28.807690289430447
83.35000000000001,5.506773441856968,1.4206622247549903,28.092245671755318
83.36,4.066616923854266,-0.05270512611466471,27.29485989716498
83.37,2.637970680174883,-1.3929364438541836,26.465467643320647
83.38,1.256610998269984,-2.5969533806630505,25.646491206016734
83.39,-0.05108080349630706,-3.6688832745623507,24.871631953024554
83.4,-1.2709001895358685,-4.621926110573639,24.165120148002185
83.41,-2.3950911203533076,-5.4692793370990715,23.543561698538365
83.42,-3.4236226103507157,-6.226299051279702,23.01668306641677
83.43,-4.361071531625803,-6.906362230036828,22.588687746874125
83.44,-5.211547872274465,-7.518013572156291,22.261093635208336
83.45,-5.983009333521359,-8.071051267434742,22.0333894797513
83.46000000000001,-6.686864132738544,-8.57153759940515,21.899434965944135
83.47,-7.321866554067743,-9.015770950759578,21.855666397166946
83.48,-7.8863444926144775,-9.399766729433194,21.898669689610458
83.49,-8.38854019809255,-9.722258556536685,22.019489775122587
83.5,-8.828925488007291,-9.976703469970978,22.204928058566214
83.51,-9.200280577573064,-10.153341785424308,22.443061007683372
83.52,-9.498521101788286,-10.242236860865574,22.721410944023518
83.53,-9.721455978270766,-10.236927528873167,23.022767026416346
83.54,-9.861760008079084,-10.133808217434472,23.327675353729763
83.55,-9.911755324803215,-9.927652728542954,23.616802706501982
83.56,-9.867073606303155,-9.615518620749189,23.872506712266862
83.57000000000001,-9.729573796758357,-9.209450782452281,24.078321854595163
83.58,-9.501244974565754,-8.722236545882339,24.217799293319057
83.59,-9.182583280629816,-8.162057352603789,24.278095177403262
83.60000000000001,-8.783967811242642,-7.547527248339606,24.255467236144668
83.61,-8.31742765785692,-6.899631241886865,24.146940276700192
83.62,-7.792693051418717,-6.233420024173691,23.952288475003133
83.63,-7.226563620929555,-5.567878920786615,23.67988669190059
83.64,-6.6347284647304265,-4.920291570324795,23.337332210469235
83.65,-6.030141830049835,-4.301130631324622,22.93366044875863
83.66,-5.427513975071375,-3.7207426693538093,22.48160049504666
83.67,-4.839203068335097,-3.1865305919303752,21.99119516112127
83.68,-4.273955997028594,-2.700808630235051,21.47239498121794
83.69,-3.7401877972529363,-2.265319091336164,20.93556737561434
83.7,-3.243681292016682,-1.879585162536927,20.388130562826255
83.71000000000001,-2.7867280182152854,-1.5406303096387668,19.835894999251153
83.72,-2.3713719541797627,-1.2453290070623715,19.284689800504484
83.73,-1.9977323768543687,-0.9895942679372853,18.7388927769836
83.74,-1.6642621137116738,-0.7690440275580199,18.20090165391542
83.75,-1.3693861046929696,-0.5794466787637047,17.673025327700397
83.76,-1.1095943818203866,-0.41593448849300757,17.156809016240878
83.77,-0.8819786453491373,-0.27449598815054294,16.653124525857248
83.78,-0.6826718234666975,-0.1508625758742418,16.162598463895723
83.79,-0.5081335943201591,-0.04132365861087706,15.685489326306627
83.8,-0.3545406823181562,0.057753026349449225,15.221885952087927
83.81,-0.21823730266731,0.1497097637630275,14.771727497243974
83.82000000000001,-0.09569840045368061,0.23769474113149458,14.334865553125786
83.83,0.016378349830229302,0.3246949046534534,13.911104740333196
83.84,0.12128094106414308,0.41368716805198436,13.500227696977428
83.85000000000001,0.2221823675334028,0.5076597413205047,13.102021804686762
83.86,0.32225061508708214,0.6097084502847244,12.716295612117515
83.87,0.4245740855444784,0.7231569852421298,12.342921425215895
83.88,0.5324695240267754,0.8516346583748896,11.981829599642108
83.89,0.6492702338865606,0.9992653772580454,11.63308037661016
83.9,0.7787856306140157,1.1707210157281032,11.296866318005486
83.91,0.9250829159416426,1.3715810418557377,10.973617646318235
83.92,1.092854343940472,1.6081324102463186,10.664028224969535
83.93,1.2875591598038845,1.8883382776010915,10.369277236631788
83.94,1.515302251949761,2.22086265579901,10.091018690722063
83.95,1.7837756183347544,2.6172379458926334,9.831957194449883
83.96000000000001,2.101274385082113,3.0895849036669003,9.595641126202324
83.97,2.478753818139656,3.65439634218852,9.38787818774323
83.98,2.927752704219054,4.328572368894174,9.216030674620542
83.99,3.463669219360925,5.134855192964107,9.092190319117803
84.0,4.102466651572682,6.095918922746151,9.031399186880758
84.01,4.864868934627437,7.2405371500137,9.058280638128688
84.02,5.771984658945395,8.595930740353918,9.202987617512948
84.03,6.848581927004242,10.190327018366528,9.513852611676741
84.04,8.119189221015443,12.046318435724231,10.049212776780228
84.05,9.6036971766523,14.165957418710521,10.895502756019702
84.06,11.318534590757578,16.532507774857073,12.155498159808865
84.07000000000001,13.251326928839296,19.056675956645122,13.952682298254643
84.08,15.368228778256144,21.587499128395336,16.415983719278074
84.09,17.572290607141603,23.844907796135644,19.6365016985848
84.10000000000001,19.69755179075858,25.429869361968542,23.610267860387836
84.11,21.494712967316392,25.85213559005536,28.16643155694107
84.12,22.634831767062238,24.633194978656796,32.88571645455378
84.13,22.778128496875357,21.518508004109314,37.1375184857266
84.14,21.676036462292785,16.647248387446055,40.27171374311468
84.15,19.252342058622077,10.551263732246712,41.856676287516486
84.16,15.655063950149426,3.991777728574911,41.88945662135829
84.17,11.2094249534568,-2.3188403609762855,40.77583496677394
84.18,6.319850835758175,-7.902311190151702,39.143858025862755
84.19,1.3731369121441297,-12.528618277356916,37.61977069760876
84.2,-3.318723828069622,-16.122216879048295,36.668545935593194
84.21000000000001,-7.518601411004424,-18.631021552516337,36.539432481813755
84.22,-11.037488018987036,-19.959019114008132,37.25617931010179
84.23,-13.707605044964065,-19.97968247886439,38.62407557932406
84.24,-15.368658730967235,-18.585900852809825,40.284189953754264
84.25,-15.918538135007317,-15.859374815518844,41.77887033365451
84.26,-15.318876536358959,-12.027643421367197,42.71291842678533
84.27,-13.64603992073308,-7.505381759339384,42.858172885104885
84.28,-11.08832714002379,-2.774421191728926,42.225456554170215
84.29,-7.91782681942124,1.735360801599086,41.03311658447648
84.3,-4.428266690237757,5.725019310672975,39.601254461276014
84.31,-0.8959506885320077,9.028574493232421,38.246891651675604
84.32000000000001,2.4511842211403967,11.574410066238814,37.206970126731264
84.33,5.43877675805873,13.332951608410823,36.60519116896229
84.34,7.937463514756352,14.28644269858747,36.44856187340056
84.35000000000001,9.849909486514303,14.42043703361772,36.64658733687753
84.36,11.110050356828163,13.754029519804046,37.03245974913679
84.37,11.683574776551001,12.347623423010516,37.41724615063424
84.38,11.57069670627701,10.322287514287776,37.61795098559412
84.39,10.821142550869778,7.85609218581267,37.51438795908353
84.4,9.52234221525856,5.150159472632502,37.06112973947527
84.41,7.798728385286266,2.407542264456083,36.290002040771476
84.42,5.792857313210124,-0.20656992405976649,35.293551851829356
84.43,3.6438112667508618,-2.5763300940598204,34.188521231600184
84.44,1.477903678270043,-4.633071654226298,33.090841552770826
84.45,-0.6027511908295775,-6.348005839197592,32.09327506353162
84.46000000000001,-2.5209365891630573,-7.714964588920126,31.257403690564328
84.47,-4.2225560106819175,-8.74011027082192,30.61175723768253
84.48,-5.6713816331574325,-9.432884951606887,30.15579102655518
84.49,-6.846945683412651,-9.806047713378172,29.862607598663907
84.5,-7.736617557898976,-9.874038337087867,29.69108982600001
84.51,-8.337493333751576,-9.65443720942639,29.590357540555726
84.52,-8.657106240347566,-9.18049128731603,29.507138684001692
84.53,-8.70418760992018,-8.480678568541714,29.39132955908118
84.54,-8.503641326023901,-7.603469298733231,29.20596072743976
84.55,-8.079323005056809,-6.59291820962536,28.921612245592843
84.56,-7.47030188512985,-5.502914040475764,28.53064486796202
84.57000000000001,-6.712501509617977,-4.379364701485379,28.031597275150087
84.58,-5.848105708593942,-3.2637388289568046,27.439650198307294
84.59,-4.9152495495323745,-2.1885381320855215,26.772690709783735
84.60000000000001,-3.9502172992399003,-1.17602809958332,26.05511659175217
84.61,-2.98302474451262,-0.23987502954564555,25.309285714751862
84.62,-2.037762776749505,0.6154432643120765,24.557200073797155
84.63,-1.1319183720884902,1.3907411125924989,23.816310065470084
84.64,-0.2756315699862397,2.093404896350725,23.100888555991826
84.65,0.5248566889218864,2.7319895817885977,22.4217829661182
84.66,1.2694151870585693,3.3180245020147145,21.786341161045073
84.67,1.960890191198019,3.863718451230567,21.199894841764966
84.68,2.6047889564560602,4.38049962593097,20.666149395953802
84.69,3.208158920747005,4.88020236955337,20.188024657845567
84.7,3.7807907940192784,5.374097399483241,19.767249928698803
84.71000000000001,4.329562215393367,5.870464449914624,19.407515033679346
84.72,4.865867768235645,6.379758593071354,19.11032166864023
84.73,5.398226906975441,6.9081946546082325,18.879644529303544
84.74,5.931111809746901,7.4588927586786005,18.721857319567775
84.75,6.477024066971877,8.04033895585699,18.64063530988231
84.76,7.042569099794495,8.652457236491987,18.64192054990772
84.77,7.624370899927649,9.286314230190857,18.735144515556318
84.78,8.219053459086727,9.932976566563585,18.92973868274087
84.79,8.829448421363887,10.585755361121791,19.233562437582822
84.8,9.45172296751837,11.226652639591356,19.649250077947755
84.81,10.072325295504102,11.829573688577952,20.178983634496795
84.82000000000001,10.680936207869088,12.367882241074556,20.826140023798747
84.83,11.252832543783107,12.803191228525868,21.5757676571633
84.84,11.760894582112856,13.094105162442562,22.411504182199607
84.85000000000001,12.177912549130673,13.20147531527123,23.30962275621585
84.86,12.469353660078173,13.091997460834218,24.223113697423642
84.87,12.600352845453473,12.72983615132098,25.110371647539132
84.88,12.547351424582216,12.11397280817824,25.916261307705074
84.89,12.287109676981716,11.249028566090038,26.583171302285383
84.9,11.810460932025114,10.158557564485355,27.072403104623337
84.91,11.126958449538972,8.895576431548392,27.35102418869435
84.92,10.249620421029597,7.507745420941625,27.406688788871982
84.93,9.213126848649738,6.060519025852091,27.247523918840265
84.94,8.051846340474517,4.605358564387338,26.89479983831674
84.95,6.811475689367579,3.192781326320218,26.38557537138997
84.96000000000001,5.530909330192593,1.8545045531837436,25.758771422974707
84.97,4.24922406753257,0.6131019295204343,25.057602588766766
84.98,2.9953012496466513,-0.5239845883227598,24.318897228560868
84.99,1.793097146263186,-1.5569104703293473,23.576992159692512
85.0,0.6558564717662252,-2.4941038166953993,22.856664351592237
85.01,-0.40967963690872156,-3.3489290305938177,22.178564870635423
85.02,-1.402092029770232,-4.13551737008471,21.55739167401635
85.03,-2.3253133370615062,-4.869253523697425,21.003686479463017
85.04,-3.1873719234610434,-5.565910893001963,20.524795318827955
85.05,-3.996402223567804,-6.237381169663129,20.127040120026038
85.06,-4.762894868683764,-6.896112718788115,19.815449265594104
85.07000000000001,-5.4990326925968525,-7.551317996752434,19.593436238511607
85.08,-6.209475438536378,-8.205322111468302,19.46795625125761
85.09,-6.904788502141057,-8.86344149159651,19.443887392527266
85.10000000000001,-7.592687459724239,-9.5234726891185,19.524513016794725
85.11,-8.268697579074166,-10.173024828002779,19.715773214737794
85.12,-8.931679161009209,-10.80111123185252,20.023285380825456
85.13,-9.581150971758458,-11.391629971003404,20.446401642254383
85.14,-10.201389855570746,-11.916339081088674,20.97955879483374
85.15,-10.780280509353467,-12.346879845851534,21.619635495008172
85.16,-11.29712000428471,-12.650200610590861,22.34711669390456
85.17,-11.7237262546563,-12.790218822577962,23.133594743413873
85.18,-12.034629168912797,-12.731656845753674,23.952412395397154
85.19,-12.203574045419547,-12.456979410952862,24.755947391574956
85.2,-12.20085617902015,-11.945351003869746,25.49613658255371
85.21000000000001,-12.009079796415316,-11.199641726911215,26.130535731914915
85.22,-11.625377440332933,-10.25305122260996,26.61279584195805
85.23,-11.044237906971748,-9.130736512156846,26.909304118790544
85.24,-10.28470442632757,-7.883703636602319,27.009790618519993
85.25,-9.367157591945931,-6.561958600520779,26.909495452306462
85.26,-8.3265199899334,-5.21651670733286,26.627456452710362
85.27,-7.199584437027401,-3.894427728730438,26.18818024952233
85.28,-6.023088675576846,-2.627611794104307,25.62628723752619
85.29,-4.833256004736828,-1.4419577576737728,24.977822372427095
85.3,-3.6583044095381836,-0.3474323542047582,24.277097425621417
85.31,-2.5232923504013476,0.6510915370214778,23.555956213226295
85.32000000000001,-1.4419835803490826,1.5599650578786433,22.83854674140648
85.33,-0.4245463773166328,2.388445285941435,22.146392944806312
85.34,0.5264895039777331,3.1492200706411406,21.493927755055818
85.35000000000001,1.412911497998242,3.8570600033047424,20.89285507946604
85.36,2.2408121850507303,4.526616623655846,20.351113902445952
85.37,3.017513585099504,5.171633683972593,19.87567200084407
85.38,3.754597289225677,5.806490394301095,19.47097217602146
85.39,4.460947079878781,6.441079080714791,19.143081282560868
85.4,5.1480378896479575,7.086301279270481,18.896900809518225
85.41,5.827735701099413,7.749579649865123,18.737460571338325
85.42,6.5038592097482715,8.431434365087963,18.67400257980301
85.43,7.184829809210136,9.134810369060084,18.71444415396775
85.44,7.877843346589566,9.856041734126391,18.86539178390183
85.45,8.577776001150259,10.580327660435247,19.13578811074128
85.46000000000001,9.283413654726926,11.294350561046326,19.53483044040756
85.47,9.988202695511227,11.974291613843445,20.065060796567415
85.48,10.673453151854838,12.585356921050055,20.72435956729841
85.49,11.323871489313689,13.091545914958047,21.51160355037748
85.5,11.908456150887249,13.447331195064722,22.401248864229782
85.51,12.393151168650968,13.603811997298743,23.365404817948335
85.52,12.744652583372465,13.520006454677684,24.365219892465298
85.53,12.924820280619139,13.166396405174176,25.339199023619052
85.54,12.897028675407807,12.5160787518239,26.233100876227873
85.55,12.644910647063952,11.591521720375807,26.983298883608285
85.56,12.151420916662133,10.415136550628368,27.5324994799421
85.57000000000001,11.424803199710793,9.039154204793258,27.852107317231017
85.58,10.482742067441375,7.527628175527985,27.92245076026255
85.59,9.361024401295051,5.947633127784663,27.756342422905476
85.60000000000001,8.103919929461462,4.367003495578292,27.379208877423178
85.61,6.758168818484612,2.834846598731489,26.833670380652396
85.62,5.371504158573043,1.3914797089841704,26.16701159992488
85.63,3.9847949466146346,0.05691511484221923,25.427635656670756
85.64,2.6327507536606074,-1.1587443379074223,24.659173952029803
85.65,1.3386096389332098,-2.2596910848755543,23.898044267615557
85.66,0.1189924402460234,-3.254345923181611,23.173492330360865
85.67,-1.0203729977096865,-4.157933886705141,22.506150686165398
85.68,-2.078134569895928,-4.986112807875041,21.91194090350093
85.69,-3.0585795296771345,-5.75380982537163,21.400976027190545
85.7,-3.9698517259306394,-6.476772696212469,20.980594959822223
85.71000000000001,-4.821110694049175,-7.16568868132405,20.65528827567279
85.72,-5.618735264411684,-7.827765510604345,20.430585801532775
85.73,-6.378713383592272,-8.473701411426775,20.307125337504168
85.74,-7.104303206241118,-9.100220604216025,20.287289020855262
85.75,-7.7930866690130856,-9.69965648683467,20.37516913371925
85.76,-8.44751680652476,-10.266165102398954,20.57306866288664
85.77,-9.071734346921033,-10.789340620583708,20.875511582720247
85.78,-9.654355066333903,-11.248204711735566,21.276158243112096
85.79,-10.18800810228059,-11.622149138065486,21.769717690131905
85.8,-10.659171063120784,-11.887431329142903,22.33897045199788
85.81,-11.04683762645732,-12.017831641549256,22.960113389830767
85.82000000000001,-11.332720353971862,-11.986154942856793,23.611698244388137
85.83,-11.498448214091306,-11.779789050488308,24.25756144269733
85.84,-11.523454167942521,-11.387137824027421,24.858070736330006
85.85000000000001,-11.389863414560443,-10.799594022578214,25.380369005059666
85.86,-11.09793168557615,-10.043414644510621,25.79120135365049
85.87,-10.647656778184608,-9.144892725424326,26.058551209260976
85.88,-10.04376053175562,-8.129172994809094,26.168848153463248
85.89,-9.30837171331637,-7.040919064235302,26.119221700392348
85.9,-8.460504623101771,-5.9154633296146315,25.912623283383002
85.91,-7.531777553716336,-4.791756604528673,25.56836905771316
85.92,-6.550350932806231,-3.7008454074633628,25.106245822792825
85.93,-5.54471329838929,-2.663871262457896,24.55338561571878
85.94,-4.541617644952796,-1.6975697511712837,23.936003306848736
85.95,-3.56054412221756,-0.8067033854282584,23.278241248157293
85.96000000000001,-2.618717044553415,0.007154702180514727,22.602911659330886
85.97,-1.7257020705541286,0.7493999955315638,21.927033161182585
85.98,-0.8874110965020399,1.4282845353425053,21.265510223188436
85.99,-0.10448829186974842,2.0547324938821587,20.628927174751887
86.0,0.625799926300125,2.641161161525125,20.025708171323775
86.01,1.3091518144826668,3.2002744483424057,19.46201133240673
86.02,1.9534448025038937,3.7453632104189967,18.942819540399874
86.03,2.568082028894082,4.289060952742142,18.47254985960422
86.04,3.163266761107201,4.843833376431962,18.05536771557305
86.05,3.7505061743704093,5.421512671061433,17.69600179386928
86.06,4.33909156380445,6.032151460901145,17.401019607717835
86.07000000000001,4.9424412022748045,6.686984459755063,17.175935207769275
86.08,5.568521615529029,7.392139883824259,17.03164342536443
86.09,6.226368215647175,8.154626683923157,16.979154318107472
86.10000000000001,6.928995506374459,8.980639958350432,17.029790359305874
86.11,7.676227852158955,9.861554505719734,17.20176449558207
86.12,8.466813114645845,10.78768323691994,17.51386458849091
86.13,9.304831517695424,11.74866083935395,17.984685807677142
86.14,10.17948191785576,12.711577288893714,18.62878882732539
86.15,11.075279587409751,13.637090458623078,19.461672096762342
86.16,11.967864673712759,14.470045934335884,20.48788312053355
86.17,12.817655709927577,15.138072970462044,21.697368307656426
86.18,13.579355730256651,15.562706721929935,23.065650855881767
86.19,14.189683176914174,15.65983393202301,24.529528931592175
86.2,14.586231974433657,15.353737819063658,26.019146042643598
86.21000000000001,14.705264535317761,14.6040133534853,27.422797159543084
86.22,14.489413633939199,13.38901300044497,28.639194727509974
86.23,13.918592659308572,11.7724214463676,29.56335030524691
86.24,12.981435309613586,9.823408038132337,30.125175933524776
86.25,11.712001802447686,7.6640322142946005,30.301141035018198
86.26,10.161695582036545,5.4108452043693545,30.111433177488173
86.27,8.40699022423972,3.181497368450146,29.615066232845997
86.28,6.528239986965784,1.0596507227788385,28.89724023237842
86.29,4.602741756074439,-0.8977038289872894,28.048980398451555
86.3,2.6983963222109417,-2.6628288672256915,27.158470351378124
86.31,0.865749552970666,-4.231606286315451,26.297995112218928
86.32000000000001,-0.858629292795555,-5.611384465849903,25.52377632822818
86.33,-2.454711849103426,-6.819220005154512,24.873886392412665
86.34,-3.9113409408642923,-7.86940265448123,24.371792622610744
86.35000000000001,-5.22737789289171,-8.776357567375657,24.029616945884843
86.36,-6.403338428675878,-9.544542732970967,23.84594506457518
86.37,-7.435354467347047,-10.172347408464882,23.81373171257477
86.38,-8.325514571637461,-10.656807774330986,23.922029785145646
86.39,-9.074873865475803,-10.988324934666714,24.14554442731572
86.4,-9.673052885969287,-11.155261849520182,24.456377797801107
86.41,-10.113313901471322,-11.142928974657515,24.82414785822728
86.42,-10.392067752259594,-10.947120322823954,25.210801643143668
86.43,-10.502802322204822,-10.5733156632787,25.577124571070097
86.44,-10.439054381957495,-10.023067397247798,25.88491615587138
86.45,-10.206622891724098,-9.316861561627675,26.105368481305685
86.46000000000001,-9.815435841325366,-8.48515371078453,26.212961719759747
86.47,-9.275922106318875,-7.554248209912306,26.19166820442386
86.48,-8.612735952974218,-6.56416428892902,26.040109788517757
86.49,-7.847128119812743,-5.547464601643239,25.759803895447877
86.5,-7.0083605181114645,-4.536102169326491,25.366929939709433
86.51,-6.124087939835537,-3.5577315295304754,24.87822883458119
86.52,-5.219174412896521,-2.629192833193452,24.315091287215733
86.53,-4.318118510742094,-1.7646797432651635,23.699719372129085
86.54,-3.43805430273965,-0.9682728537408378,23.05108875983921
86.55,-2.5935043279651375,-0.24035997802085424,22.388026202087755
86.56,-1.7935924409493305,0.4230765934825864,21.724592019196006
86.57000000000001,-1.042995210805648,1.029607865141454,21.07274828585428
86.58,-0.34249207020708305,1.5886622942689632,20.441328213514858
86.59,0.31031257249231625,2.111160291395244,19.837253900535273
86.60000000000001,0.9206550076681659,2.6086058745440672,19.265510958348894
86.61,1.4952207620657898,3.0927424694990644,18.730265106259107
86.62,2.0428291397910048,3.5755276296614262,18.2349035757626
86.63,2.5725326556637254,4.068500384240181,17.78283590022059
86.64,3.0951033941802777,4.583386676929888,17.377693401739105
86.65,3.619658247794667,5.130684257969363,17.024613769751433
86.66,4.158525515702536,5.721922644327966,16.728244779061523
86.67,4.720668606190169,6.366081549442786,16.49756537725184
86.68,5.316553617057,7.07298114760207,16.34111711351297
86.69,5.957682802479222,7.85037386466388,16.270264805490076
86.7,6.649324871470522,8.70021353704878,16.302234484792933
86.71000000000001,7.399592834111064,9.62625447360362,16.454161488328495
86.72,8.21503117141393,10.623456727464479,16.746105713890703
86.73,9.090582209291927,11.672334419863933,17.20151630558407
86.74,10.024078917304198,12.753246824330999,17.845706657511258
86.75,11.000526551499068,13.822468070900204,18.697695185371177
86.76,11.994339606305475,14.821557129952883,19.77259952580666
86.77,12.969994973969058,15.674835314707252,21.071591091473817
86.78,13.872964823254327,16.285568064828613,22.572597765519035
86.79,14.63935583138139,16.55325261950983,24.22721252238043
86.8,15.18836347062791,16.37673470442144,25.944748867034193
86.81,15.443779995833935,15.686137652216479,27.61539647684885
86.82000000000001,15.329358827763986,14.4489910177015,29.09591289019649
86.83,14.800990549246,12.70082790968853,30.26675019043786
86.84,13.848778320211913,10.547549426334733,31.01944659399897
86.85000000000001,12.49562017052538,8.116032543386712,31.319128249021336
86.86,10.799373406819852,5.558710455069334,31.179135889161962
86.87,8.851900367713021,3.02111729616154,30.674908341965878
86.88,6.74819056730329,0.6104232963394516,29.909557811263195
86.89,4.58466720119352,-1.600593600022639,29.000122463457064
86.9,2.4437693871450104,-3.5785730358129335,28.05670089090299
86.91,0.3883077515862783,-5.317076860451845,27.168979901945985
86.92,-1.536563264398496,-6.823710551837703,26.404467887979024
86.93,-3.3045405581355567,-8.114970083088949,25.806378551423393
86.94,-4.899858202251182,-9.202423251016944,25.397322404136588
86.95,-6.317460365206989,-10.094752170801376,25.185767662393143
86.96000000000001,-7.550996722765802,-10.788360119324182,25.15831597513989
86.97,-8.590580226731419,-11.276573411697322,25.29433652313383
86.98,-9.433718256328333,-11.545799091354574,25.56601917859876
86.99,-10.073744129548043,-11.586755157439534,25.9273964749767
87.0,-10.498373625140383,-11.395416910541988,26.329697785981043
87.01,-10.698583209195462,-10.963535280774312,26.72194953755413
87.02,-10.677690941369939,-10.310648813782219,27.05643299786243
87.03,-10.440283775240726,-9.465781468212121,27.287832071495842
87.04,-9.994851795164323,-8.457905876680512,27.38395530691874
87.05,-9.366779353520146,-7.337499928377677,27.32893982299538
87.06,-8.579471181502024,-6.147223711738459,27.115742481723448
87.07000000000001,-7.67090306527536,-4.936105297461013,26.75810999793763
87.08,-6.674941605020895,-3.743081622827163,26.272862262729717
87.09,-5.628430094228057,-2.5985304381987437,25.688484586837983
87.10000000000001,-4.564131153561141,-1.5246918899299013,25.032508790943353
87.11,-3.509397847309949,-0.5317099925735913,24.33376609137497
87.12,-2.4871239473270625,0.3755440064488227,23.617455816565307
87.13,-1.510772208091859,1.2021190615329367,22.904198383275258
87.14,-0.5907432850611025,1.955017557901934,22.211730006368118
87.15,0.2703327244582745,2.645612865633348,21.55215100256042
87.16,1.0731202058286602,3.2867565146697615,20.935404584091557
87.17,1.8225170105160795,3.8915685443219825,20.368180056123624
87.18,2.525328360176446,4.4735341006712455,19.856070898293037
87.19,3.1913655472213227,5.045683538413844,19.4030509842795
87.2,3.828958947259015,5.618880204275481,19.014116886413632
87.21000000000001,4.450841036752233,6.2053647133553556,18.69228938597216
87.22,5.065347648543398,6.812392396387864,18.443990102409735
87.23,5.6811713833178485,7.447300218325025,18.27582317138554
87.24,6.311927537274315,8.117989015182207,18.192907780146392
87.25,6.9594470174322725,8.821041121195158,18.20626165752727
87.26,7.624446003919236,9.552115443186604,18.327497015604443
87.27,8.31448867336635,10.308762968406807,18.56648039528945
87.28,9.025747230314904,11.073400512892878,18.931729089380838
87.29,9.749795353530239,11.823962476484391,19.43303117828631
87.3,10.479519466082387,12.53433046121135,20.078413758239453
87.31,11.189349233634607,13.160025865640334,20.860250409856786
87.32000000000001,11.854158506440696,13.654417703249955,21.772778969393134
87.33,12.44274936740282,13.967287857879725,22.792785577255422
87.34,12.911991402908138,14.04508007646738,23.875302956768945
87.35000000000001,13.22095164513349,13.837701828061585,24.976474811080138
87.36,13.330452615556759,13.323923211440315,26.023340078067317
87.37,13.197572932335587,12.478633396193358,26.9480025598528
87.38,12.80923217767737,11.33611892302087,27.687257286575
87.39,12.15931486727724,9.945178243586755,28.18095746845684
87.4,11.258523471913197,8.364489375612674,28.406830010286363
87.41,10.138854805407076,6.67561845517853,28.35995846779839
87.42,8.844303235009404,4.951785876942954,28.06582029762568
87.43,7.428348777238225,3.263239206759211,27.565374387761544
87.44,5.944360612909698,1.6573784652964725,26.913203815217567
87.45,4.442693009970526,0.1679614693167304,26.165034296687924
87.46000000000001,2.9650507185520043,-1.1914738888370697,25.37433290351003
87.47,1.5433398550516566,-2.4187776454697762,24.58562853159642
87.48,0.19828714053102225,-3.5234169940659683,23.835228970819713
87.49,-1.0582214568778627,-4.518263193705721,23.149408330534456
87.5,-2.223161833002429,-5.420524351475925,22.54702969101027
87.51,-3.2987836510813406,-6.245786769614389,22.04033309663156
87.52,-4.290035966456391,-7.007103770010624,21.63751881607978
87.53,-5.207987792468366,-7.71865492944368,21.34250994660596
87.54,-6.059147375315658,-8.384781549331134,21.157168885320772
87.55,-6.845900672703465,-9.006049667586904,21.084524872021337
87.56,-7.578806221407788,-9.584893910560636,21.122829201931594
87.57000000000001,-8.259261105792786,-10.113077752102743,21.26701395040759
87.58,-8.88240078201206,-10.578064804050308,21.513151025532927
87.59,-9.449591244579741,-10.96791877628286,21.853675839062248
87.60000000000001,-9.949985385793683,-11.26387376789378,22.27268829602854
87.61,-10.370087203239851,-11.445129378373448,22.753972105071508
87.62,-10.699879135615017,-11.492081367035265,23.27846069206578
87.63,-10.923826697195052,-11.392810505308185,23.814979941968254
87.64,-11.024864571392966,-11.133647818481151,24.332155829604822
87.65,-10.990001747580909,-10.70559147556578,24.80203526729467
87.66,-10.816914301929513,-10.125408783052936,25.19369017106978
87.67,-10.502631937304606,-9.409409991826946,25.47679415200982
87.68,-10.04803528223105,-8.574147000258053,25.634250265747337
87.69,-9.469610936500347,-7.655613204008484,25.657958635871655
87.7,-8.779958887123126,-6.682709272578196,25.54241338395254
87.71000000000001,-8.003300329094497,-5.68845970633426,25.298226901559232
87.72,-7.164884183964824,-4.704863857714921,24.938121345106815
87.73,-6.287512557591123,-3.7527534122088912,24.480061401414115
87.74,-5.396909022865131,-2.8520637852393964,23.946490624909554
87.75,-4.51275654050774,-2.0131584268410796,23.35682947557636
87.76,-3.652342693157375,-1.2409141822262435,22.73190280359801
87.77,-2.829467069998394,-0.5365800504013023,22.08875965166164
87.78,-2.0506981929798873,0.10534817954819564,21.440906517068246
87.79,-1.3212489730832595,0.6913573903951467,20.800940233821873
87.8,-0.6415663600368613,1.2304172654006307,20.177135773008324
87.81,-0.009383826272138518,1.7328623210084833,19.57635887976891
87.82000000000001,0.5804665384952021,2.209892034409651,19.003551364016793
87.83,1.1343602329784095,2.6727308112559434,18.462766261751387
87.84,1.6609169468558171,3.133157318045074,17.95721329976191
87.85000000000001,2.1690143731278355,3.6025512412173017,17.490062445594205
87.86,2.6690675065999914,4.0926023826507185,17.064652361315478
87.87,3.1704303527177786,4.614219431777399,16.68539993350288
87.88,3.68503329200725,5.179138145077842,16.35679896650706
87.89,4.2221510737924755,5.797578573606032,16.08686255317136
87.9,4.793568418920784,6.4807939817409395,15.882704159960655
87.91,5.409921484118861,7.237640779900148,15.75650390411833
87.92,6.079209346788871,8.07515334604762,15.723637129590253
87.93,6.814808941129387,9.002942279919015,15.798895399576143
87.94,7.620939615081001,10.01601627428752,16.00590852288367
87.95,8.497839928942401,11.10477771183945,16.37081409071321
87.96000000000001,9.449499549871776,12.258916027761469,16.92136369281629
87.97,10.465902529190165,13.441353284413648,17.68381466035514
87.98,11.529449801388502,14.60348351686104,18.68478859069207
87.99,12.610579454900497,15.673451550112151,19.939415135116075
88.0,13.660974274671801,16.55402913784268,21.445939189969163
88.01,14.618079973670289,17.13296357860965,23.17367205177043
88.02,15.396822703338637,17.28417362054843,25.048677537925474
88.03,15.909369477801315,16.90301729099406,26.964102138542
88.04,16.058846022519685,15.910803270215979,28.768298118673926
88.05,15.77663060911981,14.311422478639606,30.306771805033286
88.06,15.014517378181758,12.16826680186141,31.42874524876919
88.07000000000001,13.780828286119139,9.623195698322649,32.053621016627034
88.08,12.118377968071854,6.84484770490739,32.16110929630804
88.09,10.115264109050873,4.0154952832681,31.807061935571642
88.10000000000001,7.882265758854287,1.2841081532702525,31.104492005747627
88.11,5.532168816257714,-1.245357344664273,30.18901368219221
88.12,3.169594678152816,-3.5145909931518773,29.198086368609918
88.13,0.879265674783098,-5.503425816028228,28.25023254089827
88.14,-1.2795213213484944,-7.216875993269346,27.432354645760164
88.15,-3.2650697685755126,-8.666164962517897,26.804382717781507
88.16,-5.053329854494814,-9.863918591450403,26.39782265075044
88.17,-6.62872986919823,-10.812771413721794,26.217389143945635
88.18,-7.981179082523542,-11.509860796192012,26.252552606516904
88.19,-9.101688959290314,-11.94127605111149,26.470629872982837
88.2,-9.974226372350156,-12.096355974006604,26.822150522200662
88.21000000000001,-10.584526517839294,-11.955850725142009,27.253295857113805
88.22,-10.927184147987887,-11.521371805278214,27.698931800380887
88.23,-10.99908829657115,-10.81725265073689,28.092687462466653
88.24,-10.798023916481796,-9.862639452467151,28.374448452592283
88.25,-10.343749691786142,-8.708190962797763,28.505854297232656
88.26,-9.656437420834203,-7.40697526438288,28.456322062835344
88.27,-8.77469698649221,-6.021622002678162,28.22556737232549
88.28,-7.739833599257975,-4.612435132760707,27.823067963996674
88.29,-6.597787003240169,-3.227567399791673,27.277629111170025
88.3,-5.394113607292307,-1.9074636685085675,26.622897022247496
88.31,-4.16956494539543,-0.6755763577556325,25.897278883040165
88.32000000000001,-2.9592813474370314,0.4537987887221089,25.136330802402995
88.33,-1.7889136465240218,1.479693617166277,24.371690684784703
88.34,-0.6776278036391561,2.406019894426114,23.62901567444951
88.35000000000001,0.3659432871482994,3.2447208351775854,22.927135466737656
88.36,1.3368648410316344,4.008404328070106,22.28101498844012
88.37,2.237104063784111,4.711143360328896,21.699970157564668
88.38,3.072156710658208,5.367971836504173,21.190843541022595
88.39,3.849694138900165,5.990950391573071,20.75799444989088
88.4,4.577023155673058,6.590713264031067,20.405885529963424
88.41,5.267261784340598,7.178932795246229,20.13541487605125
88.42,5.926162196223759,7.759050170979558,19.950521420608737
88.43,6.558742578609222,8.333752479453745,19.855694306160103
88.44,7.178078806874559,8.908145574426872,19.851485108620498
88.45,7.783584427221288,9.47445518171424,19.94056258334416
88.46000000000001,8.371263597058157,10.022384029510832,20.126500409241068
88.47,8.94411163266594,10.544201506049648,20.411158200015596
88.48,9.496379881515034,11.022641525009352,20.789752861275268
88.49,10.014583305537354,11.435009314295522,21.256193727959406
88.5,10.48979160702198,11.759051391586603,21.805574733063978
88.51,10.903497925437968,11.969526914061573,22.417426863982072
88.52,11.233522895611376,12.039669019305084,23.0676318325456
88.53,11.460377915297531,11.943808976261481,23.73391548287478
88.54,11.565459048853914,11.672551040769253,24.378676723223492
88.55,11.527442293250322,11.214183280771623,24.963339497141884
88.56,11.331576262507697,10.567266517149537,25.45693072654334
88.57000000000001,10.980628466040642,9.762171576745903,25.8279704979717
88.58,10.475262314367015,8.825506232792266,26.047905399110547
88.59,9.82417750648293,7.785807990590888,26.108765940614806
88.60000000000001,9.050366701632957,6.687483435940911,26.0102065011759
88.61,8.174606048092949,5.564640287175523,25.759673466633465
88.62,7.229020815675921,4.454932909799874,25.37836273299019
88.63,6.240762941608416,3.385608360678888,24.887373915440985
88.64,5.237852960595307,2.375851126231894,24.314463725187018
88.65,4.244941669174153,1.4391282292172058,23.684862457962076
88.66,3.279852076204693,0.5781038860943178,23.022049653881165
88.67,2.357931326871898,-0.207355551039326,22.347286682830884
88.68,1.4868442368923205,-0.9240325978636073,21.676362826794424
88.69,0.6710206423966293,-1.5809208416042797,21.02293860399603
88.7,-0.09018694731653273,-2.189415994449061,20.396636221109627
88.71000000000001,-0.8006020306346665,-2.76216799100221,19.805060873120816
88.72,-1.4664976516478359,-3.311824029046561,19.25394831986196
88.73,-2.096422486716954,-3.8516721654065496,18.74788497476763
88.74,-2.699955943424645,-4.3941272443902255,18.291285183200863
88.75,-3.2876062144415323,-4.951561681755553,17.888278771940925
88.76,-3.8708853541356354,-5.535569041255537,17.543888342756652
88.77,-4.459073059520898,-6.156029897145472,17.26502022775797
88.78,-5.0656223034195165,-6.823999049593467,17.057589534298316
88.79,-5.698299198421129,-7.545159665873269,16.93317529112809
88.8,-6.365856112649169,-8.326078309692505,16.903587253412464
88.81,-7.081484142686458,-9.172836296199353,16.98089120889225
88.82000000000001,-7.844205104465814,-10.075020362420403,17.184030126096406
88.83,-8.651578338426889,-11.020773872312716,17.5325718115089
88.84,-9.506334920047408,-11.997796192865152,18.046104802536824
88.85000000000001,-10.396893257996032,-12.97064372315291,18.73893069455802
88.86,-11.305144239954961,-13.895567055187515,19.62553088683143
88.87,-12.204208542260059,-14.713384747080482,20.708786915732308
88.88,-13.051195878592805,-15.347237718237386,21.97475266534402
88.89,-13.797167844902276,-15.715178630400073,23.393354765160908
88.9,-14.375972311960023,-15.731918244857027,24.894888311136476
88.91,-14.723082041109695,-15.324386366329925,26.401755996769
88.92,-14.774278433097228,-14.45765801537678,27.796486290325944
88.93,-14.475187014295322,-13.121459367898296,28.975691624524682
88.94,-13.81138152728553,-11.392146983586748,29.836588772130284
88.95,-12.778748386177005,-9.349698864493183,30.317729785693313
88.96000000000001,-11.417900300031231,-7.12246214835372,30.405497807948528
88.97,-9.788483808678436,-4.830460187713096,30.13278342028852
88.98,-7.969908570430643,-2.58731665952999,29.567200841572134
88.99,-6.04576383095554,-0.4725534514867946,28.800632407521107
89.0,-4.092379136080695,1.4644603218055134,27.926276659591526
89.01,-2.1756802198996112,3.2013150853386954,27.031498983946364
89.02,-0.3434801473172615,4.738324110471314,26.18645173588847
89.03,1.3715053604462213,6.085580447385784,25.442957450063417
89.04,2.951018176844742,7.260323652041645,24.836339630429695
89.05,4.386129559895839,8.276147985142257,24.3858733564917
89.06,5.677532577484255,9.145937987584551,24.1007186098921
89.07000000000001,6.823656290096672,9.870416720371317,23.97522274753679
89.08,7.819552555877163,10.446576387093273,24.00023796228046
89.09,8.668449346567852,10.86890979639803,24.160617818462846
89.10000000000001,9.368072334610266,11.126789346467863,24.426817247542463
89.11,9.907260137797277,11.20926517208326,24.76762654238963
89.12,10.278828069632238,11.101275914586042,25.148742305161825
89.13,10.479771973797895,10.803818112413657,25.530225522318794
89.14,10.505930391023202,10.327797396727245,25.871997886764003
89.15,10.353146909521623,9.679984393399112,26.136202237900648
89.16,10.03098171266929,8.886465223706917,26.297600187594455
89.17,9.552101771219018,7.980789146968058,26.334201249586577
89.18,8.931440142395335,6.9931377252557,26.236054509747696
89.19,8.197875367187738,5.965687091524545,26.007617034307213
89.2,7.375206256631325,4.930649629905602,25.65534978675658
89.21000000000001,6.493180932364773,3.9168899167361744,25.198835374252507
89.22,5.579776851786898,2.948853459182411,24.6576291926138
89.23,4.658847509675497,2.0397853549263973,24.054131072353993
89.24,3.7531519523942034,1.2000433790984402,23.41055364551012
89.25,2.8774521222698954,0.43037277785830663,22.745051451713863
89.26,2.04371859087051,-0.27173466503763843,22.07509517115209
89.27,1.258622538363194,-0.912449931285712,21.413349197339958
89.28,0.5243632246090272,-1.5010605040485099,20.770250821142692
89.29,-0.16024676968842377,-2.048116414407897,20.1535519323839
89.3,-0.7992790624953867,-2.5651595207644533,19.569152755131054
89.31,-1.3995378182807094,-3.0643545147117686,19.021450888200654
89.32000000000001,-1.9684941548039845,-3.557375534367488,18.514408057821583
89.33,-2.516242105844759,-4.056592149064951,18.051173167572177
89.34,-3.05167430627805,-4.572962338895672,17.636069880884868
89.35000000000001,-3.586482020360368,-5.118427930111537,17.272584604597654
89.36,-4.130329054761763,-5.702992373500986,16.967253051622926
89.37,-4.693331693472832,-6.3367832383119485,16.726720198050565
89.38,-5.287645886259192,-7.029380029651495,16.55910483672204
89.39,-5.920044643526191,-7.785983249530854,16.477819718669274
89.4,-6.601348886549121,-8.614855723664597,16.495276547339998
89.41,-7.3408259676362295,-9.517127787188858,16.627632013906823
89.42,-8.136572457812612,-10.481037653883227,16.896663729589385
89.43,-8.98751108632075,-11.495180210920964,17.324451806081022
89.44,-9.894372674218852,-12.540797934677208,17.932852554820997
89.45,-10.839340085947091,-13.573837396513863,18.73836200065588
89.46000000000001,-11.804063723055368,-14.545148984541443,19.759465011524235
89.47,-12.749868166180656,-15.379306458744106,20.990868085925545
89.48,-13.631111513557894,-15.989126162042501,22.42195816715059
89.49,-14.383966613251939,-16.280168696690982,23.998077707875883
89.5,-14.93486894557584,-16.153045749524967,25.6466963808966
89.51,-15.212243072614893,-15.546385004041491,27.258023542769905
89.52,-15.14003920969795,-14.41358883573577,28.705955817627498
89.53,-14.680428863807245,-12.796680135313215,29.871200222965523
89.54,-13.810811365622829,-10.771317679372197,30.648043586426926
89.55,-12.554719447210166,-8.462899239902633,30.99657476397819
89.56,-10.959676160263767,-6.008888153809165,30.919864708732966
89.57000000000001,-9.110855628278822,-3.5523954651303535,30.480301753461795
89.58,-7.096950965254665,-1.1986555627825308,29.77070272128548
89.59,-5.009986369236884,0.9767053915384882,28.899204210007557
89.60000000000001,-2.9308803997484913,2.9360073983501493,27.971440582283535
89.61,-0.9225523870298785,4.6689679526506085,27.0758884491836
89.62,0.9692631042386028,6.181027663055927,26.28062184782316
89.63,2.7171913720222083,7.488522117084247,25.631813107038738
89.64,4.305124341374991,8.604758786959668,25.156076489850864
89.65,5.727484666801032,9.541151919761733,24.865897489801394
89.66,6.979214754276956,10.298057763448824,24.7544145695765
89.67,8.054959050365817,10.87303038382453,24.809948801159848
89.68,8.956310776254512,11.256411072299635,25.009079890314307
89.69,9.673673106494139,11.437578277974193,25.314540592041737
89.7,10.195299764647897,11.40483280132458,25.687695269253695
89.71000000000001,10.515826209176103,11.14602745663108,26.083426829499647
89.72,10.63334509802239,10.675198253888947,26.454593886263563
89.73,10.545221423774274,10.00804548715207,26.75454549486191
89.74,10.25479979091072,9.1626876746319,26.94685613206843
89.75,9.780535986278032,8.181525842651773,27.008107408279074
89.76,9.137737110049166,7.1007215906117045,26.92038418562564
89.77,8.357862119314708,5.966524015919857,26.68800534818347
89.78,7.471284098409756,4.8209244987404904,26.318734916749218
89.79,6.510899581886543,3.696486917935106,25.833610484635624
89.8,5.510577569292453,2.622734644747314,25.25690104690626
89.81,4.498251831715544,1.6153890759268688,24.614501492311167
89.82000000000001,3.5004511993206764,0.6859369038114802,23.932774639142075
89.83,2.534680915155163,-0.16484900263709967,23.233176389229158
89.84,1.614977043085423,-0.9401990194180465,22.535870931046496
89.85000000000001,0.7486342473368155,-1.6477445105780248,21.855240724735715
89.86,-0.061958557909750356,-2.298454607836357,21.20314520752828
89.87,-0.8181951807816259,-2.9043098909903766,20.58821983114079
89.88,-1.5247278995635227,-3.478042752008624,20.01697414177045
89.89,-2.1892722736388506,-4.033105638454329,19.4942013867052
89.9,-2.8199682614558603,-4.5814714790855495,19.024542581144512
89.91,-3.427612167265315,-5.135955559082189,18.61144076509344
89.92,-4.022279802911474,-5.70710719121519,18.259813566970532
89.93,-4.613285670077316,-6.304618820584879,17.975312784367723
89.94,-5.213688818020927,-6.9386668373301035,17.76284167773666
89.95,-5.829756477202842,-7.613389330840844,17.63245822132045
89.96000000000001,-6.470283230320019,-8.334912024866,17.593754820444598
89.97,-7.148208746077222,-9.10843778412166,17.65607902379722
89.98,-7.860625566854844,-9.922193785427412,17.83457614987368
89.99,-8.603396949965687,-10.763271344193438,18.14479834964697
90.0,-9.377158263313094,-11.619716978669738,18.601833797103914
90.01,-10.174721459944246,-12.463192277725794,19.21445463387641
90.02,-10.977291756211782,-13.253762971096393,19.989805248953623
90.03,-11.765032648057893,-13.94527725212926,20.931610079173634
90.04,-12.497947133068635,-14.474242354665147,22.016955640765214
90.05,-13.13642350674433,-14.773669116967172,23.22488998518834
90.06,-13.630757978916545,-14.783414002741473,24.498070649027746
90.07000000000001,-13.925164630254834,-14.442273641561615,25.76864401703713
90.08,-13.97374387877649,-13.724867058057077,26.955905958080244
90.09,-13.734407369888338,-12.630536317381644,27.964890601260592
90.10000000000001,-13.18633554898249,-11.193042132058011,28.726139254785828
90.11,-12.333900520995526,-9.490062390971811,29.180582950054006
90.12,-11.199732052149733,-7.606011285771178,29.311972311894117
90.13,-9.829196190286615,-5.641673327189821,29.131654845845198
90.14,-8.284342736857653,-3.6861358523265504,28.68776855335149
90.15,-6.629878224408473,-1.811955207064913,28.04201406752854
90.16,-4.931063164115645,-0.06716947777641002,27.268080016853187
90.17,-3.242207067806292,1.5236657926003159,26.434027316907205
90.18,-1.608583806408249,2.9526501927078312,25.601586470781946
90.19,-0.058998747093186255,4.227838435791228,24.8173638670243
90.2,1.3866665988884181,5.361851714377262,24.117770952508813
90.21000000000001,2.721274604754274,6.372009733883869,23.525704224238652
90.22,3.9436359711698072,7.274149871213288,23.056366359204574
90.23,5.056120977840703,8.07895213495112,22.716332852168534
90.24,6.067453629517979,8.798354142160978,22.508714673557588
90.25,6.9852052990356945,9.434499421691308,22.42832376871244
90.26,7.804473779153954,9.979527824526102,22.469578069951822
90.27,8.521376801874913,10.425724531358721,22.626506110782156
90.28,9.143839745544026,10.766045785432702,22.88321806892661
90.29,9.665212114108199,10.987496575593578,23.21703597259824
90.3,10.074037134731674,11.075363011628362,23.60575370870454
90.31,10.364103249711086,11.014412826830366,24.024688377380123
90.32000000000001,10.527838817820157,10.80258029169828,24.44227852666524
90.33,10.556147154098628,10.440015422170392,24.82602894497991
90.34,10.441394212037137,9.925077342515648,25.146879945466686
90.35000000000001,10.188448929141437,9.27851559617402,25.381977013005393
90.36,9.802871681503941,8.523716851968391,25.509247951019205
90.37,9.292040674935002,7.681589629034957,25.51668271686099
90.38,8.676447649187244,6.786561100156506,25.403290535070045
90.39,7.972759843911631,5.8659494242790355,25.169570867829922
90.4,7.205135866101952,4.946963937913495,24.829012202441753
90.41,6.397832590528349,4.055084196708817,24.396160351181162
90.42,5.571368271092235,3.20540087678485,23.8880454875099
90.43,4.747345527337277,2.4113042910532805,23.324685811627397
90.44,3.9418510630841035,1.6788356915547809,22.72238309212061
90.45,3.1672628386699153,1.008688338769315,22.09764712045002
90.46000000000001,2.433513508334541,0.3994546752385054,21.464201444372755
90.47,1.7449452281626525,-0.15480239971777876,20.832409316283417
90.48,1.1037682962685893,-0.6613209051038903,20.211293602161145
90.49,0.5084467350462083,-1.1290560081042929,19.607006397558905
90.5,-0.044371236767905886,-1.5677143689872366,19.02468748413794
90.51,-0.560292137633727,-1.987533290009124,18.46792810134968
90.52,-1.0463985066588113,-2.3991038897295147,17.9396365519582
90.53,-1.5105299253746662,-2.8129141659242602,17.442390021272644
90.54,-1.9619347503317748,-3.2398620840536925,16.97860287512584
90.55,-2.4092749189050764,-3.6903831592261374,16.551397830401342
90.56,-2.8632391318572714,-4.175713716022069,16.16392592707446
90.57000000000001,-3.3329546073994964,-4.706549374582665,15.821628104281434
90.58,-3.8296529905813426,-5.294312166982082,15.529468349766203
90.59,-4.3638209427242876,-5.950026028124546,15.296638570083529
90.60000000000001,-4.945464295467959,-6.684644093437594,15.133476644088732
90.61,-5.587043837142915,-7.508802212730922,15.052264722983095
90.62,-6.296950209925036,-8.42887924059889,15.072949566082206
90.63,-7.085957371457644,-9.453378340753673,15.215664467161005
90.64,-7.963437251184922,-10.581827761003835,15.506381558159442
90.65,-8.926783276380949,-11.796092728820463,15.978124485104432
90.66,-9.974597392693678,-13.077778371821978,16.665203794402913
90.67,-11.098620177279301,-14.386437006709615,17.601688688441605
90.68,-12.27075876681413,-15.651855133721815,18.814816770439883
90.69,-13.454151189822655,-16.78401851151717,20.323399232242743
90.7,-14.583850943069079,-17.656755585384378,22.11317431485107
90.71000000000001,-15.58005674902522,-18.1303169793024,24.137227106622746
90.72,-16.33657694355821,-18.055890567400027,26.287830350486473
90.73,-16.747043987592505,-17.32385089861649,28.41607725068089
90.74,-16.700183042998177,-15.865588682572294,30.330691368035794
90.75,-16.13327978682631,-13.738879537799516,31.847614394982052
90.76,-15.012217569166106,-11.06063376545342,32.81877945407607
90.77,-13.373658386168655,-8.034148041111473,33.18962094958705
90.78,-11.300101045795234,-4.873241699428273,32.997428244564254
90.79,-8.91247869106443,-1.7773947840371633,32.35562515957349
90.8,-6.347691592939908,1.1083489533298385,31.427838315761196
90.81,-3.7330881881726334,3.701027143552886,30.383790753506673
90.82000000000001,-1.1764720303684009,5.964954482745832,29.37435620079861
90.83,1.2415699865939904,7.896392311298101,28.514079652397754
90.84,3.4655397312262095,9.506153871084111,27.87955332046027
90.85000000000001,5.459507778831119,10.80229473585654,27.509292190885507
90.86,7.19858034762792,11.782493710155638,27.407433633049312
90.87,8.663642238907723,12.436698292785769,27.552215350691558
90.88,9.837753540073244,12.742052846662661,27.897113847330964
90.89,10.699635245425842,12.691107430473979,28.36691884193052
90.9,11.228703456322732,12.27118228691109,28.88305368669949
90.91,11.420265546713198,11.494559077270626,29.36227201384387
90.92,11.277244241454083,10.405172004081564,29.723401174169155
90.93,10.809649904846529,9.051117749323929,29.906061494843236
90.94,10.051124257138857,7.512960115630442,29.874556973569124
90.95,9.04247015624334,5.866724718945551,29.621047681395865
90.96000000000001,7.842121984008171,4.195946361649173,29.164225482429778
90.97,6.507479844966379,2.5628750425681,28.541395990237902
90.98,5.098624398149407,1.0191082504760507,27.800584589039246
90.99,3.6681230884105784,-0.40644627281053447,26.993095206014516
91.0,2.2600592355364033,-1.698458172776868,26.1656035135651
91.01,0.9077199611733833,-2.8562312388248925,25.358520042172085
91.02,-0.3672553392013653,-3.8870176430610917,24.601534557163276
91.03,-1.5523304197030532,-4.8043732650584925,23.91722355432487
91.04,-2.6426406791543724,-5.621919696892708,23.319415366864835
91.05,-3.639597808479805,-6.355188726908709,22.816757004137912
91.06,-4.548457990265628,-7.016193822062773,22.412195799078887
91.07000000000001,-5.373266828422693,-7.613163510352079,22.107442039377347
91.08,-6.124819110857935,-8.156620036614036,21.90056054686806
91.09,-6.811184032516826,-8.649542658373525,21.786138566983407
91.10000000000001,-7.430674566482733,-9.08790320822451,21.76129223210942
91.11,-7.982800069861705,-9.468093530243191,21.822683176809853
91.12,-8.477141309110083,-9.788743123376484,21.959850176680145
91.13,-8.910339361607473,-10.041304790592406,22.1606829569956
91.14,-9.275217900902472,-10.21555564310039,22.41386403327286
91.15,-9.569766893386111,-10.30158491028993,22.70671147047352
91.16,-9.789079488951916,-10.293292502560842,23.02102690342362
91.17,-9.925005020962425,-10.185700055641993,23.337391970282532
91.18,-9.968837904576278,-9.96990087297683,23.636898976644726
91.19,-9.917694597963921,-9.646937898356605,23.90193645970247
91.2,-9.77303313363349,-9.229652252938648,24.114927702325897
91.21000000000001,-9.536058408269971,-8.730436334234748,24.258370265853628
91.22,-9.207468608718138,-8.1574138036265,24.320132071423885
91.23,-8.79822535476189,-7.530000515621906,24.296917570867716
91.24,-8.320239279041163,-6.869299185386233,24.18563135137225
91.25,-7.783729950691128,-6.190748030434542,23.9867804431389
91.26,-7.2060396999977705,-5.514003216381845,23.70912597254065
91.27,-6.602676349936635,-4.856114124098358,23.360190718732323
91.28,-5.987084205954185,-4.227661624427968,22.949900632872033
91.29,-5.374308984881876,-3.639268202477791,22.491234192748507
91.3,-4.776483742124212,-3.0978481303528898,21.994250020057898
91.31,-4.20247937997272,-2.6055834082257006,21.469379669811296
91.32000000000001,-3.6608804775414376,-2.1641892910640874,20.927123149421238
91.33,-3.157008317303611,-1.7726682521854396,20.37470184273869
91.34,-2.693097950141232,-1.4278184858738558,19.818136249850514
91.35000000000001,-2.271168319732494,-1.1263102296253362,19.26340521519743
91.36,-1.8908973713334805,-0.8637024310423536,18.714574694127773
91.37,-1.550709191594128,-0.6354221212215587,18.174122045800168
91.38,-1.2485643414406506,-0.4367773448884805,17.64439763116022
91.39,-0.9808041268878522,-0.26273800851322043,17.12677329951838
91.4,-0.7441824080910614,-0.10886001598627745,16.622189453762022
91.41,-0.5345453440351623,0.029435744812267912,16.131191380816173
91.42,-0.3478177965229633,0.15640212155077798,15.65405406365117
91.43,-0.1800265364901369,0.27602586855979105,15.190860763915651
91.44,-0.027099211074631778,0.39221168203404816,14.741577615395679
91.45,0.11495065336300647,0.5087598586150917,14.306106740052597
91.46000000000001,0.2499957646904743,0.629444883414924,13.88433301971135
91.47,0.38196260609273236,0.7581572800911456,13.476154697677233
91.48,0.514789617926357,0.8990049448120103,13.08153542470709
91.49,0.6524294314293573,1.0563211872684541,12.700515317082726
91.5,0.799122500768283,1.2351280335330246,12.333337912975933
91.51,0.9592683292710817,1.44073060552216,11.980350650040522
91.52,1.1379440578999036,1.6797861359836554,11.642357946602903
91.53,1.3404295134223752,1.959327261888106,11.320345299030377
91.54,1.5732470965713763,2.288388330134097,11.016166758060567
91.55,1.843349417489004,2.67690822988912,10.732122328943074
91.56,2.159300730650295,3.137068454515191,10.472035055625023
91.57000000000001,2.5308347894243854,3.683190022226224,10.240910686395457
91.58,2.969303436873245,4.331466689756067,10.04631797217141
91.59,3.4884426995760993,5.101956966215456,9.898782792377808
91.60000000000001,4.103238556048241,6.015368706890262,9.813026805594658
91.61,4.832319969268053,7.097474916485859,9.81061196375606
91.62,5.694715435086057,8.37198908816415,9.919627964312392
91.63,6.712829447124912,9.864696958269578,10.182595331711608
91.64,7.908281026186404,11.594660043255605,10.651357530669538
91.65,9.298902492060597,13.564499277769528,11.402040816651029
91.66,10.900329729431675,15.762074064968209,12.523998319956027
91.67,12.701170932161073,18.109642176403106,14.124773387348805
91.68,14.675800180498078,20.48523113282767,16.3193723177951
91.69,16.74145289985251,22.651355097682703,19.190279138815377
91.7,18.761473057891834,24.274704182614876,22.75130402724007
91.71000000000001,20.52515277716657,24.927467945646395,26.88666550735504
91.72,21.746588643362784,24.17723235533694,31.257923874227547
91.73,22.12313020341299,21.744538598501084,35.35105415882369
91.74,21.39959077771574,17.63978296466472,38.58129204559478
91.75,19.464642381008794,12.258325706944818,40.483000940121975
91.76,16.397227883348393,6.232727642480928,40.93965672345645
91.77,12.445852106956533,0.22530930246338893,40.20061794466667
91.78,7.9618739879021945,-5.2603214733051695,38.77133870306854
91.79,3.3036600358815353,-9.947655386098116,37.21847749596677
91.8,-1.222119045277617,-13.728734470538942,36.01614115238691
91.81,-5.381718144299875,-16.566363452861573,35.46605763981417
91.82000000000001,-8.996484175414396,-18.403459438903166,35.682220186184686
91.83,-11.91693995657769,-19.14125218089831,36.59403152628715
91.84,-14.007523125010692,-18.68424625391412,37.95807650256803
91.85000000000001,-15.141185143878491,-16.973485314329128,39.42920807629697
91.86,-15.26108604992213,-14.149096671704278,40.618896962725444
91.87,-14.36721097801029,-10.45496226460462,41.2312438500987
91.88,-12.5604574751192,-6.26991255362382,41.13217887438825
91.89,-10.02932292945245,-1.9982422079455433,40.382325305156826
91.9,-7.019625390243065,2.0206047292076224,39.19377635549407
91.91,-3.7833646230140543,5.559659598384352,37.84055076435791
91.92,-0.5499308627466117,8.497620564359657,36.58032100273269
91.93,2.4952796816516294,10.785782814801046,35.60123778886515
91.94,5.212274401835235,12.405233099171976,35.00096455830447
91.95,7.499041265154307,13.346412234891918,34.78517797924422
91.96000000000001,9.278548357767889,13.598198626056748,34.88576012095122
91.97,10.502060017052393,13.179295492965162,35.17104044015906
91.98,11.136692811868443,12.12202048446299,35.491468590423246
91.99,11.185738545431805,10.521703054688441,35.69474164931031
92.0,10.679156523437035,8.50105804560419,35.67033296939259
92.01,9.678021593874343,6.214772561784285,35.355789432152534
92.02,8.281196741046166,3.82954539770678,34.75708797578642
92.03,6.596499191812011,1.4852752504664692,33.92626995972379
92.04,4.7391334701115575,-0.7075250673609395,32.94684502682108
92.05,2.8168880529428995,-2.6780591796883964,31.91232945728853
92.06,0.9208938663409179,-4.389429153963292,30.907258430038596
92.07000000000001,-0.878760958657115,-5.8309742972424905,29.995904091238565
92.08,-2.5306516231895246,-7.005279921889902,29.220573219962507
92.09,-4.000680515967702,-7.922353443079456,28.601093142355882
92.10000000000001,-5.2692368149891955,-8.594800386792183,28.136577111051455
92.11,-6.323787936083841,-9.031301613112504,27.81247443180692
92.12,-7.162042015568915,-9.246820652627454,27.600369610719763
92.13,-7.782389211300992,-9.252250371086276,27.467580443580612
92.14,-8.189704811674059,-9.060907557879993,27.377417856703502
92.15,-8.3936242913799,-8.696390739458295,27.29544783202093
92.16,-8.403165037944136,-8.177320682132713,27.186453544849652
92.17,-8.237432334584161,-7.5342736038384075,27.02768627376499
92.18,-7.915020676130929,-6.79754006773975,26.798128593279365
92.19,-7.459166117102372,-5.997338186778722,26.489550262287118
92.2,-6.89767476664433,-5.167187455934164,26.101171882285833
92.21000000000001,-6.255005098989656,-4.332327488912769,25.63615373448865
92.22,-5.558877707269628,-3.516604508372553,25.106630282485174
92.23,-4.833007066134515,-2.7375847018248773,24.52384951980721
92.24,-4.098578277139023,-2.006137890316054,23.903145499371366
92.25,-3.3743718534670157,-1.3302315539250418,23.25798112787556
92.26,-2.67256960276872,-0.7102652957403037,22.600688951387802
92.27,-2.003692658190683,-0.14509839308940475,21.942793942958144
92.28,-1.3732295488409114,0.369968587801526,21.29252779229874
92.29,-0.7838485474994724,0.8415326763867739,20.65704948506362
92.3,-0.23488600851865443,1.2776550457496438,20.041409847233297
92.31,0.2764947650960613,1.6873082900658383,19.449596645608757
92.32000000000001,0.754936356254366,2.079734700118889,18.8845061524613
92.33,1.2066629531531543,2.464695192939419,18.348441146318127
92.34,1.6387159704350989,2.851828803248471,17.84353703070263
92.35000000000001,2.0594705700373903,3.2511934753802025,17.37162553218003
92.36,2.4770775622160834,3.672534348919427,16.93551390787627
92.37,2.90053184011122,4.125863647704897,16.537892004052836
92.38,3.3396053641486416,4.62157525389217,16.183028094158153
92.39,3.8027650433340368,5.1695683226085265,15.876655877288561
92.4,4.301264363257593,5.780692830707364,15.624640455533266
92.41,4.844059719487156,6.464513244412713,15.437948179393496
92.42,5.441022860358162,7.231220747967635,15.327439069762049
92.43,6.103377733267356,8.089141471998722,15.307675115205644
92.44,6.837375678978596,9.041020135974989,15.400278933278575
92.45,7.6513706378961235,10.090929746564543,15.627349578100292
92.46000000000001,8.551096787081384,11.231796904637857,16.01599286520097
92.47,9.53109853303631,12.440323986684126,16.597175480060425
92.48,10.588246640174413,13.690726609929508,17.404915933581858
92.49,11.70009423548402,14.92311919451579,18.46461612056899
92.5,12.836185590447213,16.062672607398014,19.799417405062187
92.51,13.94413230544787,17.003338338814324,21.40351214395594
92.52,14.95612735122866,17.617899077803152,23.253012414790103
92.53,15.780922348201624,17.774499591154015,25.260617192499044
92.54,16.31670501939575,17.342643859698175,27.31301820685313
92.55,16.464865307638945,16.25796742210307,29.236778260919234
92.56,16.135700583907102,14.49692339961823,30.862017426153052
92.57000000000001,15.296999940820072,12.170320959788844,32.02752868628249
92.58,13.947054745723898,9.418911714962622,32.64449517753252
92.59,12.142512673501223,6.442944355668234,32.70168163358685
92.60000000000001,9.98663542477567,3.4401288887155594,32.277143052034816
92.61,7.598491362174618,0.5678661815851255,31.499353693960398
92.62,5.103779109981245,-2.0656880274767686,30.52457629907361
92.63,2.613842637125957,-4.406303686526164,29.50371212683112
92.64,0.21622648163586167,-6.438556595537711,28.561235107677927
92.65,-2.026074925672088,-8.167591372834282,27.787398454248116
92.66,-4.071030029783705,-9.604964837765692,27.238523295066194
92.67,-5.892578019800105,-10.758239609126923,26.94070643560373
92.68,-7.472479787223605,-11.624853581835033,26.886733590934966
92.69,-8.79711214168869,-12.192875935154506,27.056036973548494
92.7,-9.852270066290089,-12.444230816458106,27.39833964988556
92.71000000000001,-10.618272539341561,-12.372216490996875,27.846221893401804
92.72,-11.077976277274544,-11.963967377706531,28.329239202321308
92.73,-11.230228426818574,-11.23428317432007,28.772990949425328
92.74,-11.078009670973227,-10.222103290640566,29.105614523955293
92.75,-10.63061560077846,-8.969325391229486,29.273686697971876
92.76,-9.919111122349834,-7.547814625272353,29.245802934266088
92.77,-8.978653353195401,-6.023628694720568,29.01280102626086
92.78,-7.862402197143684,-4.471724821421162,28.590939881332126
92.79,-6.620309961833998,-2.9477068708156824,28.010362672302286
92.8,-5.307189154837481,-1.4993205133541885,27.31348757374626
92.81,-3.9694688915425793,-0.15339864834258016,26.544458801996267
92.82000000000001,-2.6485108816968594,1.073795559760303,25.74592213841026
92.83,-1.3736009905852833,2.181653819600019,24.95385948141657
92.84,-0.1668116278550258,3.174896577699643,24.197583097822257
92.85000000000001,0.9615520980581531,4.066604960580045,23.49775205312618
92.86,2.005865111405655,4.870190761926258,22.8699069713714
92.87,2.9675980495946206,5.600162885155826,22.32322920521784
92.88,3.852664436405676,6.271535531557988,21.86327061264039
92.89,4.667366003898408,6.894194212675858,21.49299737635411
92.9,5.418142751918911,7.477157795112618,21.215103955059305
92.91,6.118892054173224,8.030532303835995,21.027210169322036
92.92,6.772241432398443,8.553302460997891,20.9294907595043
92.93,7.378233974489564,9.042616002554947,20.92309226372613
92.94,7.9443968060550745,9.498266118781416,21.005447606305342
92.95,8.473093577816643,9.913380720140909,21.170036312687703
92.96000000000001,8.957920180474435,10.275737961325367,21.41172120398251
92.97,9.397664934562984,10.574388474386247,21.724546912910814
92.98,9.784673478114373,10.795361697427563,22.095157272602492
92.99,10.106452161449731,10.922828736628036,22.508132098752895
93.0,10.353354222873058,10.939891827809328,22.949540871418243
93.01,10.514750996583142,10.838403236688825,23.39640468246194
93.02,10.578790271775283,10.612832373802842,23.82280614599933
93.03,10.531598303174489,10.251737767341954,24.205792721091036
93.04,10.370837022464029,9.76417472123723,24.524938937592598
93.05,10.099373110638243,9.16965516525229,24.75918328862999
93.06,9.71805630929252,8.48392813900325,24.889434855350316
93.07000000000001,9.233184839371459,7.724043978562697,24.90976824337589
93.08,8.66159897239226,6.919400770610119,24.81932253140089
93.09,8.016010527396212,6.0920432047893005,24.618431001196345
93.10000000000001,7.3167489598392805,5.265401465674885,24.318690800468644
93.11,6.5844378677270505,4.461957142054405,23.932378938340335
93.12,5.836046756613672,3.69502966632294,23.473233622880738
93.13,5.090189815262963,2.976806737800965,22.958692703939416
93.14,4.361595622153736,2.3143750707592265,22.402813861330678
93.15,3.660886855491796,1.7089454993372122,21.819542286623907
93.16,2.997782586999038,1.1607525243298884,21.22190622774049
93.17,2.376880351495927,0.6658850879440984,20.61881220049243
93.18,1.8005759919078046,0.2188072660863194,20.0184885550639
93.19,1.269082674270233,-0.1870717175392257,19.427202628602835
93.2,0.780104229788046,-0.5594615096650517,18.849412666705867
93.21000000000001,0.3296883420130085,-0.9065626047052284,18.288455728321733
93.22,-0.08753615034887863,-1.2369294269536892,17.74678502529909
93.23,-0.477521024838068,-1.5590392429092617,17.22629227709435
93.24,-0.8474070623046868,-1.8817376776061596,16.72849692542077
93.25,-1.2046477152771882,-2.2138517306519954,16.254815238093663
93.26,-1.557127363456333,-2.564503524872648,15.806952527711958
93.27,-1.913304069327248,-2.9430552624735893,15.38668159947553
93.28,-2.281809284525577,-3.3595369379702467,14.996953359015988
93.29,-2.6715882914092774,-3.824184371495715,14.64096544969758
93.3,-3.0927787339449697,-4.348508614661297,14.323842776222662
93.31,-3.5549727967103304,-4.944455573560156,14.052217606942877
93.32000000000001,-4.069725586635822,-5.624609216481524,13.834208055391217
93.33,-4.6481846293932145,-6.402519690967881,13.683186657314906
93.34,-5.30277613178079,-7.291894438221596,13.612511026087242
93.35000000000001,-6.0457339568989195,-8.303811289891941,13.644585573112462
93.36,-6.888671265019566,-9.44878636863174,13.806057234719898
93.37,-7.8449043589692184,-10.734009422407729,14.127914637897861
93.38,-8.91704812909401,-12.145343542493094,14.654051414416248
93.39,-10.1072360504613,-13.665748390189933,15.43146875860893
93.4,-11.407793738186584,-15.249482517359093,16.510788031679603
93.41,-12.790366596426562,-16.81443571275944,17.939019592542326
93.42,-14.210343263406063,-18.243564794279873,19.75003522347405
93.43,-15.590613015030595,-19.370273545711747,21.944672965215908
93.44,-16.82239251039848,-19.997359153947045,24.45905887022702
93.45,-17.766872652014573,-19.909478111664612,27.165727042626983
93.46000000000001,-18.271062510175334,-18.947865853621202,29.838717165719483
93.47,-18.189054799124882,-17.0287195580755,32.21916781860233
93.48,-17.42304769554431,-14.23463635249145,34.02868921102938
93.49,-15.948715584213016,-10.77139722137475,35.093855431216966
93.5,-13.821019236036141,-6.933860311400011,35.36394626223294
93.51,-11.172140737286329,-3.0350056802081866,34.937040374995036
93.52,-8.18249927835517,0.6680856574287035,34.022458008666355
93.53,-5.036274073538706,4.011068712764934,32.87040009365028
93.54,-1.9009320059814692,6.911532488381993,31.720261129008506
93.55,1.0928564774622587,9.347808286525362,30.759210258143636
93.56,3.849391155033327,11.31895222007549,30.11090250412649
93.57000000000001,6.301384161148787,12.823562494419921,29.834861857385842
93.58,8.399354574661913,13.84464125709099,29.932611746604397
93.59,10.100316663420031,14.352638911000788,30.345189073855455
93.60000000000001,11.361657381113348,14.313745562963781,30.977095713879542
93.61,12.150370842380061,13.711839588060922,31.700102486609623
93.62,12.445374154627654,12.581459507539101,32.36603168836048
93.63,12.239775959879625,10.972662910887887,32.84932035683736
93.64,11.56118717061867,8.999131600908632,33.05366271789157
93.65,10.460915532136623,6.790581441295406,32.93691954553351
93.66,9.014305996194249,4.486914753848819,32.50510447022461
93.67,7.319440310288688,2.2164172365843084,31.81552902693885
93.68,5.472927944916493,0.07292129315783336,30.94887741563459
93.69,3.567868046174774,-1.8801784433915203,29.995733034657587
93.7,1.683491045680757,-3.6116335858295407,29.040926195669176
93.71000000000001,-0.12004691179925042,-5.114125863508604,28.152077744340055
93.72,-1.7993839928547692,-6.392442245449642,27.377551070014533
93.73,-3.3270459815925966,-7.459316739171926,26.746781186400156
93.74,-4.687589940606964,-8.326916913293733,26.271236544052634
93.75,-5.873186453727108,-9.004165525642083,25.949530631682943
93.76,-6.880315218550643,-9.497878047207362,25.765903579814886
93.77,-7.707679821534784,-9.811876124367943,25.700976344482353
93.78,-8.357448917634287,-9.945718172477742,25.724875243386897
93.79,-8.828446768370945,-9.906455348481247,25.805834084876423
93.8,-9.119543554548304,-9.700918800991428,25.911688742725758
93.81,-9.235726744478104,-9.334871104609745,26.006744435455882
93.82000000000001,-9.188040897675268,-8.829433097849405,26.063579810342834
93.83,-8.986288752219252,-8.206519748593603,26.05628729652764
93.84,-8.643280850467143,-7.487998696836698,25.966788242330132
93.85000000000001,-8.18033022497421,-6.705846726208243,25.78781789216282
93.86,-7.61556174795849,-5.885866017742619,25.51368779053195
93.87,-6.973737378061728,-5.05508831741489,25.152078637949334
93.88,-6.278707304741111,-4.238278898281842,24.71122142156266
93.89,-5.551697755203412,-3.4516807297556245,24.203856494185644
93.9,-4.814695829995362,-2.71015746489127,23.64564755988481
93.91,-4.084481445420284,-2.0213987810484326,23.049845124199813
93.92,-3.375020350474067,-1.388572124304022,22.431082633543014
93.93,-2.6979653312772336,-0.8127127655928689,21.80126215564806
93.94,-2.058465459497233,-0.2893665941481849,21.16958970854731
93.95,-1.4605645365702709,0.1867395826038179,20.544907111447756
93.96000000000001,-0.9050729762945129,0.6224177702202387,19.933154476193454
93.97,-0.3902142098752393,1.0257525491423656,19.338953935429902
93.98,0.08793149170301062,1.4055619708876204,18.765742623589254
93.99,0.5345164151448704,1.770871752670407,18.21614798653301
94.0,0.9562083121522578,2.131085558811493,17.692207627251335
94.01,1.3601336388229068,2.495542286417737,17.195765756977778
94.02,1.7544802350011193,2.8739490328830994,16.728755939669366
94.03,2.1475050111954563,3.2759329403365,16.293303816856326
94.04,2.548520653837945,3.7117731128333995,15.892338681544663
94.05,2.9660601779499123,4.191570813415923,15.529738457218135
94.06,3.410776659158535,4.726397243303033,15.210056779183184
94.07000000000001,3.8918661087795914,5.327350765986151,14.941091579408207
94.08,4.420343657550736,6.006054607542579,14.730167599221595
94.09,5.007084640626796,6.773629558358708,14.590410580796984
94.10000000000001,5.66218080002906,7.641047607582731,14.53725792790918
94.11,6.398261636697932,8.618677447767668,14.587970602945845
94.12,7.222659122027461,9.708082737368482,14.770314525032315
94.13,8.142817919935142,10.910422213826676,15.113831019321466
94.14,9.16495427440345,12.216274593744945,15.653254541660417
94.15,10.2804893789292,13.591414812915415,16.427402836071035
94.16,11.48116418525718,14.995034805978626,17.478894392448343
94.17,12.733398114286668,16.34255128650166,18.835664619130593
94.18,13.993687358245152,17.528750153003514,20.520434983529707
94.19,15.185936669285416,18.40763827551446,22.5083603139608
94.2,16.217634542600447,18.81541488573824,24.74536403182806
94.21000000000001,16.966871760458506,18.591091974280562,27.091935551071945
94.22,17.312032599692234,17.613481630222456,29.374444178578383
94.23,17.134560948703538,15.835709863856053,31.36440838972486
94.24,16.371872087142105,13.341707564050767,32.86667656913167
94.25,15.006377860837791,10.30247857616082,33.73237845950146
94.26,13.094827485416415,6.957458234736489,33.93606724439396
94.27,10.745714047583542,3.5491757165942612,33.5544627254281
94.28,8.103245616958688,0.2846950275167644,32.743977522776326
94.29,5.32009940058176,-2.697532472926427,31.70060060694843
94.3,2.533153131558735,-5.326722592621081,30.6141764248189
94.31,-0.14865931402671606,-7.581287690957857,29.640344922243813
94.32000000000001,-2.646063155919104,-9.463199751215264,28.888435230671217
94.33,-4.904856126835087,-10.980774712058592,28.422267138145866
94.34,-6.888469230194606,-12.132992868505598,28.26362699721037
94.35000000000001,-8.5682439869508,-12.90638637472884,28.389930026511802
94.36,-9.917755586072373,-13.279131749363728,28.753781077942932
94.37,-10.91358605262629,-13.226675882402521,29.276873459758413
94.38,-11.533925928242146,-12.754238548682899,29.857079567689603
94.39,-11.759925907158904,-11.862203349494038,30.393203637338758
94.4,-11.600001761306181,-10.606218247996111,30.79446521410785
94.41,-11.065197342549768,-9.050724529535223,30.984030749015
94.42,-10.197269124488232,-7.292747271723405,30.926828083009166
94.43,-9.0457502082695,-5.4271507075443886,30.615665582825965
94.44,-7.682324281814533,-3.5520010157716277,30.08151187294167
94.45,-6.176206990632005,-1.7403460148284084,29.373646847633182
94.46000000000001,-4.598475588234735,-0.04851595778221762,28.55381932717131
94.47,-3.0102388088860232,1.4936173986767725,27.684306985324042
94.48,-1.4609068719343645,2.8731237223126658,26.819511109355236
94.49,0.01211248959629252,4.091037486843387,26.00446217910113
94.5,1.386709003873319,5.158410295254608,25.26962434328685
94.51,2.6487509544732237,6.08865452629964,24.636715690788062
94.52,3.7938480874291356,6.896374495408754,24.116557821726435
94.53,4.823269955888147,7.59435877998567,23.712776565158837
94.54,5.738950743617339,8.190223217149791,23.422838808084908
94.55,6.545911124921954,8.691882146777838,23.242463381259356
94.56,7.256125903309982,9.104355751790399,23.159211514677402
94.57000000000001,7.866370977054873,9.42380746791362,23.160797524242994
94.58,8.371945721001147,9.645823140670291,23.235279867829743
94.59,8.770993916975948,9.765845763250228,23.36898375832654
94.60000000000001,9.073143782164083,9.781523061438657,23.538655802496113
94.61,9.276772637934215,9.694962542321814,23.72428501968838
94.62,9.378467600560295,9.508589780413558,23.90673961929714
94.63,9.375329982682551,9.224448989473231,24.06654809958192
94.64,9.271647179930248,8.847194476590671,24.18487192088208
94.65,9.075390017267754,8.392288503304725,24.24961459688779
94.66,8.793465438555069,7.875274800587074,24.249081229532745
94.67,8.431752216867848,7.307771959339893,24.17428728217356
94.68,8.004599007554901,6.709389127101796,24.026077853044765
94.69,7.526420812977438,6.099721053597092,23.805546989153076
94.7,7.008642467559224,5.491806478862904,23.514956058815603
94.71000000000001,6.466720595594935,4.8999144136155595,23.163678752792944
94.72,5.915334943234958,4.337166847890778,22.76012890841117
94.73,5.3658321968260925,3.8107789540923322,22.31248106644777
94.74,4.8296840656334545,3.3268833843247254,21.831585515462645
94.75,4.316968639968224,2.890063035505391,21.32604228042142
94.76,3.8337434425951695,2.500713414318711,20.80315760441898
94.77,3.385369489039796,2.158534768671927,20.27067241121588
94.78,2.9758229764194684,1.862204003174339,19.734795938320854
94.79,2.6060787739038105,1.6089511291013907,19.19924473837429
94.8,2.276720566725711,1.3959476719945494,18.667550012898218
94.81,1.9879572402676298,1.2201430998618514,18.143178921227204
94.82000000000001,1.7369176634805927,1.0772170708277098,17.62826958710836
94.83,1.522106283001067,0.9646361410044502,17.123789425122002
94.84,1.342566916604114,0.8802714988269524,16.63067496666013
94.85000000000001,1.1956190239615931,0.8211547872976328,16.149817169266417
94.86,1.077275630546981,0.784469256738322,15.681584101681372
94.87,0.98673373549432,0.769557916739754,15.226050052376621
94.88,0.922633029936746,0.7754816321358623,14.783298977206886
94.89,0.8815250875828892,0.800709863045465,14.35340082560506
94.9,0.8632076418974776,0.8460655348852439,13.936288562645014
94.91,0.8677176291205881,0.9125250545842083,13.531885857884847
94.92,0.8936115953460196,1.000626384600205,13.140216051226687
94.93,0.9417459305085814,1.1129520032052582,12.761401051005391
94.94,1.0130946018745723,1.252140487458398,12.395562146158877
94.95,1.1088372487054357,1.4216223251449827,12.043105586690988
94.96000000000001,1.23215741973689,1.626920209610872,11.7047232126342
94.97,1.3857197599476194,1.8731106916661802,11.381183827604605
94.98,1.5741391883794966,2.1680547019924803,11.074178112399023
94.99,1.802834275749387,2.5205657786205373,10.78566951751326
95.0,2.0782239487635055,2.940957451816478,10.518834774962718
95.01,2.409064063438219,3.442899816459442,10.278249235576888
95.02,2.804585250168314,4.040471152789741,10.069962800801173
95.03,3.2776312987350775,4.753016716853063,9.903720955030725
95.04,3.84130790420177,5.599576509193326,9.791308731490624
95.05,4.513156416111331,6.60492452061713,9.75251755276291
95.06,5.311083914643931,7.793056728411062,9.810423354213695
95.07000000000001,6.256390062224608,9.189353196334507,10.003419058245441
95.08,7.371343206742342,10.817919251822197,10.376240467258503
95.09,8.675015810653152,12.686989553899947,10.997261053486667
95.10000000000001,10.186412681544246,14.797526179010896,11.948112630655356
95.11,11.90492449706065,17.096704761569896,13.33128880974464
95.12,13.815549043912046,19.491908758407433,15.261761505043417
95.13,15.85837600203983,21.79006622230491,17.83785456881172
95.14,17.92765780454005,23.705818187596343,21.11978638840868
95.15,19.83962626245069,24.83785657982588,25.05028938742186
95.16,21.33774745175827,24.74429650962592,29.3851918124392
95.17,22.120732432928275,23.053307091240455,33.69070107464858
95.18,21.890965306396076,19.61866061129018,37.377312246071966
95.19,20.47540810925207,14.703338296761062,39.89384760592697
95.2,17.864816927749807,8.848192686656303,40.964739532932576
95.21000000000001,14.241068587764357,2.736576711557876,40.685173139775166
95.22,9.925553044027424,-3.0388565421567915,39.476549685265496
95.23,5.28517219966532,-8.103581819953778,37.90574082930238
95.24,0.6560766136896419,-12.287800819360168,36.50544065426573
95.25,-3.696839939815554,-15.538287788233184,35.655752863503004
95.26,-7.573021307558878,-17.811268869063646,35.55207480981232
95.27,-10.812701104577574,-19.02509840527069,36.19784317494188
95.28,-13.27350138788066,-19.070341716006844,37.420448273695406
95.29,-14.82023157798835,-17.864068978296856,38.90286958199534
95.3,-15.367564812030409,-15.466961108049182,40.26095991433165
95.31,-14.879658870928557,-12.067494802280905,41.14206753057756
95.32000000000001,-13.421420962172675,-8.01224687800535,41.33795849824726
95.33,-11.148747330598221,-3.708719132584384,40.83266669855014
95.34,-8.290902040466484,0.46675934326568,39.7872798245159
95.35000000000001,-5.102840895262403,4.237342743296657,38.46232640423921
95.36,-1.8294760759597928,7.439029776216172,37.134074149111576
95.37,1.3235659842310945,10.000150561739925,36.02408455523716
95.38,4.197776020152549,11.893148912598562,35.267683174868935
95.39,6.675037625290934,13.104292990655038,34.907427696946066
95.4,8.669176144141183,13.624090804635404,34.90082863248653
95.41,10.120980391690395,13.458092647720008,35.136002398865315
95.42,10.986326688884425,12.627276573691695,35.46471403145691
95.43,11.259825473665172,11.210726347100872,35.73262840018572
95.44,10.953835449862094,9.314136113079398,35.805433118153616
95.45,10.124694835580145,7.092702761267182,35.60214084716996
95.46000000000001,8.85601900457262,4.70828892067906,35.104345438556095
95.47,7.253781913322927,2.3166091914601235,34.34670937527279
95.48,5.435853489988329,0.042840300866844316,33.40699550541903
95.49,3.513833977396056,-2.0285006607223375,32.3780349296211
95.5,1.5866716725334367,-3.8478435641624795,31.350023829885313
95.51,-0.26615972635068375,-5.394866879391519,30.39649172747749
95.52,-1.9857559656929145,-6.66904916724424,29.56869864760592
95.53,-3.532317107518316,-7.678815434266241,28.89365542880754
95.54,-4.880589932591153,-8.435321597539325,28.37713243741722
95.55,-6.0151642907946945,-8.949115686402525,28.00943463871233
95.56,-6.93048724267816,-9.231946471414593,27.764594880545943
95.57000000000001,-7.625341073712764,-9.299088362049769,27.610945113512937
95.58,-8.100749643822507,-9.159412055503468,27.51106866203053
95.59,-8.366384538810482,-8.835907698717953,27.429645277000585
95.60000000000001,-8.431289418428143,-8.349905714103425,27.33048437066094
95.61,-8.310908226087237,-7.727030211510176,27.185778468359157
95.62,-8.026295278044273,-7.001181595365325,26.975207289095174
95.63,-7.597749575707393,-6.201422224838612,26.68442497437762
95.64,-7.054155131098735,-5.362419387033422,26.313086926486818
95.65,-6.420872855206083,-4.512631709364466,25.861813862214007
95.66,-5.725502160173725,-3.6760766727969907,25.34201447547851
95.67,-4.994038951975038,-2.8735484184938933,24.765327082405342
95.68,-4.24813630290074,-2.11677894986404,24.146457638092617
95.69,-3.5083498451509216,-1.4152495544026737,23.500322551004817
95.7,-2.7884525884606983,-0.770879183956539,22.83937605938551
95.71000000000001,-2.099461962051453,-0.1825238031244411,22.175964826230427
95.72,-1.448452117358511,0.3536046429680806,21.51922052122673
95.73,-0.8386864706766032,0.8440095804533859,20.87673661382723
95.74000000000001,-0.27017797464036153,1.2966893383224076,20.25409969721295
95.75,0.2595222842333603,1.7206948171853382,19.655636216067556
95.76,0.7547852749679893,2.125404379967552,19.084511808139084
95.77,1.221721806503211,2.5207733630127827,18.54320964910675
95.78,1.6672787308248365,2.916574665323391,18.03399241805064
95.79,2.0999015932586085,3.3230628704970093,17.55875592517391
95.8,2.5277043372557104,3.750028064434418,17.120381979995123
95.81,2.9598473538469805,4.207607590629756,16.72153881281037
95.82000000000001,3.4060723019332126,4.706131546069484,16.36655633373583
95.83,3.8748366963271303,5.255373462628838,16.061144356045965
95.84,4.377488822379,5.866084391931592,15.811116366301157
95.85000000000001,4.922742525915406,6.547373783998601,15.627401982119324
95.86,5.520297232299172,7.309046674969565,15.520780272554646
95.87,6.1813279612308625,8.159043243210743,15.505416014167903
95.88,6.911425847821012,9.09899702185302,15.602583384296084
95.89,7.717961727996112,10.131672693547648,15.834027773260537
95.9,8.606773210332475,11.250094248189766,16.22561304365776
95.91,9.571494693836252,12.429675506416253,16.806621373556403
95.92,10.607955914075088,13.643736250400634,17.609264400193094
95.93,11.693726928878279,14.833381644598237,18.65658227332288
95.94,12.79751741250073,15.924395134977836,19.96832289687159
95.95,13.868324661503703,16.814813564242723,21.53688046399671
95.96000000000001,14.839108502588605,17.38215851727952,23.335049259159923
95.97,15.62292480406405,17.502755772850033,25.27808927967059
95.98,16.121553539766314,17.053929867583648,27.2542484460095
95.99000000000001,16.243415931281763,15.979932426378786,29.09966466383053
96.0,15.901972539396974,14.257897590453839,30.65139998398475
96.01,15.071828470487027,11.9989332000024,31.762237662077467
96.02,13.75053803049346,9.335672869389889,32.34531625454394
96.03,11.99593834604655,6.45966050501786,32.393920881627864
96.04,9.903495467319367,3.553944322766057,31.979750014818517
96.05,7.587460052050178,0.7699459006032431,31.22297593198678
96.06,5.167858577749014,-1.7890701090308783,30.271107778459815
96.07000000000001,2.750244153616313,-4.071229990196188,29.26628066851124
96.08,0.41828285875631077,-6.0607945014826905,28.32687459464497
96.09,-1.7669012381340665,-7.761872640160995,27.540754084311757
96.10000000000001,-3.766497129102331,-9.188816631119694,26.963279824181097
96.11,-5.555827389290947,-10.350123388024269,26.620724306919765
96.12,-7.119881644653681,-11.245826259090181,26.515825044340684
96.13,-8.443874651244826,-11.868623211745362,26.622743276174006
96.14,-9.516007080816225,-12.20088493668863,26.909314601320325
96.15,-10.324764894482234,-12.228099935083636,27.317348247696668
96.16,-10.854365199419139,-11.951204328856262,27.77800594413602
96.17,-11.091430533265335,-11.36670339093357,28.221589820552197
96.18,-11.040638165058134,-10.499521654012835,28.584288179788405
96.19,-10.71139910373785,-9.3949006743308,28.807891571557615
96.2,-10.120989016724375,-8.10187816385677,28.855738878943338
96.21000000000001,-9.30422226761639,-6.689766871812313,28.71093133982754
96.22,-8.300352390256197,-5.219666223780436,28.378431339337745
96.23,-7.160276516386841,-3.7551941798632953,27.88140548938992
96.24000000000001,-5.931102881696238,-2.3406546368880017,27.253803819082055
96.25,-4.661059414016649,-1.0120801742008152,26.53610812651044
96.26,-3.3893224603576346,0.21328058665863753,25.768156997787
96.27,-2.149605725148456,1.3264673334951012,24.986609159772897
96.28,-0.9636601496267766,2.33171118783058,24.220993275435973
96.29,0.1524032319041937,3.236596665832929,23.495418323122163
96.3,1.1929312825783402,4.054784355321331,22.82613266260553
96.31,2.1562724604864694,4.800539367181415,22.22558972929322
96.32000000000001,3.0461632342069436,5.487573296032599,21.701196091069857
96.33,3.869700892782711,6.13039677787226,21.258045073713863
96.34,4.6356194198049,6.739756393785697,20.898709993798228
96.35000000000001,5.349770591067449,7.322937584845425,20.62696639800128
96.36,6.026131787720096,7.890638949665263,20.44240489263805
96.37,6.670463269695704,8.443581710595861,20.34607980418042
96.38,7.282450073829471,8.977831072542287,20.341282899779415
96.39,7.86555784479127,9.491117753684737,20.42989876359396
96.4,8.42653163796588,9.978879582890604,20.608262858040334
96.41,8.958380134015378,10.42666051108059,20.87337357380528
96.42,9.456732293039353,10.820644187787689,21.222854365740737
96.43,9.915480819192412,11.144351110082638,21.6477358696941
96.44,10.318864077048037,11.37656896533073,22.132752504190748
96.45,10.653303645730633,11.495074524385652,22.66491101058817
96.46000000000001,10.904735650704941,11.483113185595935,23.222035106218996
96.47,11.05578314692154,11.32817972801345,23.77375892196377
96.48,11.087888186033975,11.012794969047004,24.293628161527916
96.49000000000001,10.992500545747838,10.540718319371427,24.753893722868675
96.5,10.765894126640648,9.927640249028196,25.123665390022758
96.51,10.401691273762479,9.183366060940259,25.37783800136587
96.52,9.908521815934503,8.334330162121038,25.5052551365336
96.53,9.299605455782963,7.413353207201665,25.49638991096159
96.54,8.58896268719915,6.447218969318687,25.351849290341587
96.55,7.802829465410126,5.471086715455689,25.083663713237573
96.56,6.9624503380718075,4.510921041354965,24.703916170574807
96.57000000000001,6.092246337319763,3.587436086443069,24.23345425247081
96.58,5.215557278649432,2.7183811672320846,23.692485576570007
96.59,4.350164373116477,1.9110891221859878,23.10059974127414
96.60000000000001,3.5130677162622117,1.170662262623692,22.47781024533333
96.61,2.71497598271319,0.4958436738474581,21.839051194738317
96.62,1.96214588495527,-0.11883651278839412,21.197816164293627
96.63,1.2588331705782885,-0.6799906173251026,20.565337218870418
96.64,0.6044459036651423,-1.1968850369293293,19.949128025812072
96.65,-0.003806511277964386,-1.6797875943568883,19.355573348497607
96.66,-0.5711916488365338,-2.1395123098625906,18.789171733950262
96.67,-1.1047600608881045,-2.587387678142516,18.253559143204303
96.68,-1.6125606064295877,-3.0345775964755726,17.75189091543328
96.69,-2.1042653271471066,-3.4926855324746438,17.28690767457717
96.7,-2.5889631843167322,-3.972658952376155,16.86233763965544
96.71000000000001,-3.077641470495137,-4.48609599116752,16.48151418422774
96.72,-3.5803685615028353,-5.043990092500436,16.150333776774282
96.73,-4.1075304754078426,-5.657412505027093,15.874947046473268
96.74000000000001,-4.67111452116229,-6.3373860283916885,15.663776466901423
96.75,-5.279950083025022,-7.093053339499402,15.52958196836769
96.76,-5.946647809910974,-7.935337606255825,15.48403831507726
96.77,-6.6797486587387525,-8.867798736749796,15.546844692855169
96.78,-7.484309028669208,-9.89040663735911,15.741261804153238
96.79,-8.369626415452002,-11.003688711646573,16.09190108709828
96.8,-9.333207715633671,-12.186094509861734,16.62781407872452
96.81,-10.367577288364386,-13.408531696622044,17.380164507725144
96.82000000000001,-11.4599855058771,-14.625030774503102,18.378396812202194
96.83,-12.576212134884715,-15.758581510934228,19.638956998995056
96.84,-13.674568114696228,-16.716129643565996,21.168982219907676
96.85000000000001,-14.686043200233273,-17.37478210536262,22.93669955115166
96.86,-15.530701860915627,-17.606542474244137,24.881354265968294
96.87,-16.107780329413274,-17.287555321056697,26.882942219161094
96.88,-16.32293146675005,-16.339106325691347,28.795773306999333
96.89,-16.083900035242568,-14.732351284063,30.440059138662058
96.9,-15.350189558774634,-12.54615280661961,31.669987794560985
96.91,-14.115155381942587,-9.921647088916654,32.371327504279456
96.92,-12.427449929652377,-7.042049255491571,32.52869875853657
96.93,-10.37277012348368,-4.09512542037573,32.195522986858684
96.94,-8.068412346867532,-1.2480566338741554,31.488676015326334
96.95,-5.636313899808181,1.3867275387134868,30.556536479038026
96.96000000000001,-3.1866950480145464,3.7469321987798283,29.545773522898997
96.97,-0.8099721878036672,5.809624466718839,28.582797308584432
96.98,1.427042496831548,7.577146774060005,27.764186005507234
96.99000000000001,3.481784384963344,9.062542889223925,27.150163239460383
97.0,5.325658449466277,10.274707955167338,26.772553128742942
97.01,6.942512714979612,11.216384345681112,26.638851152660045
97.02,8.318056184913857,11.878110090512607,26.72629279468249
97.03,9.43562888815341,12.248654795375893,26.996581669179385
97.04,10.283308104616781,12.303635602174516,27.400385889891997
97.05,10.84939644842153,12.043935530366008,27.866571944470827
97.06,11.121065623346118,11.47712869167462,28.3213876152778
97.07000000000001,11.093884872284685,10.6139393754541,28.696539170605373
97.08,10.782801915201285,9.505258210530279,28.93649977890542
97.09,10.201710116835878,8.199913277669669,28.996925517785225
97.10000000000001,9.387608251149148,6.7684512396829515,28.863595958782735
97.11,8.378553302631602,5.274836995505364,28.53652386760162
97.12,7.227469750164142,3.7833619598761645,28.04170098053897
97.13,5.982515435726907,2.3421302731841767,27.411809371293163
97.14,4.693575863834739,0.9873398044604362,26.689786395704992
97.15,3.401135976592313,-0.2616628156821623,25.91577036580222
97.16,2.1403028383287968,-1.395959788285376,25.128463948362967
97.17,0.9337559826840662,-2.4189462998921982,24.357737861212108
97.18,-0.2017438686850741,-3.3388749394623387,23.628974912466905
97.19,-1.2597115635834246,-4.168699903913064,22.958646440294842
97.2,-2.2384654351661184,-4.923383137153622,22.359554450003998
97.21000000000001,-3.1416006489815484,-5.616524619899119,21.838945140687386
97.22,-3.9749743622430755,-6.261563310783299,21.402311744655794
97.23,-4.748956748422981,-6.871046929601759,21.05128635085629
97.24000000000001,-5.469259837585863,-7.450978926103662,20.788776138998344
97.25,-6.144719011459535,-8.008882442994825,20.61648223853145
97.26,-6.789170336963347,-8.55123507235171,20.531975616326395
97.27,-7.400651455979784,-9.071529163250366,20.536934132112318
97.28,-7.976101224568501,-9.5625000256074,20.633401475244273
97.29,-8.519061907871123,-10.019437490990702,20.820734974813405
97.3,-9.032072460469148,-10.43310069201411,21.091320416587333
97.31,-9.504679548182239,-10.786402593078495,21.437805190406962
97.32000000000001,-9.930025286334262,-11.062770362804981,21.85386266867523
97.33,-10.298421089301177,-11.245212699145403,22.324623815619315
97.34,-10.593409960775157,-11.315701084349245,22.828836188204352
97.35000000000001,-10.799775492738645,-11.253984584849398,23.347942246200706
97.36,-10.905373994254948,-11.051245386869986,23.85682865865853
97.37,-10.898321529357045,-10.706503591760054,24.324451784399425
97.38,-10.764742684622918,-10.21388544477855,24.72357792478817
97.39,-10.50348968823038,-9.587364904856567,25.03312704916334
97.4,-10.119336611557788,-8.851453898032974,25.23201023240645
97.41,-9.614120954503527,-8.023720509597442,25.305634190395477
97.42,-9.004783750427324,-7.135418240311715,25.253264642293995
97.43,-8.308152929879654,-6.216786339509755,25.07521656524979
97.44,-7.543800791974811,-5.2926216166769855,24.781965783832792
97.45,-6.7368780493068146,-4.390288714844591,24.389796837923523
97.46000000000001,-5.907303491347278,-3.5270835362083854,23.91429079162706
97.47,-5.076025502113193,-2.716211666163972,23.375978852700293
97.48,-4.261041714891096,-1.9667659250199954,22.792545180478704
97.49000000000001,-3.474574817519617,-1.2798066460877313,22.180212558311325
97.5,-2.7275527944162996,-0.6549005783010379,21.55444545218824
97.51,-2.0255172268057695,-0.08724856712004003,20.9261491973493
97.52,-1.371192800760217,0.4300559086594458,20.305065018720256
97.53,-0.7639195415372626,0.9055177351625638,19.698121030248426
97.54,-0.20091901835815412,1.348528313808761,19.11081166022973
97.55,0.32309672978549264,1.7693087563958212,18.547114439053857
97.56,0.8143538866565507,2.1780473767934874,18.010211713587186
97.57000000000001,1.2808635950205174,2.5854290843996024,17.502660095634454
97.58,1.7312029450084845,3.002063035881362,17.02683402477264
97.59,2.1745564261728543,3.4386732694507045,16.58556408056058
97.60000000000001,2.620416189253575,3.905990589646696,16.181864647395514
97.61,3.0792586750784388,4.415260775804463,15.820048089337837
97.62,3.5605281082653057,4.977410658116932,15.505745284503137
97.63,4.076111011148734,5.604156319352634,15.245371293141643
97.64,4.6357362887287445,6.306421892681371,15.049939954057146
97.65,5.25111171091515,7.095934736167613,14.929858942912308
97.66,5.933245822086331,7.98137953482307,14.902120779766452
97.67,6.69043791472874,8.969063278223436,14.988203451910174
97.68,7.536116323378062,10.067974094360974,15.21025363645444
97.69,8.472430617278848,11.26585058149658,15.600195421604148
97.7,9.49614699498753,12.54292343339609,16.19271155903787
97.71000000000001,10.606422687180178,13.87504555236633,17.025304943969427
97.72,11.781292841202868,15.199464059204551,18.128389683581602
97.73,12.990716337622583,16.43764485409448,19.531328521557455
97.74000000000001,14.178670294026926,17.473157999571253,21.23166192676371
97.75,15.273707020706972,18.16650811233359,23.209061499761493
97.76,16.174474547006696,18.366956636169565,25.36931851579897
97.77,16.770000025520172,17.92856014083083,27.58991444454201
97.78,16.946404253575047,16.769635837390656,29.675733358049804
97.79,16.608548797470178,14.87358749730522,31.437112151341637
97.8,15.7108024727088,12.35199576126129,32.68771680467514
97.81,14.258146278096783,9.375343275560827,33.33506895866966
97.82000000000001,12.311475938462397,6.165072306894236,33.37059861850832
97.83,9.989287018044397,2.948034747816453,32.88803079023704
97.84,7.426289030156936,-0.10520543847500763,32.0414477847983
97.85000000000001,4.760432545338569,-2.8815416114997427,31.00864448843528
97.86,2.113618687961991,-5.325884249630042,29.95806581046969
97.87,-0.41825629380948737,-7.4230367267838,29.02593711269273
97.88,-2.7693750076162784,-9.181822483548052,28.304890546692228
97.89,-4.894000551691167,-10.61007486440938,27.84858853250354
97.9,-6.761882894591839,-11.70845342345315,27.67470405352034
97.91,-8.35035169558353,-12.469045053709046,27.763909350293446
97.92,-9.640334365245009,-12.867641001378537,28.078669008061798
97.93,-10.610030420625604,-12.89321939107549,28.542984349711574
97.94,-11.236631174590444,-12.535399252114631,29.07450049325767
97.95,-11.50951329743781,-11.795354341982268,29.5855393579054
97.96000000000001,-11.431999044928256,-10.719269313166498,29.989266950992636
97.97,-11.009740662715277,-9.35318941210002,30.215057203765006
97.98,-10.27674186347408,-7.780956040038752,30.22260158154913
97.99000000000001,-9.272321373898857,-6.082591436221298,29.996877707471917
98.0,-8.05811532534425,-4.348277615596211,29.55610657817341
98.01,-6.693765687524311,-2.6464627882618696,28.93689968122862
98.02,-5.243851560079216,-1.0344008785214163,28.19038168643977
98.03,-3.7647529071663715,0.4551300583281358,27.371025148116495
98.04,-2.3047138956815902,1.803928820487767,26.52945031712428
98.05,-0.9002837233101837,3.009967895282732,25.709273918467613
98.06,0.42425530753147633,4.079911267612136,24.942706085444414
98.07000000000001,1.654302147722388,5.02711587656271,24.25402302352901
98.08,2.783699488202315,5.865225661457873,23.657735693192105
98.09,3.8129324917760075,6.609805437865681,23.162646711389403
98.10000000000001,4.746129152966383,7.271986426709076,22.770997901321817
98.11,5.586701317800989,7.860040140469443,22.48356682765203
98.12,6.3464871716389775,8.384415053783345,22.296306627719705
98.13,7.030796343747023,8.84601326618162,22.202249637602556
98.14,7.637265399955713,9.240690203847757,22.196226709963003
98.15,8.16506386052311,9.564724081525439,22.27244370307735
98.16,8.623977551203197,9.816481001499788,22.417205452324428
98.17,9.0105119921591,9.989109309759955,22.615617989712565
98.18,9.317663838972791,10.074640826522563,22.853585198995578
98.19,9.542094062384411,10.064314395418219,23.115804254013657
98.2,9.682591645072101,9.955669207253427,23.383568757827863
98.21000000000001,9.734849704042965,9.750550741372297,23.63773813163357
98.22,9.694327934832573,9.449706275829357,23.859185836943436
98.23,9.559723555218405,9.055178270218946,24.03178605661733
98.24000000000001,9.336738880230456,8.582107041694913,24.14357333089451
98.25,9.030440768748244,8.045361796953372,24.182448721392156
98.26,8.64496671357413,7.455846339381202,24.14032511640189
98.27,8.19449136027369,6.834055053029053,24.018474199248615
98.28,7.693218697693781,6.200409623679701,23.818305329606375
98.29,7.151923670619902,5.568033700677042,23.542650340142455
98.3,6.586234519827947,4.951740298929187,23.201574389945073
98.31,6.011090768257716,4.365265677770922,22.80430542666989
98.32000000000001,5.4379532809384274,3.8160596189258245,22.359660055171904
98.33,4.878617844712395,3.3104984577483147,21.879203649954167
98.34,4.3433838753437275,2.8532804844017012,21.372222476136496
98.35000000000001,3.838434571627527,2.4447032948449956,20.846524797649828
98.36,3.3692632953926727,2.084349120367584,20.310331648656
98.37,2.9398458103303637,1.7706680976900984,19.770231874172662
98.38,2.551030444792596,1.50054978425399,19.230167393207672
98.39,2.203281822742119,1.2708197905935479,18.693873688331927
98.4,1.8966797693217712,1.078096531435638,18.164976897671956
98.41,1.628453979507063,0.9179463898885734,17.645552888078708
98.42,1.3967296430578013,0.7871994564705889,17.136733084389107
98.43,1.1994877357400942,0.6826823122389555,16.63964525024421
98.44,1.0326065902057024,0.6005948265915274,16.154973016033217
98.45,0.894124481900243,0.538877742139137,15.682926377045145
98.46000000000001,0.781657754748352,0.49532562799540863,15.223688303876092
98.47,0.6915225276521425,0.46753548453253785,14.77726773986595
98.48,0.6224730047876466,0.45469677382860535,14.343512961407752
98.49000000000001,0.572199187898671,0.4555097202566729,13.922271158744206
98.5,0.53842979902928,0.46916829816842626,13.513341379159115
98.51,0.5210979569412701,0.4962241888732963,13.116484658261331
98.52,0.5195751474773098,0.5369685331370596,12.731467951984687
98.53,0.5325152981764981,0.5917689210950936,12.358105990779526
98.54,0.5604785831788918,0.6623013392237461,11.996234085234914
98.55,0.6034832097587394,0.7499677086267962,11.645705413129395
98.56,0.6627690473539015,0.8575771001318271,11.306517739700372
98.57000000000001,0.7399673166150983,0.9882813942136544,10.978698623582744
98.58,0.8368985945979411,1.1457928344393313,10.66246222243404
98.59,0.9568178494506557,1.3355802308044,10.358267213896255
98.60000000000001,1.1028896131272996,1.5630766193088963,10.066726137841094
98.61,1.2801631926877979,1.8364705681191515,9.78911302512889
98.62,1.4938132718424992,2.1640624392957784,9.5269256917592
98.63,1.7512927974723491,2.557617002187525,9.283001615787022
98.64,2.0606116212843735,3.029629184344565,9.060721812675446
98.65,2.4325629960241506,3.59673453437801,8.866061656769652
98.66,2.879073754045322,4.27712262488545,8.706315673150101
98.67,3.4154896767760854,5.093673321071204,8.593872819501177
98.68,4.0588930907220675,6.071461483330049,8.544044206843475
98.69,4.830173266292084,7.239519130094131,8.582179727589462
98.7,5.752400988193174,8.628785175248092,8.739697037118185
98.71000000000001,6.850894679661492,10.267873017014274,9.06670552911392
98.72,8.152749239442414,12.183654813920523,9.625329608235186
98.73,9.679082669082842,14.37831905018303,10.506249772836789
98.74000000000001,11.448126025938148,16.836292286509114,11.820142198545668
98.75,13.448244835395776,19.46383077286899,13.69929849036774
98.76,15.64430504427031,22.100313938963147,16.284426251550258
98.77,17.93220635393529,24.442438758193436,19.67266540315745
98.78,20.134524352376477,26.059496368570482,23.85951760230069
98.79,21.98171995677693,26.420338857396697,28.653593496667465
98.8,23.11981214642725,25.016240491785158,33.58973631240342
98.81,23.186710451968903,21.593685117689752,37.97882561348406
98.82000000000001,21.92729088151408,16.342403537537376,41.12672002002786
98.83,19.27974342501508,9.871070509129662,42.60593714539122
98.84,15.424304908703036,3.00965688450542,42.46779511332706
98.85000000000001,10.723738344451979,-3.4973824073166924,41.19590562911962
98.86,5.612728140453032,-9.175122309362292,39.484558064603895
98.87,0.49584465248432963,-13.809496699452975,37.99394206375136
98.88,-4.3059931421268365,-17.331157057891122,37.189166202623795
98.89,-8.547986900004611,-19.673916823780996,37.29179464798199
98.9,-12.029097786687657,-20.71546246190446,38.275179516209356
98.91,-14.566705500088446,-20.318171535628494,39.86971703592531
98.92,-15.993483348056717,-18.396477715903448,41.648489072164786
98.93,-16.2108779099951,-15.091240286155433,43.103870512889465
98.94,-15.212793063826371,-10.725804168337913,43.85015714422495
98.95,-13.119391963522855,-5.794241726424248,43.720125355710415
98.96000000000001,-10.171407925572762,-0.8222211681189653,42.815978820940686
98.97,-6.679899428334839,3.7624557245969696,41.4361810932575
98.98,-2.9645224338688627,7.687544804509175,39.94890841989396
98.99000000000001,0.6905067848144277,10.819262573476669,38.676035755783296
99.0,4.058936407610997,13.101311510682791,37.82642268907216
99.01,6.969130995302053,14.504979147564612,37.47453813896969
99.02,9.292071161359464,15.0076520287876,37.568858343049236
99.03,10.937531508083573,14.614978997633973,37.95141809543993
99.04,11.839964485159113,13.35920774358147,38.41561239429179
99.05,11.989252597206555,11.368028894160929,38.74287958719067
99.06,11.41396804427885,8.814909407593156,38.769895206156015
99.07000000000001,10.194855743433864,5.926407721117336,38.41272346633689
99.08,8.465266130393177,2.9439083134234507,37.68774292877229
99.09,6.379875034234729,0.06824982229320709,36.686954433451824
99.10000000000001,4.098840705011202,-2.5515818620132684,35.54168270182588
99.11,1.770965464542913,-4.824401456245886,34.388707761919264
99.12,-0.48035461305400595,-6.708054347531131,33.34038649775519
99.13,-2.560295200096082,-8.189853432429008,32.47175876724183
99.14,-4.401116297936314,-9.273120680591019,31.817030701133532
99.15,-5.955439030302838,-9.964813815009048,31.374455599567995
99.16,-7.196830688486991,-10.281014417641956,31.108565653726675
99.17,-8.103078575923583,-10.230184956167786,30.96761679738799
99.18,-8.675587883321128,-9.847078148087899,30.88736579918672
99.19,-8.9209719587392,-9.17313010968271,30.80183324554354
99.2,-8.853599057721953,-8.249927270809431,30.656374689760312
99.21000000000001,-8.503528985656654,-7.139577819017263,30.40893711278407
99.22,-7.906985559895926,-5.902369655947245,30.037630524275993
99.23,-7.111840289589409,-4.604754822411328,29.53840142903502
99.24000000000001,-6.16604393252292,-3.300021622583741,28.923930095235402
99.25,-5.120421097823648,-2.035834298202833,28.217261108963534
99.26,-4.020981030790686,-0.8432540574277831,27.448441164885878
99.27,-2.9086663303307585,0.25623790463481444,26.647600180503193
99.28,-1.8159081418030016,1.2547284063167048,25.843259115970973
99.29,-0.7671266369866347,2.1512929081863983,25.058596412946684
99.3,0.22180295307986797,2.952899734533384,24.31215824641981
99.31,1.1418105269914451,3.6688901224807386,23.616757589591554
99.32000000000001,1.9901911376728942,4.312075416176237,22.981191511848817
99.33,2.7685663126422124,4.894749757513209,22.410405754810128
99.34,3.481306739975845,5.42888228716728,21.907462087720596
99.35000000000001,4.1366385234934056,5.927239283973524,21.47277081295214
99.36,4.741759322826491,6.398289986456858,21.106799381416128
99.37,5.302773441599245,6.849282484000674,20.810691005764888
99.38,5.8326234263275065,7.2900140638546755,20.581727179136326
99.39,6.335987079823226,7.72223884300732,20.420628648717422
99.4,6.81451473757154,8.145546352137936,20.32956945789635
99.41,7.274749173155601,8.561965624731183,20.308655312223937
99.42,7.722961602751629,8.97042252389303,20.35560238828004
99.43,8.155706189562853,9.36293388658449,20.470493304990566
99.44,8.572033888603633,9.732749021283292,20.653430395778575
99.45,8.972344746519065,10.072109530086971,20.90115389167526
99.46000000000001,9.347079146976872,10.366593596374969,21.207069876194456
99.47,9.687293038092356,10.601610143940126,21.565345283743863
99.48,9.986816327799424,10.763487027801988,21.968806840796542
99.49000000000001,10.232578754180302,10.83863238073659,22.400150664153298
99.5,10.410651141141754,10.813012511715513,22.84148718397078
99.51,10.508851560748862,10.671940752213626,23.277999730318626
99.52,10.518905589455418,10.41481328840655,23.68768608311619
99.53,10.432865974386136,10.043885499591521,24.046465349124738
99.54,10.24125020216243,9.557475265088911,24.33473898468316
99.55,9.94681008902184,8.971266671001008,24.538671337588383
99.56,9.555572980721138,8.306302546104154,24.64449624141123
99.57000000000001,9.071017566826539,7.57751115957759,24.643565718090272
99.58,8.50884557911825,6.810199075289616,24.538044884000016
99.59,7.884180320483738,6.028403270084231,24.330257721752986
99.60000000000001,7.212364081593006,5.250120335646898,24.028747807303006
99.61,6.513761144720956,4.495693693600199,23.647597199697834
99.62,5.804543004858083,3.778984833634339,23.19862370621934
99.63,5.099916233895405,3.1086384508740545,22.696998608192516
99.64,4.414650052891483,2.492271383918144,22.157319705504072
99.65,3.758215212363118,1.9312240214861736,21.590898785307974
99.66,3.1380914341513853,1.4244960023398927,21.00937284270174
99.67,2.5600008313032228,0.9697668393889121,20.422202294477646
99.68,2.025460914719872,0.5618740368334699,19.835820731427955
99.69,1.5349605210632022,0.19508808052354573,19.25626766121573
99.7,1.0865074880744825,-0.1373394171293673,18.687597233452326
99.71000000000001,0.6767105989162263,-0.44258254508635103,18.132871882412623
99.72,0.30109453741562503,-0.727958973267509,17.59423499652577
99.73,-0.04586292758344501,-1.0010096579882308,17.07323712431302
99.74000000000001,-0.3699871241739567,-1.2691456843201898,16.571045243431726
99.75,-0.6778249282196956,-1.540001829685743,16.08861208778739
99.76,-0.9762520653740698,-1.8212967609196216,15.626827760819886
99.77,-1.2722096895267314,-2.1209777583088303,15.18683788817948
99.78,-1.573419582605817,-2.447435724452376,14.769893758001391
99.79,-1.887298793978546,-2.8096456836372488,14.378141151893825
99.8,-2.2223406715617644,-3.217080783540382,14.013851574337307
99.81,-2.5872847181737044,-3.6807429286694093,13.681239742268327
99.82000000000001,-2.9914046787403756,-4.211827894038344,13.384704374341494
99.83,-3.4454654625207835,-4.823574982045791,13.131856505190928
99.84,-3.9603530503719364,-5.530149297706371,12.931898494860267
99.85000000000001,-4.548576355171856,-6.345993642440198,12.79720742023831
99.86,-5.2232648625753395,-7.287168898937039,12.746615348795705
99.87,-5.998624126890203,-8.36905585817807,12.800118215340966
99.88,-6.887678456538364,-9.601606194145356,12.990874256774509
99.89,-7.9041272977015105,-10.994835772270584,13.356126168616603
99.9,-9.058421862568887,-12.54410774915982,13.943247609863457
99.91,-10.347206073902594,-14.217479917084212,14.81044463747555
99.92,-11.76699244987812,-15.974183099099537,16.021271707430238
99.93,-13.2844720021873,-17.712975794601764,17.63089927824718
99.94,-14.849959194786209,-19.2973140016053,19.687712348678026
99.95,-16.368647156078634,-20.522723897842546,22.18411380260513
99.96000000000001,-17.714914766188254,-21.1496365308224,25.054673644194658
99.97,-18.71744165539746,-20.92135092288696,28.121819812825567
99.98,-19.196094994443428,-19.654309275023223,31.11255944129129
99.99000000000001,-18.977856522311207,-17.26993582688937,33.700529892031405
