t,x,y,z
0.0,1.0,1.0,1.0
0.01,1.142191513332372,1.0095783707936437,0.7823569038176843
0.02,1.2822562337250354,1.0182698502840362,0.5609154942102583
0.03,1.4201440024098873,1.0260308343796953,0.336022953366529
0.04,1.5557940508963004,1.032824129832359,0.10805655018534033
0.05,1.689145610693647,1.038612543393765,-0.12260644643446372
0.06,1.8201386124637866,1.0433584492359493,-0.3555904665006373
0.07,1.9487382340634785,1.0470119373627875,-0.5905791489563281
0.08,2.074892867221699,1.0495428674186928,-0.8272093236690105
0.09,2.198536295032887,1.0509317315401563,-1.0650812997977952
0.1,2.3196023005914816,1.0511590218636682,-1.3037953865017942
0.11,2.43802472490412,1.0502051082796968,-1.5429521036333649
0.12,2.5537472314154144,1.0480349043126358,-1.7821902875790432
0.13,2.6667133806926535,1.0446313912778056,-2.02115713025013
0.14,2.7768606183538123,1.0399942043131865,-2.2594794083635747
0.15,2.8841263900168643,1.034122978556758,-2.4967838986363273
0.16,2.9884481412997843,1.0270173491465007,-2.732697377785338
0.17,3.0897633178205464,1.0186769512203944,-2.966846622527556
0.18,3.1879999778523302,1.0090826743206327,-3.1988611956757067
0.19,3.2830964382233754,0.9982252704364216,-3.4284241987279658
0.2,3.375008159951426,0.9861238552308049,-3.6552449201862167
0.21,3.463690619567881,0.9727975720834139,-3.8790326613266757
0.22,3.549099293604142,0.9582655643738792,-4.099496723425561
0.23,3.6311896585916066,0.942546975481832,-4.316346407759086
0.24,3.7099171910616757,0.925660948786903,-4.529291015603471
0.25,3.7852362060127174,0.9076259911453077,-4.738038099062148
0.26,3.857046327370821,0.888429914618899,-4.942229118066221
0.27,3.925297128414844,0.8680857454627019,-5.141629250776308
0.28,3.989978679538055,0.8466283096396219,-5.336073488197313
0.29,4.051081051133719,0.8240924331125643,-5.525396821334137
0.3,4.108594313595107,0.8005129418444344,-5.709434241191688
0.31,4.1625085373154835,0.7759246617981375,-5.888020738774867
0.32,4.2128137926881175,0.750362418936579,-6.06099130508858
0.33,4.259500150106276,0.7238610392226639,-6.228180931137728
0.34,4.3025576799632255,0.6964553486192979,-6.389424607927216
0.35000000000000003,4.341963689138431,0.6681762782614621,-6.544536829487339
0.36,4.377609608518825,0.6390269793159488,-6.693212084894278
0.37,4.409495563615378,0.6090408836887262,-6.835352250568069
0.38,4.43764974086328,0.57825971389352,-6.970907361854595
0.39,4.462100326697721,0.5467251924440556,-7.0998274540997395
0.4,4.482875507553893,0.5144790418540581,-7.222062562649387
0.41000000000000003,4.500003469866986,0.481562984637253,-7.33756272284942
0.42,4.513512400072191,0.4480187433073657,-7.446277970045721
0.43,4.523430484604699,0.41388804037812105,-7.548158339584177
0.44,4.5297859098997,0.37921259836324483,-7.6431538668106676
0.45,4.53258817340238,0.34403047352480715,-7.731179476884543
0.46,4.531781545529074,0.30836503802548987,-7.81203448250621
0.47000000000000003,4.527406469132915,0.2722558325344634,-7.885708766950446
0.48,4.519517388930432,0.23574498011609066,-7.952219121110037
0.49,4.508168749638154,0.19887460383473382,-8.011582335877769
0.5,4.493414995972608,0.16168682675475565,-8.063815202146426
0.51,4.475310572650325,0.1242237719405189,-8.108934510808792
0.52,4.453909924387831,0.08652756245638615,-8.146957052757655
0.53,4.429255158885817,0.04863924049148856,-8.177871559740876
0.54,4.401344721141391,0.010594932035875124,-8.20156524851011
0.55,4.370242417165034,-0.027565084455362793,-8.218070804403563
0.56,4.336021737160437,-0.0657997798365042,-8.227442740365062
0.5700000000000001,4.29875617133129,-0.1040681249618281,-8.22973556933843
0.58,4.258519209881283,-0.14232909068561325,-8.2250038042675
0.59,4.215384343014104,-0.1805416478621395,-8.213301958096094
0.6,4.169417065816808,-0.21866472967901152,-8.194663218221029
0.61,4.120649728634069,-0.2566576597472991,-8.169026048438871
0.62,4.06916266511214,-0.29448082830983063,-8.13644718626423
0.63,4.015044443120294,-0.33209472321583566,-8.09700465291983
0.64,3.958383630527804,-0.3694598323145436,-8.050776469628408
0.65,3.8992687952039438,-0.4065366434551839,-7.997840657612688
0.66,3.837788505017985,-0.44328564448698604,-7.938275238095401
0.67,3.7740053482727833,-0.4796642827343064,-7.872075352561629
0.68,3.707972526361058,-0.5156289459221154,-7.799192524798391
0.6900000000000001,3.6397948918933536,-0.5511420959145794,-7.719732845326684
0.7000000000000001,3.5695781731495186,-0.5861662973170434,-7.633805108122301
0.71,3.4974280984094013,-0.6206641147348518,-7.541518107161037
0.72,3.4234503959528477,-0.6545981127733507,-7.4429806364186835
0.73,3.3477507940597064,-0.6879308560378844,-7.338301489871033
0.74,3.270435021009826,-0.7206249091337981,-7.227589461493881
0.75,3.191608213054479,-0.7526426826931848,-7.110950905719133
0.76,3.111322547352889,-0.7839329211773999,-6.988271500396977
0.77,3.0296591266992148,-0.81445223680666,-6.859548239287946
0.78,2.946738123681404,-0.844167471375215,-6.72493754682939
0.79,2.8626797108874067,-0.8730454666773146,-6.58459584745866
0.8,2.777604060905171,-0.9010530645072088,-6.438679565613106
0.81,2.6916313463226467,-0.9281571066591472,-6.287345125730078
0.8200000000000001,2.604881739727782,-0.9543244349273797,-6.130748952246927
0.8300000000000001,2.517475413708527,-0.9795218911061561,-5.969047469601001
0.84,2.429532540852831,-1.0037163169897259,-5.802397102229656
0.85,2.341173293430897,-1.0268745541764717,-5.630954272739286
0.86,2.2524762996214656,-1.0489388483031823,-5.454643829286403
0.87,2.1635247688292556,-1.0698582996498684,-5.273448114153809
0.88,2.0744450509366357,-1.0896096038581065,-5.087605790944182
0.89,1.9853634958259747,-1.1081694565694726,-4.897355523260199
0.9,1.8964064533796416,-1.125514553425543,-4.702935974704538
0.91,1.8077002734800054,-1.1416215900678943,-4.504585808879875
0.92,1.7193713060094349,-1.1564672621381025,-4.302543689388887
0.93,1.6315459008502984,-1.170028265277744,-4.097048279834253
0.9400000000000001,1.5443504078849655,-1.1822812951283952,-3.888338243818649
0.9500000000000001,1.4579111769958049,-1.1932030473316324,-3.676652244944752
0.96,1.3723457726806372,-1.202764467029848,-3.4621878210630306
0.97,1.2877432383126708,-1.2109237791429432,-3.2450435877334325
0.98,1.2042184712835782,-1.2176634592311544,-3.025481798208684
0.99,1.1218894759210074,-1.2229683443957353,-2.8037811564440673
1.0,1.0408742565526066,-1.2268232717379406,-2.5802203663948626
1.01,0.9595057448252886,-1.2292073025568786,-2.355077949124703
1.02,0.8754370823765586,-1.2301340790465745,-2.1285674947330264
1.03,0.7882887501882757,-1.2296447392418732,-1.900865532171218
1.04,0.6976856291515801,-1.2277804579094311,-1.6721485511713936
1.05,0.6032691886315662,-1.2245815697802207,-1.4425961004259933
1.06,0.5050396555309824,-1.2200777037032076,-1.2124214461540221
1.07,0.40301247313412464,-1.2143150993827592,-0.9817650960457381
1.08,0.2971240149423001,-1.2073463233629713,-0.7507428790322405
1.09,0.18731065445681644,-1.199223942187939,-0.5194706240446277
1.1,0.07350876517898086,-1.1900005224017578,-0.2880641600139997
1.11,-0.044293038503524784,-1.179716252734244,-0.0566999563114956
1.12,-0.16609181140235915,-1.1684048503674398,0.17440394307374935
1.1300000000000001,-0.2920172723616543,-1.1561289368128285,0.4051629864348142
1.1400000000000001,-0.42220246863241184,-1.1429518879673004,0.6354962080360366
1.1500000000000001,-0.5567804474656329,-1.128937079727746,0.8653226421417546
1.16,-0.6958842561123162,-1.1141478879910562,1.094561323016301
1.17,-0.8396469418234688,-1.098647688654121,1.3231312849240238
1.18,-0.9881277329856298,-1.0824993941777123,1.5509509728939768
1.19,-1.135880198857901,-1.0657161699414455,1.7778416148204106
1.2,-1.27938714065071,-1.0482759358275944,2.0034736778757596
1.21,-1.4185396674038764,-1.0301689281910815,2.2275129730638943
1.22,-1.5532288881572185,-1.0113853833868298,2.4496253113886852
1.23,-1.6833459119505552,-0.9919155377697617,2.6694765038540016
1.24,-1.808781847823706,-0.9717496276947998,2.8867323614637157
1.25,-1.9294278048164895,-0.9508778895168668,3.1010586952216967
1.26,-2.045278247430249,-0.9292699508693023,3.3121442609345753
1.27,-2.156483496313813,-0.9068916556395463,3.5197358401856182
1.28,-2.2630662065614855,-0.8837552608896556,3.7235698603661933
1.29,-2.3650457442038673,-0.8598738908268116,3.923382200071991
1.3,-2.46244147527156,-0.8352606696581958,4.118908737898703
1.31,-2.555272765795165,-0.8099287215909896,4.309885352442018
1.32,-2.643558981805283,-0.7838911708323744,4.496047922297629
1.33,-2.727319489332516,-0.7571611415895314,4.677132326061226
1.34,-2.8065742457975436,-0.7297262885463363,4.852852320119198
1.35,-2.8813546550292934,-0.701572108352162,5.0229911013494055
1.36,-2.9516987935940553,-0.6727298082893561,5.1874199677467
1.37,-3.0176447675107054,-0.6432310340141336,5.346010846069339
1.3800000000000001,-3.079230682798122,-0.6131074311827093,5.498635663075576
1.3900000000000001,-3.1364946454751816,-0.5823906454512979,5.645166345523668
1.4000000000000001,-3.189474761560762,-0.5511123224761145,5.785474820171871
1.41,-3.238209137073739,-0.5193041079133748,5.919433013778436
1.42,-3.282735878032992,-0.48699764741929197,6.0469128531016265
1.43,-3.3230930904573976,-0.4542245866500819,6.167786264899695
1.44,-3.3593058516515826,-0.421003155000619,6.281894967904787
1.45,-3.3913941133927086,-0.3873364891069165,6.38909719408131
1.46,-3.4194189045953904,-0.3532610116922368,6.48937249286932
1.47,-3.443442787518886,-0.3188145420031333,6.582704496711206
1.48,-3.463528324422453,-0.28403489928615944,6.669076838049359
1.49,-3.479738077565348,-0.24895990278786848,6.748473149326171
1.5,-3.4921346092068286,-0.21362737175481372,6.82087706298403
1.51,-3.5007804816061525,-0.17807512543354864,6.886272211465328
1.52,-3.5057382570225766,-0.14234098307062631,6.944642227212455
1.53,-3.5070457658670477,-0.10645301629629583,6.9959059882953705
1.54,-3.5047506570095894,-0.07043949990240043,7.040017088779141
1.55,-3.498930597181027,-0.034338693715929014,7.077012252729564
1.56,-3.48966325325688,0.0018111423839592966,7.1069282046032205
1.57,-3.4770262921126673,0.03797174851810553,7.129801668856689
1.58,-3.4610973806239085,0.07410486480735048,7.14566936994655
1.59,-3.4419483768475723,0.11017305394743154,7.1545495322451735
1.6,-3.419632206104861,0.14614241751008603,7.156397942306174
1.61,-3.3942340396574986,0.18197572046800897,7.1512700163956655
1.62,-3.3658435961876516,0.21763515925711113,7.1392354653716215
1.6300000000000001,-3.334550594377489,0.2530829303133032,7.1203640000920165
1.6400000000000001,-3.3004447529091774,0.28828123007249584,7.094725331414823
1.6500000000000001,-3.2636107853777254,0.3231922100720612,7.062370707107068
1.6600000000000001,-3.2241062204091806,0.3577782237185363,7.023246509734346
1.67,-3.182026069634586,0.3920027223191475,6.977429559433667
1.68,-3.1374734767555847,0.4258292941510012,6.92502601612499
1.69,-3.0905515854738224,0.4592215274912015,6.866142039728278
1.7,-3.0413635394909426,0.49214301061685306,6.800883790163494
1.71,-2.990012482508591,0.524557331805061,6.729357427350598
1.72,-2.9366015582284115,0.5564280793329299,6.651669111209553
1.73,-2.8812222497222297,0.5877169633967684,6.567870881629629
1.74,-2.8239361487508314,0.6183817258606297,6.4778714795648975
1.75,-2.7648530654358043,0.6483889424712341,6.381797677812611
1.76,-2.7040879776702464,0.6777060717156504,6.279799962106702
1.77,-2.641755863347256,0.7063005720809477,6.172028818181107
1.78,-2.5779717003599316,0.7341399020541941,6.058634731769756
1.79,-2.512850466601372,0.7611915201224588,5.939768188606586
1.8,-2.446507139964675,0.7874228847728103,5.81557967442553
1.81,-2.3790566983429393,0.8128014544923176,5.686219674960521
1.82,-2.310612913878341,0.8372940726588455,5.551830891560272
1.83,-2.2412520337781876,0.8608497626976171,5.4123198651515425
1.84,-2.1710744261913524,0.8834334598850012,5.267765495135347
1.85,-2.1002004912642662,0.9050209084802782,5.118378728088343
1.86,-2.0287506291433606,0.9255878527427284,4.96437051058719
1.87,-1.9568452399750667,0.9451100369316323,4.805951789208545
1.8800000000000001,-1.8846047239058152,0.9635632053062707,4.643333510529066
1.8900000000000001,-1.8121494810820375,0.9809231021259237,4.476726621125412
1.9000000000000001,-1.7395999116501653,0.9971654716498719,4.30634206757424
1.9100000000000001,-1.6670764157566291,1.0122660581373957,4.132390796452209
1.92,-1.5946989731875285,1.0262000585091287,3.9550797432941933
1.93,-1.5225666327733103,1.0389198244264972,3.7744409546152196
1.94,-1.4507835053811533,1.0503971468895972,3.5906271533264564
1.95,-1.3794639823349257,1.0606194800998372,3.403901985898304
1.96,-1.308722454958496,1.0695742782586268,3.2145290988011634
1.97,-1.2386733145757318,1.0772489955673754,3.0227721385054354
1.98,-1.1694309525105018,1.0836310862274918,2.8288947514815197
1.99,-1.101109760086674,1.0887080044403856,2.633160584199818
2.0,-1.0338191324946926,1.0924671182791639,2.435833338009206
2.0100000000000002,-0.9657144848531287,1.094873029204397,2.237176839914664
2.02,-0.8951453259928123,1.0959329676503515,2.03737601377752
2.0300000000000002,-0.8219803437323535,1.0956891614838589,1.8365818823160134
2.04,-0.7460882258903756,1.09418383857175,1.6349454682484157
2.05,-0.6673376602854917,1.0914592267808556,1.4326177942929736
2.06,-0.5855973347363148,1.087557553978007,1.2297498831679332
2.07,-0.5007359370614689,1.0825210480300356,1.0264927575915668
2.08,-0.4126221550795628,1.0763919368037715,0.8229974402821119
2.09,-0.3212459354011671,1.0691957097783147,0.6194573284351652
2.1,-0.22666571272114275,1.0609592091559925,0.4160338994238091
2.11,-0.12881263594937148,1.051733195850874,0.2128113391590606
2.12,-0.027617453970985972,1.0415684950896404,0.00987364676111413
2.13,0.07698908432886326,1.030515932098975,-0.19269517864980057
2.14,0.18507623006504403,1.018626332105559,-0.39481113795348866
2.15,0.2967082557318298,1.0059492662638165,-0.5963826612696874
2.16,0.41190950846413577,0.9925220169653666,-0.7972400428980644
2.17,0.5307775816439209,0.9783956989491309,-0.9972889112127099
2.18,0.6534310833679258,0.9636261976382149,-1.196462769946078
2.19,0.7799886217328698,0.9482693984557261,-1.3946951228305875
2.2,0.9105428603102477,0.932385344378477,-1.5919174584317346
2.21,1.0435794669950023,0.9160303545000826,-1.7880014912217315
2.22,1.175439002950756,0.8992040454378227,-1.9827520262092797
2.23,1.3027394813426418,0.8818976657977184,-2.1759640758978924
2.24,1.4253927204796804,0.8640905091405436,-2.3673802716614505
2.25,1.5436257827132878,0.8457655235191731,-2.5567361584331585
2.2600000000000002,1.6574953023880576,0.8268909592058497,-2.7437757476751976
2.27,1.767064002326772,0.8074325925043475,-2.9282602369606114
2.2800000000000002,1.8723557300569496,0.7873951323924513,-3.109949783904583
2.29,1.9733934698781388,0.7667841255605136,-3.288604397172559
2.3000000000000003,2.0702002060899067,0.7456051186988834,-3.4639840854300177
2.31,2.162798922991802,0.7238636584979132,-3.635848857342406
2.32,2.2512126048833876,0.7015652916479532,-3.8039587215751944
2.33,2.335464236064224,0.6787155648393531,-3.9680736867938533
2.34,2.415582880205282,0.6553110076004413,-4.127953237450076
2.35,2.4916301300403387,0.6313131072036122,-4.283395092619279
2.36,2.5636448616197316,0.6067370269736629,-4.434261025861069
2.37,2.6316609663645485,0.581606680701615,-4.5804174577976875
2.38,2.695712335695864,0.5559459821784949,-4.721730809051347
2.39,2.755832861034764,0.5297788451953243,-4.858067500244285
2.4,2.812056433802324,0.5031291835431296,-4.989293951998719
2.41,2.8644169454196287,0.4760209110129325,-5.1152765849368835
2.42,2.9129482873077546,0.44847794139575936,-5.235881819680996
2.43,2.957684350887787,0.42052418848263184,-5.350976076853293
2.44,2.9986571160718727,0.39217732552472007,-5.460416646940301
2.45,3.0358968071514965,0.363427485635629,-5.564054224208921
2.46,3.069454694341815,0.33429992567477895,-5.661842782306879
2.47,3.099384697471633,0.3048261969672356,-5.753749143787968
2.48,3.1257407363697483,0.27503785083806986,-5.839740131205964
2.49,3.1485767308649644,0.2449664386123475,-5.919782567114661
2.5,3.167946600786081,0.21464351161513934,-5.993843274067834
2.5100000000000002,3.1839042659619006,0.18410062117151116,-6.061889074619278
2.52,3.196503646221223,0.15336931860653386,-6.12388679132277
2.5300000000000002,3.205793858228779,0.12247813178761265,-6.179789086474821
2.54,3.211807800340953,0.09144267414751303,-6.229505990936901
2.5500000000000003,3.2146079881282934,0.06029319446835461,-6.273042526865694
2.56,3.214261339664859,0.029062451092454256,-6.310417196718825
2.57,3.2108347730247084,-0.0022167976378754117,-6.341648502953924
2.58,3.2043952062819003,-0.03351179338032162,-6.36675494802862
2.59,3.1950088663598875,-0.06478992419287793,-6.385752723191917
2.6,3.1827227217335876,-0.09602314854648944,-6.398593276394774
2.61,3.167602535603737,-0.1271807777200129,-6.405289973406361
2.62,3.149726132608319,-0.15822978533632304,-6.405896361733445
2.63,3.12917133738532,-0.18913714501828893,-6.400465988882793
2.64,3.106015974572723,-0.2198698303887853,-6.389052402361168
2.65,3.0803378688085146,-0.25039481507068134,-6.371709149675337
2.66,3.0521994362361675,-0.2806800034057395,-6.34843063484354
2.67,3.0216608849749287,-0.31069440187348635,-6.319198004469203
2.68,2.9888112224834233,-0.3404059547190109,-6.284099604081991
2.69,2.9537397898606095,-0.3697825902124847,-6.2432250392222945
2.7,2.91653592820544,-0.3987922366240848,-6.196663915430498
2.71,2.877288978616874,-0.4274028222239829,-6.14450583824699
2.72,2.836088282193862,-0.4555822752823558,-6.086840413212156
2.73,2.79302246764766,-0.4832984368020028,-6.02375391839633
2.74,2.748148559111344,-0.5105157450884383,-5.955183595909042
2.75,2.701545922826564,-0.537202747032342,-5.88116690495536
2.7600000000000002,2.653314310177257,-0.5633307309154405,-5.801835783997544
2.77,2.6035534725473704,-0.5888709850194556,-5.717322171497865
2.7800000000000002,2.5523631613208417,-0.6137947976261138,-5.627758005918581
2.79,2.499843127881618,-0.6380734570171371,-5.533275225721964
2.8000000000000003,2.4460931236136365,-0.6616782514742519,-5.434005769370272
2.81,2.391212899900845,-0.6845804692791801,-5.330081575325779
2.82,2.3353022081271826,-0.7067513987136473,-5.221634582050744
2.83,2.2784439645302816,-0.7281548030747074,-5.108689054347048
2.84,2.220707484881572,-0.7487512499643885,-4.9911937073231565
2.85,2.162196398598905,-0.7685189862945163,-4.8693260055793575
2.86,2.1030152371237265,-0.7874366923421044,-4.743269302533739
2.87,2.0432685318974757,-0.80548304838417,-4.613206951604369
2.88,1.983060814361599,-0.8226367346977264,-4.479322306209337
2.89,1.9224966159575345,-0.8388764315597905,-4.341798719766708
2.9,1.8616804681267296,-0.8541808192473763,-4.200819545694573
2.91,1.8007169023106213,-0.8685285780375004,-4.056568137410997
2.92,1.7397104499506575,-0.8818983882071766,-3.90922784833407
2.93,1.6787595359138066,-0.8942591119081593,-3.7589116434472736
2.94,1.617946693433744,-0.9055636731173474,-3.605601727208874
2.95,1.557369783450732,-0.9158003028074443,-3.449515128768452
2.96,1.497128035298051,-0.9249598038119968,-3.2908866775505627
2.97,1.437320678308971,-0.9330329789645538,-3.129951202979734
2.98,1.378046941816772,-0.9400106310986622,-2.9669435344805226
2.99,1.3194060551547246,-0.9458835630478706,-2.8020985014774555
3.0,1.2614972476561093,-0.9506425776457261,-2.635650933395089
3.0100000000000002,1.204419748654196,-0.9542784777257771,-2.4678356596579496
3.02,1.1482727874822651,-0.9567820661215712,-2.298887509690595
3.0300000000000002,1.0934768141903515,-0.9581355705781709,-2.1290093236407275
3.04,1.040202273909925,-0.9583165393459763,-1.9583525212614825
3.0500000000000003,0.9871679630067637,-0.9573304967198554,-1.7871406499651319
3.06,0.9330394873268384,-0.9551841443991491,-1.615600923926467
3.0700000000000003,0.8768278037541128,-0.9518927594554448,-1.443940788694614
3.08,0.818525102922173,-0.9474933545784905,-1.2723104681841977
3.09,0.7581481922968596,-0.9420217648563549,-1.100858060271917
3.1,0.6957122172609201,-0.9355133353584583,-0.9297341719124169
3.11,0.6312710213809373,-0.9279873982911478,-0.7591781770716424
3.12,0.5648399245058766,-0.9194771400175344,-0.5893432477256946
3.13,0.49640666485843166,-0.9100265052218118,-0.42031996752854595
3.14,0.4259589806612838,-0.8996794385881723,-0.25219892013413925
3.15,0.3534846101371267,-0.8884798848008101,-0.08507068919644711
3.16,0.2789712915086415,-0.8764717885439172,0.08097414163058791
3.17,0.202406762998522,-0.863699094501688,0.24584498869299354
3.18,0.12377876282944922,-0.8502057473583144,0.4094512683368262
3.19,0.04310676337293106,-0.8360263559433606,0.5716421619307297
3.2,-0.0395674703855923,-0.8211833743349183,0.7322061522132846
3.21,-0.12430278368269904,-0.8057235044236299,0.8911051142544248
3.22,-0.21116244121404398,-0.7896946250823058,1.0483089071134168
3.23,-0.30020970767526683,-0.7731446151837584,1.2037873898494982
3.24,-0.39150784776202274,-0.7561213536007981,1.3575104215219354
3.25,-0.48512012616995104,-0.7386727192062376,1.5094478611899662
3.2600000000000002,-0.5811098075947074,-0.7208465908728867,1.6595695679128566
3.27,-0.6795340005578299,-0.7026894384689849,1.8078311206481392
3.2800000000000002,-0.780426712277239,-0.6842397684990329,1.9541063347488359
3.29,-0.8838800253272137,-0.6655449066797546,2.0983566425194113
3.3000000000000003,-0.989996249206753,-0.6466541571764036,2.240563384688853
3.31,-1.0958976373907972,-0.6276050494433032,2.380681542397343
3.3200000000000003,-1.1977346535170819,-0.6083933412920756,2.5185727678770986
3.33,-1.2955128160723568,-0.5890068686203646,2.6540810909790298
3.34,-1.389264387033547,-0.5694290142259705,2.7870513471838523
3.35,-1.4791087720419471,-0.5496117599763477,2.9173414047234
3.36,-1.5651092287477186,-0.5295502859323195,3.044816145468894
3.37,-1.647307953423438,-0.5092512433756448,3.1693399064273216
3.38,-1.725747142341667,-0.488721283588086,3.2907770246056485
3.39,-1.8004689917749812,-0.4679670578514019,3.4089918370108623
3.4,-1.871515697995943,-0.44699521744735515,3.5238486806499285
3.41,-1.9389294572771278,-0.42581241365770434,3.635211892529834
3.42,-2.0027524658910982,-0.40442529776421204,3.7429458096575443
3.43,-2.0630269201104294,-0.38284052104863703,3.8469147690400467
3.44,-2.119805902162032,-0.36105713723451993,3.946985544309833
3.45,-2.1732023121719433,-0.3390384551893889,4.043067050884247
3.46,-2.2232761857732757,-0.3167942249522952,4.135102089832048
3.47,-2.270075888857405,-0.2943430501992178,4.223034246083657
3.48,-2.3136497873156974,-0.2717035346061398,4.306807104569471
3.49,-2.3540462470395283,-0.24889428184904008,4.386364250219911
3.5,-2.391313633920264,-0.2259338956039017,4.461649267965376
3.5100000000000002,-2.4255003138492794,-0.20284097954670363,4.532605742736283
3.52,-2.4566546527179423,-0.17963413735342892,4.599177259463035
3.5300000000000002,-2.4848250164176253,-0.15633197270005653,4.661307403076048
3.54,-2.510060699176931,-0.13295147009033592,4.718937982005072
3.5500000000000003,-2.5324263753561738,-0.10948835490707826,4.772002384100907
3.56,-2.551983514728975,-0.08595624797186652,4.820486581779299
3.5700000000000003,-2.568789807130214,-0.06237689383751159,4.864389559602987
3.58,-2.5829029423947674,-0.03877203705682852,4.9037103021347015
3.59,-2.5943806103575136,-0.015163422182629227,4.938447793937179
3.6,-2.60328050085333,0.008427206232274304,4.968601019573157
3.61,-2.6096599936881395,0.03197836988150477,4.994167048148732
3.62,-2.6135684850583196,0.05547649525456354,5.015092414536134
3.63,-2.615064935049406,0.07890263194709718,5.031379472265463
3.64,-2.614213769758165,0.10223359490229006,5.0430638159127525
3.65,-2.6110794152813623,0.12544619906332247,5.0501810400540394
3.66,-2.6057262977157625,0.14851725937337878,5.052766739265356
3.67,-2.5982188431581323,0.17142359077563932,5.050856508122738
3.68,-2.5886213750446294,0.19414203879986178,5.044485365744436
3.69,-2.576986288845941,0.21665346213632308,5.033620750824293
3.7,-2.5633744125327715,0.23893773294148268,5.018274981839072
3.71,-2.5478568217255066,0.2609719841111985,4.9985173285397195
3.72,-2.530504592044529,0.28273334854133214,4.9744170606771805
3.73,-2.511388799110225,0.3041989591277416,4.946043448002404
3.74,-2.490580518542976,0.32534594876628853,4.913465760266332
3.75,-2.46815082596317,0.3461514503528309,4.876753267219915
3.7600000000000002,-2.444170252631132,0.36659256931438966,4.835971710273863
3.77,-2.4186921015607545,0.38664610140317024,4.791075047536321
3.7800000000000002,-2.3917830798121607,0.4062910619504354,4.742103796803076
3.79,-2.363520016800641,0.42550723299715054,4.689164032094791
3.8000000000000003,-2.3339797419414823,0.4442743965842846,4.632361827432115
3.81,-2.3032390846499746,0.462572334752803,4.57180325683571
3.8200000000000003,-2.271374874341404,0.48038082954367456,4.507594394326228
3.83,-2.238463940431062,0.4976796629978648,4.439841313924329
3.84,-2.2045831123342343,0.5144486171563417,4.368650089650666
3.85,-2.169809219466209,0.5306674740600732,4.294126795525894
3.86,-2.1342135890151828,0.5463128061732163,4.216326170897209
3.87,-2.0978553405614253,0.5613565823104163,4.135200926346375
3.88,-2.060811060264938,0.5757838161291409,4.050880195110881
3.89,-2.023158813618301,0.589580489554514,3.963507408831046
3.9,-1.9849766661141004,0.6027325845116571,3.8732259991472047
3.91,-1.9463426832449162,0.615226082925694,3.780179397699677
3.92,-1.9073349305033354,0.6270469667217463,3.6845110361287983
3.93,-1.8680314733819374,0.6381812178249375,3.586364346074887
3.94,-1.8285103773733091,0.6486148181603895,3.485882759178279
3.95,-1.7888497079700305,0.6583337496532256,3.383209707079293
3.96,-1.749127368978214,0.6673229834110692,3.2784817280716543
3.97,-1.7094160700231016,0.6755481871083476,3.1716944690004976
3.98,-1.6697863990423685,0.6829946359980263,3.0629542023364227
3.99,-1.6303098309527448,0.6896579623671301,2.952434451163694
4.0,-1.5910578406709677,0.6955337985026825,2.840308738566597
4.01,-1.552101903113769,0.7006177766917081,2.7267505876294
4.0200000000000005,-1.5135134931978789,0.7049055292212315,2.6119335214363675
4.03,-1.4753640858400376,0.7083926883782761,2.496031063071794
4.04,-1.4377251559569757,0.7110748864498666,2.3792167356199436
4.05,-1.4006681784654262,0.712947755723027,2.2616640621650914
4.0600000000000005,-1.36426462828212,0.7140069284847819,2.1435465657915005
4.07,-1.3285908059083857,0.7142359062336617,2.024992775643698
4.08,-1.2937194848644495,0.7136135472309748,1.9060978040190402
4.09,-1.2597087902786037,0.7121450107709456,1.787041701207505
4.1,-1.226616587275541,0.7098359964675753,1.6680063857748202
4.11,-1.1945007409799513,0.7066922039348645,1.5491737762867022
4.12,-1.1634191165165324,0.702719332786815,1.4307257913089
4.13,-1.1334295790099744,0.6979230826374273,1.3128443494071305
4.14,-1.1045899935849697,0.6923091531007026,1.1957113691471204
4.15,-1.0769810083469755,0.6858818736632734,1.0795081542867575
4.16,-1.0509713503231068,0.6786247796904917,0.9644002418415509
4.17,-1.0263861164018557,0.670545850805843,0.8505488365221932
4.18,-1.0028502764960554,0.6616639691179073,0.7381179339503018
4.19,-0.9799888005185381,0.6519980167352644,0.6272715297474842
4.2,-0.957426658382141,0.6415668757664964,0.5181736195353777
4.21,-0.9348206148839142,0.6303895574239392,0.4109880880895266
4.22,-0.9123086669998287,0.618489117034641,0.30586392548999297
4.23,-0.890050279673331,0.6058929850939813,0.20292293084674906
4.24,-0.8681295456682913,0.5926287655308708,0.10228413391410252
4.25,-0.846630557748574,0.5787240622742178,0.004066564446333187
4.26,-0.8256374086780454,0.5642064792529313,-0.0916107478022693
4.2700000000000005,-0.8052283624882334,0.5491017741308425,-0.18460507502571316
4.28,-0.7854830442296723,0.5334348303511319,-0.2747783648510701
4.29,-0.7664914308874202,0.517232978915316,-0.36203410649806617
4.3,-0.7483435594127285,0.50052356713935,-0.44627603123096876
4.3100000000000005,-0.7311294667568471,0.4833339423391875,-0.5274078703140525
4.32,-0.7149391898710304,0.46569145183078686,-0.6053333550115703
4.33,-0.699853633230701,0.4476233644055942,-0.6799254351913366
4.34,-0.6859567180472241,0.42915555489789314,-0.7510616066176482
4.3500000000000005,-0.673347909111435,0.4103131630070889,-0.8186683153581996
4.36,-0.6621267333993048,0.39112132701720287,-0.8826722093568629
4.37,-0.6523927178868009,0.3716051852122513,-0.9429999365575287
4.38,-0.6442453895498921,0.351789875876252,-0.9995781449040811
4.39,-0.637783615772943,0.3317006594627415,-1.0523321183481604
4.4,-0.6330854350296926,0.31136628108561876,-1.1011404684057664
4.41,-0.6302519539966729,0.2908101663089865,-1.1459194147710863
4.42,-0.6293990496567834,0.270052827714108,-1.1866140120752702
4.43,-0.630642598992924,0.24911477788224828,-1.223169314949464
4.44,-0.634098478987995,0.2280165293946707,-1.2555303780248155
4.45,-0.6398825666248957,0.206778594832644,-1.283642255932465
4.46,-0.6481107232943438,0.1854214904935433,-1.3074499870506011
4.47,-0.6588728334783084,0.16397185811393752,-1.3268683438368163
4.48,-0.6722788894253015,0.14245129617449265,-1.3418208784981318
4.49,-0.6884709555079087,0.12087369946454833,-1.35226166773318
4.5,-0.7075910960987196,0.09925296277343842,-1.3581447882405975
4.51,-0.7297813755703226,0.07760298089049875,-1.3594243167190196
4.5200000000000005,-0.7551838582953082,0.05593764860506317,-1.3560543298670806
4.53,-0.7839415346693764,0.034271265339203195,-1.3479881997754004
4.54,-0.8162149993633699,0.012626249856224247,-1.3351624648398117
4.55,-0.8521380390217398,-0.008985593328109984,-1.3175252059246607
4.5600000000000005,-0.8918319779354192,-0.030557737672251922,-1.2950326372807641
4.57,-0.9354181403953308,-0.052083656634648326,-1.2676409731589449
4.58,-0.9830178506924071,-0.07355682367375156,-1.2353064278100203
4.59,-1.0342326675750337,-0.09496818042383583,-1.197974271675702
4.6000000000000005,-1.08676314299433,-0.11628682206881251,-1.155596646300193
4.61,-1.1402799446744791,-0.1374744590581242,-1.1082304472140472
4.62,-1.19473544907642,-0.15849325084618993,-1.0559419413430622
4.63,-1.2500820326610873,-0.179305356887427,-0.9987973956130386
4.64,-1.3062720718894154,-0.19987293663625255,-0.9368630769497776
4.65,-1.3632810699564666,-0.22015616082225758,-0.8701451800275029
4.66,-1.4210830990027783,-0.24011740390276173,-0.7986648981502469
4.67,-1.4796145901302817,-0.2597235868999007,-0.7225482994597675
4.68,-1.5388117708535622,-0.2789416521632941,-0.6419220016357665
4.69,-1.5986108686872091,-0.297738542042563,-0.5569126223579375
4.7,-1.6589481111457969,-0.3160811988873237,-0.46764677930599735
4.71,-1.719760355103359,-0.3339364641754673,-0.374249310672839
4.72,-1.781008232004589,-0.3512685744745824,-0.2767826268189171
4.73,-1.8426359168417212,-0.3680478285798239,-0.17536928515320388
4.74,-1.9045733199680575,-0.3842474003188549,-0.07017451670718516
4.75,-1.9667503517369163,-0.399840463519343,0.038636447487680414
4.76,-2.029097000432959,-0.4148001515139674,0.15089868684161917
4.7700000000000005,-2.0915534856469513,-0.42909523816680833,0.26648522898024674
4.78,-2.1540544448618126,-0.4427006019784159,0.38523746188103614
4.79,-2.216526201321032,-0.4555961066641321,0.5069617020687404
4.8,-2.2788950782680932,-0.4677616159392976,0.6314642660681021
4.8100000000000005,-2.3410873990410876,-0.47917699337139874,0.7585514710510904
4.82,-2.4030347925355655,-0.4898152627309971,0.8880626012189208
4.83,-2.4646688017032092,-0.4996553427085386,1.0198231419971822
4.84,-2.525915754294279,-0.5086857309470859,1.1536196243760877
4.8500000000000005,-2.5867019780590423,-0.5168949250897023,1.2892385793458625
4.86,-2.6469538007477484,-0.524271422779449,1.4264665378966952
4.87,-2.706597550110664,-0.5308037216593897,1.565090031018811
4.88,-2.7655583533973003,-0.5364716118704767,1.7049169010477292
4.89,-2.823764450754295,-0.5412549441787126,1.845769653535453
4.9,-2.881149040747996,-0.5451528799217106,1.9874344864646054
4.91,-2.937645381775417,-0.5481648744838052,2.1296969701815964
4.92,-2.993186732233585,-0.5502903832493323,2.2723426750328732
4.93,-3.0477063505195234,-0.5515288616026274,2.415157171364872
4.94,-3.10113749503026,-0.5518797649280257,2.5579260295240394
4.95,-3.1534120604007714,-0.551341181407754,2.700435142427645
4.96,-3.2044417250198616,-0.549889637738246,2.8424839666526966
4.97,-3.2541650162622395,-0.5475254848233566,2.983886591923453
4.98,-3.302531911249741,-0.5442601246542313,3.124457300775636
4.99,-3.349492387104189,-0.5401049592220161,3.26401037574493
5.0,-3.3949964209474195,-0.5350713905178563,3.402360099367056
5.01,-3.438993989901264,-0.5291708205328977,3.5393207541777234
5.0200000000000005,-3.481435071087558,-0.5224146512582849,3.6747066227126526
5.03,-3.5222696416281254,-0.5148142846851648,3.808331987507529
5.04,-3.5614442969402473,-0.5063793656738476,3.9400077863167136
5.05,-3.5988537861896583,-0.4970917374808857,4.069502174821457
5.0600000000000005,-3.6344488300627242,-0.4869602857715614,4.196658776191934
5.07,-3.668205892332405,-0.4760069938788237,4.321349419351587
5.08,-3.700101436771667,-0.4642538451356191,4.443445933223891
5.09,-3.7301119271534766,-0.45172282287489474,4.56282014673231
5.1000000000000005,-3.7582138272508003,-0.4384359104295966,4.679343888800321
5.11,-3.7843836008365983,-0.42441509113267434,4.792888988351365
5.12,-3.808597711683838,-0.40968234831707395,4.903327274308918
5.13,-3.830832623565484,-0.39425966531574275,5.010530575596444
5.14,-3.851064800254502,-0.37816902546162784,5.114370721137408
5.15,-3.8692336607873394,-0.3614188549668135,5.21467189170465
5.16,-3.8852697737667485,-0.34401191696584577,5.311262686475474
5.17,-3.8991747595439343,-0.3259752328017956,5.404074464479923
5.18,-3.9109512182480195,-0.30733616970503713,5.493039927616458
5.19,-3.920601750008127,-0.28812209490594287,5.5780917777835475
5.2,-3.928128954953379,-0.2683603756348906,5.659162716879637
5.21,-3.933535433212898,-0.24807837912225286,5.736185446803196
5.22,-3.9368237849158065,-0.2273034725984039,5.809092669452685
5.23,-3.9379966101912283,-0.20606302329371606,5.877817086726571
5.24,-3.9370433672457317,-0.1843811317039108,5.9422690325721375
5.25,-3.9339158828545235,-0.1622713106100014,6.002298903782597
5.26,-3.928628101688402,-0.13976086160248224,6.057868331760327
5.2700000000000005,-3.9212015645106537,-0.1168788859886676,6.10895217165575
5.28,-3.9116578120845693,-0.0936544850758777,6.15552527861928
5.29,-3.9000183851734356,-0.07011676017142685,6.197562507801339
5.3,-3.8863048245405407,-0.04629481258263127,6.235038714352349
5.3100000000000005,-3.870537305342076,-0.022217556846686044,6.267925899826315
5.32,-3.8526975637686527,0.002091738900390227,6.29611549541486
5.33,-3.8328012257058184,0.026606225284909357,6.319569078379236
5.34,-3.8108867822719095,0.051296096612111874,6.338295896845122
5.3500000000000005,-3.7869927245852595,0.07613154718724048,6.352305198938196
5.36,-3.7611575437642086,0.10108277131553126,6.361606232784133
5.37,-3.7334197309270913,0.12611996330222705,6.366208246508615
5.38,-3.703817777192243,0.1512133174525682,6.366120488237318
5.39,-3.6723720251337677,0.17633434552843943,6.3613083762685845
5.4,-3.6390944854888785,0.2014559557429464,6.351713936031759
5.41,-3.604036255079363,0.22654884123668492,6.337371016840689
5.42,-3.567249276453924,0.25158364073655304,6.318315481648693
5.43,-3.5287854921612647,0.2765309929694466,6.29458319340909
5.44,-3.4886968447500855,0.3013615366622635,6.266210015075197
5.45,-3.4470352762885126,0.32604591052046655,6.233231808249915
5.46,-3.403822176323213,0.3505534986729857,6.195597234165221
5.47,-3.359089417446166,0.3748545802356875,6.153279055102842
5.48,-3.3129039155360047,0.39892110292407,6.1063471745885485
5.49,-3.2653325864713736,0.42272501445362465,6.054871496148121
5.5,-3.216442346130905,0.44623826253984933,5.99892192330733
5.51,-3.1663001103932364,0.46943279489823997,5.938568359591948
5.5200000000000005,-3.1149727951369997,0.49228055924429437,5.873880708527743
5.53,-3.06252731624084,0.5147535032935041,5.804928873640499
5.54,-3.009027665796726,0.5368230532223653,5.731772476397104
5.55,-2.9544893513817927,0.5584523975974194,5.654300233819689
5.5600000000000005,-2.898969983620635,0.5796132117645932,5.572547977554292
5.57,-2.842549004684978,0.6002811993511188,5.4866281838695405
5.58,-2.7853058567465334,0.6204320639842332,5.396653329034042
5.59,-2.727319981977015,0.6400415092911722,5.302735889316409
5.6000000000000005,-2.6686708225481346,0.6590852388991728,5.204988340985246
5.61,-2.609437820631617,0.6775389564354671,5.103523160309185
5.62,-2.549700418399173,0.6953783655272924,4.998452823556828
5.63,-2.4895380580225184,0.7125791698018841,4.88988980699679
5.64,-2.4290299257748518,0.7291169468149318,4.777945349067116
5.65,-2.3682154090323406,0.7449486924982476,4.662543431332339
5.66,-2.307148844681396,0.7600422422031649,4.543698158170409
5.67,-2.2459151594248365,0.7743812319136538,4.421575345645852
5.68,-2.1845992799654868,0.7879492976136833,4.296340809823204
5.69,-2.123286133006166,0.800730075287223,4.168160366766988
5.7,-2.0620606452497086,0.8127072009182394,4.037199832541765
5.71,-2.001007743398935,0.8238643104907026,3.9036250232120575
5.72,-1.9402123541566687,0.8341850399885811,3.767601754842403
5.73,-1.8797594042257295,0.8436530253958445,3.6292958434973244
5.74,-1.8197338203089524,0.85225190269646,3.4888731052413826
5.75,-1.7602199525274247,0.8599645806440898,3.346495160438417
5.76,-1.7012780173120652,0.8667479554850837,3.202168076403173
5.7700000000000005,-1.6429751889070956,0.8725802286583355,3.0560053405598366
5.78,-1.5853900195864612,0.8774560971387355,2.9082129571912363
5.79,-1.5286010616240924,0.8813702579011756,2.75899693058016
5.8,-1.4726868672939242,0.8843174079205475,2.6085632650094084
5.8100000000000005,-1.417725988869887,0.8862922441717423,2.4571179647617702
5.82,-1.3637969786259259,0.8872894636296516,2.3048670341200737
5.83,-1.3109783888359714,0.8873037632691665,2.1520164773671056
5.84,-1.2593487717739587,0.8863298400651788,1.9987722987856682
5.8500000000000005,-1.208997776005915,0.8843499135930162,1.8452953533587166
5.86,-1.159997175639139,0.8813488053876897,1.691744436390659
5.87,-1.1123938461903187,0.8773292893303533,1.538336715743879
5.88,-1.066234622752372,0.8722941741679422,1.3852894784975374
5.89,-1.0215663404182163,0.8662462686473917,1.2328200117307953
5.9,-0.9781404788564242,0.8591872413797623,1.0811483032986822
5.91,-0.9339754638134563,0.8511238194580192,0.9304819349084558
5.92,-0.8887336029863501,0.8420885309650177,0.7809666690443313
5.93,-0.8424619555500039,0.8321169400808827,0.6327410203174523
5.94,-0.7952075806793121,0.8212446109857381,0.485943503338949
5.95,-0.7470175375491814,0.8095071078597107,0.34071263271999086
5.96,-0.6979510341049281,0.7969316061213026,0.19724561187496678
5.97,-0.6480595099254819,0.7835469958093813,0.0557123892424885
5.98,-0.5973767987906061,0.7693923996133807,-0.08379672118802489
5.99,-0.545936729693989,0.7545069432271806,-0.2211914277024647
6.0,-0.49377313162930536,0.7389297523446574,-0.3563814385867595
6.01,-0.4409198335902346,0.7226999526596881,-0.4892764621268255
6.0200000000000005,-0.3874106645704513,0.7058566698661488,-0.6197862066085903
6.03,-0.33328212608864544,0.6884381867700692,-0.7478110234197597
6.04,-0.27859627338535087,0.6704727058718029,-0.8731539986353256
6.05,-0.22337736787343596,0.6519960566241765,-0.9957339753888952
6.0600000000000005,-0.16763738217986426,0.6330474394692333,-1.1155108738966175
6.07,-0.11138828893161398,0.6136660548490213,-1.2324446143746095
6.08,-0.05464206075564865,0.5938911032055836,-1.3464951170390211
6.09,0.0025893297210634603,0.5737617849809652,-1.4576223021059902
6.1000000000000005,0.06029390987155897,0.553317300617209,-1.5657860897916653
6.11,0.11842206715624884,0.532595165461413,-1.6708571264374223
6.12,0.17691428885585575,0.5116305954444864,-1.7726693861299294
6.13,0.23579347286597138,0.4904610711508852,-1.8712421782164341
6.140000000000001,0.2950840740934262,0.469124128527467,-1.9665984030137014
6.15,0.3548105474450348,0.44765730352109495,-2.0587609608384714
6.16,0.41499734782762787,0.4260981320786268,-2.14775275200751
6.17,0.47566893014803024,0.4044841501469221,-2.233596676837575
6.18,0.5368497493130671,0.38285289367284026,-2.316315635645422
6.19,0.5985642602295693,0.361241898603239,-2.3959325287478155
6.2,0.6608332413048736,0.339688604083372,-2.472461246677871
6.21,0.7236418996310561,0.31822852193963336,-2.545814456377757
6.22,0.7870285980227784,0.29689644818299477,-2.616005088866465
6.23,0.8510490877628771,0.27572738608654124,-2.6830851343212765
6.24,0.9157591201341719,0.25475633892336313,-2.7471065829194528
6.25,0.9809275030306335,0.23401897515790565,-2.8081171775513942
6.26,1.044518747263722,0.21354211931123282,-2.8661203773656174
6.2700000000000005,1.1058218611098998,0.19332811528248298,-2.9211103577888453
6.28,1.1644680577335866,0.17337682886023403,-2.9730840861923036
6.29,1.2200885502992196,0.15368812583305855,-3.0220385299472317
6.3,1.2724207317355576,0.13425926172590733,-3.067965087672893
6.3100000000000005,1.3217089711724106,0.11508091021030438,-3.110840788694997
6.32,1.3680642143754553,0.09615439432596137,-3.150664971371156
6.33,1.4115657349348067,0.07748215816081679,-3.187439346639931
6.34,1.4522928064405753,0.05906664580281079,-3.2211656254398786
6.3500000000000005,1.4903247024828747,0.040910301339881966,-3.2518455187095587
6.36,1.5257588138792197,0.0230088877317654,-3.2794672930094464
6.37,1.5587160992606623,0.00534993116641122,-3.3040117817004027
6.38,1.589265017356675,-0.012059230086316583,-3.325508771118978
6.390000000000001,1.6174712112268155,-0.029210207735894583,-3.343990395539334
6.4,1.6434003239306347,-0.046094613491794834,-3.3594887892356264
6.41,1.667117998527691,-0.06270405906349394,-3.3720360864820176
6.42,1.6886898780775392,-0.07903015616046695,-3.3816644215526663
6.43,1.7081816056397354,-0.09506451649218899,-3.388405928721733
6.44,1.7256588242738367,-0.11079875176813649,-3.3922927422633777
6.45,1.7411871770393952,-0.12622447369778172,-3.3933569964517587
6.46,1.7548382443977395,-0.14133525589247334,-3.391625439189869
6.47,1.7667271234424142,-0.15613939795998022,-3.387094011989437
6.48,1.7769273518988338,-0.1706320978586893,-3.3798121353338897
6.49,1.7855006271299592,-0.18480469985408507,-3.369841439948374
6.5,1.792508646498754,-0.1986485482116559,-3.3572435565580334
6.51,1.7980131073681815,-0.2121549871968888,-3.342080115888014
6.5200000000000005,1.802075707101205,-0.225315361075272,-3.3244127486634585
6.53,1.8047581430607866,-0.2381210141122902,-3.304303085609515
6.54,1.8061221126098894,-0.2505632905734317,-3.2818127574513274
6.55,1.8062293146029886,-0.26263353490114455,-3.257003391120605
6.5600000000000005,1.8051615645879446,-0.2743259316099159,-3.2298869307962517
6.57,1.802996304286773,-0.2856359290892473,-3.2004922693835614
6.58,1.799789717786621,-0.2965568917902539,-3.16890379694823
6.59,1.795597989174637,-0.3070821841640501,-3.135205903555955
6.6000000000000005,1.7904773025379683,-0.3172051706617509,-3.099482979272431
6.61,1.784483841963764,-0.3269192157344687,-3.061819414163363
6.62,1.7776737915391716,-0.3362176838333187,-3.022299598294445
6.63,1.770103335351339,-0.34509393940941496,-2.9810079217313747
6.640000000000001,1.7618286574874131,-0.3535413469138726,-2.938028774539847
6.65,1.7529059420345436,-0.36155327079780425,-2.893446546785567
6.66,1.7433945695776332,-0.3691224485939787,-2.847336852513896
6.67,1.733378054857329,-0.37623793620450263,-2.7997068393746343
6.68,1.7229125929307558,-0.3828961300637932,-2.750634503741953
6.69,1.7120465894047112,-0.38909514944143175,-2.700218818789886
6.7,1.700828449885996,-0.3948331136069979,-2.6485587576924803
6.71,1.6893065799814082,-0.4001081418300731,-2.595753293623771
6.72,1.6775293852977462,-0.40491835338023796,-2.5419013997577955
6.73,1.6655452714418078,-0.4092618675270738,-2.487102049268588
6.74,1.653402644020394,-0.4131368035401604,-2.4314542153301972
6.75,1.641149908640302,-0.41654128068907914,-2.375056871116656
6.76,1.6288354709083313,-0.41947341824341067,-2.318008989802003
6.7700000000000005,1.61650984342438,-0.42193040647981467,-2.260406027986978
6.78,1.6042518230724465,-0.42389729505318763,-2.2022914088494754
6.79,1.5921108068520897,-0.4253728454957843,-2.143746671573507
6.8,1.58012353344371,-0.42636149711748883,-2.084873069802191
6.8100000000000005,1.5683267415277065,-0.42686768922818547,-2.025771857178638
6.82,1.556757169784481,-0.4268958611377584,-1.9665442873459762
6.83,1.545451556894433,-0.42645045215609184,-1.9072916139473166
6.84,1.5344466415379625,-0.42553590159307,-1.8481150906257764
6.8500000000000005,1.5237791623954684,-0.424156648758577,-1.7891159710244668
6.86,1.5134858581473534,-0.4223171329624973,-1.7303955087865157
6.87,1.503603467474016,-0.4200217935147149,-1.6720549575550345
6.88,1.494170031067867,-0.4172744511522864,-1.6141951807396617
6.890000000000001,1.485257447616876,-0.4140626372659691,-1.5569027079898288
6.9,1.476907108664463,-0.4103878339679007,-1.5002620585060467
6.91,1.4691407427552352,-0.4062607787357074,-1.444361871243327
6.92,1.4619800784338022,-0.4016922090470155,-1.3892907851566867
6.93,1.4554468442447723,-0.3966928623794516,-1.3351374392011421
6.94,1.4495627687327544,-0.3912734762106416,-1.2819904723317055
6.95,1.444349580442358,-0.3854447880182128,-1.2299385235034028
6.96,1.4398290079181917,-0.3792175352797913,-1.1790702316712458
6.97,1.4360227797048641,-0.37260245547300336,-1.1294742357902516
6.98,1.432952624346984,-0.3656102860754749,-1.0812391748154322
6.99,1.430652387608971,-0.35824681239809936,-1.03446210648512
7.0,1.4291834260883922,-0.35050580685677984,-0.9892529576731772
7.01,1.4285561522430579,-0.34240091024329883,-0.9456785356828505
7.0200000000000005,1.4287759371918443,-0.33394778069888775,-0.9038017963632426
7.03,1.4298481520536275,-0.32516207636478045,-0.863685695563467
7.04,1.4317781679472832,-0.3160594553822084,-0.8253931891326257
7.05,1.434571355991688,-0.30665557589240383,-0.7889872329198249
7.0600000000000005,1.438233087305718,-0.2969660960365982,-0.7545307827741676
7.07,1.442768733008249,-0.2870066739560253,-0.7220867945447662
7.08,1.4481836642181571,-0.27679296779191676,-0.6917182240807234
7.09,1.4544987098706965,-0.2663358538431576,-0.6635098078977238
7.1000000000000005,1.4617582705317107,-0.25563796469575134,-0.6375736872216554
7.11,1.4699553481416714,-0.24471681492948055,-0.6139433681153068
7.12,1.4790795384644781,-0.2335909405247884,-0.5926473601462251
7.13,1.4891204372640294,-0.2222788774621191,-0.5737141728819597
7.140000000000001,1.500067640304225,-0.2107991617219157,-0.5571723158900588
7.15,1.5119107433489616,-0.19917032928462441,-0.5430502987380744
7.16,1.5246393421621385,-0.18741091613068833,-0.5313766309935548
7.17,1.5382430325076546,-0.17553945824055162,-0.522179822224049
7.18,1.5527139115175734,-0.16357396750541928,-0.5154931634484992
7.19,1.5680773733972844,-0.15152487931638006,-0.5114103382655457
7.2,1.5843252855345435,-0.1394082995799125,-0.5099535955309809
7.21,1.6014350190826432,-0.12724319818432103,-0.5111165338146852
7.22,1.6193839451948744,-0.11504854501791122,-0.5148927516865401
7.23,1.6381494350245294,-0.10284330996898744,-0.5212758477164273
7.24,1.6577088597248957,-0.09064646292585742,-0.5302594204742268
7.25,1.6780395904492662,-0.0784769737768256,-0.5418370685298204
7.26,1.6991200686529824,-0.06635369744428404,-0.5560048852877979
7.2700000000000005,1.7209492533667972,-0.05429278338025859,-0.5728042840999409
7.28,1.7435073610290925,-0.04231115046237702,-0.5922267763929511
7.29,1.7667642798956393,-0.030426646437996308,-0.6142388971268183
7.3,1.7906898982222073,-0.018657119054474536,-0.6388071812615316
7.3100000000000005,1.8152541042645673,-0.007020416059168762,-0.665898163757082
7.32,1.840426869371719,0.004465609689185545,-0.6954786269263113
7.33,1.8661902932233578,0.01578265177361586,-0.7275501071855175
7.34,1.8925188451001485,0.026913864004488308,-0.7620868547389652
7.3500000000000005,1.9193764587468536,0.03784325654834833,-0.7990307964719978
7.36,1.9467270679082291,0.048554839571738444,-0.8383238592699488
7.37,1.9745346063290377,0.05903262324120411,-0.8799079700181616
7.38,2.0027630077540395,0.0692606177232898,-0.9237250556019759
7.390000000000001,2.031383645503856,0.079221265430855,-0.9697428194954726
7.4,2.0603681138865775,0.08889822831894394,-1.0179248043067692
7.41,2.08967644224319,0.09827839858014388,-1.0681913962821747
7.42,2.1192685988703044,0.107348683488761,-1.1204627615324807
7.43,2.1491045520645327,0.11609599031910148,-1.1746590661684788
7.44,2.179144270122489,0.12450722634547225,-1.2307004763009655
7.45,2.2093499735448345,0.13256780335729756,-1.2885183199670502
7.46,2.239692105568513,0.14025896139166055,-1.3480805230045325
7.47,2.2701303011271707,0.14757094766693696,-1.4092955429637313
7.48,2.300622586411143,0.1544951879677288,-1.4720635086336045
7.49,2.331126987610755,0.16102310807863635,-1.5362845488030938
7.5,2.361601530916342,0.1671461337842618,-1.6018587922611578
7.51,2.3920042425182344,0.17285569086920655,-1.6686863677967487
7.5200000000000005,2.422293148606767,0.17814320511807263,-1.7366674041988255
7.53,2.452427358339823,0.18299680995491763,-1.8057157350104278
7.54,2.4823705234583313,0.18739733602500092,-1.8757825976606715
7.55,2.5120839617181043,0.19134097155413116,-1.9467641966648073
7.5600000000000005,2.5415286033002262,0.19482547821635932,-2.0185506123369565
7.57,2.5706653783857747,0.19784861768573545,-2.091031924991222
7.58,2.5994552171558354,0.2004081516363106,-2.164098214941725
7.59,2.6278590497914918,0.20250184174213537,-2.2376395625025807
7.6000000000000005,2.655837806473828,0.20412744967726063,-2.3115460479879104
7.61,2.6833524173839227,0.20528273711573675,-2.3857077517118173
7.62,2.7103628411019054,0.20596396799765027,-2.460016979465485
7.63,2.7368192957992727,0.206150301435871,-2.5343967472585236
7.640000000000001,2.7626871907853294,0.20583977599574013,-2.6087535138238453
7.65,2.7879369861942895,0.20503766568679216,-2.6829843812404697
7.66,2.8125391421603756,0.20374924451856147,-2.756986451587437
7.67,2.8364641188178075,0.20197978650058246,-2.8306568269437813
7.68,2.8596823763008046,0.19973456564238953,-2.9038926093885356
7.69,2.882164374743589,0.19701885595351687,-2.976590901000739
7.7,2.903880574280376,0.1938379314434993,-3.048648803859413
7.71,2.924801435045388,0.19019706612187107,-3.119963420043597
7.72,2.9448974171728444,0.18610153399816656,-3.1904318516323245
7.73,2.9641334529267294,0.18155240454962193,-3.2599506933554725
7.74,2.98245887134164,0.17653701956936807,-3.3284241993309087
7.75,2.999853820052952,0.17106356758936037,-3.395772133322006
7.76,3.016302398419548,0.1651430920368371,-3.461915359014256
7.7700000000000005,3.0317887058003117,0.15878663633903609,-3.5267747400931553
7.78,3.0462968415541236,0.15200524392319675,-3.5902711402441847
7.79,3.059810905039867,0.1448099582165569,-3.6523254231528415
7.8,3.0723149956164253,0.13721182264635484,-3.7128584525046167
7.8100000000000005,3.0837932126426817,0.1292218806398282,-3.7717910919850075
7.82,3.094229655477517,0.12085117562421671,-3.8290442052794944
7.83,3.1035924671660675,0.11210315321472272,-3.8845223143457566
7.84,3.111851720481613,0.10298062419462511,-3.938139604588516
7.8500000000000005,3.119003595899058,0.09349786137898494,-3.9898417964429727
7.86,3.125044403512314,0.08366919668445827,-4.039574756048205
7.87,3.129970453415297,0.07350896202769859,-4.087284349543309
7.88,3.133778055701921,0.06303148932536035,-4.132916443067373
7.890000000000001,3.136463520466101,0.05225111049409689,-4.176416902759488
7.9,3.1380230703438063,0.04118212900183417,-4.217731456566904
7.91,3.1384379845389843,0.02983372862037683,-4.256783205222244
7.92,3.1376997135557074,0.018217512189271274,-4.293514705585207
7.930000000000001,3.1358134507737985,0.006349362979364219,-4.327890952181744
7.94,3.13278438957308,-0.005754835738494425,-4.359876939537797
7.95,3.128617723333375,-0.01807920069345792,-4.389437662179315
7.96,3.1233179792165093,-0.03060799405706556,-4.416536806855732
7.97,3.116877299029727,-0.04332836171016602,-4.44111410895002
7.98,3.1093017726284478,-0.05622485393400012,-4.463137585469351
7.99,3.1006045007109053,-0.06928055634221222,-4.482589147790776
8.0,3.0907985839753302,-0.08247855454845002,-4.4994507072913565
8.01,3.0798971231199546,-0.0958019341663601,-4.513704175348151
8.02,3.0679048533094457,-0.10923494477178568,-4.525312682576302
8.03,3.0548208126849024,-0.12276292167259772,-4.53422648905373
8.040000000000001,3.0406669565503193,-0.136368274898285,-4.540447231814788
8.05,3.0254660738638566,-0.1500333034436817,-4.543978418097205
8.06,3.0092409535836673,-0.16374030630362935,-4.544823555138718
8.07,2.9920143846679075,-0.17747158247296693,-4.54298615017706
8.08,2.973809156074732,-0.1912094309465336,-4.5384697104499665
8.09,2.9546385508772657,-0.20493676404970007,-4.53125356511649
8.1,2.9344998188569327,-0.218637947556488,-4.521276161970617
8.11,2.913423751943201,-0.2322956479444464,-4.508561150781321
8.120000000000001,2.8914436120278166,-0.24589238854439982,-4.4931384597235295
8.13,2.8685926610025363,-0.2594106926871653,-4.475038016972177
8.14,2.8449041607591052,-0.2728330837035674,-4.454289750702192
8.15,2.8204113731892737,-0.2861420849244281,-4.430923589088502
8.16,2.7951475601847906,-0.29932021968056943,-4.404969460306038
8.17,2.7691459836374053,-0.31235001130281337,-4.37645729252973
8.18,2.742418536474616,-0.32521288218030675,-4.345352113268761
8.19,2.7149746116727553,-0.33789107571749,-4.3116127027620275
8.2,2.6868564348063426,-0.350369128808227,-4.275298411307173
8.21,2.6581064256669045,-0.36263159021263625,-4.236469181702129
8.22,2.628767004045981,-0.37466300869082947,-4.195184956744851
8.23,2.598880589735099,-0.3864479330029251,-4.151505679233269
8.24,2.568489602525789,-0.39797091190903944,-4.1054912919653255
8.25,2.5376364622095813,-0.4092164941692886,-4.057201737738958
8.26,2.506363588578007,-0.42016922854378896,-4.006696959352107
8.27,2.4747134014225973,-0.4308136637926565,-3.954036899602711
8.28,2.4427156207411684,-0.44113065080708075,-3.8992309483067333
8.290000000000001,2.4103799456889843,-0.45109677765323863,-3.8422144074121305
8.3,2.3777516807164423,-0.46070059162577726,-3.7830700069812595
8.31,2.344878250468269,-0.46993130123952276,-3.7218890737679975
8.32,2.3118070795891943,-0.4787781150092993,-3.658762934526232
8.33,2.278585592723951,-0.4872302414499311,-3.5937829160098502
8.34,2.2452612145172695,-0.4952768890762425,-3.52704034497274
8.35,2.2118813696138813,-0.5029072664030578,-3.458626548168789
8.36,2.178493482658518,-0.5101105819452011,-3.388632852351884
8.370000000000001,2.1451449782959053,-0.5168760442174978,-3.3171505842759
8.38,2.1118832811707864,-0.5231928617347699,-3.24427107069475
8.39,2.0787542378174657,-0.5290485696016143,-3.17007496994687
8.4,2.04578324595408,-0.5344120411297376,-3.0945170149928183
8.41,2.0130086923695933,-0.5392724235072974,-3.017666236069104
8.42,1.9804754729561653,-0.543626544256815,-2.9396388373916778
8.43,1.948228483605956,-0.5474712309008114,-2.8605510231764915
8.44,1.9163126202111251,-0.5508033109618075,-2.7805189976394966
8.45,1.8847727786638326,-0.5536196119623246,-2.6996589649966443
8.46,1.8536538548562327,-0.5559169614248839,-2.6180871294638717
8.47,1.823000744680496,-0.5576921868720058,-2.5359196952571583
8.48,1.7928583440287775,-0.5589421158262119,-2.4532728665924424
8.49,1.7632715487932362,-0.5596635758100232,-2.3702628476856744
8.5,1.7342852548660326,-0.5598533943459607,-2.287005842752806
8.51,1.705944386237379,-0.559504420087417,-2.2036046530474342
8.52,1.678290251912215,-0.5585898724941691,-2.1200877013860504
8.53,1.651357834539092,-0.5571095086454954,-2.036559299649765
8.540000000000001,1.6251816003715929,-0.5550683812255659,-1.9531405445008088
8.55,1.5997960156633142,-0.5524715429185519,-1.8699525326014579
8.56,1.575235546667838,-0.549324046408624,-1.7871163606139437
8.57,1.5515346596387516,-0.5456309443799524,-1.7047531252005128
8.58,1.5287278208296422,-0.5413972895167078,-1.622983923023411
8.59,1.506849496494097,-0.536628134503061,-1.5419298507448849
8.6,1.485934152885703,-0.5313285320231824,-1.4617120050271801
8.61,1.4660184251952795,-0.5255010978108379,-1.3824497076976658
8.620000000000001,1.4471542834711169,-0.519128620359114,-1.3042427115540236
8.63,1.4293689801744633,-0.5122166165714616,-1.2271973639233809
8.64,1.4126832120505153,-0.5047774496181373,-1.1514239724422564
8.65,1.3971176758444719,-0.4968234826693993,-1.0770328447471826
8.66,1.3826930683015326,-0.48836707889550535,-1.0041342884746924
8.67,1.3694300861668973,-0.4794206014667135,-0.9328386112613186
8.68,1.3573494261857655,-0.46999641355328164,-0.8632561207435936
8.69,1.3464717851033363,-0.4601068783254677,-0.79549712455805
8.700000000000001,1.336820599365317,-0.4497625984092835,-0.7296741450815565
8.71,1.3284422661302338,-0.43895819901868754,-0.6659148605139802
8.72,1.3213520146131985,-0.42770587772306273,-0.6043149125038314
8.73,1.3155556818050558,-0.4160236013073771,-0.5449616085809608
8.74,1.31105910469665,-0.4039293365565987,-0.4879422562752181
8.75,1.3078681202788254,-0.3914410502556954,-0.433344163116454
8.76,1.3059885655424268,-0.3785767091896355,-0.38125463663451875
8.77,1.305426277478298,-0.3653542801433869,-0.3317609843592625
8.78,1.306190349959016,-0.35179029238725007,-0.2849553461555845
8.790000000000001,1.3083121723306659,-0.3378906266414573,-0.24096014201909652
8.8,1.3117919988634723,-0.3236733911603389,-0.19984634483484315
8.81,1.3166219783731412,-0.3091601238739925,-0.16167238851295349
8.82,1.322794259675379,-0.29437236271251854,-0.1264967069635649
8.83,1.3303009915858917,-0.2793316456060171,-0.09437773409681444
8.84,1.3391343229203856,-0.2640595104845884,-0.06537390382283945
8.85,1.3492908899180287,-0.24857601639209786,-0.039551927157324036
8.86,1.3607795011086858,-0.2328964859091678,-0.016997805208906695
8.870000000000001,1.3735851700507673,-0.21704309331693883,0.0022506699606185607
8.88,1.3876899892028256,-0.2010389203747439,0.018161335079608446
8.89,1.4030760510234197,-0.18490704884190745,0.03070202687643024
8.9,1.4197279215895635,-0.16867005039232275,0.039834955221882254
8.91,1.4376398071197585,-0.15234813183646947,0.04550244440412052
8.92,1.4567881028975933,-0.13596457704383047,0.04769056321546804
8.93,1.4771461851882854,-0.11954324866356708,0.04639248521791764
8.94,1.4986874302570519,-0.10310800934484063,0.041601383973462164
8.950000000000001,1.5213921488344748,-0.08668191303246242,0.033292533429457635
8.96,1.5452421887533292,-0.07028728100930433,0.021440524549800454
8.97,1.570202295617124,-0.05394798350624765,0.0060667378943896275
8.98,1.5962368226676769,-0.03768793097508789,-0.012806400329284963
8.99,1.6233101231468052,-0.021531033867620536,-0.03515646391373338
9.0,1.6513899536032441,-0.005501048379159207,-0.06097056851532201
9.01,1.6804521172492357,0.0103792286040548,-0.09025514096765644
9.02,1.7104557169188082,0.026087018178771133,-0.12296555037177741
9.03,1.7413580336323018,0.04159949807225632,-0.15905184375751774
9.040000000000001,1.773116348410063,0.056893846011779575,-0.19846406815471745
9.05,1.8056928857079075,0.07194684331154592,-0.2411682463168064
9.06,1.8390531579914846,0.08673580026800101,-0.2871369884557195
9.07,1.8731488149316942,0.10123985648199554,-0.3362944480062392
9.08,1.9079309913142737,0.11543820669891604,-0.3885630438520943
9.09,1.9433508219249598,0.129310045664149,-0.44386519487701354
9.1,1.9793630058812492,0.1428335629846483,-0.5021372978771926
9.11,2.015930454387941,0.15598555066594566,-0.5633440057465527
9.120000000000001,2.053000540697904,0.1687483334341482,-0.6273840878943693
9.13,2.0905190584652757,0.18110473500039342,-0.6941498889290393
9.14,2.1284318013442145,0.19303757907582575,-0.7635337534589934
9.15,2.1666845629888702,0.20452968937158725,-0.8354280260926512
9.16,2.2052234114850133,0.21556370233993855,-0.9097264861962884
9.17,2.2440051211504435,0.2261159732278125,-0.9863753761520969
9.18,2.282979792131459,0.23617032762599793,-1.0652760502300043
9.19,2.3220912953372723,0.2457153444020281,-1.1462955725031427
9.200000000000001,2.361283501677101,0.2547396024234378,-1.2293010070446595
9.21,2.4005002820601433,0.2632316805577571,-1.3141594179276572
9.22,2.4396855073956174,0.27118015767252085,-1.4007378692252828
9.23,2.4787830485927356,0.27857361263526226,-1.4889034250106683
9.24,2.5177383112250125,0.2853956508653459,-1.5785444146215946
9.25,2.5565010531836383,0.2916252409020773,-1.6695791403336722
9.26,2.5950188709228894,0.297257816668902,-1.7618656415367542
9.27,2.6332391772652417,0.30228965578853845,-1.8552586165884448
9.28,2.671109385033173,0.306717035883705,-1.949612763846348
9.290000000000001,2.708576907049166,0.3105362345771209,-2.0447827816680855
9.3,2.7455891561356847,0.3137435294915029,-2.1406233684112266
9.31,2.7820935451152127,0.31633519824957035,-2.236989222433393
9.32,2.8180369176414586,0.3183066586559111,-2.3337363519033247
9.33,2.8533557226049457,0.3196357597704279,-2.4307530109917073
9.34,2.888001238760225,0.3203180203875043,-2.5279144440772847
9.35,2.9219316305698153,0.32035865387983065,-2.625083205695722
9.36,2.955105062496237,0.3197628736200973,-2.722121850382683
9.370000000000001,2.9874796990020154,0.3185358929809943,-2.81889293267385
9.38,3.019013704549658,0.31668292533521236,-2.9152590071048525
9.39,3.0496652436016904,0.3142091840554417,-3.0110826282113727
9.4,3.0793924806206325,0.3111198825143726,-3.106226350529075
9.41,3.1081535800690037,0.30742023408469543,-3.2005527285936237
9.42,3.1358982023060635,0.3031097599257652,-3.2939208739782337
9.43,3.1625494689306124,0.29816874106653973,-3.3861885736155033
9.44,3.188077507305738,0.2926068263982976,-3.477246014011452
9.450000000000001,3.21245886775233,0.2864378379697917,-3.5669867862321483
9.46,3.2356701005912636,0.27967559782977847,-3.655304481343613
9.47,3.2576877561434285,0.2723339280270108,-3.7420926904119156
9.48,3.2784883847297097,0.26442665061024284,-3.827245004503108
9.49,3.2980485366709913,0.25596758762822874,-3.9106550146832433
9.5,3.316344762288158,0.24697056112972252,-3.9922163120183747
9.51,3.333353611902095,0.2374493931634783,-4.071822487574554
9.52,3.349051635833687,0.22741790577825016,-4.149367132417836
9.53,3.363400615316021,0.2168829705289263,-4.224729691630285
9.540000000000001,3.3763414912755407,0.20583981774534288,-4.297779807784181
9.55,3.3878657292621996,0.19430549926425972,-4.368446353051869
9.56,3.3979680621895088,0.1822985429642268,-4.436661670491052
9.57,3.4066432229709758,0.16983747672379584,-4.5023581031594215
9.58,3.4138859445201084,0.15694082842151874,-4.565467994114669
9.59,3.419690959750415,0.14362712593594726,-4.625923686414485
9.6,3.424053001575403,0.1299148971456332,-4.68365752311656
9.61,3.4269668029085816,0.11582266992912839,-4.738601847278586
9.620000000000001,3.4284103888811455,0.1013636523546263,-4.790663613244998
9.63,3.4283560791065955,0.086547995155523,-4.839746075229094
9.64,3.4268114012668063,0.07139611150970307,-4.88580978580201
9.65,3.4237845433146585,0.05592861548949771,-4.928816338270747
9.66,3.4192836932030337,0.04016612116723822,-4.9687273259423055
9.67,3.413317038884813,0.0241292426152558,-5.005504342123687
9.68,3.4058927683128766,0.007838593905881763,-5.039108980121893
9.69,3.397000273151082,-0.008689000602267152,-5.069465994035892
9.700000000000001,3.3866349840408034,-0.025436294461696374,-5.096513154378387
9.71,3.374817559565014,-0.04238138469713433,-5.120238314415042
9.72,3.361568673768596,-0.05950236535998442,-5.140629357929481
9.73,3.346909000696434,-0.07677733050164709,-5.157674168705324
9.74,3.3308592143934113,-0.09418437417352278,-5.171360630526191
9.75,3.3134397582650883,-0.11170161856018092,-5.181676108588147
9.76,3.294649378691157,-0.12931004324527923,-5.18855903484776
9.77,3.274502134075149,-0.14698944486012833,-5.191981789452693
9.78,3.253029778056316,-0.16471759903127384,-5.191956443454248
9.790000000000001,3.2302640642739053,-0.18247228138526456,-5.188495067903727
9.8,3.2062367463671766,-0.20023126754863985,-5.181609733852433
9.81,3.180979577975377,-0.2179723331479484,-5.171312512351669
9.82,3.154521004689634,-0.2356733350194855,-5.157606801994384
9.83,3.1268601611476403,-0.2533131046992251,-5.140418400954734
9.84,3.0980302598017713,-0.2708701489650481,-5.119760925804023
9.85,3.068075409203468,-0.2883227624734781,-5.095676394067505
9.86,3.0370397179041726,-0.30564923988103876,-5.068206823270433
9.870000000000001,3.0049672944553207,-0.3228278758442567,-5.037394230938055
9.88,2.9719022474083663,-0.3398369650196494,-5.003280634595635
9.89,2.937888685314745,-0.3566548020637434,-4.96590805176842
9.9,2.9029707167258985,-0.3732596816330624,-4.925318499981664
9.91,2.8671723157787588,-0.3896281038512822,-4.881490533659918
9.92,2.830504264645798,-0.4057362632978507,-4.8343615151547015
9.93,2.7930204164395027,-0.4215648969695327,-4.784004879407824
9.94,2.754775704824312,-0.4370948470718909,-4.730497471205384
9.950000000000001,2.71582506346466,-0.45230695581049063,-4.673916135333469
9.96,2.676223426024999,-0.46718206539088913,-4.614337716578198
9.97,2.636025726169763,-0.4817010180186517,-4.551839059725659
9.98,2.5952868975633914,-0.4958446558993411,-4.486497009561952
9.99,2.554061873870324,-0.5095938212385199,-4.418388410873173
10.0,2.512405588755001,-0.5229293562417507,-4.347590108445423
10.01,2.470355589987738,-0.535826302630438,-4.274106896813132
10.02,2.4279299785970094,-0.5482551488004408,-4.197870461777317
10.03,2.3851879179792017,-0.5602018258031394,-4.118989399340273
10.040000000000001,2.3421901979097544,-0.5716528403897,-4.037579173470119
10.05,2.2989976081641315,-0.582594699311283,-3.9537552481350176
10.06,2.255670938517773,-0.5930139093190551,-3.867633087303087
10.07,2.2122709787461274,-0.6028969771641803,-3.77932815494246
10.08,2.168858518624643,-0.6122304095978235,-3.688955915021271
10.09,2.125494347928768,-0.6210007133711488,-3.596631831507652
10.1,2.0822392564339496,-0.6291943952353207,-3.5024713683697364
10.11,2.039154033915637,-0.6367979619415036,-3.4065899895756577
10.120000000000001,1.9962924293989,-0.6437903544359594,-3.3090555433024162
10.13,1.9536880075802419,-0.6501344160492626,-3.209823339973137
10.14,1.9113961096364556,-0.655823112818419,-3.1090247729701987
10.15,1.8694743952849764,-0.6608521867407572,-3.0068081351205596
10.16,1.82798052424324,-0.6652173798136061,-2.903321719251175
10.17,1.7869721562286818,-0.6689144340342942,-2.798713818189003
10.18,1.7465069509587368,-0.6719390914001504,-2.6931327247609995
10.19,1.706642568150841,-0.6742870939085034,-2.586726731794122
10.200000000000001,1.6674366675224228,-0.675954183556682,-2.479644132115307
10.21,1.6289469087909312,-0.6769361023420145,-2.372033218551551
10.22,1.591230951673795,-0.6772285922618299,-2.264042283929791
10.23,1.554346379086135,-0.6768254406748773,-2.155812923471186
10.24,1.5183462813876873,-0.675696089115978,-2.047396392943217
10.25,1.4832769031733046,-0.6738354781522407,-1.9389159671653535
10.26,1.449183918580637,-0.671249010586061,-1.8305288496301086
10.27,1.416113001747335,-0.6679420892198349,-1.7223922438299955
10.28,1.384109826811048,-0.6639201168559579,-1.614663353257527
10.290000000000001,1.353220067909422,-0.6591884962968249,-1.5074993814051973
10.3,1.323489399180117,-0.6537526303448332,-1.4010575317655583
10.31,1.2949634947607782,-0.6476179218023779,-1.2954950078311034
10.32,1.2676883485241226,-0.640789379302867,-1.190968654318827
10.33,1.241724208634153,-0.6332522820738337,-1.0876138767869632
10.34,1.2171140488391377,-0.6250067561118147,-0.9855691845533111
10.35,1.1938888114487454,-0.6160665817817544,-0.8849836138067176
10.36,1.1720794387726445,-0.6064455394485976,-0.7860062007360293
10.370000000000001,1.1517168731205005,-0.5961574094772867,-0.6887859815300761
10.38,1.1328320568019894,-0.5852159722327698,-0.593471992377739
10.39,1.1154559321267759,-0.5736350080799896,-0.5002132694678469
10.4,1.099621228056578,-0.5614269549729229,-0.40915973068669664
10.41,1.0853767006289752,-0.5485908231678707,-0.3204656990893087
10.42,1.072746937669425,-0.5351408913935636,-0.23426626158877195
10.43,1.0617489933414361,-0.5210967677273448,-0.15069194999240382
10.44,1.0523999218085176,-0.5064780602465575,-0.06987329610752185
10.450000000000001,1.044716777234177,-0.49130437702854196,0.00805916825857006
10.46,1.038719359264926,-0.47559398690127747,0.08297120350053704
10.47,1.0344450631166224,-0.45935594831319637,0.15470661243086978
10.48,1.031903473581116,-0.4426117143716072,0.2231501273894967
10.49,1.031097293613709,-0.42538598153459606,0.28819610171373056
10.5,1.032029226169705,-0.40770344626024924,0.349738888740884
10.51,1.0347019742044072,-0.3895888050066529,0.40767284180826985
10.52,1.0391238732717334,-0.3710646703142743,0.4618824383471566
10.53,1.0453221518240199,-0.3521460135213523,0.5122215465818551
10.540000000000001,1.0532887080448532,-0.33285990963896805,0.5586097198207657
10.55,1.0630101876570444,-0.31323531343275723,0.6009759662075773
10.56,1.074473236383409,-0.2933011796683453,0.6392492938860043
10.57,1.0876644999467613,-0.273086463111361,0.673358710999752
10.58,1.1025730491038703,-0.25261950135666056,0.7032279826058498
10.59,1.1192253035405564,-0.23191865220142963,0.7287024870257994
10.6,1.1376067079687546,-0.21101157585583047,0.7497218020033346
10.61,1.1576839062343693,-0.1899305631879849,0.7662669221083686
10.620000000000001,1.1794235421833084,-0.16870790506601102,0.7783188419108165
10.63,1.2027922596614684,-0.14737589235803825,0.7858585559805871
10.64,1.227756702514757,-0.1259668159321847,0.7888670588875966
10.65,1.2542835145890785,-0.1045129666565722,0.7873253452017578
10.66,1.2823447489498185,-0.0830454806000824,0.7812023051636421
10.67,1.3119387887151266,-0.06158870627090272,0.7704139150228707
10.68,1.3430267966128138,-0.04017302491046686,0.7549692907320105
10.69,1.3755625710214843,-0.018830239897889553,0.7348948001741457
10.700000000000001,1.4094999103197479,0.0024078453877182104,0.710216811232356
10.71,1.4447926128861959,0.023509427567234176,0.6809616917897348
10.72,1.4814068387674386,0.04444340419819956,0.6471214213587538
10.73,1.5193092058727946,0.06518000329408812,0.6086943040335997
10.74,1.5584427411377586,0.08568901932073988,0.5657495368003033
10.75,1.5987502164030651,0.10594023757005418,0.518357057097481
10.76,1.6401744035094485,0.12590344333393028,0.4665868023637497
10.77,1.68265948614454,0.14554827770761986,0.41050398202536437
10.78,1.7261695072318688,0.16484307745562798,0.35011113407427075
10.790000000000001,1.7706470347711925,0.1837600443247269,0.2854915637427281
10.8,1.8160252387678275,0.20227256066626986,0.2167612173246836
10.81,1.8622372892271137,0.2203540088316202,0.14403604111405027
10.82,1.909216356154384,0.23797777117213786,0.06743198140475237
10.83,1.95689560955497,0.25511723003918274,-0.012935015509285885
10.84,2.0052201974405808,0.27174306295474376,-0.0969930361758659
10.85,2.054133624841892,0.28782916051417584,-0.18465212929287178
10.86,2.103564310753791,0.30335436668279164,-0.2757603556410529
10.870000000000001,2.1534406628359046,0.3182975285999713,-0.37016573173748263
10.88,2.203691088747834,0.33263749340508725,-0.467716274099184
10.89,2.254244014715477,0.34635309339813064,-0.568260103824841
10.9,2.3050357262342045,0.3594179660341173,-0.6716859574228683
10.91,2.356000446555733,0.37181133324078774,-0.7778577175696977
10.92,2.4070656220708733,0.3835187222180273,-0.886598104782373
10.93,2.4581586991704354,0.39452566016572105,-0.9977298395779377
10.94,2.5092071242452296,0.4048176742837543,-1.1110756424734358
10.950000000000001,2.5601383445276804,0.414380281193175,-1.2264582714668228
10.96,2.610881328817027,0.42318963036100343,-1.3437367185705056
10.97,2.661367390305597,0.4312290322585542,-1.4627560380919649
10.98,2.711527647659968,0.4384928268650966,-1.5833248862918823
10.99,2.7612932195467166,0.44497535415990014,-1.705251919430939
11.0,2.81059522463242,0.4506709541222341,-1.8283457937698158
11.01,2.859364781583655,0.4555739667313681,-1.9524151655691944
11.02,2.907533009066999,0.4596787319665713,-2.0772686910897558
11.03,2.9550267221798427,0.46297311866849994,-2.2027248676024587
11.040000000000001,3.001768427825465,0.46543529170956044,-2.3286284737563867
11.05,3.0476995778189226,0.467068288821768,-2.454799373236386
11.06,3.0927629166598853,0.467876962343495,-2.581055131571839
11.07,3.136901188848014,0.4678661646131133,-2.707213314292103
11.08,3.1800571388829697,0.46704074796899464,-2.833091486926537
11.09,3.222173511264414,0.4654055647495109,-2.9585072150045004
11.1,3.2631930504920077,0.46296546729303384,-3.0832780640553503
11.11,3.303058472747706,0.4597252893049081,-3.2072215854160793
11.120000000000001,3.3416826210190447,0.45566965703539963,-3.3301450439815463
11.13,3.3789958921678305,0.4507926704071034,-3.451882165059759
11.14,3.414961810297797,0.44510973818654215,-3.5722874344518214
11.15,3.4495438995126713,0.4386362691402393,-3.6912153379588166
11.16,3.48270568391618,0.43138767203471834,-3.8085203613818273
11.17,3.5144106876120498,0.42337935563650264,-3.9240569905219367
11.18,3.5446224347040083,0.41462672871211564,-4.0376797111802265
11.19,3.5733044492957813,0.40514520002808085,-4.1492430091577805
11.200000000000001,3.6004202554911013,0.3949501783509197,-4.2586013702557
11.21,3.6259333554618025,0.38405706342504486,-4.365609254138302
11.22,3.6497556911808453,0.37245949367973097,-4.4700639791365795
11.23,3.671821548376574,0.36015818160542085,-4.571806031711093
11.24,3.6921215326910306,0.34717649962462316,-4.670746987225096
11.25,3.7106462497662607,0.33353782015984645,-4.76679842104184
11.26,3.7273863052443064,0.31926551563359934,-4.859871908524578
11.27,3.7423323047672126,0.3043829584683904,-4.949879025036564
11.28,3.7554748539770224,0.2889135210867282,-5.036731345941049
11.290000000000001,3.766804558515782,0.2728805759111185,-5.1203404466013005
11.3,3.776312024025531,0.2563074953640754,-5.200617902380541
11.31,3.7839878561483142,0.23921765186810487,-5.277475288642039
11.32,3.7898202740376172,0.22163366065165177,-5.350820742042512
11.33,3.793745075133902,0.20356055497705916,-5.420491101083169
11.34,3.7957450266835746,0.18501583839017954,-5.486401737990048
11.35,3.7958308830849035,0.16602552612943178,-5.548509994798406
11.36,3.794013398736159,0.14661563343323472,-5.606773213543499
11.370000000000001,3.790303328035608,0.12681217554000368,-5.661148736260593
11.38,3.784711425381523,0.10664116768816448,-5.711593904984922
11.39,3.7772484451721726,0.08612862511613248,-5.758066061751756
11.4,3.7679237051966314,0.06530026148374177,-5.800519870261501
11.41,3.756718552677543,0.04417543057915851,-5.838858631922201
11.42,3.7436412267171333,0.022777911713780997,-5.8730377439225085
11.43,3.728714612025302,0.0011343798943826838,-5.903040195184992
11.44,3.71196159331195,-0.020728489872263,-5.928848974632216
11.450000000000001,3.693405055286973,-0.0427840225793866,-5.95044707118675
11.46,3.673058140840788,-0.06500661940107193,-5.967795775529242
11.47,3.6509301125214253,-0.08737154377488103,-5.98084629212227
11.48,3.627054514861633,-0.10985173664690859,-5.989602711188234
11.49,3.601465536476253,-0.13242007287781393,-5.994070540666848
11.5,3.5741973659801243,-0.15504942732825638,-5.9942552884978255
11.51,3.5452812621846213,-0.17771277664150284,-5.990155251395536
11.52,3.514723290850266,-0.20038412944867764,-5.981705115429038
11.53,3.4825614995561107,-0.22303669815924923,-5.968915067078082
11.540000000000001,3.448843823166041,-0.24564338580994174,-5.951819280086565
11.55,3.413618196543962,-0.26817709543746726,-5.930451928198392
11.56,3.3769325545537607,-0.29061073007854993,-5.904847185157457
11.57,3.3388348320593297,-0.31291719276991,-5.87503922470766
11.58,3.2993725008027863,-0.3350693657690816,-5.841060904804262
11.59,3.2585569736178943,-0.35703868753512746,-5.802841442116662
11.6,3.216423171101523,-0.3787982032665753,-5.760373058047835
11.61,3.1730331524015525,-0.4003222836449189,-5.713724338901404
11.620000000000001,3.1284489766658554,-0.42158529935165556,-5.662963870980981
11.63,3.0827327030423284,-0.44256162106827135,-5.608160240590207
11.64,3.0359463906788444,-0.4632256194762636,-5.549382034032698
11.65,2.988152098723284,-0.4835516652571262,-5.486697837612075
11.66,2.9394118863235277,-0.5035141290923526,-5.420176237631963
11.67,2.8897874451840773,-0.5230873092981146,-5.349884507126405
11.68,2.839298583778911,-0.5422376353455841,-5.275740683505996
11.69,2.787986326798828,-0.5609369675171186,-5.197740143351737
11.700000000000001,2.7359239098510284,-0.5791637654427234,-5.115993695810286
11.71,2.6831845685427393,-0.596896488752394,-5.030612150028343
11.72,2.6298415384811618,-0.614113597076136,-4.941706315152563
11.73,2.5759680552735045,-0.6307935500439512,-4.849387000329617
11.74,2.5216373545269763,-0.646914807285842,-4.753765014706178
11.75,2.466922671848787,-0.6624558284318105,-4.654951167428915
11.76,2.4118972428461456,-0.6773950731118585,-4.553056267644499
11.77,2.3566343031262607,-0.6917110009559884,-4.448191124499601
11.78,2.3011918315468547,-0.705373905474758,-4.340391662088794
11.790000000000001,2.245600050713319,-0.7183422154575443,-4.229572339678376
11.8,2.1899329128502867,-0.7306009164410742,-4.115877812108049
11.81,2.1342673288611493,-0.7421366734747301,-3.999467729835951
11.82,2.0786802096493076,-0.7529361516078921,-3.8805017433202433
11.83,2.0232484661181607,-0.7629860158899402,-3.759139503019085
11.84,1.9680490091711103,-0.7722729313702545,-3.6355406593906343
11.85,1.913158749711556,-0.780783563098215,-3.509864862893051
11.86,1.8586545986428988,-0.7885045761232016,-3.3822717639844946
11.870000000000001,1.8046134668685292,-0.7954226354945956,-3.2529210131231014
11.88,1.751112265291867,-0.8015244062617746,-3.121972260767076
11.89,1.6982216916814252,-0.8067876105979777,-2.989537337224547
11.9,1.6459938290001928,-0.8111730704085555,-2.855626152836403
11.91,1.594496288159076,-0.8146754068090062,-2.720415986133147
11.92,1.543798315114112,-0.8172920374090832,-2.5840985520312625
11.93,1.493969155821338,-0.8190203798185401,-2.446865565447231
11.94,1.4450780562367906,-0.8198578516471305,-2.308908741297536
11.950000000000001,1.3971942623164988,-0.8198018705046077,-2.1704197944986343
11.96,1.3503870200165164,-0.8188498540007253,-2.0315904399670583
11.97,1.304725575292872,-0.8169992197452368,-1.8926123926192662
11.98,1.2602793289202001,-0.814245406590629,-1.7536716894354099
11.99,1.2171157302869433,-0.8105653895758266,-1.6148961189221147
12.0,1.175293573191905,-0.8059579417534799,-1.476465237433534
12.01,1.1348703131613933,-0.8004290436329354,-1.338578081614395
12.02,1.0959034057217172,-0.793984675723539,-1.2014336881094243
12.030000000000001,1.0584503063991784,-0.7866308185346356,-1.0652310935633253
12.040000000000001,1.0225648690766755,-0.7783733983887048,-0.9301694221935215
12.05,0.987391026430624,-0.7692097149440738,-0.7964581461886943
12.06,0.9521982581393206,-0.75915669055851,-0.6642624376836403
12.07,0.916927859181087,-0.7482452194935165,-0.5337221455618424
12.08,0.8815211245342454,-0.7365061960105961,-0.40497711870678277
12.09,0.845919349177118,-0.7239705143712515,-0.2781672060019439
12.1,0.8100638280880266,-0.7106690688369856,-0.15343225633080826
12.11,0.7739525667307111,-0.6966296793034487,-0.03093805841257774
12.120000000000001,0.7377160658027819,-0.6818782669948297,0.08914225925854746
12.13,0.7014211339997738,-0.6664488345639958,0.206711358273021
12.14,0.6651311076075472,-0.650375652594029,0.3216742917705395
12.15,0.6289093229119695,-0.6336929916680132,0.4339361128907785
12.16,0.5928191161989081,-0.616435122369033,0.543401874773413
12.17,0.5569238237542299,-0.5986363152801724,0.649976630558118
12.18,0.521288345044478,-0.5803294715126932,0.7535426733320162
12.19,0.4859799724650829,-0.561542816470259,0.8539303972515291
12.200000000000001,0.4510575264471561,-0.5423087460574011,0.9510720452028338
12.21,0.4165790428689119,-0.5226601903797223,1.0449102705418278
12.22,0.38260255760854617,-0.5026300795428156,1.1353877266244603
12.23,0.34918610654426097,-0.482251343652277,1.2224470668066632
12.24,0.31638772555425837,-0.4615569128137029,1.3060309444443674
12.25,0.28426680479776817,-0.4405798012460637,1.3860695088892099
12.26,0.2528894247477447,-0.41935239415054115,1.4624262313613925
12.27,0.22231072232714108,-0.3979046228319192,1.5350572898867743
12.280000000000001,0.19258361353572737,-0.3762661330168532,1.6039386746172508
12.290000000000001,0.16376101437328913,-0.35446657043201,1.6690463757046825
12.3,0.13589584083959613,-0.332535580804045,1.7303563833009656
12.31,0.10904100893442356,-0.3105028098596173,1.7878446875579845
12.32,0.08325101476977141,-0.28839853237019913,1.8414743449792395
12.33,0.05858473094846615,-0.26625365954379265,1.8911722318562152
12.34,0.03509340802272973,-0.24409458950798407,1.9369271350673611
12.35,0.012827379980761236,-0.2219472765714359,1.9787353183032814
12.36,-0.008163019189240256,-0.1998376750428107,2.016593045254581
12.370000000000001,-0.02782631670480911,-0.17779306055070707,2.0504864492840587
12.38,-0.04610873102503875,-0.1558423095237328,2.080384109862657
12.39,-0.06296083177390008,-0.13400798163020056,2.1062968234460593
12.4,-0.07833356817155944,-0.11231214506474736,2.1282389045221337
12.41,-0.09217788943818325,-0.09077686802201028,2.1462246675787475
12.42,-0.104443959111744,-0.06942639084294111,2.160257063938024
12.43,-0.1150804198386855,-0.04828596020040541,2.170329198481021
12.44,-0.12403745661100021,-0.027373513705128284,2.176468049824858
12.450000000000001,-0.13126534042998417,-0.006706681998610423,2.1787021033272786
12.46,-0.13671434229692966,0.013696904277636507,2.1770598443460276
12.47,-0.14033531650887376,0.03381584439800975,2.17155672282108
12.48,-0.1420774548809363,0.053629273412015316,2.1622055355197407
12.49,-0.14188750982794504,0.07312469933308177,2.149044766444699
12.5,-0.13971220776818277,0.09228974255064774,2.132113263589552
12.51,-0.13549827511993223,0.11111202345415187,2.111449874947895
12.52,-0.1291939799947996,0.1295769665803628,2.0870887751112024
12.530000000000001,-0.1207492316355132,0.14766528440640725,2.0590504886357563
12.540000000000001,-0.11010373957338507,0.16536911975862506,2.027375143604655
12.55,-0.09719625235329495,0.18268182725626014,1.9921052077781067
12.56,-0.0819655185201239,0.19959676151855327,1.9532831489163238
12.57,-0.06435065260114556,0.21610696317606604,1.9109510466249708
12.58,-0.04429534643366768,0.2322003292469387,1.8651422626390879
12.59,-0.021731909259131377,0.247871539478784,1.8158927590553646
12.6,0.00341140319734215,0.2631183246828481,1.7632414424396732
12.61,0.0312050114335524,0.2779377935741485,1.7072273737326678
12.620000000000001,0.06171295975909903,0.2923235073112961,1.6478890622676619
12.63,0.09501631365834343,0.30627600089815266,1.5852606234073925
12.64,0.13119975824814756,0.31979741152966573,1.519375518172008
12.65,0.1703432320431002,0.3328882822890492,1.450269186928285
12.66,0.21251663830880813,0.3455452398628679,1.3779808579051602
12.67,0.2578216028761403,0.3577747988348086,1.3025359743680887
12.68,0.30636351652805893,0.3695846932153683,1.2239583768824855
12.69,0.35824777004752606,0.3809826570150438,1.142271906013766
12.700000000000001,0.413558394754103,0.3919709562312696,1.057511721687046
12.71,0.4723779852479941,0.4025505529472213,0.9697165405473916
12.72,0.5348468312499081,0.4127364107432521,0.8788967985539495
12.73,0.6011066202137967,0.4225438406755353,0.7850622218289642
12.74,0.6712990395936114,0.4319881538002442,0.6882225364946808
12.75,0.745565776843304,0.4410846611735521,0.5883874686733441
12.76,0.8243761676149455,0.44984510288591273,0.48557865712495685
12.77,0.9077903419985834,0.458281575422346,0.3798253341319669
12.780000000000001,0.9948257610597343,0.4664144790901189,0.27113557986017794
12.790000000000001,1.083952938251035,0.47425800175532185,0.1595254508819678
12.8,1.1722350156693397,0.4817824376630383,0.04509739607115554
12.81,1.2593491987433731,0.48895309915480295,-0.07200152666337467
12.82,1.3452802817627876,0.4957365758938502,-0.1916271579602973
12.83,1.430026825197277,0.502095144717376,-0.3136631970958037
12.84,1.5135677230322597,0.50800017451063,-0.43794931932975184
12.85,1.595874845202676,0.5134258673491872,-0.5643100733589798
12.86,1.6769200616434659,0.518346425308623,-0.6925700078803254
12.870000000000001,1.7566856501371875,0.5227307199210629,-0.822577796091978
12.88,1.8351611058409576,0.5265468164792092,-0.9541982277661457
12.89,1.9123098517675416,0.5297786419979803,-1.0872351279220431
12.9,1.9880944621000651,0.5324106000100747,-1.2214903452084784
12.91,2.0624775110216533,0.5344270940481903,-1.3567657282742607
12.92,2.1354215727154315,0.5358125276450256,-1.492863125768197
12.93,2.206893578492884,0.5365470907467489,-1.6295967745420505
12.94,2.2768781095344757,0.5365984656926088,-1.766832084693982
12.950000000000001,2.3453400023571005,0.5359600015363043,-1.9043797564521538
12.96,2.4122408952742997,0.5346285474076268,-2.0420414853948565
12.97,2.477542426599653,0.5326009524363672,-2.1796189671004536
12.98,2.541206234646727,0.5298740657523171,-2.316913897147283
12.99,2.603193957729087,0.5264447364852674,-2.4537279711136857
13.0,2.6634672341603003,0.5223098137650095,-2.5898628845779994
13.01,2.721988020982713,0.5174532109867533,-2.7251353996281775
13.02,2.778724239902189,0.5118539014271207,-2.8593935135501187
13.030000000000001,2.8336477644705083,0.5055209287678722,-2.992470665383014
13.040000000000001,2.886730508710248,0.49846403733571215,-3.1241997298927497
13.05,2.9379443866440176,0.4906929714573416,-3.254413581845283
13.06,2.9872613122944145,0.4822174754594626,-3.3829450960065484
13.07,3.0346531996840365,0.4730472936687771,-3.5096271471424787
13.08,3.080091962835482,0.46319217041198735,-3.6342926100190076
13.09,3.123549515771349,0.4526618500157953,-3.756774359402069
13.1,3.1649881485141123,0.4414574292662977,-3.876895594623542
13.11,3.204349571224539,0.42955796699888366,-3.9944749914515256
13.120000000000001,3.241622283301679,0.4169800347388689,-4.1093989131714155
13.13,3.276799570873681,0.4037442856240109,-4.221559535821245
13.14,3.3098747200687137,0.38987137279206013,-4.330849035439112
13.15,3.340841017014939,0.3753819493807695,-4.437159588063092
13.16,3.369691747840519,0.360296668527892,-4.54038336973126
13.17,3.3964201986736158,0.3446361833711803,-4.640412556481692
13.18,3.421019655642391,0.3284211470483872,-4.737139324352464
13.19,3.4434834048750065,0.31167221269726575,-4.830455849381652
13.200000000000001,3.4638047324996277,0.2944100334555655,-4.920254307607346
13.21,3.4819540975669936,0.27664330028674355,-5.006396486220878
13.22,3.497894509311679,0.2583732360923201,-5.088750522348879
13.23,3.511639187527828,0.23962460670303304,-5.167264035713118
13.24,3.5232023627693847,0.22042267814798366,-5.241886126153136
13.25,3.532598265590293,0.2007927164562735,-5.31256589350847
13.26,3.5398411265444962,0.18075998765700396,-5.379252437618661
13.27,3.5449451761859394,0.16034975777927643,-5.441894858323248
13.280000000000001,3.5479246450685658,0.13958729285218865,-5.500442255461781
13.290000000000001,3.5487935406222806,0.11849779300382185,-5.554843302203301
13.3,3.547537810090888,0.09709761992928619,-5.6049946291733495
13.31,3.5441617101871317,0.07540670215953102,-5.650833280901525
13.32,3.538693376145336,0.053451639467523335,-5.6923430828949595
13.33,3.531160943199825,0.03125903162622998,-5.729507860660784
13.34,3.521592546584923,0.008855478408617959,-5.762311439706131
13.35,3.5100163215349536,-0.013732420412345875,-5.790737645538131
13.36,3.4964520542636746,-0.03647940091672561,-5.814750884004962
13.370000000000001,3.4809044618227327,-0.05936322179941145,-5.834280168785351
13.38,3.463411494502934,-0.08235703804059402,-5.849331414793841
13.39,3.4440138589854756,-0.10543359176994574,-5.859916932517061
13.4,3.4227522619515587,-0.12856562511713504,-5.866049032441634
13.41,3.3996674100823836,-0.1517258802118302,-5.867740025054182
13.42,3.374799079589935,-0.17488716089084252,-5.864999764148736
13.43,3.3481607262617255,-0.1980242704381041,-5.857767585241259
13.44,3.3197896692946167,-0.22111111874459824,-5.846043047244785
13.450000000000001,3.2897391573454677,-0.24412067139885962,-5.829867314552522
13.46,3.258062439071153,-0.2670258939894105,-5.809281551557684
13.47,3.224812763128531,-0.2897997521047856,-5.784326922653481
13.48,3.1900433781744666,-0.31241521133351535,-5.755044592233121
13.49,3.1538075328658235,-0.33484523726413035,-5.721475724689815
13.5,3.11613248353992,-0.3570618167058266,-5.683580058952541
13.51,3.0770494840131253,-0.3790378223408553,-5.641326289263194
13.52,3.0366247096670373,-0.4007478540848537,-5.5947905079214095
13.530000000000001,2.994924383092914,-0.422166513928956,-5.5440489536748165
13.540000000000001,2.952014726882033,-0.4432684038642847,-5.489177865271071
13.55,2.907961963625651,-0.46402812588197406,-5.430253481457803
13.56,2.8628323159150333,-0.48442028197315434,-5.36735204098265
13.57,2.8166920063414427,-0.5044194741289558,-5.30054978259325
13.58,2.769607257496144,-0.5240003043405088,-5.2299229450372415
13.59,2.721616351098689,-0.5431315928820403,-5.155437879086459
13.6,2.672754124338412,-0.5617829401576744,-5.077049734834474
13.61,2.62309636625092,-0.5799333466740686,-4.994876176298629
13.620000000000001,2.5727190678564433,-0.5975618571035429,-4.90903566560078
13.63,2.5216982201752387,-0.614647516118408,-4.819646664862831
13.64,2.4701098142275364,-0.6311693683909837,-4.726827636206638
13.65,2.4180298410335745,-0.6471064585935872,-4.630697041754072
13.66,2.3655342916135926,-0.6624378313985351,-4.531373343627005
13.67,2.3126991569878292,-0.6771425314781445,-4.42897500394731
13.68,2.2596004281765234,-0.6911996035047321,-4.323620484836859
13.69,2.206305975024964,-0.7045830225582491,-4.215382741272571
13.700000000000001,2.1528522694583767,-0.7172500772451083,-4.104172940421973
13.71,2.099311789005425,-0.7291846602073531,-3.990124056320414
13.72,2.0457625764442824,-0.7403743856182701,-3.873401449902679
13.73,1.9922826745531323,-0.7508068676511436,-3.7541704821035746
13.74,1.938950126110158,-0.7604697204792579,-3.6325965138579064
13.75,1.8858429738935432,-0.769350558275897,-3.50884490610048
13.76,1.8330392606814712,-0.7774369952143454,-3.3830810197661014
13.77,1.7806170292521255,-0.7847166454678872,-3.2554702157895763
13.780000000000001,1.7286543223836803,-0.7911771232098077,-3.126177855105688
13.790000000000001,1.6772291828543378,-0.796806042613389,-2.9953692986492864
13.8,1.6264153453655048,-0.8015828195760265,-2.8631673849827726
13.81,1.5762710993279658,-0.8054696503225145,-2.7295935448647226
13.82,1.5268644644476874,-0.8084619180603778,-2.5948267664795757
13.83,1.478264739323527,-0.8105580642532401,-2.4590612799401645
13.84,1.4305412225543428,-0.8117565303647255,-2.3224913153593203
13.85,1.3837632127389925,-0.8120557578584578,-2.1853111028498757
13.86,1.3380000084763337,-0.8114541881980611,-2.0477148725246623
13.870000000000001,1.2933209083652168,-0.809950262847159,-1.9098968544964872
13.88,1.2497952110045152,-0.8075424232693758,-1.7720512788782317
13.89,1.2074927363911698,-0.8042256805097394,-1.6343626605462303
13.9,1.1664817105116303,-0.7999798187088087,-1.4969656790354264
13.91,1.1268206964076288,-0.7948072364899408,-1.3600483692626943
13.92,1.0885671631470557,-0.7887144778673443,-1.2238097096283
13.93,1.0517785797978008,-0.781708086855228,-1.0884486785325092
13.94,1.0165124154277547,-0.7737946074678007,-0.9541642543755878
13.950000000000001,0.9824854115217561,-0.7649787451566548,-0.8211598792061023
13.96,0.9481564772491247,-0.7552689167324736,-0.6896283554583318
13.97,0.9133782340562407,-0.7446954974042932,-0.5597069346120778
13.98,0.8782069158700745,-0.7332907770505646,-0.4315280931013959
13.99,0.8426987566175961,-0.7210870455497393,-0.3052243073603417
14.0,0.8069099902257757,-0.7081165927802688,-0.18092805382297006
14.01,0.770899984197712,-0.6944092089557795,-0.05879241152558308
14.02,0.7347386983048073,-0.6799890552963853,0.06099395011237255
14.030000000000001,0.6984889556242849,-0.6648893185914341,0.17832951808154585
14.040000000000001,0.6622127149194853,-0.6491440105951848,0.2931200979143114
14.05,0.6259719349537298,-0.6327871430618885,0.40527149514310645
14.06,0.5898285744903463,-0.615852727745799,0.5146895153003476
14.07,0.5538445922926623,-0.59837477640117,0.6212799639184508
14.08,0.5180829211930102,-0.580386521765173,0.7249357549625037
14.09,0.482610547919602,-0.5619159209454342,0.8254831688630497
14.1,0.44748548701171587,-0.5429946684898292,0.9228452830120302
14.11,0.41276408991572133,-0.5236555051174088,1.016965373132854
14.120000000000001,0.3785027080779816,-0.5039311715472194,1.1077867149489466
14.13,0.3447576929448781,-0.4838544084983189,1.195252584183684
14.14,0.31158539596277407,-0.4634579566897539,1.2793062565604925
14.15,0.27904287846403725,-0.44277459606308156,1.3598849877285804
14.16,0.24719526115150345,-0.421836724539215,1.4368536543064132
14.17,0.2160971564045683,-0.40067433289066223,1.510157343387465
14.18,0.18579930547467222,-0.37931697120893204,1.579772865013558
14.19,0.15635244961325553,-0.3577941895855331,1.6456770292265137
14.200000000000001,0.1278073300717537,-0.33613553811197033,1.707846646068165
14.21,0.1002146881016173,-0.31437056687976006,1.7662585255803114
14.22,0.07362614739170834,-0.2925291317490804,1.8208828743934182
14.23,0.04809905743347547,-0.27064224178718904,1.871646106860864
14.24,0.023683057547062146,-0.2487367169522177,1.9185306071952704
14.25,0.00042585718634316483,-0.22683856633256985,1.9615330393451125
14.26,-0.021624834194806583,-0.20497379901664908,2.0006500672588654
14.27,-0.042420125746121515,-0.18316953661369478,2.035869520022307
14.280000000000001,-0.06190854184658485,-0.16145453309573354,2.0671614377324725
14.290000000000001,-0.08004378631913855,-0.1398516679807916,2.0945365100458613
14.3,-0.09678007343455318,-0.11838329454118493,2.118009331464993
14.31,-0.11207161746359576,-0.0970717660492335,2.1375944964923814
14.32,-0.1258710006803445,-0.075942525986188,2.1532901117694716
14.33,-0.13812995331650774,-0.05502041711793749,2.1650927196971126
14.34,-0.14880305487187587,-0.03432328122477766,2.1730327573478028
14.35,-0.15784492805496775,-0.01386886608686047,2.1771411370880203
14.36,-0.16521019557430217,0.006325080515662093,2.1774487712842436
14.370000000000001,-0.17085342274100368,0.02623869687148731,2.1739789335169495
14.38,-0.17472786054732842,0.045847587132163005,2.1667349596190055
14.39,-0.1767855044381282,0.06513840734251994,2.155755481418405
14.4,-0.17697830269537146,0.08409898741473117,2.1410831367982692
14.41,-0.17525820360102662,0.10271715726096975,2.122760563641721
14.42,-0.17157715543706212,0.12098074679340871,2.1008303998318825
14.43,-0.16588996366700784,0.13887189074574682,2.075322254846471
14.44,-0.1581483250089737,0.15637360115482493,2.046261772162853
14.450000000000001,-0.14829665308286027,0.17347983061127512,2.0136956068503027
14.46,-0.1362793051811813,0.19018462674310516,1.9776706120300622
14.47,-0.12204063859644551,0.20648203717833205,1.9382336408233578
14.48,-0.10552501067436568,0.22236610949667762,1.895431546296428
14.49,-0.08668189752801125,0.2378253295956844,1.849303138970168
14.5,-0.06545299530565231,0.25285160394227746,1.7998843253519983
14.51,-0.041771106995516546,0.26744400602831786,1.747217482946611
14.52,-0.015569035585831642,0.2816016093456667,1.6913449892586978
14.530000000000001,0.013218035813218426,0.2953223337779476,1.6323095930107274
14.540000000000001,0.0446469640502995,0.30859939015699217,1.5701533895000264
14.55,0.07879659693220731,0.32143525737153866,1.5049119474880779
14.56,0.1157494180031817,0.3338340681371888,1.4366200273871221
14.57,0.15558791080746237,0.34579995516954454,1.3653123896093997
14.58,0.1983803525694553,0.35733217402627604,1.2910303442624256
14.59,0.24420595209184873,0.3684323861540117,1.2138092823177065
14.6,0.29316976080229795,0.37911033724194204,1.1336721660468951
14.61,0.3453768890747099,0.3893757921492954,1.0506419298487208
14.620000000000001,0.40093230202609514,0.39923848145537605,0.9647415891194636
14.63,0.45990327833110145,0.4086989588298521,0.8760163336390274
14.64,0.522392078315913,0.41776502722607384,0.7844959693119711
14.65,0.5885424539418882,0.4264540586946916,0.6901880781562074
14.66,0.6584981571703856,0.43478342528635555,0.5931002421896492
14.67,0.7324029399627634,0.44277049905171606,0.49324004343020883
14.68,0.8104005542803799,0.45043265204142335,0.39061506389579914
14.69,0.8934219695473857,0.4577847992097223,0.2852465989528121
14.700000000000001,0.9807733711139739,0.46484104437438045,0.1771645393887075
14.71,1.0697536512390566,0.4716183392617895,0.06638524493237119
14.72,1.1580230818224415,0.4781071726805634,-0.047030046548383955
14.73,1.245026379229598,0.48426191807626495,-0.16292955323341532
14.74,1.3307508334265103,0.49005078813778674,-0.281168454116277
14.75,1.4151966794946835,0.495437209858494,-0.40162837228364034
14.76,1.4983522851861015,0.5003910080475118,-0.5241646535239081
14.77,1.5801923249768925,0.5048879559317953,-0.6486037305109631
14.780000000000001,1.6606914733431988,0.5089038267382999,-0.7747720359187111
14.790000000000001,1.7398253570120175,0.5124138640374922,-0.9024981342413126
14.8,1.8175927715802933,0.5153818369167465,-1.0316625172534832
14.81,1.8939721389020503,0.5177865491794431,-1.162100219658815
14.82,1.9689290139237756,0.519614538255181,-1.293617494784899
14.83,2.0424289515919574,0.5208523415735589,-1.4260205959593257
14.84,2.1144375068530823,0.5214864965641757,-1.5591157765096861
14.85,2.184920234653638,0.5215035406566301,-1.6927092897635707
14.86,2.253847326933976,0.5208852246276684,-1.8266202608378155
14.870000000000001,2.3212072518184015,0.5195996537136608,-1.960720262275026
14.88,2.386968978896033,0.5176424131657149,-2.094829155708905
14.89,2.451098429532876,0.5150126704608364,-2.228758484322773
14.9,2.5135615250949224,0.5117095930760313,-2.362319791299925
14.91,2.574324186948166,0.507732348488305,-2.495324619823656
14.92,2.6333523364586005,0.5030801041746634,-2.627584513077262
14.93,2.690611894992218,0.4977520276121124,-2.758911014244039
14.94,2.7460682319191365,0.4917427508787486,-2.889118827989769
14.950000000000001,2.7996876145176017,0.48502420407662294,-3.0180546196972537
14.96,2.8514464527123944,0.4776014276862761,-3.1455689174726436
14.97,2.9013224693178694,0.46948618876033055,-3.2715097388187173
14.98,2.9492933871483737,0.4606902543514098,-3.39572510123823
14.99,2.9953369290182525,0.4512253915121375,-3.518063022233937
15.0,3.0394308177418514,0.44110336729513716,-3.6383715193085937
15.01,3.081552776133517,0.43033594875303244,-3.7564986099649555
15.02,3.1216805270075945,0.4189349029384469,-3.8722923117057775
15.030000000000001,3.1597917931784365,0.4069119969040018,-3.9856006420338352
15.040000000000001,3.195844457485495,0.3942627879018648,-4.096248979045894
15.05,3.229791453600089,0.3809742561406967,-4.2040771926349585
15.06,3.261631686321505,0.3670673786563608,-4.308993437883491
15.07,3.2913650200114395,0.35256387655794746,-4.410907142150981
15.08,3.3189913190315887,0.3374854709545469,-4.509727732796914
15.09,3.3445104477436502,0.32185388295524936,-4.605364637180775
15.1,3.3679222705093204,0.3056908336691451,-4.697727282662052
15.11,3.3892266516902954,0.28901804420532445,-4.7867250966002315
15.120000000000001,3.4084234556482755,0.2718572356728745,-4.872267506354815
15.13,3.4255125467449505,0.2542301291808916,-4.9542639392852585
15.14,3.44049378934202,0.23615844583846313,-5.032623822751063
15.15,3.4533468965540544,0.21765359235134404,-5.1072280341790135
15.16,3.46404182986252,0.19871854481583057,-5.177957171897998
15.17,3.4725960482560456,0.17937776879985812,-5.24477023563732
15.18,3.4790282337883807,0.1596563179682357,-5.307628107228891
15.19,3.483357068513273,0.13957924598577237,-5.366491668504622
15.200000000000001,3.485601234484472,0.11917160651727339,-5.421321801296436
15.21,3.4857794137557243,0.09845845322755506,-5.472079387436225
15.22,3.4839102883807804,0.07746483978142277,-5.518725308755911
15.23,3.480003774950503,0.05621326431841003,-5.561203000560949
15.24,3.4740556284767106,0.03472096237050199,-5.599430278736213
15.25,3.466093329959296,0.013013159484887474,-5.633390957572185
15.26,3.456146675062043,-0.008884288025999706,-5.663073558170188
15.27,3.4442454594487355,-0.030945523849725765,-5.6884666016315455
15.280000000000001,3.430419029891526,-0.05314475408144141,-5.7095575243092
15.290000000000001,3.4146808318854416,-0.07545860413666283,-5.72629501060053
15.3,3.397059871816464,-0.09786213019398658,-5.738664418183782
15.31,3.377596157609989,-0.12032896138000297,-5.746677529694578
15.32,3.3563296971914123,-0.14283272682130227,-5.75034612776854
15.33,3.3333004984861305,-0.16534705564447483,-5.74968199504129
15.34,3.308539508252025,-0.18784606399869033,-5.744672284277923
15.35,3.28206460236607,-0.21030490535419694,-5.735266515160091
15.36,3.2539260577914986,-0.23269735550420642,-5.721499992668521
15.370000000000001,3.2241763463067246,-0.2549970843083553,-5.703413912049827
15.38,3.1928679396901756,-0.2771777616262682,-5.6810494685506265
15.39,3.1600533097202645,-0.29921305731758163,-5.654447857417532
15.4,3.1257849281754093,-0.32107664124192803,-5.623650273897156
15.41,3.090112139621522,-0.34274205415466963,-5.588688052602299
15.42,3.0530492146288157,-0.3641817334145858,-5.549480583262936
15.43,3.0146471105827053,-0.385370370589105,-5.506060036583526
15.44,2.9749708633466,-0.4062833267233469,-5.458502629192313
15.450000000000001,2.934085508783903,-0.4268959628624349,-5.406884577717528
15.46,2.8920560827580384,-0.44718364005148137,-5.351282098787432
15.47,2.8489476211324085,-0.46712171933560975,-5.2917714090302574
15.48,2.8048251597704246,-0.4866855617599397,-5.228428725074245
15.49,2.759753734535495,-0.5058505283695911,-5.161330263547639
15.5,2.713796850820937,-0.5245916388337125,-5.090546102249992
15.51,2.666977821446251,-0.5428755572931391,-5.015986258192531
15.52,2.619349754288296,-0.560677204911584,-4.937683310378767
15.530000000000001,2.570986921558701,-0.577976477245724,-4.855755209935937
15.540000000000001,2.52196359546912,-0.5947532698522268,-4.770319907991324
15.55,2.4723540482311828,-0.6109874782877692,-4.681495355672164
15.56,2.4222325520565264,-0.6266589981090253,-4.589399504105709
15.57,2.371673379156788,-0.6417477248726687,-4.494150304419215
15.58,2.320750801743605,-0.6562335541353733,-4.39586570773993
15.59,2.269539092028616,-0.6700963814538129,-4.29466366519511
15.6,2.2181125222234566,-0.6833161023846612,-4.190662127912005
15.610000000000001,2.166529595459835,-0.6958624437770767,-4.083889141491284
15.620000000000001,2.1148314031345787,-0.7076979835546252,-3.9742930860105794
15.63,2.0630925138983964,-0.7188104119194081,-3.862030147845631
15.64,2.0113886578854037,-0.7291882258061742,-3.7472634129933544
15.65,1.9597955652297165,-0.7388199221496723,-3.6301559674506643
15.66,1.9083889660654507,-0.7476939978846514,-3.5108708972144766
15.67,1.8572445905267214,-0.7557989499458602,-3.389571288281706
15.68,1.8064381687476443,-0.7631232752680475,-3.266420226649268
15.69,1.7560454308623357,-0.7696554707859622,-3.1415807983140778
15.700000000000001,1.7061421070049019,-0.775384033434354,-3.015216089273028
15.71,1.6568039273094763,-0.7802974601479697,-2.887489185523079
15.72,1.6080996973251673,-0.7843701984135704,-2.7584916621515534
15.73,1.5600875279292503,-0.7875713995174314,-2.62827241137052
15.74,1.5128338540107507,-0.7898996813259002,-2.4970182499480265
15.75,1.4664053268547748,-0.7913542267991133,-2.3649187501072206
15.76,1.4208685977464293,-0.791934218897207,-2.232163484071248
15.77,1.37629031797082,-0.791638840580318,-2.0989420240632537
15.780000000000001,1.3327371388130456,-0.7904672748085821,-1.965443942306361
15.790000000000001,1.2902757115582282,-0.7884187045421365,-1.831858811023763
15.8,1.248972687491466,-0.7854923127411173,-1.6983762024385818
15.81,1.208896086706289,-0.7816807293828038,-1.5651680893776414
15.82,1.170111263007354,-0.7769660752981342,-1.4323696061199447
15.83,1.1326732678121758,-0.771354028999029,-1.3001696203553628
15.84,1.096636610166608,-0.7648519720817043,-1.168761243077663
15.85,1.0620557991165058,-0.7574672861423759,-1.0383375852806132
15.860000000000001,1.0289853437077174,-0.7492073527772585,-0.9090917579579579
15.870000000000001,0.9972665904177946,-0.7400775543568292,-0.781220682234638
15.88,0.9656766327054892,-0.7300821615413456,-0.6549178295391245
15.89,0.9340141776158516,-0.7192487149413302,-0.5303237298842324
15.9,0.9022819892537097,-0.7076076328167644,-0.40757282396669586
15.91,0.8704828317238914,-0.6951893334276292,-0.2867995524832492
15.92,0.8386194691312246,-0.6820242350339059,-0.16813835613062622
15.93,0.8066994713817893,-0.6681421894089555,-0.05172890849434083
15.94,0.7748075252459368,-0.6535669830835873,0.06223887235865433
15.950000000000001,0.7430285675855998,-0.6383287695505819,0.1736461110214984
15.96,0.7114337942561851,-0.6224600692694714,0.28239722532006994
15.97,0.6800944011130826,-0.6059934026997801,0.38839663308030725
15.98,0.6490815840116877,-0.5889612903010348,0.4915487521281283
15.99,0.6184665388073958,-0.5713962525327624,0.5917580002894517
16.0,0.5883204433695663,-0.55333073920956,0.6889273061382453
16.01,0.5587134097331896,-0.5347933696555384,0.7828945135844728
16.02,0.5297153902627145,-0.5158131809166723,0.873552268634746
16.03,0.5013967357647051,-0.4964209618514995,0.9608383711405805
16.04,0.4738277970457659,-0.4766475013185852,1.0446906209533657
16.05,0.4470789249124619,-0.45652358817646665,1.1250468179246125
16.06,0.42122047017139663,-0.4360800112837096,1.201844761905715
16.07,0.39632277494855117,-0.41534758443258346,1.2750214634799062
16.080000000000002,0.3724555850340225,-0.3943586862142584,1.3444455676154379
16.09,0.34968966238141297,-0.37314230020637135,1.4100326255665039
16.1,0.3280964621109692,-0.3517253244483855,1.4717521859731901
16.11,0.307747439342969,-0.3301346569797943,1.5295737974754917
16.12,0.2887140491976607,-0.30839719584006087,1.5834670087134888
16.13,0.2710677467953203,-0.2865398390686788,1.633401368327183
16.14,0.25487998725619804,-0.2645894847051109,1.6793464249566483
16.15,0.24022169325530118,-0.24257396860851443,1.721259190512594
16.16,0.22716352961608496,-0.22052308424444805,1.7590515557319129
16.17,0.21578132713240483,-0.1984596951096086,1.792700707923909
16.18,0.2061514799833727,-0.1764058070796498,1.8221936011108466
16.19,0.19835038234809044,-0.15438342603020205,1.8475171893150206
16.2,0.19245442840567237,-0.1324145578369269,1.868658426558687
16.21,0.18853707609798728,-0.11052393712960835,1.8855896708059845
16.22,0.18667302058287502,-0.08873656860215279,1.8982737288500156
16.23,0.18694650599008056,-0.06706977587427337,1.90670768123334
16.240000000000002,0.18944201509800404,-0.04554067839288026,1.910889600059138
16.25,0.1942440306850424,-0.0241663956048834,1.9108175574305961
16.26,0.20143338770684585,-0.0029661992254316084,1.9064836238432643
16.27,0.21108722261006685,0.018037557645576803,1.8978670256216388
16.28,0.22330124401800172,0.03883241592814427,1.8849695484995845
16.29,0.23817259025349025,0.05940671670208794,1.8677950043297844
16.3,0.25579839963939155,0.07974880104725432,1.8463472049648997
16.31,0.2762716733067007,0.09984528317936532,1.8206279246502974
16.32,0.2996727725527883,0.11967677996158624,1.790628958132288
16.330000000000002,0.32611397994528896,0.1392361212480569,1.7563520408579056
16.34,0.3557123547090695,0.1585180527626736,1.7178008554332433
16.35,0.38858495606902865,0.17751732022935313,1.6749790844643522
16.36,0.42484843312271686,0.19622854462855369,1.627890428609114
16.37,0.464587604293834,0.21463628495362236,1.5765391698350992
16.38,0.5079222247960932,0.23273450444344515,1.520925419246282
16.39,0.5550019126660092,0.2505260071123581,1.4610474515946563
16.4,0.6059762859400326,0.26801359697467175,1.3969035416322984
16.41,0.6609949626546837,0.2852000780447217,1.3284919641111967
16.42,0.7202083802984186,0.3020881792180947,1.2558110688134716
16.43,0.7838363897552583,0.3186733544892107,1.178867285743471
16.44,0.8519860836874902,0.3349583993228908,1.0976623855325491
16.45,0.9246824363449406,0.3509530283336289,1.0121917710836765
16.46,1.0019504219775361,0.36666695613594197,0.9224508452997053
16.47,1.0817304745472636,0.38209764147450936,0.8284405616350814
16.48,1.1613287426253196,0.3972096285364245,0.7302494083142628
16.490000000000002,1.2406960232333082,0.4119654379743516,0.6280105194443715
16.5,1.3197932983555707,0.4263276168957679,0.5218571003344417
16.51,1.3985921226654592,0.4402558527026881,0.4118966221072908
16.52,1.4770707771837206,0.4537099042500219,0.29822638533559176
16.53,1.5551779203130194,0.4666592474787924,0.18102138410247964
16.54,1.6328611293837365,0.479073683190262,0.06045935028350907
16.55,1.7100679817263646,0.4909230121857113,-0.06328198424593456
16.56,1.7867484881318891,0.5021760761936555,-0.1900315524176663
16.57,1.8628727177318736,0.5127957467142156,-0.3196695259297874
16.580000000000002,1.9383883850361885,0.522757466758583,-0.4520076649924608
16.59,2.013236377777447,0.5320397579099516,-0.5868382911564651
16.6,2.0873575836883425,0.540621141751525,-0.7239537259727232
16.61,2.160692890501461,0.5484801398664942,-0.8631462909919646
16.62,2.2331934720480158,0.5555869285546243,-1.0042462577393199
16.63,2.304809488615639,0.5619183918978352,-1.1470742203822744
16.64,2.3754799567710605,0.5674634463915192,-1.2914066409707217
16.65,2.4451438927585136,0.5722110088371528,-1.4370199803199668
16.66,2.5137403128223315,0.57614999603622,-1.5836906992455209
16.67,2.5812082332067727,0.5792693247901992,-1.7311952585627401
16.68,2.647487678682712,0.5815506853193304,-1.879325861316823
16.69,2.7125234114809187,0.5829691976956353,-2.0279058290809235
16.7,2.776260586977775,0.5835248589234269,-2.1767212935104054
16.71,2.8386442827066833,0.5832189776961529,-2.325555991730995
16.72,2.899619576200957,0.5820528627072611,-2.474193660868209
16.73,2.959131544993996,0.5800278226501976,-2.6224180380477735
16.740000000000002,3.0171252666191357,0.5771451662184102,-2.770012860395257
16.75,3.0735458186097135,0.5734062021053475,-2.9167618650362295
16.76,3.1283243937131213,0.568794709604931,-3.062453184943824
16.77,3.1814002576091793,0.5632990197594843,-3.206901218333414
16.78,3.232735559654346,0.5569331210829734,-3.349929638544265
16.79,3.2822924900694326,0.5497110503502278,-3.491362122994294
16.8,3.330033239075324,0.5416468443360669,-3.6310223491016185
16.81,3.3759199968928346,0.5327545398153214,-3.768733994284157
16.82,3.4199149537428464,0.5230481735628096,-3.9043207359600247
16.830000000000002,3.461980299846192,0.5125417823533593,-4.03760625154719
16.84,3.502078225423706,0.5012494029617993,-4.168414218463626
16.85,3.5401504473056242,0.48917403450526964,-4.296545323235412
16.86,3.5761091531114113,0.47630072417462443,-4.421784290143459
16.87,3.609938860684194,0.46265131479657884,-4.544015680069005
16.88,3.6416289424862645,0.4482501944733225,-4.663130114451236
16.89,3.6711687709799636,0.4331217513070252,-4.779018214729514
16.9,3.6985477186275877,0.41729037339987773,-4.89157060234303
16.91,3.7237551578914734,0.40078044885404895,-5.00067789873114
16.92,3.7467804612339286,0.38361636577172437,-5.106230725333077
16.93,3.767613001117263,0.3658225122550904,-5.208119703588082
16.94,3.78624215000381,0.34742327640631454,-5.306235454935501
16.95,3.8026572803558722,0.3284430463275898,-5.4004686008145395
16.96,3.816802896482532,0.3088893006478239,-5.490648001071792
16.97,3.828639008259638,0.2887720680939284,-5.576641790862226
16.98,3.838179031754176,0.26811984463880534,-5.658400657452727
16.990000000000002,3.845436383383488,0.24696112638153322,-5.735875288624444
17.0,3.85042447956492,0.22532440942119125,-5.809016372158534
17.01,3.8531567367158233,0.20323818985683564,-5.877774595836227
17.02,3.853646571253543,0.18073096378755352,-5.942100647438654
17.03,3.8519073995954267,0.15783122731240035,-6.001945214747042
17.04,3.8479509262618588,0.13456707682684105,-6.057255789374457
17.05,3.8417501247653463,0.1109568898766417,-6.107909212547641
17.06,3.833313146559437,0.08702551259651656,-6.153852295017586
17.07,3.8226692911623705,0.06280246211927798,-6.195071987712431
17.080000000000002,3.8098478580923962,0.038317255577763706,-6.23155524156027
17.09,3.794878146867765,0.013599410104811971,-6.263289007489199
17.1,3.777789457006712,-0.011321557166765472,-6.29026023642735
17.11,3.7586002729081094,-0.03641745383903183,-6.31243150419378
17.12,3.73731215649469,-0.0616627904810256,-6.329725994263879
17.13,3.713965921078774,-0.08702796678845375,-6.3421539695213776
17.14,3.6886051952510486,-0.11248306173701533,-6.349731989979732
17.150000000000002,3.661273607602223,-0.1379981543023825,-6.352476615652386
17.16,3.6320147867230115,-0.16354332346022712,-6.350404406552787
17.17,3.600871998768736,-0.1890886621277687,-6.343530998907333
17.18,3.567859919763776,-0.21460556672875722,-6.331797802953107
17.19,3.5330136892284187,-0.24006529500908283,-6.315194075925639
17.2,3.496390805151116,-0.26543837188298647,-6.293765217339602
17.21,3.4580487655202683,-0.29069532226474515,-6.2675566267096405
17.22,3.4180450683243295,-0.31580667106860005,-6.236613703550431
17.23,3.376437211551698,-0.3407429432088279,-6.200981847376613
17.240000000000002,3.333282693190814,-0.36547466359967895,-6.1607064577028545
17.25,3.288613920573279,-0.38997083350717476,-6.115756571932866
17.26,3.2424587008788457,-0.4142007026582164,-6.0660822998544965
17.27,3.1948885365909305,-0.438136533738328,-6.011763379294512
17.28,3.1459753667866033,-0.4617506178327301,-5.952880859212241
17.29,3.095791130543002,-0.48501524602660945,-5.889515788567088
17.3,3.0444077669371943,-0.5079027094051861,-5.821749216318376
17.31,2.99189721504632,-0.5303852990536475,-5.749662191425516
17.32,2.9383314139474455,-0.552435306057213,-5.673335762847823
17.330000000000002,2.883782302717692,-0.5740250215010781,-5.5928509795446875
17.34,2.828295759917266,-0.5951209356326164,-5.508188831945021
17.35,2.7719023183808718,-0.6156873119564817,-5.4192727982989055
17.36,2.7146839652169747,-0.6357007869108569,-5.326225002325942
17.37,2.6567237525112777,-0.6551382435772323,-5.229171668040548
17.38,2.5981047323495643,-0.6739765650370708,-5.128239019457274
17.39,2.5389099568175366,-0.6921926343718625,-5.02355328059053
17.400000000000002,2.4792224780009584,-0.709763334663077,-4.915240675454835
17.41,2.4191253479855948,-0.7266655489921847,-4.803427428064711
17.42,2.358701618857146,-0.7428761604406746,-4.688239762434561
17.43,2.2980343427013983,-0.7583720520900115,-4.56980390257895
17.44,2.2372001209169454,-0.773126127687765,-4.448211243710136
17.45,2.176236126042001,-0.7870895486861113,-4.323353829076938
17.46,2.1152187809536884,-0.8002420724890114,-4.195358608709733
17.47,2.0542340112803044,-0.8125696832556897,-4.064405752510971
17.48,1.993367742650058,-0.8240583651453887,-3.9306754303829146
17.490000000000002,1.932705900691225,-0.8346941023173373,-3.794347812227967
17.5,1.87233441103208,-0.844462878930766,-3.655603067948534
17.51,1.8123391993008333,-0.8533506791449154,-3.5146213674468756
17.52,1.752806191125781,-0.8613434871190127,-3.3715828806254478
17.53,1.6938213121351338,-0.8684272870122974,-3.2266677773865062
17.54,1.6354704879571869,-0.874588062983998,-3.08005622763251
17.55,1.5778346604049198,-0.8798035930349078,-2.9318858287279927
17.56,1.5209757529779224,-0.8840316555349609,-2.782179615982524
17.57,1.4649688117949073,-0.8872659995603908,-2.6311335185998934
17.580000000000002,1.4098907790751993,-0.8895041829438777,-2.4789625693084094
17.59,1.3558185970381216,-0.8907437635181031,-2.3258818008363797
17.6,1.30282920790294,-0.8909822991157497,-2.17210624591195
17.61,1.2509995538889964,-0.8902173475694988,-2.017850937263482
17.62,1.2004065772155585,-0.8884464667120319,-1.8633309076191202
17.63,1.1511272201019662,-0.8856672143760317,-1.708761189707229
17.64,1.1035381718749318,-0.8818682933156129,-1.554338105684058
17.650000000000002,1.0579411746835312,-0.8770319844799268,-1.4002283075023174
17.66,1.0134503976591644,-0.871167508363049,-1.2466401866025494
17.67,0.9691353031213056,-0.8642852266153394,-1.0937842108736446
17.68,0.9240726603032103,-0.856395775703009,-0.9418703676942486
17.69,0.877841965850678,-0.8475259815663135,-0.7910733222129944
17.7,0.830523832737876,-0.8377138819524202,-0.6415284309994408
17.71,0.7821620930837698,-0.826994836241182,-0.4933723915704086
17.72,0.732800579007393,-0.8154042038124661,-0.3467419014429298
17.73,0.6824960597543246,-0.8029706063109412,-0.20182681155305723
17.740000000000002,0.6312968590087544,-0.7897251692196415,-0.058787268737693965
17.75,0.5792338581417791,-0.7757071459012803,0.08228572258422873
17.76,0.526337938377695,-0.7609557897903869,0.22130115858472998
17.77,0.47263998094087345,-0.7455103543215109,0.3581680354356299
17.78,0.41817086705560963,-0.7294100929291807,0.492795349308945
17.79,0.3629614779462758,-0.7126942590479467,0.6250920963764982
17.8,0.30705333619281966,-0.6953988030431958,0.7549319969978636
17.81,0.25050105989241317,-0.6775525545679218,0.8821337319802378
17.82,0.19331591484239363,-0.6591943972544383,1.0066467464439353
17.830000000000002,0.135506162293239,-0.6403640276016638,1.1284299898561063
17.84,0.07708006349542806,-0.6211011421085176,1.2474424116839056
17.85,0.01804587969937732,-0.6014454372738985,1.363642961394614
17.86,-0.041588127844413625,-0.5814366095967328,1.4769905884553451
17.87,-0.10180876534181998,-0.5611141243968979,1.5874333374532634
17.88,-0.1625306159850592,-0.5405132314644058,1.694753500398698
17.89,-0.2237490573671633,-0.5196710211296871,1.7988977394301955
17.900000000000002,-0.28549529569886545,-0.49862600081910335,1.8998900073206857
17.91,-0.34780053719089776,-0.4774166779590164,1.9977542568431028
17.92,-0.4106959880540592,-0.4560815599757652,2.0925144407704845
17.93,-0.47421285449905975,-0.4346591542957192,2.184194511875732
17.94,-0.5383823427366989,-0.41318796834521726,2.2728184229318797
17.95,-0.6032356589776856,-0.3917065095506289,2.3584101267118323
17.96,-0.6688040094328207,-0.37025328533829294,2.4409935759886188
17.97,-0.7352037124139159,-0.34886627347348476,2.520564096154966
17.98,-0.8026863554033945,-0.3275807215661885,2.597031108980434
17.990000000000002,-0.8709653327939978,-0.3064327115082645,2.6704312437684607
18.0,-0.9396985918705578,-0.28545853711207847,2.7408169307268535
18.01,-1.0085440799179801,-0.2646944921899736,2.8082406000634945
18.02,-1.0762316964415606,-0.24416682022873906,2.872729286305019
18.03,-1.1405436257639994,-0.22386886668453726,2.9342371449109654
18.04,-1.2014824930950478,-0.20379781351555187,2.992737176961314
18.05,-1.2591349117724382,-0.18395138012970247,3.0482039100861167
18.06,-1.313587495133819,-0.16432728593493692,3.100611871915346
18.07,-1.3649617893792094,-0.14490938017739025,3.149923327855479
18.080000000000002,-1.4133725946854827,-0.1256852824876143,3.196116138843789
18.09,-1.45888815552671,-0.10666170190560291,3.2391918297183944
18.1,-1.501576666787838,-0.08784536750635481,3.279151946910555
18.11,-1.541506323353752,-0.06924300836489569,3.315998036851472
18.12,-1.5787453201093946,-0.050861353556224495,3.3497316459724007
18.13,-1.6133618519396549,-0.03270713215536661,3.380354320704546
18.14,-1.6454241137294718,-0.014787073237321396,3.4078676074791594
18.150000000000002,-1.675000300363748,0.0028920941228924024,3.4322730527274583
18.16,-1.702162302166299,0.020325052350967272,3.45357016987369
18.17,-1.7270397532208446,0.03752815086910603,3.4717366090836794
18.18,-1.7497186500544746,0.05450017283450632,3.4867969243163315
18.19,-1.7702619189102722,0.07123097067463276,3.498791390176796
18.2,-1.7887324860312892,0.08771039681692601,3.5077602812702042
18.21,-1.8051932776606057,0.10392830368885032,3.513743872201702
18.22,-1.8197072200412763,0.1198745437178467,3.5167824375764236
18.23,-1.8323372394163782,0.1355389693313791,3.516916251999511
18.240000000000002,-1.8431462620289725,0.15091143295689427,3.5141855900761025
18.25,-1.852197214122123,0.16598178702183947,3.508630726411339
18.26,-1.859553269944466,0.18073997273777787,3.500291474638722
18.27,-1.8653052498634068,0.19518615150163948,3.489160951909099
18.28,-1.8695330540594028,0.20931763505013123,3.4752679547851173
18.29,-1.872296760004612,0.223124853725764,3.458681245208659
18.3,-1.873656445171197,0.23659823787106848,3.439469585121584
18.31,-1.8736721870313173,0.24972821782855603,3.4177017364657782
18.32,-1.8724040630571344,0.2625052239407569,3.393446461183099
18.330000000000002,-1.869912150720808,0.2749196865501873,3.3667725212154247
18.34,-1.8662565274945013,0.2869620359993638,3.3377486785046386
18.35,-1.861497270850372,0.298622702630816,3.306443694992592
18.36,-1.8556971110142955,0.3098921960415981,3.272916211722256
18.37,-1.8489374657806457,0.32076262429062957,3.2371550352559795
18.38,-1.8412792485065144,0.33122738297330245,3.1992298743914493
18.39,-1.832777818509718,0.341279879799945,3.159231878387272
18.400000000000002,-1.823488535108082,0.35091352248087443,3.117252196502093
18.41,-1.8134667576194319,0.3601217187264083,3.0733819779945613
18.42,-1.8027678453615832,0.36889787624687403,3.0277123721232786
18.43,-1.7914471576523654,0.3772354027525863,2.9803345281469102
18.44,-1.779560053809593,0.3851277059538719,2.9313395953240553
18.45,-1.7671618931510966,0.39256819356104616,2.8808187229133817
18.46,-1.7543080349946896,0.3995502732844352,2.8288630601734863
18.47,-1.741061699716979,0.40606447302990994,2.7755364543316343
18.48,-1.7274985711731057,0.4120979870353941,2.7208527304155896
18.490000000000002,-1.7136678068398437,0.41764906019781867,2.664910554522874
18.5,-1.6996167433468585,0.42271664803642833,2.6078146784757212
18.51,-1.6853927173238006,0.42729970607047313,2.5496698540963028
18.52,-1.6710430654003403,0.43139718981919606,2.4905808332068724
18.53,-1.6566151242061276,0.4350080548018465,2.430652367629601
18.54,-1.6421562303708332,0.43813125653766827,2.369989209186744
18.55,-1.6277137205241072,0.44076575054590994,2.308696109700471
18.56,-1.6133349312956202,0.44291049234581603,2.246877820993037
18.57,-1.599067199315022,0.44456443745663443,2.184639094886612
18.580000000000002,-1.5849644524944444,0.44572293334180624,2.1220734452231347
18.59,-1.571102347281109,0.4463694453770393,2.059228929717655
18.6,-1.557520831236201,0.4465070031587161,1.9962024775639426
18.61,-1.544254808420521,0.4461413981361192,1.933098885479458
18.62,-1.5313391828948504,0.445278421758531,1.8700229501815708
18.63,-1.5188088587199895,0.44392386547523477,1.807079468387741
18.64,-1.50669873995672,0.4420835207355124,1.7443732368153388
18.650000000000002,-1.495043730665838,0.43976317898864686,1.6820090521818016
18.66,-1.483878734908138,0.43696863168392197,1.6200917112045663
18.67,-1.4732386567444031,0.43370567027061846,1.5587260106010037
18.68,-1.4631584002354319,0.4299800861980213,1.4980167470885721
18.69,-1.453682553176352,0.42579268944770315,1.4380671063553758
18.7,-1.4448810854833556,0.42113054628399654,1.3789684537706033
18.71,-1.4367784172852431,0.4160032525235863,1.320809753715714
18.72,-1.4293937473272227,0.4104230435642371,1.2636803260905092
18.73,-1.4227462743544899,0.4044021548037061,1.207669490794708
18.740000000000002,-1.4168551971122494,0.3979528216397564,1.1528665677280923
18.75,-1.4117397143457044,0.3910872794701516,1.0993608767904401
18.76,-1.4074190248000527,0.3838177636926479,1.0472417378814742
18.77,-1.4039123272204992,0.37615650970501163,0.9965984709009916
18.78,-1.4012388203522426,0.3681157529049984,0.9475203957487166
18.79,-1.3994197234403638,0.35970690063284194,0.9000985979001177
18.8,-1.3985146820383214,0.3509250832742464,0.8544542107001525
18.81,-1.3985461591325312,0.3417793557970998,0.8106671044429343
18.82,-1.3995166628406739,0.33228676003637636,0.7687984357526481
18.830000000000002,-1.4014287012804294,0.32246433782705985,0.728909361253526
18.84,-1.4042847825694773,0.31232913100413473,0.6910610375697973
18.85,-1.4080874148254996,0.3018981814025743,0.6553146213256513
18.86,-1.412839106166174,0.2911885308573668,0.6217312691453297
18.87,-1.4185423647091842,0.28021722120348513,0.5903721376530247
18.88,-1.4251996985722062,0.2690012942759179,0.5612983834729746
18.89,-1.4328265760849168,0.2575538695538163,0.5345909404534582
18.900000000000002,-1.4414652633743958,0.24587900857535366,0.5103662619046465
18.91,-1.4511070591793422,0.23399506906923273,0.48865662386600933
18.92,-1.4617386851423264,0.22192174722625613,0.46948705249988687
18.93,-1.4733468629059043,0.2096787392372434,0.4528825739686485
18.94,-1.4859183141126477,0.19728574129299692,0.4388682144346383
18.95,-1.4994397604051113,0.18476244958433646,0.4274690000602219
18.96,-1.5138979234258678,0.17212856030206417,0.41870995700774716
18.97,-1.5292795248174709,0.15940376963699998,0.4126161114395758
18.98,-1.5455802501163778,0.14660593995361743,0.4092302017071741
18.990000000000002,-1.5628200969964972,0.13374701993905483,0.4086380204131784
19.0,-1.5809785141551893,0.12084602363778296,0.4108387130104302
19.01,-1.600030258414088,0.10792286217088279,0.41582182104867615
19.02,-1.6199500865947996,0.09499744665945348,0.42357688607765837
19.03,-1.6407127555189585,0.08208968822457592,0.43409344964712765
19.04,-1.6622930220081704,0.06921949798734935,0.4473610533068219
19.05,-1.684665642884071,0.05640678706885467,0.463369238606496
19.06,-1.7078176632544513,0.043670052597730505,0.4821360017279966
19.07,-1.7317365915928065,0.031026506419415595,0.5036742659128649
19.080000000000002,-1.7563903113181718,0.018494835374751863,0.5279476035381202
19.09,-1.7817465885324275,0.006093737318735054,0.5549193029237591
19.1,-1.807773189337481,-0.006158089893652276,0.5845526523898077
19.11,-1.8344385848638256,-0.018241900306696174,0.6168130738339934
19.12,-1.861722715518093,-0.030138542976267026,0.65169892528974
19.13,-1.8895934412065394,-0.04183059716694888,0.6891677523903581
19.14,-1.9180128349987047,-0.05330116294338327,0.7291589969034216
19.150000000000002,-1.9469429699641003,-0.0645333403701992,0.7716121005964649
19.16,-1.9763459191722366,-0.07551022951202602,0.8164665052370192
19.17,-2.006187257217603,-0.0862140657226781,0.863674351164936
19.18,-2.0364400836567405,-0.09662605063060986,0.9132117818670556
19.19,-2.0670633099857723,-0.10673188801423822,0.9649995071823441
19.2,-2.09801451938115,-0.11651765263836003,1.0189532484735762
19.21,-2.1292512950193694,-0.12596941926778626,1.0749887271036014
19.22,-2.1607312200768822,-0.13507326266731426,1.133021664435192
19.23,-2.192412063044624,-0.14381513407080387,1.1929687061605705
19.240000000000002,-2.224261330904216,-0.15217524738811952,1.254792611038673
19.25,-2.256240792709937,-0.160139898645501,1.3184201523603367
19.26,-2.2883059947069913,-0.16769994461058313,1.3837457183496005
19.27,-2.3204124831405375,-0.1748462420509898,1.4506636972304106
19.28,-2.3525158042557797,-0.18156964773435533,1.5190684772268082
19.29,-2.3845715042978757,-0.18786101842830416,1.5888544465627372
19.3,-2.416535129512031,-0.19371121090046997,1.659915993462241
19.31,-2.448362380471249,-0.19911058756475686,1.732149541690518
19.32,-2.48001361963588,-0.2040386559131909,1.8055003983116071
19.330000000000002,-2.5114489029559715,-0.2084864710716813,1.879877170062532
19.34,-2.5426267873310966,-0.2124515119134584,1.9551636785842768
19.35,-2.5735058296608626,-0.21593125731175655,2.031243745517905
19.36,-2.604044586844831,-0.21892318613980488,2.108001192504374
19.37,-2.634201615782609,-0.2214247772708371,2.1853198411847483
19.38,-2.6639354733737584,-0.223433509578083,2.2630835131999847
19.39,-2.6932047165178856,-0.22494686193477562,2.3411760301911477
19.400000000000002,-2.7219678555932965,-0.22596224197665957,2.4194813183671946
19.41,-2.7501742864222645,-0.2264617376817322,2.4979093324809196
19.42,-2.7777824496136128,-0.22643652913945203,2.5763690461335944
19.43,-2.804760657948663,-0.22589188015045591,2.6547514453727072
19.44,-2.8310772242087747,-0.2248330545153802,2.7329475162458574
19.45,-2.8567004611752704,-0.2232653160348624,2.8108482448005323
19.46,-2.881598681629509,-0.22119392850953826,2.888344617084331
19.47,-2.905740198352814,-0.21862415574004596,2.9653276191447424
19.48,-2.929093324126543,-0.2155612615270205,3.0416882370293647
19.490000000000002,-2.9516263717320284,-0.21201050967109947,3.117317456785713
19.5,-2.973307653950603,-0.20797716397292115,3.1921062644613056
19.51,-2.9941001542676915,-0.20346253772032022,3.2659447937133503
19.52,-3.013948516402927,-0.19845263228648882,3.338728987610038
19.53,-3.032830485988999,-0.19295542927902992,3.4103731070294936
19.54,-3.050728801723264,-0.1869824428362983,3.4807930706786423
19.55,-3.067626202303105,-0.18054518709664075,3.5499047972645115
19.56,-3.0835054264258805,-0.17365517619841273,3.6176242054940277
19.57,-3.098349212788972,-0.1663239242799603,3.6838672140742164
19.580000000000002,-3.1121403000897434,-0.15856294547963679,3.7485497417120297
19.59,-3.1248614270255612,-0.15038375393579614,3.811587707114422
19.6,-3.136495332293804,-0.1417978637867835,3.8728970289884144
19.61,-3.1470151299389295,-0.13281225692328838,3.932383657181945
19.62,-3.1563789348780316,-0.12342560438230071,3.9899443253318254
19.63,-3.1645802159759087,-0.11365184054546752,4.0455193988429725
19.64,-3.1716149935299836,-0.10350605292551919,4.099052130608926
19.650000000000002,-3.17747928783767,-0.09300332903519648,4.150485773523165
19.66,-3.182169119196384,-0.08215875638724066,4.199763580479172
19.67,-3.185680507903546,-0.07098742249438134,4.246828804370481
19.68,-3.1880094742565706,-0.05950441486936378,4.291624698090559
19.69,-3.189146980907003,-0.04772311762991645,4.334086811648836
19.7,-3.1890707775147984,-0.03565181139410488,4.374133084101205
19.71,-3.187783301726316,-0.023306225205067074,4.411722386384987
19.72,-3.1852898561468153,-0.010703007568251488,4.446818127573886
19.73,-3.181595743381552,0.002141193010911188,4.479383716741657
19.740000000000002,-3.176706266035785,0.015209728026976801,4.5093825629620135
19.75,-3.170619262155953,0.028487571819712103,4.536763447007129
19.76,-3.163329625119564,0.04196074671920444,4.561470149240017
19.77,-3.154850922561439,0.05561155402718757,4.58348368606489
19.78,-3.1451972190856767,0.0694221917906295,4.602786056843945
19.79,-3.134382579296391,0.0833748580564787,4.61935926093934
19.8,-3.122421056799366,0.0974517523610849,4.633185273151414
19.81,-3.109311684357776,0.11163721600678915,4.644212502172249
19.82,-3.0950617207522892,0.12591488506869503,4.652407647655407
19.830000000000002,-3.0796951094796965,0.1402662331133711,4.657774651300049
19.84,-3.0632357940367894,0.15467273370738588,4.660317454805346
19.85,-3.045707717920341,0.16911586041732318,4.660039999870467
19.86,-3.027134824627151,0.18357708680974638,4.656946228194578
19.87,-3.007540876851829,0.19803789672454275,4.65103962164051
19.88,-2.986925866662986,0.21248128960418455,4.642263091579846
19.89,-2.965304489192263,0.226889982738953,4.630596560214839
19.900000000000002,-2.9427115172420155,0.24124566765434557,4.616070933747689
19.91,-2.9191817236146007,0.25553003587585976,4.598717118380598
19.92,-2.89474988111235,0.26972477892900826,4.57856602031575
19.93,-2.8694507625376295,0.2838115883392835,4.555648545755356
19.94,-2.843319140692769,0.29777215563219817,4.529995600901594
19.95,-2.816389788380136,0.3115881723332448,4.501638091956678
19.96,-2.788691999130373,0.32524102040114133,4.470590281160061
19.97,-2.760223619117884,0.33871082794062496,4.4367715105952215
19.98,-2.731020395750269,0.35198075681453495,4.40021728475125
19.990000000000002,-2.701126680512858,0.3650345298672404,4.3609893307053955
20.0,-2.6705868248909805,0.37785586994311054,4.31914937553491
20.01,-2.6394451803699353,0.3904284998865285,4.274759146317
20.02,-2.607746098435063,0.4027361425418592,4.227880370128933
20.03,-2.5755339305716602,0.4147625207534852,4.178574774047913
20.04,-2.5428530282650694,0.4264913573657718,4.126904085151211
20.05,-2.5097477430005863,0.4379063752231014,4.072930030516027
20.06,-2.476259287876524,0.4489903799491481,4.016701836291058
20.07,-2.4423954231292635,0.45971734689611543,3.9581388386976832
20.080000000000002,-2.408194245891714,0.4700720851129648,3.8972881977532277
20.09,-2.373705523630205,0.48004303860760666,3.8342443550957
20.1,-2.3389790238110284,0.4896186513879623,3.7691017523630403
20.11,-2.3040645139005242,0.4987873674619388,3.701954831193281
20.12,-2.2690117613649856,0.5075376308374567,3.6328980332243592
20.13,-2.233870533670753,0.5158578855224238,3.56202580009431
20.14,-2.198690598284118,0.5237365755247603,3.4894325734410683
20.150000000000002,-2.1635217226714096,0.5311621448523767,3.415212794902644
20.16,-2.128413674298957,0.5381230375131849,3.33946090611705
20.17,-2.093416178028255,0.544607653388983,3.2622710636545644
20.18,-2.0585612149749495,0.5505878862581939,3.1836264274783717
20.19,-2.0238824171964778,0.5560440951516975,3.1035490969968857
20.2,-1.989427292426436,0.5609725303619891,3.0221602900209428
20.21,-1.9552433483983718,0.5653694421815716,2.939581224361264
20.22,-1.921378092845881,0.569231080902941,2.8559331178286866
20.23,-1.8878790335025113,0.5725536968185991,2.7713371882339315
20.240000000000002,-1.8547936781018466,0.575333540221044,2.685914653387807
20.25,-1.8221695343774698,0.5775668614027741,2.5997867311011227
20.26,-1.7900541100629297,0.5792499106562902,2.513074639184597
20.27,-1.7584949128918208,0.5803789382740904,2.4258995954490707
20.28,-1.7275394505976924,0.5809501945486746,2.338382817705261
20.29,-1.697235190500105,0.5809582521360269,2.2506397117180508
20.3,-1.667626059695772,0.580375671453593,2.1627029260544166
20.31,-1.6387497550468548,0.5791975813681788,2.07466867345439
20.32,-1.6106433414785026,0.5774287316339553,1.986664633064165
20.330000000000002,-1.583343883915896,0.5750738720050944,1.8988184840300304
20.34,-1.5568884472842133,0.5721377522357691,1.8112579054982743
20.35,-1.5313140965086056,0.5686251220801493,1.7241105766150908
20.36,-1.5066578965142607,0.5645407312924091,1.6375041765267992
20.37,-1.4829569122263306,0.5598893296267173,1.5515663843795953
20.38,-1.4602482085700021,0.5546756668372492,1.4664248793197965
20.39,-1.438570570136967,0.5489024515227595,1.3822055840195968
20.400000000000002,-1.4179776955296561,0.5425520093844138,1.299011996005626
20.41,-1.3984998883048094,0.5356288741777334,1.2169565903851713
20.42,-1.380160339786271,0.5281453896741625,1.136157411625294
20.43,-1.3629822412979107,0.5201138996451553,1.05673250419317
20.44,-1.3469887841635737,0.511546747862155,0.9787999125558622
20.45,-1.332203159707129,0.5024562780966169,0.9024776811805447
20.46,-1.3186485592524235,0.4928548341199832,0.8278838545342827
20.47,-1.3063481741233238,0.48275475970371007,0.7551364770842478
20.48,-1.2953303163145327,0.4721649186969241,0.6843571538012032
20.490000000000002,-1.2856414540581211,0.46108020463424787,0.6156756847962052
20.5,-1.2772950754992602,0.44951545746489224,0.5491922434479268
20.51,-1.2702995473388918,0.43748883039655356,0.485002988240919
20.52,-1.2646632362779684,0.425018476636945,0.42320407765982476
20.53,-1.2603945090174338,0.41212254939376214,0.36389167018919816
20.54,-1.2575017322582387,0.3988192018747188,0.3071619243136789
20.55,-1.2559932727013288,0.38512658728751015,0.2531109985178246
20.56,-1.2558900634027068,0.37105675963336254,0.2018518975085097
20.57,-1.25721306455028,0.35662019849691834,0.15349245837849956
20.580000000000002,-1.25995810903955,0.34183847915214355,0.10810316618037039
20.59,-1.2641207326524164,0.32673331397715877,0.06575408398612795
20.6,-1.2696964711707828,0.31132641535006855,0.0265152748677335
20.61,-1.2766808603765465,0.2956394956489989,-0.009543198102793804
20.62,-1.2850791118270282,0.2796911296757602,-0.04233306089225622
20.63,-1.294901314639493,0.26349752676336413,-0.07176024699904628
20.64,-1.3061314794993568,0.247082669667657,-0.0977827248619652
20.650000000000002,-1.3187527821299336,0.23047080035355427,-0.12036008431656149
20.66,-1.3327483982545354,0.2136861607859718,-0.13945191519838854
20.67,-1.3481015035964894,0.1967529929298074,-0.15501780734301956
20.68,-1.3648069070139361,0.1796929041043033,-0.16699162714723353
20.69,-1.3828618025600048,0.1625261383322497,-0.17530622788131142
20.7,-1.4022376553086906,0.14527813778183535,-0.1799546109736897
20.71,-1.4229054585564498,0.12797444527212382,-0.18093085313425897
20.72,-1.4448362055997097,0.11064060362220333,-0.17822903107290586
20.73,-1.4680008897349284,0.09330215565113743,-0.17184322149951575
20.740000000000002,-1.4923787460431865,0.07598344700836228,-0.16174716857772567
20.75,-1.5179556022125005,0.05870698484594371,-0.147903139263425
20.76,-1.5446935889250564,0.04149789859486816,-0.13033631639782534
20.77,-1.5725538596362365,0.024381442296469102,-0.10907438786389789
20.78,-1.6014975678014614,0.007382869992055646,-0.08414504154458637
20.79,-1.6314867460986109,-0.009472580812120164,-0.055573398066366055
20.8,-1.662498182048082,-0.026160376902571003,-0.023343823087159973
20.81,-1.6944924931522467,-0.04265671731006045,0.012506450054202894
20.82,-1.7274225200534883,-0.05893780115640946,0.05191668201284323
20.830000000000002,-1.7612411033941548,-0.07497982756342132,0.09482613344384412
20.84,-1.795901083816594,-0.0907589956528997,0.1411740650022837
20.85,-1.8313609013525087,-0.10625106259149658,0.19091768760908265
20.86,-1.8675832681890498,-0.12143253715360605,0.2440226236303958
20.87,-1.9045158887812064,-0.1362820932645797,0.30040162540938425
20.88,-1.9421059106223104,-0.15077846740809978,0.3599655695507869
20.89,-1.9803004812057474,-0.16490039606786921,0.42262533265942503
20.900000000000002,-2.0190512583513898,-0.17862507788211854,0.48831036540561773
20.91,-2.0583155189415994,-0.19192896563870748,0.5569684008079758
20.92,-2.098036310776588,-0.20479455451635026,0.6284836308465485
20.93,-2.1381558796436453,-0.2172046461300593,0.7027368077878196
20.94,-2.178616471330117,-0.2291420420948651,0.779608683898376
20.95,-2.2193603316232924,-0.2405895440257808,0.8589800114446978
20.96,-2.260330838344277,-0.2515290205649508,0.9407379942124277
20.97,-2.3014813565810615,-0.26193577526247386,1.0248212177066978
20.98,-2.3427559870173944,-0.27179599091579876,1.1111046891721112
20.990000000000002,-2.3840957495788384,-0.2810987249348538,1.199444743263276
21.0,-2.4254416641909557,-0.28983303472956823,1.2896977146347963
21.01,-2.4667347507793522,-0.29798797770988045,1.3817199379413734
21.02,-2.5079160292695764,-0.30555261128571687,1.4753677478375793
21.03,-2.5489265195872344,-0.31251599286701504,1.5704974789781174
21.04,-2.5897088482942556,-0.3188573796673204,1.6670034894839016
21.05,-2.630208726105023,-0.3245612153933583,1.7647744300102428
21.06,-2.6703717669516323,-0.329624760954429,1.86365656635865
21.07,-2.710143584732175,-0.33404527770637654,1.9634961627416838
21.080000000000002,-2.749469793344699,-0.33782002700503944,2.0641394833718003
21.09,-2.788296006687253,-0.3409462702062571,2.1654327924614547
21.1,-2.826567838657927,-0.34342126866587225,2.267222354223209
21.11,-2.8642309031547564,-0.34524228373972343,2.369354432869483
21.12,-2.9012272195383026,-0.3464019394402536,2.471681057546608
21.13,-2.937489178002643,-0.3468779051952477,2.5740821027762473
21.14,-2.972971641142,-0.34667323347577605,2.6764190786939643
21.150000000000002,-3.007632384269045,-0.3457945155807685,2.7785498962188866
21.16,-3.041429182696451,-0.3442483428091558,2.8803324662701413
21.17,-3.0743198117369253,-0.34204130645986686,2.9816246997669635
21.18,-3.1062620467031294,-0.3391799978318334,3.0822845076284455
21.19,-3.13721366290777,-0.3356710082239835,3.182169800773822
21.2,-3.16713243566351,-0.3315209289352497,3.281138490122185
21.21,-3.1959761402830544,-0.32673635126455913,3.379048486592769
21.22,-3.223679545746232,-0.3213095334288456,3.4757456019141957
21.23,-3.250174089254699,-0.31522853988822624,3.571088327167056
21.240000000000002,-3.275436800143792,-0.3085083166269427,3.6649695054140095
21.25,-3.299445323245528,-0.30116418207739154,3.757282378429423
21.26,-3.3221773033919493,-0.2932114546719613,3.847920187987762
21.27,-3.3436103854150656,-0.2846654528430515,3.9367761758633635
21.28,-3.363722214146917,-0.27554149502304986,4.023743583830691
21.29,-3.3824904344195152,-0.2658548996443566,4.108715653664082
21.3,-3.399892691064899,-0.2556209851393587,4.191585627137998
21.31,-3.4159066289150815,-0.2448550699404573,4.27224674602678
21.32,-3.430509820560769,-0.23357244140089906,4.350592171897388
21.330000000000002,-3.4436447350721573,-0.22177262777367096,4.426479741904733
21.34,-3.4552726780067906,-0.2094608567845464,4.499801561311016
21.35,-3.465390275348213,-0.19665700279723072,4.570491998222363
21.36,-3.473994153079953,-0.18338094017544712,4.6384854207448
21.37,-3.4810809371855536,-0.16965254328290022,4.703716196984451
21.38,-3.486647253648545,-0.15549168648331385,4.766118695047345
21.39,-3.490689728452468,-0.14091824414039206,4.8256272830396005
21.400000000000002,-3.4932049875808557,-0.12595209061785378,4.8821763290672715
21.41,-3.494187910404829,-0.11061258926307828,4.935697400761086
21.42,-3.4936028203287197,-0.09490960643193122,4.986075165817255
21.43,-3.4914446037724147,-0.07886059278338657,5.033248396481059
21.44,-3.4877236481813316,-0.06248734153043673,5.077181442778028
21.45,-3.4824503410008925,-0.0458116458860971,5.117838654733624
21.46,-3.4756350696765126,-0.028855299063359596,5.1551843823733705
21.47,-3.467288221653616,-0.011640094275240084,5.189182975722736
21.48,-3.457415060878399,0.005813111845379823,5.219788514310738
21.490000000000002,-3.445998964289562,0.023487895175116055,5.246911633113766
21.5,-3.433057033352157,0.041362348138780286,5.270531249566158
21.51,-3.4186123727426483,0.059413515763230396,5.29063836485496
21.52,-3.402688087137519,0.07761844307529882,5.307223980167186
21.53,-3.3853072812132288,0.09595417510184369,5.320279096689878
21.54,-3.366493059646264,0.11439775686969719,5.3297947156100545
21.55,-3.346258018913615,0.13292741808750086,5.335737745976165
21.56,-3.3246030146138823,0.15152324192934033,5.338047451088457
21.57,-3.30156103613152,0.17016221398888784,5.336736046309302
21.580000000000002,-3.2771667319072937,0.18882114629661223,5.331819532213739
21.59,-3.251454750381972,0.20747685088298223,5.32331390937681
21.6,-3.2244597399962953,0.22610613977848654,5.311235178373548
21.61,-3.1962163491910416,0.24468582501358738,5.295599339779
21.62,-3.166738932139159,0.26319301381062604,5.276368134504889
21.63,-3.136040216130083,0.2816053636258208,5.253497068241934
21.64,-3.1041673038056734,0.29990037917158835,5.227032310693688
21.650000000000002,-3.0711675702968906,0.31805556265920565,5.1970207548662595
21.66,-3.0370883907346973,0.33604841629994964,5.163509293765765
21.67,-3.001977140250019,0.3538564423051164,5.12654482039828
21.68,-2.9658811939738308,0.3714571428859768,5.086174227769934
21.69,-2.928847927037056,0.3888280202538267,5.042444408886801
21.7,-2.890922359078302,0.4059463125967488,4.995394656081785
21.71,-2.8521096181558603,0.4227852161603364,4.9449357486763015
21.72,-2.812449758479031,0.43932286907238965,4.89109166425124
21.73,-2.77200110794898,0.4555395998970669,4.833945414778909
21.740000000000002,-2.730821994466912,0.4714157371985086,4.773580012231678
21.75,-2.688970745934036,0.48693160954085585,4.710078468581918
21.76,-2.6465056902515145,0.502067545488266,4.6435237958019355
21.77,-2.60348515532057,0.516803873604875,4.573999005864126
21.78,-2.5599674690423644,0.5311209224548397,4.501587110740788
21.79,-2.5160109593181215,0.5449990206022962,4.4263711224043245
21.8,-2.4716732477276127,0.5584182270121427,4.348430992065923
21.81,-2.4269754932654566,0.5713455693309843,4.267692281569774
21.82,-2.3819589562769643,0.5837583875689383,4.1841784329663305
21.830000000000002,-2.3366875013198456,0.5956431296296363,4.0980127998942715
21.84,-2.2912249929518107,0.6069862434167106,4.009318735992282
21.85,-2.245635295730521,0.6177741768338058,3.918219594898951
21.86,-2.199982274213703,0.6279933777845504,3.8248387302529956
21.87,-2.1543297929590186,0.6376302941725883,3.7292994956930006
21.88,-2.108741716524194,0.6466713739015489,3.6317252448576864
21.89,-2.06328190946689,0.655103064875075,3.5322393313856364
21.900000000000002,-2.0180142363448184,0.6629118149967995,3.4309651089155357
21.91,-1.973002558430685,0.6700840679650685,3.3280259063408186
21.92,-1.9282929656425554,0.6765860660882832,3.2234220945716423
21.93,-1.8839298257177886,0.6823917597059433,3.117183506294708
21.94,-1.8399730318251035,0.6874973832414056,3.0094672376916156
21.95,-1.7964824771332817,0.6918991711180191,2.900430384944114
21.96,-1.753518054811043,0.6955933577591394,2.7902300442338
21.97,-1.7111396580271678,0.6985761775881166,2.6790233117424247
21.98,-1.6694071799503767,0.7008438650283054,2.5669672836515836
21.990000000000002,-1.6283805137494354,0.7023926545030572,2.454219056142989
22.0,-1.5881195525931084,0.7032187804357245,2.3409357253983556
22.01,-1.548684189650118,0.7033184772496605,2.2272743875992758
22.02,-1.5101343180892417,0.7026879793682175,2.1133921389275048
22.03,-1.472529100753995,0.7013099107867378,1.9994000578736812
22.04,-1.4359199642174498,0.6991601855011963,1.8853724732395827
22.05,-1.4003540693741603,0.6962443028881731,1.771472584661434
22.06,-1.3658785446311765,0.692568431574151,1.6578657241477366
22.07,-1.3325405183954995,0.6881387401856084,1.544717223706829
22.080000000000002,-1.3003871190741665,0.6829613973490272,1.432192415347172
22.09,-1.2694654750742138,0.6770425716908907,1.3204566310772248
22.1,-1.2398227148026444,0.6703884318376754,1.2096752029053284
22.11,-1.2115059666665045,0.663005146415867,1.1000134628399811
22.12,-1.1845732809835507,0.654884722664654,0.9916233169970209
22.13,-1.15907618248347,0.6460207361683663,0.8846476854566433
22.14,-1.1350468866371544,0.6364277042958385,0.7792431209560278
22.150000000000002,-1.1125175545093517,0.6261202082541335,0.6755662265674782
22.16,-1.091520347164808,0.6151128292503153,0.5737736053632952
22.17,-1.072087425668247,0.6034201484914362,0.4740218604156726
22.18,-1.0542509510844214,0.5910567471845644,0.37646759479694614
22.19,-1.0380852537083085,0.5780346553996216,0.281269041354679
22.2,-1.0238016156739915,0.5643548592830825,0.18858608569981855
22.21,-1.0112651645361073,0.550034929281498,0.09855948551147342
22.22,-1.000286536155827,0.5350954126196694,0.011327470405016249
22.23,-0.9906763663943062,0.5195568565223774,-0.07297173000430596
22.240000000000002,-0.9822481874723771,0.5034398583492251,-0.15419971749591113
22.25,-0.975044704242391,0.48676855621695203,-0.23221494025900968
22.26,-0.9692457311389625,0.46956818512442783,-0.30689837980084933
22.27,-0.9649745337684936,0.45186276761366184,-0.3781398945064537
22.28,-0.9623543777373796,0.4336763262266385,-0.44582934276095
22.29,-0.9615085343407801,0.41503288988578463,-0.5098565049778034
22.3,-0.9625615007665799,0.39595810071505655,-0.5700874672359455
22.31,-0.9656348629905541,0.37647518731296836,-0.6264035828295644
22.32,-0.9708480868418102,0.35660518999541096,-0.6787097788360564
22.330000000000002,-0.9783206381494527,0.33636914907829585,-0.7269109823327566
22.34,-0.9881719827425828,0.315788104877535,-0.7709121203970062
22.35,-1.0005215864503125,0.29488309770901855,-0.8106181201061923
22.36,-1.0151813857563952,0.2736734143846629,-0.8458959120039931
22.37,-1.0316751187784199,0.2521843471880765,-0.8766208012038238
22.38,-1.049967108505083,0.2304492300302733,-0.9027543249751555
22.39,-1.0700289377996284,0.20850147943587782,-0.9242591545943802
22.400000000000002,-1.0918321895252805,0.18637451192953766,-0.9410979613378607
22.41,-1.1153484465452614,0.16410174403590075,-0.9532334164819668
22.42,-1.1405492917228184,0.1417165922795911,-0.9606281913030802
22.43,-1.167423892363139,0.11924870999945644,-0.9632059404370176
22.44,-1.195967967956764,0.09672478660707905,-0.960884150007126
22.45,-1.226137899359317,0.07417869877492429,-0.9536741910167885
22.46,-1.2578892179997234,0.0516444909575967,-0.9415893942238973
22.47,-1.291177455306864,0.029156207609732726,-0.924643090386358
22.48,-1.3259581427096663,0.006747893185936937,-0.9028486102620557
22.490000000000002,-1.3621952172864467,-0.015547129279478,-0.8761968021807974
22.5,-1.3998715882254604,-0.037698276159217003,-0.8446342383368072
22.51,-1.4389327807770451,-0.059673150887876614,-0.8082156051047771
22.52,-1.4793205352159937,-0.08143909724306773,-0.767006091961217
22.53,-1.5209765918171552,-0.10296345900243233,-0.7210708883825823
22.54,-1.5638426908553205,-0.12421357994358158,-0.6704751838453895
22.55,-1.6078636712239538,-0.14515666285646678,-0.6152745203236022
22.56,-1.6530075112252298,-0.16575988829102584,-0.5554579266948712
22.57,-1.6992134948824171,-0.18599370272003907,-0.4911142918126837
22.580000000000002,-1.746412871454808,-0.20582911386843478,-0.4223585707717953
22.59,-1.7945368902016934,-0.22523712946114177,-0.3493057186669673
22.6,-1.8435168003824156,-0.24418875722310956,-0.27207069059288275
22.61,-1.8932842040081426,-0.26265493273668417,-0.19076716537037428
22.62,-1.9437865233751568,-0.2806042703223864,-0.10545565004102411
22.63,-1.9949600221505097,-0.29801034570364626,-0.016248942958127066
22.64,-2.046730727924778,-0.31484930604307987,0.07670099642369854
22.650000000000002,-2.0990246682884828,-0.33109729850328457,0.17324220864974005
22.66,-2.151767870832146,-0.3467304702468586,0.27322273426527943
22.67,-2.2048902973555795,-0.36172303177479836,0.376508647641107
22.68,-2.2583262031211753,-0.3760495375834806,0.48297689162016044
22.69,-2.3120002098449435,-0.38969151973429766,0.5924522348437236
22.7,-2.365836548690545,-0.4026307463796862,0.7047574985290332
22.71,-2.4197594508217164,-0.4148489856721017,0.8197155038934836
22.72,-2.4736953044714607,-0.42632289767679543,0.9371725228505825
22.73,-2.5275724093126604,-0.4370303492897229,1.0569780364373624
22.740000000000002,-2.5813159145527416,-0.4469608026107354,1.1789346032949766
22.75,-2.6348509188086737,-0.45610386996111696,1.302844138837499
22.76,-2.688102520697486,-0.4644491636621613,1.4285085584791366
22.77,-2.740995818836129,-0.47198629603514974,1.5557297776339185
22.78,-2.7934553989171613,-0.4787033984236436,1.6843131510283469
22.79,-2.8454023913671005,-0.4845748388652564,1.8141024037428937
22.8,-2.896767334061419,-0.4895942367117166,1.9449099387678854
22.81,-2.9474832235984803,-0.4937614022494116,2.076535318416657
22.82,-2.997483056576718,-0.49707614576473547,2.208778105002729
22.830000000000002,-3.0466998295945134,-0.49953827754407754,2.341437860839482
22.84,-3.0950665392502477,-0.5011476078738284,2.4743141482402966
22.85,-3.142516182142354,-0.5019039470403803,2.607206529518695
22.86,-3.1889767453370172,-0.5018026584572728,2.7399157586056546
22.87,-3.2343573464522164,-0.5008208931232113,2.8722580878927713
22.88,-3.2786021939831604,-0.49896467029562064,3.004058598576274
22.89,-3.3216612791149225,-0.49624497863066414,3.135142229519613
22.900000000000002,-3.3634845930325277,-0.4926728067845069,3.2653339195860998
22.91,-3.4040221269210034,-0.48825914341331544,3.3944586076390446
22.92,-3.4432238719654196,-0.4830149771732512,3.5223412325418963
22.93,-3.48103981935079,-0.47695129672048264,3.6488067331579224
22.94,-3.517419960262182,-0.47007909071117004,3.7736800483505686
22.95,-3.5523102359396237,-0.4624073317065133,3.8967822886052925
22.96,-3.5856039445949683,-0.45391795515239325,4.017892713185103
22.97,-3.617252763356866,-0.44462007887407934,4.13686365716143
22.98,-3.6472325817794826,-0.4345346326625879,4.253572639571888
22.990000000000002,-3.6755192894169517,-0.423682546308945,4.367897179453959
23.0,-3.7020887758234093,-0.4120847496041777,4.479714795845134
23.01,-3.726916930553018,-0.39976217233930067,4.588903007783017
23.02,-3.7499796431599046,-0.3867357443053456,4.69533933430506
23.03,-3.77125280319823,-0.37302639529332604,4.798901294448864
23.04,-3.7907123002221246,-0.35865505509427464,4.899466407251884
23.05,-3.8083340237857453,-0.34364265349920414,4.996912191751719
23.06,-3.824063782328494,-0.32799923314872126,5.091078290105348
23.07,-3.837827454266535,-0.31172551202508114,5.1817924026511335
23.080000000000002,-3.8496234910935696,-0.29484667778767837,5.26898480154558
23.09,-3.859452540556601,-0.27738868517975457,5.352588697543609
23.1,-3.8673152504026427,-0.25937748894453244,5.432537301400236
23.11,-3.8732122683786945,-0.24083904382526006,5.508763823870357
23.12,-3.877144242231768,-0.2217993045651594,5.581201475708978
23.13,-3.879111819708865,-0.20228422590747921,5.649783467671003
23.14,-3.8791156485569944,-0.1823197625954408,5.714443010511431
23.150000000000002,-3.877140975059587,-0.16192802468432307,5.775087464576293
23.16,-3.873143683492563,-0.14112255073199784,5.831578963649859
23.17,-3.8671375026488772,-0.11992988247604587,5.883881421967128
23.18,-3.859140957013399,-0.09837770325902757,5.931966984462167
23.19,-3.8491725710709908,-0.07649369642347308,5.9758077960691125
23.2,-3.837250869306524,-0.05430554531194326,6.015376001722038
23.21,-3.823394376204857,-0.0318409332669678,6.050643746355075
23.22,-3.807615818580778,-0.00912671971416434,6.081571197178674
23.23,-3.789894469653852,0.013815506688123591,6.108049141287188
23.240000000000002,-3.770254698936782,0.036958649659236925,6.130061067833237
23.25,-3.7487311567573824,0.06027423025282054,6.147611665245088
23.26,-3.7253584934434465,0.08373376952254417,6.160705621951022
23.27,-3.700171359322797,0.10730878852204434,6.1693476263793
23.28,-3.673204404723223,0.13097080830499094,6.173542366958197
23.29,-3.644490899259354,0.15469144852190314,6.173291274641036
23.3,-3.6140329084197598,0.1784448686954965,6.168520977561351
23.31,-3.581861188172529,0.20220398459300834,6.159222733673859
23.32,-3.548023644449184,0.22594061045465852,6.14542779439678
23.330000000000002,-3.512568183181282,0.24962656052064147,6.1271674111483465
23.34,-3.4755427103003824,0.27323364903115177,6.104472835346793
23.35,-3.436995131738004,0.2967336902264092,6.077375318410334
23.36,-3.39696857367111,0.32009833467806653,6.045892848926082
23.37,-3.355469749693919,0.3432982092492515,6.00994008555031
23.38,-3.312548847558491,0.3663058546883051,5.969547949663032
23.39,-3.26826845966212,0.38909427907538563,5.924781345577081
23.400000000000002,-3.222691178402144,0.4116364904906264,5.875705177605332
23.41,-3.175879596175905,0.43390549701416137,5.822384350060666
23.42,-3.1278963053806943,0.45587430672614804,5.764883767255908
23.43,-3.078803898413869,0.4775159277067126,5.703268333503958
23.44,-3.028664967672719,0.4988033680360121,5.637602953117637
23.45,-2.9775251190055045,0.519706857115021,5.567894200252269
23.46,-2.9253986948876145,0.540192241346324,5.494040844245105
23.47,-2.8723564113346924,0.5602353970129166,5.416134738835268
23.48,-2.8184732152455005,0.5798129204236633,5.334282249031579
23.490000000000002,-2.763824053518857,0.5989014078874068,5.248589739842941
23.5,-2.7084838730535816,0.6174774557129907,5.159163576278261
23.51,-2.6525276207484345,0.6355176602092784,5.066110123346352
23.52,-2.5960302435022546,0.6529986176851071,4.969535746056156
23.53,-2.5390666882138024,0.6698969244493395,4.86954680941648
23.54,-2.481711901781918,0.6861891768108136,4.766249678436271
23.55,-2.424032602350241,0.701848182135745,4.659712441162259
23.56,-2.366053762051619,0.7168293740534596,4.5498181008523115
23.57,-2.30784654575571,0.7311124028808911,4.436679044004658
23.580000000000002,-2.249491496414838,0.7446814570932461,4.320452363669355
23.59,-2.1910691569813254,0.7575207251657324,4.201295152896464
23.6,-2.1326600704074345,0.7696143955735715,4.0793645047359215
23.61,-2.074344779645509,0.780946656791967,3.954817512237832
23.62,-2.016203827647811,0.7915016972961388,3.827811268452127
23.63,-1.958317757366684,0.8012637055612921,3.6985028664289152
23.64,-1.9007671117543894,0.8102168700626459,3.5670493992181243
23.650000000000002,-1.8436324337632515,0.8183453792754087,3.4336079598698195
23.66,-1.7869893352325166,0.8256276803956856,3.2983018210502824
23.67,-1.7308886696737062,0.8320201435660601,3.1611146802170667
23.68,-1.6754010824009848,0.837512301902097,3.0222113074580723
23.69,-1.6206012187330898,0.8420990215351247,2.881786934464678
23.7,-1.5665637239888366,0.8457751685964648,2.7400367929284624
23.71,-1.5133632434869635,0.8485356092174449,2.5971561145408013
23.72,-1.4610744225462853,0.8503752095293875,2.4533401309932747
23.73,-1.4097719064855414,0.8512888356636189,2.3087840739772587
23.740000000000002,-1.3595303406235275,0.8512713537514631,2.163683175184282
23.75,-1.3104243589272064,0.8503174551491112,2.0182320896173844
23.76,-1.26252508375308,0.8484043206987347,1.8725642553982254
23.77,-1.2158966586961806,0.8455211980004654,1.726841682180838
23.78,-1.1706025924896017,0.8416717207458898,1.5812715749443593
23.79,-1.1267063938665023,0.8368595226265987,1.4360611386681343
23.8,-1.0842715715599776,0.8310882373341774,1.2914175783313002
23.81,-1.0433616343031842,0.8243614985602182,1.147548098913201
23.82,-1.0034841237393186,0.8166755098779708,1.0046671247857502
23.830000000000002,-0.9635724681264264,0.8080357459025579,0.862961476133504
23.84,-0.9234772613396783,0.7984730993681375,0.7225788315826394
23.85,-0.8830704288867893,0.7880188880028598,0.5836663032623837
23.86,-0.8422238962755321,0.776704429534889,0.44637100330216284
23.87,-0.8008095890136211,0.7645610416923745,0.31084004383120656
23.88,-0.7587422038675169,0.7516182654219097,0.1772332556738
23.89,-0.7161670480109278,0.737901121257888,0.04573688294356776
23.900000000000002,-0.6731540108831968,0.7234447252471106,-0.0835432779581991
23.91,-0.6297529948828826,0.7082854177498472,-0.21051065759506704
23.92,-0.5860139024084972,0.6924595391263513,-0.3350686865307374
23.93,-0.5419866358586145,0.6760034297368983,-0.4571207953287333
23.94,-0.49772109763174627,0.6589534299417407,-0.5765704145527523
23.95,-0.4532720533465175,0.6413437343315447,-0.6932936654118008
23.96,-0.4087004182858839,0.6232032745047988,-0.8071207399042122
23.97,-0.36404576603768224,0.6045674745555268,-0.917988604962344
23.98,-0.31934608622005844,0.5854723467601576,-1.0258426274788501
23.990000000000002,-0.27463936845120623,0.5659539033951398,-1.1306281743462665
24.0,-0.22996360234931917,0.5460481567369231,-1.2322906124571322
24.01,-0.1853567775325432,0.5257911190619352,-1.3307753087040954
24.02,-0.14086659652912906,0.505218490062552,-1.4259914128449271
24.03,-0.09655808075168704,0.48436407688505073,-1.5177757727177112
24.04,-0.05245497461069755,0.4632614272265243,-1.6061099627981186
24.05,-0.008577485143181296,0.4419441370815163,-1.690988368424632
24.060000000000002,0.03505418061379381,0.4204458024445928,-1.7724053749356399
24.07,0.07841981562316039,0.39880001931032005,-1.8503553676695352
24.080000000000002,0.12149921284789716,0.3770403836732412,-1.924832731964794
24.09,0.16427216525092136,0.35520049152793043,-1.995831853159783
24.1,0.20671586015306412,0.3333141937904051,-2.0633393830521554
24.11,0.24877039499900272,0.311418259566869,-2.1272262768989867
24.12,0.2904187803425021,0.2895436029636347,-2.187477766113854
24.13,0.33166257867843424,0.2677191014009844,-2.2441323927174013
24.14,0.37250335250172967,0.24597363229916935,-2.297228698730356
24.150000000000002,0.412942664307275,0.2243360730784641,-2.3468052261733843
24.16,0.45298207658995765,0.2028353011591429,-2.392900517067157
24.17,0.49262315184470723,0.18150019396145728,-2.4355531134323947
24.18,0.5318626580903326,0.16036051380076213,-2.4747907747678473
24.19,0.5706557060878333,0.13945342120914853,-2.510542527658212
24.2,0.609011449447461,0.11880551547486784,-2.542848733745466
24.21,0.6469558223742069,0.09844023456169958,-2.5717863768083524
24.22,0.6845147590730082,0.07838101643345233,-2.597432440625571
24.23,0.7217141937488556,0.05865129905390602,-2.6198639089758604
24.240000000000002,0.7585800606066996,0.039274520386861966,-2.6391577656379313
24.25,0.7951382938514915,0.020274118396121005,-2.6553909943904985
24.26,0.8313975983850295,0.0016771743909984732,-2.6686075930778133
24.27,0.8673629959193343,-0.01648829226449776,-2.678835388816902
24.28,0.9030800545570651,-0.034202710918743474,-2.686172657609698
24.29,0.9385951897004389,-0.05144668867806182,-2.690719216648601
24.3,0.9739548167517234,-0.06820083264880075,-2.692574883126019
24.310000000000002,1.00888268555317,-0.08444574208359759,-2.6918328138233423
24.32,1.0419707367262714,-0.10017040007445814,-2.688550907206494
24.330000000000002,1.0730512818528628,-0.11537507223275512,-2.682796751828741
24.34,1.1021271817249205,-0.1300606294803811,-2.6746406065115202
24.35,1.1292012971344638,-0.1442279427392499,-2.6641527300762577
24.36,1.154286581419198,-0.1578783928686983,-2.651401002797739
24.37,1.17754053627637,-0.17101931451357802,-2.63642755100694
24.38,1.19907055314099,-0.18365261637514976,-2.619304134332344
24.39,1.21894690535227,-0.19577798684039904,-2.600113384164398
24.400000000000002,1.2372398662493986,-0.20739511429629787,-2.578937931893567
24.41,1.254019709171567,-0.21850368712981888,-2.5558604089103176
24.42,1.269356707457984,-0.22910339372794658,-2.530963446605093
24.43,1.2833211344478352,-0.23919392247764998,-2.50432967636837
24.44,1.2959832634803272,-0.24877496176591285,-2.4760417295905874
24.45,1.3074133678946478,-0.25784619997970487,-2.4461822376622253
24.46,1.317683017777569,-0.2664074008371209,-2.4148333550635126
24.47,1.326925606840585,-0.2744626624439016,-2.3820552717005548
24.48,1.3352360734560786,-0.28201604019515925,-2.34792459905566
24.490000000000002,1.3426704573878854,-0.28906972366803757,-2.3125326641258943
24.5,1.3492847983998424,-0.29562590243968107,-2.2759707939083254
24.51,1.3551351362557935,-0.3016867660872412,-2.238330315399983
24.52,1.360277510719574,-0.3072545041878603,-2.1997025555979484
24.53,1.3647679615550268,-0.3123313063186893,-2.1601788414992487
24.54,1.3686625285259877,-0.3169193620568711,-2.1198505001009673
24.55,1.3720172513962992,-0.32102086097955584,-2.07880885840013
24.560000000000002,1.3748902532808893,-0.32463780827020305,-2.03714469058951
24.57,1.3773915176227405,-0.32776826144826665,-1.994933576209745
24.580000000000002,1.3795896321221057,-0.33041562568359817,-1.9522583207015893
24.59,1.3815255503917379,-0.3325860142783773,-1.9092084766129895
24.6,1.3832402260443923,-0.33428554053478726,-1.865873596491832
24.61,1.3847746126928224,-0.3355203177550084,-1.8223432328860638
24.62,1.3861696639497831,-0.3362964592412232,-1.7787069383435705
24.63,1.387466333428028,-0.3366200782956128,-1.7350542654122998
24.64,1.388705574740312,-0.3364972882203589,-1.691474766640137
24.650000000000002,1.3899283414993893,-0.33593420231764304,-1.6480579945750145
24.66,1.3911755873180134,-0.3349369338896472,-1.6048935017648638
24.67,1.3925233645441122,-0.33350513322850134,-1.5620749804581058
24.68,1.3940452050315755,-0.3316398231022877,-1.5196886802584029
24.69,1.3957662015106245,-0.32935147106887663,-1.4778110054426374
24.7,1.3977113399255539,-0.32665056496302086,-1.436518342866722
24.71,1.3999056062206614,-0.32354759261946947,-1.3958870793865115
24.72,1.402373986340241,-0.32005304187297573,-1.3559936018579175
24.73,1.4051414662285906,-0.31617740055828814,-1.3169142971367955
24.740000000000002,1.4082330318300051,-0.311931156510159,-1.278725552079043
24.75,1.4116736690887792,-0.307324797563341,-1.2415037535405569
24.76,1.4154883639492117,-0.30236881155258194,-1.2053252883771937
24.77,1.4197191794377801,-0.2970698420636881,-1.1702784541763827
24.78,1.4244388640571848,-0.2914276129050717,-1.1364672287212287
24.79,1.429660732805415,-0.2854552135129789,-1.1039477440485468
24.8,1.4353935798057165,-0.2791667505442439,-1.072772752127076
24.810000000000002,1.4416461991813299,-0.2725763306557069,-1.0429950049255903
24.82,1.448427385055495,-0.2656980605042088,-1.0146672544128617
24.830000000000002,1.455745931551458,-0.25854604674658294,-0.9878422525576316
24.84,1.4636106327924567,-0.2511343960396727,-0.9625727513286815
24.85,1.4720302829017387,-0.2434772150403111,-0.9389115026947554
24.86,1.4810136760025396,-0.2355886104053419,-0.9169112586246324
24.87,1.4905833249509808,-0.22747990209148958,-0.8966422369883789
24.88,1.5007953004910743,-0.2191551394276494,-0.8782122689764577
24.89,1.5116490593120964,-0.21062930479831793,-0.8616507248907539
24.900000000000002,1.5231382027985811,-0.20191854382022947,-0.8469792258818301
24.91,1.535256332335062,-0.1930390021101184,-0.8342193931002462
24.92,1.5479970493060855,-0.1840068252847097,-0.8233928476965489
24.93,1.56135395509618,-0.1748381589607411,-0.8145212108213016
24.94,1.575320651089893,-0.16554914875493726,-0.8076261036250537
24.95,1.5898907386717522,-0.15615594028403612,-0.802729147258366
24.96,1.605057819226306,-0.14667467916476226,-0.7998519628717906
24.97,1.6208338437400236,-0.13711867993504595,-0.7990471403403123
24.98,1.6372414008444585,-0.12749864537234318,-0.800378851421822
24.990000000000002,1.6542641345766764,-0.11783051400919856,-0.8038404673475783
25.0,1.6718847814383413,-0.10813035522957498,-0.809423767508707
25.01,1.6900860779311353,-0.098414238417425,-0.8171205312963403
25.02,1.708850760556716,-0.08869823295671495,-0.8269225381016009
25.03,1.7281615658167666,-0.07899840823139735,-0.8388215673156239
25.04,1.7480012302129435,-0.06933083362543856,-0.8528093983295288
25.05,1.7683599215422106,-0.05971108669184589,-0.8688939203870564
25.060000000000002,1.7892404606117969,-0.05015312189731333,-0.8871065028626953
25.07,1.8106206181226163,-0.040671691294081214,-0.9074198856438855
25.080000000000002,1.8324763650731728,-0.031281637026205164,-0.9298027612719046
25.09,1.85478367246194,-0.021997801237754182,-0.9542238222879995
25.1,1.8775185112874226,-0.012835026072784056,-0.9806517612334507
25.11,1.900657252124391,-0.003808191048581209,-1.00905639791377
25.12,1.924189157064678,0.005066951302390125,-1.0394425237388676
25.13,1.9480928615903412,0.013776565840799004,-1.0717810731207598
25.14,1.972339142958141,0.02230770678231783,-1.1060201630748945
25.150000000000002,1.9968987784248127,0.03064742834260971,-1.1421079106166845
25.16,2.0217425452470916,0.03878278473733797,-1.1799924327615405
25.17,2.0468412206817392,0.04670083018217464,-1.2196218465249138
25.18,2.072169490102797,0.054387680052834286,-1.260957231328371
25.19,2.0977074620054608,0.0618290723708719,-1.3039744600769299
25.2,2.123423690937877,0.0690144567051789,-1.34860785343613
25.21,2.149286074396432,0.0759334659296004,-1.3947894648914319
25.22,2.175262509877477,0.08257573291797152,-1.4424513479282308
25.23,2.2013208948773983,0.088930890544137,-1.491525556031989
25.240000000000002,2.22743111922351,0.09498703654051992,-1.541954085032151
25.25,2.2535690850913634,0.10072877071207514,-1.5937056425906209
25.26,2.2797022466205177,0.10614869778109398,-1.6467024399719485
25.27,2.3057970187691574,0.11124030064057985,-1.7008612779253285
25.28,2.331819816495504,0.11599706218354366,-1.7560989572000312
25.29,2.357737054757742,0.12041246530298932,-1.8123322785452491
25.3,2.383515148514092,0.12447999289192725,-1.8694780427102544
25.310000000000002,2.409120512722749,0.12819312784336312,-1.9274530504442593
25.32,2.434520433004447,0.13154172416839938,-1.9861874557945693
25.330000000000002,2.4596854837681295,0.13450961355109975,-2.0456394379797804
25.34,2.484584971853915,0.13709467741647977,-2.1057221668515753
25.35,2.509188021232465,0.13929588698467105,-2.1663450521095737
25.36,2.533463755874405,0.14111221347580186,-2.2274175034533092
25.37,2.557381299750396,0.14254262811000332,-2.2888489305824034
25.38,2.5809097768310645,0.14358610210740422,-2.350548743196388
25.39,2.6040183110870707,0.14424160668813513,-2.4124263509948847
25.400000000000002,2.62667602648905,0.1445081130723254,-2.4743911636774483
25.41,2.648852047007637,0.14438459248010502,-2.536352590943634
25.42,2.670506404234118,0.14385660716851828,-2.5982373972239783
25.43,2.691604949338396,0.14291392130933575,-2.659977755066084
25.44,2.7121258177652536,0.14156219590638477,-2.7214907576926985
25.45,2.732047145168087,0.1398070922496891,-2.782693498009303
25.46,2.751347067200319,0.13765427162927027,-2.843503068921466
25.47,2.7700037195153455,0.1351093953351526,-2.9038365633346688
25.48,2.78799523776659,0.13217812465735707,-2.9636110741544788
25.490000000000002,2.805299757607454,0.1288661208859073,-3.022743694286399
25.5,2.8218954146913418,0.12517904531082744,-3.0811515166359342
25.51,2.837760344671675,0.12112255922213769,-3.13875163410865
25.52,2.852872683201851,0.11670232390986371,-3.1954611396100305
25.53,2.8672091127936845,0.11192278027437016,-3.2511972706072148
25.54,2.880732182810359,0.10677495952894321,-3.3058851274957535
25.55,2.8934244677548002,0.1012634390911668,-3.3594615328482376
25.560000000000002,2.9052751593237574,0.0953979690735412,-3.4118642632748784
25.57,2.9162734492139815,0.08918829958856726,-3.463031095385891
25.580000000000002,2.9264085291222344,0.0826441807487391,-3.512899805791544
25.59,2.9356695907452637,0.07577536266655989,-3.561408171102034
25.6,2.94404582577983,0.06859159545452331,-3.6084939679276276
25.61,2.951526425922682,0.061102629225132994,-3.6540949728785237
25.62,2.9580938267970853,0.053315080568716686,-3.698141222343063
25.63,2.963724750739376,0.04523205189763441,-3.740560095271981
25.64,2.968415988661595,0.03686513402433951,-3.7813056493918107
25.650000000000002,2.972165211230265,0.028226307408779603,-3.820333033063003
25.66,2.9749700891119084,0.019327552510902693,-3.857597394646011
25.67,2.9768282929730514,0.010180849790647234,-3.8930538825013272
25.68,2.977737181205952,0.0007980866411542867,-3.9266571038099043
25.69,2.9776804421615726,-0.008813098987691358,-3.9583386074460973
25.7,2.9766541444101273,-0.018641895991861345,-3.9880532595866334
25.71,2.9746641850608833,-0.02867465676295919,-4.015773293663559
25.72,2.9717164612231097,-0.038897733692574286,-4.041470943108878
25.73,2.9678168700060725,-0.04929747917231039,-4.065118441354633
25.740000000000002,2.9629713085190406,-0.05986024559376048,-4.08668802183284
25.75,2.9571816403291176,-0.07057328127031988,-4.106143835926573
25.76,2.9504385946730842,-0.0814266292927899,-4.123428412699103
25.77,2.9427535186360285,-0.09240618966666388,-4.138526526622784
25.78,2.9341402852888687,-0.10349732534826564,-4.151428064860598
25.79,2.924612767702536,-0.11468539929390334,-4.162122914575508
25.8,2.9141848389479477,-0.12595577445990094,-4.170600962930491
25.810000000000002,2.902870372096032,-0.13729381380257052,-4.176852097088517
25.82,2.8906686882477706,-0.14868677615456868,-4.180832204300907
25.830000000000002,2.8775817292046355,-0.16012204371964106,-4.1825036423617545
25.84,2.863632554273748,-0.171584517058361,-4.18187831052436
25.85,2.8488442702424335,-0.18305909087351271,-4.178968219222276
25.86,2.833239983898037,-0.1945306598678641,-4.173785378889057
25.87,2.816842802027882,-0.20598411874419942,-4.16634179995825
25.88,2.7996758314193153,-0.21740436220528656,-4.156649492863413
25.89,2.781762178859659,-0.22877628495390967,-4.144720468038092
25.900000000000002,2.76311610687629,-0.24008506739360533,-4.1305426541602905
25.91,2.7437326875862014,-0.2513170288665387,-4.114052373182891
25.92,2.7236408362054805,-0.2624580144612526,-4.095278868080222
25.93,2.7028725658975157,-0.27349379491317494,-4.074259849155244
25.94,2.6814598898256663,-0.2844101409577496,-4.051033026710889
25.95,2.659434821153322,-0.2951928233304047,-4.025636111050117
25.96,2.6368293730438412,-0.30582761276658393,-3.9981068124758576
25.97,2.613675558660614,-0.3163002800017156,-3.9684828412910758
25.98,2.5900053911669985,-0.32659659577124317,-3.936801907798697
25.990000000000002,2.5658508837263767,-0.3367023308105988,-3.9031017223016775
26.0,2.541226298452381,-0.346600891035825,-3.8673598710003634
26.01,2.5161389558205047,-0.3562759551751778,-3.8295337681978814
26.02,2.490626925642189,-0.365716143742242,-3.789687335939529
26.03,2.4647286712749716,-0.3749101351925013,-3.7478858446155634
26.04,2.438482656076428,-0.3838466079814265,-3.7041945646162993
26.05,2.4119273434040953,-0.3925142405645009,-3.6586787663319904
26.060000000000002,2.385101196615539,-0.4009017113971986,-3.6114037201529365
26.07,2.3580426790683253,-0.40899769893499377,-3.562434696469441
26.080000000000002,2.330790254119992,-0.41679088163336936,-3.5118369656717534
26.09,2.303382385128114,-0.42426993794779694,-3.4596757981501947
26.1,2.2758575354502284,-0.431423546333759,-3.406016464295013
26.11,2.2482427935728553,-0.438234360109811,-3.3508688857102618
26.12,2.2205526278875625,-0.4446809694493458,-3.2941919284964407
26.13,2.19282577150934,-0.45075708826992306,-3.2360714960684445
26.14,2.1651018074055584,-0.4564569182103674,-3.176597775461821
26.150000000000002,2.1374203185436174,-0.4617746609094971,-3.115860953712179
26.16,2.109820887890916,-0.46670451800613083,-3.05395121785513
26.17,2.0823430984148246,-0.4712406911390925,-2.9909587549262184
26.18,2.0550265330827524,-0.4753773819471993,-2.9269737519610772
26.19,2.02791077486207,-0.4791087920692746,-2.8620863959952505
26.2,2.0010354067201863,-0.4824291231441361,-2.796386874064372
26.21,1.9744400116244716,-0.48533257681060665,-2.7299653732039846
26.22,1.9481641725423349,-0.48781335470750453,-2.6629120804497237
26.23,1.9222449402007316,-0.4898572305949707,-2.5952800352272862
26.240000000000002,1.896711621443117,-0.4914387757485988,-2.527062455158031
26.25,1.8715968283535367,-0.4925583812966841,-2.458355741639561
26.26,1.8469334925875645,-0.49321791157259437,-2.389262495921793
26.27,1.8227545458008085,-0.49341923090969597,-2.3198853192547424
26.28,1.799092919648843,-0.4931642036413558,-2.2503268128883276
26.29,1.7759815457872759,-0.49245469410094106,-2.1806895780725637
26.3,1.7534533558716816,-0.4912925666218179,-2.111076216057368
26.310000000000002,1.7315412815576599,-0.48967968553735347,-2.0415893280927317
26.32,1.7102782545008088,-0.4876179151809154,-1.972331515428646
26.330000000000002,1.689697206356705,-0.4851091198858691,-1.9034053793150283
26.34,1.6698310687809539,-0.4821551639855831,-1.834913521001894
26.35,1.650716691694532,-0.4787514589497362,-1.7669481200625237
26.36,1.6323990412192642,-0.47487420612688264,-1.6995620326872778
26.37,1.6149002850620358,-0.4705293136664558,-1.6328449614269014
26.38,1.5982400836489314,-0.4657263976786399,-1.5668919992661028
26.39,1.5824380974060122,-0.46047507427361284,-1.5017982391894953
26.400000000000002,1.5675139867593564,-0.45478495956155734,-1.437658774181763
26.41,1.5534874121350417,-0.4486656696526569,-1.374568697227589
26.42,1.5403780339591306,-0.4421268206570884,-1.3126231013115888
26.43,1.528205512657705,-0.43517802868503763,-1.2519170794184666
26.44,1.5169895086568288,-0.4278289098466808,-1.19254572453284
26.45,1.5067496823825823,-0.4200890802522044,-1.1346041296394118
26.46,1.4975082553709693,-0.4119663415169907,-1.0781888299676703
26.47,1.4893157109057251,-0.4034469191418031,-1.02340773908949
26.48,1.4821882720448039,-0.39453794055352304,-0.9703396320459909
26.490000000000002,1.4761295781168888,-0.38525503993158133,-0.91905500420673
26.5,1.471143268450662,-0.37561385145540915,-0.869624350941261
26.51,1.4672329823748003,-0.36563000930442735,-0.8221181676190857
26.52,1.4644023592179867,-0.3553191476580708,-0.7766069496097745
26.53,1.4626550383088994,-0.3446969006957599,-0.733161192282832
26.54,1.46199465897622,-0.33377890259692994,-0.6918513910078257
26.55,1.4624248605486285,-0.32258078754100084,-0.6527480411542631
26.560000000000002,1.4639499229767845,-0.3111179159462717,-0.6159226093574933
26.57,1.4666077947537006,-0.2993905765906144,-0.5814951882764143
26.580000000000002,1.4704103064474723,-0.28740815697554506,-0.5495389743739442
26.59,1.4753452812229904,-0.2751899233639886,-0.520089419431936
26.6,1.4814005422451522,-0.2627551420188531,-0.49318197523219914
26.61,1.4885639126788468,-0.2501230792030639,-0.468852093556583
26.62,1.4968232156889736,-0.2373130011795287,-0.4471352261869007
26.63,1.5061662744404198,-0.22434417421117314,-0.42806682490499776
26.64,1.5165809120980862,-0.2112358645609047,-0.41168234149269123
26.650000000000002,1.5280549518268634,-0.19800733849164454,-0.3980172277318186
26.66,1.5405954042501526,-0.18467274187943616,-0.38714624475028303
26.67,1.5542205691544213,-0.1712417915536037,-0.3791610480337946
26.68,1.568905180112328,-0.1577346683990227,-0.3740589245663211
26.69,1.584622829259069,-0.14417184229717403,-0.3718347541735588
26.7,1.60134710872982,-0.1305737831295578,-0.3724834166812092
26.71,1.6190516106597785,-0.1169609607776549,-0.3759997919149726
26.72,1.6377099271841185,-0.10335384512296542,-0.38237875970054647
26.73,1.6572956504380396,-0.08977290604697018,-0.39161519986363513
26.740000000000002,1.6777823725567214,-0.07623861343116452,-0.4037039922299368
26.75,1.699156863751327,-0.06276903102111699,-0.4186700827584
26.76,1.7214115664839311,-0.049379680184142107,-0.4365443224095873
26.77,1.7445128522861937,-0.036089706587407185,-0.4572927759250195
26.78,1.7684266250685767,-0.022918330781684093,-0.4808803921314869
26.79,1.7931187887415088,-0.009884773317763537,-0.5072721198557483
26.8,1.8185552472154527,0.002991745253582395,-0.5364329079245977
26.810000000000002,1.8447078822815535,0.01569183206241208,-0.5683458647442909
26.82,1.8715548580914867,0.02819674935343986,-0.6030091846138989
26.830000000000002,1.899056721198444,0.040489078180901104,-0.6403636652700174
26.84,1.9271731687239788,0.052551443586854533,-0.6803474307939389
26.85,1.9558638977896847,0.06436647061337622,-0.7228986052670104
26.86,1.9850886055171142,0.0759167843025252,-0.7679553127705203
26.87,2.0148106427658004,0.08718423104692867,-0.8154690525176359
26.88,2.045001612361907,0.09814983386646622,-0.8654176725452116
26.89,2.0756183744304546,0.10879889951191005,-0.9177203409001867
26.900000000000002,2.1066163638001125,0.11911708856258107,-0.9722908014326503
26.91,2.1379510152995524,0.1290900615978007,-1.0290427979926886
26.92,2.169577763757477,0.13870347919690088,-1.0878900744304485
26.93,2.201452371735852,0.14794278085822488,-1.1487480815757296
26.94,2.233540338411426,0.15678767074258718,-1.211580130239545
26.95,2.265800390571287,0.16522467642655334,-1.2763065333116934
26.96,2.298185983390482,0.17324424734628213,-1.3428188938844108
26.97,2.330650572044015,0.18083683293792066,-1.4110088150498412
26.98,2.3631476117069337,0.18799288263762712,-1.4807678999002234
26.990000000000002,2.3956305575542527,0.19470284588155148,-1.551987751527724
27.0,2.4280528647609856,0.2009571721058444,-1.6245599730245077
27.01,2.460368340805787,0.20674515981905772,-1.6983810750827475
27.02,2.492535546198173,0.21204563670547616,-1.773397422401184
27.03,2.524511983680785,0.2168512993949741,-1.8495069628420526
27.04,2.556254158363957,0.22115927447097675,-1.926589960175292
27.05,2.587718575358067,0.2249666885169156,-2.0045266781709494
27.060000000000002,2.618861739773461,0.2282706681162176,-2.0831973805989903
27.07,2.6496401567204844,0.23106833985231034,-2.162482331229379
27.080000000000002,2.6800103313095143,0.23335683030862436,-2.242261793832163
27.09,2.709928768650887,0.23513326606858653,-2.32241603217728
27.1,2.7393510988808543,0.23639341721643684,-2.402827471393963
27.11,2.7682232852950097,0.23711600279572462,-2.4834111263861134
27.12,2.7965063154019156,0.2372984193877842,-2.5640643736648276
27.13,2.824166464842237,0.23694567884320666,-2.644673987528904
27.14,2.8511700092566787,0.2360627930125829,-2.725126742277256
27.150000000000002,2.8774832242859163,0.23465477374650412,-2.8053094122087114
27.16,2.903072385570625,0.23272663289556228,-2.8851087716220976
27.17,2.9279037687515084,0.23028338231034723,-2.964411594816328
27.18,2.951943649469234,0.22733003384145184,-3.043104656090201
27.19,2.975158303364504,0.22387159933946518,-3.12107472974263
27.2,2.997514006077987,0.21991309065498094,-3.1982085900724155
27.21,3.0189603381691428,0.21544710971682987,-3.2743915092869984
27.22,3.0394504294491327,0.21046615142016095,-3.34952372535634
27.23,3.0589652944492274,0.20498173718185045,-3.423517059967344
27.240000000000002,3.077486075644151,0.1990054792168345,-3.4962833692907034
27.25,3.0949939155086286,0.19254898974004991,-3.567734509497112
27.26,3.1114699565174044,0.18562388096642657,-3.6377823367573394
27.27,3.1268953411451985,0.1782417651109038,-3.706338707242056
27.28,3.141251211866753,0.17041425438841085,-3.773315477122029
27.29,3.154518711156789,0.1621529610138877,-3.838624502567931
27.3,3.1666789814900476,0.15346949720226288,-3.9021776397505272
27.310000000000002,3.177694757793052,0.14436668045331705,-3.963868782345586
27.32,3.1875297877509587,0.13484605759188992,-4.023601963153544
27.330000000000002,3.196179048940444,0.12492296742714304,-4.081317577891307
27.34,3.2036377207660656,0.114612841248278,-4.136956239818979
27.35,3.209900982632391,0.10393111034448195,-4.190458562196749
27.36,3.2149640139439803,0.09289320600495699,-4.241765158284725
27.37,3.218821994105399,0.08151455951888975,-4.290816641343089
27.38,3.2214701025212085,0.06981060217548282,-4.337553624631955
27.39,3.2228969931414664,0.05779457315548794,-4.381906900145378
27.400000000000002,3.2230781318348902,0.045474540952102044,-4.4237903310231745
27.41,3.222016276567046,0.032866847513905624,-4.4631623861763945
27.42,3.2197166816405707,0.01998863504641849,-4.4999854429022035
27.43,3.216184601358101,0.006857045755178599,-4.534221878497711
27.44,3.2114252900222713,-0.006510778154294641,-4.565834070260079
27.45,3.2054398038727023,-0.020098594810128403,-4.594776209016109
27.46,3.198216913362519,-0.033893126762422864,-4.6209791625733505
27.47,3.1897683660341247,-0.04787662943409636,-4.644419492948135
27.48,3.1801089065143318,-0.062030742370005935,-4.665079658456506
27.490000000000002,3.169253279429962,-0.07633710511499375,-4.682942117414484
27.5,3.157216229407838,-0.09077735721390177,-4.697989328138092
27.51,3.1440087913981007,-0.10533365274254519,-4.710195497087406
27.52,3.129625452043603,-0.11999070979617249,-4.71949799252492
27.53,3.114086270666657,-0.13473013214070595,-4.725891022005771
27.54,3.097416038424452,-0.1495329000648259,-4.729379315234489
27.55,3.0796395464741564,-0.1643799938572335,-4.72996760191561
27.560000000000002,3.060781585972954,-0.17925239380661429,-4.727660611753667
27.57,3.040866948078031,-0.1941310802016537,-4.722463074453195
27.580000000000002,3.019912841670843,-0.20899745299951944,-4.7143603806313115
27.59,2.9979161724982393,-0.22383439809159875,-4.703285791061617
27.6,2.974908756990958,-0.23862334411009523,-4.689261155529791
27.61,2.9509264405145106,-0.25334552104130953,-4.672318576661468
27.62,2.9260050684343746,-0.26798215887156324,-4.652490157082255
27.63,2.900180486116062,-0.2825144875871572,-4.6298079994177925
27.64,2.87348853892505,-0.29692373717441284,-4.604304206293684
27.650000000000002,2.8459650722268415,-0.31119113761963624,-4.576010880335563
27.66,2.817645931386942,-0.3252979189091334,-4.5449601241690605
27.67,2.788541652942032,-0.3392239001069774,-4.5111071251771175
27.68,2.7586664760037833,-0.35295010904351687,-4.474419387095718
27.69,2.7280660074911403,-0.3664598621508213,-4.434960315643405
27.7,2.6967858725281895,-0.37973647704136704,-4.392793372041007
27.71,2.6648716962389756,-0.3927632713276492,-4.347982017509298
27.72,2.632369103747587,-0.40552356262214445,-4.300589713269113
27.73,2.599323720178067,-0.41800066853734763,-4.250679920541221
27.740000000000002,2.5657811706544926,-0.43017790668573996,-4.1983161005464416
27.75,2.5317870803009423,-0.4420385946798031,-4.143561714505598
27.76,2.497387074241458,-0.45356605013203133,-4.0864802236394535
27.77,2.462605985498066,-0.46473764943631607,-4.027052861948791
27.78,2.427461092716073,-0.4755305397372512,-3.965237888142033
27.79,2.392003206953425,-0.48593276184688994,-3.9011308648901784
27.8,2.356283482704245,-0.495932461522758,-3.834828737420536
27.810000000000002,2.3203530744626946,-0.5055177845223697,-3.766428450960483
27.82,2.284263136722935,-0.5146768766032401,-3.6960269507373997
27.830000000000002,2.2480648239790892,-0.5233978835228941,-3.6237211819785906
27.84,2.2118092907253315,-0.5316689510388435,-3.549608089911461
27.85,2.175547691455785,-0.5394782249086125,-3.4737846197633138
27.86,2.1393311806646236,-0.5468138508897138,-3.3963477167615563
27.87,2.1032109128459706,-0.5536639747396709,-3.3173943261334893
27.88,2.067231710035906,-0.5600105443247838,-3.2369805967561955
27.89,2.031419628900703,-0.5658216276192304,-3.1550603994803255
27.900000000000002,1.9958212290471553,-0.5710908647645366,-3.071742534849455
27.91,1.9604853590464186,-0.5758143803189982,-2.98715156267478
27.92,1.9254608674696123,-0.5799882988409154,-2.901412042767408
27.93,1.8907966028879053,-0.5836087448885824,-2.814648534938565
27.94,1.8565414138724172,-0.5866718430202986,-2.7269855989993568
27.95,1.8227441489943161,-0.5891737177943592,-2.6385477947610116
27.96,1.7894536568247223,-0.5911104937690628,-2.5494596820346325
27.97,1.7567187859348037,-0.592478295502705,-2.4598458206314495
27.98,1.7245883848956807,-0.593273247553584,-2.3698307703625656
27.990000000000002,1.6931113022785096,-0.5934914744799963,-2.279539091039179
28.0,1.6623349047417333,-0.5931137955284268,-2.1890400636499434
28.01,1.6322995198142651,-0.5921216570913146,-2.098390113853551
28.02,1.603043390345866,-0.5905197454155557,-2.007720371815615
28.03,1.5746047589275187,-0.5883128424513901,-1.9171622930719812
28.04,1.5470218681502472,-0.5855057301490607,-1.826847333158622
28.05,1.5203329606050353,-0.5821031904588065,-1.736906947611382
28.060000000000002,1.494576278882897,-0.5781100053308695,-1.647472591966202
28.07,1.4697900655748444,-0.5735309567154927,-1.5586757217590226
28.080000000000002,1.4460125632718634,-0.5683708265629138,-1.4706477925256891
28.09,1.4232821027487554,-0.5626342931281477,-1.3835201723879211
28.1,1.401651168785788,-0.556307702768464,-1.2974057091884337
28.11,1.38115863676028,-0.5493876016848845,-1.212415307231105
28.12,1.3618287595832936,-0.5418864911695158,-1.1286710693711686
28.13,1.3436857901659194,-0.5338168725144745,-1.0462950984639767
28.14,1.326753981419221,-0.5251912470118663,-0.9654094973647644
28.150000000000002,1.3110575862542824,-0.5160221159538052,-0.8861363689288547
28.16,1.2966208575821847,-0.5063219806324064,-0.808597816011568
28.17,1.2834680483139949,-0.4961033423397742,-0.7329159414681425
28.18,1.271626146600865,-0.48537682566650886,-0.6592146986501489
28.19,1.2611427880732768,-0.47413753474162357,-0.587628378274866
28.2,1.2520357694639521,-0.46239840153530537,-0.5182639884569615
28.21,1.2443145671480305,-0.45017779169858557,-0.45122217040287793
28.22,1.2379886575006638,-0.4374940708825124,-0.38660356531915474
28.23,1.2330675168969942,-0.4243656047381166,-0.3245088144122381
28.240000000000002,1.2295606217121704,-0.41081075891644203,-0.2650385588886432
28.25,1.2274774483213393,-0.39684789906853335,-0.20829343995488164
28.26,1.226840695606097,-0.38248870891211123,-0.15439099906167994
28.27,1.2276681518871915,-0.36774564078994926,-0.10343689057130528
28.28,1.2299571661008797,-0.3526404879780791,-0.05550740811408714
28.29,1.2337050459712664,-0.3371950634656145,-0.01067878899873162
28.3,1.2389090992224598,-0.3214311802416474,0.030972729466121063
28.310000000000002,1.2455683196906637,-0.30537009664419834,0.0693677483068226
28.32,1.253697402224828,-0.28902753619009125,0.1043989982441844
28.330000000000002,1.2632890630250033,-0.27242567892712555,0.13600370708093984
28.34,1.2743289419094297,-0.25558894381280933,0.16413274916657894
28.35,1.2868026786963616,-0.23854174980462706,0.1887369988506341
28.36,1.3006959132040365,-0.22130851586008726,0.20976733048260032
28.37,1.3160074590498143,-0.2039105697664714,0.22714569586349354
28.38,1.33273532599734,-0.18636869377226273,0.2407996676945387
28.39,1.350852260659927,-0.16870909666019784,0.25071491616108843
28.400000000000002,1.3703307638739601,-0.15095804220916414,0.25687766508807164
28.41,1.3911433364758234,-0.1331417941980492,0.25927413830042256
28.42,1.4132624793019228,-0.11528661640572145,0.2578905596230773
28.43,1.4366670472371248,-0.09741777171060795,0.2526976300869386
28.44,1.4613508560398127,-0.07955740263995376,0.24363363712176114
28.45,1.4872780725963575,-0.06173134176468435,0.2307146080933011
28.46,1.514409709835353,-0.04396587046149268,0.21396453539876242
28.47,1.5427067806853556,-0.026287270107096944,0.1934074114353701
28.48,1.5721302980749607,-0.008721822078190167,0.16906722860032258
28.490000000000002,1.6026455291610886,0.008704481142837797,0.14095640625936093
28.5,1.634229591976472,0.02596725816959828,0.10905945463645167
28.51,1.6668381132823464,0.04304176100889655,0.07342521567706323
28.52,1.7004240818392629,0.05990312249135436,0.03411002960736645
28.53,1.7349404864078186,0.07652647544761754,-0.008829763346521136
28.54,1.7703426120080448,0.0928867668746458,-0.05534527247496582
28.55,1.8065956344864205,0.1089588053113101,-0.10541631242480178
28.560000000000002,1.8436489488558405,0.12471973324216337,-0.15896610195594263
28.57,1.8814491059573915,0.14014700238167332,-0.2159082288530736
28.580000000000002,1.919942656632201,0.155218064444324,-0.2761562809009413
28.59,1.959077618134199,0.16990995958778962,-0.339629602175223
28.6,1.9988123596183387,0.18419757168454468,-0.4062849163174641
28.61,2.039091911551087,0.19806093123269,-0.4760204879480682
28.62,2.079857735312137,0.2114812071683546,-0.5487199770437928
28.63,2.1210512922811255,0.22443956842764812,-0.6242670435812943
28.64,2.162614043837746,0.23691718394669892,-0.7025453475373344
28.650000000000002,2.2044901990114596,0.24889340248881936,-0.7834527624127273
28.66,2.2466322117884134,0.2603438777386525,-0.8669236737336319
28.67,2.288980657583117,0.27125446904412415,-0.9528229000931597
28.68,2.331474648780434,0.2816121268596504,-1.0410072682142408
28.69,2.3740532977652893,0.29140380163966256,-1.131333604819929
28.7,2.4166557169225467,0.3006164438385775,-1.2236587366331502
28.71,2.4592210186371304,0.30923700391082565,-1.317839490376962
28.72,2.5016895140044566,0.3172490795068185,-1.4137474587821919
28.73,2.5440065163454344,0.32462920170704535,-1.511293948923402
28.740000000000002,2.58611457039324,0.3313705198870121,-1.610328091723582
28.75,2.627955767027388,0.3374678859964268,-1.7106920573079625
28.76,2.669472197127438,0.34291615198500364,-1.8122280158018809
28.77,2.7106059515728913,0.3477101698024489,-1.9147781373305317
28.78,2.751299121243306,0.35184479139847585,-2.0181845920192543
28.79,2.791493797018183,0.35531486872279167,-2.1222895499932415
28.8,2.831129657787064,0.3581109733718601,-2.226942927270948
28.810000000000002,2.8701408202977237,0.36021027386132093,-2.332027949316182
28.82,2.908477620516256,0.3616136994114086,-2.437397716683159
28.830000000000002,2.9460924013670797,0.3623254376857319,-2.5429002103502896
28.84,2.982937505774559,0.36234967634789816,-2.6483834112958355
28.85,3.0189652766631103,0.36169060306151524,-2.753695300498209
28.86,3.0541280569570994,0.36035240549019143,-2.8586838589356707
28.87,3.0883781895809417,0.3583392712975336,-2.9631970675866324
28.88,3.1216680174590032,0.35565538814715103,-3.067082907429356
28.89,3.1539472074970885,0.3523030619633373,-3.17018849841043
28.900000000000002,3.1851338758983823,0.34826137267031254,-3.272357831631043
28.91,3.2151842105847757,0.3435338687266833,-3.373462699763322
28.92,3.2440689816179873,0.33813406540252067,-3.4733815264787116
28.93,3.271758959059693,0.3320754779679031,-3.571992735448513
28.94,3.29822491297161,0.32537162169290085,-3.66917475034417
28.95,3.3234376134154164,0.3180360118475933,-3.764805994836985
28.96,3.347367830452827,0.3100821637020497,-3.858764892598399
28.97,3.369986334145522,0.3015235925263503,-3.9509298672997186
28.98,3.3912638945552143,0.2923738135905637,-4.041179342612381
28.990000000000002,3.411171281743593,0.2826463421647672,-4.129391742207726
29.0,3.4296577724025976,0.2723444882646703,-4.215425379971864
29.01,3.4466595335895724,0.26146328785144024,-4.299139024161096
29.02,3.4621660962324468,0.2500213633323905,-4.380452240713543
29.03,3.4761686159314724,0.23803808098568305,-4.459286286575534
29.04,3.4886582482868804,0.22553280708949647,-4.53556241869328
29.05,3.4996261488989213,0.21252490792199194,-4.609201894013104
29.060000000000002,3.509063473367831,0.19903374976134397,-4.680125969481248
29.07,3.516961377293848,0.18507869888572767,-4.748255902043955
29.080000000000002,3.5233110162772188,0.17067912157330328,-4.813512948647544
29.09,3.528098286114884,0.15585268988064027,-4.87581057188356
29.1,3.531274118214845,0.14060497055160387,-4.935014186450463
29.11,3.5328343222766447,0.12495444368936273,-4.991062598537608
29.12,3.53278617665433,0.10892313868612419,-5.043912256293214
29.13,3.5311369597019455,0.09253308493411809,-5.093519607865419
29.14,3.527893949773534,0.07580631182555134,-5.139841101402437
29.150000000000002,3.5230644252231413,0.05876484875264816,-5.182833185052427
29.16,3.516655664404814,0.04143072510763324,-5.222452306963552
29.17,3.508659326095605,0.023822507372952842,-5.2586256880631455
29.18,3.499063368826029,0.005957023376561857,-5.291275415402123
29.19,3.487887106381482,-0.012142622056141084,-5.320383562611105
29.2,3.475150332664853,-0.03045322312900596,-5.345933112380387
29.21,3.4608728415790124,-0.04895157404590855,-5.367907047400306
29.22,3.4450744270268503,-0.06761446901069856,-5.386288350361162
29.23,3.4277709342069405,-0.08641922968719212,-5.401051322159394
29.240000000000002,3.408960655460934,-0.10534588616173211,-5.412131309976592
29.25,3.388668957418479,-0.12437143634387354,-5.419522607389825
29.26,3.3669261998077147,-0.14347225537213434,-5.423230442129011
29.27,3.3437627423568093,-0.16262471838500536,-5.423260041924059
29.28,3.319208944793899,-0.1818052005210047,-5.419616634504884
29.29,3.293287446173024,-0.20099039691736617,-5.4122859909707115
29.3,3.2660012910021683,-0.22015807782298233,-5.401203067099225
29.310000000000002,3.237389641213618,-0.23928485920955203,-5.386391966202028
29.32,3.207495699807918,-0.2583472068891179,-5.367886880745702
29.330000000000002,3.176362669785581,-0.2773215866737428,-5.345722003196805
29.34,3.1440337541471637,-0.29618446437546264,-5.319931526021924
29.35,3.110552155893177,-0.3149123058063403,-5.290549641687615
29.36,3.075961078024179,-0.3334815767784116,-5.257610542660471
29.37,3.0402881369652586,-0.3518679827266555,-5.221102418649448
29.38,3.0035403238475706,-0.3700468184258245,-5.180951506703847
29.39,2.9657706251458555,-0.3879962197909527,-5.137218714456601
29.400000000000002,2.9270345610738477,-0.4056944622082618,-5.089972398975053
29.41,2.8873876518452835,-0.4231198210639735,-5.039280917326549
29.42,2.8468854176738567,-0.44025057174432836,-4.98521262657838
29.43,2.805583378773318,-0.4570649896355422,-4.927835883797913
29.44,2.76353705535736,-0.47354135012385506,-4.867219046052435
29.45,2.7208019676397344,-0.4896579285954833,-4.803430470409318
29.46,2.6774319697378153,-0.5053926027383856,-4.736532239782217
29.47,2.6334398839390465,-0.5207140993149194,-4.666433789630649
29.48,2.588868898918257,-0.5356000690748965,-4.593163776849482
29.490000000000002,2.5437831188636415,-0.5500334141972204,-4.5168303737682844
29.5,2.4982466479633962,-0.5639970368607953,-4.437541752716629
29.51,2.4523235904056686,-0.5774738392445401,-4.355406086024006
29.52,2.4060780503786714,-0.5904467235273544,-4.2705315460200195
29.53,2.3595741320705512,-0.6028985918881565,-4.1830263050341525
29.54,2.312875939669521,-0.6148123465058466,-4.092998535396013
29.55,2.266047577363727,-0.6261708895593422,-4.0005564094350845
29.560000000000002,2.219153149341366,-0.6369571232275479,-3.9058080994809408
29.57,2.1722515408360383,-0.647150294211889,-3.8088331280622434
29.580000000000002,2.1253703075918895,-0.6567105683899653,-3.709552118967549
29.59,2.0785669697500766,-0.6656238940938419,-3.6080721031637526
29.6,2.0319062066803153,-0.6738816237236255,-3.5045411933658888
29.61,1.9854526977523888,-0.6814751096794107,-3.3991075022891386
29.62,1.939271122336014,-0.6883957043613037,-3.291919142648534
29.63,1.8934261598009734,-0.6946347601694002,-3.1831242271592575
29.64,1.8479824895169839,-0.700183629503805,-3.0728708685363393
29.650000000000002,1.8030047908538118,-0.7050336647646164,-2.9613071794949253
29.66,1.7585577431812223,-0.7091762183519337,-2.848581272750162
29.67,1.7147060258689337,-0.7126026426658604,-2.7348412610170767
29.68,1.671514050236468,-0.7153035355861036,-2.6202319292710357
29.69,1.6290346131413544,-0.7172455193755457,-2.5047864798261466
29.7,1.5873190817818916,-0.7184153305873742,-2.3886106545778616
29.71,1.5464225983452962,-0.7188143557095786,-2.271872111572738
29.72,1.5064003050188435,-0.7184439812301475,-2.1547385088574975
29.73,1.467307343989751,-0.7173055936370695,-2.0373775044786986
29.740000000000002,1.4291988574452796,-0.7154005794183331,-1.9199567564830216
29.75,1.3921299875726885,-0.7127303250619283,-1.802643922917148
29.76,1.3561558765591974,-0.7092962170558421,-1.6856066618276349
29.77,1.3213316665920782,-0.7050996418880656,-1.5690126312612047
29.78,1.2877177704477722,-0.7001309759440755,-1.4530093820893621
29.79,1.2553738386636115,-0.6943717123946058,-1.3377192954329111
29.8,1.2243415075082578,-0.6878316423652541,-1.2233084602048028
29.810000000000002,1.1946618419868391,-0.680521579753806,-1.1099446874663503
29.82,1.1663759071044826,-0.6724523384580481,-0.9977957882788652
29.830000000000002,1.1395247678662852,-0.6636347323757582,-0.8870295737035401
29.84,1.1141494892773829,-0.6540795754047264,-0.7778138548017254
29.85,1.0902911363428744,-0.6437976814427294,-0.670316442634616
29.86,1.0681052260546249,-0.6327937796330954,-0.5647039124538258
29.87,1.0478505527668005,-0.6210636782929315,-0.4611335799066974
29.88,1.0293300282353415,-0.6086237564457937,-0.35975897878684826
29.89,1.0123190294877522,-0.5954917409214516,-0.2607336646357524
29.900000000000002,0.9965929335515574,-0.581685358549688,-0.16421119299499232
29.91,0.9819271174542797,-0.5672223361602865,-0.07034511940614685
29.92,0.9681305073749406,-0.5521218189101829,0.020710264362678206
29.93,0.9552738049494738,-0.536411590073872,0.10881466079416843
29.94,0.943478613800776,-0.520118233142142,0.1938538955719329
29.95,0.9328569454584416,-0.5032677353321919,0.27571555520539315
29.96,0.9235208114520488,-0.4858860838611966,0.3542872262040894
29.97,0.9155822233111903,-0.46799926594635555,0.4294564950774478
29.98,0.9091426052521828,-0.4496333646500191,0.5010936710152203
29.990000000000002,0.9043016484389402,-0.43081326189156005,0.5690613664881281
30.0,0.9011865627962987,-0.4115625955781454,0.6332631209563436
30.01,0.899925223541042,-0.3919049844167197,0.6936035068395585
30.02,0.9006455058899565,-0.37186404711425536,0.7499870965573765
30.03,0.9034752850598289,-0.35146340237769624,0.8023184625294838
30.04,0.9085238586615033,-0.33072902830026757,0.8504836118421651
30.05,0.9158974203142763,-0.3096864711672046,0.8943593959268957
30.060000000000002,0.9257485986448701,-0.28835471623311576,0.9338642063735961
30.07,0.9382310707871216,-0.26675260740992146,0.9689174226330707
30.080000000000002,0.9534985138748814,-0.2448989886095193,0.9994384241561605
30.09,0.9717046050419802,-0.2228127037438375,1.0253465903936598
30.1,0.9930030214222728,-0.20051259672477317,1.0465613007964036
30.11,1.016886462779537,-0.17801613350921847,1.0629475315051335
30.12,1.0426484187262541,-0.15535156082320015,1.074411965084927
30.13,1.0702214162801529,-0.1325543997456528,1.0809447187841736
30.14,1.099538249659402,-0.1096601730836057,1.0825359379212938
30.150000000000002,1.1305317130821404,-0.0867044036441124,1.0791757678146998
30.16,1.1631346007665047,-0.06372261423422651,1.0708543537828117
30.17,1.1972797607220298,-0.040750323247229596,1.0575617687368477
30.18,1.2329518359011584,-0.017818896559003195,1.03923133771954
30.19,1.270139208393128,0.005040242604703142,1.0158398432664122
30.2,1.308789502391032,0.027792241727227537,0.9874302468211131
30.21,1.3488503420880171,0.050402248291940496,0.9540455098272554
30.22,1.390269351677174,0.07283540978218034,0.915728593728495
30.23,1.4329951523322109,0.09505688700643897,0.8725196297406551
30.240000000000002,1.476997755686973,0.11703278535898212,0.8244018370600373
30.25,1.522225732293426,0.1387306140303794,0.7714290823072363
30.26,1.5686155863825182,0.16011797731795246,0.7136909693806744
30.27,1.616103822185132,0.1811624795189924,0.6512771021788528
30.28,1.6646269439322168,0.20183172493082036,0.584277084600187
30.29,1.7141327562396433,0.2220917932544175,0.5127429190745811
30.3,1.7645725298383288,0.2419100860010122,0.43672430016432956
30.310000000000002,1.8158736625146732,0.2612585865350136,0.35635737521815936
30.32,1.8679631159461538,0.2801093501826706,0.2717798103762938
30.330000000000002,1.9207678518103044,0.2984344322702519,0.1831292717788649
30.34,1.9742148317845838,0.31620588812399997,0.09054342556612788
30.35,2.028237909004891,0.33339353769514946,-0.005867059384838183
30.36,2.082780282829452,0.34996667710214774,-0.10601814940032203
30.37,2.137765317666389,0.36590353949708143,-0.20973814717486594
30.38,2.1931152918358916,0.3811827758941867,-0.3168508397562984
30.39,2.248752483658225,0.39578303730772196,-0.4271800141925977
30.400000000000002,2.304599171453597,0.40968297475192916,-0.5405494575316286
30.41,2.360580166617369,0.4228591093342539,-0.6567972399613171
30.42,2.416628245770145,0.4352846124319615,-0.7757958995954847
30.43,2.4726670820443157,0.4469445907376865,-0.897353286771011
30.44,2.5286192397404594,0.4578252912149305,-1.0212703507662668
30.45,2.584407283159074,0.46791296082717904,-1.1473480408594483
30.46,2.639953776600737,0.4771938465379326,-1.2753873063289287
30.47,2.6951809095056243,0.48564820206938975,-1.405207710794977
30.48,2.7500130754170526,0.493253764144229,-1.5366471593496958
30.490000000000002,2.804377878125344,0.5000058575894416,-1.6694983341144214
30.5,2.858202998167411,0.5059004114375266,-1.803552214215543
30.51,2.9114161160802206,0.5109333547209896,-1.9385997787795919
30.52,2.963944912400666,0.515100616472328,-2.074432006932909
30.53,3.015717067665714,0.5183981257240459,-2.2108398778020275
30.54,3.066656848948143,0.5208177481944882,-2.347618287384592
30.55,3.116676966467551,0.5223356495437597,-2.484587363748736
30.560000000000002,3.1657150312620588,0.5229546359903277,-2.6215571497827055
30.57,3.213712533104781,0.5226819193335634,-2.758334541153773
30.580000000000002,3.2606109617688817,0.5215247113728376,-2.894726433529356
30.59,3.3063518070274593,0.5194902239075221,-3.0305397225766795
30.6,3.350876558653676,0.5165856687369861,-3.1655813039631604
30.61,3.394126706420632,0.5128182576606026,-3.299658073356024
30.62,3.4360437401014883,0.50819520247774,-3.432576926422686
30.63,3.476541705242341,0.502707258959585,-3.5641279161838555
30.64,3.5155356684738854,0.4963439124054822,-3.6941204003143904
30.650000000000002,3.552990192014162,0.48912307379520803,-3.8224065400191223
30.66,3.5888702466240807,0.48106289345948805,-3.9488388029654056
30.67,3.6231408030645875,0.4721815217290392,-4.07326965682073
30.68,3.6557668320965795,0.46249710893459023,-4.195551569252405
30.69,3.6867133044810014,0.4520278054068569,-4.315537007927919
30.7,3.715945190978752,0.44079176147656907,-4.433078440514583
30.71,3.7434274623507733,0.4288071274744414,-4.548028334679884
30.72,3.7691250893579675,0.4160920537312049,-4.660239158091136
30.73,3.7929600622821114,0.4026482081476639,-4.76951062762813
30.740000000000002,3.8148452129316843,0.3884717087154891,-4.87564748408808
30.75,3.8347738637475683,0.37358809680893984,-4.978564778691173
30.76,3.8527403536805056,0.3580232940018869,-5.078178887006609
30.77,3.8687390216812116,0.3418032218682227,-5.174406184603444
30.78,3.882764206700425,0.32495380198181706,-5.267163047050873
30.79,3.8948102476888637,0.30750095591656323,-5.356365849917954
30.8,3.9048714835972644,0.28947060524633017,-5.441930968773879
30.810000000000002,3.9129422533763503,0.2708886715450054,-5.523774779187741
30.82,3.919016895976847,0.2517810763864772,-5.601813656728639
30.830000000000002,3.9230892435579863,0.23217359466263815,-5.675963204596703
30.84,3.9251006769853944,0.2120760438688207,-5.746062277939288
30.85,3.925024676956581,0.19150499072845986,-5.81200909603243
30.86,3.9228764367343563,0.1704885603636885,-5.873767563992091
30.87,3.918671149581529,0.14905487789660998,-5.931301586934326
30.88,3.912424008760914,0.12723206844935772,-5.984575069975106
30.89,3.9041502075353165,0.10504825714403451,-6.033551918230478
30.900000000000002,3.893864939167549,0.08253156910276627,-6.0781960368164345
30.91,3.881582181633272,0.05970990715734999,-6.118468976286856
30.92,3.86728539648005,0.0366051240928789,-6.154273571517319
30.93,3.850985481093328,0.013242853202415306,-6.185566892894187
30.94,3.8327107487074494,-0.010348281554568906,-6.212339923222211
30.95,3.812489512556784,-0.03413965621856853,-6.2345836453061
30.96,3.790350085875674,-0.058102646830111945,-6.2522890419506005
30.970000000000002,3.7663159142744496,-0.08220907221033297,-6.265436021466807
30.98,3.740395518008928,-0.10643244660271758,-6.273969019854831
30.990000000000002,3.7126247703979214,-0.1307442757537519,-6.277892553215552
31.0,3.683043256490111,-0.1551157566646431,-6.277219452727988
31.01,3.651690561334138,-0.17951808633663302,-6.2719625495711595
31.02,3.618604703879707,-0.20392247662363278,-6.262130734329808
31.03,3.5837960260142583,-0.22830049990537069,-6.247661502471437
31.04,3.5473040940273406,-0.25262369199936957,-6.228561577704923
31.05,3.5091830990296984,-0.27686348447501236,-6.204873865938591
31.060000000000002,3.4694872321321135,-0.30099130890165615,-6.176641273080788
31.07,3.42827068444537,-0.32497859684865804,-6.143906705039865
31.080000000000002,3.385587647080209,-0.3487967798854008,-6.106713067724138
31.09,3.3414923111474297,-0.3724172895812334,-6.065103267041975
31.1,3.2960181360561847,-0.3958101557982052,-6.019058782655596
31.11,3.2491820282609156,-0.41894474461806586,-5.9685081682441945
31.12,3.2010510519676236,-0.4417942089727167,-5.913525219209341
31.13,3.151693939435511,-0.46433182118392524,-5.8541886169193935
31.14,3.1011794229237113,-0.48653085357349085,-5.790577042742628
31.150000000000002,3.0495762346914095,-0.5083645784631893,-5.7227691780473835
31.16,2.9969531069977937,-0.5298062681747963,-5.650843704202004
31.17,2.9433787721019944,-0.5508291950301107,-5.574879302574758
31.18,2.8889219622632183,-0.5714066313509014,-5.494954654534018
31.19,2.8336391656372575,-0.591508967487105,-5.411102453235789
31.2,2.7775457089500373,-0.6110977737273336,-5.323202509630272
31.21,2.7207135033685605,-0.6301491379748653,-5.2313495349317884
31.220000000000002,2.663222252254949,-0.648641050538038,-5.135667642570826
31.23,2.605151658971325,-0.6665515017251911,-5.0362809459778815
31.240000000000002,2.5465814268797473,-0.6838584818446825,-4.933313558583343
31.25,2.48759125934236,-0.7005399812048452,-4.826889593817746
31.26,2.428260859721222,-0.7165739901140363,-4.7171331651114725
31.27,2.368669931378477,-0.7319384988805899,-4.60416838589506
31.28,2.308898177676184,-0.7466114978128622,-4.48811936959889
31.29,2.2490252492172287,-0.7605709427303902,-4.369109945870479
31.3,2.1890972355271563,-0.773774230564535,-4.247090616310304
31.310000000000002,2.129166851648292,-0.7861881801903566,-4.1220740479918225
31.32,2.069316234265008,-0.7978000152187189,-3.994237267967357
31.330000000000002,2.0096275200616125,-0.8085969592604972,-3.8637573032890944
31.34,1.9501828457224994,-0.8185662359265516,-3.730811181009406
31.35,1.8910643479319775,-0.8276950688277567,-3.595575928180474
31.36,1.83235416337444,-0.8359706815749732,-3.458228571854673
31.37,1.7741344287341958,-0.8433802977790748,-3.3189461390841837
31.38,1.7164872806956382,-0.8499111410509234,-3.177905656921382
31.39,1.6594948559430767,-0.8555504350013913,-3.0352841524184457
31.400000000000002,1.6032391971044944,-0.8602852237260312,-2.8912577821207788
31.41,1.5477862607314836,-0.8640776503731469,-2.7458773268554024
31.42,1.4931997765012666,-0.8669051619092302,-2.599252185459356
31.43,1.4395524599594391,-0.8687664439144218,-2.4515914870227418
31.44,1.3869170266515212,-0.8696601819688656,-2.30310436063545
31.45,1.3353661921231073,-0.8695850616527037,-2.153999935387584
31.46,1.284972671919718,-0.8685397685460785,-2.0044873403690344
31.470000000000002,1.2358091815869303,-0.8665229882291325,-1.8547757046698508
31.48,1.1879484366703177,-0.8635334062820097,-1.7050741573800836
31.490000000000002,1.1414898161211984,-0.8595691528472182,-1.555590188606888
31.5,1.0971172713685544,-0.8546135760076419,-1.4064837003873918
31.51,1.0545321366411213,-0.848663513011693,-1.2579437610302047
31.52,1.0129626738395647,-0.8417245380323426,-1.1101835161470337
31.53,0.9716371448644888,-0.8338022252425525,-0.9634161113493764
31.54,0.9297993640802242,-0.8249063132157306,-0.8178482899677446
31.55,0.8870890581684451,-0.8150728484831982,-0.673632728232054
31.560000000000002,0.8435421262448946,-0.8043377233996175,-0.530904183320698
31.57,0.7992105303978129,-0.7927354983677043,-0.3897984974191705
31.580000000000002,0.754146379808653,-0.7803006406432015,-0.250452320133906
31.59,0.7084120048841474,-0.7670605446431322,-0.11306036909066391
31.6,0.6620590224090231,-0.7530474894646519,0.02223523772836722
31.61,0.6151299399510687,-0.7382991522826208,0.1553411739751276
31.62,0.5676672650780058,-0.7228532102718783,0.2861641133017476
31.63,0.5197135053576236,-0.7067473406072855,0.41461072936017096
31.64,0.47131116835764303,-0.690019220463681,0.5405876958025244
31.650000000000002,0.42250276164583656,-0.6727065270159205,0.6640016862807984
31.66,0.3733453712787208,-0.6548414419271122,0.7846950383566714
31.67,0.3238879130185547,-0.6364551852922132,0.9025294254378343
31.68,0.274156596010829,-0.6175852823440554,1.0174574003663273
31.69,0.22417760316907856,-0.5982692667127004,1.1294316255787509
31.7,0.17397711740690933,-0.5785446720282367,1.2384047635115452
31.71,0.12358132163785573,-0.5584490319207249,1.344329476601307
31.720000000000002,0.07301639877550609,-0.538019880020247,1.4471584272845157
31.73,0.022325585366309235,-0.5172940902766842,1.5467942844882907
31.740000000000002,-0.028426260209436352,-0.49630618202315474,1.643066873746205
31.75,-0.0792347173407506,-0.4750913977343919,1.7359731373732044
31.76,-0.13009916197180624,-0.45368507627955995,1.8255208330727384
31.77,-0.18101897004670361,-0.4321225565278533,1.911717718548127
31.78,-0.23199351750961544,-0.41043917734843605,1.9945715515028164
31.79,-0.28302218030464216,-0.38867027761050277,2.0740900896401304
31.8,-0.33410433437595666,-0.3668511961832174,2.1502810906635106
31.810000000000002,-0.3852393556676772,-0.3450172719357669,2.2231523122763117
31.82,-0.4363871172544242,-0.32320591378749747,2.2926185438418805
31.830000000000002,-0.4875113920127591,-0.30145271691489867,2.358586226770151
31.84,-0.5386451696164498,-0.27978860557917895,2.4211133346590583
31.85,-0.5898219111562448,-0.25824447545537643,2.4802589082843505
31.86,-0.6410750777228195,-0.23685122221855986,2.536081988421689
31.87,-0.6924381304069223,-0.2156397415437675,2.5886416158468175
31.88,-0.7439445302992285,-0.1946409291060678,2.6379968313354025
31.89,-0.795627738490487,-0.17388568058049936,2.6842066756631824
31.900000000000002,-0.8476468671356674,-0.15340551018938997,2.7273167352095653
31.91,-0.9005293805462864,-0.13323440784861598,2.7673056101128064
31.92,-0.9535888829577288,-0.11340146311705138,2.804237169638823
31.93,-1.0059471805432953,-0.09393490417875876,2.8381923773932938
31.94,-1.0566967489532664,-0.07486153962543164,2.8692488097334974
31.95,-1.1047481963720243,-0.05617802857001358,2.897415945541355
31.96,-1.1499432737790296,-0.03787725508154698,2.922703045131183
31.970000000000002,-1.1923745573601556,-0.019957873020484046,2.945134282225365
31.98,-1.232135540448468,-0.002418294125571346,2.9647333471490955
31.990000000000002,-1.2693587268160074,0.014753296209569146,2.981505653815615
32.0,-1.3041444396596815,0.0315600062630539,2.995480249851264
32.01,-1.336566462228421,0.047997900454755715,3.0067013567305114
32.02,-1.3666985777711633,0.06406304320455249,3.015213195927826
32.03,-1.394614569536782,0.07975149893228804,3.021059988917658
32.04,-1.4203882207742158,0.09505933205784055,3.0242859571744773
32.05,-1.444093314732382,0.10998260700107666,3.0249353221727464
32.06,-1.4658036346602117,0.12451738818187319,3.0230523053869263
32.07,-1.4855929638065906,0.13865974002007608,3.0186811282914814
32.08,-1.5035757168614603,0.1524145703255933,3.0118450346165995
32.09,-1.5198670041162299,0.1657878996850127,3.0025787938913022
32.1,-1.534530049831649,0.17877500089858958,2.9909507034454372
32.11,-1.547627990594578,0.19137112816119878,2.9770291117677856
32.12,-1.5592239629918645,0.20357153566770547,2.9608823673471343
32.13,-1.569381103610363,0.2153714776129831,2.9425788186722563
32.14,-1.578162549036907,0.22676620819187998,2.9221868142319654
32.15,-1.5856314358583519,0.23775098159926994,2.899774702515035
32.160000000000004,-1.5918509006615493,0.2483210520300255,2.875410832010235
32.17,-1.5968840800333388,0.25847167367899676,2.849163551206386
32.18,-1.6008204807954995,0.2682004845006355,2.8210752432057467
32.19,-1.6037623097889326,0.27750809284976413,2.79117974837017
32.2,-1.6057637713224144,0.2863921041744224,2.7595610781429882
32.21,-1.6068783072849084,0.2948500657462444,2.7263040180408287
32.22,-1.6071593595653837,0.3028795248368833,2.6914933535802517
32.230000000000004,-1.6066603700528066,0.31047802871799124,2.6552138702778136
32.24,-1.6054347806361446,0.31764312466120403,2.6175503536501474
32.25,-1.6035360332043647,0.32437235993817404,2.5785875892138113
32.26,-1.6010175696464337,0.33066328182054805,2.5384103624853864
32.27,-1.5979328318513164,0.3365134375799768,2.497103458981426
32.28,-1.5943357736140937,0.34192031123842465,2.4547511318933406
32.29,-1.590317565805733,0.346877436524447,2.4113978000035674
32.3,-1.5859471055359302,0.35138313272625904,2.3671074902797655
32.31,-1.5812666572749106,0.3554394022955048,2.3219712386476883
32.32,-1.576318485492909,0.35904824768381993,2.2760800810331854
32.33,-1.5711448546601507,0.3622116713428489,2.2295250533620115
32.34,-1.5657880292468604,0.3649316757242348,2.182397191559919
32.35,-1.560290273723274,0.36721026327961515,2.1347875315527602
32.36,-1.5546938525596161,0.36904943646063354,2.086787109266288
32.37,-1.549041030226115,0.3704511977189313,2.038486960626289
32.38,-1.5433740711929955,0.37141754950615036,1.9899781215585133
32.39,-1.5377356392264374,0.37195038073624875,1.9413514439731254
32.4,-1.5322049507019486,0.37204148834156925,1.8926783985346942
32.410000000000004,-1.526838790123699,0.3716900215389358,1.8440326036166839
32.42,-1.5216657622793317,0.37090333651041874,1.7954990309949694
32.43,-1.5167144719564787,0.36968878943808786,1.7471626524453228
32.44,-1.5120135239427757,0.368053736504013,1.6991084397435499
32.45,-1.5075915230258552,0.36600553389026247,1.6514213646654232
32.46,-1.5034770739933594,0.3635515377789089,1.6041863989868166
32.47,-1.499698781632921,0.36069910435202096,1.5574885144835025
32.480000000000004,-1.4962852507321733,0.35745558979166603,1.5114126829312544
32.49,-1.4932650860787569,0.3538283502799185,1.466043876105944
32.5,-1.4906674967248517,0.3498245428393077,1.4214672776665698
32.51,-1.488560707136497,0.3454384175510133,1.3777788838339329
32.52,-1.486986236775792,0.3406728780016625,1.3350564445277324
32.53,-1.4859573411786022,0.3355401150983064,1.2933661096419595
32.54,-1.485487275880789,0.33005231974798566,1.2527740290705143
32.55,-1.4855892964182156,0.3242216828577445,1.213346352707327
32.56,-1.4862766583267457,0.31806039533462244,1.1751492304463018
32.57,-1.4875626171422411,0.31158064808567243,1.1382488121814232
32.58,-1.4894604284005655,0.3047946320179343,1.1027112478065946
32.59,-1.4919833476375834,0.29771453803844694,1.0686026872157226
32.6,-1.4951446303891547,0.29035255705426466,1.0359892803027864
32.61,-1.4989685395421068,0.2827176438083071,1.0049489021150038
32.62,-1.5035136419807473,0.2748081574068392,0.9755909202844589
32.63,-1.5087848191003435,0.2666375389407786,0.9479605748174409
32.64,-1.5147798901586598,0.2582212661383917,0.922095190925301
32.65,-1.5214966744134715,0.2495748167279278,0.8980320938193315
32.660000000000004,-1.5289329911225562,0.24071366843763545,0.8758086087108297
32.67,-1.5370866595436754,0.23165329899578213,0.8554620608111394
32.68,-1.5459554989346056,0.2224091861306166,0.8370297753315569
32.69,-1.555537328553119,0.2129968075703937,0.8205490774833941
32.7,-1.5658299676569951,0.2034316410433616,0.8060572924779541
32.71,-1.5768379940777262,0.19372772330760016,0.7936030417663282
32.72,-1.5886047412144206,0.18389021690564392,0.7832957579291104
32.730000000000004,-1.6011250932002645,0.17393356447388073,0.7751570882596686
32.74,-1.6143829474958455,0.16387446214221885,0.7691897401834574
32.75,-1.6283622015617787,0.15372960604054536,0.7653964211259138
32.76,-1.6430467528586696,0.14351569229875444,0.7637798385124808
32.77,-1.6584204988471358,0.1332494170467329,0.7643426997686029
32.78,-1.6744673369877612,0.12294747641438945,0.7670877123197227
32.79,-1.6911711647411625,0.11262656653161095,0.772017583591283
32.8,-1.7085158795679454,0.10230338352829148,0.7791350210087272
32.81,-1.7264954276436406,0.09199315917260853,0.7884628990310033
32.82,-1.7451214947306193,0.08170751550585101,0.8000544105276528
32.83,-1.7643722790118597,0.0714618293310338,0.8138897385603843
32.84,-1.7842235316242006,0.061271795808592586,0.829943957946508
32.85,-1.804651003704438,0.05115311009898479,0.848192143503299
32.86,-1.8256304463894102,0.04112146736264606,0.8686093700480659
32.87,-1.8471376108159412,0.031192562760019305,0.8911707123981067
32.88,-1.869150273900143,0.02138203923855625,0.9158563431585178
32.89,-1.8916575589828557,0.01170470265501287,0.942672538775823
32.9,-1.9146342992439738,0.0021747998535197564,0.9715854454345998
32.910000000000004,-1.9380521515873241,-0.0071934179347341795,1.0025528679758344
32.92,-1.9618827729166841,-0.016385699478540128,1.0355326112404468
32.93,-1.9860991797920715,-0.025387560899947186,1.0704869009928624
32.94,-2.0106794844411437,-0.03418405367732418,1.1073928907935748
32.95,-2.0355933936010917,-0.042762284199611554,1.1461979192961278
32.96,-2.060809269977827,-0.05110963076777577,1.1868447860720772
32.97,-2.086295476277314,-0.05921347168280167,1.2292762906930612
32.980000000000004,-2.112022882917961,-0.067060083200971,1.2734456303455568
32.99,-2.1379664575624746,-0.07463457232593716,1.319320825074368
33.0,-2.1640921397484485,-0.08192671494118067,1.366830056467181
33.01,-2.19036520828567,-0.08892660183674175,1.415898682391887
33.02,-2.2167509419839444,-0.09562432380266525,1.4664520607164147
33.03,-2.243214619653021,-0.10200997162898184,1.5184155493085831
33.04,-2.2697215238602078,-0.10807363204001263,1.5717145291822532
33.05,-2.2962424863249713,-0.11380005454440732,1.6263065655381224
33.06,-2.322747426982916,-0.1191775070690066,1.6821360236643446
33.07,-2.34920109215131,-0.12420045566833653,1.7391136022453528
33.08,-2.375568228147479,-0.1288633663969348,1.7971499999656988
33.09,-2.4018135812887476,-0.13316070530933802,1.8561559155099376
33.1,-2.4279018978923848,-0.13708693846007386,1.9160420475624977
33.11,-2.4537979242757153,-0.14063653190367914,1.976719094807933
33.12,-2.4794664067560452,-0.14380395169468763,2.0380977559307563
33.13,-2.5048719512002715,-0.14657932271397417,2.100102169620762
33.14,-2.5299808474499974,-0.14894582187361996,2.1626844691731697
33.15,-2.5547620408740106,-0.1509027314645136,2.225754177476923
33.160000000000004,-2.5791845912277953,-0.15245052234821277,2.2892173956254274
33.17,-2.6032175582667842,-0.15358966538627197,2.3529802247119522
33.18,-2.626830001746461,-0.15432063144024913,2.416948765829904
33.19,-2.649990981422294,-0.15464389137170093,2.4810291200726424
33.2,-2.6726695570497645,-0.15455991604218394,2.5451273885335737
33.21,-2.6948347883843087,-0.1540691763132549,2.6091496723059664
33.22,-2.7164557351814094,-0.15317214304647067,2.673002072483227
33.230000000000004,-2.7374977816910886,-0.1518648581752299,2.7365952216206346
33.24,-2.7579189179511254,-0.1501319756023932,2.799859041097606
33.25,-2.777696163364655,-0.14797788483461657,2.8627131046917937
33.26,-2.796808481443133,-0.14540916011868438,2.92507523742476
33.27,-2.8152348356980292,-0.14243237570137873,2.9868632643181092
33.28,-2.832954189640774,-0.1390541058294882,3.0479950103933158
33.29,-2.8499455067828365,-0.13528092474979525,3.108388300671985
33.3,-2.866187750635673,-0.13111940670908417,3.1679609601756775
33.31,-2.8816598847107513,-0.12657612595413603,3.2266308139259974
33.32,-2.896340872519505,-0.12165765673174159,3.2843156869444217
33.33,-2.910209126112215,-0.11637021384836957,3.340933128318575
33.34,-2.923225760319895,-0.11070798712440041,3.3963955468702505
33.35,-2.935369217575755,-0.10467436886361356,3.450633813935348
33.36,-2.946629492881805,-0.09827993001543905,3.5035862259860417
33.37,-2.9569965812400456,-0.09153524152931095,3.555191079494465
33.38,-2.9664604776524857,-0.08445087435465803,3.605386670932787
33.39,-2.9750111771211123,-0.07703739944092439,3.6541112967730696
33.4,-2.982638674647933,-0.06930538773753908,3.701303253487483
33.410000000000004,-2.9893329652349543,-0.06126541019393028,3.7469008375481923
33.42,-2.995078344403267,-0.052925559216930956,3.790835396996582
33.43,-2.999850336728526,-0.044289352056328835,3.8330310003172223
33.44,-3.0036460079419585,-0.03536882264697992,3.873441794817414
33.45,-3.006463998710323,-0.0261766595414177,3.9120239836812716
33.46,-3.008302949700375,-0.01672555129219539,3.948733770092829
33.47,-3.009161501578873,-0.007028186451846642,3.983527357236203
33.480000000000004,-3.0090376740113243,0.0029029213661335472,4.01635984910753
33.49,-3.0079154021277343,0.013059417674601552,4.047162072126308
33.5,-3.0057932996433783,0.023429311984904243,4.075892534769542
33.51,-3.002678336392132,0.03399833704625575,4.102524799127983
33.52,-2.998577482207868,0.04475222560787791,4.1270324272924
33.53,-2.9934977069244675,0.055676710418969544,4.149388981353511
33.54,-2.987445980375804,0.06675752422875236,4.1695680234020855
33.55,-2.9804216598739006,0.0779819884965643,4.187527603474698
33.56,-2.972419221980209,0.08933885181824458,4.203216587434532
33.57,-2.9634532336010273,0.10081302960889141,4.216625449455984
33.58,-2.953538941094059,0.11238930178386537,4.2277460599732315
33.59,-2.9426915908170055,0.12405244825852732,4.236570289420451
33.6,-2.930926429127591,0.13578724894821326,4.243090008231797
33.61,-2.9182585251233184,0.14757850374552708,4.247296666760777
33.62,-2.904683519143534,0.15941334374779384,4.249135748721166
33.63,-2.8902100188031024,0.17127790568267373,4.2485837212736275
33.64,-2.8748627671906704,0.18315660316327514,4.24565534191982
33.65,-2.8586665073948554,0.19503384980273167,4.240365368161404
33.660000000000004,-2.841645982504271,0.20689405921417692,4.232728557500031
33.67,-2.8238259356075686,0.21872164501071922,4.22275966743737
33.68,-2.805231109793363,0.23050102080549223,4.210473455475076
33.69,-2.78588624815028,0.2422166002116211,4.1958846791148074
33.7,-2.7658041227420926,0.25385302430523526,4.17897498496794
33.71,-2.7449825861258743,0.26539582541255885,4.159685492536308
33.72,-2.7234536546354438,0.2768304834347234,4.1380525411984435
33.730000000000004,-2.7012511040002245,0.28814245973344543,4.114117354787056
33.74,-2.678408709949688,0.2993172156704178,4.087921157134908
33.75,-2.654960248213258,0.3103402126073572,4.059505172074711
33.76,-2.6309394945203746,0.3211969119059724,4.0289106234391925
33.77,-2.6063802246004593,0.3318727749279796,3.9961787350610574
33.78,-2.581316214182986,0.3423532630350725,3.961350730773079
33.79,-2.555781238997379,0.3526238375889673,3.9244678344079627
33.8,-2.5297896244285334,0.36266694482310724,3.8855039059382643
33.81,-2.503351163901697,0.37246565618177374,3.844420967238229
33.82,-2.4765057381198354,0.3820085708243924,3.8012877532006586
33.83,-2.449293450529095,0.39128432572577077,3.756173779710717
33.84,-2.4217544045756187,0.40028155786071595,3.7091485626535605
33.85,-2.39392870370561,0.4089889042040158,3.6602816179144475
33.86,-2.365856451365213,0.4173950017304775,3.6096424613785363
33.87,-2.337577751000591,0.42548848741490164,3.557300608931018
33.88,-2.309132706057888,0.43325799823209443,3.503325576457045
33.89,-2.2805614199833077,0.44069217115684545,3.4477868798418854
33.9,-2.2519039962229934,0.447779643163961,3.3907540349706924
33.910000000000004,-2.2231898297416364,0.4545027624782447,3.3322423128141168
33.92,-2.19443476048572,0.4608387855106153,3.2722097836251773
33.93,-2.1656785437053507,0.466781599372984,3.210745997332266
33.94,-2.1369619131445554,0.47232571502014287,3.147945657157688
33.95,-2.1083256025473407,0.47746564340688713,3.083903466323703
33.96,-2.0798103456577737,0.4821958954880013,3.018714128052707
33.97,-2.0514568762198606,0.48651098221828104,2.95247234556696
33.980000000000004,-2.0233059279776078,0.49040541455252085,2.8852728220887194
33.99,-1.995398234675082,0.493873703445507,2.817210260840386
34.0,-1.9677745300562897,0.4969103598520343,2.748379365044217
34.01,-1.9404755478652573,0.4995098947268945,2.6788748379225185
34.02,-1.9135420218459926,0.5016668190248809,2.608791382697545
34.03,-1.8870126543008114,0.5033667973571249,2.538186761742571
34.04,-1.8609189536632496,0.5045837940760688,2.4670593405152488
34.05,-1.8352940493513894,0.5053187443495349,2.395509418494585
34.06,-1.810171296144389,0.5055741112202176,2.3236433818729663
34.07,-1.7855840488214607,0.5053523577308109,2.2515676168429324
34.08,-1.7615656621617621,0.5046559469240095,2.17938850959687
34.09,-1.7381494909444535,0.5034873418425068,2.1072124463271646
34.1,-1.7153688899487438,0.5018490055289986,2.0351458132263573
34.11,-1.693257213953793,0.4997434010261789,1.9632949964868334
34.12,-1.6718478177387766,0.497172991376742,1.8917663823010311
34.13,-1.6511740560828565,0.49414023962337983,1.8206663568613375
34.14,-1.6312692837652385,0.4906476088087911,1.7501013063602908
34.15,-1.6121733641799958,0.4866874373451978,1.6801625637690345
34.160000000000004,-1.5939304639533283,0.48223862994513367,1.6109114146463734
34.17,-1.5765612523308337,0.4773098870990475,1.5424433458348288
34.18,-1.560085228972293,0.4719115495010342,1.4748560149962993
34.19,-1.5445218935375016,0.4660539578451916,1.408247079792733
34.2,-1.5298907456862436,0.45974745282561286,1.342714197886032
34.21,-1.5162112850783351,0.4530023751364048,1.2783550269382375
34.22,-1.50350301137356,0.44582906547166085,1.2152672246112506
34.230000000000004,-1.4917854242317048,0.4382378645254734,1.1535484485669762
34.24,-1.4810780233125813,0.430239112991951,1.0932963564674507
34.25,-1.4714003082759755,0.42184315156518626,1.0346086059745772
34.26,-1.4627827001558804,0.41305265705437444,0.9775893926245092
34.27,-1.4552722617059306,0.4038561012539389,0.9223455089723674
34.28,-1.4488750950007852,0.39426788500672166,0.8689510242763643
34.29,-1.443594339946293,0.38430438869501465,0.8174779456748885
34.300000000000004,-1.439433136448307,0.3739819927011089,0.7679982803063341
34.31,-1.4363946244126884,0.3633170774073175,0.7205840353091999
34.32,-1.434481943745289,0.3523260231959316,0.6753072178218784
34.33,-1.433698234351964,0.3410252104492496,0.6322398349827982
34.34,-1.434046636138569,0.32943101954956167,0.5914538939303601
34.35,-1.4355302890109594,0.3175598308791826,0.5530214018030499
34.36,-1.4381668549841296,0.30542176342617566,0.5170362250207748
34.37,-1.4419920365269672,0.29301756129062817,0.4836136846026179
34.38,-1.4469956109954059,0.2803661441373211,0.4527941685457468
34.39,-1.4531647657956894,0.267487503239061,0.4246140053737638
34.4,-1.460486688334073,0.2544016298686278,0.3991095236102045
34.410000000000004,-1.4689485660168144,0.24112851529880058,0.3763170517786122
34.42,-1.478537586250153,0.22768815080238694,0.3562729184025776
34.43,-1.489240936440346,0.21410052765216625,0.3390134520056419
34.44,-1.5010458039936452,0.2003856371209271,0.3245749811113638
34.45,-1.5139508915460596,0.18656045328822812,0.3130176835477499
34.46,-1.5279796551834568,0.17263434430299904,0.3044480201088448
34.47,-1.5431093042647581,0.15862744312156835,0.2988706505581419
34.480000000000004,-1.559312737233822,0.14456095438302385,0.29628104884842693
34.49,-1.5765628525344717,0.1304560827264835,0.2966746889324904
34.5,-1.5948325486105646,0.11633403279103519,0.30004704476311594
34.51,-1.6140947239059475,0.10221600921577678,0.3063935902930903
34.52,-1.6343222768644814,0.08812321663979612,0.3157097994752079
34.53,-1.655488105929984,0.07407685970221115,0.3279911462622421
34.54,-1.677581206295977,0.060095203999809235,0.3432698419247035
34.550000000000004,-1.7005893176900815,0.046195082331659934,0.3615673662020387
34.56,-1.7244774895816524,0.0323965001978195,0.38284882130340797
34.57,-1.749210714974566,0.018719472124484722,0.40707917449239334
34.58,-1.774753986872682,0.005184012637862279,0.43422339303256474
34.59,-1.8010722982798795,-0.00818986373585058,0.4642464441875146
34.6,-1.8281405586731592,-0.021381969095094672,0.49714298599389034
34.61,-1.8559314727178766,-0.03437324055818115,0.5328957875431032
34.62,-1.8844036230343284,-0.04714548080133168,0.571442324495801
34.63,-1.91351556798437,-0.059680493502147915,0.6127199970714484
34.64,-1.9432258659297954,-0.07196008233820486,0.656666205489421
34.65,-1.9734930752324598,-0.08396605098710437,0.7032183499691814
34.660000000000004,-2.0042845159516114,-0.09567852863386933,0.7523451944636401
34.67,-2.035565867600976,-0.1070793581151003,0.8040037377897077
34.68,-2.0672910922742473,-0.11815339902582231,0.8581057628935114
34.69,-2.099414138817105,-0.12888551396452913,0.9145630033133556
34.7,-2.1318889560752523,-0.13926056552972177,0.9732871925875877
34.71,-2.1646694928943226,-0.14926341631987927,1.0341900642544284
34.72,-2.1977123972672303,-0.15887730398488809,1.0971967467670305
34.730000000000004,-2.230983118234832,-0.1680816075713379,1.1622710504400338
34.74,-2.264434971927998,-0.17686497101374793,1.2293097731121867
34.75,-2.2980196567954727,-0.18521712074364283,1.2982013078610304
34.76,-2.331688871285977,-0.19312778319254043,1.3688340477640604
34.77,-2.3653943138482547,-0.2005866847919637,1.4410963858988244
34.78,-2.3990876829309786,-0.20758355197341996,1.5148767153427152
34.79,-2.4327206769828935,-0.21410811116843248,1.5900634291732794
34.800000000000004,-2.466247460976894,-0.22014422507817277,1.6665719660092273
34.81,-2.4996260320484445,-0.2256740453835235,1.7443360349033115
34.82,-2.5328109812647073,-0.23069376030553373,1.8232329342063915
34.83,-2.5657567950619784,-0.23519987969325523,1.903138581044698
34.84,-2.5984179598765746,-0.2391889133957424,1.9839288925445189
34.85,-2.630748962144744,-0.2426573712620413,2.06547978583197
34.86,-2.662704288302805,-0.24560176314120669,2.1476671780333385
34.87,-2.6942384247870512,-0.2480185988822904,2.2303669862748547
34.88,-2.7253058580338,-0.24990438833434522,2.3134551276828086
34.89,-2.755854504094533,-0.2512437851389917,2.396829918405957
34.9,-2.7858364806158082,-0.25202330767487624,2.48039910383954
34.910000000000004,-2.815215755753353,-0.25224745098847795,2.564044187251887
34.92,-2.8439563321277146,-0.25192076652223633,2.647646578496906
34.93,-2.8720222123595036,-0.2510478057185917,2.7310876874286842
34.94,-2.89937739906931,-0.2496331200199838,2.8142489239012485
34.95,-2.9259858948777415,-0.24768126086885098,2.8970116977686855
34.96,-2.9518117024053496,-0.2451967797076358,2.979257418884904
34.97,-2.9768188242727436,-0.24218422797877687,3.060867497103991
34.980000000000004,-3.000971263100529,-0.23864815712471144,3.14172334228003
34.99,-3.0242181826953494,-0.23458259480086052,3.221702475194794
35.0,-3.0464989108126104,-0.22997251112271824,3.300691527369062
35.01,-3.0677925216010498,-0.22482921547762724,3.3785979299664994
35.02,-3.0880794784074603,-0.21916496904041127,3.455329666009016
35.03,-3.107340244578593,-0.21299203298590638,3.530794718518359
35.04,-3.125555283461242,-0.20632266848893666,3.6049010705164384
35.050000000000004,-3.142705058402198,-0.19916913672432474,3.6775567050251623
35.06,-3.158770032748217,-0.19154369886690883,3.7486696050662838
35.07,-3.1737306698460905,-0.18345861609151196,3.81814775366171
35.08,-3.187567433042598,-0.17492614957296204,3.885899133833298
35.09,-3.200260785684527,-0.1659585604860805,3.951831728602949
35.1,-3.2117823940355175,-0.1565636591435548,4.015845955015363
35.11,-3.2220821181434802,-0.14673660964652754,4.077831551434598
35.12,-3.2311509860978167,-0.13649131194506914,4.137724139536325
35.13,-3.238984560600706,-0.12584385541625243,4.195463765830956
35.14,-3.245578404354312,-0.11481032943717315,4.2509904768287825
35.15,-3.250928080060814,-0.10340682338490441,4.304244319040217
35.160000000000004,-3.255029150422389,-0.09164942663651834,4.355165338975668
35.17,-3.257877178141206,-0.07955422856911223,4.4036935831454365
35.18,-3.2594663764722926,-0.06713688323677829,4.449767010005013
35.19,-3.259769872258943,-0.05440579214117504,4.493292702595674
35.2,-3.258783261787647,-0.041375535606529075,4.534216675578492
35.21,-3.25651262865678,-0.028063930320734183,4.572501742389371
35.22,-3.252964056464718,-0.014488792971656485,4.608110716464304
35.230000000000004,-3.2481436288098324,-0.0006679402471612972,4.6410064112392755
35.24,-3.2420572067560793,0.013380856674410413,4.671151201593117
35.25,-3.234694575041375,0.02764328542596467,4.698476081235887
35.26,-3.226058736831206,0.04210287084395103,4.722939044822351
35.27,-3.2161656627932667,0.05674059094960132,4.744523827498242
35.28,-3.205031323595275,0.07153742376411615,4.763214164409245
35.29,-3.1926716899049272,0.08647434730872723,4.778993790701093
35.300000000000004,-3.179102732389916,0.1015323396046667,4.7918464415195094
35.31,-3.1643256381957796,0.11669440481834482,4.801722732561002
35.32,-3.148346359745637,0.13194341740933643,4.808583785928959
35.33,-3.131191138975157,0.14725975727094148,4.812436085686373
35.34,-3.1128862342110497,0.16262380217678618,4.813286152576045
35.35,-3.093457903780065,0.17801592990046397,4.811140507340772
35.36,-3.0729324060089134,0.19341651821560105,4.806005670723358
35.37,-3.0513358741908374,0.20880595050289055,4.797887842306724
35.38,-3.028670070049651,0.22416586310695527,4.786730421974363
35.39,-3.0049507442735006,0.23947781958555692,4.772512051589984
35.4,-2.980215449454042,0.25472252525970585,4.755267224560191
35.410000000000004,-2.9545017381829277,0.2698806854504123,4.735030434291586
35.42,-2.927847163051867,0.2849330054786542,4.711836174190812
35.43,-2.9002892766525123,0.2998601906654417,4.68571893766447
35.44,-2.8718656315765365,0.31464294633177436,4.656713218119175
35.45,-2.8426137804155895,0.32926197779866195,4.624853508961519
35.46,-2.8125656676932667,0.3436975990379674,4.590157041967531
35.47,-2.781720200452643,0.3579283508799275,4.552539899349467
35.480000000000004,-2.750115702522592,0.3719364416535689,4.512040417886881
35.49,-2.7177996500240567,0.38570479645648925,4.468725184296122
35.5,-2.684819519077911,0.3992163403863161,4.422660785293452
35.51,-2.6512227858050523,0.412453998540667,4.3739138075951605
35.52,-2.6170569263263532,0.4254006960171686,4.322550837917501
35.53,-2.582369416762759,0.4380393579134201,4.268638462976837
35.54,-2.547207733235143,0.4503529093270483,4.212243269489422
35.550000000000004,-2.5116193518643763,0.4623242753556791,4.153431844171504
35.56,-2.4756485163976905,0.47393537135122643,4.092257664667324
35.57,-2.4393047083873456,0.48515825848225813,4.028636904753093
35.58,-2.4026287285989376,0.4959768753902193,3.962620413827185
35.59,-2.365673524068477,0.5063791944538403,3.8943091769303515
35.6,-2.328492041832053,0.5163531880518294,3.823804179103493
35.61,-2.2911372289256757,0.5258868285629172,3.7512064053873657
35.62,-2.2536620323853827,0.5349680883658269,3.6766168408227724
35.63,-2.2161193992471833,0.5435849398392874,3.6001364704504613
35.64,-2.1785622765471677,0.5517253553620096,3.5218662793113444
35.65,-2.1410436113213462,0.5593773073127231,3.441907252446171
35.660000000000004,-2.103616350605729,0.5665287680701555,3.360360374895686
35.67,-2.0663333195774456,0.573167577663863,3.277325796216897
35.68,-2.029228317557769,0.5792631049380911,3.1927823525418173
35.69,-1.9923386233756863,0.5847958909963334,3.106763525436051
35.7,-1.9557145447084936,0.5897621736790127,3.019398563917905
35.71,-1.919406389233564,0.5941581908265413,2.9308167170058734
35.72,-1.8834644646281924,0.5979801802793424,2.8411472337182646
35.730000000000004,-1.847939078569675,0.6012243798778375,2.750519363073383
35.74,-1.8128805387353835,0.6038870274624415,2.659062354089728
35.75,-1.7783391528026138,0.6059643608735763,2.5669054557856046
35.76,-1.7443652284486872,0.6074526179516614,2.474177917179383
35.77,-1.7110090733509016,0.6083480365371166,2.3810089872893667
35.78,-1.678320995186625,0.6086468544703599,2.2875279151340573
35.79,-1.6463511627332215,0.6083411663929527,2.193849659633823
35.800000000000004,-1.615144980312756,0.6074023101868502,2.1000090549116477
35.81,-1.5847420952857454,0.6058296914912804,2.006123693533579
35.82,-1.5551818167884452,0.6036283933115865,1.9123296409550368
35.83,-1.5265034539571334,0.6008034986531118,1.818762962631507
35.84,-1.4987463159280685,0.5973600905211974,1.7255597240184093
35.85,-1.4719497118375677,0.5933032519211918,1.6328559905713624
35.86,-1.4461529508218893,0.5886380658584363,1.5407878277457865
35.87,-1.4213953420173113,0.5833696153382744,1.4494913009971673
35.88,-1.3977161945600947,0.5775029833660453,1.3591024757809267
35.89,-1.3751628681876793,0.5710332585960555,1.2697481955178795
35.9,-1.3537851107386132,0.5639474021915436,1.1815390087539122
35.910000000000004,-1.333608811181345,0.5562574358179,1.0946008213758436
35.92,-1.3146590835233805,0.5479762624521538,1.009060214899422
35.93,-1.2969610417721804,0.5391167850713183,0.92504377084021
35.94,-1.2805397999352215,0.5296919066524115,0.8426780707138307
35.95,-1.26542047201997,0.5197145301724447,0.7620896960358527
35.96,-1.2516281720339233,0.5091975586084502,0.6834052283220147
35.97,-1.239189434991621,0.4981529184071292,0.606752209618477
35.980000000000004,-1.2281515014259203,0.4865771595270447,0.532269126149999
35.99,-1.2185358817150937,0.47448180247173044,0.4600698604460791
36.0,-1.2103530301084642,0.4618855962597645,0.39025983927684355
36.01,-1.2036134008553623,0.4488072899097331,0.3229444894124719
36.02,-1.198327448205116,0.43526563244021277,0.2582292376230989
36.03,-1.1945056264070641,0.421279372869809,0.19621951067899612
36.04,-1.19215870631627,0.4068671000773562,0.13702113991476472
36.050000000000004,-1.1913116373195174,0.3920397015957765,0.08075636266403725
36.06,-1.1919749879446573,0.37681376548782025,0.027523957485226236
36.07,-1.194148446545747,0.36121109796119516,-0.02259212085030987
36.08,-1.1978317014768454,0.3452535052236192,-0.06950791757117139
36.09,-1.203026098132121,0.32896223091448284,-0.11313642580908526
36.1,-1.2097440266102966,0.31235446743263595,-0.15337155277186978
36.11,-1.217979468899828,0.29545308035479007,-0.1901435148587149
36.12,-1.227721721897497,0.2782824678815731,-0.22339139964639385
36.13,-1.2389600825000933,0.2608670282136006,-0.2530542947116996
36.14,-1.2516911858967372,0.24322934539247137,-0.27905537623739446
36.15,-1.2659220975426055,0.22538901150956545,-0.30129741650864234
36.160000000000004,-1.2816304969944343,0.20737241730315165,-0.319749397930714
36.17,-1.2987919155653067,0.18920646767410287,-0.33438505141527114
36.18,-1.3173818845683387,0.1709180675232538,-0.34517810787401637
36.19,-1.3373759353166357,0.15253412175145178,-0.3521022982186376
36.2,-1.3587524982358419,0.1340810274981817,-0.35512438161115933
36.21,-1.3815145652755076,0.1155803414595098,-0.3541549658683958
36.22,-1.405633636849993,0.09705805828225444,-0.34918621868562427
36.230000000000004,-1.4310715896583779,0.07854174204676832,-0.34023407881004253
36.24,-1.4577903003996873,0.06005895683344363,-0.327314484988869
36.25,-1.4857516457730005,0.04163726672263297,-0.3104433759693044
36.26,-1.5149175024773787,0.023304235794702213,-0.2896366904985544
36.27,-1.545258715262126,0.005086517198087961,-0.2648870116180737
36.28,-1.5767557208566991,-0.012991382333110604,-0.23616820669498598
36.29,-1.6093620480037694,-0.03090336986302137,-0.20353035086793483
36.300000000000004,-1.6430298924756956,-0.04862324539801857,-0.1670271422347822
36.31,-1.6777114500447645,-0.06612480894443873,-0.1267122788934691
36.32,-1.7133590097264766,-0.08338185485018576,-0.08263916138831635
36.33,-1.7499382883545234,-0.1003677681883526,-0.034820427278879455
36.34,-1.7874059672179308,-0.11705785599347812,0.016695382911869353
36.35,-1.825706838524097,-0.13342843545401115,0.07182030318807259
36.36,-1.8647856944804997,-0.14945582375843625,0.1304663675539813
36.37,-1.9045873272945897,-0.1651163380952259,0.19254561001381135
36.38,-1.9450598897801263,-0.18038560882740826,0.2579822949759511
36.39,-1.9861595371319358,-0.19523876651875072,0.32672480707717777
36.4,-2.0278278960415674,-0.20965534042230863,0.3986623595341886
36.410000000000004,-2.070005088518102,-0.22361523439140854,0.4736783939898953
36.42,-2.112631236570531,-0.2370983522793474,0.551656352087049
36.43,-2.1556476188505584,-0.25008386098439067,0.632485585997512
36.44,-2.1990046795007774,-0.26254620551452235,0.7160982657614832
36.45,-2.2426425501649625,-0.274468545533086,0.8023661567166771
36.46,-2.286498309119949,-0.28583620290182843,0.8911446421498677
36.47,-2.3305090346426653,-0.2966344994825221,0.9822891053480115
36.480000000000004,-2.37461180501004,-0.3068487571369378,1.075654929598072
36.49,-2.4187436984989077,-0.316464297726825,1.171097498186813
36.5,-2.462844606297897,-0.32546114258900666,1.2684982571825385
36.51,-2.5068583940155396,-0.3338179006899417,1.3677564448497987
36.52,-2.5507241798516205,-0.34152720989523,1.468711392723778
36.53,-2.5943809219892024,-0.3485820833086445,1.5712007188630315
36.54,-2.6377675786114416,-0.35497553403397486,1.675062041326329
36.550000000000004,-2.680823107901493,-0.3607005751750089,1.780132978172445
36.56,-2.7234864680424193,-0.3657502198355226,1.8862511474599286
36.57,-2.7656965619995066,-0.3701173562399809,1.9932544283122051
36.58,-2.8073868284384678,-0.37378035241951263,2.1010152930601382
36.59,-2.848498814378248,-0.3767287205501989,2.2093970166380044
36.6,-2.8889804072552256,-0.378964829685775,2.3182389019385816
36.61,-2.9287794945058674,-0.38049104887998275,2.427380251854878
36.62,-2.9678439635666103,-0.38130974718656174,2.5366603692798266
36.63,-3.006121701873918,-0.3814232936592512,2.645918557106436
36.64,-3.0435605968641735,-0.3808340573517906,2.7549941182274833
36.65,-3.080108535973841,-0.37954440731791966,2.863726355535978
36.660000000000004,-3.1157121936208494,-0.37755576114254163,2.9719544747304103
36.67,-3.1502911358486356,-0.37484731856290643,3.0795218277322993
36.68,-3.183794201055314,-0.37141875441540206,3.186290564391889
36.69,-3.2161865549917144,-0.3672821663990858,3.2921266845911115
36.7,-3.247433363408687,-0.36244965221301106,3.3968961882119744
36.71,-3.277499792057017,-0.35693330955624203,3.5004650751362614
36.72,-3.3063510066875557,-0.3507452361278327,3.60269934524598
36.730000000000004,-3.3339521730511508,-0.3438975296268352,3.7034649984231347
36.74,-3.3602684568985928,-0.33640228775231645,3.8026280345495147
36.75,-3.3852650239807303,-0.328271608203329,3.900054453507125
36.76,-3.408906974136522,-0.3195175579255303,3.9956101866532676
36.77,-3.431115555566543,-0.3101311600191738,4.08911964987255
36.78,-3.4518343043901982,-0.30011167397741645,4.180445535604761
36.79,-3.471051819164596,-0.2894788842982418,4.269500879799101
36.800000000000004,-3.4887566984468403,-0.27825257547963145,4.3561987184047615
36.81,-3.504937540793999,-0.2664525320195912,4.440452087370752
36.82,-3.5195829447631763,-0.2540985384161031,4.522174022646265
36.83,-3.532681508911465,-0.2412103791671569,4.601277560180433
36.84,-3.544221831795965,-0.2278078387707328,4.677675735922442
36.85,-3.554192511973751,-0.21391070172483967,4.751281585821314
36.86,-3.5625821480019253,-0.19953875252745795,4.822008145826235
36.87,-3.5693780596305325,-0.18471131831920878,4.889766739418509
36.88,-3.574525064570787,-0.1694316923893579,4.954415603501925
36.89,-3.578003224423922,-0.15371344610457335,5.0158708606375155
36.9,-3.5798189123704223,-0.13757916919743426,5.074085667758852
36.910000000000004,-3.5799785015907677,-0.12105145140051861,5.129013181799496
36.92,-3.578488365265437,-0.10415288244643973,5.180606559692892
36.93,-3.575354876574912,-0.08690605206777591,5.228818958372604
36.94,-3.570584408699673,-0.06933354999711693,5.273603534772155
36.95,-3.564181159959193,-0.05145744458473399,5.314909532776101
36.96,-3.556126214929192,-0.03329375888120226,5.352645754884877
36.97,-3.5464271209856952,-0.014863785896899677,5.386771055462449
36.980000000000004,-3.5351010275187527,0.0038090062374879843,5.417261852967769
36.99,-3.5221650839184386,0.022701149391235118,5.444094565859729
37.0,-3.507636428987363,0.04178917681220875,5.467245589699429
37.01,-3.4915191426495844,0.06105143929728632,5.486662888304948
37.02,-3.4738255442847494,0.08046565876396845,5.5023115300242775
37.03,-3.454582876190202,0.10000771909639217,5.51418868834809
37.04,-3.4338183806632476,0.11965350417873587,5.522291536767093
37.050000000000004,-3.4115593000011892,0.13937889789517818,5.526617248771981
37.06,-3.387823047089743,0.15916040003122298,5.5271391976689745
37.07,-3.362616725782861,0.17897542061974983,5.523804133979826
37.08,-3.3359785419740495,0.1987996840311617,5.51663246215576
37.09,-3.307948308745128,0.2186088207751736,5.505648435150029
37.1,-3.278565839177977,0.23837846136145838,5.490876305915906
37.11,-3.2478709463544173,0.2580842362997312,5.472340327406644
37.12,-3.2159034433562903,0.27770177609969304,5.4500647525755035
37.13,-3.1826939829335776,0.2972065906559268,5.42404849239968
37.14,-3.148245521352528,0.3165742058877194,5.3942123261035455
37.15,-3.1126052941153204,0.3357812495792415,5.360597473604493
37.160000000000004,-3.0758262149391857,0.3548044530717351,5.323260749380173
37.17,-3.037961197541433,0.3736205477064016,5.2822589679083185
37.18,-2.999063155639293,0.39220626482448295,5.237648943666584
37.19,-2.959185002950023,0.4105383357672078,5.189487491132648
37.2,-2.918379653190851,0.4285934918758173,5.137831424784153
37.21,-2.876700020079091,0.4463484644915142,5.0827375590988515
37.22,-2.834184351252457,0.46377775463224546,5.024212747275176
37.230000000000004,-2.7908420561320657,0.4808523403429366,4.962166595519481
37.24,-2.746732687962289,0.49755180024338513,4.896680651716248
37.25,-2.7019198200752563,0.5138563599333035,4.827850199545016
37.26,-2.656467025803128,0.5297462450123916,4.755770522685363
37.27,-2.6104378784780313,0.5452016810803609,4.6805369048168135
37.28,-2.563895951432192,0.5602028937368894,4.602244629619055
37.29,-2.5169048179977382,0.5747301085816884,4.520988980771615
37.300000000000004,-2.4695280515067957,0.5887635512144678,4.4368652419540116
37.31,-2.4218292252915923,0.6022834472349081,4.349968696845943
37.32,-2.3738686799489073,0.6152684913492921,4.260379488698214
37.33,-2.325668125384436,0.6276806001307794,4.168003633276363
37.34,-2.27728153670951,0.639500217769416,4.072912827167621
37.35,-2.228776671498088,0.650714701981002,3.9752450511043995
37.36,-2.1802212873240254,0.6613114104813629,3.875138285818908
37.37,-2.1316831417612123,0.6712777009863155,3.7727305120434216
37.38,-2.0832299923835036,0.6806009312116827,3.668159710510141
37.39,-2.0349295967648584,0.6892684588732685,3.5615638619514907
37.4,-1.9868497124791313,0.6972676416868964,3.4530809470996724
37.410000000000004,-1.9390580971001787,0.7045858373683881,3.342848946686884
37.42,-1.8916225082019584,0.7112104036335501,3.231005841445557
37.43,-1.8446103498873156,0.7171282008552299,3.1176868526951136
37.44,-1.798070149449652,0.722303638652889,3.0028969947019437
37.45,-1.7520542621766186,0.7267186101827756,2.8867216727692933
37.46,-1.7066243066779432,0.7303702119967757,2.7693276658231363
37.47,-1.661841901563255,0.733255540646785,2.650881752789198
37.480000000000004,-1.6177686654421852,0.7353716926846973,2.531550712593203
37.49,-1.5744662169244588,0.7367157646624016,2.411501324161128
37.5,-1.531996174619706,0.7372848531317925,2.2909003664186978
37.51,-1.4904201571375892,0.737076054644762,2.1699146182917204
37.52,-1.4497997830877423,0.7360864657532016,2.0487108587059177
37.53,-1.4101971803953355,0.7343109497244157,1.9274500082888382
37.54,-1.3716769552338872,0.7317201598484137,1.8062243999811454
37.550000000000004,-1.3342911487420486,0.7283113689043381,1.6851853513314556
37.56,-1.2980887819796565,0.7240917215016891,1.5645087919280636
37.57,-1.2631188760064678,0.7190683622499597,1.444370651359005
37.58,-1.2294304518822663,0.713248435758645,1.324946859212402
37.59,-1.1970725306668133,0.7066390866372354,1.2064133450762928
37.6,-1.1660941334199388,0.6992474594952353,1.088946038538968
37.61,-1.1365442812014028,0.6910806989421354,0.9727208691884648
37.62,-1.1085673198284844,0.6821374416427312,0.8579049745264089
37.63,-1.0823243154088238,0.6724105685038835,0.7446507011095705
37.64,-1.057699478229996,0.6619139986641056,0.6331245206007641
37.65,-1.0345688969169986,0.6506623166904459,0.523493469011699
37.660000000000004,-1.0128086600948323,0.6386701071499508,0.4159245823540906
37.67,-0.9922948563885443,0.6259519546096922,0.31058489663988254
37.68,-0.9728061625139502,0.6125228769126743,0.2076426135205714
37.69,-0.9539075558169059,0.5984048653595159,0.1072496623139127
37.7,-0.9356471594980789,0.5836255342901182,0.009527893417774491
37.71,-0.9181237507402086,0.5682126576982743,-0.08540265238488204
37.72,-0.9014361067259954,0.5521940095777457,-0.17742193431130515
37.730000000000004,-0.8856826605528928,0.5355973227722266,-0.2664090200696967
37.74,-0.8709519426659429,0.5184486428919087,-0.35221607410002137
37.75,-0.8573444509404938,0.5007740544982181,-0.434722818856376
37.76,-0.844967817773675,0.482600263382001,-0.513826887261428
37.77,-0.8339296755626084,0.46395397533408994,-0.5894259122378974
37.78,-0.8243374887737933,0.44486191245435025,-0.6614172233572881
37.79,-0.816280747994441,0.42535228844373757,-0.7296642521796203
37.800000000000004,-0.8098654870251047,0.4054508693090085,-0.7940555789017139
37.81,-0.8052145357933495,0.3851816174073309,-0.8545091534540347
37.82,-0.8024507242267254,0.36456849509583045,-0.9109429257671874
37.83,-0.801696882252788,0.3436354647316466,-0.9632748457717295
37.84,-0.8030758397990945,0.3224064886719038,-1.011422863398251
37.85,-0.8067053366316059,0.3009063634214936,-1.0552989957133407
37.86,-0.8126737683912582,0.2791642038578424,-1.0947759932857588
37.87,-0.8211182130400532,0.257200259625363,-1.129774183760857
37.88,-0.8321869031289537,0.23503287049521493,-1.1602260500572243
37.89,-0.8460280712088986,0.21268037623860497,-1.1860640750933875
37.9,-0.8627899498308488,0.19016111662669266,-1.2072207417879388
37.910000000000004,-0.8826207715457738,0.16749343143063727,-1.2236285330594578
37.92,-0.9057358024869037,0.14469550587567864,-1.235214681146773
37.93,-0.9326400295564286,0.12178476802861843,-1.2418733974567977
37.94,-0.9630190992925339,0.09878037336855199,-1.2435443661667098
37.95,-0.9963948359067782,0.07570184013103662,-1.2401783744044788
37.96,-1.0322890636106474,0.05256868655167886,-1.2317262092980834
37.97,-1.0702233217888262,0.029400496228487,-1.2181385351880014
37.980000000000004,-1.1097545353210394,0.006231433539289441,-1.1993611732381568
37.99,-1.1507389735964781,-0.016895702340845815,-1.1754005300035546
38.0,-1.1931293144537989,-0.03994388332322549,-1.1462900957761306
38.01,-1.2368782357316306,-0.06287608131913976,-1.1120633608478325
38.02,-1.2819384212060372,-0.08565526824208117,-1.0727537992980012
38.03,-1.3282795556945728,-0.10824477787755017,-1.0283506753350267
38.04,-1.3758615983936133,-0.13060931307774723,-0.9788783514951718
38.050000000000004,-1.4246246004381553,-0.1527139004060827,-0.9244176109508694
38.06,-1.4745086129630918,-0.17452356642591996,-0.8650492368746704
38.07,-1.525453687103418,-0.19600333770066958,-0.8008540124390109
38.08,-1.577413970074683,-0.217116473989109,-0.7318682628528638
38.09,-1.6303494092452673,-0.23782716511515062,-0.6581190144422323
38.1,-1.6841878050195218,-0.25810495592019944,-0.5797418784566302
38.11,-1.738856216680034,-0.27791950018249484,-0.49687489067528096
38.12,-1.7942817035093548,-0.2972404516802615,-0.4096560868774596
38.13,-1.8503913247900745,-0.316037464191737,-0.31822350284237405
38.14,-1.9071121565897742,-0.3342801875517635,-0.22271511630322732
38.15,-1.9643883263156618,-0.35193523724066234,-0.12321383608538111
38.160000000000004,-2.0221587749974415,-0.36897409748601806,-0.01983515198565791
38.17,-2.0803458968118718,-0.38537299622730425,0.08724478823662735
38.18,-2.1388720859358346,-0.4011081614040309,0.19784983682237883
38.19,-2.19765973654617,-0.4161558209556958,0.3118038460124286
38.2,-2.256633217381659,-0.43049093250443404,0.4289401770848202
38.21,-2.315724954832734,-0.44408564416939705,0.5491236383052662
38.22,-2.3748578855794826,-0.4569216796322033,0.6721625845292925
38.230000000000004,-2.4339533875468566,-0.46898198632052374,0.7978571794409816
38.24,-2.492932838659683,-0.4802495116620037,0.9260075867241467
38.25,-2.5517180530895653,-0.4907047831444926,1.0564227116709115
38.26,-2.6102336692028314,-0.5003213892605926,1.1889429325388705
38.27,-2.6684037204221682,-0.5090890816167547,1.3233596435560948
38.28,-2.7261519865848527,-0.5169998400384584,1.4594567930200726
38.29,-2.783402247528285,-0.524045644351202,1.5970183292285776
38.300000000000004,-2.840078283089865,-0.5302184743804814,1.7358282004793881
38.31,-2.8961038731068713,-0.5355103099517798,1.8756703550699858
38.32,-2.951397232234728,-0.5399023829459305,2.0163477866296913
38.33,-3.0058802378898535,-0.543377574001424,2.157676503423186
38.34,-3.0594870689632905,-0.5459389172080444,2.299447389194447
38.35,-3.1121519962675626,-0.5475896081898023,2.4414510884269087
38.36,-3.1638092906153084,-0.5483328425707138,2.583478245604309
38.37,-3.2143932228191283,-0.548171815974793,2.7253195052102837
38.38,-3.263838063691658,-0.547109724026053,2.8667655117285715
38.39,-3.3120780840454263,-0.5451497623485093,3.0076069096426075
38.4,-3.3590272880352954,-0.5422800199171108,3.1476298533835934
38.410000000000004,-3.4046017838460916,-0.5384880400922185,3.286640464657472
38.42,-3.4487559012352778,-0.5337884354345513,3.4244664412483408
38.43,-3.491444303866536,-0.5281960605638238,3.5609356179484815
38.44,-3.532621655403514,-0.5217257700997524,3.6958758295500753
38.45,-3.5722426195098884,-0.5143924186620483,3.8291149108453992
38.46,-3.6102618598492517,-0.5062108608704387,3.960480696626446
38.47,-3.646634040085282,-0.49719595134463523,4.089801021685493
38.480000000000004,-3.6813138238816507,-0.48736254470434737,4.216903720814813
38.49,-3.714244607083531,-0.47672057834638853,4.341603943158524
38.5,-3.745312114924485,-0.4652537175360558,4.463662591943984
38.51,-3.7744831661108047,-0.45297916721897896,4.5829497431521915
38.52,-3.801741327866863,-0.43992129124696583,4.699355779438067
38.53,-3.8270701674169723,-0.4261044534718526,4.812771083456283
38.54,-3.8504532519855066,-0.4115530177454477,4.923086037861765
38.550000000000004,-3.8718741487968327,-0.3962913479195576,5.030191025309427
38.56,-3.8913164250752725,-0.3803438078460215,5.133976428453956
38.57,-3.9087636480451957,-0.3637347613766463,5.23433262995027
38.58,-3.9241993849309544,-0.3464885723632495,5.3311500124532065
38.59,-3.93760720295691,-0.3286296046576357,5.424318958617672
38.6,-3.9489381291081007,-0.3101716004067528,5.5136850415209375
38.61,-3.9581225108751745,-0.29111929528574515,5.599077668379117
38.62,-3.965166449896819,-0.27150026846928477,5.680440843073867
38.63,-3.9700781827847367,-0.25134276889373974,5.757721657484967
38.64,-3.9728659461506206,-0.23067504549552137,5.830867203492034
38.65,-3.973537976606175,-0.2095253472109982,5.899824572974852
38.660000000000004,-3.972102510763097,-0.18792192297653718,5.96454085781319
38.67,-3.96856778523309,-0.16589302172855178,6.024963149886682
38.68,-3.9629420054184648,-0.14346688580261044,6.0810384845857355
38.69,-3.955198621186806,-0.12066397264538857,6.132651973153463
38.7,-3.94532624266785,-0.0975063088497461,6.179719877742098
38.71,-3.933349664436118,-0.07402318840971323,6.222224828757826
38.72,-3.919293681066114,-0.05024390531927089,6.260149456606931
38.730000000000004,-3.9031830871323336,-0.026197753572399174,6.2934763916956875
38.74,-3.88504267720931,-0.0019140271631295225,6.322188264430299
38.75,-3.864893272002887,0.022578428167034603,6.346259119241825
38.76,-3.84272581912356,0.047254540069013654,6.365597548809266
38.77,-3.818569396369754,0.07208570818444887,6.380192792064407
38.78,-3.792463782839335,0.09704220301445829,6.390057033962373
38.79,-3.7644487576301167,0.12209429506021274,6.395202459458324
38.800000000000004,-3.734564099839908,0.14721225482288347,6.395641253507403
38.81,-3.7028495885665826,0.17236635280358795,6.391385601064755
38.82,-3.669330594712613,0.19752745783443157,6.382412086451258
38.83,-3.6340188008117384,0.22266750805896238,6.368659952595512
38.84,-3.596966371514626,0.24775723150838716,6.350165158667549
38.85,-3.558227233754946,0.27276729332482197,6.3269679458653
38.86,-3.5178553144662925,0.29766835865043645,6.299108555386658
38.87,-3.4759045405822824,0.32243109262738223,6.26662722842953
38.88,-3.4324288390365036,0.3470261603978285,6.229564206191792
38.89,-3.3874702186730716,0.37142353613762896,6.1879252606629915
38.9,-3.3410398033500943,0.3955917091337165,6.141623272119641
38.910000000000004,-3.2932007443719193,0.41950257752833253,6.0907170137817985
38.92,-3.2440219375179757,0.443128391738557,6.0352816485097245
38.93,-3.1935722785675913,0.466441402181521,5.975392339163571
38.94,-3.1419206633001258,0.48941385927433856,5.911124248603527
38.95,-3.0891359874949034,0.5120180134341394,5.842552539689728
38.96,-3.0352871469313585,0.5342261150780054,5.76975237528246
38.97,-2.9804430373888158,0.556010414623067,5.692798918241862
38.980000000000004,-2.924657833610045,0.5773401179023429,5.611713813559585
38.99,-2.8679476676253395,0.5981773310885187,5.526380822060649
39.0,-2.810387178842987,0.6184972216649701,5.436896930271217
39.01,-2.752057216561693,0.638276285906626,5.343381724828904
39.02,-2.6930386300801197,0.6574910200884281,5.245954792371254
39.03,-2.633412268697055,0.6761179204852775,5.144735719536021
39.04,-2.573258981711163,0.6941334833721168,5.0398440929607515
39.050000000000004,-2.512659618421105,0.7115142050238865,4.931399499282983
39.06,-2.451695028125672,0.7282365817154903,4.819521525140484
39.07,-2.3904460601235256,0.7442771097218694,4.704329757170795
39.08,-2.3289914772280307,0.7596111106155342,4.585933227498853
39.09,-2.2673663289395973,0.774190947882041,4.464228610733612
39.1,-2.2056358081796636,0.7879900762294215,4.339286918233274
39.11,-2.1438848469220155,0.8009936657346228,4.211282205800388
39.12,-2.0821983771404837,0.8131868864745816,4.0803885292375925
39.13,-2.020661330808856,0.824554908526242,3.946779944347428
39.14,-1.9593586399010496,0.8350829019665247,3.8106305069327204
39.15,-1.898375236390852,0.8447560368723743,3.6721142727960125
39.160000000000004,-1.8377960522520504,0.8535594833207335,3.5314052977398402
39.17,-1.777706019458562,0.8614784113885262,3.388677637567041
39.18,-1.718190069984174,0.8684979911526955,3.2441053480801516
39.19,-1.6593315360788958,0.8746010455619706,3.0978499966914104
39.2,-1.6011904479897696,0.8797429249410987,2.9499201591666404
39.21,-1.5438370396506986,0.883908612660944,2.8004671964709624
39.22,-1.487348230584276,0.8870946933285604,2.649702377227529
39.230000000000004,-1.4318009403130976,0.889297751550999,2.4978369700594882
39.24,-1.377272088359877,0.8905143719353069,2.345082243590311
39.25,-1.323838594247209,0.8907411390885358,2.191649466443147
39.26,-1.2715773774977288,0.8899746376177358,2.0377499072412526
39.27,-1.220565357634035,0.8882114521299552,1.8835948346077747
39.28,-1.1709129736000712,0.8854469184912893,1.729391328617615
39.29,-1.123047409384973,0.8816613199648609,1.5752912384757205
39.300000000000004,-1.0767549726405776,0.8768516281899968,1.4214919133634079
39.31,-1.0316205546362176,0.8710214249839057,1.2682115720716358
39.32,-0.9872290466411264,0.8641742921637857,1.1156684333910345
39.33,-0.9428723797058207,0.8563168355230474,0.9640766394414491
39.34,-0.8974805924694127,0.8474767801450515,0.8136047645439903
39.35,-0.8510344005133981,0.8376895092937504,0.6643928612310691
39.36,-0.8035803182471521,0.8269903065423446,0.5165805465107958
39.37,-0.7551649302907725,0.815414415553326,0.370307748957031
39.38,-0.7058484841296064,0.8029887028241883,0.22577668564411565
39.39,-0.6556791603376103,0.789744766883664,0.08314180348710049
39.4,-0.6046910276001027,0.7757217671332145,-0.057503821401654165
39.410000000000004,-0.5529181546024,0.7609588629742992,-0.19606711290978263
39.42,-0.500394610029929,0.745495213808409,-0.33245499492462427
39.43,-0.447154462568007,0.729369979037004,-0.4665743913338145
39.44,-0.39323178090198724,0.7126223180615541,-0.5983322260248901
39.45,-0.3386682210660685,0.6952887762672548,-0.7276083409434871
39.46,-0.28352115514990467,0.6773975119044031,-0.8542152540087526
39.47,-0.22780769523486694,0.6589866757044394,-0.9780945376547809
39.480000000000004,-0.17154072464810946,0.6400956786992124,-1.0992021156483218
39.49,-0.11473312671690661,0.6207639319206111,-1.2174939117558683
39.5,-0.057397784768413174,0.6010308464004845,-1.3329258497441718
39.51,0.0004524178701766912,0.5809358331706951,-1.445453853379898
39.52,0.05879927259890476,0.5605180521237091,-1.5550213753465871
39.53,0.11756091766728782,0.539812790856932,-1.6614167571663612
39.54,0.17673105701207126,0.5188569684015593,-1.7645918883239673
39.550000000000004,0.23633268798012894,0.4976886435150533,-1.8645655809625765
39.56,0.29638880791820743,0.4763458749549223,-1.961356647225148
39.57,0.3569224141731802,0.4548667214786291,-2.054983899254856
39.58,0.4179565040918787,0.4332892418436514,-2.1454661491948013
39.59,0.4795140750211779,0.4116514948074518,-2.2328222091881464
39.6,0.541618124307822,0.3899915391275388,-2.3170708913778686
39.61,0.6042916492986856,0.368347433561375,-2.3982310079071327
39.62,0.6675354604336692,0.3467561654988543,-2.4762632887690437
39.63,0.7313528130423558,0.325252563332875,-2.5511048698045506
39.64,0.7957970897388664,0.30387220445620433,-2.622802094289155
39.65,0.8609223975910362,0.2826506877293996,-2.6914030239909597
39.660000000000004,0.9267824758287225,0.26162361647990473,-2.7569557152283903
39.67,0.9924335244410354,0.2408312738170996,-2.8194867644875146
39.68,1.0565620728647047,0.2202899027343578,-2.878991652246236
39.69,1.1185632133114582,0.2000003017624708,-2.93547020958205
39.7,1.1778320379930651,0.1799632694322159,-2.988922267572486
39.71,1.2337761512680308,0.1601794057528561,-3.039347020303412
39.72,1.2864285426857396,0.14064206693721298,-3.0867190571779433
39.730000000000004,1.3360387403275764,0.12134867784039552,-3.131022207927159
39.74,1.382688525953329,0.10230059354811288,-3.1722522682018086
39.75,1.4264596813228918,0.08349916914603317,-3.2104050336527377
39.76,1.4674352866473568,0.06494525679244136,-3.2454753629698163
39.77,1.5057313000768557,0.0466272039219332,-3.2774385742118004
39.78,1.5414348824442516,0.028545119862226076,-3.3063018310314085
39.79,1.5746146276255661,0.010706401212791157,-3.332087438117822
39.800000000000004,1.6053391294968131,-0.006881555426899624,-3.3548177001602126
39.81,1.6336769819339423,-0.024211353457337034,-3.3745149218477053
39.82,1.6596967788129697,-0.04127559627904931,-3.3912014078694743
39.83,1.6834671140098887,-0.05806688729255223,-3.4048994629146767
39.84,1.7050565814007068,-0.07457782989837304,-3.4156313916724765
39.85,1.7245364978995086,-0.0908019949490518,-3.423417159830911
39.86,1.7420149269167435,-0.10674604447245528,-3.428252292595284
39.87,1.7575698446282415,-0.12240603047210556,-3.430174006987143
39.88,1.7712651849263368,-0.13777302592726934,-3.4292335706393695
39.89,1.7831648817033348,-0.15283810381718063,-3.425482251184848
39.9,1.7933328688515704,-0.16759233712110633,-3.4189713162564632
39.910000000000004,1.8018330802633742,-0.18202679881831235,-3.4097520334870914
39.92,1.808729449831059,-0.19613256188803413,-3.3978756705096282
39.93,1.8140859114469563,-0.20990069930953784,-3.3833934949569526
39.94,1.8179752653448233,-0.22332432942793684,-3.366335846687157
39.95,1.8204867241171208,-0.2364012653408139,-3.346700504030399
39.96,1.8216811974436384,-0.24912378434913415,-3.3245588043227903
39.97,1.8216175136355464,-0.2614837169755603,-3.2999872245663693
39.980000000000004,1.8203545010040114,-0.27347289374275374,-3.2730622417631654
39.99,1.8179509878602036,-0.28508314517335076,-3.2438603329152684
40.0,1.81446580251529,-0.29630630179001316,-3.2124579750247095
40.01,1.8099577732804386,-0.3071341941153942,-3.17893164509354
40.02,1.8044857284668134,-0.3175586526721542,-3.1433578201237835
40.03,1.79810849638559,-0.32757150798293166,-3.105812977117542
40.04,1.7908884979794666,-0.33716436567964503,-3.066362628807377
40.050000000000004,1.782910498808871,-0.3463286130950564,-3.0250039779651217
40.06,1.774233345453539,-0.3550593292580731,-2.981813123919551
40.07,1.764909576542873,-0.36335216948241494,-2.9368853991155772
40.08,1.7549917307062808,-0.37120278908179505,-2.890316135998141
40.09,1.7445323465731626,-0.3786068433699317,-2.842200667012149
40.1,1.733583962772941,-0.38555998766052757,-2.7926343246026106
40.11,1.722199117935017,-0.3920578772673012,-2.7417124412144327
40.12,1.710430350688798,-0.3980961675039657,-2.689530349292556
40.13,1.6983301996636833,-0.4036705136842381,-2.636183381281884
40.14,1.6859512034890978,-0.4087765711218236,-2.581766869627433
40.15,1.6733513189610116,-0.41340788622886554,-2.526363136403635
40.160000000000004,1.6606104690767076,-0.4175502514008828,-2.4699958830547137
40.17,1.6477766593550554,-0.4212030950496475,-2.412756500572623
40.18,1.6348925287598084,-0.4243680178646763,-2.3547486503140798
40.19,1.6220007162547305,-0.4270466205354829,-2.296075993635842
40.2,1.609143860803575,-0.4292405037515824,-2.2368421918946253
40.21,1.5963646013701238,-0.43095126820248525,-2.1771509064472703
40.22,1.5837055769181307,-0.43218051457770684,-2.1171057986504938
40.230000000000004,1.57120942641135,-0.4329298435667612,-2.0568105298610093
40.24,1.5589187888135625,-0.4332008558591609,-1.9963687614356607
40.25,1.5468763030885224,-0.43299515214442036,-1.9358841547311627
40.26,1.5351282191460047,-0.4323125344224813,-1.8754570726482023
40.27,1.5237512178442048,-0.43113756174563816,-1.8151542017853475
40.28,1.5127853411219234,-0.429472876228538,-1.7550640581876866
40.29,1.5022593844547156,-0.42732670431567715,-1.695284196544519
40.300000000000004,1.4922021433181378,-0.42470727245155043,-1.6359121715451437
40.31,1.4826424131877673,-0.4216228070806583,-1.5770455378789872
40.32,1.4736089895391602,-0.41808153464749603,-1.5187818502353483
40.33,1.4651306678478797,-0.4140916815965604,-1.461218663303569
40.34,1.4572362435894834,-0.409661474372345,-1.4044535317729507
40.35,1.449954512239546,-0.40479913941935297,-1.3485840103329156
40.36,1.4433142692736247,-0.39951290318207816,-1.2937076536727652
40.37,1.4373539204858574,-0.39380663089907153,-1.239924835203795
40.38,1.4321411492620393,-0.3876702481266909,-1.1873380536888885
40.39,1.4276949547003581,-0.3811148710143947,-1.136026602572711
40.4,1.4240279664351787,-0.37415445473610665,-1.086067398125906
40.410000000000004,1.4211528141008676,-0.36680295446574945,-1.03753735661912
40.42,1.4190821273317975,-0.3590743253772615,-0.9905133943231033
40.43,1.4178285357623346,-0.35098252264456575,-0.9450724275085018
40.44,1.4174046690268474,-0.3425415014415901,-0.9012913724459968
40.45,1.417823156759705,-0.33376521694225625,-0.8592471454062399
40.46,1.4190966285952757,-0.3246676243205046,-0.8190166626599718
40.47,1.4212431715520912,-0.31526073364905377,-0.7806830943553368
40.480000000000004,1.4243190454319066,-0.30554230732769033,-0.7443691741894536
40.49,1.4283331634392273,-0.29552579100540194,-0.7101356214370343
40.5,1.4332818247492956,-0.28522901169641623,-0.6780279552010151
40.51,1.4391613285373523,-0.2746697964149679,-0.6480916945843587
40.52,1.4459679739786435,-0.2638659721752838,-0.6203723586900086
40.53,1.4536980602483998,-0.2528353659916137,-0.5949154666209671
40.54,1.4623478865218664,-0.2415958048781847,-0.5717665374801763
40.550000000000004,1.4719137519742913,-0.23016511584922317,-0.5509710903705848
40.56,1.4823919557809013,-0.21856112591897991,-0.532574644395185
40.57,1.4938041438316807,-0.20679523102174152,-0.5166663365125205
40.58,1.5061749476818793,-0.19487679434760208,-0.5033332387786921
40.59,1.5194860482726742,-0.18282522960842906,-0.49258372707839454
40.6,1.533718766228785,-0.1706600381814577,-0.4844255360328298
40.61,1.5488544221749603,-0.1584007214438977,-0.4788664002631757
40.62,1.564874336735939,-0.1460667807729672,-0.47591405439061873
40.63,1.5817598305364722,-0.13367771754587549,-0.4755762330363461
40.64,1.599492224201275,-0.12125303313985844,-0.47786067082154476
40.65,1.6180528383550983,-0.10881222893212537,-0.48277510236740007
40.660000000000004,1.637436182349046,-0.0963725385701848,-0.490354546052313
40.67,1.6576483939626068,-0.08394795501155798,-0.5006517138080399
40.68,1.6786625660406114,-0.07155704684620698,-0.5136452864103046
40.69,1.700450580125207,-0.05921857069966023,-0.5293113350377516
40.7,1.7229843177585575,-0.04695128319743742,-0.5476259308690392
40.71,1.7462356604827791,-0.03477394096508439,-0.5685651450827859
40.72,1.7701764898400347,-0.022705300628120803,-0.5921050488576481
40.730000000000004,1.7947879033036929,-0.010763805509007948,-0.6182457661119091
40.74,1.8200537958389502,0.0010332297230248796,-0.6469897688063473
40.75,1.8459400041571215,0.012668635891294251,-0.678288759192121
40.76,1.8724120848921326,0.024125240466090686,-0.712093678982532
40.77,1.8994355946779289,0.03538587091771263,-0.7483554698909086
40.78,1.9269760901483979,0.0464333547164346,-0.7870250736305012
40.79,1.9550066699580826,0.05724966195561309,-0.8280770902857352
40.800000000000004,1.9834987471718446,0.06781807915849875,-0.8714760735329906
40.81,2.012413598931214,0.07812366636103278,-0.9171521534612838
40.82,2.0417124920920844,0.08815148510865264,-0.9650354264554607
40.83,2.071356693510329,0.09788659694678818,-1.015055988900337
40.84,2.10130922648584,0.10731328089206865,-1.067151436875768
40.85,2.131542017268733,0.11641258265373242,-1.1212947743846549
40.86,2.1620151665142173,0.12517202525167265,-1.1774042154101123
40.87,2.192686360656087,0.13358030293126505,-1.2353873256619523
40.88,2.2235132861281577,0.14162610993789088,-1.29515167085003
40.89,2.2544536293641797,0.14929814051691437,-1.3566048166840716
40.9,2.285465076797969,0.15658508891371709,-1.4196543288739314
40.910000000000004,2.3165056379057227,0.16347526919741645,-1.484209906018991
40.92,2.347541416805545,0.1699489464227176,-1.5502301777049108
40.93,2.3785339974813393,0.17599551691373502,-1.6176322822228801
40.94,2.4094413141144364,0.18160925443199194,-1.6863074812707746
40.95,2.440221300886188,0.18678443273901507,-1.7561470365465195
40.96,2.470831891977881,0.19151532559632034,-1.827042209747891
40.97,2.501231021570866,0.19579620676543477,-1.8988842625728142
40.980000000000004,2.5313766238464965,0.19962135000788417,-1.9715644567192165
40.99,2.561226632986058,0.20298502908518626,-2.0449740538848697
41.0,2.5907382072501335,0.20587690798416702,-2.119017239680125
41.01,2.61986915562616,0.20827754138448246,-2.1936316327431484
41.02,2.6485831331725693,0.21018662959820397,-2.2687106579393044
41.03,2.6768441953371225,0.21160559316041436,-2.3441433179759814
41.04,2.704616397567642,0.21253585260620064,-2.4198186155607284
41.050000000000004,2.7318637953119485,0.21297882847064842,-2.4956255534010947
41.06,2.7585504440178044,0.21293594128884255,-2.571453134204469
41.07,2.7846403991330315,0.21240861159586902,-2.647190360678399
41.08,2.8100977161054317,0.2113982599268133,-2.722726235530381
41.09,2.834886450382824,0.20990630681675965,-2.7979497614679643
41.1,2.858962481612429,0.20792646632394746,-2.8727533206843665
41.11,2.8822714092748964,0.20544048174357318,-2.947044396590867
41.12,2.9047885707392695,0.20245568162731242,-3.0207298165818437
41.13,2.9264912038826703,0.1989811078374662,-3.093715994083057
41.14,2.947356546582176,0.19502580223634314,-3.165909342520113
41.15,2.9673618367149093,0.19059880668624457,-3.2372162753187714
41.160000000000004,2.9864843121579914,0.18570916304947052,-3.307543205904792
41.17,3.004701210788502,0.18036591318833164,-3.3767965477037833
41.18,3.0219897704835628,0.17457809896512824,-3.444882714141504
41.19,3.038327229120281,0.168354762242164,-3.5117081186436643
41.2,3.0536908245757752,0.16170494488173773,-3.5771791746360186
41.21,3.068054861923556,0.15463590056126553,-3.6412006508683
41.22,3.0813702892692487,0.14713932979170205,-3.7036706129049395
41.230000000000004,3.0936192691563846,0.13922338223305003,-3.7645172207498994
41.24,3.1047930577952845,0.130901480453807,-3.8236750582194103
41.25,3.1148829113962937,0.12218704702245375,-3.8810787091298318
41.26,3.1238800861697498,0.11309350450747654,-3.936662757297481
41.27,3.1317758383259937,0.10363427547735476,-3.9903617865387107
41.28,3.1385614240753523,0.09382278250058819,-4.0421103806697625
41.29,3.1442280996281684,0.08367244814565646,-4.09184312350699
41.300000000000004,3.14875929360024,0.07319369149365716,-4.139483982192308
41.31,3.1521268959538267,0.06239163627352111,-4.18494510045022
41.32,3.1543308004690953,0.05128120494604205,-4.228180776962074
41.33,3.1553728217309316,0.03987802540723227,-4.269148054890802
41.34,3.155254774324221,0.028197725553095708,-4.30780397739936
41.35,3.15397847283385,0.01625593327966124,-4.344105587650625
41.36,3.151545731844703,0.004068276482933009,-4.378009928807554
41.37,3.1479440482087693,-0.008353248430719913,-4.4094477743028575
41.38,3.143166641769602,-0.020995855166523813,-4.438362238711206
41.39,3.1372253462438477,-0.033842381885312904,-4.464731550230505
41.4,3.1301319989206617,-0.046875665878356544,-4.4885339437150815
41.410000000000004,3.1218984370891945,-0.060078544436924605,-4.509747654019256
41.42,3.1125364980386157,-0.07343385485225874,-4.5283509159973026
41.43,3.102056686889892,-0.0869246630656822,-4.5443191253272825
41.44,3.090451197538926,-0.10053742424301369,-4.557588905357913
41.45,3.077732500093811,-0.11425567963475655,-4.568140675430713
41.46,3.06392176062293,-0.12806155225960475,-4.5759734645507955
41.47,3.04904014519464,-0.1419371651362815,-4.581086301723294
41.480000000000004,3.033108819877294,-0.15586464128351013,-4.583478215953337
41.49,3.0161489507392805,-0.16982610371998436,-4.583148236246049
41.5,2.9981739660046975,-0.18380428328525325,-4.5800762206608026
41.51,2.9791803832360815,-0.19778358718894937,-4.574199929260683
41.52,2.9591968718739694,-0.21174632292317785,-4.565536534381237
41.53,2.938255184504697,-0.22567457456554155,-4.55411083619009
41.54,2.916387073714558,-0.239550426193673,-4.539947634854848
41.550000000000004,2.893624292089842,-0.2533559618852046,-4.523071730543113
41.56,2.86999859221689,-0.2670732657177394,-4.50350792342252
41.57,2.845541726681992,-0.2806844217689099,-4.481281013660669
41.58,2.8202843006223057,-0.2941714801831504,-4.4564124470496616
41.59,2.794225508953878,-0.30751588542658104,-4.428832135949862
41.6,2.76738941075676,-0.3207006823086407,-4.398543452677669
41.61,2.7398175020033793,-0.33370956960249815,-4.3656008670943125
41.62,2.711551278666184,-0.34652624608131255,-4.330058849061041
41.63,2.682632236717599,-0.35913441051825196,-4.291971868439075
41.64,2.653101872130114,-0.3715177616864577,-4.251394395089717
41.65,2.6230016808761545,-0.38365999835909803,-4.20838089887419
41.660000000000004,2.5923731589281456,-0.39554481930934043,-4.162985849653709
41.67,2.561257802258578,-0.40715592331032724,-4.115263717289587
41.68,2.5296946153128657,-0.4184764265653566,-4.065259613242011
41.69,2.497689081612793,-0.42948236268736983,-4.01289517586151
41.7,2.4652756660265602,-0.4401582282733348,-3.958206336331973
41.71,2.432502078185565,-0.4504918295547611,-3.9012794600876846
41.72,2.3994160277211347,-0.46047097276318133,-3.8422009125628116
41.730000000000004,2.3660652242645965,-0.4700834641301271,-3.781057059191515
41.74,2.332497377447349,-0.4793171098871097,-3.717934265408088
41.75,2.298760196900719,-0.48815971626566085,-3.6529188966466926
41.76,2.264901392256057,-0.49659908949730547,-3.586097318341535
41.77,2.2309686731446905,-0.504623035813574,-3.5175558959267708
41.78,2.1970097491980183,-0.51221936144598,-3.447380994836703
41.79,2.1630719534600797,-0.5193755687793915,-3.375656768643982
41.800000000000004,2.129180456224334,-0.5260629733644965,-3.302344223168273
41.81,2.0953691949077577,-0.5322650824082682,-3.2274770650359828
41.82,2.0616851252395394,-0.5379768522860905,-3.151169380784583
41.83,2.028175202948892,-0.5431932393733427,-3.073535256951596
41.84,1.9948863837650044,-0.547909200045407,-2.994688780074489
41.85,1.961865623417137,-0.5521196906776559,-2.914744036690896
41.86,1.9291598776344787,-0.5558196676454719,-2.833815113338285
41.87,1.8968161021462426,-0.5590040873242341,-2.7520160965541782
41.88,1.8648812526816188,-0.5616679060893236,-2.66946107287604
41.89,1.8334022849698655,-0.5638060803161155,-2.5862641288415107
41.9,1.8024261547401728,-0.5654135663799909,-2.5025393509880542
41.910000000000004,1.77199969780467,-0.5664830516269569,-2.4183926051229143
41.92,1.7421654615871915,-0.5669824233471388,-2.333833440163763
41.93,1.7129610367975618,-0.566905871690827,-2.248952919114616
41.94,1.6844237868973118,-0.5662574764583312,-2.1638763069672264
41.95,1.6565910753479534,-0.5650413174499607,-2.078728868713287
41.96,1.6295002656110575,-0.5632614744660271,-1.9936358693446716
41.97,1.603188721148136,-0.5609220273068397,-1.908722573853073
41.980000000000004,1.5776938054207017,-0.5580270557727064,-1.8241142472301848
41.99,1.5530528818903229,-0.5545806396639411,-1.7399361544678797
42.0,1.5293033140185122,-0.5505868587808522,-1.6563135605578512
42.01,1.5064824652668014,-0.5460497929237497,-1.5733717304918517
42.02,1.4846276990967062,-0.5409735218929397,-1.4912359292615767
42.03,1.463785537341502,-0.5353466105181477,-1.41000745019035
42.04,1.4439957457804333,-0.5291585083060455,-1.3297747815245888
42.050000000000004,1.425281303355549,-0.5224208643459152,-1.25065233937906
42.06,1.4076651455245195,-0.5151453918272342,-1.1727546260709227
42.07,1.3911702077449761,-0.5073438039394657,-1.0961961439171664
42.08,1.3758194254745626,-0.49902781387207745,-1.021091395234838
42.09,1.3616357341709142,-0.49020913481453104,-0.9475548823409318
42.1,1.348642069291695,-0.4808994799563068,-0.8757011075525992
42.11,1.336861366294539,-0.47111056248686634,-0.8056445731868342
42.12,1.3263312581456095,-0.4608438004208174,-0.7375090224606169
42.13,1.3170886130444162,-0.4500984601443241,-0.6714103967312287
42.14,1.3091417949765285,-0.4388919261971432,-0.6074416805884018
42.15,1.3024988778536342,-0.4272417759956215,-0.5456956481491313
42.160000000000004,1.2971679355874253,-0.41516558695610495,-0.4862650735304188
42.17,1.293157042089604,-0.40268093649496506,-0.4292427308493919
42.18,1.2904742712718607,-0.3898054020285478,-0.3747213942230504
42.19,1.2891276970458907,-0.37655656097320767,-0.3227938377684372
42.2,1.2891410841172324,-0.36294448374671173,-0.27357419419544926
42.21,1.2905353077605615,-0.34897893050254297,-0.22716700690610586
42.22,1.2933049136649508,-0.33468120136342705,-0.18363744701100315
42.230000000000004,1.2974443173733936,-0.3200726558451233,-0.14305049886256987
42.24,1.302947934428874,-0.3051746534634223,-0.1054711468133202
42.25,1.3098101803743838,-0.29000855373408374,-0.07096437521568091
42.26,1.318026064837463,-0.2745955185643564,-0.03959626636132811
42.27,1.3276075909087932,-0.25895065922155974,-0.011462616753568543
42.28,1.3385494043934676,-0.24309377029503548,0.013377487533341448
42.29,1.3508351051260699,-0.22704814130292614,0.03488613635480749
42.300000000000004,1.3644482929411883,-0.2108370617633736,0.05302541956622575
42.31,1.379372567673381,-0.19448382119455443,0.06775742702295488
42.32,1.3955993647125873,-0.17800989170338294,0.07902719750581544
42.33,1.413120322219579,-0.1614360187297181,0.08678289538393197
42.34,1.4319100374068825,-0.14478639965137655,0.09101239538710501
42.35,1.4519428518948507,-0.12808528701008745,0.0917041500615399
42.36,1.4731931302955596,-0.11135693060190748,0.08884655212208924
42.37,1.4956472798005784,-0.09462397056950637,0.08239766909072026
42.38,1.5192831178704487,-0.0779094419020227,0.07234164831096526
42.39,1.5440652431438864,-0.061237813392019405,0.05869789165110239
42.4,1.569958254259658,-0.04463355383202383,0.04148580097938966
42.410000000000004,1.5969267498565325,-0.02812113201456351,0.020724778164074975
42.42,1.6249395896497547,-0.011724807210904376,-0.003577713787396587
42.43,1.6539757128903168,0.004532297238659864,-0.03143893097646114
42.44,1.6839935973425757,0.02062688130839707,-0.06281423724415978
42.45,1.7149495094674232,0.036535577660102375,-0.09765257287390534
42.46,1.746799715725684,0.05223501895553698,-0.135902878149035
42.47,1.7795007001526975,0.06770182264922806,-0.17751479147974714
42.480000000000004,1.8130200785598773,0.0829122138255804,-0.22247174946204867
42.49,1.8473162178098597,0.09784422498253886,-0.2707217318865231
42.5,1.882339375605007,0.11247666910671508,-0.32218563491820806
42.51,1.918039809647658,0.1267883591847098,-0.37678435472211025
42.52,1.954367813746738,0.140758097302106,-0.4344389322291125
42.53,1.9912836810987193,0.1543620453372922,-0.4951088624221158
42.54,2.0287418468864566,0.16757947874997647,-0.5587243378348028
42.550000000000004,2.0666871998690564,0.18039285261727478,-0.6251759895067815
42.56,2.105064628805543,0.19278462201627583,-0.694354448477517
42.57,2.143819022455022,0.20473724202409588,-0.7661503457866154
42.58,2.182895269576573,0.21623316771784185,-0.8404543124736362
42.59,2.222242794155246,0.2272519878488151,-0.9171799171104837
42.6,2.2618175616011658,0.237771386610586,-0.9962661434778922
42.61,2.3015631213130394,0.24777910588021523,-1.0775815764781982
42.62,2.3414223432879067,0.25726337369639846,-1.1609911695880364
42.63,2.381338097522836,0.2662124180978375,-1.2463598762841026
42.64,2.42125325401481,0.2746144671232154,-1.3335526500429102
42.65,2.4611106827608973,0.28245774881123425,-1.422434444341154
42.660000000000004,2.500853631359359,0.28972918749256765,-1.5128756865757704
42.67,2.5404302385989426,0.29640486647057396,-1.6047983994220596
42.68,2.5797877349614797,0.302476187177559,-1.698072532171164
42.69,2.618872410577725,0.3079391240912437,-1.792550166173689
42.7,2.65763055557846,0.3127896516893523,-1.888083382780308
42.71,2.6960084600943843,0.317023744449599,-1.9845242633414912
42.72,2.73395241425628,0.3206373768497084,-2.081724889207912
42.730000000000004,2.7714087081949272,0.32362652336740333,-2.179537341730245
42.74,2.8083236320410285,0.3259871584804006,-2.2778137022589564
42.75,2.844635559320875,0.3277020856203958,-2.3764292276127144
42.76,2.880288737929516,0.32875826669434643,-2.475266912870407
42.77,2.915240092230869,0.32916068423661576,-2.574186274904539
42.78,2.949446556115203,0.32891433527856856,-2.6730468087049184
42.79,2.9828650634728597,0.3280242168515708,-2.7717080092615625
42.800000000000004,3.0154525481941814,0.3264953259869866,-2.8700293715644896
42.81,3.0471659441694383,0.3243326597161835,-2.9678703906035073
42.82,3.077962185288972,0.3215412150705261,-3.065090561368634
42.83,3.1077982054431006,0.3181259890813797,-3.1615493788498172
42.84,3.1366268464877423,0.31408922105299986,-3.2571046871911733
42.85,3.164368834850763,0.309410355334418,-3.3516088133709148
42.86,3.190987278627486,0.3040951473369278,-3.4449457243532837
42.87,3.2164575201585266,0.29815736319026914,-3.5370058360657937
42.88,3.2407549017845163,0.2916107690241775,-3.6276795644360225
42.89,3.263854765846036,0.28446913096840226,-3.716857325391354
42.9,3.2857324546837186,0.27674621515267916,-3.8044295348593673
42.910000000000004,3.3063633106381936,0.2684557877067422,-3.890286608767635
42.92,3.325722676050046,0.25961161476034345,-3.97431896304355
42.93,3.343785893259907,0.2502274624432172,-4.056417013614686
42.94,3.3605283046083914,0.24031709688510372,-4.136471176408557
42.95,3.375914229168278,0.22988911317543592,-4.214361215084746
42.96,3.389879160778671,0.2189369869635171,-4.289948097570449
42.97,3.402411070244378,0.20747670692617448,-4.363155434825604
42.980000000000004,3.4135039624184027,0.1955269834912761,-4.433913285990688
42.99,3.423151842153726,0.1831065270867156,-4.502151710206027
43.0,3.4313487143033528,0.17023404814036136,-4.5678007666121
43.01,3.4380885837202797,0.15692825708009006,-4.630790514349335
43.02,3.4433654552575064,0.14320786433376848,-4.6910510125582014
43.03,3.447173333768022,0.12909158032929285,-4.7485123203790405
43.04,3.44949658500079,0.11459505857563701,-4.80308985116479
43.050000000000004,3.450297830780551,0.09972608166702152,-4.854669980003994
43.06,3.4495809955982435,0.08450431943933942,-4.903206806708212
43.07,3.4473541105223915,0.0689506888467748,-4.9486608972271595
43.08,3.443625206621518,0.05308610684352211,-4.99099281751051
43.09,3.438402314964142,0.036931490383764254,-5.030163133507968
43.1,3.4316934666187944,0.020507756421718745,-5.066132411169153
43.11,3.4234990996636334,0.003834308254518389,-5.098846375309542
43.12,3.4138000454581325,-0.013073884161334252,-5.128213243412068
43.13,3.402613220032989,-0.03019534654067218,-5.154212834583873
43.14,3.389959650458227,-0.047507820491275506,-5.176833058364694
43.15,3.375860363803847,-0.06498904762096079,-5.196061824294321
43.160000000000004,3.360336387139846,-0.0826167695375451,-5.211887041912538
43.17,3.3434087475362544,-0.10036872784880776,-5.2242966207590955
43.18,3.3250922400525487,-0.11822346707524105,-5.233264504899351
43.19,3.305382674425502,-0.13616244368029953,-5.238721800770738
43.2,3.2843079600065463,-0.15416362486102386,-5.240671141324318
43.21,3.2619002273270317,-0.1722044711396808,-5.239124595495481
43.22,3.2381916069182637,-0.19026244303857534,-5.234094232219614
43.230000000000004,3.213214229311544,-0.20831500108001264,-5.2255921204321005
43.24,3.1870002250382288,-0.22633960578625933,-5.213630329068338
43.25,3.159563011750417,-0.2443142232287855,-5.198171769613089
43.26,3.1309134394517826,-0.26221738624576185,-5.179170967215888
43.27,3.1010957881277084,-0.28002706456832355,-5.156669143241267
43.28,3.0701546764425496,-0.29772122060445333,-5.130708402712489
43.29,3.0381347230605984,-0.3152778167621718,-5.101330850652773
43.300000000000004,3.0050805466461425,-0.3326748154494992,-5.068578592085326
43.31,2.9710367658635426,-0.3498901790744188,-5.032493732033426
43.32,2.936047999377087,-0.366901870044951,-4.993118375520284
43.33,2.900154173703478,-0.38368742267623424,-4.950479875826044
43.34,2.8633573698702857,-0.4002214043436683,-4.904486726101024
43.35,2.825700814176216,-0.41648307012396696,-4.855177013564348
43.36,2.787240140399191,-0.43245290177777607,-4.802627857560215
43.37,2.7480309823171574,-0.44811138106572956,-4.746916377432857
43.38,2.708128973708034,-0.4634389897484723,-4.688119692526463
43.39,2.667589748349825,-0.47841620958661646,-4.626314922185348
43.4,2.62646894002045,-0.49302352234080715,-4.561579185753704
43.410000000000004,2.5848221824978257,-0.5072414097716882,-4.493989602575712
43.42,2.542705109559959,-0.5210503536398734,-4.4236232919957015
43.43,2.5001689825025903,-0.5344293687606507,-4.350539217441974
43.44,2.457226811266315,-0.5473457794188807,-4.27464190207153
43.45,2.413928285754793,-0.5597814426410888,-4.195996733954621
43.46,2.3703351295086525,-0.5717224833499055,-4.114719955130697
43.47,2.326509066068429,-0.5831550264679883,-4.030927807639046
43.480000000000004,2.2825118189746587,-0.5940651969179932,-3.944736533518944
43.49,2.2384051117679706,-0.6044391196225533,-3.8562623748098535
43.5,2.1942506679889,-0.6142629195043247,-3.7656215735510545
43.51,2.150110211178013,-0.623522721485956,-3.672930371781887
43.52,2.106045464875846,-0.6322046504901015,-3.578305011541623
43.53,2.062118152623028,-0.6402948314393976,-3.4818617348697374
43.54,2.0183886246565588,-0.6477779024473092,-3.3837074093887503
43.550000000000004,1.974892519992985,-0.6546151191756236,-3.2837947867183077
43.56,1.9316794166009215,-0.6607908003608848,-3.1822062162424287
43.57,1.8888081217375183,-0.666300343875269,-3.0790917452967355
43.58,1.8463374426599573,-0.6711391475909481,-2.9746014212169207
43.59,1.8043261866253903,-0.6753026093800962,-2.868885291338601
43.6,1.7628331608910586,-0.6787861271148792,-2.7620934029976185
43.61,1.7219171727141134,-0.6815850986674717,-2.6543758035295912
43.62,1.6816370293517364,-0.6836949219100454,-2.545882540270212
43.63,1.6420515380610814,-0.6851109947147727,-2.4367636605550946
43.64,1.603219506099386,-0.685828714953823,-2.3271692117200864
43.65,1.5651997407238032,-0.6858434804993694,-2.217249241100803
43.660000000000004,1.5280485455351709,-0.6851321547313539,-2.107086453756371
43.67,1.491814222298432,-0.6836762253074441,-1.9967636378347307
43.68,1.4565436574085862,-0.6814808444597621,-1.8864406248679932
43.69,1.422283737590226,-0.678551175338412,-1.7762772838376486
43.7,1.3890813495679217,-0.674892381093495,-1.666433483725109
43.71,1.356983380066314,-0.6705096248751203,-1.5570690935120197
43.72,1.326036715809972,-0.6654080698333897,-1.448343982179793
43.730000000000004,1.2962882435234684,-0.6595928791184029,-1.340418018709842
43.74,1.2677848499314388,-0.653069215880272,-1.2334510720838103
43.75,1.2405820799421203,-0.6458304272846015,-1.1275902137658236
43.76,1.2147339421908923,-0.6378653845481527,-1.0229682062520788
43.77,1.190272946980623,-0.6291872969307887,-0.9197369726292826
43.78,1.167231238680002,-0.6198098247658869,-0.8180488549652676
43.79,1.1456409616576655,-0.609746628386806,-0.7180561953276456
43.800000000000004,1.1255342602822547,-0.599011368126903,-0.6199113357840342
43.81,1.1069432789224523,-0.5876177043195581,-0.5237666184022591
43.82,1.089900242911138,-0.57557923626513,-0.4297744239840397
43.83,1.0744522037905258,-0.5628975145584226,-0.3380920401419273
43.84,1.0606327580440313,-0.5495812059437273,-0.2488627321019047
43.85,1.0484601854251654,-0.5356498704239036,-0.1622208011133977
43.86,1.0379527656874081,-0.5211230680017832,-0.07830054842564071
43.87,1.0291287785842504,-0.506020358680207,0.0027637247120671504
43.88,1.0220072207824038,-0.4903609494106003,0.08083676069267264
43.89,1.0166255754055609,-0.4741544913941619,0.15575991293226385
43.9,1.0130001149080432,-0.4574198619405011,0.22740626139676356
43.910000000000004,1.0111347853622759,-0.44018181170606563,0.29566588355382517
43.92,1.0110335328406872,-0.4224650913473401,0.3604288568709576
43.93,1.0127003034157005,-0.4042944515207725,0.42158525881581665
43.94,1.0161423543814014,-0.38569340195640106,0.4790194075145944
43.95,1.021389475494497,-0.3666764730609179,0.53257845710624
43.96,1.0284379339065939,-0.3472697471101154,0.5821717015642398
43.97,1.03727532639976,-0.3275024557649645,0.6277238944396429
43.980000000000004,1.0478892497560683,-0.30740383068643484,0.6691597892834868
43.99,1.060267300757569,-0.2870031035355393,0.7064041396467221
44.0,1.0743975740968053,-0.2663293760636681,0.7393806318423415
44.01,1.0903040905440333,-0.24540200573866736,0.7679377670766083
44.02,1.107982479970871,-0.2242465876293292,0.7919906423112173
44.03,1.1273998791096649,-0.20289592371324494,0.811516542887854
44.04,1.1485234246927973,-0.18138281596796108,0.8264927541482568
44.050000000000004,1.1713202534526568,-0.1597400663710235,0.8368965614341514
44.06,1.1957575021215816,-0.13800047690002432,0.8427052500872425
44.07,1.221802307431959,-0.11619684953250956,0.8438961054492591
44.08,1.2494241521849945,-0.09436148253223856,0.8404411457416313
44.09,1.278622824884479,-0.07251925105259074,0.8322490571428931
44.1,1.3093655387848984,-0.05069996253631481,0.8193122507525755
44.11,1.3416059338852526,-0.028936075854397503,0.8016549608021112
44.12,1.3752976501845215,-0.007260049877841068,0.7793014215229368
44.13,1.410394327681711,0.014295656522367514,0.7522758671464682
44.14,1.4468559395661111,0.035698950595088846,0.7205848265374045
44.15,1.4846572070654471,0.056919546148161144,0.6841991672546699
44.160000000000004,1.523743314197398,0.07792667133970785,0.6431794654489221
44.17,1.5640563256587496,0.09868943356326708,0.597595365497552
44.18,1.6055383061463704,0.11917694021242173,0.5475165117778644
44.19,1.6481313203571024,0.1393582986807398,0.4930125486671916
44.2,1.6917909202212573,0.15920159628139455,0.43410960725835046
44.21,1.7364730367565864,0.1786766307737409,0.3708418601053085
44.22,1.7821100456669257,0.19775613429969288,0.30332561649244927
44.230000000000004,1.828634130998374,0.2164128585324679,0.2316778308668322
44.24,1.8759774767969313,0.23461955514524374,0.15601545767567065
44.25,1.9240722671086958,0.25234897581123816,0.0764554513660271
44.26,1.9728551641756293,0.2695727489826956,-0.006902172542338637
44.27,2.022276899980277,0.28626077097996255,-0.09400295987027485
44.28,2.072267220600342,0.3023906523453025,-0.18470263262897438
44.29,2.122753125994863,0.31794082858787653,-0.278845945135838
44.300000000000004,2.17366161612288,0.3328897352168443,-0.3762776517082765
44.31,2.2249196909433255,0.3472158077413336,-0.4768425066634914
44.32,2.276455864363023,0.36089644031994583,-0.580393217837319
44.33,2.3282084178085314,0.37390447106633296,-0.6868265070525007
44.34,2.3801060255552557,0.3862230963985013,-0.7959759657498469
44.35,2.432074918310416,0.3978375165601764,-0.9076612575935993
44.36,2.484041326781341,0.4087329317951105,-1.0217020462482318
44.37,2.5359314816753256,0.4188945423470465,-1.1379179953781415
44.38,2.587671961784532,0.42830458121611514,-1.2561397260581448
44.39,2.6391920901564445,0.4369378344344385,-1.3762327619381438
44.4,2.6904217572234477,0.4447862565275899,-1.4980094420304186
44.410000000000004,2.7412907561635236,0.4518438832927297,-1.621275000943465
44.42,2.7917288801545452,0.4581047505270035,-1.7458346732855152
44.43,2.841665922374495,0.4635628940275723,-1.8714936936650637
44.44,2.8910316760013184,0.46821234959159175,-1.9980572966905177
44.45,2.939755030688008,0.4720458127655594,-2.1253326492060944
44.46,2.9877545765447415,0.4750388757104853,-2.2531582673377497
44.47,3.0349656707754353,0.4771878598543714,-2.3813579657702175
44.480000000000004,3.0813296367072414,0.47849740233012145,-2.5097455285534793
44.49,3.1267877976672143,0.47897214027063684,-2.638134739737241
44.5,3.171281476982506,0.478616710808822,-2.7663393833714847
44.51,3.214751997980237,0.4774357510775802,-2.8941732435060983
44.52,3.257140683987555,0.47543389820981286,-3.0214501041910626
44.53,3.2983888583315206,0.472615789338426,-3.1479837494760856
44.54,3.3384214766114053,0.4689749841940508,-3.2735818312802487
44.550000000000004,3.377150825441126,0.46449474924484196,-3.3980621608075983
44.56,3.414537027643738,0.4591891205799541,-3.521274388332678
44.57,3.450542189253786,0.45307344219869483,-3.643069204484407
44.58,3.485128416305788,0.4461630581003744,-3.763297299891613
44.59,3.518257814834284,0.4384733122842973,-3.8818093651832095
44.6,3.5498924908737446,0.43001954874978504,-3.9984560909878577
44.61,3.579994550458711,0.4208171114961426,-4.113088167934471
44.62,3.608526099623701,0.4108813445226803,-4.225556286651878
44.63,3.6354492444032505,0.4002275918287007,-4.335711137768987
44.64,3.660691406939579,0.3888565795390119,-4.443364566274976
44.65,3.6841644483976426,0.37676060407563416,-4.548326078870113
44.660000000000004,3.705856212010964,0.3639625056359657,-4.65050221250595
44.67,3.7257562216197404,0.3504858157041383,-4.74980152365409
44.68,3.743854001064214,0.3363540657642565,-4.846132568786354
44.69,3.760139074184612,0.321590787300434,-4.939403904374492
44.7,3.7746009648211722,0.3062195117967731,-5.029524086890315
44.71,3.7872291968141005,0.2902637707374093,-5.116401672805443
44.72,3.7980132940036353,0.2737470956064452,-5.199945218591689
44.730000000000004,3.8069427802300098,0.2566930178879824,-5.28006328072086
44.74,3.814007094859184,0.23912504250386657,-5.356664293382381
44.75,3.819149552233103,0.221051493424345,-5.42959303205526
44.76,3.822334989000998,0.2024849729082432,-5.498736858869115
44.77,3.8235737582074605,0.1834518247514022,-5.564051645149473
44.78,3.8228762128970777,0.1639783927497037,-5.625493262221724
44.79,3.820252706114442,0.14409102069898902,-5.683017581411399
44.800000000000004,3.815713590904139,0.12381605239509826,-5.736580474044015
44.81,3.8092692203107656,0.10317983163391495,-5.786137811444981
44.82,3.8009299473789095,0.08220870221127946,-5.831645464939817
44.83,3.790684203351577,0.060924325158813686,-5.873018689372234
44.84,3.7785218635323585,0.039347373323166915,-5.910177565788962
44.85,3.7644668126748906,0.017504988123915696,-5.94310650828314
44.86,3.7485430828912265,-0.0045756593937293505,-5.971790207043726
44.87,3.7307747062934284,-0.026867398184542257,-5.99621335225965
44.88,3.7111857149935443,-0.04934305720331314,-6.016360634119856
44.89,3.689785909779321,-0.07197710706318967,-6.032185139657645
44.9,3.666586347915713,-0.09474448692555756,-6.043641086578245
44.910000000000004,3.641622699348883,-0.11761769281313467,-6.0507362779721126
44.92,3.614930796254149,-0.14056920345660642,-6.053478873341234
44.93,3.5865464708067742,-0.16357149758670708,-6.051877032187613
44.94,3.5565041973847933,-0.1865970936926506,-6.045935552306988
44.95,3.5248111390800294,-0.20961945023341833,-6.035590209637136
44.96,3.49150208430392,-0.23261157130088111,-6.020841629310364
44.97,3.456626827066706,-0.25554607435119164,-6.0017270603578305
44.980000000000004,3.420235161378624,-0.2783955768405023,-5.978283751810683
44.99,3.382376881249989,-0.30113269622491695,-5.95054895270012
45.0,3.343101780691038,-0.3237300499605881,-5.91855991205729
45.01,3.3024596537120336,-0.34616025550365204,-5.882353878913358
45.02,3.2604762199644495,-0.3683947000005328,-5.84189815028896
45.03,3.2171706410661987,-0.3904049617412523,-5.797137348060072
45.04,3.1726063099582404,-0.412165252910599,-5.748142046832624
45.050000000000004,3.126847189325904,-0.4336498173215375,-5.694984459424086
45.06,3.079957241854616,-0.4548328987869868,-5.637736798652044
45.07,3.032000430229707,-0.47568874111991155,-5.5764712773339715
45.08,2.983040717136538,-0.49619158813326136,-5.511260108287375
45.09,2.9331420652604367,-0.5163156836399998,-5.442175504329715
45.1,2.8823684372868357,-0.5360352714530475,-5.369289678278598
45.11,2.830763347837203,-0.5553203217942968,-5.2926003435234605
45.12,2.7783451465774283,-0.5741365958473765,-5.212015255274033
45.13,2.725186169521412,-0.5924621385857435,-5.127640504860587
45.14,2.671361314181283,-0.6102755531237305,-5.039591553512805
45.15,2.616945478069054,-0.6275554425757096,-4.947983862460195
45.160000000000004,2.562013558696739,-0.6442804100560513,-4.852932892932249
45.17,2.506640453576467,-0.6604290586790906,-4.754554106158669
45.18,2.4509010602202514,-0.6759799915591984,-4.652962963368951
45.19,2.3948702761401437,-0.6909118118107336,-4.5482749257926605
45.2,2.3386229988481557,-0.7052031225480648,-4.440605454659282
45.21,2.282231837198342,-0.7188311712282353,-4.330058261444416
45.22,2.225729012705104,-0.7317511186058316,-4.216538922079229
45.230000000000004,2.16917559968512,-0.743939596024296,-4.100123107166295
45.24,2.11264950642086,-0.7553838103741871,-3.980975941368877
45.25,2.056228641194677,-0.7660709685460898,-3.8592625493499906
45.26,1.9999909122889603,-0.7759882774305802,-3.735148055772734
45.27,1.9440142279860617,-0.7851229439182402,-3.608797585300114
45.28,1.888376496568452,-0.7934621748996332,-3.4803762625954078
45.29,1.833155626318482,-0.8009931772653418,-3.3500492123216246
45.300000000000004,1.7784295255185043,-0.8077031579059465,-3.2179815591417666
45.31,1.7242761024509872,-0.8135793237120138,-3.0843384277191204
45.32,1.6707725091860968,-0.8186075939916955,-2.949278427165519
45.33,1.6179766004135787,-0.8227475335308917,-2.812820553237721
45.34,1.565951080391936,-0.8259833863023844,-2.6750928976808614
45.35,1.514765403836571,-0.8283133303938993,-2.536291716923737
45.36,1.4644890254627745,-0.8297355438931695,-2.39661326739485
45.37,1.4151913999858747,-0.8302482048879253,-2.2562538055228005
45.38,1.3669419821211655,-0.8298494914658965,-2.1154095877360883
45.39,1.319810226584044,-0.828537581714814,-1.9742768704635134
45.4,1.273865588089803,-0.8263106537224082,-1.833051910133576
45.410000000000004,1.2291775352161847,-0.8231667647229974,-1.6919306290635152
45.42,1.1858152412210836,-0.8190880354471508,-1.5510615909642151
45.43,1.1438395520333438,-0.8140670192849798,-1.4106111174972933
45.44,1.1033082550616322,-0.8081099899469166,-1.2707811535807036
45.45,1.0642791377145886,-0.8012232211433883,-1.1317736441323016
45.46,1.0268099874009358,-0.7934129865848367,-0.9937905340702391
45.47,0.9908704233018873,-0.7846850353714195,-0.8570351116912635
45.480000000000004,0.9549232458120398,-0.7750434835341179,-0.7217148342132682
45.49,0.9184347027296136,-0.7645156713123402,-0.5879776578361535
45.5,0.8814639046046472,-0.7531348035122762,-0.4559565171445845
45.51,0.8440699619872043,-0.7409340849401224,-0.32578434672332246
45.52,0.8063119854273222,-0.7279467204020652,-0.19759408115703858
45.53,0.7682503947681816,-0.7142045416204273,-0.07153020903429283
45.54,0.7299531824481517,-0.6997319855843287,0.05220925501053533
45.550000000000004,0.6914809117820877,-0.684562185084177,0.17351385945381415
45.56,0.6528924346628695,-0.6687301397274239,0.29229000682991346
45.57,0.6142466029832954,-0.6522708491214891,0.4084440996734626
45.58,0.5756022686361904,-0.6352193128738026,0.5218825405190038
45.59,0.5370182835143524,-0.6176105305917821,0.6325117319011567
45.6,0.49855420239715753,-0.5994791250500797,0.7402317596093322
45.61,0.4602772730495049,-0.5808540947094428,0.8448652542404106
45.62,0.42224284358482,-0.5617674757024401,0.9463232506135413
45.63,0.38450209327905305,-0.5422531188972411,1.0445519173020559
45.64,0.3471062014082342,-0.5223448751620572,1.1394974228790773
45.65,0.31010634724831365,-0.5020765953650583,1.2311059359179397
45.660000000000004,0.2735537100752421,-0.48148213037441323,1.319323624991967
45.67,0.23749951208118963,-0.4605953320116293,1.4040963957366925
45.68,0.20200553334348795,-0.43944973330645454,1.4853025212706925
45.69,0.16712538430775398,-0.41807673013290075,1.562859913072579
45.7,0.1329018826214982,-0.396507048306493,1.6367503159876386
45.71,0.09937784593230375,-0.3747714136428025,1.7069554748610016
45.72,0.06659609188768051,-0.35290055195735437,1.7734571345379568
45.730000000000004,0.03459943813514066,-0.3309251890656736,1.8362370398637826
45.74,0.003431072063261078,-0.30887616507814114,1.89527511207859
45.75,-0.026852148598935893,-0.2867880907693233,1.9504820283140196
45.76,-0.05620612156174398,-0.26469033052140806,2.001826163607093
45.77,-0.08459612087942957,-0.24260912402260248,2.0493212331807116
45.78,-0.11198742060619878,-0.22057071096116088,2.0929809522576774
45.79,-0.1383452947963187,-0.1986013310252904,2.132819036060895
45.800000000000004,-0.1636350175040535,-0.17672722390319837,2.1688491998132586
45.81,-0.18782049829833458,-0.1549753385255869,2.201079130115928
45.82,-0.21085201719479577,-0.1333791021124559,2.229455293971039
45.83,-0.23269592497138017,-0.11196231911799168,2.2539930667328862
45.84,-0.253324137600439,-0.09074575504968309,2.274732170649237
45.85,-0.2727085710542798,-0.06975017541506412,2.291712327967816
45.86,-0.29082114130525477,-0.04899634572162345,2.3049732609363924
45.87,-0.30763376432570083,-0.02850503147686495,2.3145546918027193
45.88,-0.32311262498943066,-0.008301717880569383,2.3204719824527955
45.89,-0.3372170744842883,0.01158383660207634,2.3227119114211874
45.9,-0.34992310716069197,0.03113690890529245,2.3213324549976493
45.910000000000004,-0.3612075656557373,0.05034350768645149,2.316395206506525
45.92,-0.37104729260649644,0.06918964160288511,2.307961759272171
45.93,-0.37941913065006594,0.08766131931196607,2.296093706618933
45.94,-0.38629992242353395,0.10574454947105338,2.2808526418711597
45.95,-0.39166497013871854,0.12342300435753757,2.2622925180347893
45.96,-0.3954794726417235,0.1406673995938697,2.2404202987804944
45.97,-0.39771831799332424,0.15746726456768384,2.2152964362867196
45.980000000000004,-0.3983589016936636,0.17381628827582585,2.186994289566618
45.99,-0.39737861924288376,0.18970815971510702,2.1555872176334048
46.0,-0.39475486614112865,0.2051365678823736,2.1211485795002356
46.01,-0.3904650378885413,0.2200952017744601,2.083751734180285
46.02,-0.3844865299852599,0.2345777503882111,2.0434700406866977
46.03,-0.37679786716077446,0.24856620272077828,2.000359932277842
46.04,-0.3673747032577179,0.262036111489416,1.95446074045715
46.050000000000004,-0.3561872230893845,0.2749899943956733,1.9058444104459547
46.06,-0.34320550502477687,0.2874310722754471,1.8545838185788748
46.07,-0.32839962743287454,0.29936256596466215,1.8007518411904258
46.08,-0.31173966868266434,0.3107876962992337,1.7444213546151568
46.09,-0.2931957071431192,0.3217096841150847,1.6856652351875745
46.1,-0.2727378211832524,0.3321317502481151,1.6245563592423118
46.11,-0.2503360891720381,0.34205711553424795,1.5611676031138766
46.12,-0.2259613986850923,0.3514874200504795,1.4955705921335536
46.13,-0.19958851175456424,0.36040794332983855,1.4278168285664476
46.14,-0.1711737222421823,0.3688216050901648,1.357956728033178
46.15,-0.14066897330902972,0.3767376958363868,1.2860440110784357
46.160000000000004,-0.10802620811618377,0.38416550607343164,1.2121323982469059
46.17,-0.07319736982479191,0.3911143263062107,1.1362756100834317
46.18,-0.036134401595933174,0.3975934470396515,1.0585273671327
46.19,0.0031936934049719007,0.40360476695705305,0.978954184251482
46.2,0.0448256638741823,0.4091506774573687,0.89761489165271
46.21,0.08883369623865797,0.41424621058080685,0.8145420365635822
46.22,0.1352901827532314,0.41890648099789257,0.7297680075715404
46.230000000000004,0.18426751567274183,0.4231466033791496,0.6433251932640218
46.24,0.2358380872519235,0.4269816923950929,0.5552459822286486
46.25,0.2900668927368734,0.4304249514937667,0.4655690036204245
46.26,0.34699013003545975,0.433480911590717,0.37435933639413915
46.27,0.406704209714633,0.43616765931254764,0.28163476166790413
46.28,0.4693160072586675,0.4385058307176251,0.18740450187882202
46.29,0.5349323981519638,0.44051606186432146,0.09167777946379801
46.300000000000004,0.603660257878931,0.4422189888110081,-0.005536183140266493
46.31,0.6756010846716698,0.4436342183684717,-0.1042230731565418
46.32,0.7508347906153762,0.44477643545054607,-0.2043406688597967
46.33,0.8294933344118356,0.445668944192749,-0.3058833145424086
46.34,0.9117182276739406,0.44633676536886097,-0.408853339499796
46.35,0.9973822899827091,0.4468047488363633,-0.5132533268373461
46.36,1.0833172553168997,0.4470811205288953,-0.619052444568334
46.37,1.1682402003798933,0.447145218572945,-0.7261437549796936
46.38,1.2517301237477052,0.4469735731996066,-0.8344112153568146
46.39,1.3333795534119846,0.4465422207863207,-0.9437403066957595
46.4,1.413167610074779,0.44581865397146364,-1.0540399038620287
46.410000000000004,1.491169491702254,0.4447805853937859,-1.1651800355658455
46.42,1.5673814465110294,0.44341058700245617,-1.277014684234807
46.43,1.6417997227178918,0.44169123074664113,-1.389397832296748
46.44,1.7144205685395715,0.43960508857550806,-1.502183462179424
46.45,1.7852521966842476,0.43712794845538133,-1.6152454438493686
46.46,1.8543245218561824,0.4342262222049757,-1.7284979436721275
46.47,1.9216269334969356,0.43089254989613096,-1.8417924521434927
46.480000000000004,1.9871457716073349,0.4271214140373275,-1.954975554395981
46.49,2.0508673761880694,0.422907297137054,-2.0678938355618683
46.5,2.1127780872399677,0.41824468170379103,-2.1803938807736714
46.51,2.172864244763812,0.4131280502460219,-2.2923222751638272
46.52,2.2311121887604246,0.40755188527222574,-2.4035256038648507
46.53,2.2875097682540924,0.4015090029565592,-2.5138531852196415
46.54,2.3420716784408064,0.3949669431554704,-2.6232078659815747
46.550000000000004,2.3947977128445865,0.3879199879904689,-2.731477049210312
46.56,2.445677787077026,0.38037472210137563,-2.838531812328742
46.57,2.494701816749834,0.3723377301279967,-2.9442432327599857
46.58,2.5418597174746798,0.36381559671014296,-3.048482387927086
46.59,2.587141404863264,0.35481490648761876,-3.1511203552531573
46.6,2.6305367945271936,0.34534224410024783,-3.2520282121610977
46.61,2.6720358020781694,0.33540419418783485,-3.351077036074023
46.62,2.7116283431278623,0.32500734139019066,-3.448137904414976
46.63,2.7493030190839773,0.3141539109950948,-3.5430799358498453
46.64,2.7850436843692274,0.3028173826734215,-3.635774315456107
46.65,2.818851600514966,0.2910055426757874,-3.7261346527139416
46.660000000000004,2.8507313141608566,0.2787349243032236,-3.8140809653428414
46.67,2.8806873719464914,0.2660220608567876,-3.899533271062111
46.68,2.9087243205115345,0.2528834856375106,-3.982411587591243
46.69,2.9348467064956254,0.23933573194643265,-4.062635932649668
46.7,2.9590590765384204,0.2253953330845837,-4.140126323956869
46.71,2.981365977279524,0.21107882235302347,-4.2148027792321665
46.72,3.001771955358594,0.1964027330527822,-4.286585316195047
46.730000000000004,3.0202815574152826,0.18138359848488894,-4.355393952564986
46.74,3.036899330089203,0.16603795195040508,-4.4211487060613175
46.75,3.0516172315961567,0.15036807441843633,-4.483752554328001
46.76,3.0644351967116803,0.13437684189920684,-4.543135006911845
46.77,3.0753720839037286,0.11808400923879478,-4.599259668549217
46.78,3.0844467618547693,0.1015093414351204,-4.652090160438362
46.79,3.091678099247295,0.08467260348606936,-4.7015901037776455
46.800000000000004,3.0970849647637935,0.06759356038952664,-4.747723119765421
46.81,3.10068622708674,0.05029197714341356,-4.790452829599948
46.82,3.1025003339416903,0.03278746938458168,-4.829741891527188
46.83,3.1025270026297878,0.015092515061685009,-4.865511200853172
46.84,3.1007822339584417,-0.0027760806270845373,-4.897722096672343
46.85,3.0972953076984204,-0.02079706153924163,-4.926366868177915
46.86,3.0920955036204902,-0.038949171532339,-4.951437804563173
46.87,3.0852121014954177,-0.057211154463916725,-4.972927195021376
46.88,3.0766743810939623,-0.07556175419152793,-4.990827328745796
46.89,3.0665085576115327,-0.09398034707858251,-5.005122445791949
46.9,3.0547257798978222,-0.11244990774847838,-5.015757322228059
46.910000000000004,3.04135970716574,-0.13094957856728398,-5.022736037517107
46.92,3.026448511218157,-0.14945763601428633,-5.0260745379448
46.93,3.0100303638579144,-0.16795235656881177,-5.025788769796862
46.94,2.9921434368878637,-0.18641201671017363,-5.021894679359013
46.95,2.9728251498359333,-0.204814941186328,-5.014405940801975
46.96,2.9520904640757095,-0.22314111705587117,-5.003267897696957
46.97,2.929974253354669,-0.24136986048283388,-4.988484665590374
46.980000000000004,2.906525140780228,-0.2594797053486745,-4.970101661967442
46.99,2.8817917494598544,-0.27744918553481296,-4.948164304313417
47.0,2.8558227025009653,-0.2952568349227077,-4.922718010113518
47.01,2.8286666230109936,-0.3128811873938043,-4.893808196852974
47.02,2.8003721340973535,-0.3303007768295607,-4.8614802820169905
47.03,2.7709878588675183,-0.34749413711139765,-4.825779683090844
47.04,2.740540357913548,-0.36443850905948244,-4.786672357057493
47.050000000000004,2.7090577190346354,-0.3811123563358177,-4.74412982935081
47.06,2.6765978814809883,-0.39749654142196156,-4.698231177574248
47.07,2.643218842238401,-0.4135719308467086,-4.649055687312103
47.08,2.6089785982926874,-0.4293193911388415,-4.596682644148707
47.09,2.5739351466296387,-0.44471978882715363,-4.541191333668349
47.1,2.5381464842351193,-0.4597539904404058,-4.482661041455437
47.11,2.50167060809492,-0.47440286250739183,-4.421171053094261
47.12,2.464565515194856,-0.4886472715568942,-4.356800654169151
47.13,2.4268886873218736,-0.502467905600435,-4.289626649175862
47.14,2.3886683386397047,-0.5158361152772729,-4.219587734523501
47.15,2.3499486770619398,-0.528731223371319,-4.146708210426466
47.160000000000004,2.3107926352375863,-0.5411394903946287,-4.071104138904497
47.17,2.271263145815735,-0.5530471768592317,-3.9928915819774975
47.18,2.231423141445392,-0.564440543277184,-3.912186601665212
47.19,2.1913355547755944,-0.5753058501605326,-3.8291052599874376
47.2,2.1510633184553476,-0.5856293580213316,-3.743763618963909
47.21,2.110669365133744,-0.5953973273716138,-3.6562777406145446
47.22,2.0702166274597897,-0.6045960187234335,-3.566763686959081
47.230000000000004,2.0297680380824916,-0.6132116925888437,-3.475337520017249
47.24,1.9893858481840077,-0.6212297466799584,-3.3821094999002606
47.25,1.9491135965271926,-0.6286151285301216,-3.287045371385013
47.26,1.9090029104404895,-0.635351492506667,-3.1902183968060833
47.27,1.8691134379652288,-0.6414339608242863,-3.0917761198506537
47.28,1.8295048271428263,-0.6468576556976584,-2.9918660842061153
47.29,1.7902367260146124,-0.6516176993414755,-2.8906358335596516
47.300000000000004,1.7513687826219182,-0.6557092139704277,-2.7882329115984414
47.31,1.712960645006158,-0.6591273217991969,-2.6848048620098828
47.32,1.6750719612086635,-0.6618671450424736,-2.580499228481155
47.33,1.6377623792707927,-0.6639238059149454,-2.4754635546995107
47.34,1.6010915472338791,-0.6652924266313007,-2.369845384352126
47.35,1.5651191166760452,-0.6659680829689032,-2.263792094057575
47.36,1.5299042365213387,-0.6659261190774666,-2.1573755485453776
47.37,1.4954980030379443,-0.6651519243742487,-2.0506873169047606
47.38,1.4619483927673875,-0.663650169371534,-1.9438846122517062
47.39,1.4293033822512649,-0.6614255245816097,-1.8371246477024255
47.4,1.3976109480311014,-0.6584826605167606,-1.7305646363729013
47.410000000000004,1.3669190666484248,-0.6548262476892692,-1.6243617913791164
47.42,1.3372757146448275,-0.650460956611426,-1.5186733258372818
47.43,1.3087288685618366,-0.6453914577955142,-1.4136564528633793
47.44,1.281326504941001,-0.6396224217538191,-1.3094683855734677
47.45,1.2551252749606778,-0.6331476337606059,-1.2062535224829312
47.46,1.2301822319775828,-0.6259548567405585,-1.104139768170279
47.47,1.2065311332045094,-0.6180565826385618,-1.003276463229367
47.480000000000004,1.1842051853040536,-0.6094659349980912,-0.9038135908152987
47.49,1.1632375949388583,-0.6001960373626406,-0.8059011340833899
47.5,1.143661568771518,-0.5902600132756858,-0.7096890761887434
47.51,1.1255103134646436,-0.5796709862807083,-0.615327400286533
47.52,1.1088170356808351,-0.5684420799211818,-0.5229660895318681
47.53,1.0936261327444434,-0.5565779087193196,-0.43275889137773904
47.54,1.079980947408059,-0.544081085861661,-0.3448513609653959
47.550000000000004,1.0679006283535983,-0.5309706018742821,-0.25937526990481075
47.56,1.0574040065382353,-0.5172656741180266,-0.1764622416818163
47.57,1.048509912919118,-0.5029855199537102,-0.09624389978206227
47.58,1.041237178453403,-0.48814935674215787,-0.01885186769125985
47.59,1.0356123049745956,-0.47277263923648316,0.05557245639684548
47.6,1.0316731237926586,-0.45686431774313874,0.12687617085720432
47.61,1.0294258307667001,-0.4404477754122213,0.19495004420997503
47.62,1.028874214647069,-0.4235475352028659,0.2596880388852586
47.63,1.0300220641841165,-0.40618812007419497,0.3209841173131982
47.64,1.03287316812819,-0.3883940529853682,0.3787322419238077
47.65,1.037436460684591,-0.3701879349107788,0.43281766832725677
47.660000000000004,1.0437404466263165,-0.3515843748165766,0.4830952610894733
47.67,1.0517788556353722,-0.33260991431842,0.529482953331394
47.68,1.0615396934863701,-0.31329315806328245,0.5719086636706101
47.69,1.0730109659539182,-0.29366271069815036,0.6103003107246763
47.7,1.0861806788126342,-0.27374717686999595,0.6445858131111698
47.71,1.1010415352511833,-0.2535739694954511,0.6746830806925429
47.72,1.1176209759210822,-0.23316115588782907,0.7004387278857234
47.730000000000004,1.135900081082496,-0.21253754417429996,0.7218033597835674
47.74,1.1558471224612872,-0.1917350889532539,0.7387553985694207
47.75,1.1774303717833572,-0.1707857448230371,0.7512732664266768
47.76,1.2006181007745949,-0.1497214663820104,0.7593353855387116
47.77,1.2253785811609066,-0.12857420822851956,0.7629201780889028
47.78,1.2516800846681462,-0.10737592496095552,0.7620060662606212
47.79,1.2795021582364132,-0.0861561644868256,0.7565465798559872
47.800000000000004,1.3088414324292668,-0.06493933648290826,0.7464653010062527
47.81,1.3396555551047518,-0.04375655653677201,0.7317802837940429
47.82,1.3718995252333492,-0.02263945275506936,0.7125157056631842
47.83,1.40552834178552,-0.0016196532444678752,0.6886957440575091
47.84,1.4404970037317497,0.019271213888379726,0.660344576420828
47.85,1.4767753641666246,0.040002443851675354,0.627445672699587
47.86,1.5143299903698764,0.06054456096661661,0.589999807365442
47.870000000000005,1.5531045889793005,0.08086751850951385,0.5480753257103479
47.88,1.5930427997177223,0.1009412669599941,0.5017407642963003
47.89,1.6340882623080488,0.12073575679772781,0.4510646596852065
47.9,1.676185292004606,0.14022087390998245,0.39611331378312065
47.910000000000004,1.7192981174360786,0.1593652378751431,0.3368905021422221
47.92,1.7633730843151199,0.1781409232106956,0.27346831513350667
47.93,1.8083443307305278,0.19652145839049634,0.2059607305495404
47.94,1.8541459947710706,0.21448037188838787,0.13448172618292964
47.95,1.9007122145255495,0.23199119217822498,0.05914527982622608
47.96,1.947977128082667,0.24902744773382535,-0.019934630727856617
47.97,1.9958854131918105,0.26556030802783526,-0.10268256896690822
47.980000000000004,2.0443828130526422,0.2815633114841741,-0.18901599081267534
47.99,2.093398771893264,0.29701529696044204,-0.2787857770815838
48.0,2.142862637851047,0.3118951299262759,-0.371842435663587
48.01,2.1927037590633276,0.32618167585130076,-0.46803647444857854
48.02,2.2428515015974253,0.33985378612324024,-0.5672185011435356
48.03,2.2932431143012186,0.35288516542382853,-0.6692794963896552
48.04,2.343813676919257,0.36525501234987684,-0.7740856223197757
48.050000000000004,2.394491390006676,0.3769487860453036,-0.8814618605566638
48.06,2.445204454118504,0.38795194565400265,-0.991233192722857
48.07,2.4958810698098763,0.39824995031989296,-1.1032246004411204
48.08,2.5464494376560762,0.4078282589982127,-1.2172610660148344
48.09,2.596839454321622,0.41666344332948596,-1.333202515205524
48.1,2.64698333021381,0.4247380765744047,-1.4508986423116172
48.11,2.696812764697265,0.43204635713719625,-1.570160031382387
48.120000000000005,2.7462594571366115,0.4385824834220858,-1.6907972664671114
48.13,2.7952551068963682,0.4443406538332848,-1.8126209316148105
48.14,2.84373141334116,0.44931506677501903,-1.9354416108747614
48.15,2.8916200758355752,0.45349992065150924,-2.059069888296156
48.160000000000004,2.938849154856814,0.4568837658559807,-2.1833251776090785
48.17,2.985341579968363,0.45944400932518825,-2.3080551331515853
48.18,3.0310388420384724,0.46118297731780883,-2.4330816897968823
48.19,3.0758840323627643,0.46210530876582007,-2.558223750172328
48.2,3.119820242236893,0.4622156426011996,-2.683300216905371
48.21,3.1627905629564173,0.4615186177559249,-2.8081299926231913
48.22,3.204738085816992,0.4600188731619741,-2.9325319799532377
48.230000000000004,3.2456059021142685,0.45772104775132294,-3.0563250815229566
48.24,3.28533710314381,0.4546297804559525,-3.1793281999595306
48.25,3.3238481327631537,0.45073144657663233,-3.301351551936314
48.26,3.3610663266663647,0.4460175812870755,-3.4222281067006772
48.27,3.396955259320927,0.4405033256584599,-3.541812903864144
48.28,3.4314785210518184,0.4342038313318387,-3.6599609906942776
48.29,3.4645997021840924,0.4271342499482538,-3.7765274144588963
48.300000000000004,3.4962823930428,0.41930973314874476,-3.891367222425814
48.31,3.526490183952925,0.4107454325743683,-4.004335461862601
48.32,3.5551866652395177,0.40145649986616455,-4.115287180037071
48.33,3.582335427227607,0.39145808666517906,-4.224077424216959
48.34,3.607900060242239,0.3807653446124493,-4.330561241670071
48.35,3.6317985767499352,0.3693740195478944,-4.434543403609188
48.36,3.6539590038619325,0.3572819038690385,-4.5358569391451935
48.370000000000005,3.6743716776888795,0.34451208273701583,-4.634413208187868
48.38,3.6930270103892737,0.3310876728763809,-4.730123660865104
48.39,3.7099154141216575,0.31703179101166146,-4.822899747305004
48.4,3.7250273010445576,0.3023675538673938,-4.912652917635599
48.410000000000004,3.7383530833165097,0.28711807816810353,-4.999294621984982
48.42,3.749883173096021,0.2713064806383486,-5.08273631048106
48.43,3.7596079825416298,0.25495587800265496,-5.162889433251928
48.44,3.7675179238118615,0.23808938698555904,-5.239665440425618
48.45,3.773602128859758,0.22072971534394,-5.312973941442672
48.46,3.7777993061618487,0.20288261193413473,-5.38265586039198
48.47,3.7800874409797034,0.18456392633696356,-5.448619559172562
48.480000000000004,3.7804769581341193,0.16579944441344235,-5.510821953995496
48.49,3.778978282445893,0.1466149520246271,-5.569219961071725
48.5,3.775601838735822,0.12703623503153394,-5.62377049661233
48.51,3.770358051824705,0.1070890792951922,-5.674430476828344
48.52,3.7632573465333325,0.08679927067661669,-5.721156817930833
48.53,3.7543093294198124,0.06619242217792626,-5.763904913038784
48.54,3.7434964266694157,0.04528796676801081,-5.8025802911888045
48.550000000000004,3.7308241214126125,0.024108983680045243,-5.8371334356416575
48.56,3.7163149122134604,0.002681940239329189,-5.867546845070688
48.57,3.6999912976359894,-0.01896669622888282,-5.893803018149314
48.58,3.6818757762442385,-0.04081045839932128,-5.91588445355093
48.59,3.661982568826435,-0.06282380507926608,-5.933755257347925
48.6,3.6403189904386015,-0.08498236834324695,-5.947362918024312
48.61,3.6169176529948683,-0.10725933362054707,-5.95670991236265
48.620000000000005,3.591812306246278,-0.12962776790896674,-5.961801217132609
48.63,3.5650366999439296,-0.1520607382062586,-5.962641809103847
48.64,3.5366226443406332,-0.17453138197771353,-5.959231901227307
48.65,3.5065763367562224,-0.19701390953596964,-5.951507399172788
48.660000000000004,3.474933085180749,-0.21948179751135044,-5.939472530064787
48.67,3.441740306527814,-0.24190812457413813,-5.9231608508911675
48.68,3.4070454177109513,-0.2642659693946629,-5.902605918639764
48.69,3.3708958356437164,-0.286528410643239,-5.877841290298421
48.7,3.3333389772396393,-0.3086685269901961,-5.848900522854959
48.71,3.2944221552401944,-0.3306593925926185,-5.815816877964246
48.72,3.254159378137534,-0.3524727945285493,-5.778528168964848
48.730000000000004,3.2125810627448645,-0.3740817881447054,-5.737015045854111
48.74,3.1697486813955673,-0.39546089847573745,-5.691345381977793
48.75,3.1257237064229364,-0.41658465055634236,-5.641587050681561
48.76,3.0805676101602946,-0.43742756942120153,-5.587807925311113
48.77,3.0343418649409313,-0.45796418010501094,-5.530075879212104
48.78,2.987107943098235,-0.47816900764242276,-5.468458785730314
48.79,2.938927316965497,-0.49801657706813307,-5.4030245182113985
48.800000000000004,2.889861389922583,-0.5174813999676605,-5.333840704135698
48.81,2.83993291077074,-0.5365307897176612,-5.260837552735759
48.82,2.789178284596907,-0.5551359774803934,-5.183995478706708
48.83,2.7376701203070404,-0.5732755434190113,-5.103424334273923
48.84,2.685481026807057,-0.590928067696681,-5.019233971662719
48.85,2.6326836130029867,-0.6080721304765315,-4.931534243098593
48.86,2.579350487800748,-0.6246863119217293,-4.840435000806863
48.870000000000005,2.525554260106258,-0.6407491921954398,-4.74604609701284
48.88,2.471367538825547,-0.6562393514607938,-4.6484773839420335
48.89,2.416862932864534,-0.6711353698809572,-4.547838713819756
48.9,2.362113051129173,-0.6854158276190838,-4.444239938871383
48.910000000000004,2.3071774901469904,-0.699052370700903,-4.33772711888803
48.92,2.252084790192008,-0.7120028752784654,-4.228207701962705
48.93,2.196907209283424,-0.7242517737722166,-4.115819455054545
48.94,2.1417210540179252,-0.7357857862323012,-4.000720631901753
48.95,2.0866026309921595,-0.7465916327088712,-3.883069486242447
48.96,2.0316282468028923,-0.7566560332520558,-3.763024271814995
48.97,1.976874208046771,-0.7659657079120076,-3.640743242357517
48.980000000000004,1.9224168213204447,-0.774507376738877,-3.5163846516081243
48.99,1.868332393220677,-0.7822677597827966,-3.390106753305197
49.0,1.814697230344117,-0.7892335770939173,-3.2620678011868494
49.01,1.7615876392874503,-0.7953915487223837,-3.132426048991282
49.02,1.7090748542938097,-0.8007210475059995,-3.0013004352834467
49.03,1.6572103761124155,-0.8051819920165508,-2.8686950987121027
49.04,1.6060606991268607,-0.8087679468151611,-2.7347802392325047
49.050000000000004,1.555694552846702,-0.8114763206360552,-2.5997459161269054
49.06,1.506180666781604,-0.8133045222134527,-2.4637821886778473
49.07,1.4575877704411226,-0.814249960281579,-2.327079116167584
49.08,1.4099845933348505,-0.8143100435746575,-2.189826757878465
49.09,1.3634398649723474,-0.8134821808269106,-2.0522151730927423
49.1,1.3180223148632721,-0.8117637807725627,-1.9144344210929607
49.11,1.2738008183785967,-0.809151106200315,-1.776671383063598
49.120000000000005,1.2308438659099823,-0.8056206295356094,-1.6390535496241707
49.13,1.1892103608773779,-0.8011687078766696,-1.5017526120414113
49.14,1.148956936712943,-0.7958016973566241,-1.3649664452015127
49.15,1.1101402268488685,-0.7895259541086035,-1.2288929239907658
49.160000000000004,1.0728168647173186,-0.7823478342657331,-1.0937299232953654
49.17,1.0370434837505371,-0.7742736939611536,-0.9596753180017946
49.18,1.0025588267195016,-0.7653058162072995,-0.8269329167847072
49.19,0.9681983303528275,-0.7554463598276373,-0.6956958146078944
49.2,0.9338135195721986,-0.7447243470837288,-0.5661047983167388
49.21,0.8993642743266862,-0.7331707824005862,-0.4382972020885016
49.22,0.8648104745652883,-0.7208166702031986,-0.31241036010016743
49.230000000000004,0.8301120002370026,-0.7076930149165536,-0.1885816065287258
49.24,0.7952287312909009,-0.6938308209656662,-0.06694827555143046
49.25,0.7602066255755322,-0.6792560185139149,0.052310334189353574
49.26,0.7251629994930728,-0.6639963723664088,0.16904386280787329
49.27,0.6901635390963945,-0.6480857386283425,0.2831592707040797
49.28,0.6552739298234906,-0.6315579734547042,0.3945635187199792
49.29,0.6205598571122797,-0.6144469330004487,0.5031635676978226
49.300000000000004,0.5860870064006809,-0.5967864734205292,0.6088663784798525
49.31,0.5519210631266867,-0.5786104508699361,0.7115789119080875
49.32,0.5181294434524938,-0.5599507458141695,0.8111716034885482
49.33,0.4847796154358589,-0.5408359018500716,0.907488366267486
49.34,0.4519333969968288,-0.5212979912398976,1.0004696921716252
49.35,0.41965242306455336,-0.5013692416888842,1.0900595203395123
49.36,0.38799832856811256,-0.481081880902226,1.1762017899098922
49.370000000000005,0.3570327484365878,-0.4604681365851171,1.2588404400215008
49.38,0.32681731759912636,-0.4395602364427955,1.3379194098128984
49.39,0.2974148506370235,-0.4183906018977346,1.4133670578193902
49.4,0.2688923666152299,-0.3969911737926533,1.4850523284223136
49.410000000000004,0.24130952140542236,-0.375390925044849,1.5529355868095565
49.42,0.2147248319749003,-0.35361852372099545,1.616991849968234
49.43,0.18919681529090415,-0.3317026378877206,1.677196134885608
49.44,0.16478398832069419,-0.3096719356116675,1.73352345854889
49.45,0.14154486803151473,-0.2875550849594636,1.7859488379453277
49.46,0.11953970642979009,-0.26538213718399223,1.834425169539057
49.47,0.09883073228463506,-0.24318286180662,1.8788868214592775
49.480000000000004,0.07947607560036793,-0.2209820822258523,1.9193264488464488
49.49,0.06153370189316651,-0.19880445851488673,1.9557389196149468
49.5,0.04506157667916688,-0.17667465074687344,1.9881191016792361
49.51,0.030117960564310056,-0.154617971905143,2.016456553635031
49.52,0.016762742760504327,-0.13266101876965103,2.0407245695333063
49.53,0.005055261689459044,-0.11082592415305559,2.06092459387494
49.54,-0.004945301794713328,-0.08913433592218825,2.077061663676293
49.550000000000004,-0.013179914635810473,-0.06760953737893093,2.0891325161309795
49.56,-0.0195881313711847,-0.046272138169035894,2.097143192404921
49.57,-0.024108993804028554,-0.025141129512878523,2.1011066042851287
49.58,-0.026682287122578932,-0.004237090813842052,2.1010297817060914
49.59,-0.027245302921478635,0.016422364750511294,2.0969276185683485
49.6,-0.025734470449386142,0.036820929536853626,2.088819119997437
49.61,-0.02208746458862328,0.05694064254888635,2.076718520049364
49.620000000000005,-0.01623775401860268,0.07676718733229693,2.0606471684686163
49.63,-0.008117912591207744,0.09628717685795878,2.0406286267501814
49.64,0.002337795464076243,0.11548557599062095,2.016682795116092
49.65,0.015201167299377157,0.13435133220919224,1.9888345482818799
49.660000000000004,0.03054481931642463,0.1528740520435564,1.957109927427147
49.67,0.04843985920414826,0.1710420661586537,1.9215326707295772
49.68,0.06896505032071908,0.1888476990336352,1.882128932643069
49.69,0.09219688747590907,0.2062824068865578,1.8389252502017301
49.7,0.11821205575936435,0.22333736331050194,1.7919471047914786
49.71,0.14710156422640133,0.24000977193353337,1.7412197311702313
49.72,0.17895703139562374,0.25629709942198575,1.686768372371322
49.730000000000004,0.2138587108690846,0.27219273451780734,1.6286205366555244
49.74,0.2518921094648017,0.2876911441673545,1.5668013078166463
49.75,0.2931692576741598,0.30279574311618784,1.5013295109285898
49.76,0.33780248223020004,0.31751004869662625,1.4322239056851607
49.77,0.38590410986599877,0.3318375782409985,1.359503251780112
49.78,0.43756019218787495,0.3457745691911985,1.2831964389723454
49.79,0.49286891229479945,0.35931941486102165,1.2033293144855546
49.800000000000004,0.5519782617765844,0.37248354645892384,1.1199095561917582
49.81,0.615036495065553,0.3852784657039751,1.032944743764862
49.82,0.6821918665941537,0.3977156743152737,0.9424424568785954
49.83,0.7535926307947934,0.4098066740119085,0.8484102752067455
49.84,0.8296780302377365,0.4215582370780678,0.7508680525028586
49.85,0.9104022737415508,0.4329800345886671,0.6498365232374479
49.86,0.9950950714087082,0.4440891304762449,0.5453218840637732
49.870000000000005,1.082246566013357,0.45489507946065033,0.43733940746013644
49.88,1.168796648311987,0.46536649243919614,0.3259887413439135
49.89,1.2545061814612861,0.47546719626933337,0.21141403391990682
49.9,1.3393528425084038,0.4851608597651808,0.09375334019398776
49.910000000000004,1.4233352809592852,0.49440428004199305,-0.026901949892318117
49.92,1.5064212180146725,0.5031674700485201,-0.15038514103073314
49.93,1.5885697318989473,0.5114238284450494,-0.27650914093822254
49.94,1.6697399008364302,0.5191467538918613,-0.4050868573316671
49.95,1.7498908030514988,0.5263096450492415,-0.5359311979280414
49.96,1.8289850077733014,0.5328846784784111,-0.6688631789036338
49.97,1.907005047675641,0.5388394793302473,-0.8037478624283377
49.980000000000004,1.9839112322049806,0.5441535501678558,-0.9403947884880863
49.99,2.0596588333965085,0.5488084921920132,-1.0786014773978452
