x,y,q
0.1,0.1,0.1
-0.7371332907650732,30.845261209944265,0.6848184465214386
-2.0545880860785823,-1.2322618128483898,4.372030941520367
4.983704196515378,33.65250337748955,4.282312518645444
-2.6809604428937126,5.261975290721608,1.3362945685226753
-4.277871027699614,-3.9165695620616434,4.665995680254267
4.845341136712813,9.737294605166895,0.0708750528559114
-2.722522243184053,22.229130693464583,1.3120210933904708
4.906974220972014,6.45008692560629,3.7216799693490294
4.860916060835324,40.697587920225835,0.1495797977797207
3.0178018138356197,0.5647809108016243,0.6738574166547642
4.96073466999504,0.9391863844237331,1.3267522160964726
4.9341750346359605,0.08762947220679161,0.04163071383564501
-0.5054120825612122,26.7729626480669,0.5041601350572622
-0.8783715651270251,20.63462310357124,3.752260498262972
3.4219184698264895,46.61793085865981,2.3426151312893793
1.8763335554665268,2.023328439352661,2.28238995491554
4.939368033110727,40.2480026450242,0.12010444711249713
-3.6052854190510004,7.043909100511764,4.621098251538664
3.685345936891209,1.0534985304183153,1.0913528392109628
1.897184527578677,42.71231579369252,3.744613718659506
1.2802468136684497,34.79435959076414,2.301650126031192
-2.998167466819304,5.673373807622306,1.1140494501306804
-4.948651118219149,12.50025539163658,4.2041423639843405
0.795563551859318,20.82685463708721,4.984164046084066
-1.3690288549361174,8.282843263610314,0.8061896043840678
4.959061124674534,33.05087871916102,0.054656624636217524
4.903247613429168,0.15325384256913993,0.03261700958303211
0.37575855485390197,43.64961656444491,0.7278808848744792
1.7087662199006048,44.96659301404439,2.2590140614888488
-0.8492873030204012,-0.0438296091757161,1.4670775300650964
-4.0919885106915554,-3.221696672540576,4.838441381889462
-2.8929329498183036,3.625525206041924,1.0439729429890447
-1.0311326824735865,3.514501956313154,0.7195598420871836
-4.178106884219451,43.930900990426565,0.6087128106307305
-0.9902975841524864,-2.2258751346863717,4.57956530028431
-0.6579364850926928,-0.14326807394650196,0.4458674718107284
-4.9521676980992915,42.33145083688836,4.475895058490635
-3.804591233557143,-2.784245156576213,3.749819365045164
-4.9017329173354645,10.649495704698856,3.6619643195418634
2.315837201511246,1.1618370768013802,2.577884248571529
-3.74254314528681,45.72074070276924,3.7405216540700095
-4.62048273435848,0.7631049306485971,4.234963803378529
2.8242086310311194,25.64759559484417,0.7478346668410443
-4.952723372689841,1.0394364386557853,1.0800909414195692
2.7824504937846495,6.666377387880028,4.41767104896657
4.848094353275449,-3.6404554181660167,5.097893141734675
-2.9037592532341505,4.525256434134121,0.45548162957836597
0.9656272054672568,0.1846766491039658,0.8255903009874016
4.864476831514561,19.060765800036716,0.048573176632536394
-4.986913257573449,0.3657112670714102,1.008227457850794
4.9838119462016826,0.5781770825500955,0.18420825887955444
-4.78581596571942,7.679955966091529,0.8885228110939816
-3.0016651365195175,0.5822125948414858,4.02350396702826
4.961549482001418,5.902722073118506,0.5092650207495593
1.961725655632233,30.05683758850534,4.4958867200741945
-4.25132492086256,41.59457204496243,0.5077239910664971
1.8380737148819293,36.61459465783794,4.287201959456146
-4.775481195189819,19.279585460877936,4.125237582425293
-0.8261225804560335,8.140391836229094,1.0807104978940343
4.9886673730183695,27.791661303259918,0.07221154704288933
3.467604778894656,11.541979188015103,1.4943204467164115
2.295802033398966,-0.07901942201536838,1.1467095770740792
3.478461495951994,4.599814845609776,4.504715602622258
4.954511237299963,7.170965313478853,0.17246973303544808
0.9207481088986795,1.3925596573803833,1.2595734074002585
-1.6675956376655665,41.245705036230056,3.114301752358875
4.864212374906553,38.01711879605188,0.12872059534814756
4.950540461793879,42.63549765987349,0.4647791360137708
-4.825955169291659,45.08444879769335,0.48195012189689124
-2.256459423683777,27.78079899490672,0.4378284902905577
2.0355032337800703,23.371753030575046,2.8066517101070234
-3.7601037297539612,14.963473634017964,4.493776317408115
0.8263940371937626,42.44334676703011,4.448951322134681
-2.8118573272086604,1.692299779181213,4.442917756516633
3.7497030872809907,-0.1263906624067308,4.6227453902317075
4.973503236730354,6.524883806165295,0.5300357269263258
4.98152774962545,1.8334717499060522,0.18520491884733348
-2.2008928556630676,4.4145959680330344,4.414526596175071
-1.4709204802016709,44.325572781862896,4.493842788733956
-3.3233813884027548,3.448454284206801,0.3667306185563193
2.6355462293542518,42.2695197317282,4.748644266838947
-2.6806244865930626,13.684114111883682,3.440752633391989
2.3523320473632965,48.40588971763382,4.0852165712154
1.3169806883904156,43.58274337430707,1.2470201084281471
-4.873618883186243,10.884585010537554,0.6380579977926749
-3.8501551015134434,2.8134645539569525,0.4139846311943468
0.4345041882033854,39.28685398082425,1.294760441082887
1.6337626136095,2.4947403733952616,0.7842683242800614
3.9806658858732593,12.300172550164548,0.3230360935983191
-1.554057527393593,4.397629708487172,4.000355568821232
3.118099978364442,42.01870379323956,4.216971122319929
0.7253359830339355,28.16567012584916,1.8889173820675214
-4.474821092712359,44.090396603389195,0.2592471237968721
4.901140642357225,11.172321322030498,0.9247938828782393
-4.262532819393965,0.8594930604365948,1.2061422389840244
-4.983826575366232,25.631667188031688,4.4336328832596115
0.8256992178117718,46.99612814795576,2.344688713258189
0.47477307198278074,31.321238730912153,3.8471055739387383
4.990261834278938,8.112576297958073,0.057608572390799716
4.36955638724581,3.064104705510324,0.8967652890591885
0.8660587077658224,46.79100820252951,2.113096380205332
-3.834522427356921,0.3329812730635322,0.8973647842131682
-4.9684209487285145,8.397343013628934,4.486760015550079
4.862491431167767,5.184000967168163,0.6959652731972867
-4.869361030293326,17.780408876037882,0.3880040868524575
4.438316451192015,10.795985012662406,0.06512261982490611
4.860843556478786,43.086596965080325,0.13273459014984046
3.184843575465152,20.454085256688334,0.8618710365329432
3.8847163479094378,44.76292400736775,0.16993667826039982
2.1114612323904702,0.2517071434202978,4.224923309774254
-3.9176701405471475,46.181533204933075,1.493143871905527
-1.5830059288481346,9.67530334414279,2.1396321167210273
-4.339860211709116,2.401916610617311,0.3314560225814478
3.301255166509129,-2.2045099909650085,4.864653746042056
-2.9095473091849215,37.26068106770319,1.5749817958918513
4.9967664483750776,1.925599707078271,0.5149104005263581
4.826036380423195,1.8476498561630335,2.571489208629298
4.801912041884137,0.35502121291813715,0.47330735134083834
1.8117205653171413,43.548592010239915,0.9048107132371502
4.976272142437387,-2.6986627195679938,4.621447175216394
3.802893476762448,3.1184999730201657,3.6653720811922477
-1.2983761769919484,-3.0067124412661235,5.026871082963879
-1.4073623806515057,0.24200151218952992,0.22600717187220537
4.740798455601558,37.869589344483174,4.744996577124675
-3.9137943963316966,32.9634467642798,4.30916252654565
4.923879377272006,15.488038124969632,0.12049225125482405
0.08208503256531446,33.33488047686185,2.984290703692094
-3.663947304657684,1.6426930330890825,1.0334678170821419
-2.486585255189719,-0.8728571216754246,5.1776536954881065
-0.4739341804362391,3.032270562775622,4.801289848108975
3.9166841286515424,44.207689965423874,1.7961077484558592
-4.8725910788073215,39.69074304023449,0.4289578887376382
-4.99998269035317,41.52755785710942,1.1308011293895313
4.846492256826843,0.7546386279178638,0.13782174734518407
3.2939201123248782,4.149345489986394,0.6395304462946809
-2.7369009893740044,3.82355164772898,0.9874942454932435
1.6252019759037801,5.34811760138723,3.9706858299230072
0.04106453073186554,15.88566441327014,1.5676617462849904
2.8031202886467863,42.70936476328073,4.404342766958461
4.9305264821236525,7.716085088848974,0.19100197696850388
-0.14659694797267847,15.034360189005113,5.1890833921450605
-0.9519947492501961,29.589380534214502,3.356761707898828
-4.197996452874943,42.62726446740222,0.582281598245147
-1.2777476305695925,3.660395448517476,0.9910471143475745
-4.222431199642273,45.00383681884389,4.142403411951316
4.980702750891068,14.450009225246035,1.3153519540409444
-2.9421219618407153,0.9594237969420278,0.7132753974100553
-4.71146474429044,9.396255497643288,4.866882381119299
4.5820182558700395,3.640330688163622,0.2764575876990269
-4.64493727021913,8.756655785138898,0.6124227720284341
-4.028954314189809,3.4084044683833925,3.5863548367302394
-4.989116901682587,6.889067203518491,3.0601783377881677
4.937463176187549,34.611132374280814,5.3357037887278
-3.866421544717609,12.746450623380195,4.429362142333623
-3.866623506451035,42.92973566029807,0.24539483530003062
4.949845631089179,26.237391338570237,3.7741988098280173
-4.169388988559547,30.315128618041584,0.92196914131249
2.9525961758971486,-1.8568439626729112,4.618777736089305
3.961138368822723,38.7130026900857,0.1524505925844306
-4.489881084646683,35.134253735711184,2.311558050924459
4.624839081689236,43.47284347150853,0.16206217358515218
1.584037295574011,0.7223380916330931,0.23476827364901365
2.107431190182421,6.149379975381844,2.92021120563027
-4.243985459936722,1.3588811033474024,2.29613455200182
4.999532245088414,44.7157662901851,0.147941166097202
-4.906132761579718,29.187960787811484,5.0744793590195245
-3.8977528259613106,36.29014606131737,3.3243830141320405
-4.745354188540044,28.242916405653315,0.348946137868413
4.999299109029275,11.720150767243142,5.284918534252334
2.6389451332922675,5.483189224175918,3.0612275298192473
4.997911346812027,38.60332295378821,0.01598549565656261
-2.9646172955066534,25.85761336638553,2.995021447459007
-0.1755203256265922,31.399961409907252,0.08899707747176017
0.2718612041522791,5.517096949967628,2.452321098013106
-4.015124647140931,2.069795919192649,0.7980893040092789
-4.913477894781077,23.454821819619767,3.400951042070449
-3.629803444813182,41.722614927373975,0.8581290297545254
1.8225273992990405,39.6585162201715,0.21528692084462617
0.728574490784052,4.785333913568234,4.494390446766463
-0.49075683166699197,32.223816125184705,1.98502993563346
1.9756685436850523,29.16388404532148,0.545140941647242
4.325779774328845,1.143937040810822,2.914221843878559
4.845709760241846,2.3017929292884256,0.1534715438503366
4.232073349544478,24.904108630649567,4.544562946323067
-4.74568286588128,19.987644069041586,3.9670688608310134
4.911496682579105,39.41246161284425,0.03739738911766853
4.958949612048959,30.39173235411574,0.38835412828982374
4.9657170454898765,1.9802110039422212,3.8183533079216727
4.988295217577494,23.945070243277932,1.7637742532681555
-0.8266404529160185,20.88326550098925,0.5748333155731846
3.5259626932289323,0.09044756755258998,0.9010105073516468
2.9511472741119613,4.055645504507142,4.346776000121576
4.44551255252098,4.440655068757627,4.294579836914313
-4.999296132853364,-3.648852021000571,4.1308871669054845
-0.03791215382879952,11.720280336607315,1.7732162281759278
-3.521760966192835,2.4994214219961846,4.712685171346463
4.190920071206675,41.03007999628323,3.715201723907601
-3.7763997813631436,19.30660897430973,2.8473042365504346
3.5249478740252,29.567925779834916,0.33268834791081986
-3.756071815204671,8.247713091598078,3.5163143960258214
-2.2114823611313277,0.8447705668046686,5.276747696592192
-1.3221031563955075,9.00991848633217,0.6184395471750803
4.860541668754876,36.865183756697505,0.08747990578207285
-4.809411736720316,-3.3065373964362874,5.025209585691939
0.10324845083366208,8.476208520541645,0.7267759424627657
-4.568660135053994,-2.912848456704963,4.953023616883377
-2.659909980804814,35.47310898312077,4.773577913531151
-4.995400162928495,28.687346026084217,3.095599820515953
3.967788215601911,17.0086435534717,1.2407252318438082
4.964081219421594,39.21694615232353,1.3877754443965227
4.367321456441681,26.95486729877543,2.6900767247443604
-4.998172564273123,33.04235911857749,3.5241162607362213
1.540047589381917,11.526928967929434,2.7597065650336807
-0.5631209103408745,0.3459669570896619,0.28507409531131317
1.693747175194487,15.68314031055364,5.080205061915489
-2.3313836025749115,0.265931996137115,4.481045577175512
1.4912789173976706,10.027167958397165,1.67823811112318
0.4290435071282922,16.122630721003276,0.5217380678898546
4.1506020834623465,3.027302125206303,0.896972621741063
-1.0761064273902583,0.7754253594577698,2.8162871593398795
3.9353383107573148,-0.3394222252868693,0.830891125951504
3.099837561671043,45.09817731375678,4.426547834326988
-0.20400689702619468,29.45064544199792,1.0071669980344384
2.1969042999217367,7.663904518254284,3.926411227192658
-1.1256979192570995,38.9801561335624,1.1026318703716518
4.519395208287527,1.6657982295012297,3.5920452286967457
2.3695362525004593,29.092322282280453,0.8640573416526561
4.189110291077727,0.6103982979426715,1.0498071262161033
-0.4758147572145849,9.020484986101167,3.9767381662803487
4.477534416500856,2.8011607630530246,0.048883677379396105
-3.0986180636220895,40.60400732278536,0.8814884996865147
-0.39577168721316563,0.029974985984745683,0.707899827372189
-4.360172625640107,42.79698672621159,0.9200399689796058
1.0328438788632712,45.03912804760625,4.132655780668111
-2.7912219970824728,14.660628478732972,2.9715349436041376
-1.6438384209930392,8.389416026366714,4.099646112120319
0.04885344341502219,-0.10392178984559086,4.948579970398133
0.8681352933568192,7.374845942851439,0.341173825286885
3.6561604598937163,3.738314530105943,1.9468652255364807
4.966002207205939,32.54726534824119,0.056497500573711085
3.720767323840109,0.011478100748090456,0.8484909949090521
-4.938109939116701,22.818507185763426,4.3254148320134505
4.49154881183052,0.5609252897644589,0.15552736837136988
2.5154710423726523,2.036526983701776,2.0377977922837403
4.863082317479729,43.3107641733595,0.058645790738723426
-3.1420097031804124,0.6612308526180251,0.4942622711791461
4.125725281843803,29.810166798202374,0.08348079786088708
4.936533662031434,0.4577886296832714,1.620466990323386
-3.809257969895138,42.0375411202023,3.2927971933012934
4.412494616879982,7.493182766164065,5.204142347584012
-4.92344298890166,43.93138762698091,0.8338815447289083
-3.829092568382442,45.788152222483085,1.6161322318799392
4.449024740560617,0.7319434890469211,1.4888469058120357
4.880432820025725,0.22958427488542807,0.061792042509622974
4.480719318212532,27.471434876912404,1.5301700068879271
4.9998455273230755,23.453310829691095,4.926884113790033
1.5169278820839822,42.65064519510572,5.24128385820072
4.711597823025254,23.237908323210345,3.6213358375882265
3.9089234052285944,40.127745598294695,0.9027330568258144
-1.5708111304088064,22.834103895636108,3.9416281709460175
-0.4343811803310952,-0.6181601011004458,4.621020906019406
3.807306887555441,10.476382738047903,1.7945890211438027
-4.66195339287359,-1.217216195584144,4.584415510348126
-0.0809126231533982,4.275666274304159,0.732688015986556
-0.448477497233588,42.86097192145461,1.3026797418363318
-4.157337358026994,0.024064544756237316,2.322556651510352
-0.06729636545776634,40.992646018343066,0.2864287982848444
-4.769168002182518,21.52189860640393,0.8952549103341905
4.961539950571659,12.578603512083644,0.0891632492976514
-0.5124875726941157,6.740529260406518,1.1653597192290994
-4.889276906903834,15.689953884727629,2.622469453450866
2.923514317508239,0.5644789191419828,2.441194085835198
3.9303940158252377,1.1006567899027853,0.8498924962312979
-1.5607684454550168,39.50206627326475,4.643475606874679
-3.1809252095209484,0.7210989116581805,1.0448422922550624
1.1640948487778418,-0.7451207625324814,1.2607770076426943
2.0362464101917617,31.96979496682203,0.44672252425306697
4.678219570365298,43.11855853094715,0.19652543230460306
4.87354604170177,9.41964071998624,0.1939595192228118
-3.3881093488843543,4.239758016282295,4.523807361250275
-4.712400924906375,46.295725060201946,4.129082706089608
-2.677613385412373,2.2456553613420116,4.183141261372531
-1.0131748264696585,-0.18885231551562232,3.759352774627255
3.199575728502422,3.100258828223439,1.4529100789680438
3.235609610196055,-0.20513134970869476,0.6305187277666343
-2.7048332499643113,1.1976184156931204,0.3912454154325352
2.232491026341489,1.6428205871250485,1.4011925687123834
-4.787765273386954,0.6280015577117632,2.9887105530987803
3.7271328597867392,36.91676505895012,0.03257850441075916
4.999098425859972,38.38603102591636,0.194024220124345
-0.7844239253009562,31.409315459193348,2.3842077731743507
2.4161054879881596,-0.06969084997470817,0.4676181904193308
0.07882217490914442,38.67583344244256,4.746510561886364
-4.098401207768378,28.315441456871206,0.3014372352417919
4.007481323964028,5.420573281737257,2.065219323585163
4.9645204036532204,44.73845020450371,0.10114118174076446
4.8607937751769725,16.642086248464818,0.5027004485466161
0.859376989019663,36.48040125664363,0.9317007526508212
-1.543839916770218,2.933404933460025,2.637261261783078
4.853454221974828,0.6876211354829368,0.17293327768957306
-4.4922083837129065,6.33215197481713,2.206258889810121
-2.606644851221671,41.32407800595566,3.6753977974110237
3.688416878935175,-2.1579003084883204,3.969034894993743
2.2801237718340364,1.6564768610323302,1.2631816659873272
1.5922935218687893,48.515071016614975,4.3524648153689185
-4.017739828728393,0.8030921372407108,1.4918618181332923
2.157571841569487,17.143296407947155,5.109557809093089
-1.1426137923729305,41.23469612486532,1.1959169177611728
0.6748120404454374,14.674355088061189,4.539431452690649
4.151180065077774,-1.6760919712418896,4.35511516565857
3.960998813426956,3.3162239299661262,0.5051878215206022
-4.51602787504012,5.046922336262684,0.32993682750968667
-1.781266206530101,38.79825002655303,1.646167262154541
4.988512407513364,36.23936913616851,1.5224976211847094
4.923914157829529,25.15333880155378,0.1484285694480142
-2.4862253352213575,3.2813811315023536,1.7074159738744363
-4.7077216698828135,17.009935608500406,4.169579834853772
1.6289291434970512,27.717111647354653,4.484695663933923
4.895798516652128,11.538328547053068,0.06042463352961191
-2.728292259457521,1.9803233193188254,0.9507246375298302
4.849530032492374,44.7203176192802,0.057002584548345475
3.9315537714229096,22.735864519028997,0.8475643862974565
4.866187351475051,31.074011949150343,0.1273692394867929
4.750480054173262,0.7414660709154505,0.210948092880821
-4.876643797735775,12.323612719678115,4.057773929593719
-4.998169199821022,41.54179053808387,3.5535995500187663
-1.9493715543416665,41.9444781436256,0.276313757169261
4.871714997233256,4.448750264959734,0.5809299077524317
1.610502328648633,45.2258685952565,3.3216788477743378
4.872398947352288,3.7981783280855526,4.039910103039826
4.999999914713367,5.066264261270422,0.3055963537994809
-2.4859949282238136,4.354144821696497,0.07717041285581192
-4.927868374538454,21.40600139572327,5.126380122758432
1.5758979828018702,42.50975668960804,1.543701686097255
4.98742771257767,8.178148909312979,0.7178008175312474
-0.2583035341412319,5.3674403170140215,1.7237074326583859
2.9575219708645544,36.32008812265047,3.839820710894682
0.4811923906201835,29.03325344307945,4.67803844062928
2.4303489210291334,0.42981365920153325,3.956592310888019
3.7456012812797512,5.127563973485423,0.2993688405474221
2.0914441171546083,44.71385985991881,0.178637688799602
-2.2149723193861957,44.54422788415564,0.10911030458100812
-0.6227612523499926,45.474459992021124,0.8971647018149095
-1.7213058321190067,8.709172961605475,4.639673572299234
4.845711204167476,42.80392499632412,0.071046061041127
3.958264541096401,42.48448578624387,1.5231420546640673
4.069735542656019,25.111654778289292,1.509424906046328
-0.1203442753628866,5.210627494582591,4.428328113253811
3.5069875770749874,1.0700324390864875,4.897291316717519
3.7619020308247713,21.55837714982406,1.683912411641555
4.796944052139606,32.02776491457233,0.8103495108463808
3.1188224895298626,1.065119669106234,0.4006272477661801
0.7722313801510021,0.2722965964419475,3.2897979568621105
-3.9814237872978264,2.635131025762561,2.156278840568932
4.98825325918832,43.33166513019504,0.27314720414551685
-4.940524102496658,44.57575941614935,4.085586642613784
4.91517574078349,2.3357748044624365,2.594908526855378
-3.3250657836862474,12.498901649094199,1.8195794300281136
3.5802509885355565,-1.9569339011498252,4.92505572388298
4.758648313871426,41.700219176968425,1.827158205746226
-4.187037151020034,32.02045667243176,1.0177801938702944
-2.097503233640681,30.214091947165173,0.18094873017869764
2.7055873786118023,0.21774462918088544,0.3887959841144411
4.521540897131765,0.5142642102292916,3.193773371046753
4.608796857085896,21.860843099157705,4.308122759949478
2.0509299875901514,44.457719463434955,1.293288755473915
4.239294703589457,42.29542353030716,0.9305215693574502
2.6311882622339002,42.73413179670577,1.436680906727441
-0.6234521693484334,35.99612044666294,4.700372136717494
-0.8912155806316918,31.948641155659633,3.2789743083626
-4.6000714847418145,47.238604020067726,4.555085652945081
-1.4095321880761151,46.36016195414596,2.0232236374025585
4.9046873311618775,0.019478281896199663,0.44370545451123045
4.1935912842309655,5.767287673768618,0.1781459377761806
1.9635868913497405,1.0056809056314233,1.1196736100064457
4.18346594410109,7.63190487933308,2.290619811041471
-4.99883073797534,21.413055442420745,0.6177702196347268
-3.688747762528984,11.427560843363473,3.4700818329153393
2.8569138066793927,44.27442443476729,3.922701676328635
4.91295789434827,0.9140155993629682,0.6237970853163426
1.0798066767777734,15.764494044067385,0.6330302330630908
4.320072775460711,3.4666703908001173,0.14221051611519536
-2.270655014633803,3.610239132735682,0.4828666093270342
4.844569032172102,38.34845899015628,0.4423824738848804
-4.241518943797998,34.16681294753496,4.232844318372298
4.3515909076657335,1.2258833447649278,2.3603376777680865
4.844634308259753,24.321616587925114,0.06301068836357643
-0.18036785241978545,30.114960316064707,2.912416966211662
4.740524490990565,10.258382713517667,0.19135570961932705
-4.086292397401402,3.5662384787630135,2.7190783188684726
-2.079268315916405,33.884833240539685,1.065934293924453
-3.6005559932442277,2.8325196161824886,0.6604811851601137
0.7427020249078288,40.7182176839937,0.9427593862051692
-2.4154946689777166,1.5847386465590048,0.8675601845963455
4.795389256957297,0.12327651487920153,0.15053464304847697
3.9844611313769,2.607451924818183,0.1907012417290619
-4.59471584387914,31.419891787962793,1.7851503938769109
-4.850343289489029,37.81822178542418,3.3347965295732416
4.854999258861935,4.060451562578491,0.08666216960725243
-2.9634779398021207,43.12321889621592,4.473965201336749
-0.7139558419414022,0.3986806447116527,4.425039762306868
3.212178205082995,25.115839076355634,4.529789295205313
0.9565154464089054,8.030784098383574,0.6476998999940884
4.964944574916162,26.52750675352855,0.40499086603384016
-0.07099494536929553,21.64360951263776,0.5410627369788954
-1.6230383532173407,23.38719991300028,0.4099263423031594
4.9515849978943836,39.25960068823231,0.08916810164572787
-0.8670590495693944,30.70315671844694,0.2721214565577401
2.310881480223475,28.55359670821093,0.7692054016834111
4.998588419425639,16.200222879811847,4.707055616274671
-4.1965636181514,2.8813423076694207,1.2888418008580413
4.776175863354132,6.670079590735437,0.36315021093705085
-4.092807497529495,0.7541076871557068,2.2281589247539664
-4.993571230162448,32.81636839755671,1.4941937595942114
0.8102868576415422,6.426881501710431,3.3299427351217212
-3.213351216538152,8.851333525553358,0.8806823541168803
-3.629166014386136,8.511446633014796,4.529110479616197
-3.2253327127471207,4.36087426154438,3.426847453524744
4.85621174961662,34.10855790672157,0.5234349604182471
2.1255990739420945,0.7233359919080938,0.7212162447745144
4.089382920980071,21.03529757769701,1.5729694940083316
4.996135262339942,39.214143628829916,0.03397462407445681
4.686158897556054,42.211935456039086,0.44519358261666797
-4.1570842572430875,27.16298785043274,1.5791198310337837
4.466315300803728,4.338446440633146,4.478031326151838
-0.2526576343920625,12.632993635893776,4.497278437351807
2.2853036085578893,1.3506872364481086,0.2943166013269203
-1.1118646210692729,33.74288284820979,0.33814463221976065
-1.6438606554817927,38.93275882174508,1.8902197000331757
4.936343679312318,1.4628455286735176,0.057020295695425556
-2.03284319733024,4.027193867883089,1.1032902937384044
-2.5891913073599775,47.68620827930808,3.245413821400961
4.981059605873661,1.1122757721046974,1.2899516399179483
2.8741175225109803,22.078451090193468,0.7230703787723293
-4.985929979349195,5.279356550238884,3.945979826520623
-3.0013973130424896,1.2541348267024834,0.16993019761800168
3.047837235269494,2.6525399278410915,1.0472374054776152
1.5794933641769848,7.501003387632452,0.24847350850735028
-3.9501140654962312,39.07292700538428,0.262712274347802
3.545558543762901,26.918041054894438,4.665728926010821
4.942024428008207,47.012499957472706,4.89535285189776
1.6061256829237704,0.33649005402735516,0.34623326259022075
2.5470459106935435,1.8325886120703387,4.243653758586467
-3.2118175211101634,28.58643713676293,0.09937636562598742
-4.005650230720449,8.353331209071138,0.8603900590204944
1.8459800678506997,47.16726610435895,3.5128976743522573
3.608173950834073,6.731828163506348,0.17683972683068813
-0.15921185060789939,22.330251063904623,0.9229644316819045
-4.997711151936367,3.419812263846032,1.0286014936045473
-0.7012141293959704,16.87832781087651,3.023697953602318
3.15277327174899,0.8063756684446222,0.4032734810724652
2.7162921594294347,13.402142468282992,0.27217563030827696
-1.50117956872159,44.214853786913395,0.9445265590170367
1.162268385903463,35.23299650656352,0.14766851615485582
2.6415024717088347,2.306414479461457,0.7822554382795677
3.989578339044539,19.14499634437868,0.3798140507468745
-4.996740358759516,40.28747173530948,0.6975373747771143
4.847540802773257,42.08625457134106,0.15562992196209646
3.649799439687484,0.7899448531131544,0.139337987900372
4.95556441369449,4.9377356995671695,0.4959329981868216
3.904565640955002,1.9033381078768938,0.7191455459628926
-4.4847322647190495,0.8916546852822453,0.2686052422451691
-4.705044732931691,37.493137642587314,3.8710777275446726
-2.669892444732006,7.733201932622433,2.2082036644185115
4.815560486720157,0.015204582298584512,2.299122127495819
-3.165040480113754,39.54913389807231,1.2418917799347728
4.428443336381191,1.2872616747260512,0.5073101754025404
-4.936908558019798,43.506402110868585,4.301006452592648
3.056824056105096,1.1867023250758435,0.26343231625427377
-2.3441865101105126,26.52065236879049,0.9896887557241532
3.7424293140577665,8.674735618258522,0.13635999913412908
2.7517005053427743,-3.1604029950594175,3.9217516348835324
0.9044155659136748,25.744832490342223,3.1801775246068233
3.7451329346011004,4.3375516580214235,4.4643294376160325
4.932507336385403,1.5540977579889568,0.11230252594802154
0.32325618856294003,41.27455908968667,0.4677925641890394
-3.6866687544266687,29.534173770670595,3.5221798335701746
1.9918321733310707,12.909608536142366,1.8211306788480823
-4.18191039711871,3.713771146444,0.24170984352646638
4.84903969729998,44.506202720308224,0.09239322180269598
2.9536386794624137,12.14082581975907,3.675090556802766
-0.5664186300788782,-0.13559059493913514,0.48612635883535626
4.998864565701648,38.32713447580035,0.11896212608475618
-2.207858986115031,26.283850671373,0.674587583003539
3.8606061507193523,36.14057184543832,3.847344187487778
-4.812469824516469,19.227756615461608,0.4023096669239117
3.9890852210473278,4.913486516639801,4.358349120247835
-3.5966465273544577,43.375620031280775,1.2922981716718933
4.29030716849456,22.875256699927927,3.9311259618336276
-3.2587305326697047,4.439717235944404,3.249180471297623
-3.0825921489184345,32.23783799700653,0.7270247960485219
-4.279353877001219,2.1911956611343792,2.19189813127091
0.40365151881643446,14.101252887506748,2.2892126219634283
3.7602825562491655,44.268174749994735,0.3002186485285276
-3.4266325442365924,17.845842084119983,0.21971996379209313
-1.874901192893426,34.254852368909816,2.3890427820279476
4.952932904945868,0.7950699372783213,0.9414237330067579
4.898811373683171,0.023298493573242304,0.34799157246576984
1.476942545692842,43.87934107444134,2.890132357266601
-4.713800879494382,3.081126488105964,3.1818332926886392
-3.6321006646286995,43.970151780139005,3.237567598723393
4.982279124680837,0.00797148967015715,0.1548959900163205
1.4986049047312573,35.94680287887442,4.381403714792183
3.10143701325297,-0.3817456527857469,5.0857587485210365
2.7733824819902546,9.870574231561912,0.19512921723035298
-1.975479854826422,42.01643337303406,0.5528951951490543
4.935016380886807,20.478005358516576,1.2026401767803017
-4.505950751400652,19.876411379287177,0.49159597579266073
-3.035834663376193,-1.4694079072716923,2.406488581290516
-3.942941237953321,-0.2784778574569494,1.0126611057039572
-4.298792769011193,14.241518969625062,0.3567759196072549
4.90486614435654,38.6224818921673,0.07927758135010962
4.800079358504728,43.5963570994315,2.2653573486328176
2.623686065400925,42.19589699035506,3.279625241446836
0.8886885763642138,32.61508198475259,1.6296868878694257
-0.5677734784353826,2.3696983076937315,1.2747269993188048
3.8031599494752246,34.219641638165335,1.1505364048811428
4.998885363915832,38.83586223766347,0.12518372509810405
4.9976860062520005,1.9678571303472812,0.09665642814301556
-2.2989852362966543,32.71478755387955,0.8894772534685673
0.7282432981590217,16.70567366586476,4.624615435756555
0.8726339698920237,0.19348406571390908,1.721556472865289
4.1747572079208135,44.58415721218298,0.7296932327368263
4.813237140830398,12.197436214308865,4.74894843308229
2.343254976660073,3.5485108317594705,2.922376027251818
-1.7276833949802326,32.128480770653525,2.536304063829445
-4.441826205845692,32.589153219599325,0.9216646947107414
0.6377729432166497,20.637911907240216,3.8716925164641802
1.207226409497895,31.32698854323481,0.4762358654220403
3.4228364224379826,39.436248695463284,0.2506676950692839
-4.8606268016287375,29.076359102204666,4.663637946671861
-0.7619049932559508,46.64882481970957,4.207469355635918
3.654831175355916,24.88428925740267,2.490544451316225
4.909392054130703,9.80765827342945,3.2971631960691594
2.067156420039197,31.161330281389862,1.920979635537489
4.9990761285785945,33.825885320173036,0.33095914171774615
4.97724742121814,34.92676648865408,0.047956896650633726
0.6658738996491587,8.678123333613371,0.42233828041822435
-4.064276136873498,2.3080029349239877,1.8444200949138971
-4.999989776291868,43.738386941906164,1.6755729151985803
2.280966852922551,3.4272151551781076,4.828856328604816
2.753484456875805,15.92501187769619,3.4219853429527727
1.0160206752482066,45.278613854790656,4.38589781849973
-4.947663762076414,15.528994846880103,0.5633045527008333
-0.2198890469283635,36.98575022672256,4.649244609017432
4.7228439770016974,0.7576863670392449,3.0368839744244833
-4.933657454163419,1.6946522656767267,1.288690958825421
4.994736261581606,7.20208663575685,0.2014424704075184
-0.9649612675734075,1.2919012739261861,1.5499900130868378
-4.950209528768134,39.58904032608958,4.566114246441769
-4.834316301489825,3.3561189734003647,4.342221465827934
-4.856697383320917,0.7112258246305697,0.7221528579764069
-1.3467713158734431,48.35404257915843,4.397366294975242
4.9620052916457205,5.658490647844043,3.4839302689805214
1.271156860536709,26.38070758280794,0.75212684680525
4.907551810370904,0.01849910485422379,0.2835094387952631
3.966565887256557,2.1221830131988613,3.84131820836882
4.988654477952018,-1.1148132982047043,5.1385202391302744
4.9667560424246995,29.06136214158944,0.5297885494281454
3.9804670435364486,30.197636269031033,0.7514887869433156
0.887141700503812,-0.8813542852519984,5.235567672282483
4.780981613467486,13.572942373094618,5.233049848196973
4.489650789977207,40.70860704335577,1.7986620015347692
-1.9536668277937552,3.3827014299293756,0.3386183095713844
3.293916001381802,28.43444893566676,0.8864609646225317
4.814153046982997,41.051152233348866,2.880622504405185
4.851551720997258,1.1381017111621767,0.07793380915328782
2.4765465446709363,46.03159172976589,4.705496767856691
-0.336499624621483,-2.248316602780618,3.7884215510846246
-3.298899379172081,2.440503106985814,4.422570666721216
4.5627571523935515,2.8899003199594806,0.611554857962604
-4.980858002730836,1.637552599821188,4.463402491029188
-0.6527788436604737,25.11877276064215,1.3242936868629873
-2.4300912333441644,36.93203357641522,2.060239624189518
-3.2102444596385666,12.241087006062905,0.8765823612369966
-4.7035970449538125,23.682068209524882,0.6951252178547117
-3.9641722982565923,8.235787596143425,4.51723279520245
4.416545113339313,0.996712971928241,0.6032682461104104
-0.11760138197960465,23.717038400375824,4.191976090822167
-0.9591185746556563,40.018552419374,1.1602388074132255
4.217348436903616,31.053151673714634,0.5236157154190012
4.925710248163987,26.38323639315947,0.03452071182164863
4.067019441942573,3.428165796840946,0.776522520600379
3.382671944948754,0.5302919428802448,4.742795898094189
-4.982226508691006,41.62831905917452,2.0494669677753574
-1.9386884618826827,1.9701338906272472,4.4670857714509555
4.849132908927932,39.31164549698835,0.052628467189120016
-2.836412171014315,2.932189803121167,4.3394550359187285
-2.0297349311754576,3.8089440738213987,0.30059599419306327
4.856767916339658,39.126301858606844,0.15337577637510103
0.2040568055869221,48.62661132959751,4.1145049754260175
4.978895497334509,0.10751627642957988,0.49463171591526345
4.040981764751377,3.751331919980486,1.4837902175682327
3.190621699122309,1.488377328776763,1.2780790587297028
-4.216392316431625,32.731195807067145,0.7846267893865035
-3.3932285571924843,43.472691813162456,0.284275838027231
-1.0107829219128281,43.96704248545956,2.623316781169482
-0.9693916120543855,36.88637866158268,4.903542756494134
-1.6116938760283352,4.4056213832177695,3.9494942158149238
2.0942563346857206,10.211632830616695,0.691954362485983
1.1716912061388276,46.40698376394634,4.474567797050683
1.6993699334968049,26.653033372172686,3.7611383227526263
2.4208295754359823,41.771199463798055,2.6071155416305176
-2.811022912370657,27.53074782340306,2.7383369497818184
4.536276043955492,0.1464710385542821,0.24636739460480303
4.886979435487935,5.288617937932542,0.1313162251942187
1.3109127571872348,-1.025541423898906,3.2914882519366215
-4.989788036592472,4.209889055761362,4.281898960468637
4.874983730635114,33.759117565801496,0.6917837380393659
-0.3712477585755639,0.4336575324911206,0.33431545576572297
2.228285812936767,41.44751309536041,0.3722884921006241
4.849751728413444,42.15870354619766,4.836993667126536
-2.5520240999106987,16.45756149863786,5.33193073931912
1.4166737569287977,1.1286239489427152,0.3610285730851005
-4.897522362593579,14.999188153572454,1.6766944375725497
4.651136771466309,0.3728020189947521,0.15038796502517476
-3.4939352378739983,33.868239665526325,4.586767681748533
-1.9614228816495374,-0.7937613849074451,1.461346532834197
-4.931259981841249,1.187452874069151,0.5451424510345471
2.335238009731955,-3.2150513796476465,4.319622350622417
-3.735453507602702,29.223486190863664,4.063070931540004
-3.922980789775959,0.07999942539639748,0.7570360066835609
4.90328747706629,4.449305230651799,3.8735185285356235
1.191553095340127,48.449165799004064,3.807322642285141
4.098189846906976,26.701325969594567,0.5977710398393788
-3.662108598593459,0.1701556506349233,0.34338521593633164
4.667350607859852,41.11925880556377,2.591923556751492
-0.7098348073498161,45.718383580303076,1.3261883315878282
-4.745852371325311,0.4457129769875742,1.2707002758762358
4.878764907903093,3.061491373309377,4.472642848852087
-4.065034362529988,2.8379503442999607,0.7774943988224392
4.931017047601165,0.19425707318323238,0.29288186483532924
-4.554528041010558,-0.21856467315922146,4.164442883264826
2.37339135143755,0.15804340502514372,0.401430121449599
-3.8782977710328,1.7243476888444047,3.8932516631919256
0.9301497107998518,11.58384966855811,2.1014890419258143
-3.6029198185303364,42.98536767816311,2.8861891702445375
3.6536656758356214,6.379958023976178,0.9258914832100051
4.885696796112539,48.03806827966739,4.280104350955681
4.733552237356962,42.62029898302162,4.619940236883566
4.9997716439614495,14.12756551603228,0.4346547217467027
3.4664183096297214,-4.326800734249883,5.11900326599693
3.771429329679015,9.660443288864213,1.2634234461263112
4.251119721590007,6.935265687931206,2.729360317999996
-2.1100337127867763,16.049093738911683,1.5560927475055686
-3.1470024377340007,39.48641972396926,3.0845487936937603
4.922147777951511,15.571452493778978,0.16883066353991225
4.99349109572475,33.159767985813495,0.2219661662857197
-3.71700822204015,2.1260418255747306,2.4888988734400046
-3.4640489336691935,25.639228558438845,0.32208587810438577
-4.228209263018776,33.18415157487713,3.7550490652486057
4.902003424899052,12.276717645489455,0.44496005611903355
-0.4503160440982863,12.013617964336353,2.503111812334855
-4.5585747588821075,3.213023895996272,4.586758791663104
4.966218901467005,0.2616188641151912,0.143062664410712
4.844647962267726,28.479764099384614,0.10215432726345999
-4.111676218406816,2.1958781080751075,3.212030201696481
-4.689841734413397,43.867778735367914,0.433560055958037
0.39360867003984895,8.625157705903023,4.759504481378938
4.999267912452452,6.331001043807911,4.401422189207742
-2.5155133387068367,41.33055110513687,3.2825842759220607
2.4408437836776735,-2.7686099288517894,4.8442292717368955
4.988045357876558,47.47955055433284,4.4158768631978065
4.521445459845036,28.841368754750828,4.51713782005694
4.614631323437896,45.134548511916584,4.539293599800841
-1.672100381174276,42.39020182161973,4.472324086349048
4.980070487076519,29.2639128103454,0.4337816883050324
-3.725901890861982,-2.531293685264355,4.966181247495199
-3.4137119924056725,-0.059860518514748606,1.5783109439238514
4.957553916870628,38.730387916647686,3.2169526699193787
4.720548525041749,3.251756738185408,0.04265067065064069
4.9958427232047,37.86781303210842,0.026088736160273084
3.252383201526423,3.677466797043774,4.219113085984508
0.07462351259594638,44.6908522966119,0.5927645846167559
-3.1115809047986946,19.79265088387253,4.085793598324079
1.4959983388255216,0.2964059060933759,0.40139537455712015
-1.863266195609087,42.392178265486294,4.525432645352856
1.776178957142371,43.3148486663268,1.2786663541033378
2.514248862613955,0.5706854008080302,0.9393295448078592
3.1181734270975565,41.98241440252922,0.6532034800020604
4.957667285250941,16.67228809893278,4.259545402580909
-1.3365019282755661,-1.6228266835666616,3.660489627187213
3.7737184106891215,0.6251230971295351,4.720768850540662
4.96404143837799,39.47071937427349,0.4061879015943561
3.74090645320599,44.97476600923209,0.8853857885027107
0.113431116818938,40.41047557234665,1.840010042986022
2.8072605925459975,3.0005797490741637,4.545022215686576
-1.0382802280646415,5.812153806620384,0.867723233951893
0.908315392197864,47.08406632538043,3.5013758438857727
4.726078077325447,0.6890932995290797,0.10966793899204705
-4.834665210532262,0.04688603706460475,0.6924690666644544
3.552422520276571,43.18773720096369,4.3303813407326475
4.979519672787795,26.311281223370607,0.0563610471410415
-2.1131192277635042,1.9417701759868138,1.9098731176776154
-3.8233357899553235,34.72550627025184,1.649189455896179
4.974129234598847,37.38698737119659,0.0463968767019803
4.883547431371489,5.125363693848303,0.16433979385321168
4.710796982441546,-1.2446704686450487,4.809828449141658
-4.9369696807128545,12.550587575332573,4.563144274701106
-4.461523906219658,1.151759099164178,0.5438142633218049
-4.950725845822158,0.7523037527487171,3.025972629132557
4.208181085362668,23.05031014976998,0.96540646324995
4.317512046475835,18.50589718038625,4.303587484537245
-2.794649917264194,1.7909161923942063,0.3405351030774556
-4.905355368409912,25.75915373046468,2.4889147283839317
4.989454707039002,3.4731934019652932,0.33818187536341915
-2.07501153794939,-1.6320332486261548,4.344338368410565
-0.6043518211495659,0.04441149502993847,1.009431762651942
-4.12930420617807,47.83696908833557,4.468771027233695
2.0834076542958018,33.12389600812158,4.434922352710984
2.3376552268734803,1.4080582126879555,0.2773039607031629
4.948659220472195,43.362712933912235,0.06203798402824902
4.9017072322179605,45.11281210265115,2.506760822224096
3.752754643281638,31.248045894968982,3.951705596050802
4.9762467893056845,-1.1031921482524305,4.222180581903055
3.8594664668389784,6.058757804278708,4.855532099398437
-1.418100515279007,29.69319126893525,4.928767561201643
-2.0662468159557505,42.95970299617335,2.1056757960271604
-3.609397934515279,30.351844795111557,4.159942422732336
0.05403167236872479,19.254417917454393,4.789233827742393
-0.22026669646461172,10.425491588755913,0.33768876113590207
-1.2953362807731188,34.963298388708246,4.76453678687279
3.3726424711815968,0.5000104635926657,2.207612850834362
-4.068939970347195,5.061761296549508,0.39295151011361396
4.964125344735281,40.454271213654756,0.04546952797640237
-2.5072379941705085,12.568198745393985,4.255082116332484
2.5060204995877595,3.894211238553628,4.382529142501292
-4.302840645008031,1.4347704420033538,1.490037092855613
-0.0976988603261632,10.181227938134708,4.469050040232913
-4.871051776444434,-2.562879969426545,5.123933199126487
-4.380637207829033,0.5323222784183865,0.5986549402842658
3.8004606097297007,1.0670299661654519,0.8744129975422681
-3.055564469568382,19.34831010868595,0.27962915694312585
1.2619413990927262,2.760038716794816,3.9502579517276764
-4.239094757089143,36.093203697105125,0.14354274238693848
-4.438726122677508,0.16339845592464244,0.3215561511115288
4.972108242224374,0.07108350727430815,0.17333841132183594
-0.3953115537297871,0.8843974625734947,0.8433982859888752
3.948037085341988,2.1097384896747373,0.6981885749383914
-2.4491195232791076,43.68612173111942,4.590071924617555
-4.964233145455707,39.22570295187281,1.3498858891178382
4.889503725633989,3.0731442798717126,0.11508170190807565
4.669661460843036,34.76933469285859,3.7011614329601716
4.901842010217743,34.171361269684034,0.0309072799819848
4.483322312547994,1.2002023845431515,0.2845329588822192
4.38094119790819,28.783071282005558,0.17233892905864764
-4.999640425365698,1.6354361919613436,4.7253762758990625
4.554671225743824,44.5472798690178,4.381144800034863
-4.03479671108043,12.069712958822354,4.689704685338179
-4.963935963887971,30.837703672564317,4.463849815593207
4.9693762900347735,32.83304540604705,0.03436738146555117
4.9971148688493585,17.656888408009394,3.7967835620546575
4.344203234248994,42.106128293251416,1.471742829850697
3.7704892414250244,43.18650331862093,1.2507600448028726
4.907652692887995,23.334111029948144,3.058983914594356
4.9298411138732625,24.481083261227074,0.1477119712336521
4.994672947264155,8.607300810271932,2.725470345102352
0.7516155668670811,35.208554462582576,1.8199170492671648
4.782970183142768,26.62854114329326,0.8220686958311563
-3.6907862966781946,2.497146878779473,3.1628959009654265
-3.008271197138334,-0.7680898536235751,1.1596030040426715
1.515351175723565,13.72649080294468,4.5946595272951765
4.381850822920032,33.77846564091299,5.092393829765639
4.653863043594799,41.07031740518798,2.2109739908959227
-1.7572905846273421,-0.4499883881012312,0.8663195943905271
4.976515971061721,37.2950520171905,2.327032351578333
1.114122624001959,38.561903098112325,4.57171806607876
3.4205723747379646,41.46031710616906,3.411818702093948
4.238310019794392,45.79491573075795,1.1387182793040842
-4.993276404209944,24.557295721459052,3.5719602334322733
-2.933916406440729,11.116061584976375,0.7476651966721177
-4.783419515757986,18.161626564387046,1.981295382728885
4.073857403610584,3.7918856238914755,0.05365719542531198
3.3484823275008573,29.460992441886997,1.3614222705560932
1.7041712151179513,7.116174162692763,2.6620081873637895
-3.653056673755421,3.6976827603989886,3.723961899230324
-4.935663155099702,11.533761891730773,4.026021159322684
1.1569620514390084,5.020400328969042,5.11192415929285
1.316893128475825,37.81085143262151,4.693710161669342
-1.6688851347420266,0.16424808601558197,4.214306346266536
-0.03261130093849562,2.057494800585647,0.19792603818669555
4.999768546908707,44.9714076934348,4.187124603995229
4.5649719485950815,0.1894914105292157,0.4563616553521718
-2.9843024172950807,17.826200366370575,0.8240262159911753
-4.6034298071170445,8.620803824355793,0.2672862608981742
4.960792554485604,1.0125508764278908,0.11877327740486204
4.960405075664372,3.500759144895123,0.022235104953311116
4.9999147859021935,25.27194674464224,3.730910747040884
-4.27183658845982,4.3910570841091605,2.477666979031657
4.940991048988033,12.36962229941397,0.5073223018144996
-0.5115299507025778,31.347115090180115,4.11456080587365
4.791271242745079,4.432142808121466,3.3824890581636615
4.887682829985963,11.2829406843348,0.1839023373390323
-2.311428206958172,-3.3579919635500266,4.673004313439533
-1.6541300904321394,9.209387744656077,4.4805304593915505
-4.986075661337844,18.075810064699695,3.314098295161138
-4.824039808978985,26.535788884564926,4.83465261973056
-0.9135446803750995,2.982947488648379,3.18532834205072
4.385328053454321,21.65097476520728,3.890162939075348
3.359443606300898,24.94349486055241,0.6589978884586138
-3.526499780200087,24.24334215021857,1.549210247203839
-4.948417384506571,35.09061209579025,3.3956002561733643
-4.741324815623432,2.9371552849632776,3.984088196114824
1.8824560917238924,39.67795523824275,3.567560643460108
1.5547951867281207,28.383017978655328,0.06599078553923071
-0.11347324884637548,32.16467627234203,0.1806287644832229
-1.7022284332651374,18.153923533610527,4.023480872197188
-3.6319161522144654,-0.08539341809870224,0.27318696075014326
1.430400024609784,1.9966419005341327,2.588247981540234
0.31691473657927094,6.712540435160139,0.7998232488985622
-4.923231987263251,39.412908716541175,4.569283101842137
4.8620308586082315,40.1493405194764,0.09419298204551499
-4.552040337818699,20.02412331710756,0.9022900081209339
0.5402108888677116,32.6002584410196,2.9055859815015537
-3.6363088260869003,2.658626141560525,1.727728660378529
2.6515219398973477,5.466931050819244,4.377018278088339
4.872344000012366,17.75753346529684,0.06984646693067308
3.5616297390587865,-0.09636837602304762,0.7257923897063955
4.946137549398396,33.84252798543452,2.743885759025659
-4.976151213023449,12.410248030040645,4.488365887430836
4.852388401775848,28.00059740599316,0.0697343511853855
-2.1983116796826074,12.758857150687636,0.048032060031005575
4.998367914660812,-0.7190051064444035,1.1864181469135089
4.404078759127351,38.23854663464264,0.17344071424254742
-4.81551723941528,-0.3353825728150457,1.2835380491393271
2.0398349813421,12.791765913864472,2.558312732486198
1.174436025013481,1.5950815982963715,1.1520758199062535
4.434417979709659,42.656685674403995,1.2127595898554524
3.5117549726230948,3.1606953256753387,1.3963194533642274
4.926997605747077,8.810018621431741,4.1020335133904755
-1.882634473193756,35.712128433442096,0.7178725829652169
-1.3777132914981718,43.64511898842049,0.8786869077414557
-4.802596820196776,0.10225041673322655,0.2631900417735834
4.862381561215465,2.2778861163553743,0.12272947519795845
4.999872874301124,6.328197718978671,2.728693135738756
-1.6091814870668837,38.708286872692476,1.9713623328864929
3.337343298619297,41.973131777153505,3.9224829633981044
-4.437174252129072,19.989590318056692,1.0961706758569005
-1.4874270726519758,4.949328241668743,5.106551861754869
3.3694366584093127,44.47355641682202,0.5105886033516793
4.551267730735829,31.769670235087997,2.155883447039143
4.997004769985053,25.24281790411523,0.5336651983755356
3.423988184257538,16.230632250675537,1.5050002631592772
-2.977524574746041,0.8577961473402304,4.440727694226476
3.2782508189607427,48.82257394115902,4.464666627882289
4.989487973103436,42.78713056888891,3.263310834174292
1.372159574728057,6.278225164165533,2.7497294075092253
4.373402814884485,38.89618894286879,2.2774709964545283
0.3449076321382447,7.248996148901498,1.1009821173482823
-3.140182668484898,16.005064199398284,1.1551378569853479
4.897444836315662,0.1807423583942815,0.054743897007492104
2.444097015663759,48.54572385267508,4.033744549936268
-4.705213671166443,32.88282271697471,1.5305088806891842
4.894786163789605,12.291523385853063,0.8310183695329647
-4.992253029682398,26.11109840681579,0.7526163138755648
-4.87821767616048,8.791093290549203,4.522472265026056
-3.153263674500653,18.012756991611038,0.4665306932002418
3.2288825752362547,1.995000216602368,3.1510877441915666
-0.7859657293751718,38.80544987886445,3.629104794701608
-0.7870765190967287,11.51827114408695,0.5397058334571033
4.996588316289149,43.23269434045881,0.160851079305052
0.8353442054752762,15.679361694200475,4.4053013015582225
4.994359406983399,11.596664802722213,0.459807091606528
-4.992995162588181,7.212919662977325,1.0742793474599774
-1.0566645177734117,5.0333521608996445,4.517314155005922
2.640480091937372,1.4041918188500775,5.093925663078104
4.392358401130197,0.24205220978920036,0.6207889302963463
3.9188449672057857,14.236516832365037,4.5544107252414054
1.252073671531684,43.95506007152667,2.6192221468105026
0.17658260588443758,0.4895992118235108,0.653835610091765
-0.47762963465867403,-2.9153152863814245,4.7152811298473845
-2.012975026483604,29.609186798865668,3.7955074136021274
-2.3262120745980712,26.815309626940852,3.6652228015268484
2.4181431838837715,6.071150090044766,1.1107900207324843
-2.1642155224051836,49.088318387985794,4.518811411831475
-4.736686551587955,42.645784337623994,0.408646470936601
1.1775402699848152,0.7635890823274714,2.349569620397001
-1.087112011103724,16.585806664347704,3.7697118413540536
-3.901993592551121,20.507708406229593,1.0902975228407812
3.9432639989175082,-3.834454006943632,5.161860987155855
-3.0994607568102883,5.600750259458168,4.049785739945322
-1.1385996904440396,8.233246459050187,3.1373262041926147
4.932350629108312,35.25254131099889,0.5012606396853292
4.997940757448628,39.70893588266517,0.11445886034963162
2.3657477574609804,26.27808850361094,0.5843869865073834
0.9762154825465927,3.6110063177394562,0.1518946029926765
-1.3798442777461277,3.929074795716912,4.495889470668726
-3.1658377962202455,0.24841061893648947,0.3208978909631861
3.1549816077564707,45.435972909112024,2.3500358753272974
0.06809773093349031,27.225598617513054,1.272681749207299
4.723174316526608,13.641965469750218,0.1790640270970319
-1.6531751838693296,38.12371388339619,0.20598353039779702
4.878120633017949,1.8281760852065587,0.32562500214057744
3.5486980764255294,-3.415604859632737,4.020405298584508
4.592796566343452,39.4171122597243,1.805210283360492
-1.450989097634269,4.1065566672412706,4.5470260006758005
-2.1851547885991867,10.916340094050373,0.3281809122946654
4.298644842282417,4.010848450621448,3.988849134444136
-4.948382192300494,43.511230596083784,0.8013238318031133
-0.20140277341484727,37.54495488900509,0.8182048345142928
4.349617123416218,41.761436983284376,0.668621063520764
-0.7563117627704469,1.1292470168282946,4.98669821279746
-3.158094455533253,0.9026432942698376,0.12728830433668245
2.4006319495111086,23.69980285138743,1.0029671223209788
4.747361417949701,-2.3262152579252113,2.747380947709969
-1.1942539800851226,0.1911825413989489,1.5243194042448025
-4.238067887968761,-0.6951460321628543,4.209242099870021
-3.2895535445210724,25.710724456604794,4.239286364930719
3.9795341040278314,0.5618470550938159,0.31189980311414656
-4.429508442502849,45.33078045272956,1.3862911672968943
0.45743526036737736,6.413889848027356,4.240611282615859
-2.4886564732763845,45.737541660444975,3.846743796305234
-3.914115552161828,27.66568667055985,0.08011045046353682
-1.5628838503516884,44.860662805875144,0.4706647416979499
2.4285585541794914,2.5086721494900583,1.6288326137492386
-1.7065734668390056,21.29100668953351,0.671797104722725
-1.604641588044259,8.824975373348067,1.6085436653963006
4.9722947395449495,0.11580680857838006,0.1634100218517131
4.3382523522652345,46.58486648227018,4.194535206284735
-4.030050165878151,39.534009122143644,5.2006842601875105
4.069346103892022,46.23877555232569,3.230905254971833
4.851053624709972,0.3729705704253706,0.09764170486273166
2.93690190631555,44.51806624832077,0.9948598099480338
-3.0954138088180327,1.2797088540251713,4.344327291654231
2.36723099094876,30.049741263755273,4.06729593063242
3.0005496942823653,37.34803524621866,2.850891218006813
-4.1466468611575396,15.013347027733806,0.5716860267072988
-1.9568518860977289,9.071292203525845,2.7283486583093803
-0.03016744772362883,46.42030517060984,3.9633674343684304
-1.59449573150247,6.891916995780395,0.8024098391826042
-4.6801729793689475,24.530354870169003,0.37844800302971315
1.9841803197159331,16.82406944559662,4.311419715045424
2.7973857402888473,0.23546825591488524,0.05931202406847841
-0.5747060043473897,28.640167379978713,4.045147306522915
-4.4332958860738465,1.3103319494139254,4.045915476326533
4.439194550471408,12.996260342442937,0.7606576293478859
4.48735399442125,11.802231051495495,0.25450339437810954
-3.5722936735894164,41.33363894705245,1.5630954092816087
0.2038274465275307,-1.3570649595341793,3.940227547800717
2.550212343885258,43.70703369406451,1.4782731918742897
-3.5248424489865506,39.23068666328962,0.9420888893884743
-4.998817683087236,13.686979951569823,4.421448978804921
-4.778447282356442,43.254544166353824,4.4715230209846055
-0.00910607507835171,1.1973701787650852,0.511061518243782
-4.8059386204555485,7.963240015527017,4.458220831911451
4.931859147079939,22.943413803989788,0.1830169516443083
-0.8872963786446288,3.041732091252711,1.8687985978464212
4.932935227143074,41.91803446263326,0.26759559345440953
4.847748852320833,41.41025412524194,1.040023078590022
4.844966744536034,0.5244688113767428,0.1113613601049053
-4.527658862048985,-1.8477036174598525,2.4718178422393393
1.7303467944970221,20.64434548116408,4.053527218314214
4.394067101484685,22.078726781737963,0.1760945647416835
4.903336152895791,8.015952651165176,1.7598917211113079
2.932731934876621,14.220424459145224,0.29582163517961346
-0.013030695342667046,15.950244620302513,5.14466342625634
-4.655043449849703,36.33881642487589,1.5337654697501395
4.977018120507896,8.599858863806684,0.09291982286817907
-4.997511722566003,17.008369029332734,0.03145532657823502
-3.4493099139180767,42.38790329837515,3.6986596156282148
-3.3157908775358065,1.5561955886261232,2.7619561405023303
4.706639536275331,-1.133917911543746,5.161251044084926
4.241769913336892,33.692790021413366,4.220745662429217
-2.6681411734265925,-0.5387141842525816,1.715817337892103
0.594953460657167,44.71991637034484,0.6340753406337438
4.008888209282943,33.12170022106996,3.2771568419648505
-1.1815231361279281,18.158892807786174,3.908898463813467
-4.914857757900199,22.25276861208659,2.5864296507631295
-4.104592436570344,1.9772776868406474,3.212503293277938
0.7293105266249239,19.14560884992893,0.2789813466710004
4.982964566063061,24.189301992695544,0.2001403623193546
-4.320000583405522,10.295631383142174,4.468866062329203
-3.6997594970607226,0.1300496718305214,0.46489278989030003
0.48200474399138504,38.85016139266632,0.15442687026426413
-1.5203467852380526,2.7537615904180517,1.7679882809137895
4.85518790697655,2.2305247750911623,0.07878683472262588
-4.987823331681894,2.8794059689421783,2.687685223470364
-0.11276911416251623,0.4100967534210693,1.071612476300166
1.7361498262470407,3.713909420663707,0.6211767155053837
4.888166296170725,25.4782087591628,0.34479930372951706
-1.203560384536662,2.4854407585041267,4.5768539500385685
4.982110844748478,2.271518247727089,1.3346216062611616
-4.957443271913718,8.234787693198083,0.3195447770993619
4.987371290723975,42.67378006845604,0.027125704183856167
0.7500543596370012,38.09509765428068,0.19024011252524428
-2.9488589056043875,31.506454628047972,4.399045662168446
2.579058310995446,36.75910199072864,3.4807991724711034
4.982942740627122,44.738281263906956,0.025535869606188914
3.8329598235884363,-0.38278150499408037,4.566895111807286
3.9101765271239834,0.7085651828506383,0.6757854179101335
4.961710342111481,38.07257789939174,0.02663573264827155
0.2100242603087949,32.936050096617535,4.120872440046098
4.95902107876559,35.09672709345245,0.2679793029289762
-2.9142689391072496,-0.005739256309961929,0.6510673159640832
-4.0443371440234435,41.969971029991925,0.6287974486916983
1.5433313308878163,44.317525869555034,0.037736818191585364
3.3146922408286805,25.482711346229898,4.427683179838785
2.371533835417153,41.633929454182415,3.808962146216963
-2.9964293182993336,36.00138224524424,0.4514445020426811
4.996067687860616,36.88335995569176,0.4630987387366752
4.981446779556218,4.2321369983183414,0.4447784283363722
4.295087549778931,43.81042852068561,1.1789578306615562
-0.987194283373224,34.75343565437822,4.104744478857313
-1.3190925594256417,0.7534065752113067,2.935819877320843
1.0620029382970004,1.111037718139498,4.736321718992016
1.8205369633638715,43.72932462222068,0.1738530822266222
-4.770401357200297,8.968470372802788,3.1426007077531284
4.9332380334705235,0.9239208548890753,0.30213865404574725
4.6370722321149955,39.3534379170493,0.14374214095357643
-0.637648633327599,20.100370712063945,0.04429851656819789
-4.288392132548663,24.72863115959943,3.162743563542399
-4.987394958554146,26.42003534300777,4.429453774876645
4.69311248623981,2.5928843619893653,2.8673653742275986
-4.926882369724289,-1.1915436205957202,1.901323413809137
-4.316752969947452,43.999291346130455,0.5339771880425775
4.999176696812419,21.54259516911814,0.1654500268664486
-4.543191488797625,-1.9078042289246653,4.172076744406589
-3.5403042785316083,28.517478831680705,3.15246400123257
4.872911241720376,10.008665332031237,0.17345450084210448
-2.8662030441259296,43.45191650923384,4.861294397215152
4.8797104231118915,43.73634534884935,0.07909776253984133
4.52880702030723,39.79298607811947,1.4988515080382385
3.228875398055347,3.1958905424602713,0.31323100609010945
3.772194647557109,3.687581581979568,4.381008376380937
2.71137129390872,40.59040972766013,2.2658968654176785
-3.476946348540207,36.65724953286001,5.165246717088817
2.1457266621824056,30.96704803700392,3.0033837212254735
3.5389014479470084,45.61868241069301,3.5350940014041274
0.8092115176525728,31.70744840355706,3.337647419268319
-2.567849583227086,40.690178851865035,0.45799945541031384
4.033506572212285,7.639369089516441,3.0309503982466754
4.912669530069543,0.06821871188598333,0.3288519814517025
4.888866974560045,-0.017265971768087834,0.3719989206122102
-1.310027288691348,42.189092145597485,4.265521329774629
4.601473102555967,0.7888049556746137,0.8288904877313779
-4.527126727234751,0.28962332490815623,0.3163924876962227
4.278620898627478,25.93179262734812,1.4168893763455799
-4.762836302669484,20.985209883347146,2.0468366032979772
-2.9625565611021862,42.86113151494203,4.409973968676184
-3.272741471094615,3.181419628124433,4.125824085664187
-0.9053956660463622,45.42581511991917,1.1508727383967339
-4.483980211951243,3.5514478615463347,0.44620932076997705
3.1301357933288654,44.09700829348897,2.169720885303754
-4.245732513956064,6.322031975611147,0.3860927368810767
4.844569318886219,13.713802729928185,0.39775703274787316
4.837014325152465,35.86838422513191,0.4660094043587818
4.525130676161022,0.301161490574779,0.303992880588621
-3.106283046126599,26.53853707758052,2.5831859323537127
4.998361232310647,0.1700427433864145,0.09727724617342884
-0.74839779078104,3.017681646467129,0.8552710111542218
-2.636431049691999,9.65041865047548,3.6155034780818345
2.612814456450746,13.243489584086756,3.6569816260786636
-4.856854484302486,-1.444825972163797,5.102030578888079
2.943976556798872,-2.7374769207448697,3.587478664901464
-4.26406357388835,42.751619581159005,4.478159739022325
2.0933080911542663,11.770903632947626,3.587749162949419
-0.1059768686449389,19.446268434375195,0.7582164997729736
4.93335283612548,0.36880526269565844,0.09234891007059731
4.86299733020529,44.23169103282001,0.06730171317864568
4.949331533924358,44.54146667015224,0.018995189316157936
-2.662497947091362,16.807691303789884,4.263714787747214
4.86332702419152,12.107852776420394,3.155428582984297
-1.1927891427632415,-0.5801363212746378,5.137187272577551
1.335780335794225,3.6698899194381123,4.802866131056001
-4.083365686508792,38.808631906799754,0.2975200829107243
-4.877034644441877,0.08612546549454914,0.6613868639774618
-4.653745302358022,27.40556648740573,4.518111684768459
4.772053114908666,44.4995367413411,1.9909099888196382
3.2271535100561524,1.7526214997323462,3.9220038566635043
1.9114458058042485,1.2169940816666247,2.1722846583280133
4.999982930006045,36.65069058400634,1.9737611663630759
-3.0600296392473663,29.912268848813333,3.383922759746389
4.616300143031092,7.52128870332204,0.19707984521073146
0.9617726637238508,27.677642403537963,4.288963953729098
2.8550580018303267,42.18670428348418,3.8773978845784227
-2.190115593673029,16.823208084679926,1.165981706032365
-2.4382244594780733,45.88294286571408,1.3036259433775221
4.141475535436728,24.52933400746274,4.488727639764575
-3.5366419720071347,7.518623370820041,0.7627057165228974
3.5685064765433694,42.14834914603151,1.6257737489370543
3.502814718143979,26.907821102402277,0.3859332333937858
4.9514408772617395,12.081022888185611,0.31355368204257994
3.5685782825527887,15.66442193626824,4.371681000224333
-4.431027111737872,44.902433886159216,0.2683076110876775
4.845693222678533,37.98484437170794,0.05335613071503078
-2.596601641212422,15.412048008008767,2.312233225937216
-1.7041647346701092,9.508580812638954,0.4723778974253628
-0.19622437514542565,3.4416161657142377,2.8850100398213128
-4.459248658612018,5.615735836336686,2.7414863929724227
1.6789933430639263,1.469902164218668,0.6763073102314128
2.9044337319545015,-0.6812665854302077,4.079304486505717
-4.669943012116253,10.239248648530216,0.3951301513459575
-4.90031793351691,41.469439147942666,1.6997358751353386
4.971651100595208,2.0101110154100716,0.09972971618477644
4.955007590698399,36.35074863633123,0.19990396621240142
2.9455936503418156,29.291362554223213,0.4507478671460432
3.0092809211946974,40.79479595769293,0.9892604881225857
-3.3614700283768313,35.30966627532499,4.372611931000059
4.851912689191154,43.27985265521019,0.10457040340770671
-3.151386421642479,1.2512078210373,0.6820626943307089
-3.63874177810159,0.9045740077887495,1.992271758961063
1.7127866721108886,38.43291198749778,2.0624314392739516
-3.860058392376583,44.39703307610839,1.2755800845240197
4.938423501665199,0.5193133317644464,0.14507311459053807
4.984291021870872,44.41612303591438,0.034329564143890864
3.971498842193533,1.4647054528406416,1.5370721868773713
-4.8905250342086735,31.537437708032193,0.3155934168325827
-4.416109958841132,40.108484993270544,0.23448355987792074
0.20644500811032557,-0.5826072073988002,4.538443167596386
2.443541138402841,-3.1065521868669954,4.648367981705934
-4.739622225971046,9.484560708540132,1.0901600099452728
-4.622303147990216,9.546400459795894,0.9219511808681742
2.143067205094074,21.216111959735887,0.74162857063427
-2.611738656337197,42.290420634928246,3.7956983236632804
-0.06925562650043969,29.358268713390384,0.5172568033987279
-0.8840568950814061,24.95650406880491,2.04789728800845
4.93983716229137,15.46241250949227,0.16595529195872943
4.631103426028964,6.662326416968491,3.97355732052845
0.17530691922760422,46.84283630707027,3.9882936870492514
4.059013420891428,47.03006472090385,3.9847131616956695
1.1042914152122565,3.016754773367396,3.6060983637175923
-1.9821345199845402,43.036864793400454,0.03771014975743031
-4.66321035067057,2.5315575619031288,1.7682845827700255
3.3347878795082053,7.580944934754665,4.212512485443307
4.786036163243416,23.304871559936164,4.264461416226628
3.141350810669606,7.08830803369248,2.568430524053415
-0.45979984173784677,1.711688253592223,1.6690655556906566
1.443266549608585,-1.5143896113523914,4.4356890975284955
4.947203719617518,10.567313963011742,1.4670166298014369
-2.1118979515033462,14.445514888215286,1.5154717176659205
0.9955795589755627,38.845483849103516,0.764065085984942
0.762623328239834,4.051409341651897,5.160413773614298
3.3298925478717334,13.821829212144785,5.290341890556157
4.888193782271986,9.881548324562875,0.22867417582965616
-4.111226987269045,42.142501754681824,4.176360273350144
3.2711104719814195,5.390745075082427,1.2739010473895553
-1.5716687482089382,23.61988748212152,4.489047734242394
1.3436003323297396,46.11377525031409,4.472375637629838
2.3422756408678107,2.7957222795804415,0.6143734115211571
4.887679088185539,10.49004461636631,0.1267859981648668
0.08561924222881613,38.640654779914975,0.8268819516607748
4.544744593337012,6.861912458789048,4.144709854410848
-3.8527129607993005,0.13577500308009993,1.5643196421394057
4.8776801100324505,34.85519083329793,0.08819598867840839
3.931586175580915,42.74931258313339,4.484684347442919
-0.7180531647590613,31.209026021078614,1.6260279087834744
4.945358045357945,1.2115976524404362,0.18650669162043107
-3.1771669138586836,1.6949307249705914,3.2289590704431217
-1.794311959819328,3.231711635001975,2.235068198161615
4.846843182151706,40.22628185588663,0.05767408063654332
4.9786324282752545,0.05240153940612268,0.18882205459875484
-1.5221161470031173,1.0371565759819805,0.5536271831263776
3.65630445309378,11.890952022965392,2.1808127370077943
1.8056864561812624,33.42225203990888,3.0647224032373632
2.7677229227469455,0.48575377135717357,0.9845975565439343
-1.9794482219282434,-0.00837760947866481,0.4348769056312126
1.0418475701220735,15.482024836335077,4.686500360471307
-1.5597671664604111,12.26381121079894,3.7836587668963197
-4.423566899717434,5.571252165581729,4.670538027565691
-4.998069778433126,3.821985954134084,2.690335821575918
4.17954506498377,14.075084577874723,1.5752549767586292
-4.997539873118451,42.37011195662819,4.357019231452235
-3.5485346256051558,1.1732443377443649,0.426001971089612
-3.1104762095313996,25.30319506704659,4.342303537166676
3.8249235816819223,13.72389098103992,2.5741907294873174
-4.139034898290367,41.538508072265174,4.258621859716005
-0.021026912362038318,1.0696803437753286,4.947880330703084
-1.2465114910028747,16.674319739443927,0.17509628580367292
4.185594579878744,0.09294957739339293,0.5202555633832306
4.870201388321657,28.04416717053528,0.1838304479140925
-4.52360739660059,8.385406738063056,0.7490647281827082
2.429432962017373,38.999598149071915,0.20646465909271433
4.279949337633423,28.240782244470704,0.239148956404013
4.767718747949893,7.6826721593465335,0.32291834686178367
4.894091010084967,8.259934123465301,0.07491828153233819
4.984010934456275,44.53697262159333,0.18834776174565118
4.87655717063934,33.3792329151341,0.11255255819749915
-1.5379832044348896,-1.6690471376153408,3.1121683550860366
4.429051638686455,39.45129193210756,4.494060799756545
1.6737126245938907,13.487798187063031,4.638849624754314
4.995756518264671,-0.49449173401685853,1.3702561097144388
4.945455956607176,10.65253578314079,0.0376292507079547
-4.94666272445143,0.2522856079529284,0.335316816115005
-3.660519017271868,20.14519948649063,1.6046030433310456
0.9012547997852647,-0.10403788337773395,1.2706883492282008
-4.7002483517112115,8.902278279830526,3.801474302796618
-0.9977616846405815,3.69241841583683,4.086450095820556
0.03692889190254266,43.060000354191246,1.013676201721925
0.5715311963162492,39.236250432985294,0.8241655925496332
-2.623431787632961,30.557723039746712,0.7854711636973315
4.999627947049922,3.45855933000312,1.6918861345702114
4.859420255475724,24.02435091972953,0.1310316238456209
3.546025386731419,35.70335434708424,4.078554085400838
4.7812460980938125,13.715667468829462,0.10207761890905927
-2.7687298766777695,23.88873068744444,0.38284099912629244
-4.805047811366674,-0.9489623098968958,4.822775672950531
-1.5045574164906381,22.67939165828868,2.963631138848412
3.9306642219781267,-0.6137735027368265,5.115469621427273
3.661265739935872,17.958093104383888,4.1773659382525565
-0.7834001930669142,11.008963930300885,0.4490728344855479
-4.665896014122036,12.763980850774209,0.1127296718949114
-4.309124181525388,24.882677409511622,1.9767645720135594
-0.43460820225937397,40.94359916276753,2.452078899561885
-2.248353069916233,10.487476787751941,4.594310332706702
-4.081428336638146,28.653018911398632,0.5427732896529527
-1.5268990024746523,6.34667938175885,4.453058596170867
-2.477708110761345,12.572989039808391,4.5440310682538225
4.860755475101945,2.971962896143824,1.0079430970354264
-4.969987889320019,48.36902335589514,4.504450862803764
-3.2269915641711004,41.573395875062914,4.2382100565313845
-4.145959337078072,31.82735849997279,3.792754016039953
4.3571405423668175,37.87800076028862,0.6179174109438935
-3.127307883807697,0.14214580327613097,0.3240806043077082
4.9800129863214195,44.499233377144684,0.015270200850677316
4.978106363870473,39.34762160825258,0.07746966180095152
-2.174279708107264,46.11320317403658,3.442183600257487
-0.0767617434167703,39.59056621247393,4.715822067214504
4.8617357550721305,6.487833309745194,0.34781763194870946
3.2741242084322515,30.029128665866423,0.5662506481105778
1.896929910144214,1.7556280208169368,1.0874625911466889
-2.5195811377393644,13.765879285619873,0.303813231041989
-3.4934384199579016,6.269327583732119,1.1118833378767692
4.925800389483595,38.786484381717,0.14454084195953937
-3.7088321829032154,45.75961852543328,1.5983167436141612
4.63198071868042,28.93899568153277,4.266854009534813
-3.359644587185548,4.787930933919911,3.7078464261868813
2.2611032655485612,9.690177631261566,0.5434517504062575
4.7945554977828975,3.1868813276545467,4.333471411406228
-4.96108496840235,40.42890133472908,4.657001157267636
0.8854536988068706,13.434819641181244,1.0897919520545556
4.994139906775605,42.7178845226068,0.9872416560786307
3.4844539081447046,28.289947546480995,1.3055912610943556
4.680814991630508,9.58443435565538,1.0125662725481686
4.938769993016116,3.5866745832306752,0.13638282183895006
4.742439129768561,37.20902617800013,0.079228819749186
1.8051207077945743,44.85198332761855,3.433706427851095
3.5095311060274943,46.386964225280515,2.5961468542374146
4.100134687038704,5.187065627960125,2.5650150215583785
-2.7669584997752743,1.1500902707441543,1.473710163969684
-1.5341970176925923,38.39176359171444,1.266333533081847
3.2694328276836475,10.879860596535675,0.7355187897782897
4.921345547824286,2.456322102545772,0.43638094622525314
2.4077192089444757,7.789841422962154,3.1301702057230716
3.31011529736654,2.694999720957709,0.15665927041372907
-0.3003293155264923,-3.6530179168985026,5.057785520196594
0.32471586800925384,45.983405975783256,1.541976355900186
-2.183228603173906,37.88161398376638,1.2673331576298679
3.905332466088142,5.890327915875611,0.049023618436149524
-4.959879247675481,26.46186491454675,0.38382685865002464
4.880923634176504,10.906589697246714,1.6000841388028857
-2.405915144881616,25.310699678662218,4.454292265474434
4.511786244607304,5.577444757275874,3.6139842308552588
-4.622835367975977,4.5235302008323375,3.2180017547806385
4.9996325850135435,0.028153807867695148,0.09862579863893572
4.0240856596144,-0.6267629833464095,4.498486853579809
4.6112547779474315,17.284389629539092,2.0388380833705226
-4.610094517593671,2.14426835902356,1.4785405358862487
0.16729925818609911,18.661170768190818,4.623059403736645
-3.8011602836640837,14.235877886860457,1.5285610428715108
-1.283152564341543,8.988360679558937,4.726117993804996
0.5850733645123489,26.10567734569424,4.063840079645803
3.558801018908755,3.9905590143261835,4.255257662524769
4.99144723072059,0.29054997242537656,0.24670756943764094
-1.6284076540201702,5.2221761718873925,0.2750771528440147
1.5988189369738786,19.662228343204518,0.05640813698312509
-0.8436843843047328,4.037337133264688,4.157495694170295
-2.3588997261415643,33.437162317179805,2.5945253386260574
3.3653462144372814,21.357636565030447,3.598785436502233
-2.88757300636006,37.9967308235722,4.504648648917465
-4.999987969626357,32.03249051349429,0.5064343484265534
-4.991215329439945,42.291878830859815,1.5936033030666268
-0.5485231439482146,-2.124304830404105,3.023016020342011
-2.5759337237768642,44.29139739769535,0.43109659566720365
4.99970463509711,43.548844958467726,0.13277916034200668
-4.996274518140604,4.140766668593519,4.10080846479248
3.4930369788694406,30.517911439639363,5.101217341489943
4.897777511386173,44.786230053714675,0.10266467536113344
4.583117813304738,26.79341236063184,5.0742369040346915
2.9001508818736514,44.8833693947813,4.235611417160001
3.4174211043138647,0.4230894943421666,2.8980071106917413
0.7089772659186595,4.489862552513774,4.336470857260216
2.1420844170115463,1.209008942951716,0.854298748591533
-1.3154239557683214,2.945808516678447,4.366000848131937
0.8689610593110757,38.49290198530731,0.39666249540578613
-3.593054770917635,-3.4619863852148063,4.922846174754434
-4.616282807659992,0.05584191443469533,3.277295276335815
-4.8581434410722695,1.5518675119928123,5.3074193420806415
1.4560788439441852,45.21731428476389,4.181671505470871
0.05562940467927927,0.5677495274550055,0.5554745939234423
-3.2619928379655008,30.56350330568256,0.5215276710487123
2.976401198496053,20.56085890351807,1.1547437310195108
4.92632493194751,44.99560384207174,0.620881024730053
4.908925985006067,10.35149451488026,4.453823277815443
-4.620660809695859,26.861144586779275,0.5718955677056919
2.605010686499503,-0.3978768005619036,0.7171964642353801
4.92052711215519,8.829340799998183,0.6021303074885509
4.941641256681935,1.0399207007149733,0.7541240197469632
4.512764674406783,24.74901021575696,0.5240844778944779
4.974027326630354,22.867869313426745,0.12339754229341895
-0.8737063417790819,29.031085444070726,4.223117532098718
3.798977758324768,30.86935461233782,0.9668845668868788
4.964972519054454,26.628133444376097,3.196437544609111
4.9191493113511235,43.129786645116276,0.12452144005993057
-4.709443072021168,1.19695829457146,1.8996397413468067
-3.8775133687351246,44.2091475198517,0.836230925885055
-1.7171300524196718,23.917916861009687,0.871491000701426
-4.877682390584028,4.402332819693246,0.9417293471109851
2.230357518737498,17.95612713015106,3.866952580438186
4.176361901327462,12.40874449554309,3.5999596592399077
4.995255937110217,42.43322448277352,4.462322061428219
4.300697868459565,15.521267292774978,0.8287147853803248
-3.7076676760483447,2.1662642496440325,1.2070039144964138
-0.6667684227946452,43.089386354985365,0.33494807518322994
1.3998185547965079,27.767552541600132,4.924709930792815
-4.30027064492056,-2.324107961736525,4.759749061974774
3.9984768432086875,0.8446735480141145,0.6690710268459691
1.3021852614652203,30.29287162344332,0.20586125433613786
4.537970536110015,0.026730975458177354,0.09149449343744098
-3.1475307270983515,24.29372066227925,1.741465840297903
4.819081084422096,38.85977194975044,0.2986914772062488
-0.023713829741063702,33.07350977158526,1.9455773931087506
-4.499996393411999,0.33961005429387076,1.2596294958670946
-3.2117606952010407,43.700692539815805,1.719472511436104
1.5696337306685784,38.006190926138814,0.7101524798643057
4.646023843984512,0.08938405629123886,0.44162473454724094
4.036337417169992,1.764958147478001,0.33890641843575936
4.921908157744584,38.03761217059906,0.5407650971727993
-4.866830050426934,43.547319515106025,3.937697409232385
4.743923281224712,8.865463868955237,0.5173124001826571
4.110841110871221,45.15677876301599,0.5496521108733051
4.977014631429377,22.540066686666037,0.3319475435307507
-4.16562278440079,39.31404265292258,0.9456221842039718
4.660888711120395,41.800423251425876,0.6596697116238825
4.446880416682431,-0.22562922228449084,1.036030107018513
4.410008992152358,41.73793315090301,3.09674412061015
2.889596163230943,1.756571818127922,0.4007493597439866
-4.745401995598835,38.318931747289376,3.7107174321408425
1.1324205430262457,35.916322140730614,0.36359110647430193
3.9164239242992016,8.430296864973844,1.6317346694947052
2.0401973061550533,17.30225746327028,4.068909193514374
-0.6573265844285091,7.067678748371866,1.4571142597769948
4.972778726643017,14.1609864943164,0.08128449199640914
-0.3426683218932277,3.1567355868289524,3.526444094777068
-4.963594381955484,17.164035678082296,3.867400663187289
1.7934541570312574,0.11684746228841389,3.054058059301912
3.9745790433428607,15.634624256675632,0.2284151524852935
2.8209163445385883,27.64761843637487,5.205587515072477
4.644162369662993,41.7768042588607,0.03002244536787504
4.72290637591375,32.24275599570086,1.0181934107811736
-4.867690463533537,3.160075320599404,0.2005143261852882
4.011428700099774,14.840120369311451,1.5611934402188272
4.692326801747048,-1.1828203110800852,4.3151219776222165
3.382048361281206,5.00877451552164,3.932000940232878
-2.628826369429296,18.37134472311664,3.5217356629265817
-3.6572804655544804,3.8109531738854776,3.8433032397797717
-3.0595309651488165,11.603589350600243,1.9823113682674705
1.615323411623454,43.00974227582361,0.19560797048993367
4.364216223677198,6.3244523751387645,2.2466575847649604
3.737280864452291,3.4080772786625264,2.5711445049264974
4.995817751019383,0.07088433753327311,0.06871432417181175
3.9612604876125976,38.14814621145436,1.052922059533983
0.10045910379665583,28.813367298283787,2.6403740266577245
0.7104686453465024,12.245137432808281,1.4649337303608363
3.546006556437878,-0.022071510116385862,3.4436432129581847
4.961495963542849,38.594225455154984,0.06683551532278512
0.5694998786420551,43.74535390036477,4.783992792729727
-2.3019883397494048,43.91482173034918,1.645864158348011
4.3772735653007375,3.528004251657337,4.286573021311885
-4.692350740210086,-0.6272600415414721,1.977969391887757
4.463238659077052,19.93318663981569,0.11818051603961574
4.769460880501362,22.601732476462356,0.43119979581600865
-2.75713333315656,3.162531722863407,0.4056767513633069
4.979545294001302,42.2400010447482,0.014095563279470487
-1.5137731308613935,15.997691378499738,2.697555881912709
4.964709931522049,44.14031568957205,0.12264428489519594
4.594100470093522,7.95538142150848,0.9894981471916909
-3.8001129408472396,6.304937332782079,4.073184352866798
2.80481257096599,42.78431804356549,0.49749015893325055
-2.51501611352859,40.243920347282035,0.036939083209209675
4.621069993762482,4.6502628046535595,1.3655520376647141
4.875320802434767,42.34947471716867,0.339580222509131
-4.106808792291682,21.739439543571415,2.0758316641220405
4.99999903169565,32.992297232547884,0.4613242498058384
4.977791586181305,38.775769921813456,0.017954106989434858
4.895568767550428,0.6462740585322773,0.11763284629589009
-2.0755640533197215,40.64035623516059,3.289777562567411
-4.621020246249826,40.70649351451887,0.7558438039619537
-4.868431569127706,2.2584629263500045,0.21611947980741136
4.873410851038199,44.53084504127364,0.32677100134285486
-3.8151894541497144,-0.4463862097941911,0.8545383038375856
2.702090857860513,3.9525005538583255,3.9936205508567624
0.7963423998137332,0.8204953321409932,0.4023976501839748
3.9486579010497613,2.673640230942659,4.116030404032468
4.616912082861791,0.23453475235348326,0.4869275824594135
4.726443656923455,41.14747432451226,3.929359521650337
4.994228939688173,37.23723082855119,0.11489249227054626
0.311397147039255,5.764256595093594,1.4613136176526595
4.879840797371029,0.38633008865598695,0.7605478083567753
1.000580295715542,40.766323378580246,0.7452982842313411
-4.3308833489595076,25.16764876063762,2.7479761548933834
3.331795969018998,11.589119798012316,1.3528563627451375
-3.70617998749679,8.400701577685126,0.5600143804039402
-1.5971423642307545,15.451824106524093,0.3586003865369714
-4.83429512292025,0.4605711076554675,0.39272164785019076
3.138392801363671,41.160909778618134,4.432034342054338
4.922426832186014,1.4689728677238805,0.4490868139797069
4.874720119146122,1.320649494428359,5.127310270350264
-3.9641438096996575,41.90173331606716,2.059310256151154
3.574626462332731,7.076680036527765,4.477106446453513
4.938796784538678,7.158948737032606,0.5195385953690199
4.340296915987362,10.28494967135775,0.8378189006044935
-2.3383561306747316,41.416226601529175,1.033387253642207
-2.2116865479435615,0.9247905391673971,0.6652341599117102
-3.7474247179388214,39.84787924634503,0.23802240334133795
-4.948210814398447,3.156220472100703,0.8977848842684157
4.894738643187047,22.081574380353285,4.3897899996821
4.662430633213319,29.547872170230317,0.08197873876103334
2.213721744310913,3.86262881681453,2.736886955104674
-3.7204446909283773,43.08149729829611,0.3546643509696983
-0.5099907129698943,40.08752432088165,3.694927469910666
-4.063159128969854,14.259252675392325,1.524709866728767
2.416274636239085,1.7255662462722716,2.0797753278826243
4.908893208419805,15.451488067529587,0.05292421358370014
4.772217852796798,19.211214782047087,0.43913383489827673
-1.8091430207849375,0.8042269109996953,0.43942240164628465
4.88708219581886,15.965379395457823,0.16612282678204499
-0.33469478645163814,43.46952416011902,0.43391249254549685
4.896310545609233,0.07180830452614145,0.07612075528888106
4.954142927434575,26.734946907308125,4.043692549430086
0.12788842307272344,3.724854871111898,0.30912074129735856
3.909979374989221,46.58004384465972,2.5601404216965236
-0.7056864515643325,14.44785217489388,4.864971296506914
-4.358578638779482,12.554746989082705,4.204065486438101
4.852839622050131,6.903473303141624,0.059454551712968595
-0.9606139908659505,25.747807829325577,0.6481097280032628
-4.3144095960259925,1.0367611376563217,1.3067947006920235
4.029309379236,38.02823850584895,0.1697475967947714
-1.1844275162721207,0.5295540819527087,3.419019461348551
4.99898617116079,26.90610896179423,0.075263691666563
-3.363463349241539,5.379157767244936,0.8311628754521423
-2.9341173700391856,6.062090478075292,0.7986351650148176
2.4717313897042166,1.1895832853731392,0.39623684900309125
-4.480621817468845,1.6015662010105696,0.2591657707286394
-3.75726906853561,6.909037780479459,3.7005904069287663
-4.953153693510107,0.2928274125803473,0.4715214757077577
2.5687057870471413,7.963354405327762,0.9345370433130731
3.8799607060460417,5.661401253417444,2.114182905564691
4.926279910146785,0.36317930367642415,0.0870503653299491
-1.7875781053869813,-2.3814508360954045,3.233842817197221
2.4450833756363566,13.884287044178857,1.0637856854836865
-3.0352725890949293,-1.02105147539118,2.134485614918388
-2.3018987137657194,0.0374975471423995,5.005821981318224
3.2692506350912782,42.62909683117187,4.464029255360464
3.9501551493846887,33.12193261075028,1.6270799696672886
1.593098148675172,29.598486254040235,1.2990895953141754
-0.9665171164797342,42.45116494110124,3.8982413936879476
-4.4001232861870205,0.6838144776987658,3.5903599613882187
4.841136813259842,15.84190341392564,3.3144491711968387
-4.743029034896536,5.331192730725118,1.977826515940962
4.84398765469362,19.700457011637855,2.9907347626017473
4.99073764089382,13.397592305194948,4.585116402097733
-4.40815887924638,0.3184142132516964,1.14638680805291
4.912595199204446,24.12521400420693,0.06484576356237164
0.25961087775841324,-1.7995981604207196,5.192628303034411
-4.80230523533004,5.9993785657635055,2.465299257371182
3.346830992004854,5.114412510995185,0.19121674456300514
4.855509680482637,4.847666160761894,0.11018773281015756
3.5616589566651173,28.352948127934177,2.1130664615815142
-4.136769132100052,3.0859157126431516,0.8012097041779079
-1.705806130026243,9.306942227375949,2.836461512235311
3.5394108940232583,45.93207243698702,1.3141209593087324
4.586529374252089,42.666981016039195,3.2524858389040925
-1.4810102200894304,-2.279820332161318,4.672033627017973
-3.489385209384135,-1.1035177697842355,4.6189522837122725
4.894061476623311,44.473105184697864,0.7330356278857395
-3.391868353359354,44.868090834109395,0.5956592184901993
-4.709138764977985,21.21291815578101,2.7036701534951164
-4.999291186262946,37.26433619056513,0.5908748434916388
4.2737221718563045,-1.9011275145688509,4.903374756244291
4.926944519234352,4.172407465990681,0.16423437553155593
2.4427111628069036,2.269512046788713,0.6196768298181169
0.9036370914759999,2.3299781083178726,1.7652530702247857
-4.682738571305693,3.3817315874643525,1.3264880037916211
4.8319396837766835,38.06269091585171,5.21888556010287
-1.422455912715974,16.47004614872202,3.974225491173795
-4.817130212865132,43.44142685145349,3.012581924606326
-0.6898922855167329,26.839453704905672,0.3713534809056072
-4.069155574353448,-0.6925360810882883,3.1182609166014625
4.869949132254644,43.24864306432199,0.13427870348410614
4.922345849477373,3.2856912897300568,4.205933665007843
4.939163866835025,7.01822528393499,0.649171554154989
-4.75960756572017,39.54670249969336,1.043238901171381
4.999050366112664,8.233321037396157,4.355260509839873
4.994624985553186,0.5461174324403104,0.028901198559268985
1.7722941000781176,12.056535997128812,0.580494853249858
-2.0897160357882134,2.9689845308982896,0.18648273666856335
-4.968069705141831,3.4977720414290325,2.791526536098035
-0.6443261399560753,18.47867026562208,4.514522260928659
-1.908779137687962,41.175641223456054,4.102366821752811
-3.2129117853913187,0.27352482332712413,4.696806381754904
-3.436856977012586,22.706450676331563,4.993718059290887
-4.662964829816554,43.672824622551786,0.2982969371230251
-2.4330419222157844,2.445357099039377,5.01038461903377
-4.651880305734394,20.279090290405037,2.3137044403446594
4.994746102518912,6.779920426624979,1.8657250788517186
2.8250587164262013,13.268037961476484,3.2965190844961834
4.30274080864821,39.896684697065076,1.9358008639988564
-3.9029180405455643,26.658338481053406,1.1292786296051573
-4.142392483472631,46.4864066265687,4.483839232737368
4.999227461141787,0.11109401646754562,0.13057136103611733
-3.0937999581914872,1.2274449033771986,1.574867647496395
-4.979876700809866,5.179028348715639,1.059536163711475
1.1976723944039787,9.982671151991932,0.06021274223823128
4.893834178208383,32.75089613849639,3.7052891551175646
1.4956412075139724,41.251897223704674,4.199640822371667
-4.7950207334115635,20.689371549162164,1.5308707943348432
-2.9556433056320026,45.17640490241584,4.425877426657529
-3.8894553577527864,1.0772681399852004,0.7339897206937891
-0.6459630211708647,41.454231591579294,2.2874871384460618
3.2632713717044117,34.14735897528223,3.0979337588664895
-0.6336101970459098,33.583158924649915,3.20123841631578
3.9084557524729195,17.42918212018907,0.4563103054483094
-4.847275336998031,33.648081145461596,2.711943552584355
4.565598460508956,4.412087581990531,4.2602358568635985
1.7525870978242368,3.045771793792664,4.344125744214539
4.98821136969693,0.004816781534474667,0.028281335858705875
4.955322420706475,0.10555404241691989,0.042560498876512164
-3.6001870248363916,2.5011463412691173,4.384219147711383
4.5873059282213156,10.410014690513055,1.1734783358663579
-4.45089437013252,0.519384687522817,0.36653958911367074
0.4206927208019362,12.969147604698449,4.079605411588078
-4.909357179445521,5.347720346943641,1.5191558448710258
-4.261083886906879,30.257626936543353,3.596014934148673
1.396701505704798,6.0723144995438005,0.12171088104026623
-2.5632611527900377,44.330550488075495,2.5537447337141264
-0.8404963618180159,48.30697146315013,4.302727125580245
-4.004471547264058,4.383785278161861,4.479472107856626
-4.962011837449989,37.310866869563526,0.26687386646455846
4.555965766536373,-0.5845276709914322,1.7578870823183748
-2.6352838258073694,43.64926200919589,0.47917999990224114
-0.018163460996274892,5.5327639829030755,4.66838468336819
-4.412450029901537,-0.1783684840407915,1.0741826305457727
-0.22111331491925895,3.2392662297354553,5.079387409445832
3.2129920221564383,46.586235608586385,4.112912036089722
4.462701220921536,10.78942503280175,1.948676059867752
-2.7594389791897496,0.70987584690656,2.6122219569280243
-0.2862509374370038,12.817843957369854,2.462153512526399
-3.3451275526771704,-3.1794875533879914,5.194780669057926
-2.6430179949664554,3.5822328615105086,5.340038440960796
4.090426679828428,4.243425799880728,3.782248986347007
0.18220527397067285,23.091895009207608,0.24861630784522742
-4.590473676170568,1.2679474015367078,0.5317749582574182
2.9518471847103123,45.15851667297347,0.8553861639325845
-0.663958883870585,4.4826419857159365,4.565808657156546
4.850232837737588,41.272207691635174,0.07465711339050987
-4.276280724247666,-0.5610688412266323,2.3210974352259752
4.998658733609868,38.952732759292914,5.19250810157859
-2.8919979384878647,39.737753797053266,5.0570080289102695
3.4765219079790013,47.57704837898884,3.8151648714004396
4.997787410282377,2.9021283648632163,0.3692333549219471
-3.911043012713063,41.806242908289036,2.6601697735420404
-0.19247004572339932,0.47365741644072235,3.18718567034405
4.9589737689730615,11.62748619343563,0.09844364091949463
1.4808727540602429,14.87196504638596,2.7745352756624895
4.593237809225485,5.380557543666648,0.8449540542043974
3.558538453931865,12.680017647593228,3.1841346167894455
3.909889191356208,0.5528444156939809,0.7772758700562846
-1.681444963784668,0.44254824022288575,4.750987697319692
3.853926855406724,9.332277478435213,0.7542609071647275
-4.045465995297953,36.74313038733271,0.8386124561375228
4.458150694123862,3.5761591646265156,0.7615118361145758
4.711102925160572,13.87237750772121,3.478747593605689
2.5044156947952634,16.934627153448147,3.886313598455902
0.5633379901162723,16.17960561387322,3.623666636498259
4.906163466931447,26.37077276376581,0.19371213250475372
-1.1055197312397307,0.8206718131417177,2.1608386875611094
3.6965798110909165,40.092352421625144,1.9024500908068704
-4.999411330846036,16.269835056325373,3.1446161859470956
-0.8103400656682238,35.271887832274494,0.6751087177589808
3.135177663796064,0.7542088847549855,0.8843190423279019
4.849848748093763,33.28888249862256,5.167684465362035
-3.486172798813081,24.25477228704751,3.4939016228138997
-4.499738739877104,46.37108699845552,3.680914461902696
3.6870306692936787,26.35961467431104,0.6233324227814383
3.297285019048161,9.791428775654758,4.614271613414443
-4.983194632547508,0.4952348077054738,0.5476834164926654
-2.880191762107513,-1.0073986193751927,4.3259730210260985
1.8355886692097767,25.100463283053784,1.7242706097204727
1.2707980064344513,45.856623647276116,1.637746087627474
-0.9644785821718127,38.1993072438639,0.35177687273112884
-4.889270039258898,36.25147795827586,0.794351398485833
-4.9171883464112796,-2.0170078053142104,2.89280736797356
4.431280797819516,35.53956830609798,0.2626315351738759
0.9751608999899725,44.84023444193895,0.47400369703866985
4.934761153999402,4.780701207442992,5.030349694474721
-4.547828679353055,11.560323117004861,0.6646342008979437
-4.994386228999484,1.6734127073309464,0.412348093704288
-4.822658151099514,-0.11507459784594865,1.5697153864169902
-4.647915435998896,45.44927586572038,1.0252831754258385
-3.253484460601725,36.38160472375419,1.8175828068940942
3.2739748187141373,22.146874158457532,1.5462457528955367
-4.739661870700332,41.672032062373205,0.7743785653257059
-0.2826719646891903,0.16058692221750875,0.1312847133918138
4.848733035859972,0.11275619163294279,0.09070027438189479
3.2941033481910065,45.40397812773101,3.984713987284729
3.447644015352535,7.767772548814588,0.5443098947280924
0.1805109930903167,47.7215536256789,3.5700271672230177
-0.7699357192748244,-0.0716204150473819,3.108430750910137
0.7302665440937515,5.659820290466347,0.7012175250848125
-3.839061853184906,24.25780460491287,1.1108291773457797
1.3433414958108971,40.43042232524276,0.5634832227452067
-4.742301514117202,49.07014799430178,4.519036216956089
2.8205656801641075,45.39713978259769,0.7945203702167527
4.978089524078843,16.86775741267782,0.1761330981058441
4.818751875256388,23.65574702934262,0.2803299950256827
-3.1157542745867746,5.0299644311704785,1.6695199261967235
4.551208826939971,14.512500679671726,3.77830601075322
-3.2707105234390244,23.17392490581112,4.96683193209391
-2.8043332403707355,24.924909013881855,0.24262298923848313
4.9999511672929895,1.25888652882943,0.16502326226171032
-4.0045567324998546,38.08167742790254,4.798217056337921
-4.270573897029584,1.116452775835398,0.9002650175653351
-0.1715949657215893,0.7755422767068478,2.201790977819982
4.9361014888385,1.4767803967752764,0.09250932303811048
4.933304654164568,43.911338922877235,0.11655613148052404
4.857207568634262,13.163819871001094,4.505825117656458
-3.44275541836355,1.3482760208760802,0.3537950832063178
-1.7846976753032795,42.493059016833406,3.8725201396871864
-0.7059029432561474,33.486169900489095,0.3126084908855728
-4.750440861700007,20.176275375672965,0.7605710345380371
-4.518293731459144,15.693853379173344,1.6157625081099165
4.036623907266955,15.298640532912133,4.094028777181206
-4.687732707773263,22.78103366277386,4.672443218362274
2.200392821979375,40.3653124630806,0.6317021963381103
4.995485257866527,43.829850729195016,4.6908551913103045
0.1727924769208622,1.3653921066233972,0.6711991903331707
0.5611000973024726,41.551162808757496,0.3365000193139059
4.742850188265343,35.68166881422106,0.05027991000852551
-4.073114037897821,12.699731126284759,3.330886807827105
3.082763940258447,44.978985574801484,2.1087086123696746
-2.440250629659092,45.19294896617518,4.4255922411826765
3.6367319216484137,46.99598895595507,4.325984240427272
4.878221850084627,43.022160291742196,0.19747930588276516
3.789632210602392,-0.023367926305403963,1.220664326025513
4.922303532864784,42.431067441629914,0.174147066534934
4.374707588220223,1.6104120186784616,5.274911908181394
4.999950709815838,44.61641589708645,0.02733915819791459
4.939487633060392,39.060805153423644,0.03793982910968241
4.905765659805806,45.221592018962596,0.7704127991761142
-4.975596081363111,42.20481426609204,4.320742206662326
-4.913400263198888,11.669765417890694,2.777792242430916
-2.7165544941580593,29.273170708211264,4.243900202981996
0.717829160782168,43.55294181542354,5.268935441325092
-4.578085690474024,19.03077727632305,3.916730657533728
-4.347151199558702,2.061000595625304,1.5238900559073116
2.590539163679262,43.283511876616174,1.9140081803788274
4.239440052332764,10.266448145867418,4.978282794069619
-3.1873186900489117,-3.0418369894288753,4.62239387876299
-2.3304015980831068,27.67957606747224,0.7132744105026978
-4.922883368471021,42.62362765505794,3.447011875407699
1.6695304812194653,11.016189032144366,0.9740845228688924
-4.9725844373055175,25.678375304933283,0.25403415583760636
4.845048129873711,19.25235377259513,0.3433439969415366
-4.424198276678285,9.803309510696355,0.42860279925138456
4.977585264174158,43.15414939810165,3.3539596240644727
-0.9603788474720543,39.362220492317626,0.8861273393144982
4.245077575244677,1.3494786791237965,2.08753806299986
4.205286700929539,42.28716329780697,0.9857541572544815
4.998766315391933,48.21785862285535,4.168158301971413
-0.49019378989479423,41.39767068511324,4.370151751934647
-4.275820986250324,10.285166997716495,0.8960882475416482
-3.451852860733056,-3.722336343472671,5.206961631757261
-0.993815938369659,6.647832703027193,4.860043738131668
-1.889380913923531,34.60603398174782,3.0093162029238933
-4.160647120067353,41.98210144428382,2.9912365087692723
4.972664404228023,19.421549141102474,4.739846437817667
4.847132263936152,40.66303631995628,0.10186741299066857
4.003833742447242,9.823228217510122,4.022093493655515
-0.890358043104134,42.633088365475366,2.1660199547415124
1.532784052592023,17.109005705139996,3.228368078247177
4.844623728445835,19.120231156253364,0.11432387324118393
-0.5532420929591055,5.46856520737062,1.5558433368606233
2.3992012544577896,26.799152121980114,4.2384695884980506
4.934331176900237,39.73732003899003,0.03769887686275376
-4.897235768369358,8.384470042031436,3.857371101314462
4.895843273579935,40.54577379067481,0.12613377892588493
4.923787582743029,4.627418729864979,4.635220825009852
4.807687038836999,38.6667950983768,3.967576454094863
-4.866315607421181,24.413003722066158,4.02280598556927
-4.685708748716097,2.9021025832180687,1.3235472598279479
4.993554103243312,8.365737341455834,0.17509440355173173
4.984905705845175,28.37021258105983,0.22674993024199205
-4.221604350859032,0.4152355960984502,0.36425253969550553
4.999707037914564,43.4809487336881,0.02909247115585536
4.773938648963691,30.416323587174656,0.05038723226868213
2.638382123942993,0.04012537000484717,2.8041210771231007
-1.9927262772941112,3.4289503848030387,0.9177050927251411
-1.2460759179578444,4.575336238587333,4.550155033666951
1.0273961554741105,43.98069629284916,0.18960304003214376
1.5572413562247354,33.18758943357502,0.19514931921272957
4.5385271463068015,43.311243122679734,4.620625804326163
0.547232144874066,13.546060498140209,0.8980541786443276
4.731314036385065,7.379513496896415,1.130631341117824
0.20688078499155646,23.09066466906586,4.25737018162799
-0.6094513619488936,38.50914843949705,0.6431697609726464
-2.1689252843143727,-0.6692646925060799,3.1919510095318007
1.4327909916231802,16.411632337355254,3.4337507087559107
-1.9832365924577333,5.40306802021167,4.352660243375699
2.608872306071661,37.731396815612385,4.422531716205357
4.990156953172825,0.6978767600956004,0.5579290389067859
0.9607516147374261,0.171375125020918,0.3961639667056204
-2.2447412368999293,43.5040963319013,0.6438000711694969
-4.283045126385891,8.951011798002032,3.7867549472247375
4.083464816156516,4.784869063646815,1.3362945145741105
3.4101337967335974,19.631650006777107,1.3820610670168219
4.909967138318743,4.885517268340534,2.843638298585019
4.9932225237979555,41.82976360106775,0.14306630961271238
3.332319088803885,6.0899604560588045,1.6427667717069596
-3.9703674650761958,38.674656077498966,3.23926013709089
0.6740329967947224,43.308489226995896,4.732834683476757
-2.1209200273535562,1.1281378612336017,1.8603938073071093
4.974490425184307,36.70852367801554,0.18507181421640576
-3.2660765555527584,19.145257489413307,0.4208827472472536
-1.5183294775714606,3.4316405530101393,2.9449412153448464
-4.343624026789214,7.539121681667903,2.59936337118942
-4.970114548875633,-0.8410208104282608,3.1142122985732454
0.18990758849786782,30.34748317120529,0.6913483253458259
1.6948120562445514,45.92949344159723,1.868078592581361
1.568530163426893,8.185955903799993,3.454586674303104
4.741265012323815,0.402813578281111,0.16427007908470362
2.12980422262754,2.3352915867997863,4.2760273980102514
4.96016291259683,23.06163448021253,3.503096252926525
-4.390024695623024,43.859444763415354,0.1380439840552275
-2.373093503308233,41.641557378557,3.9965391416413114
1.2143850533213916,25.703862732685316,0.5625749245501594
-4.975749191418479,35.2762788277854,4.890083322876103
2.6644677432067394,0.4785836470066203,0.4750167091617434
-4.114591560408719,10.902380668455681,1.5310294200838253
2.4542499245499485,0.013466363318263041,0.6437730484952877
4.9742868846466886,6.470695791508336,0.025812733694698504
-1.7160037274276976,4.8613132959729315,4.6741813102128615
-4.358807316081787,-0.9611110325822627,2.2089684083573005
4.685513667621646,6.883529409433179,0.7432858058378224
-2.2490727111969195,13.840387840388676,2.939278825229821
4.127061168733678,17.025422434895603,4.593711918240053
-4.782203132744725,38.51344193203463,0.6508882835949727
2.730137113012288,22.4320587767609,0.16515386961815445
-4.820672026097909,0.25482279428948645,0.5919893694641687
-4.737884144768738,37.85952075146742,1.2091845809202122
4.00010092666523,29.23148975576677,4.403746910520026
3.5170184060308833,8.414544948309329,0.08248081105116237
4.9378972926243305,37.98709781326578,0.09105766463017478
4.893482583980401,1.9312603807273996,0.4978426784817905
4.375851000018673,21.57355098254715,0.6296145620542632
3.8243222097840484,-0.25052895886387316,0.780193212007548
4.989445978656414,0.5599342660997315,0.07384969636804325
1.7326528518418784,34.738620558189176,0.5829055098474873
-4.999825461727342,-0.8690023134512772,2.4570718498737825
4.038118201452759,6.815381331439588,1.3601111369174517
-2.3640357755786274,5.752796076986793,0.7528048825206057
-4.3287605312829305,48.54236424353569,4.506156657188885
-1.5928466030386623,48.54777171595267,4.44089441915461
-3.381645416553913,13.562289092785262,3.039429545278413
-3.0416397587376047,4.752340363110727,0.3351468940414155
-1.6501165994146147,47.615381100872725,2.973570652576941
-1.4172084162087901,0.20411242948637962,0.27365311019523986
-4.50350780151587,1.1317090927526126,0.5788917931702301
-4.979590946339587,41.10481931762222,0.5314142855997788
4.923826118192701,39.49797430664728,0.3160296824203595
-3.519745161619221,0.3803744853423033,0.5846745148466581
1.8232683321901597,-0.4849036596394789,0.976997159470344
-4.324947461052136,2.9414757719758162,0.35861952168810207
4.880047982332247,44.413773046619156,0.060700970636774675
4.956754712550413,42.03542536387469,0.08872062283243282
-3.1142611758412073,9.737921492341648,4.61513213186886
0.09263276597051487,8.984534158170138,3.066172925461647
0.582047029678649,11.74299474017741,2.9698939998666805
4.9141014765397015,2.4020296296213535,0.5532536448782187
-4.737146773233015,0.630997212878794,1.082439662671498
2.8838598114451997,22.64593965210171,4.473317262928023
-4.9762217713655605,3.412508672322221,1.1112409218747707
4.108612486826033,1.7442777072050146,4.458468113891989
3.8926079220594847,33.4799880275043,4.470647041957445
3.1658486659212115,48.0000807570321,4.231431142387968
2.121904718322832,25.76579226913674,0.6477321412390935
-2.29987410174943,2.687818080340226,3.753980117052436
2.909192435442054,31.56006872430869,0.7315205400819766
-2.1627635929818383,7.62262292670332,4.394417537209899
4.876564886542024,1.3411513033460305,0.11721456228479071
-0.8741831058276266,45.76981413949413,4.328536989600417
4.3510535126656675,14.063611640028373,4.26625830544681
0.5639160474366961,8.608056879239168,2.379642675017388
-1.7751998847671702,44.0582322597332,0.8965375827107144
4.8542627911908625,40.79528359987779,0.06470194948433562
0.9330712924570694,-1.3662395103232094,4.977451100794098
-2.649298711890355,46.531244764807376,3.3007224352617452
4.552326101570706,44.69741582124544,0.08947217934070811
-2.126698608813805,24.258793594049017,0.8173506156430707
-4.967021214368693,34.17244264769742,0.29045309135954245
-4.569996008901925,1.416864070742059,0.7467259526973452
3.0271169726935696,42.05694935639066,0.4468701391480642
1.0795638991485808,13.12117542041028,2.9931217633002563
4.951935072872668,0.017694251176394442,0.5057422654115661
4.3373190248285685,2.7840395201759884,0.9087694235223956
-2.0221176839232573,17.654191727740876,0.959776239409898
1.9368581592767173,35.76341139336731,0.9259630071630688
-4.977982758443958,2.7703501346920265,4.152061946068411
-3.220504367016734,41.186723684318615,1.3278081235018855
-4.7352527839589085,10.53740629875835,1.6220754830548523
4.337534138747081,5.163542598921632,4.290482753603466
-2.134253493913726,4.379735187198284,3.060290205273958
-3.5571250671719494,12.920585148220693,1.764238085380083
4.929260096189067,0.388011715492018,0.17571718440938616
4.884019984948685,40.86056196806155,0.9816199298434847
-4.590538132043809,44.389169207917625,1.2941012141659023
3.5686649743000407,43.932685992632194,1.2110331661254041
4.7648296921130315,21.656390691932817,4.435594825551516
3.467980312345549,34.60556895636974,1.5112447710478694
-3.6868404581896645,0.481810105786165,0.2660633559420519
-2.300225916498934,2.516558852628945,1.07612482563006
4.907531945143905,39.948769491560654,0.03965110282674584
-4.301645261655563,48.92798133991103,4.35619845133406
-0.8327411468666378,0.1828710572346441,0.2910717844772186
-2.082391275480946,11.204286125967398,4.068468459205421
4.962423025003229,0.05138596152355425,0.08088473884814362
-1.7201289674063691,6.077460789266153,1.2032107961771823
-2.9596142761701834,44.71863021407349,0.9465978769708933
-4.992429802933002,2.015093389261413,0.8040618023092667
4.961488218425336,0.17724486958544816,0.057588453237482164
4.958124076638284,43.010941464852394,0.5143421270699549
-3.2002365742682577,16.826789492350912,2.1065188651530486
-4.430205529649835,4.813947366249569,0.5242229408224535
4.958366160767657,7.000923985879799,1.7867446247534764
-4.9987553945625045,21.170265272595977,4.579642377023808
3.16143078259711,3.9186326459028433,2.3055718804745218
-0.3611103151592984,42.38141628115987,3.8132855075436667
2.3630253039826203,2.3195872310586547,1.9456006423972891
-1.9757324499027766,-0.7185192465258523,1.9907895313899673
4.651057606615003,-3.0790554569074575,5.163442004058901
-4.99290633910555,28.174594573995787,0.6534814620102276
4.845978634366665,44.41590186404963,0.09338115482971576
-1.0620816972936498,1.5811480461134726,1.5900202099757876
4.9929998864219565,2.208291526373845,0.30340765157058325
-4.994593601167491,-0.1594210949885041,0.8696508069392159
4.179421087076229,41.92892274779395,3.101637014612193
4.56610600794857,-0.174210259592056,1.7977422265036704
3.2736418432099916,13.790919953566817,1.204246984248884
-4.872865020206177,10.809444338825958,3.9679833114104084
-2.324735406256249,33.37397543193403,1.493257472367027
-4.584871275386269,42.76647990966919,1.5191279643057698
-3.211853675087753,0.5218530610778501,0.6028101512012477
2.267673314270688,18.588833933658247,2.6805624880558963
-0.34078829059303145,20.004891635802917,5.334700778722961
-4.81433158098589,3.1741071361363,4.462453744484699
4.792813973822218,44.66806198528321,0.09418579054055803
4.862348662040118,17.854863309201555,0.07847304299494222
1.4540164584833528,37.110718599934984,4.256487306803763
4.513596068311729,2.981859302966,4.775558840633451
-4.989514853103214,5.2062284786184065,2.9074596725801243
-3.773996319076329,45.04881148705441,0.5313338331832552
-4.503591840701313,19.009848025939387,1.7276024966220576
-0.406346943317572,-1.9385124481431268,4.914423801041739
4.019525590064771,1.601504586117064,4.231436959130498
-2.2713975933732513,39.240793987019224,0.570419486435163
-4.8324045629846655,44.65220379777446,4.390682807381991
-4.94846548653186,5.993819158259008,3.3141257713605934
0.27252778434328856,20.58117137494434,1.2918800022731594
0.42939352424582405,42.03253447722833,2.9618794114845044
-4.618096640056303,0.6958539482615735,0.7229362168134021
4.868815692836695,24.00241346992993,0.11080728972826862
4.969325011283117,24.74992525807203,0.24187063295846895
0.2596753140623373,3.306893853118105,3.6500354635926344
-4.974649594247447,2.225746101383528,0.07524362004513724
4.485796347149805,8.35937191766458,0.07297433801468023
-4.111076893584882,0.8707957653140974,3.3556002218578125
4.538074657891279,30.30528470703607,2.5210807727732045
4.804192933925262,2.077897205968535,0.13690795132978434
0.40621720675985434,41.157663223241116,4.07727030467352
0.3295086899847941,12.125363059047057,2.049523218928444
3.755290093088111,44.55048980112593,0.042375240422685145
4.858554891904636,2.7022841781931266,0.3128381546678025
-3.7238314352687873,-0.9744840457002142,4.649754998282505
-3.858428105318687,0.0652525886652583,1.3909112324297719
-3.7147238258982225,3.4774217459058043,3.455913080399167
1.6621214552303059,11.0186213232896,0.7904011062315542
3.6495647306279726,3.7889121095304343,3.75042842503643
-3.5323295695400256,38.35417000299359,2.0462523567707036
4.180669557834063,43.324388504505,0.24176461969734364
2.921204589929412,1.8961271590797684,4.705723609515236
-0.1565972609240662,0.1794829162908912,0.8405322952664429
0.9438003471700211,5.447608241854084,2.4067195455482433
-2.399048645462993,41.505709791432636,0.5984578919358808
-0.826685065040138,35.44370581291816,2.72801454726214
-3.1292167385721834,28.067244743378712,0.37088100211671415
4.877675831027672,3.2190091053434466,4.299190449935255
-4.978126459982618,-0.4514602605157134,4.870507171200677
-2.4781398170331927,2.0854805903160107,1.3498167257128832
4.847959133265525,7.969262474457444,0.18985337529813726
-3.992439522947814,43.100867296238505,2.049451958691049
-1.1948522602417375,41.60162329171787,3.356634886878421
-4.7271644848221195,19.41186544431358,3.2161801260251965
-1.445466316550996,-0.6551692847248369,4.850818406818236
1.1524546816178969,1.1976881585205517,4.471579295450634
3.007518942262833,14.605730828128722,0.9316465276795391
4.943692746566664,38.015677235734415,4.444749489750012
-0.0014303766055866552,14.839290287837454,4.050061155722418
-3.9771299769840107,31.75018429419118,0.5357789473203391
4.8509925215509195,13.053011507082665,0.1090256232462746
4.987165054233803,33.2200139285308,2.186215095114531
-2.354729634366116,39.05249146129992,0.6787801581310642
4.757032380002212,20.82748490672486,4.639433706609682
-0.8941243572010786,3.7745140359051375,0.5480431917215489
-4.445657913206027,48.839527285588545,4.172659961584648
1.8243475999754954,6.358984748049287,3.86040988827324
4.9999318283784655,-1.231274432575189,4.983954004061552
-4.198973594505369,12.223211785768932,3.244266369958476
-0.7676050438236487,21.405135943208183,0.5619871079720331
-2.409215693395335,2.405479791391496,1.868406688212389
4.928554362161809,2.3101557321113484,0.10575126596280648
-3.220814273143847,0.6641355618649735,0.6720098532035748
2.835288066271139,2.5319506637823235,0.7494009642500311
-4.976653261764157,3.7548666110982065,4.843589729149786
3.1529040501158927,20.627774725750115,0.3742341127723473
-2.9609103909186354,0.05383559116379211,0.7341532340372441
4.998852844984158,22.929033999890855,2.8994214408089545
3.8488515783898714,47.70814752910721,3.1833561509595305
-2.4309824023112463,-0.1412529404980522,3.096322623265624
-0.18798600826115908,4.723217135466811,4.070736204754919
4.844995710257703,0.7536793970879029,0.4780869481240526
2.36184304810685,0.018621609367432686,0.3327704309900918
-0.3538888811045495,1.4923462738359778,1.9088555994537169
4.855606083509269,3.4808671948741434,0.2054538237639416
3.982387420857449,4.053940203376715,0.8073172386460556
-1.0164784141820913,30.265168711903687,0.5318511352341143
-2.861240332224898,15.126051748523539,0.2293275490480327
4.799799470576366,4.066751000944947,4.49132619852259
3.95719433989207,26.5364277378811,0.6040875583631543
-3.758801433182132,1.3976911186308594,3.9507576190391003
0.33745184185915017,38.54165103760181,0.546974530517716
-4.5528592652377,44.215814925676064,0.25963357841025975
3.3871497679852682,9.80693254066438,1.9013038204068835
4.359065022413412,46.04571344322255,3.8676042470854606
2.827402145732111,43.71668475650005,1.7111543081582006
4.860115075161293,38.36914130689957,0.0915194251253166
2.2986957154138894,25.258871956386855,0.9957842889489856
-0.7333482732560009,5.109183015117262,2.6271200665364947
2.0257459542439062,0.011352535425599067,0.4130588633891141
-4.829075024783788,-0.4027029678476577,4.767149720014989
3.0739868772214107,27.411854791947423,0.3573301233205956
4.99999692440774,27.250124151025574,0.14409375152904766
4.990704948321335,26.20808610976791,0.6170139426524237
-4.513087449480707,40.31746490907358,4.1020371425055755
3.8131652406103633,15.442081142990569,0.6197709971239631
-4.717870655900153,7.727692214704515,1.5936870743263025
-3.4568569391824493,42.322430528821954,4.347011644202838
4.993850945126227,12.642582156748611,0.05907682288788502
4.852698516488913,45.328415422070734,2.843334124877672
-4.144399217675635,10.466872573359153,2.577506191238565
-4.148853403002891,30.620596127767733,0.8520387811131297
0.3775680594894222,0.10080142122507163,4.49080168003007
4.9265617713287995,5.823273993332235,0.14672308257148642
-0.24380014291266316,0.46575918500200825,0.8439237115372247
4.140430346177645,19.596988741043074,0.07450124457904903
-4.92252386716972,0.732432555303455,2.8316740777908675
-4.040399894689196,-0.2441081784632076,1.8598296566355867
4.9322099298990025,44.703654435670444,0.12217533861620426
-0.5345832405483979,44.264996906364864,4.292020696308598
0.7110726053361689,40.153140188687,4.628523470239234
1.4347730610153262,2.213948043844075,0.35058680577000534
0.5977865078718303,12.181238899865797,4.680764251108017
-2.187503887358605,41.384499224762166,0.37249517720656
0.4994422161303155,0.188741825089368,0.4341116208205405
2.8674425440709523,-1.0240803311222983,1.8963654658919027
-2.122286335880755,12.295875564052306,5.162326404069701
4.876669689180303,38.995685834715665,0.03989916215615241
1.786804736031529,34.28614280480455,1.7434836983359132
4.936221068514807,43.169319729512104,0.050824200026362065
4.129906474834507,2.037298577807053,0.2166054793650452
-4.755405196083805,-1.7365702800288965,4.8325256080933405
4.426849828223551,24.816566625514724,4.992642659196404
-2.419816660749224,40.694803329721594,0.43095307104474406
3.4514848067657233,20.260273238174832,1.243709059654606
0.27236531702438055,37.278319326495975,4.833485543358098
-1.5044875646109186,6.926821819738045,0.5145246916616433
-3.7651414398512886,29.552134880580418,4.934785903188491
-0.5384580431964482,3.679274565782201,4.310321552440237
-4.382915098552459,35.969464163659694,1.633426222225536
-1.350262455139331,0.7345995183035552,0.517484336915745
4.987205195930974,44.129031525105454,0.7671413836147312
2.765820785926325,5.41284161566405,2.6476195889769363
1.9409285485824481,2.0046011972768207,1.3203919217500117
4.89926750326802,23.859904082185746,2.6483012726056887
4.987093848397562,44.67665360466048,0.5317108106775145
4.543748288696588,33.58219691684122,5.201899459638962
-0.5427062396736242,0.51188016580395,0.7154272339575998
4.495125775959611,41.92834424651828,3.1683999881233973
3.898892626903832,3.2287090706436876,1.328641931088083
4.855982874916211,0.187575169418326,0.13795289905343563
4.905469618291899,19.740628255694755,4.601964495994513
-4.527591212945189,42.21321962129035,0.46484604582257866
-3.6222579507715,13.9143657971143,0.552999738278791
4.994503857721547,10.863911358110796,0.6114543959375113
4.62210254465438,12.859084990672505,0.0889759656886284
2.118595293105808,48.652690593447865,4.472025368827532
-1.5000643294842955,23.100787162238944,2.4024056894436723
3.587641762054483,4.471957139276581,3.181905689033789
4.61997623385831,27.003511637924646,0.15775646366363782
0.6898812876662206,5.3890525463522385,3.0707304071408292
-4.896315725128287,-4.262534404997889,4.623765006488293
-4.655668785167274,0.39106719846799043,0.8444123165605202
-2.7416050712875633,-0.1940276070371798,0.7339383939806337
4.840356156526683,1.9157513651172347,3.596476158459735
-3.8969774242478956,12.110098788952541,3.4210278332489867
-0.7442708344797735,12.214997965476712,2.2420014158206114
-3.0295856100279597,43.954307008183626,1.1605299665688387
-3.075870089789672,-0.24447241885063087,1.2444158407692147
-1.889676033918448,-0.0900661240771306,0.8203184647745486
-3.570611896532796,37.86808588879719,0.7054543377517819
-4.102765792874324,-1.6138511099061108,4.711587592030748
3.63006844714286,5.146096758069115,3.261542604094417
-4.912898826572992,17.987998501157676,1.677838729942472
-3.0587003534217527,13.547583323756546,0.6654782848232743
2.302316672954058,42.88128674131323,4.012446595355413
-4.138282344032931,-0.49996442468247326,0.8322779909101206
4.9263491773964905,44.224854046729895,0.17159223579187574
4.862665148904517,2.599534600101248,0.0927867402137297
-4.634148186912885,41.831252521388286,1.3380283533425736
4.986523467109222,2.749915259818188,0.13703239472368267
4.979004542119548,45.87324235985819,3.8722589823531375
4.035832670682532,0.06040061546072531,0.9298326012497797
-4.176700067562738,47.09516684707894,3.7970284082922205
3.63823359614011,41.331549592572614,0.7744072687517166
1.5283341322189097,1.429621760125314,5.366133979872427
-1.1828421619665026,43.99094653600377,0.5862121201710856
4.78435804771891,27.10827743962422,1.3687847853986
-2.4513604017548847,18.271612812718583,2.880650762176719
0.5709795401470265,0.9733313237114357,1.8241293228731155
1.8690574316228468,39.877277538453754,0.44038428721763423
-1.9833619202914865,8.248659812163194,4.558631638149221
-4.47734605097464,-4.014587853255117,4.815684430400676
-2.5354679751956737,17.658530495591975,0.554279341315412
4.238961795068272,18.37637545353006,4.216137744268118
4.025606381945386,44.09910058209499,0.661995245122794
-3.50498248340249,8.511888163488063,0.6329970080333365
-4.769557652866726,0.038489793752339165,0.36125392566883663
-2.4851959003168917,23.006878353781687,4.239428642092374
-3.0232046670376773,-2.9973958294240584,4.663955410698272
4.998637370736112,33.60183370440218,4.173747930501773
3.6505011256669793,28.411415480491524,2.0896561885251566
1.2903707144627377,17.47052034496588,4.31541937574784
-1.5625272465689641,32.64088173234187,2.790445369313528
0.5665016137775069,45.38673169266296,1.0900143640514826
-4.963674216446218,15.774606078439167,4.121086931826081
-3.5663574647675884,46.01543748505736,1.9729053357917858
4.09743642424747,1.5655417477666724,0.4449011638187882
1.5511712729545466,33.503085124450045,1.0319851093521424
4.522050097491973,10.223563063036334,4.315133870726077
-1.4303307615563452,8.906390863774062,4.586201276496609
-4.945772964958442,14.412696160477527,5.045682357289984
-4.351806793403842,12.51058085959218,4.638482606185159
-4.9576183396379525,29.602738746412044,3.7952666508746815
4.248955889629484,27.496281545248703,1.9075242901412937
-3.629882362786401,3.399741451838056,2.909659547997614
2.2860041490146337,1.7563847928598384,4.135321576418871
-4.84645864318568,46.30740706338527,2.831554374586812
4.322847360843158,9.803522975011195,0.9819649474894738
4.7227725586187494,0.466473477403134,0.5276153971576256
4.9929605968653625,11.458062467442993,1.1536086213985604
-4.475079590922337,38.85892636971928,0.8365434109901753
-2.6993019411201185,0.21085091048760307,0.22791990305829685
-1.5360973474277706,25.666601257401062,4.7491114650988235
0.28107434308554086,45.11296068471137,0.7532286419736143
-4.112998784984007,14.105495718020638,1.4185715104043843
4.5674699420775795,37.82297503135919,1.3126875592418896
4.996437839464548,28.20929639247492,0.026050642134427544
-3.724532211987998,2.0363813024978707,1.8810160338494701
4.92969512732693,34.27649803249129,4.397475944593795
4.8055958189229715,33.8717332950117,4.220846819396547
-0.082047431127618,6.174468610974552,2.978719377850144
4.61866605089017,23.41967993392435,2.5378017556041854
2.1959201316898023,18.72259747115597,2.5401289865993952
1.9524129604930796,33.17114595335183,0.2454456395232678
4.996553251365476,35.480805839029046,0.20185086665197738
4.851212546296057,44.75176591503549,0.05137026552908576
3.5320406800299295,44.61162472710104,0.9450308423406851
-2.3879913850940047,2.904593061760921,1.2208906991234745
1.0689682093248218,5.385581143695095,1.8124251136330274
4.880894045225293,32.04281896464993,0.32463581562749044
4.997614810819802,38.830445696254046,0.01138779449666058
1.1554933295182659,4.450821008050223,1.071984142428778
2.4901753633554145,7.447320466963822,0.12365810190760558
1.6929955736038358,-0.5382413579260898,4.703600288746421
0.7890374238151198,0.9607872793144717,0.5098559834771244
-1.6181979943174107,42.68835419046441,1.7958788560965433
-3.7828845876087596,41.37824914267919,3.5718797648187963
0.07013255525349679,0.5045691433929285,0.6924370877554846
2.83251701347699,1.9052499042130597,1.0957666188644404
-4.9989389385152165,48.65351529599674,3.934989901789159
-4.612984098840826,44.55196790258533,1.4190359746453218
-2.393343946291603,44.82650469092238,0.10589923499225984
-3.671278693619167,7.289188187959571,3.6779176982526347
1.3906118520525468,43.92493726852753,4.651431369202404
4.928761836535954,6.474303873265696,0.6328148061928296
-3.14062339798556,27.240773052748757,0.3080502405044859
2.402885071992493,44.17782856576723,1.2702805722387673
4.522817520870743,43.86709237236767,1.0823176519064943
4.961580605402331,44.2251475160345,0.0940900883722071
2.819202184963639,3.485150727604604,5.322872646297651
1.1065357361462471,19.329010561587666,4.280483948468971
4.947693185632552,2.1590571235938856,0.5303050544847895
4.263734630214619,42.98178094724474,4.1721603087429395
3.523916129017637,11.736044827201523,0.2474908744070993
-4.868887474672022,4.8257531558483695,1.158380712090396
-4.999013027419232,6.335412288692365,2.6157678164946354
4.860564857615139,31.265565557348875,0.06592518384026234
-1.638432747179759,14.733010376358152,4.3676409100667
-3.127124971479142,-1.6011652531547638,5.286410637573553
-2.841744304603055,40.78141419757805,0.8750992834785184
1.8424679746146202,0.734701609438711,0.9809156839975438
4.956710433881229,21.698104535408536,4.048059138930335
0.838125598612578,3.334667639891957,4.261562574685237
-1.2747681700967428,0.0608031295120382,0.796396917543951
-1.404138021304674,1.9504212254853714,1.9385221543394948
3.602354442261457,41.94090802340149,4.691802564257955
-2.509705430821603,0.12350654455313106,1.1531693012354562
2.9055193410391187,38.67202111871027,3.7895037200483017
3.4370808742789154,5.6030481522320335,0.17693969020557357
2.001517488408884,25.757166123484204,4.418311572114621
4.991067119187706,24.325659329149396,1.872517202617815
3.6610830964478676,3.958392944866656,0.5538354396452982
-2.0144273206364605,13.400036139193277,4.743159827833787
-4.785465185859447,10.775854347875628,0.09576656895381519
3.8445528293443205,3.394087265761186,0.20668409338454322
-1.775971636421967,-0.35318030587854654,3.9543480827808226
0.4207419287453369,2.727674593164526,5.041225651869711
0.1323163773279315,37.2221645937936,1.8582129754366645
-4.315448417054362,38.535917637071684,0.6595858105407362
3.355201534071938,29.37649137995376,1.1582112504038733
-4.405295909593793,0.724319154725283,0.5958242209648899
-4.849200329145252,43.03972487664287,0.8669684913272317
-2.4041683820601696,32.13877873981993,0.425787214364038
4.62731140171292,31.2771030967797,5.024945421231097
4.981404558988023,0.9476317518535917,0.08871238049656874
0.24554548306442978,-1.217109872618848,4.475930857308746
0.3842519653299318,15.023199693087644,0.37904282356190777
-2.1247156913005534,39.37141662375052,2.242016865923178
-4.45909829848651,29.716178319082903,0.32343609312891153
2.555819177899669,-0.7247937177713537,4.403095515352239
4.9396797165937105,31.371564273081596,1.5885087483175704
3.4588918187671096,49.15741657859543,4.475326163833805
-4.655058229019024,4.597849038315219,0.730265448379262
-4.235628600875742,20.24121846752693,0.9548455804797832
4.8851661723761515,8.284755979451395,4.398865750948548
4.950635137720729,4.8511808608945195,2.94532844608987
4.9831828962141556,43.80735663660733,0.2369976692455733
-2.8251405862368735,46.319146451010546,1.7699739949846864
-2.345291150807573,8.858960419535546,4.98704300676986
4.935487644499873,1.6445063166300269,4.5969514234003395
-3.2190992076750247,9.331269551734042,1.21796173693346
4.583229218435406,0.7410207866288485,3.842570940609725
-4.919693570550176,28.86555988128122,1.6309277024754745
2.3848653855526556,42.757114832171546,0.34856091758918895
-0.5804406677141952,22.295155606930393,2.191705682507051
-2.2066647401155732,1.0349661136802009,0.3141273600098262
-2.7861105738243004,0.35765240726283265,0.7845004444984585
4.846011359323207,42.476973745460484,0.0757318873026446
3.545326172625964,-0.005970868934606077,3.330288888778965
4.998276619547717,35.574305882408304,0.523178600871511
-3.8201297787218964,6.205218750175328,0.4718811695274881
4.446474173807634,10.055725713473501,4.721289226070024
-4.806916912329726,46.761012661963484,2.638676467486516
4.93276673088383,34.91714632229174,3.4771873976957943
-4.4405085452552004,2.5681792921630784,3.5976678832713405
-1.6786053525747748,1.1523386079203957,1.0222521026773956
2.969686576163189,1.6777624798341564,0.9261133083424091
-4.893100645536594,-0.07250357377177774,4.607367580568394
4.401808538314641,38.353977936240504,0.8756815023481597
3.0224995558372054,15.756024126644482,2.253260538545329
4.737570746916229,15.421846523989798,4.8282770087995885
3.9485966263975705,9.549281391084097,4.318639886520724
3.6981263843353114,41.53405068493675,2.663521197531797
-0.20279882761444168,0.2268347109237192,2.3949796831455283
-4.751959398193707,12.05194418686473,0.8923169273321989
4.646766537728918,0.16815832511815423,0.11600832154423694
-2.302278213317893,1.7005116240267149,1.6088839754313544
-3.9376363225030158,35.381469400332975,0.37090769041316185
0.7725638190214037,4.973449040793619,1.030874148818185
2.481233784730496,41.49647758034918,0.06282427360629905
4.999360751842778,34.04262252116133,0.009684620790975922
-3.919002892522068,4.233186168406167,3.7295645356570404
1.621760479893247,7.187323293454118,4.364809862445163
-2.738209762026307,44.61928698391694,0.43001935656959334
-2.9625314027052734,22.266378009347946,2.772718198671727
1.6477107338602144,18.98465252429112,2.7179416615530014
4.916940368256132,6.634018775949484,0.2431491705863289
-2.4209441753367114,18.900767012619248,4.491992781392742
-4.984611588621065,2.1275656426942215,4.8344991721933415
4.955361458179483,8.152578203035201,0.172569868484432
3.7009304809017136,-0.9203315269121988,2.225018944451089
4.922731267863625,48.75929266949479,4.0418240833789625
1.6037997648461255,27.182930046335844,4.549536309896345
4.355460704824748,-1.4819278142400862,3.0962629362562226
-4.620273996645884,8.728343063113678,4.457698278511663
2.283928335259579,0.3606769809167467,0.5938197045881742
-3.7577734116654558,0.9793609085866319,4.0627895631712345
2.6712023220282104,0.1661781439423411,0.9104747439638443
3.6681883133636517,42.34322902764539,3.6583376606565263
-2.1465955372328933,2.7565017457145027,4.843097474345419
-1.2026936024145238,17.990917644374928,0.9114717809995325
-4.864309123579104,35.66076865732914,0.23858007678577445
-4.989352402789809,3.503468501005212,4.77439017288577
4.3530058358120005,-0.8725751269267743,5.298192422448217
-3.2162635701092066,5.479566483249766,2.0661407180360296
2.8460600396022255,22.957181261154552,2.7838191102910295
-4.631227399043273,10.099498731178914,3.4978303470136294
-0.15154809654952459,2.446374442675821,1.7704054584054156
4.189050116425927,1.666795775474467,0.42994570586470837
-4.019954956031865,40.9783452195824,4.515959992251886
-0.2737033199293112,0.593657467287978,1.5753040700279763
-2.5640990694760184,21.21182359324625,1.376877938381672
3.3800629357055705,0.21611202349265057,3.4374109129052632
4.73858707685771,-0.19359479205610264,0.7666043676921535
4.864929608707036,31.708066720118996,0.24084274740363418
-4.30760277001999,-2.1315750101805757,4.25903635389344
3.1378213492280183,32.009574682384276,5.304125286459632
4.8450507925292445,37.894819569349764,0.06290733884744362
-4.260181243982017,2.324879790183826,2.25306924700529
-4.919876894533747,7.966008377912185,3.9097337950527553
4.993655250989905,34.24134820211748,4.3798489617795004
3.8405004710584683,41.81599192368911,0.14990084608837462
-4.279395916595588,37.17580764527867,2.9312552568142074
-3.106019524987051,6.141234248904514,2.1442471141929342
-2.1837551852877835,0.5281355884677522,0.7825966776869282
-3.6545049035067056,31.10912715879113,5.272037833490199
-4.565607258851353,3.513494370144575,0.3223498216565228
0.046041139936968595,35.81865451841571,0.23615769840386142
4.857456616317811,14.601971841764607,4.931791857627346
-3.9428089340263215,-2.5716760903141824,4.601285031515307
-0.32677167741468227,0.9085266559649101,2.0307877165325157
2.2024315360933175,-0.7316195705451012,4.635106115914409
4.972590670668115,1.8390111738569974,0.36814272116785746
1.8996807319032183,17.426333198755184,0.1263546442751201
-3.743853967124683,30.777689870156035,0.6673394969720594
4.962997103714583,0.47503265842980236,0.19651575801880156
-4.753213709131188,0.125977699511085,1.3620432054813167
-3.7233338836173373,34.455681850759284,0.46263578875899747
-1.8094142935896531,-1.0186230407321724,4.5073632248565225
4.4005984721701275,4.181198781797612,0.1389845462031442
1.5706892911114412,44.81562083207794,0.2121332540590381
4.86524110651475,44.19175417579106,0.5217271097036331
-3.77101986002664,16.647178511250633,1.6475378500555458
-4.992713527434753,37.39574784763878,0.4507975949875831
4.7259942575650715,15.568207226429639,0.8146675561260317
4.984067241298694,4.270026650339777,1.6885553055149174
4.243023165196583,25.98848400461498,4.280725785193957
4.893744920369362,20.999319167742506,0.04238333558614886
4.846489578365514,11.50831314890686,0.06679235024723523
4.847019534625811,41.37228630431697,0.31742687318013724
-1.1254598706880983,16.963605427707318,1.662360796098608
4.6029198115048695,1.487524289361611,0.23677317636195286
-0.23576015692660274,8.22897428846556,5.17641256894805
-3.702375105218507,28.937449502574623,0.23017939149164693
4.999934917543926,20.312007921232563,0.3993039729432463
4.750048451363924,32.56785459325581,3.5665411825652233
-4.080176405809536,42.075137413029076,4.376169195693884
-4.34017823842747,-1.9451316857858623,3.012166487328504
3.547248214922831,10.925205656486716,3.2718292807277423
-4.976843791980076,4.565484584128308,4.5295730705250845
2.7366139193276613,0.3180910351273206,0.05759785727999375
4.506747822996141,44.77300314273018,2.7771065995076234
2.377861136292902,28.357766872720756,4.851310252898912
4.999997487333604,10.147716326749407,0.32099558829654734
3.5546981734533523,0.4669939955160873,0.15929446581035864
-3.9442492612656483,-0.9861617655255706,5.193396630845873
-0.2533327208929191,3.1864850282556576,3.7305167317085117
-4.172916873345699,44.65665319876129,1.3236795736121767
4.932198826903647,41.61998847983312,0.14351758091649164
4.662219873105308,0.466986233270317,1.0671459959973055
3.6962262241487336,10.511140808592724,4.462635697861822
0.3638514956379815,14.363447903085312,2.522199024570896
4.425191460044167,6.025906669663278,2.05270205578218
-1.200562839742052,38.95140764899561,0.8534173456154283
4.742588856193736,5.444630021406641,2.0454219088896943
4.947400758406793,41.40431563202477,0.1410966426320375
3.4265406881846454,30.865744261963403,0.09647831349301433
1.278441765820252,1.0225613466986765,0.6634957134437688
1.3174397772682143,4.312763133947703,2.5666075627045855
2.032939095673184,39.12238685383562,0.17864410713661236
4.576249194336228,5.388187703952245,0.5880793599248979
-4.962800852638704,3.4639580121377653,0.38816692279988596
-4.7945605669657345,3.698052562567719,0.28337458699146345
4.978939378836248,4.082767352009558,0.4581092826142104
3.9673977113163468,0.0562655775601524,0.6492573031446032
2.5137264615529986,43.410291599721766,0.674567244652847
4.8445656313339365,44.10700626302506,0.08194697974641588
4.2414012469617175,1.379543967530527,0.17664306924441428
-4.643686990823409,7.1317852913431725,1.6532155941082407
4.653616721556192,40.00641103003173,0.24529990092898674
-1.9934132441525179,-3.891446079710639,4.497063638170084
2.772216911373278,30.152378456994985,0.5904416743889728
-4.12353544772358,15.483951768186072,4.573670941317438
4.774129476091678,13.802700257008096,0.2416468801348118
4.999828975030399,36.0387453130211,0.04775751525332252
-4.095512431370344,43.87087117453952,0.8747266330126067
-4.957115374508989,10.133702438419562,1.1091925397304454
-2.2000791214684066,48.014512838084585,4.272059028011417
4.581174975006635,46.500425039072596,1.8636480055195206
-4.878235648360587,2.669192255771569,4.6906896708552575
4.940105074779154,4.814821733896282,4.623358238695505
0.514795080698197,42.970762775478924,1.4415692838854262
-2.94176603320728,3.8942578196425433,0.2633779629750574
-4.4159372684373475,19.707503755720083,0.5947457198614317
4.3763678229344976,38.56426535833965,4.816868213568535
0.12530795578066728,19.762385381383424,4.464289344234034
4.862449978313491,16.621427693111382,0.12693646498477976
4.245406860790845,14.915483315100147,4.42698183556613
4.907204912919292,19.708693690026323,5.174367057608135
-0.5156330107324181,22.30008693251886,4.659411074240441
-2.2046030064232838,5.508647842272363,1.4478844643881448
-0.8586385099624404,42.72448981167394,0.3488788542964099
4.999873633875088,32.726470151797,1.0575224675998833
4.350713512710703,39.41850344653698,4.63649588246952
-4.770450121015044,8.104623172587758,0.7829093812724988
3.2961144878044593,12.561663682919143,3.997484227924593
1.5078043688440934,45.20604903352693,0.5695140574951133
1.464339534810992,2.753602110389148,2.556502842127336
2.2520285371270656,5.6272212143767035,4.282663669966778
-3.4170494094836776,43.859456405719826,0.2653016450611156
-0.39795010179837714,0.5889276622002759,1.1567310493906076
4.763696421709576,0.07389604549844021,0.8785812982935053
3.578280965174092,1.8195172967756292,1.1930643242816579
3.8747158471932015,10.286117222692464,1.697226432321211
4.998961319010547,17.87999595893378,0.6904470789697527
4.1897358920930925,0.4335069473759791,2.711898286883828
1.3408629934379512,0.007609521559062943,1.0032843144538166
-0.7365799958196,30.976129281028065,4.0407005366521265
-0.5007422411917741,0.4835145227039042,0.5540002060820606
1.0584308872455255,1.3071653166331063,2.2315918558555543
4.903582868751148,38.76756211007866,0.07961625107024776
1.0677043325937603,10.596369879928707,0.8094577581643572
4.999721824526954,0.2061197061466787,0.39709165342691755
-2.1355852921327703,8.421716568425294,5.329502664112903
2.2529842501948134,18.22233255536313,4.594607639820829
-0.6046072585749338,42.92923041670465,4.1295555064626965
2.9450020976309306,0.48872904376382725,0.456226204628861
2.11141367790112,1.0408911018986913,0.28114495685685037
-4.96762303045218,18.640333880163112,3.1316217390451158
4.535123447769764,-0.2362876090222098,1.1376977638364372
3.5695943440275975,38.23975409076563,4.296835245831115
3.9207071782621634,0.3827729837171013,0.048902032056460064
-4.994351424551144,3.3278296626470536,4.5187700402558315
4.8806629118212275,33.61590127301703,0.06090915411219408
0.3960354407112588,33.60274188124017,0.22072428678051134
4.593260181407187,14.235511221027712,4.316754549739178
4.844908752633434,9.196101855024471,0.19406106708683857
4.846383462906489,44.10503769118846,0.29866030043013997
-4.90015892095083,33.38167726387088,0.7086507041702422
-2.488240299831597,-1.1147246944491367,2.9593451165285183
-0.9540158999535038,37.24964199130126,4.941020143704328
1.4869691438878339,0.5932771134005608,1.3999686288489004
-4.999447635645381,38.10100509780702,4.124132052556457
-4.900779425115724,37.15681322453974,0.38946144095363644
3.9051150188860246,0.43424119573326625,4.454160287273974
3.892465847893791,20.890162042733593,3.174992783626507
-4.999923779216014,36.73696130438222,4.815023077745505
4.391993709895748,30.135280300934586,5.250283826933289
1.2035821417407717,37.23380907301121,1.3866927473551436
4.944954061554715,1.2032593498530741,0.1688751443815743
-1.5860229502831782,13.466139121614198,4.1826187130366375
4.259804028639457,38.23705583994377,1.7180286289774351
-0.25351159865271217,20.30938782282295,0.33961703255353703
4.329346363327569,39.744232201728046,0.23140736889158156
4.907834122026029,35.55019974173358,0.08768841431548872
-1.053451379939113,35.64990145360412,0.26926876622144946
-1.0952209888808297,18.2612759153685,0.5958769836784851
-2.4135219078868086,35.49038977652893,4.719764399010831
4.995013196828212,-1.238445449320957,4.907615618335835
-4.99934784114806,0.12843179570018004,5.23547088096452
2.0432090616870355,5.546449602295377,1.4375828689739525
0.0007005087080595939,41.51839484017522,1.7987691059986937
1.7299523057542097,3.6009687492815385,5.135694491447689
3.920687223292641,11.056045549528545,4.64189399375883
4.998686281913473,0.8053903490904898,4.731333539157545
4.849710379438283,2.011123766330869,0.11856697539411758
-3.572960887968854,31.309114698243206,4.871160920114338
-3.4160769537736946,0.878705872319663,0.2627417310400391
4.99895407009347,28.948638926952455,0.5303038624355492
-4.797660427790852,30.379753828400933,1.7075023390604493
4.846366300152969,36.932185604761585,0.04958767547450362
-4.289794002231233,39.0445795152597,1.1453340398542726
-4.999755059273049,2.8837808105439855,3.76856277795129
-4.782335999848224,5.067969791583455,2.4308859239294724
-4.258935189905373,30.41524800315222,4.729094352893926
4.037139809362212,19.411999457870053,5.30177387980037
4.552564303907527,41.928051101611004,4.112726852638651
-3.72836826532318,27.47911210806149,1.5047125621041328
-0.36472582181617785,31.633868929429752,4.51658861666124
-4.804226729313509,2.209918479026712,3.2779129189008946
-4.713034813841201,1.683164451637728,0.10859877171369048
4.122371512388642,48.54141946801832,3.9181494688083194
3.4597671601212503,39.23800001756496,0.29752671967416
4.776984046963185,32.25870187141162,0.45843951298536506
-0.9203478079879559,0.7638768325866503,1.434340006702663
-4.663300273730986,1.5254529396611871,4.642689734039231
-4.243469223371089,16.539541398444335,3.648379050383072
4.658948572849673,30.10423918163587,1.3952735263433107
-2.3969389456354,-0.10732554184087417,0.4954728502426451
4.657749032177778,19.90293562006257,4.532451154108904
4.150978938373142,19.081965582876858,0.7297890741740707
-4.249953931432234,10.156112382660814,4.148037877194552
-2.9782085550596356,38.5227798205223,1.609097176201385
3.1520319393731095,41.97083164130671,3.9390453730222874
3.8353132928131823,43.46021546583395,4.44554786594813
4.369282316758975,38.15182347519243,5.233871834372461
-3.672764974501907,2.2110007488670025,4.173910928765428
-4.613090543981415,34.65356088727955,0.8911388438786045
4.999996225948242,12.557987508886274,2.9073728541119506
3.6454375840284565,10.178802186681185,4.3285291898851455
1.4316105144091862,-3.584867601593264,4.339258231503783
-2.0889072098938466,9.692547399108069,4.616396350550713
-0.319257181824245,-2.7340487302535688,4.322458333636142
-2.352307971713009,-1.6793544644333922,3.487725068789857
-2.5766136097201473,29.225789286489494,4.209697168702204
-1.1197530513432785,-1.4426324667752608,2.9456238904706438
0.840756992919533,1.5264218999457735,1.8255804584734978
-3.4546106496603697,3.126759951495862,3.395638759106141
4.9310715885390195,14.926993253950187,0.0937753544264075
4.016732539752898,7.136735882392863,1.6277815064149264
3.582209079322949,13.994162844647038,0.1807756772380755
4.179694134840854,4.806138547013649,0.06417394186398531
-0.1830298072968006,1.9358533426558158,4.479768259054784
3.240427798561548,4.35226831562348,2.3187557535337167
1.1784513581488327,10.251367724577666,1.3508385118880615
-2.717416825002441,20.619870483783725,2.9580595919508075
0.6304632676801138,31.590700931636263,1.902449321250451
-2.728757334769934,14.596119759556101,0.5259102875441568
3.9438142291138476,48.3708409277319,3.7109666131206733
4.506099951801089,33.10925064684009,4.5694937696608555
-4.894234826816327,1.6054590753398186,0.11564534109659716
4.972034099197748,2.800018628805123,0.7019347028467104
-0.1616953383106534,20.0114745259298,5.129051996427823
3.9159287575318174,9.334523152888003,4.353020473239604
-4.960730289529521,27.001752490625858,1.069941863299435
0.5856373432759152,39.13355063103212,0.2832395456623612
0.899914570760396,14.1219675499689,0.06571069699282206
3.5322961575283793,47.84040710441325,3.981178166064138
4.060427748469547,-3.4001729708706847,5.070198869022944
2.6202726849927065,44.31256464776098,3.1677572368018954
2.6274324771953927,-0.29211487351244025,4.690585503245736
4.194471571149885,0.13603402886452876,0.2242574064424007
-4.467918669805225,10.61862437749642,1.530934749088927
1.6261733212333365,38.16117293622289,0.5216320888753967
4.20670430040785,39.8910977661914,0.7727091213438202
-3.7148502602397655,9.57225945345881,0.5344862682636158
1.7040272563586953,48.12483210235965,4.267687706247049
-1.3208983236608651,14.828531546387373,2.701056567336043
1.608138847545622,1.9026176528431336,2.2177458295850294
2.420120660406492,1.0551337693155651,0.7580465527706317
3.837260767326569,-0.03493717742404576,0.13573976611824895
3.857713379815497,16.057784590085895,4.4790925958578445
-4.126323457730895,38.25666081971807,0.4484842772129466
-4.985884251132606,4.063748976006854,0.5602423408727562
1.9498739937942777,1.7121409255550175,0.19779671522368641
3.300474181881695,1.0714868359505696,0.7194764967859463
-2.2607058990675934,10.563142692449498,3.6201851302531094
1.916038547282484,22.562170046517974,5.018580597420611
2.594181704824247,0.04019950499026691,0.06368928009224176
1.2394470483563076,-0.9564859477248295,5.232911174805845
-0.3052894113067282,0.49464534804835986,0.42949973169955147
-4.571251274793838,2.0266711755666758,1.5591648651399646
0.7123486123603882,2.580997914585616,2.706923138167426
4.77972756942374,22.955251957934806,4.653509561423122
3.671924423467331,-0.19144150418985528,0.7553431729670663
4.995197961483098,1.8863430314996892,4.637892295406456
-4.861720083315404,15.436433387566558,4.502252864750301
-3.5377545844294955,46.18544000089639,4.306486720292744
4.455278134518562,0.9362228495700212,0.3903384122923067
4.571464462760967,39.094366151668964,0.8114309688180742
-4.83420045659421,44.557147462087386,1.875930970797273
-2.30705561412004,41.0796769841546,2.662322540875983
-2.5692390456651366,4.472893933475183,4.228121644158047
4.532496616600493,5.225364161703078,3.8966445798638545
4.0319949550802905,2.6319699726677768,0.15721914349110383
-4.853722797549885,4.463486823578827,0.5484268754777346
-4.185332210152701,3.6944857122836217,0.38217875358853093
-2.7512077855100725,39.13660375586656,1.1040515957338355
-4.9980380206685835,6.900561233838806,4.288146513176599
4.862139243634286,2.8917131085240992,0.581010554473187
-4.701121054617406,10.619100925562401,1.904381683926948
4.290839761973709,45.66748828242498,4.508357745087879
4.531768842497192,27.0122297741488,1.5582229634049445
4.073621092441581,0.4581436842088879,0.18034115734619643
2.1252356936585928,8.475516962931186,1.8729254337613392
-2.026192098866644,41.44772026946587,0.5459951423342231
4.811768825210438,30.449937974740333,4.340572537973669
3.7012439675869557,36.301100544813345,3.6288736858811417
-2.2210077747898227,-0.18753639170328862,0.7791291691359847
3.09792505429553,44.613608295932195,0.5949132448027231
4.709858242407315,0.373849544438908,1.9861560934902989
4.914693250203993,2.358451269849654,0.1381948923271593
1.6429256868137583,11.654925233816796,0.3396009283736235
4.999825044374875,35.95731518853517,0.8684406630841001
-4.203680666185182,39.573714701561116,0.9616568831284195
3.185757474022884,42.43603807475951,4.486328994797567
-3.925736170532161,11.173456735722654,1.610389502522257
3.6777750437276118,1.5003270141335245,1.5357131502149484
4.936544976250701,20.042927741438483,0.1309703742564973
-2.570496020263934,37.58076910811404,4.391875527307369
-1.48363946653495,0.8940812596275779,1.022621786701838
-4.975634321029872,33.555225650112774,4.295069317975716
-3.2110942686451565,0.7375203090680673,2.640657548425587
4.671840387841825,0.2357503881027253,0.7612965527114064
-4.9167652567684925,43.721998419108616,1.8652805215759554
4.971298887395545,0.49325505030134403,0.05450291451462354
4.9723318205007185,38.092738774248694,4.399207417145005
4.935574069739563,40.209554303195965,0.024561085078059354
4.998374100641677,43.71854586743455,0.051509128507412585
4.901451405317824,8.273047889941846,1.2871495182921395
-1.6286269249570304,-1.0258401603957963,2.556348178242824
4.626904337834599,-0.26600114104163713,0.680994900571586
4.8053153326016576,47.3881874099188,3.1440392952918312
2.4787139234912097,-0.6629757595799188,4.866032429654416
-3.053396356795969,6.415328241294087,4.035054314718737
3.6976800478616094,9.10125254435969,3.2017559293667945
-4.809526629980622,32.8485176495856,1.4192598644487242
4.552316440867294,0.48072588698056307,0.38295783581845844
-2.8824651779550785,28.58479952686279,4.417053423239504
-2.1970704413450077,14.527827414274798,4.370548982711362
4.1427641221798135,-3.8796720271498604,4.628434465652694
4.9961735516670105,0.3615560081942944,0.7260511921882669
4.307494185024997,40.73875728714115,3.935796184647289
4.13724629927253,19.08716399580048,4.474405150812458
-0.935082162601016,4.992816420352345,4.176614628123916
-4.99304894401588,10.634649993365596,5.303606988222358
-2.185659305575598,41.65630515635455,0.5677937308906856
-4.421722253083817,43.0667678731503,4.375686956354688
-4.791638353423979,46.61415195031353,2.5641770650257256
-0.7247863257441671,9.426265030625048,0.176177873237587
4.546735548331181,16.271926498837953,0.5882374626472043
1.539339250155003,1.0203155716933345,3.2427748312394895
4.995050012175782,44.69355880959179,0.00865187817557003
4.627067155565109,3.3844483975196495,4.096274343345927
0.6368334878599119,22.344549218061367,0.6411369721695056
-4.373449667272833,10.388421312252056,0.3365680421270314
4.944483545512982,23.469309753437724,0.17665498825820247
-4.902802077955463,21.60490777098453,2.7475704552514584
-4.376880066045013,22.5049247775707,4.470401219719586
4.242078313413363,0.6526618819305979,1.2894525299774093
4.159067776349365,13.766289336080257,4.469233119766046
2.274175006152601,-0.018165127605729747,1.368917989845757
-3.9292767460006726,2.542282998478295,0.7163434325577068
-4.9969696397232966,20.77351141103221,0.5351566406231996
-2.0197568536108674,8.162105172496538,0.9020091006603395
-4.819826326262545,0.3128139003551993,0.8578901230057656
4.8195363092237224,30.518219153029577,0.15449025651818024
4.757215332048569,41.581061885635954,3.070228544617306
-4.916762507375225,30.1096661306813,3.8955439272956216
4.896577094201995,17.654742957076788,0.03663575236502693
-4.088364400873299,2.3638589707549267,5.134160778221574
4.048202972925152,38.26130414114948,0.3282302545194999
4.659503027181949,24.764925643014696,0.967468394111787
-3.888414339354946,-0.3732620706937026,0.810953430085455
-0.21647062000846867,3.7999226787155798,0.3177426372211528
-1.2276340081158217,-3.3889412302487414,3.9300778690299163
-3.3955639331213803,5.103231588336158,2.293147424941944
1.8104097139205724,47.494281959468786,4.316473060688207
0.7221474494238425,11.182748054927545,4.0199326828736215
4.853748585083741,6.234101371399182,3.2610529182920702
4.989592862120183,46.38029391476948,4.308432296466093
4.949291832695361,29.195835353796923,0.5184415574685083
2.882474835276023,24.970757480447688,4.610890910261726
-1.6492836259849821,41.93728654787898,0.21408915707385073
-4.471370414309749,13.938852549465462,2.732638463053886
4.954966093198985,21.02859540695226,2.4054938819014544
4.93606585688364,0.897114501563105,1.0854433394343095
-4.823425693382303,45.139219759216026,1.0247923885815748
-0.49590072499224336,17.163214064399526,3.284916493930857
-2.6674141630124386,48.70597522563712,4.454154906997239
-2.9478686853623475,7.8176709436035505,1.5078958394649837
2.9409193117126526,28.550612768727998,4.410587883418043
-0.595606436408903,13.34729945674953,1.3768480632161295
3.2827234250511284,42.33460058921168,4.4566552628654525
4.911267804414693,1.456105012533667,3.309020392898766
-4.422695822169919,6.426783332182522,1.1004211090226246
-4.341714377146588,19.407555340248933,2.3698177735415773
-2.9057924263476638,42.27030496002171,2.032362248626379
1.4322557499416169,3.684579073605208,0.53625012670575
4.974312737370795,0.4529004528729589,0.19888956009174294
-0.9656422414050957,1.622480242523932,5.077357973309709
-0.5511471469062666,9.722461816092665,0.35101203021645205
-0.3878494959610106,8.42602313749712,3.477470572010362
0.5110209015511803,12.2019145037854,0.5566331355633887
4.868415115072359,34.89627624247361,0.3694302107056617
-4.9411367120233605,38.28628661742753,3.6990007025840264
-1.0235864488366735,10.149633905313404,2.9697434560837586
4.935291455848855,1.1824101881663822,0.5406264868509495
-4.989132357206153,41.250414980438336,1.9803014623970658
-1.9569929399582364,45.00038130488384,3.8624471428379206
4.935881361158731,21.365674421352534,0.06789581234050034
-2.3289386062945154,0.20360903352882453,4.730415330622996
1.8067067014416813,38.38427955037354,2.1119046561525296
-0.5499207813444319,15.924808409692517,0.4185033712382605
-4.199340419971321,18.61962934812187,2.2349996662534197
4.858188011055715,40.422109798263655,2.4564991112729686
4.921258900058943,16.863570558888267,0.06866447293372298
4.9038356146420075,44.718282826015184,0.06121866995184595
-0.49052585298361734,43.076340915115814,4.711633035676062
2.25091425943251,42.76438010387374,4.348474933534774
-1.4244001771523331,2.4091087584375805,2.1811851674264355
-4.509799921359431,45.849412445098146,1.3701961115273058
-4.930731459450136,45.11913455502274,0.7055580414362662
0.8586457557736455,5.781003802749898,1.4293258316172304
-1.076183113636486,46.0684419748416,4.443825581271988
4.979916633732429,0.052470066239288356,0.044646013754810365
2.137582661334658,42.697597400742815,5.323083029363632
-0.9458469165271005,-0.8262873853017454,4.023707570787268
-3.8269360288353744,14.752873291382228,1.2551409876831174
-3.9454917743455526,31.724563614547733,0.17974525856734253
-1.9810953736387693,-3.161090046102096,4.841185686597402
-1.496010161265624,1.1078421010821777,0.8647107647562785
-3.338462847654836,22.64549471228604,4.757966840095858
-4.874407369764301,1.964582986085382,0.5108537257043821
-2.9479998320706935,36.59478387059892,2.427165028285362
0.037422522910030676,-1.616472689785045,4.680328460560246
-4.033297092485425,28.1655492906799,0.3200336149467529
4.232157920656826,-2.070052303408462,5.257954699656946
-4.412042460958161,2.8023377470394273,4.628421128123728
3.816460744469125,41.77632086765089,0.23719783892928462
-0.009212321385430794,40.34590257433977,1.515543020684284
4.883514488892754,6.21435190216246,4.110778093853123
3.389087239336062,0.8024942453546496,0.36189098332343417
4.885120625813907,2.223601960516147,0.08156048041158956
-4.972371967924801,9.708741879281593,2.2314707209185425
-2.239114108759302,3.900752133759843,4.528823533669412
3.3326217566650302,34.42137160672061,0.6907332220238414
4.737055108423443,9.13363788931248,2.266449251761119
4.868332542470042,0.0654384280301356,0.06885438828104147
-4.907922146148786,19.19911575029382,0.9621288225065434
-4.424384725314057,0.941713412800371,1.7745033063613302
3.0290112462564114,-3.328130678228324,4.762858075081118
-0.18623967405327657,11.13729805397315,4.621726710336919
-4.247403184194997,4.332189188308152,4.089966518648878
-4.2442543201571725,36.96825723081571,4.013627766540655
-3.1592926595212365,2.595924939589563,3.1740033999018165
-1.656551902421052,12.13847282098117,0.2425266787652336
-2.206948289752428,15.567751867664867,3.8976794116505977
-3.223356396829544,13.635950129550706,1.4704444446158431
4.999154736453104,8.539107079287103,0.9200469971828078
4.770603863128054,37.434910328473016,1.5296575110369743
4.910150218714334,23.699286215140386,0.43441129915696614
-4.248598472104764,17.98461254719799,0.4306026652112639
4.929037843047448,10.11564161205604,0.3649889174414199
4.602194095001119,0.15434180604868541,0.438160580482723
2.9465403542460877,33.955698936349826,1.619591183644485
-4.8867368102235345,26.143539759783298,4.2735296665425535
4.626031166184156,42.17914073150335,3.296129320815642
4.894277399246935,42.48963648908365,0.083941520278217
-3.974518335309237,19.7402025750451,4.511180108765434
-2.573364516273417,43.758575589656836,1.778334792398266
2.9209341312794725,3.445606630557646,1.281464229361838
-4.369351383762428,-1.9830560054728381,3.074817652125395
-4.4811117256172075,13.749515509617966,0.8905126951269613
0.17653322694009227,27.711858722272655,5.28543518314031
-4.954740605997764,3.305376123455,1.1072594324603984
2.077256350032946,40.89036308582088,0.6276916466536556
4.979070543843055,42.03178304864857,0.021986530058791292
-4.638808422940805,19.375726897760227,1.7683892199182494
-4.841565343601886,4.455530164557862,1.1450101718916452
-4.99155636745547,44.358182216480245,0.5132380575783624
4.3414037189202235,40.36492606640179,2.538715794961161
-2.696209617677699,0.1014855695572612,0.3528216182305205
-4.864847897890771,41.81924839874812,4.132712560357009
-1.2533721070673365,1.7694010175631567,0.5920052187910531
4.859970243343029,0.27981073296417563,0.28727447470171674
-3.6928327343119354,0.8948093096831778,0.8670257722995858
4.983442369985348,18.36613533637029,4.336646941185321
0.7059289259330852,37.44727004395329,0.425592096219141
-3.8604488587329833,27.772697306037493,4.488189912447625
4.9062069575947955,12.767355949173478,2.75969233620341
-1.562122503118268,47.351368941362814,4.375900336566282
2.0909586172053323,0.7353388779702159,1.2380318023834516
-3.624507372141088,2.079366743325232,4.326974881486931
4.860770729195309,42.212525639430545,0.07395131773075
4.93972848531898,4.944008763182514,4.567698516194632
-1.1101753440797981,20.61569390218847,0.8667873409345498
-0.23761399375047126,47.29830427326727,4.475742682570139
-4.772555916990891,0.005664642210364737,0.04974562274318817
1.5330678847307524,15.976096720820298,3.8547378840396225
-4.601791455542198,22.48852605385419,0.9648385718585253
-0.3065978330548012,6.218787484188071,3.658845479980498
-4.9515469121857105,5.091547820699416,0.7659166517914917
2.0177714885255416,44.678216151115336,0.310830369842003
3.882199153286261,18.272004433672542,5.285506187145061
0.7800048824507391,0.9553927530445039,5.101045851377067
-2.086898926219654,28.84485407828495,4.961848963208341
4.133933745899274,3.3347010036787337,4.425137220723624
4.877402265286246,21.02835964052096,0.08036923462115787
1.767991587611216,-2.0554401521783126,5.2862243271214275
0.37815240275571754,6.120146685970333,4.336221014509611
-0.0031148661740394703,12.595941861635069,2.9565998071728927
-2.1960950589069044,44.95042299347059,0.7011625037487189
-4.883949995613756,36.80979534343375,5.054974548982161
3.9779314306134808,38.75240757587914,0.45814949904196134
-3.4015759709050375,7.477615254601062,2.551519189466498
4.548785502330786,9.544564390344473,3.8679199995362876
3.653640592270899,0.33226641098309645,0.5009807611025588
0.8451424795040876,38.95728822073243,4.294439151456146
0.6698602854771389,41.86679509802763,0.6330584459966648
4.937721730852823,39.39240126387987,3.322986387536348
0.6284831273604607,-0.40161644255112605,4.806764659707915
1.8612431338866666,33.3345778963193,4.812431875448363
-4.047727039537471,1.4431565665635375,0.816979841040073
-4.770881145575027,21.422944394960684,0.5293965421156339
1.615657905540738,0.73035816966104,0.2644198465014609
1.2807253272380246,4.658744380188297,3.202577333233546
4.988264311483604,4.258101913572806,0.17511206771649535
0.9420105344937888,-2.6198840944868187,3.8224029325948337
-4.897067936123414,46.54880730211771,3.988349044022828
2.3710450244460004,-0.33621810133857866,1.0951066243604228
4.722140382422174,44.73617400675935,0.12844701345639004
0.357860311188415,8.001376168262631,4.302553353858192
-4.526303734712206,17.271555748101143,3.1976472483892433
4.542956359297461,17.935050598990358,4.448946236557542
0.42006982537434595,8.58293689708099,0.3831928992026691
2.045644496572378,17.62473781266018,0.6347032757814643
1.2372444897674866,2.323239129363267,0.5165617131118276
-4.41899478705715,-0.6935748824651664,2.366566218381105
-4.451116983298293,3.4241833524484813,0.45692557009436424
-4.856249544769211,23.208726228471054,0.045823471195619914
-2.9335920583532737,46.85327515359925,2.9921802548739813
4.82475480603986,6.786830636753758,0.05187712388181888
1.296527839199608,6.582209699149767,1.2272256054351858
-3.6891129091590678,0.9265305361229683,3.626151347338584
3.323825086167288,6.326591127960896,0.7710815599851444
-4.454958265720857,28.722719753258367,0.050742764013239905
-3.8731080965253266,30.628325639723368,3.862411964354544
4.614158317370301,48.047064389840116,4.293981180820587
-3.9409124796489476,40.67795366608004,0.7499644797158724
4.517878649280294,38.786657699476045,0.5126190873093909
0.04834557552669784,45.628296644753,3.5905557074875265
0.5486877281319242,4.421088155576271,4.673766747175897
4.801639579428533,9.607125492498065,3.4308828677852197
-3.9152748975211615,1.9075129366137957,2.4370088575976263
1.3002955378458676,13.124399522752597,4.728151725043705
4.428468493536874,2.370608894104387,1.7384723855655777
3.4132698800925843,0.1989530972048027,0.5842667216592347
-2.774975210955382,43.98712338111416,1.830263055224706
2.720797087002837,15.746075546652266,1.3967522809372106
4.316635938856726,23.844367847272082,3.886067503296241
-1.8667814625817805,44.324562584929126,4.571138606570127
4.870452345507146,0.3548786957740585,2.2045670602157976
-0.41427843631390066,1.5550360401103005,1.4605017044132311
4.997850679747444,-0.30386787102284485,1.0503864077524034
-2.2198561925026343,-1.7499977516720677,3.4039129603164104
-4.700069344525667,45.85648833037848,2.500905681358541
-2.7430053816620465,39.27454569833185,4.622687733415533
-1.4040987758239392,11.401622613327318,1.9839270089886711
4.888815329495693,44.68524274355028,0.04112975622175437
-4.4996814154486255,39.463220344071495,0.7672580163767935
-4.704610119827268,-3.8730617247295696,4.463874413471904
1.5213092137765352,13.109723280648515,4.897156207131231
4.732120653566861,1.8781532588643883,0.7754357793234035
-4.939708399813979,30.02542644267832,0.30188333235154635
2.247310141943795,33.323678115462464,0.33579242672896026
4.775592747529584,18.315732251131237,0.9842239120369738
4.339074387000154,13.577484139321681,0.054171517772930444
-1.9628663654379634,35.07425095323496,0.5980610256495711
4.844595310437804,3.9469566342149176,0.11276536866301631
0.23063481006406183,22.628048567012687,1.1501705819295684
4.990301742788811,38.36190673614991,0.021473206542253723
-0.6454465984201228,-0.9792674544158124,1.5856326819786868
-4.997139337922585,27.07931576595821,3.2716176861811914
-4.999986171214901,3.1016031367415646,3.9765375645826024
-2.5603616639198634,6.299348101256335,3.094314802595332
4.18678271511637,0.008038101082127769,0.6991375919506672
0.5701698371711166,36.872015243088526,3.0671880760341548
4.489744681167047,2.5628131246752255,0.32344250468569236
-2.4931319214506815,-2.154600483410269,5.215337344382433
4.996241420437947,9.190520078333128,0.03966444566525977
-0.7157585968997638,32.61954593783837,2.998887567863203
-4.997213183974016,17.224270436345783,4.8993213470800185
-3.3716810666211083,48.81687255642052,4.101081275793451
-2.9175336491613484,2.437814764648355,1.120760475564721
-4.296068339776194,39.18984126990235,0.8406314068764515
-1.9263530175057104,2.030113392661546,1.511498279235035
-4.264320774258347,8.983484485525409,4.316215677809983
-4.288009466402716,39.538179445321546,0.760828987667741
4.842726977349157,46.91360045891725,4.525852976960106
3.299963815874371,0.3314320239898318,1.0605181458809796
-0.7009627745937018,36.97296175295713,1.327426511825386
4.39359693049059,-0.4229178153259867,3.1695318623597926
4.998412642335814,10.133297345619779,2.4771441826694653
-2.18267436638485,45.50692173315686,1.23189424922671
4.006473800127016,3.6146402158162685,0.43408127498441373
-4.9003847640002505,34.80781171061395,4.013444344967887
-4.949828533638204,25.52860260443421,4.430014832478954
-4.629346789739893,3.763876050460999,0.6949569227759487
3.3199026408491648,39.92810976316364,1.1363855227988133
-4.887034766353509,18.392443454660494,1.144579917288191
3.19214447401786,-1.9519981078485382,3.1238379378092462
-0.09123749733898441,40.61549584695386,0.3911109891326876
4.649949677358421,3.679280864262669,4.548528095590237
-3.1829482419634223,0.5641125526736994,0.5754022683167446
3.926219697892037,13.673003054170753,1.0126957478409593
-1.583963983288392,0.5882750052774917,4.7625167860200275
-0.827867027182636,19.549269971025478,2.6045772898490833
-4.617129642067228,48.27390813774013,3.933930599206617
-3.6951006730083034,42.2567938114712,1.3775824342216434
4.9651228107330265,0.19082326965461188,0.5423276569011509
1.3762893033434431,0.8138382395868117,0.9670879903413925
-1.8621760451765357,6.848172907311987,0.696611278261347
0.9856584811010544,34.67415206075731,2.8942682894631293
4.59529867765651,39.62776808078825,0.4275820802123717
0.36792630374938606,15.148391412197697,2.0141730559351787
4.8513906857190126,0.15229366991076915,0.14397377666696612
-4.928160669214372,27.021604181758406,1.3303952433194477
4.866961768813995,42.99643194229296,4.250671048858801
-4.298477842401919,11.617544282539694,0.7442021035543798
-2.8336040825268602,12.935425162199042,2.9773419479754373
3.965920791277864,2.833702426414838,0.20353926796039185
1.0377411191909698,3.3460601039483353,0.35080118148161693
4.991574757549258,38.154508146045984,0.018025630608201795
1.0299017305648048,21.3054650969238,0.397964799895812
4.846561882535193,3.1417754367441444,0.34618161880646175
2.7196309504688094,39.04562888958545,4.6714161288911304
-0.06829548934213717,39.68371782357546,0.3394025587731271
1.47040333615283,3.4384027477678396,1.1951359779375204
3.391352532920331,35.09313434966826,0.13026869325190543
-4.708679145891283,5.867141248146851,0.7932889357581727
4.993739259295731,41.21033982299827,0.3210614917458812
1.7731577380535215,0.8437713307513055,1.5640304826006934
3.3940800236447055,3.5014903850895265,2.4512639909277585
-4.826816366894431,44.41874876620282,0.2537456272689896
4.383040678239418,21.28738938146031,0.5792484355044916
1.3477576939158493,36.0614441441635,0.7326652999748215
0.11125330067633922,26.14511726426864,0.5456857851319185
2.280362454195065,37.832557353609445,4.492425586213365
2.23727184534706,31.58931291090961,0.403596783946623
3.4720366694849436,-0.6382159092591927,1.5925145572583104
-4.673197012174271,0.280041453643898,0.5452377022625362
-4.256046248049884,-0.39369919491642524,4.738913767096371
-3.89718667413477,2.0298519942347544,1.0695797650133057
4.740588088486458,29.86958358095391,4.371422120907105
3.4685746166497022,29.186208215837233,1.9918951493643255
-2.016971216273154,28.529330563190037,0.9391989711395552
4.991281667868244,10.837365716601184,0.23621439961474144
-3.529388666570883,7.7128088248244175,1.2102101609851146
-3.860445791631047,9.714943542288305,1.7288101258452049
3.7990075289152125,5.992089073965496,4.472769105156715
0.9352130756852219,-1.0725810538071838,2.660954600886467
0.5649329047000978,11.069266271615648,0.6296647677052312
-2.676837501883918,42.62895628515915,0.7267968088518616
-1.997132604702885,0.8555645627715294,1.6448768404310363
-4.890790443948368,43.97812049156344,0.3622025784301084
0.3528125772127282,3.7824684793135206,2.58931246045304
4.989647396342071,1.5791819576224015,1.542694828582786
4.852299373753689,43.69541358635867,0.13630184197651918
-4.906731423746272,41.54748448692396,4.623495175020569
-4.894141165943808,38.18998560179926,0.3705053021952598
-0.2621799362946984,0.8025130395847939,0.7123092181660395
-3.031676134614486,43.948948781353025,1.1671237021857728
4.859688478887765,40.176837044997896,0.07516705912491042
-4.243787033779255,6.264339186654806,0.24890739281804752
-3.068810626549136,44.50051507016738,0.21103605501290962
-4.6996155026616675,14.516396770019075,3.112981778630512
-4.979909434323776,21.583113510034,1.1733786743473007
4.019562126698611,8.465255537474208,1.4388957468888157
-4.97012345950052,-0.4020430616434509,0.8079820445930535
-3.758945924416083,1.3770620119887491,1.3891047422959346
0.33004554238161726,46.18199869613915,2.49191800059831
4.958322277081032,0.01814517848141442,1.1984418080136447
3.8781047296378404,47.875656710827876,4.030564689204376
-0.9021678381215115,10.277933950567595,0.8061215640942443
3.7973808811743384,4.238482730120739,3.9754126951824134
4.269752101469507,3.760969809910719,4.026872394353472
3.332062616455337,42.35772094103473,0.5725674700566766
2.38045535068436,48.22647633189062,3.6189250768663004
2.8874002651446338,2.9901109803129478,2.681847550295693
0.4205758344562055,45.032604236491444,0.6761160056608185
4.894745857808283,39.63000507255988,1.3641645535317086
-2.2292109456735165,0.6071029642595053,0.5743115303118805
-0.4345774586067367,-0.21193635667483213,1.8084360388273213
2.351601593430826,43.477442171572896,0.6156205655283683
0.1558508254789413,16.17186813388362,4.745086295675319
-4.8338194941010695,-1.4655982154801668,2.095255055915199
-2.6406887075512913,14.213068305309804,4.0343510359792605
-3.974621602549371,31.010639486793224,0.5057417431514015
4.994895147767061,10.54296843431775,0.09522168611078526
-4.998085182677387,37.75976135809721,0.8159961596025634
-2.7015897908838484,5.681388964817418,0.6590410300615982
2.017092964863997,-3.584217470345619,4.75505685564429
-1.6891778448961872,15.666839137150761,4.603608232808472
-4.551002294690496,36.566924871251075,4.839668372753325
-2.4242407909732484,27.043753419478534,3.534937472227383
-4.8420656091272765,25.81177584359758,0.3319969223475929
4.989722557794417,43.985874708718775,0.6077876545108523
3.1458682436956416,41.28275050085922,0.43862669098652807
-3.060227852302652,41.69299423393589,4.401412862198437
-3.690738953210275,0.46846706482266876,0.27401814889702514
-4.486217051612508,1.9175165320289222,1.13965276358497
-0.39556762815543467,2.451731876259692,4.386018160436147
4.541965598567955,17.627540001792745,4.418670594356652
4.69443934769693,24.14698851434512,2.407315743710656
4.713693048684915,6.6043328472967024,0.3980748221060012
-3.7485738072873787,3.1180655045071863,0.4410685805004593
4.88398815941728,16.068186594294485,0.11628434684046185
0.30824373961611706,44.07454381840509,4.626916710515456
3.099234826777009,0.003315060890946735,0.10551432519430715
-4.362290680072796,29.8867217679522,3.3084160310202475
-1.6831650353543035,34.64743417513003,1.06638319743218
4.9988229288925,43.57284589827723,0.6991564950355059
-3.9081797444909676,1.1477760129999481,0.060185676266151206
-1.4246640392518308,5.839332876902285,1.9352794501283537
4.01583617068087,40.760874299066685,2.4082230599312937
-1.7643101584079028,14.156212947237458,1.81215989731885
4.864296604429737,0.16713313951190278,0.0872682020549134
4.84778153349585,11.652087515417254,5.110823709894081
4.958712129502369,43.535884368580774,0.055652213288368266
-4.751899028905161,29.52610335970435,4.755469322484643
4.9972613476555425,31.95067205401845,0.3764232958706754
0.6863972615331594,28.816663858041306,4.236869705274368
3.4782244529382087,13.924145310591776,0.1602300354646521
-4.462858219157052,3.846235249557537,0.5821231936194748
0.5229573167524821,38.99622052187169,4.768270211463949
2.941399616028143,1.0258021537956914,4.197231306491755
-4.611075818275362,28.063963548842878,2.227648211170549
4.970489725690739,30.2823062274343,0.14305123624383703
-2.8814555703419886,37.41855762134087,4.601132001038495
-1.186747559946645,2.083568227980033,0.134157272709125
2.921674903399365,24.96570124181526,1.413595904266971
4.658658894224946,2.705427125368776,4.529722805990401
4.925609746912156,0.22485466972187781,0.5040180262213734
-4.685459934019037,8.884271665196547,0.7045287037484258
-3.339196991677244,0.9996837813529943,2.0945241257004708
2.990660886275363,25.71184957031998,0.805055561350882
-4.187650381209023,7.890283090104678,4.514087671453804
2.692560744443168,42.69181391626305,3.6520837572154172
3.5148035148620327,4.932414328578518,4.79438416750293
-4.309868698475812,-0.03173052483695121,1.285027745913026
-3.1478656463347003,3.7068788385365714,1.501431489346889
4.834789620582046,13.937909429442279,0.3104385201947565
4.999664957787832,0.9425038335822622,4.618562923929667
4.905423289088633,27.99673646683042,0.03365119034570492
2.965106807634233,0.828563999704767,3.152255982273128
0.7928265177891919,32.92853000744586,0.23542395031757177
-0.4204878949581164,4.407725642269175,0.41924415633604856
-1.3996760726451218,12.834839473633117,1.8247545341983895
1.9276382487729038,-0.5483112970380555,5.19256422431011
-4.637825433766381,44.526029349274395,2.2714738562563266
2.5363988020739114,3.7461742975610997,1.3336537064490552
-1.520929518838246,2.3613661863684015,2.034102847785316
-4.297617599457792,38.56697258033088,1.1163619148078976
-4.596790952027539,8.82778993600736,2.44869071377922
-3.9265659845660568,48.13040265040935,3.900771119483846
4.336067527305537,-0.806332697154901,1.822248966072148
1.5733872158485773,1.9465984555852562,3.7167471183550393
3.445649664450894,33.170216982519406,2.5090515204304746
-4.9188425671981655,11.838799337942369,4.453263544355215
1.8929762993439803,5.016346299133478,0.05061200093164056
-4.444923844271111,47.338480034645855,4.198011645420147
4.844971571080401,0.07783916388975252,0.1705107779048659
4.699813002465206,25.045819849689586,3.4705545602811787
1.0341656309182539,0.6765907854329657,4.606594808736557
0.7895632541332411,0.4870398981582048,4.423221293781957
-1.3853236952746475,11.228928847191579,1.36346529227943
4.5541858374259245,33.35157631761614,0.33055533105250634
0.7386110090672795,-1.0595254446017988,1.4490450994347375
0.3244422755726153,46.369869652212856,4.315567264580715
1.5092273565395973,14.118799250161663,2.0459156877793285
4.729574489106264,11.349736264372646,3.7525966318952877
0.4599843477819754,4.345630569664261,0.8754571804080146
4.882615272664583,8.870010803307746,0.18341230301538763
-2.9163990624768035,2.610100514520208,0.6430619785694753
0.1458201245162389,3.271267805550178,0.06499643795595886
-0.19634120547067135,43.54124908261325,3.9080238106032907
-1.667856521227843,43.40148419399539,2.7488485567796253
4.891034746987005,44.67653902094244,0.5021045474779954
4.696357793411925,45.02030406355577,0.3142996320841722
2.598991866427072,35.38952755203086,2.9142843920618478
4.99701849361294,18.77466596446872,0.8700526695458456
-2.6142067190709906,0.8306268634050942,4.641242764105172
-4.37766052612465,44.07055266434231,1.121374467511175
-2.8872871560909594,24.49618654649739,3.785909644842377
4.992634470295081,40.950721501300904,0.048872893056724355
-4.621583301272937,3.449733249375362,3.750313341296099
-4.9956636577442195,40.45981186964486,2.131325160307191
4.986277819617927,1.3764152918844585,0.03297756328401155
-3.901196469066287,3.7221688547235097,4.570010490564219
4.857251005604348,5.6148325246183886,0.11397628379143337
-4.290923321001067,2.913698650654921,4.479581721674798
4.189229852485096,40.28405771889985,4.58703597522279
-0.13643907331638014,25.077008348502822,0.6898863991286018
4.06237974796536,0.15744904475237925,0.9925445260821546
4.662829655867378,14.658693438993943,0.08050991652366256
-2.5391363588787463,38.22598708992788,0.2721504176676981
-3.74184528449066,8.752032843499475,0.89864528260587
1.7377085403936132,2.3292059599166324,3.2448913379141855
-4.2917250337622495,-2.9791067825303563,4.762269316071086
4.975454655570324,43.41747802931534,0.13846619446270228
-1.0220707195582088,1.1722789300140979,1.9952050311786
2.431470937983477,33.828011093943594,3.3460452372085046
3.830838955091247,-2.190785181621474,4.890871849445575
-4.709392394017149,8.682273096858806,5.139900568361762
0.8209807097387428,0.33100051301638034,0.21000742474214182
-0.12216173239521984,33.222048208574535,2.6547619326562746
2.117522323551327,0.21641507452102327,0.23451583994113723
3.1881321010201824,26.197187104358868,0.6592680851636945
4.860549004243472,7.501222829080522,0.09732206859438347
4.901951670072146,11.769552078244592,0.14154505400746212
-3.1957800856130314,44.93769517406794,0.48043399961167543
3.69392893428604,45.38107438965999,0.696740655457772
-4.863416917671817,41.7584555366048,0.47666895875859405
3.840364768465176,3.908803889037185,3.9281801950168616
-4.98840915004185,40.882117143141905,1.65718570746101
3.2727972583137124,10.318718106246793,5.273746141874118
-4.68890717803217,44.884353224929036,3.509485363643597
3.768664714747511,8.586088565896986,2.7210065347763077
-3.426202728942818,36.91404750188367,0.24734993018765505
4.9997994649632735,16.3639383803257,0.12248187747871012
4.551203092371575,7.955180359660503,4.296551144906067
-0.6286905051845327,15.289810248240984,3.3128991469721463
3.718279012978089,42.054119614656216,4.330223837884739
-1.8890938279364387,12.636219549148969,1.1009673537480957
1.1317218429310731,33.79464910714033,2.2060973892448694
1.843884032071915,25.452004700442036,2.9778567899431403
4.98204106252138,46.589848207107,4.1411433847446935
-0.6412582879389683,6.827091298080515,1.0887902101684332
4.851668931779612,4.4632506928698605,2.7247302273095384
-1.872400626726354,45.01956867141842,1.8841049505719167
-4.82450780782807,23.298841277593805,1.3590715362447823
-4.359719018507856,24.427721737487612,3.601386896854131
0.9497595975491104,-2.1435393180981333,4.900451050952251
-4.485772554107003,3.8666351898202715,4.2461446824305
-4.075583046179607,-1.4522441830296353,3.037835127904939
-4.621129530822682,44.59969707933866,0.4571599195416181
-4.355734996123501,0.13994144754163707,0.4829069968757649
3.4232941177908547,22.44034565959051,3.9166633882845683
3.04407370073571,39.87844782152569,4.293127227263356
-3.7806060588030466,7.186970418604295,4.978464154459173
-4.968156025263851,-0.02940738665492293,4.5696669840510244
4.887473753564124,10.916663043431218,0.06135926243563059
1.2725407944386222,4.717905809980231,4.279147912639296
3.571702801758838,-0.21493365791847832,2.434215070610994
4.5944130250555695,22.655307301213377,4.7188772138406385
4.915067841387957,11.32984848803162,0.46806697147975096
-3.1343912858652523,2.532372007019016,0.033686945176966465
1.8423413576588135,5.214146647696925,3.0525376834159186
3.7969811444960437,46.110080642371415,4.075773455950812
-4.9998189136870215,34.6688021319438,4.44340255407766
-4.8824474289354605,5.830391795967657,0.7649763831110258
-4.411565685602485,46.26406576661039,2.848721648438335
-0.7633934817692939,41.71247632681667,2.1896553965517542
-1.3129989841871594,-0.9416010143460469,4.6848754397172465
4.409397690829303,42.5988573291119,0.1514647412986976
-4.998949023121637,5.954377570056127,0.53230853221754
-2.1985936124202987,0.4020328260249316,0.46042034193115633
4.909823179783201,0.10016861072134188,0.330113971305963
4.990267407229321,9.90590585891036,0.04561031030893582
0.3590204529274491,-3.570792455267363,4.837657874224541
3.3081882025749465,9.094229084015943,4.9233589437008565
4.332403615023313,48.817690416222035,4.103225335969625
-4.16891560106191,14.048074434065784,0.5334537224222986
4.905703872015944,40.84537568149838,3.2817998742508996
2.6327628135678967,37.84721773707048,0.6030431151717851
-4.758037786608493,39.36171435820287,0.8445347158493127
-0.9778280813081835,38.58049394950113,4.717290299667669
-4.150661558240181,3.507600937733882,3.889425199847979
3.1008260669185446,34.34646112295877,0.15176540700642024
-4.596593809910556,37.24269755889339,2.9740942403445283
-2.886481246614811,42.16815292829765,3.6633919332965528
2.219280668358912,8.829327386578138,0.32285896789061647
-4.3112610211730455,3.5899924292281282,3.6879594500973907
2.900098679973293,1.925940851639283,3.8720267249424585
-4.828182035901609,4.519902987546801,4.407160652541867
4.968398189867662,38.61668796384289,0.1208024565706841
4.982010493901568,40.35477443044211,0.8143567589515004
-4.077572018238017,17.425619178874463,1.0244086987951246
4.903758084824689,4.740861689785765,2.175585771648864
-1.5216172065521292,4.547684109975348,4.24979897097864
-3.1043337962585222,18.805823485335686,2.1099686358497287
1.153504018802428,-2.5474470555662156,4.590018037827396
4.762727869803477,47.86557629210559,3.951929266058338
4.937723769002616,15.521034211967894,0.5805246982432425
-4.7022211605690405,11.341784607199463,0.28652106141534095
4.957633524394639,43.52525848700651,0.016160135212041266
1.4413308105969223,44.19302394217041,4.084758551302303
-1.417014534138321,1.7236823783318134,0.7801537303299155
-1.9378345889305124,41.75015183422421,4.102931179444789
-4.7910241583438085,38.18128303906858,0.2631768992345638
0.09552822824800897,4.810622102760934,3.4981205807377194
1.4515417259028611,47.46102355353417,3.1823633527228488
-4.871434672681939,39.292756713660225,4.542797177903771
0.9719560996843513,-0.38481987659168604,2.6210405050573384
4.912211285893125,21.864541621445184,0.4810864080938856
-4.8789974209377425,19.853833830481125,0.8409599275575929
4.889867634181573,0.14582390414144322,0.13470947826751806
1.108270634637628,-0.5356623035683503,4.50096022324338
-3.3767738815785417,5.621300496488603,3.6231344658768587
0.46257623534126835,0.3993901982060074,1.756231714248375
4.978767242760479,4.428598283484667,0.03394573849996517
-1.2776047310485494,2.366919388844764,4.4951959758760545
-3.4366614617062288,1.4027666455221828,0.36318489818546684
4.998499994448604,14.778787754632557,1.2950698491531483
-4.931378458023807,43.11222151880706,1.5933279788193349
0.17777289208509542,2.3106309844433035,0.617354194411591
4.999282698142657,35.95897054142946,0.1522933704613725
3.3947901715175015,18.37854712002065,0.35371780962094995
4.876760817913043,1.083586226977387,4.346306006308435
-2.1403697415499106,0.06857044403087381,0.13028352024619222
1.442018212040792,3.64840015499559,1.4220522454131428
-1.1051803039288612,9.971102367703711,0.9162185857289404
-4.611172104873359,-0.010973702899195636,4.892561233040037
2.6578642685093863,0.9761051891196924,0.573728186395432
2.233004540721046,0.21483393823637964,4.036592959307983
-3.6336566006012005,39.38662564008043,0.6374724476211584
4.914060069827959,0.14703984041770876,0.5376271651465301
3.2549321529848916,26.628540761377728,0.685878180719325
-3.150417177913896,21.407677121566543,1.358658328551238
3.0192806490493167,0.5742169361841467,0.63673300316449
-0.7866571520350811,30.264354633644672,0.33694082808179837
3.3761521556620266,6.403885724879311,1.1325194125366869
-4.338553937961955,13.36933472028447,2.689890145674277
-0.7290076720625782,8.796033163417269,4.431542783238044
-0.3288720338154243,44.63785980690172,0.9098581351002635
-4.047825112279982,44.18327835083879,4.481067219906833
4.293001437025835,25.89973129447655,5.13456295594585
4.865168834652757,2.596379735752847,0.4751202086296239
0.41818517183464055,-0.06057621958448531,0.2948028267373135
-3.6553777997477988,21.25588388727312,0.6635163958746361
-3.956909549733876,0.1586650631266071,1.0429169784585197
2.75860273123973,12.934196856557648,4.35676928333803
4.84463095240909,0.5649127794367563,0.5405032596756831
3.489065778665539,45.8402936205577,3.5450453445042145
0.679638608201162,2.02933583879827,0.27537716270893786
-0.7521563767737115,6.505391600330264,0.40739360636599564
-4.9224418324887536,41.57759954889228,1.4912319318746248
0.5841269184728878,-2.5294679039593313,4.828034746571249
-4.905454925287441,8.002101442118295,3.8652121010706924
1.1298045244440513,0.7893699432406439,0.036793761773545874
-3.888795064515933,0.49880691183737547,4.408727530928269
3.9573304980764323,-2.6768995270249456,4.117534661228247
-1.7511019253225308,13.14259230398889,0.14920293247940614
-2.8112595056274015,2.7957533712567892,1.153414785176356
2.8762263395297105,29.691093355832443,0.9270162959908478
-0.7874740802436642,0.8892060573416902,0.355952048590508
3.8267593732609932,20.72385142247464,0.7942191596966655
4.824691199282905,10.202633836727372,3.926570533252694
2.9254051867331827,2.192093096960847,3.751797344371295
-4.484350377584,23.54824616869366,2.6324339881046113
-1.5457208974975951,32.54923548715547,4.06266247477717
-0.5254538421836151,9.201392366799652,4.463219333610311
1.9726666661375685,23.157535618409987,2.236799220954055
4.996573802919931,6.379809590181505,2.1580748311457034
4.355680047365876,3.743997129704376,3.0047917623719522
-3.3894681545069605,16.868692920404158,0.09977648608693493
2.451637838016951,26.826558862884795,1.1720024131219011
-2.9177935084515716,27.17486833379313,1.3118274027866024
3.9300900387719597,44.959690331790874,4.312628409516663
-1.5506596161559574,3.743595418552065,3.9139678342561894
-1.387870925145148,-0.8140990627558984,2.045697962036264
-4.637267638843179,6.056731890995679,2.736003837260243
4.2305788419702015,37.80436431588146,5.169227025728478
-4.884340901879067,0.7463922320085644,0.4951419809816597
-3.1646476497031832,42.20185487216023,1.270762815361572
-0.8196121611197975,4.986361304800447,2.595184291641546
4.2188176469846645,2.002875061887,4.808180456503843
-1.1910480605391482,2.8891826592666834,5.321136463768902
4.812664955988779,2.505611300733599,1.860729840280411
-4.9229894863428285,11.08972762416203,0.1807149771792062
-2.638319096094147,11.286792737816057,2.560515175716194
4.985662432623792,39.51728991633627,4.601890520700517
0.0839944490329583,44.441882640620356,0.29009763928174037
-4.990161699081118,16.644746088917778,0.04189940793277663
4.9363223202151705,-2.4537082210162575,5.035015883311282
4.846299633875204,-0.005481450582493386,0.7466154209386456
-4.996813900816109,40.869669908148964,2.437427864911328
4.79243588068202,-0.0035661410384334267,0.5896742653974393
1.073413766597853,10.281239467504474,3.22323024127083
4.545119928772318,27.79260653690016,0.6950196532443009
4.894105132328958,31.340822339031803,0.22082042010999142
-4.8373514231228825,8.36370448853614,4.544308947511855
3.453413592665134,25.49541908905032,1.0624781694671999
0.28711626836987475,34.129365076395935,0.042394628841682394
-3.9644898454918214,24.49352929710919,3.553769879097389
4.888670078801024,38.03224671319094,0.17785614882215914
-2.7892675895047936,2.107061295952442,1.092756020827037
-4.157659730201875,-2.2828316238937236,3.4716188276458473
-1.0655500479918592,29.49492049695566,3.2084711071365035
1.571965529451537,41.87683988077135,2.8505562844503896
-2.4515737089838305,1.245540929112859,1.2875663278687752
2.9628069988231953,43.99604341751426,0.2739035395460082
4.905733226343828,2.472217961074329,0.1342115845304045
2.6344133753753853,13.354826622452771,4.2517433854837625
4.4170606221321265,39.2149104214552,1.4143566008417268
-4.587458575254103,42.03849810436276,0.3847978436499875
4.999817753026744,43.87409369968845,0.006711424553221859
3.7589432281977335,46.064411618357035,4.364263352901929
2.4588698576583643,36.66217807267568,0.713595552810207
4.848339256460505,14.391999387003615,0.11953381324242061
-1.6664546833022258,1.1938903373396144,2.6595056502856402
4.884606751693148,2.3782381346235204,0.08759858405010959
3.7885093046487137,0.9179159771947939,3.33515460113815
-3.3673764487172955,19.1525601111344,0.8722339132009397
-1.8640731378605544,13.72716923811156,3.0201038728455853
1.409556878281075,0.1333761816421768,0.6365728302671506
4.898751480249495,44.37065978090987,0.03573301730627712
1.8483905168714423,14.13729732003016,4.487544132609311
4.634473845741479,1.980150786961804,0.9307425601672583
-3.1282290359276397,39.951520849330564,5.141084926017496
3.759305092752327,-1.5583730157047886,2.703669003119803
2.432104823347083,40.37299095598392,1.2612854707755123
-2.759577629245525,44.63242813428588,0.2717617924321442
-2.443233351732595,45.38828804849041,0.7376969381019167
-4.7448292869501465,1.4838478004467177,0.8675360612608167
4.445834585814134,7.547823791574896,0.16419521767257783
-4.975448555733449,0.93761616189984,0.9421753229690557
-2.512253549633633,43.8873387731373,1.9649939318780647
4.849757130885498,44.78069717329368,0.08329201593477359
4.99406118636081,44.55533262166667,0.027444934902496453
4.078079542279131,-0.013561519404804307,0.6045809767895789
4.99952882433981,22.45042556456319,0.2213571265938296
-4.740751162383456,27.08667436516227,0.8667681094703019
4.4127737787125945,45.12908841081977,1.8853993306717811
-4.98249646148379,18.909104870406583,4.509278831370996
-4.96309459518982,41.493510349976816,0.41557050552473696
4.845153032215215,41.810817172043095,0.47219026875741366
-4.935561695078369,2.2699176333577378,3.597244601807603
4.256411455578181,6.682310197364541,0.36173921139057147
-2.708536540823902,-1.4146696309214906,2.343825291721391
1.6848261888435656,44.32199161726477,0.6398053848721132
2.234653304526893,24.31421703735884,1.3780789223615915
-4.906551993486984,-4.098881467288999,4.784816102822642
-4.602772876072025,7.160365640373899,1.5226891235969946
0.22953551524007942,0.38567898612880325,0.3856192442734882
-0.42631628717826636,42.06268008376399,4.531209658541671
4.763578331016619,8.805742808386386,4.183211558082464
-0.5761369708595523,14.199809554152207,0.6008187605207256
4.921699642630224,31.543573020420524,0.2305573127749785
4.839727201286259,42.19058834720839,4.373682642788344
-1.7021629392882494,11.886562523044452,0.8036250095681735
1.6024819155268828,18.42051452925934,0.5760323193266874
-4.830526686444657,0.2709694928961337,1.1789394192047478
-0.6801699945333834,10.767841216792975,3.135880266981732
3.18055484547251,45.156936480561654,4.023798868288072
4.928770712374109,44.35744778569338,0.3218270420748677
-4.974984471580622,44.30571727612623,0.24024268559235346
4.976364709298195,32.10886213633389,0.4665787921894688
2.225024369746892,22.897844533376553,2.18402439525582
-4.7417900947516225,0.006658271072493838,1.244140038555802
-1.2216859117787011,45.154361875232624,3.75648465187052
4.895404125822818,0.10054111763040009,0.10945376890898223
0.17027525635873414,17.562142657897468,4.287504079115479
0.6305683764252554,9.433058152397939,3.4329239616964187
0.09347769219803853,44.53494084517241,1.2346161111377498
3.7225601702547073,1.993081998403754,1.0705784568501033
4.726448916456048,1.8399644159703943,2.7418991720353283
4.305075079642559,3.9901601618197478,3.9960501219602422
-4.884185830200637,43.55873478264979,3.3924478663593427
3.4602924389699425,3.497997673226531,4.412976535167706
-1.6552569367558114,41.89893515135902,1.227085396681117
-2.5865791029281455,5.733971207784103,2.7686850173421664
-0.1035634320696273,24.92205381598703,3.7339553072663634
4.86208505885617,-0.008988602032814718,0.4425540908294885
4.419647417034505,13.377368240030611,4.927553314431187
-1.619631164701323,1.962278425945783,3.681435967848993
1.8434303404663812,42.32739352422617,1.7272732390974401
2.160643510732129,5.102909443732732,4.534805065608206
2.3336142542934564,8.828048437155529,4.743864447935892
-0.7058723112009098,19.496191224997226,0.19029594519341475
4.905148062962631,3.361795712132663,3.682879529771219
4.99904487684937,3.770957780951511,3.3669501036955856
0.4908662712890334,-1.5232156409546742,1.8615574336956602
4.045233412615724,7.1730466956807195,1.7492869162923328
3.0978933330650844,3.0609652599083956,3.8215939196586377
4.999039656199672,0.4508406962213127,0.2635269130897003
-1.9854644739675602,12.30082643654237,0.1378871381392348
1.3288727956747954,-3.813063893974901,4.421425520380679
0.952261680893748,24.830512063748614,4.304312260051341
-0.7665145708330983,10.400713013525689,0.3664085110351625
2.444574626471719,33.25337380148968,0.29194952991916706
-4.7624926497265765,0.4588371871413005,0.23329828832810073
4.958300947183854,45.82072319398224,2.2892517949083095
0.7164758435644061,-1.8870126380010974,2.491506701917476
3.676925341385473,12.000304828487451,0.2597457004889582
-2.157620065274635,1.3543212179510835,0.20670403993360364
-1.0218091691598505,34.65169366764581,2.1957384505101336
4.618112658819438,41.29220320549365,3.2862904225317524
4.987475085188489,39.81924942194942,0.012445103377914586
-2.6520041123694797,1.0133484773634822,1.4404700922360354
-4.8967641951202125,19.927967918901135,4.4755748076703945
4.800192766143191,5.5747329367220475,0.05487430593436288
1.6627210413510904,3.6546016058061532,3.4677384845560666
-3.486953369685221,44.288790572909534,2.19238270251556
4.193515538318288,43.70900128728736,0.8261923537467897
-0.8829601807896434,1.1083969872081538,1.2222144358036113
-1.2210573209797593,16.54946578420081,2.2198370398645557
4.999810594469938,44.113417726498135,0.5566125390580626
2.787761693544693,21.13454946042663,0.6047260077665922
4.855661628814584,4.371738998043933,4.5074314734879675
-4.7131549323441995,12.29216870249139,4.23222345503416
4.9606797174503505,5.875675706397777,1.4401058856706377
2.211354126355866,45.30685504250226,3.672022245670603
-4.1822005721964475,46.06232500638379,4.306893913239591
4.698945017833233,22.258936950366913,4.2682444453862844
-3.475659657863069,42.488445511954694,1.8593421112615178
2.4435729933546098,7.100215847181903,0.5550161257642771
-2.3720604878030054,20.030821091321933,4.988118307922292
2.4290317951790414,0.9053517931794091,0.20010396040943706
0.2588418158765317,28.806473972983135,1.938438287484223
-4.788722387932624,39.59525532642399,0.5377662649493953
4.740319440325601,15.590340533445486,0.9570566174140287
-1.3462093269244824,38.15955308673766,5.00352121350115
-2.2456060747338484,0.5216745477717444,0.8045737671417338
4.803259049241134,2.701304270773805,0.23400226781312278
4.0800347420138605,21.62728292508721,1.3625180630387113
4.876728385391253,41.306069006694635,0.03737881292810825
1.491914821701841,25.396598051051967,2.0489317081534972
4.99344182916645,1.811320367573365,3.1181616056708217
4.949824706699752,11.205232004939088,0.6394849313772433
-2.2554759810829035,44.6811697278176,0.315961308537724
-4.015292593259797,3.5049106547597826,2.00599775737319
0.8924134327801327,39.87473607931859,4.63132512340118
4.9763603386602036,39.91789191548347,3.91728423285028
3.398829717504759,-2.1477410015076503,4.88473236442963
-4.999997489864242,1.891910793206904,3.1769490922931154
4.2966542646739,17.751059340326726,3.7039441028505506
-4.464811666637838,0.14737410016493815,0.34110622580384936
-0.5269142534520567,42.25671213570643,3.7658019940973104
-2.2690699915708445,1.0829485870247524,2.347783925666311
3.8398273166574404,1.1092552669781464,0.29695140983682144
3.9590377330819453,15.945012649934785,4.109088011981773
3.726827516102087,6.233441073179345,2.1049258034291354
1.1812813550314447,46.65328658749539,3.8635664393953078
0.34157948814318434,11.3670910467642,0.3567686799574773
4.857824557637153,3.2254579535222074,0.11701050331301872
-4.973498949002314,1.4382401356371683,1.4181260051018487
-2.72993618596786,48.1587503062007,3.8427638901549073
1.8241366590300967,21.13008373546831,3.6908427646695596
1.2875800546300307,14.821649167586767,0.31646207638419543
-1.288835556825835,45.036736047993294,0.35983722824170467
4.940208085797371,5.909854398510118,0.21299836695201155
-1.8309103133219118,45.3887819680763,4.326936689934685
0.8675249382554844,42.33517691194327,1.6657703325663422
-4.8541467238161315,45.75763085719483,3.413497675164186
4.302640182458432,10.042646798287969,3.1632567982495283
3.1019772294520265,8.272543349556614,2.4192390448929944
2.734548831160599,26.673406638314514,4.754986184067471
4.231851107135247,43.2549639744409,0.8680981898120949
1.535186000715865,26.898898579923866,1.0247332292922757
4.259275471542702,45.06492901129785,0.8483661845963796
3.6951339737903717,9.930404839602488,1.326121068838345
0.9738436530424243,42.601165798667886,3.977828938933697
1.3225617914135195,45.401425763082706,0.9378234035167178
-2.086781330379417,6.455473697534411,0.4280980736405705
4.883984506773907,35.48608994193076,0.04645389519592648
4.992659845790756,48.24255435863575,3.7262395876486596
-1.3592858263094976,32.977435916199596,3.3626640833259986
4.352646050113319,39.39667383049111,4.930728501578769
-1.0561392305831172,0.5857370198937274,0.6688434980012992
-3.0209798846663283,39.119941687689796,0.23819520357269902
0.275361516659276,8.541832840620218,2.4431727931722977
4.555387256889133,45.92135543883541,1.410073010202251
3.9552620070384763,46.038133706629495,4.426423285369395
-3.8900082098682143,1.2819734905165656,0.11862569005674936
-3.564734633935463,1.819421582478068,3.1777706772610026
-2.9579676351244877,6.962076831361552,2.2095141431659235
3.7386919941805026,22.38454126928046,1.2721038314933297
-4.698973149223599,44.879040976882,0.9609118922512988
4.952033012860403,19.58649355554337,3.323893323262673
-0.695333447433905,8.117025327532353,0.11918871169195072
4.835527682641812,40.251987456938416,2.6098240012260323
-1.6409542990746995,43.44220284360034,0.9322350299692949
4.491748711727697,35.41650135623688,0.41174379855073384
-4.515635443984102,28.44532963934056,2.5759942278774495
4.3062056553762025,43.12984359893925,1.996801961052815
-4.794377874331339,-0.8862620457643888,2.360760707471605
4.426051590733846,13.162917415045836,2.2511714591866836
-1.694705733501454,11.829680899268357,4.840584938411359
-2.5429372223387943,0.633015583263119,4.230942840573354
4.878569687144067,7.422697824675675,0.12275968621281846
-4.873596824258827,10.415652464487316,4.787174451468441
-0.8936850981911025,1.8786066741241394,0.37841762336338686
2.6692464375290035,7.160777558039859,2.230956506118258
3.346897295991192,-2.7873115914765667,3.348165465599787
4.850670472046897,0.20352025898282414,0.19630320657904685
3.242991427557813,-0.4913277471009978,4.586432018791809
3.5790819499070863,6.058895550477056,0.884321694422326
2.9544084000270465,5.230642505619287,1.3206756261368002
3.451020139866628,4.682427155209941,4.383762185922823
-0.2914665364949492,1.7832849958749724,3.782919719286795
2.074110192362759,3.996133155240247,4.503946557092678
3.6591323307827217,6.788268779053901,3.9294691187808564
1.7794098005892462,10.441251483996316,1.0633748950367194
1.4452290271049413,-1.2931333200958508,4.508450045171294
-2.0591400868715164,41.19117389621501,4.583377374505027
3.2950410910304218,30.641195136030817,4.54884395911976
-2.631797524478732,-0.5479187926464166,4.597820721869981
4.826330152252439,2.923880476174438,5.089353487289739
4.937422246739851,44.748592599070285,0.19960132003911407
4.85102549694187,34.070518069263855,0.07423435470897474
4.76021647026092,21.63550170405928,5.233185047337922
-4.681431047142003,43.28483497647967,0.7670599106159056
-3.545366431986227,4.148314828592206,4.501175740194518
-4.765346062020056,4.3730161015811575,4.3586439988530215
2.9623815726279297,44.27946610498009,0.9002865137128859
4.879453029317191,1.8874961491272608,0.20676141909915302
2.4832191248112436,15.740895533727766,2.0974560259455544
-1.8726408174050644,44.33000058511185,4.582902800345894
4.00324925569682,-0.6363933087842082,0.9494246908071583
4.337034772449219,0.2084109682877134,0.4635504214816501
3.5581789912412596,-1.4498668055298944,4.990297299848838
-0.6640399614028147,39.170520523729664,0.840261271123786
4.838791179839413,0.2798165634855233,1.2845722705365448
3.7044642994451493,37.611800824444664,3.316244165721816
1.9445324695068642,-3.4280051939334424,4.3102188991484125
2.0189166274551247,2.7304358920917235,0.723972004688362
-1.0342491678411583,2.790054272394192,4.795937447218885
-0.35467462033698044,-0.42164728981751953,2.320784908243229
-4.961528675412193,43.978997419202756,0.7030910463728604
-1.0459396012837276,1.2863076290247117,0.9058937503843946
1.4524782649219645,33.29712775188213,4.456770496126903
4.872965289406667,5.97631618158967,0.2656275731741979
-4.274800996010557,42.85512705225399,3.549377519836172
-4.876675524392484,14.27356902915548,0.7607425505247187
-3.1948929729989746,0.3478094580978517,0.3299542262493009
-2.2451766561695456,-0.8022749904432362,1.1808519766255354
-2.7156376005596607,-1.8170807650130696,3.9430629219728446
-3.5176795404959327,44.492702931275815,4.478387880380617
4.8261579172341005,3.997252716786771,3.9161916372944283
2.8571324234805227,19.790416603164786,3.342207417823438
-4.956099283791088,2.805279553995172,4.664358415020374
-4.357353009836325,-0.027241986695404175,2.3943782245878853
4.921514073721333,10.351270220403695,0.10432338562351108
-4.123146345981586,22.239950664217336,1.7691862758966028
-3.2506014993820322,-1.1859328008313543,2.1728955904279847
0.3964581460924091,18.22806649192644,4.663393157933508
3.1674074672895207,3.9571137231887827,3.973205367222275
2.1639058962614084,21.396226574158415,0.39001848014838225
0.509259217704846,-0.04278499981189565,4.924402932170365
-0.4745501156739824,2.9731419312185294,3.71292856095933
-3.406814525625096,0.21200627320762927,0.8003363576314324
4.986224731570015,3.092591400750465,0.24595350389663453
-0.726581371595221,25.146167176643363,0.6059454311050048
-4.594009249978242,33.866686157940634,2.56420806164821
3.428000752264782,47.01786104502107,2.2952195689391712
4.872077919068657,34.530622736637206,0.08220544265746377
4.961500761496137,39.66981229509971,1.0640594583389673
2.909000572733274,21.083744154526173,1.4753661221144263
4.366040886344868,17.182675103343147,2.227833364668414
4.976777745408904,0.012807160778127406,0.4630103951306231
3.878003852471666,47.843611429073,3.6386854228492655
4.996250047271344,-0.4719105566126184,3.3069856084079303
-4.627841550791547,5.696006931748783,0.5933036072232385
0.1099979125746025,8.886093195011805,4.498947527006467
-3.322177348565401,43.89015171047763,1.037905440302611
0.6533576786885564,42.38637331256053,2.6867063875292234
0.9472602321187491,23.063565360246592,2.875154446902631
-0.7141243856280234,29.337852306628594,4.469942080143009
4.180715976485608,6.594887461934591,0.701190237777561
1.1846449911125623,22.61683541411282,0.8807059983415432
2.297582719041734,44.83532771892731,0.1756391400987235
4.853729422185362,34.29291764471536,0.12469310581720887
2.007112559187037,33.02666224571499,4.2166125908261565
2.1733589648301512,46.38063395688343,3.861218857317276
-0.5752649423713206,0.5545252680874451,3.251158072664581
1.582857543671948,38.11940460546253,4.9351481866095055
4.716877245400499,3.3023114615798455,1.1046540754779413
-4.993962485572619,44.90301594131876,3.809079395300829
-2.529351034137174,1.099457885420847,2.7074218644639956
-3.65784870864268,44.29363072679953,0.25934732850160724
4.250824501176999,-0.775005435578203,5.001564111178629
0.20634619730360387,3.224120882592189,3.1277274362396104
1.2243840401391617,27.730438155985585,0.05371360764316603
-4.782436766796819,44.465567017118374,0.9350881006032741
-0.3305178739460829,39.19830736452835,2.4621191825589253
-4.756550141681101,42.4310887878099,1.927267830776847
-2.3866194222422448,-1.3839051088218508,1.8189701849041908
-2.789444041937566,6.1227295822194066,3.8767116354326205
3.698122965796929,1.9812332094283207,4.4535512780728395
4.9286265932993665,39.04349883318685,0.6618175457926753
0.8049625351093896,16.366710984699843,4.517111426685663
4.778727504886001,35.94081598462042,0.2962695629264589
4.586703394186323,41.79010086957785,2.13303973649721
3.544103383697398,45.720160136031595,2.8908123016435243
-1.4268292880279563,0.6841406926236901,2.371601562885687
2.49575973142601,5.598900933978921,0.47279632910438424
4.861108897361504,16.034835509149357,4.3856046097477925
3.4836471840784,0.851103493751693,0.24737426831080706
-1.0361551342824493,37.17630237962788,4.0230774351193945
-4.578938570632279,29.221003599803712,3.9853388102487313
4.844691253354604,0.4896158601161682,0.12749758270025563
0.2817307315496003,31.611060060322682,4.481610076077231
0.843718061123748,-0.6306308189364267,2.2098103762430923
2.4578983522051217,13.148423240501248,1.046185961773293
-3.0194227599639802,8.290643152820646,0.8360384784989445
-3.926995474574259,15.532491259118487,2.804482297118612
-1.5887031345739886,0.5136745954249868,1.176661668813147
-0.26655887386181115,2.167348834225446,4.844492760415472
-4.044285118130821,1.6243915023476057,0.5391282390487251
-1.207054480134494,44.13501147892461,2.8583852246809416
-2.8554426213996997,42.33849302122691,4.259121409596655
4.786430537548795,7.423240643561127,4.232210203830082
-4.108701927174707,-3.366034752483566,4.275217010691956
-3.105748873819189,39.769131467495,1.9639159366118593
2.3017570425397293,3.894096628292181,0.517725969275546
2.7682627952916743,27.735356021902994,0.6593976639243817
2.8758071193007213,26.294709731464486,2.763987570158564
-4.967890040255519,31.544873721232122,4.818187548729199
4.995169498619653,5.985872129825967,3.3028852822421433
-1.2859028893080302,27.04177382640822,2.648999930499118
3.2419312472009647,3.5154446069042953,0.6447394052602253
4.952183411938046,31.710797041559175,0.030955303520748746
-0.06695436562626587,39.54558886013698,0.5722437594826184
0.3952275865322632,43.104117846684744,2.8341778404565154
0.7749854438168756,43.718454961413045,2.553574678543722
3.576608233921216,-0.11768392184371756,0.5819881528266135
-1.6395297405074132,2.6198886634700713,3.3179330700221152
-2.8788785462519426,40.15672889080771,0.1405219444036188
2.636509342495726,-1.1727553230031644,5.152989181760848
4.569767314123285,48.90995442444085,4.474513434925352
-4.282434118683076,9.766940554555724,0.7462789196223832
4.958796366025964,44.260016827674164,0.03763606421924476
-0.7395689926338677,45.49964667279551,2.870573118940582
4.999666698947787,45.12232635225193,1.0012153108154402
4.551226112309773,9.487755365259869,5.292745759062384
-0.8041721709214095,44.98661268732404,4.471009738449585
2.355922395620294,5.568203817472332,1.1607787375465504
4.96705716849322,5.473812218815219,0.18495745089128196
4.519991977300397,2.6235407913040314,3.4023607794347
-4.649575332550632,39.77258595904848,2.0183813410860023
4.96629160972674,43.32782516326508,4.290554156021216
-3.286735850874819,2.555309762894688,4.357241339458701
2.585078629055098,8.471677814861721,3.9382302912031775
-4.763023453266949,37.27023299932168,0.28063104655200977
-0.2667326704362768,0.39492821033465764,0.6998297597770587
-3.8535151870549775,45.234217934174204,0.6075501773206167
1.3666433323382765,10.3770013090431,3.3523292272803027
2.115309669446543,18.520358498972165,2.4315078915542845
0.7604915110368695,9.117656808107448,4.277959936899948
-4.758768259426961,7.846245376929758,4.436075898496422
4.883307723731132,18.351487754512828,0.06071161479013858
4.593635774157727,48.682824280718364,4.43561206373443
4.846737422903286,44.03712539146101,0.2650216533722394
-4.756459659815722,41.924561912565885,3.1142075041403756
3.8299337363633725,14.720274883670882,2.7778652836473343
-0.9850776274311641,0.04058146414407646,0.33562549107195994
0.738572253854428,11.437054451285931,0.3001400428775366
3.744328315499892,41.41126912983211,3.1374819065433592
4.494163814615596,20.058711724960585,1.0953090718203158
-0.8224147158307047,32.27085579835634,1.619527811748503
1.1908587672466813,-0.026252623362437832,1.4282175412742133
4.893375581961888,36.06556471296721,4.477022636634199
-2.458780216944613,35.65049105101215,1.431277145106357
-1.9896509108496718,0.5641072962160677,0.9430837437351908
-3.903637246139264,15.605877259176998,4.452981253895374
1.7919166667250388,43.53328590172281,0.30755981819023165
-3.869875355765747,3.575440177895865,0.6424177743277621
4.8726853139568345,42.43838795259396,1.204181018001122
-3.6819760088037206,0.2108656288393718,0.2629639915364173
1.2723468645625267,0.4229512800507571,4.645006150291245
4.990832326082612,13.719770250984471,0.07056101193261852
-4.846162937565489,30.085686827586457,4.514372534385324
4.72493252793492,4.463118584887512,1.0291417189398047
-4.648945123784528,4.250030178066091,4.52873773225047
4.447784357950203,41.34667926075678,1.201924690433871
-4.647968715180345,-0.08485862448419224,4.27988359087839
-0.4853017643180129,43.01651056371339,0.1971542699231688
4.7141489740513585,44.87960873625628,2.1373083481602895
3.274390936557245,12.948368574133278,3.9767613249858633
-4.170678492759602,33.96041724664043,0.5235719348350167
-0.17066914379398915,3.6944736750193474,0.2595131491804229
-2.636266460347143,30.774525034424013,4.40451902426728
3.655325550067288,8.680479664115268,0.43208428404382593
-4.156735966345875,43.7194092093276,0.22710712996260138
1.436215328485525,44.76787162260097,1.7311128667494138
4.983863258805595,11.039586273877712,0.16409029756756607
1.8073786296445022,0.6808732228981018,0.6527962624566944
-4.406170043526182,0.3757155391264235,4.1401863686388705
-1.8426231765896028,16.589981941704394,3.862289449276875
-2.109145633010783,1.4834847465814378,3.11216019187716
-4.73124804536376,47.02183421672178,2.63770032947158
-1.6428051458143178,5.148847287419889,1.5728204106115977
-4.042686003515772,36.47312671663368,1.64201459123436
4.899627130036758,5.059654562315024,0.37741743761180485
-3.9036450523970827,11.453710858751645,0.3624224023810354
-2.1959596493910976,0.7498442295621963,4.402770658754187
-4.999932864984894,9.318265439521126,3.8405583543003323
-2.904450887978146,49.08996756784809,4.426149974786544
-0.031507946857726093,26.072220614794766,5.3414562969544646
3.3632128695227816,8.906376698902147,2.347739720012183
2.3078004295371835,13.57950670575007,2.5584023320974327
4.890600891252164,34.810212809032876,0.1763492274195607
4.9977051590135595,6.736114964710395,1.8407121167349194
-0.06275814348688233,27.4757121702981,0.18938610337561984
-4.914233517841783,2.1377748364534503,3.830133776679203
-4.816863238618781,44.704393090867484,0.363032359576976
-3.9807154302417223,44.02268666790872,4.453963509948785
4.844576960990828,0.7396134634057033,0.42712476043888087
-4.318331781624365,23.678182204184658,1.6423020937713608
-0.4456216352303558,-2.856706132198644,4.615697549973999
2.546623673978835,21.208745427003006,0.3738009104112382
3.1843126124178003,18.862363475701244,1.0730351402962794
3.8005615038826797,43.30984187412217,3.9540211248027073
3.50181695453067,43.115661469241275,0.8207181550572039
-3.295407439203641,3.181408499178785,4.299735027562347
2.055936347347904,45.37424760716394,4.431072717701355
-1.4582466199673505,0.7453221268521483,1.3339499385486044
4.9132425292477695,-0.0028197028487890463,0.6232684972153691
-3.6712370602283513,4.685052092321754,0.3138320849724314
4.415968382406058,2.2553539549358996,0.04622637037459726
-3.746496673698081,29.447696898057572,3.040592824267258
-1.7119236231591897,43.63992731200608,3.82535884013759
0.4790253460634646,43.48338892852847,1.9949334806462353
3.544597012309127,20.848311355075275,0.30453662224415723
-3.9806409813639503,36.14506180871833,3.508610428198497
4.994610440060298,47.8692370355175,4.504282788435175
4.756726353703111,4.944751452339429,4.257021395947864
1.6993625510433077,43.81780632177103,1.5630768983381471
-4.879819199995839,47.61583627267804,3.690710406131321
4.98135068293862,12.181575953579108,0.04570946508779971
4.663049757609744,45.47201682022538,2.00526199074401
-4.994703841941327,9.734931322812209,1.01765064491574
4.848842020611786,44.592095377470244,0.0908401058496556
4.25602109849141,42.18139716685827,4.3762574316701155
-4.36447289415581,38.49714730854442,3.857996911783744
-2.2124150257646895,3.9093820117966755,1.4788072822580451
-2.602456509372886,35.89167397611124,0.682025857930988
-4.198276948291689,18.10544028858915,2.01624252070108
4.95255493528851,26.099003980182,0.699956695466176
-1.201335908957638,4.890539144937118,4.3177964122044115
-3.6926443008777765,41.678074621933476,2.489997789210475
4.4680405133828085,38.033789061636945,0.27592915350869884
-3.772605737020256,40.90116243859592,0.6184578012564268
-4.755597927693235,0.15034596183020815,2.9617035520878447
-2.099341228389541,11.099084154169585,2.690523813480967
-2.4879291017638026,15.505843163166352,1.7821141310061466
-0.2044450911921257,0.1645546650111075,1.0663032970610908
0.05831461720537587,5.598048920434792,4.0967431209279415
-2.3354479461393,24.573596427109646,3.937975826374331
-1.0525408281225055,0.9779246660102954,3.873601787795991
4.892022882598457,12.777030450197557,0.03286997549287357
-4.855152327705122,28.55960315453933,1.6681221587718715
4.999742956618566,44.71079699862771,0.02586914885129859
1.8157509676209762,47.12593663138314,4.35158767366457
0.020018815604023115,14.035883477878974,0.22257820170170192
-4.787460420300894,40.88071202740804,4.398555507649795
4.998365838688317,-0.2266211623617606,1.4275445030197325
4.569688760655993,16.479367849017763,0.17230590744842353
3.687783230539354,5.806593181862514,0.16826207818672378
3.4462631639968553,15.522583485998124,2.266339265665298
2.573162960658065,40.860825060832774,0.4298944883331182
-2.3191657262136007,37.336742987780696,4.72996022206556
4.999997229937986,8.020418275779909,0.3039749072761617
0.2705062165838588,8.723519167105415,1.3044928062624508
0.5041668661197523,21.85210031556941,4.482551654036981
4.7023397847082675,1.3545957605883863,0.320470301648116
-4.828081338060524,1.516754471613476,1.2460613534572609
4.747374595094751,-2.5104834345015097,4.199244825207482
4.921544595659705,37.84050392584462,0.10246523594640358
-4.667359005949322,8.901961905566592,5.129756194083028
-1.589488792137415,2.131706001858294,0.6891132151061389
-2.590357553913826,-0.09414776270286462,1.9843609767241612
4.214723428841064,0.9862314354440673,0.838707219765287
4.599437734673625,42.74292795101342,0.5947649646514152
-4.978716857445181,1.263259722022333,1.4515996901602222
4.481857507942463,32.77230585020154,0.15972626731436942
4.827512273381868,3.0188020186341786,3.7136185518217273
-4.990817433254538,3.9945954803554073,4.469047130835337
4.495055643869989,12.679823116320744,0.5915863857944369
-4.816042084019435,46.42624515747165,2.17959487726783
4.941457701393469,0.5629213920643222,0.4910979932254363
3.9597369047513298,30.301610861681183,0.2543212043110019
4.853900799784704,4.278771747371061,0.07980518372457657
4.237747768448031,0.11665277235905216,0.20275718202629678
-3.3392039699713165,12.04723662589698,1.4942542388813547
-0.9170180180867239,6.931644799468817,3.426074780391266
2.0190537438967957,24.021816525304292,1.702686406181483
4.687454456843986,16.327026789589777,1.077521703806025
4.967289977416754,18.75148449719375,2.046028296393124
4.873172322015885,26.741259778318877,0.10195353758582962
4.861026863704045,1.3704994122456704,0.04731983943389056
4.766813274126676,-1.770008920146017,5.298436729652833
3.9044424793052745,13.682645498654995,4.363145174064679
-4.9968909556863945,31.61403513019108,3.9927636494456555
-2.581411489309924,5.714272892681477,0.6045884839303766
-4.360696412865945,45.27397836665511,1.941368383822012
4.984567918708907,40.140936804769915,0.01348342149955586
-4.638489855579069,10.165011333783042,3.3009197117902174
-2.2239469006402937,2.4314110385650656,1.106794906639335
1.124159882464644,9.126028880143961,2.7768238966446464
4.864713613353928,32.67685538237044,0.07460729147564629
4.998711536487711,46.618657109329355,3.7726459414019233
-3.6228925570270665,36.11866799717669,3.4548284118388066
-4.6742761018745504,0.5258284523863093,0.773190462305848
4.066819536247899,1.29830996787057,2.9984077330925647
4.978445534681435,32.646059131444936,0.047792241782976426
4.96213373202488,2.5291196774788567,0.5180736949310584
1.9912482070949888,4.573015552314925,1.9909205104703538
-3.7574588168593976,1.6385004040655131,1.4088384391668625
2.861320041403948,11.547410254634624,0.47046463598516614
-4.894267282569563,17.114765056254413,0.6974874917539613
-3.1872224222739476,41.013499660326985,0.6476945659417128
4.9734413059691285,32.73884138030935,0.42202408994798807
3.7551332211365085,0.06650460622237736,0.2778349522341762
3.1381910473132244,26.315629796536907,1.6514261279302611
3.372565533550121,14.194443679843456,1.6615149694484899
-2.4475002334354774,41.78899392777067,0.21609630958076465
4.454376439559348,0.12653456039319327,0.17088717106219362
3.6324495617275354,-1.4657501379128735,1.8211298012741026
0.4700595553365158,47.004239206271826,4.547172306271875
0.7335095904596298,13.087064389832191,1.057368750503245
4.9975069606203775,47.28233505140491,3.4137929078976503
4.670175476105958,4.133617700788998,0.25925891735312784
-3.496044179920869,8.552057355124543,2.30795672375581
4.977927143597244,45.79815868132821,1.6120665855247556
-4.611632247468082,-0.009995630737384548,0.6294331606450929
-2.2704110917248705,15.634375444467901,0.49047369339123675
4.193672362272193,-0.22452169658699922,0.5725875976848491
2.3167597891332194,13.743456013015386,0.7044456008929122
-0.0487568557499556,42.74241693132894,4.3828712270826315
4.445611492074128,44.7562985836535,2.5461357696723823
2.929932046943043,4.311159734879441,4.565043192543498
-3.3292249394343094,9.63803802630647,0.6625530934247601
0.9213238954390726,1.138352320970474,0.8685994186210595
3.3560158191860365,8.299543374480066,2.6821320314293775
1.1417878208558927,4.189535910815202,4.063331948341088
4.860649563958999,41.69491731568086,0.05027281319976534
-4.745813410562368,1.390398673917621,1.263908913204808
4.519358010270872,18.6773248186269,4.2899055360914655
-3.29734515090522,9.903119851319198,0.653156933284345
4.427340122246621,43.57655620747838,3.8270140959462045
-3.079600663164989,46.29227756221369,2.2079599786972492
-4.138308249499362,2.4680350938856237,0.9430293653110059
-2.6941478814696618,-0.6991386638772878,1.426220062745414
-2.281435209183916,1.4132983472441807,4.431064738479334
0.021167695875835765,-1.461900323566998,2.1289382734295526
-4.9324889032575125,17.937895355684358,1.1442928372167573
-3.8791139222477806,25.704435553989004,0.638187943064518
-4.914097644086929,6.989664173101849,1.3996486327102853
-3.6584673323479855,36.38927459508325,4.033826062855345
1.471463955306462,12.283110136195448,0.4436799935550449
3.845076792729041,21.27691495266016,4.709150902127229
4.843169000970537,-0.4046583681334852,4.88961391622152
4.994433481954318,6.162122258817483,2.308249366215822
4.900941300500285,44.448039815083554,0.15192084530694047
-3.1081034682059414,0.6122286662302299,0.18013768482888412
2.9500543178063583,17.811615197659265,0.7531628748037152
4.994993292310482,42.31711264932329,0.13469139807285968
4.886535757717968,15.446717279152496,0.034513436714573895
4.045354396012555,41.01468402651767,0.7406673443665064
3.196720811350044,6.699124350041686,4.54965363150943
4.917755799918641,0.6289994614644622,0.3212505624076525
4.417112819241313,-2.746626691858078,4.631669601816765
3.7151902053848325,10.562695629393863,2.925002135540136
-4.797924858008727,0.7552451261939275,0.12874544598437898
-3.7077979184289616,28.89774096567492,4.372865298880479
4.0119847344573225,12.134836744275706,0.3220848005345337
-4.723616025752585,4.006986105304573,3.9606777173686165
4.839162125903832,32.939844217649814,0.20242086979179896
-1.0139442844236282,36.44875019378551,4.253120905686849
3.267047788929544,32.25017670825869,1.3138216626475354
4.656489237530714,36.11127184258252,4.427528235600624
-1.540805809197102,0.9217352465131996,4.267039440863452
4.9911432523632335,21.635188825957844,0.12277938337700084
4.976620166922144,14.142908085852644,2.1097287796707356
-0.6290561736908739,5.2401309669140455,5.098208770460513
0.7977049590659034,12.306770536848052,0.40917332980735366
-2.9543809507681953,2.6758571379647234,4.015506301472927
4.956856179566015,11.826586552432934,4.041860041461087
-0.0811704584864531,38.48625443506462,0.3930921022858494
4.992898031600902,10.906065153236693,5.126602098705032
-1.0368687605825502,39.105194232978725,0.25035161125214445
-4.434550487900743,0.276076489018935,1.6904215346720355
-4.525893855910735,37.607594265690345,0.9168892947558234
4.994106140186908,14.65078315527587,0.8133067440639455
-4.8173206604191225,4.9895087556281,0.4831463143248242
-4.998495259769321,4.776850271883526,0.20104831568742737
2.2180362011072066,24.452431455945558,4.478784156028628
1.008499767014704,0.1394073663951052,4.751381810635152
4.651444207742198,3.482323337700417,4.20133987123413
-2.964396998306065,39.55959378127785,2.1243525349633714
4.920769639551609,13.042357088962298,4.486502124408988
4.923172241888914,42.56416723948692,0.13744682548408232
-2.4576953670766426,43.7548131929086,0.4412878350828367
4.762326349133299,45.56981029422016,1.455613619646605
1.5521273935043896,4.43403996441221,4.419073878990794
4.3207236139788145,38.31127446929588,2.0583067337838936
-4.767981289765089,39.70511989115303,1.2171057392951987
0.14731582492057194,5.532067660575953,2.8371659583991624
0.8405163975941154,0.08297089374676694,0.4654309491011598
-4.294415472628648,43.64040098842612,1.0666501828877455
4.959128848143855,25.82386649043227,0.05080583705557365
4.511537687522371,15.640848476481509,2.515663123458609
4.111093434119976,24.558110582722716,1.8821138909193595
4.782815772922245,2.3427092052998835,1.1328529076140803
-1.2400143049853296,22.044491890687006,0.44828872111878715
-0.5470063165356102,25.355381839053436,5.189596537190313
1.5574490357839268,1.2154586188564462,0.7678531117314908
4.971678403407422,37.31100243439453,0.07938358950078976
0.6549417395503622,-0.0533905068908187,3.7335583315355065
3.842889977097096,0.006434703005002239,0.41038681582375897
-4.066390340088651,-0.30382339597239494,0.6722965328915793
-4.600096076076969,1.8604589973154024,4.440933577651714
1.5558794520577421,43.66246662564881,0.5734209822231894
2.0399285129826663,23.898903982419164,4.336485213325033
4.3649259515936345,20.836738932079157,4.395308710302796
-4.780933597821305,15.411873610513224,4.389466198517431
2.1146233820978138,20.279368433759714,0.8033583594786565
4.977808824061386,43.47728041143665,0.12949103182441324
4.190908414962986,0.7743240064806255,0.9000296622152207
-1.817336399545597,0.7130454331447629,4.7474752368893425
-3.4208788835475055,4.510417341300732,3.7065575374220137
-2.9117263688515784,32.30364514411655,0.18084360473065506
-3.450726399801108,12.695053750172212,0.9942482339906422
4.359455728633794,44.93500623187242,2.563802904381135
2.5770428640526784,-0.6751469369563483,5.350594276000166
-0.9890494009238117,4.563431729389546,3.9299604502167074
-1.2158714456814237,16.309314386630053,4.6243373349665555
4.955763752416234,36.833077176009304,0.020972067968625902
-1.3112662093856167,1.3575646084201405,4.185946746771643
-2.683467584800447,3.4830519479654574,1.4290731175571891
-4.20087880890864,43.12440943140822,0.87034504478819
2.0175861712588823,2.4328372285456736,1.493472229901909
4.877900651283941,17.063876614391123,0.5051298590523057
-1.1761286925432386,47.562964355053225,3.440153386806507
-0.2804880232918202,25.705257599757424,3.1731183348071346
4.602556906492653,-0.12056853535908649,0.4460637238782589
-0.44540709965294145,22.245136393807996,0.5863454275901457
3.95394647636919,8.998511551906855,0.9028555403449592
-4.558258386750017,44.87776049182074,0.8883068633685822
-4.7831154107000735,10.888040133144242,4.933926815929082
4.8110667483989165,3.9884867634535945,1.4233500959027445
0.5115787057642986,45.77091974803058,1.6349900138670774
-4.620392271558554,14.985599316479094,1.948889816041757
0.33812520073082564,7.098633950511229,0.5316343063171269
-1.9153119692464768,8.33425183453732,1.3882013838628111
-3.438773163159492,42.81813799154134,2.252579906161729
1.9040259898711955,13.930112228923077,2.698281261106135
4.969477597712098,44.36122832563096,0.08292413400208552
3.668531333463081,10.097443981332987,4.189363240687672
-2.2040433558568084,4.043337250048558,1.3331824612260474
3.2920929303511737,3.9648453260330094,0.36755451418848945
3.91507902330276,44.65137551737524,2.1455869623807633
-2.575096852034864,0.3241634947510681,2.192531237809276
-3.820641056259851,1.4011137149754778,1.7875435911621387
-0.06510433428498928,34.02683851824843,1.8353478790941584
-3.7376607223993346,48.28708662165955,4.26539127212728
-3.093465052674558,14.799784484834518,4.214403511719868
-4.490018182118237,44.068019531081006,1.2161249357487887
3.9508006151614254,40.58722845432247,0.8598515573699632
4.999578088993089,16.796859445077732,0.06044294260534069
4.101530629236098,38.555812772959456,0.2470017082472546
3.567279692389162,4.308392575814117,4.02791851028721
0.9810965160260838,-0.6334237136280335,3.1470722736148353
-4.769050897450338,5.126310256726957,1.0988202558770386
2.695313726163861,0.27831801758173513,0.08972570083165571
-3.1076510952842247,19.55674332042235,1.3524859490018517
-3.955195007895918,43.037424037119955,1.3044601196908017
-4.888057051929126,4.837106071388643,5.167985387502632
-3.8775293030568774,18.22789180738095,4.098784393464178
4.151019944356733,3.2366672748906855,3.536387216048623
4.04776771988593,40.434526905045836,0.14667987962688916
4.984409400896126,0.5292074893722207,0.33638619599379627
0.08593989551695179,31.939761800017408,2.8025748569245446
-4.965017883442128,0.36927957506256937,4.758111578325152
4.7403183230193955,20.207907131214448,0.3580552686163273
-4.942912076758129,4.680761633059648,0.32254473967383007
4.270596753152031,-4.0982983746790485,4.421458974807009
4.953845727194493,9.12417385615206,0.0391139194142027
-2.875932288705909,1.6858997345178433,1.0295030709464523
-4.949100213583953,20.543008740743574,1.1532909880057092
4.913502957415584,41.726034076111624,0.3174384357364321
4.921896268108645,41.08973607817362,0.08573086763884735
-4.290949388905808,5.176507553460555,1.0643098652967011
-3.415543298672154,10.084509792699379,1.2893595391817576
4.921859347310389,1.0893408732417387,0.5010777974968038
4.852653684669026,0.09226641561173554,0.08335286771572781
4.994484612887127,7.983720517613984,0.07275470180933144
4.709939994046851,1.6571755449596852,0.250355532947027
4.75900990056242,7.711270977007423,0.1863554049663171
-2.4059141684901695,39.316725515088145,0.7156152727177263
-3.7873655259538745,39.66328948600741,0.3846006132688175
-4.883140738313022,3.6591507858339765,0.9330087863630447
4.741493009543795,39.755258002895225,1.1973404883043246
4.9752023074772165,40.74129784489735,0.7504131482143751
-3.101788273531069,2.0636967218363074,2.0243543818201135
3.997193421551592,13.7472733685925,1.0920475084130827
2.1789923926145325,0.38062861872122183,0.3101578008690829
3.546372694432398,40.220518543733945,4.952618097324052
-4.9998320202553135,33.318261991670326,4.0786746183481215
4.961855242224436,0.05780122281252972,0.18301101937115521
3.0664596152802455,0.29811927133136756,0.7026007463876198
-0.24583625562330572,0.2683571207618154,4.2273667062259745
0.5538602676313673,22.61227681043573,2.197543275594125
-4.597290481481685,-0.185939139538899,1.7999891144727218
4.621551027224911,42.13566511215604,4.357055187580518
4.950681845068519,44.60369525603133,0.12617351858237275
-4.158393178345328,15.303187400850222,0.9558835202780774
4.936859134936424,6.052303411058297,0.4978259181894644
4.384028756956165,-0.5946386322001926,2.259927918627299
-3.747685295946636,0.5859095409170452,0.04156228320666128
-3.0714730565244297,38.27146978959307,0.2662020354378868
4.252518528014929,11.799103196050726,0.8191574155757778
-3.6064725212876496,13.267932123779351,4.610384359014071
0.6356353363449367,40.817805322850326,2.1950515416256087
4.995368260582155,7.697125952187077,4.466579921577983
4.607049688746619,36.17273915086483,4.4238355932305256
-4.53234369923326,4.532781820375714,4.410989494589607
-3.1231170842704743,0.0032651087275680085,0.9059253364322096
4.999620824934661,7.714835072460851,4.227269650427983
-4.9999706493833145,25.393050081628324,4.563584054078778
0.545230922217464,28.738224403218997,4.651885513219325
-4.247931276966937,0.10862100629268906,0.6997343937448602
-4.997133789180569,39.61436017443727,0.577333476134249
-2.189780469213086,38.376960390400846,1.4258258801362287
4.921259740658444,0.4046679980008392,0.49851040481181724
3.48260947346907,9.354912627851625,0.27519221606163635
-4.637823509191677,6.962826418104748,1.2693892343232025
-1.2822214287315177,43.44706497934445,2.491866496401139
4.97046264420227,3.527141252500648,0.2503489425510396
-4.274096252012692,44.15140524057612,0.6168288848970961
4.892374101867421,28.52353831587006,2.5034319939429848
-2.666144980653912,8.12133936169476,3.098711528465498
-2.0921931739940636,16.614820403387444,3.4879236175475143
-4.831432859220312,46.87578907938697,4.152935947800442
-4.401058191023596,0.16763368686847424,4.650761469126704
-1.3372245197376689,37.44316200667096,4.044387059427926
1.5063996281756196,1.7581003362248646,0.4995307314937822
-2.3743308819289037,21.63938469526327,5.210973030546859
3.2127580132597346,-3.3258211822813424,4.916143251250649
-4.068467134812129,9.75151092389522,0.25954802264316684
-4.7578730284707635,33.51473351767375,4.88197046731242
-0.28267547122045544,2.4769482477922087,1.2915406361948885
-4.267052940008014,45.31639289521721,4.129064180448447
-4.998388415421467,48.39840444883782,4.152680071018218
3.8683299635084585,20.99115980000641,3.0240091496411567
-4.881637433277214,38.20644184542919,1.6069650350970937
-1.5463546392788245,39.23968470576863,3.4851227331754475
-2.1685779399169816,-1.0037096424525818,4.6950157829555295
1.0310751133423146,19.576719439858454,4.045037146002681
-3.9900185827725516,13.701871708712092,0.6557155995990747
-4.312471629708651,-4.03258398733614,5.071025599612555
-2.05431921734947,16.307220316213105,1.0076366339563192
4.856616613671077,0.9778200614251031,0.20026519420792327
3.4497343177923994,0.48208458000065946,2.7531355342672623
-4.382317391681369,3.206549403002345,0.9938036425836716
-1.1918066713568143,45.66574746333252,4.4460055009659625
-3.9577302420230205,10.075848387616626,1.1187233644563717
-4.923771831612979,45.66619697130566,1.0219189649812597
1.633972608226383,2.715887842471928,0.6593072912862066
-4.092216436568659,10.331245611830926,0.6468343167592284
-0.51183878323674,36.10515255582379,3.944352896970819
-3.401692185224365,10.490440691068112,0.39919453608415334
4.997713886838092,5.875953239944124,4.121965438948062
0.06436763600102204,44.83590987394358,4.365660717764991
-3.0005628437846346,8.028852213368516,0.3819819440719678
-4.754904450767256,18.134203836421158,1.6647495732308983
-2.967800304360701,5.000389721069986,0.7644646206091001
-2.102122132577592,40.02833703609105,0.6553892367598961
-3.757926492104129,26.622762066006764,2.91961532899825
4.8587240432993415,44.683537460634184,0.1778947998633386
4.601220707685064,28.794914316307537,2.0923113699695257
3.3200257791857397,2.292382426747746,0.7021272301584658
-1.1526355448407042,37.43842200723301,3.6124424818877645
0.16900566280550602,22.066584994179117,1.773402513560847
2.654820844582664,43.72307376689253,4.480500716685646
0.4323416845445097,0.9538873184738057,0.2268708040126793
-3.0969732330970605,0.08839173842017645,0.9250278944191501
0.1496111098415457,4.189318666533785,4.166001446229088
2.001695480076817,44.448824040805206,0.22640258531952392
0.6383391647917375,3.0628021533337613,4.782718899812279
3.920659036868356,3.2689574950193405,0.6745907461131566
-4.845568388886538,41.67136191912037,0.2719875172636127
4.95705476652616,17.016894974370288,0.478838891150035
-1.570951205945776,5.2218922542018715,3.1036092071849626
4.115029497265979,42.85607966995818,0.1812229411351502
4.765554165869547,24.311983941765032,0.2988167422299088
0.9259200121503417,0.8369587422924695,1.2948745334111558
4.993289970735171,40.405371504565395,0.020324820460143625
4.920986470542253,34.35606746516184,1.1466985425682108
0.9683220075549903,1.1762994498699682,1.104096117386841
-1.586424671226256,39.771583591986875,0.459663318248393
4.132719129940107,-0.2896130234703327,5.079992945496121
4.997037265181871,6.821484195586816,2.1681470541989376
4.5683160807096455,2.071602249178239,0.3502400022870774
-4.437782425900599,30.18078654789581,3.0978855217394896
-0.5429031214941855,27.851953407684455,2.0466636682449626
3.70595013608566,-2.4423696498209777,5.109924127643174
-1.2606370483640297,17.294881420116106,0.057642027889788394
-3.3858114943063655,0.046033745902446445,0.6978070867893087
4.991255890438496,7.699298559724913,0.5804494787060093
-4.048791416274914,45.17827233892239,3.0909575266019873
4.389782928350823,16.473411772888763,0.04506991105477871
3.456680922806892,44.62594952291471,0.5598463088286956
-3.800908377363244,46.59359706168912,4.230031049153909
-1.112832394772204,2.5444125056073412,4.095734397143242
-4.351452669961603,42.284830160357,4.082901084766331
4.14507411371148,38.86767404714992,0.6754626381122546
-2.4314538900239677,0.16773410523633725,4.507687641042956
-0.24136192935635287,13.92329104443475,3.5433789890310643
-0.7759750118905588,3.289985697181258,3.00466655997193
-3.1742500283226525,37.36350225739563,1.797824933840319
-3.6227290922662942,24.305986721404633,0.8889434593530615
4.08873362684792,44.762168576511456,1.7695797151905461
2.417107930083176,3.7586174031449104,1.5711072415404301
-4.981019030788857,13.314877638029571,0.5699692437503755
-0.6136123205118924,6.470854564821231,1.0605917261437692
1.747745696341164,1.2431774845005092,0.9387959191874706
-4.541427988944474,1.0701676317188367,0.20125239531990397
-4.462423024136076,20.70058832262486,3.451998855284381
4.844961987402615,0.5535192086897014,0.908489330165274
4.927845424142097,6.158548252168049,4.411853737090865
4.990432344617415,8.366189379447126,0.03251949411080893
-2.7433310414762118,43.675229053211346,3.431594700818409
4.615692484533579,36.30565809495672,4.713931564103761
4.851078303600714,16.735415300433964,0.15830874562608774
-4.924749104774299,6.232354574999824,1.1013940429574254
1.0953246756911195,43.2590690223666,2.409846235558034
-2.555673426906781,21.48092495157502,0.7167003275900377
-4.608739801481095,17.64686973737352,1.6323785297626208
-2.4036006817904623,2.7008934350377136,2.6489033110020483
4.378495088709325,46.12884814466524,4.309985012982786
-3.1400749030390056,33.92436887291636,2.0231941517910053
-4.778999477160511,19.783876154244567,4.094393606810834
-4.916004045233636,38.010763261382706,2.219963159352822
4.326151416445253,0.5631576563126521,0.3748654873612506
4.601670733548817,46.249692537984316,4.636333701062301
4.424753717735394,46.64053250411192,4.596358279040544
3.806732971865433,32.42351330296332,4.379039917243869
4.8474636272941645,29.45367598635269,0.061639600283020436
-4.3680581958393265,43.336981174062345,2.546020701593161
2.1508392195951336,41.74141079107519,4.628473518552853
4.9518211981964,3.94107367564804,1.2846190772360357
-4.984794997316326,33.10799291477621,4.533184889470003
2.947252420596798,46.57027958431239,3.795110377347606
-3.813714172754607,9.829825297421507,2.698886400972774
-2.3417638645656482,3.116620868961107,4.30633870771592
1.0997015738594085,4.035430322388214,2.2426456800312664
-1.1449751573336475,31.190870542472833,1.0340049655971455
-2.7971437702799524,17.742836169221103,0.16930249574253306
2.611317032196694,46.77928183800104,2.964997302805641
4.941357042644267,36.646597399634516,0.15719720705604523
4.095556242085196,36.36925772978914,0.9358252676214438
-1.2628021008849863,16.75291526684105,3.959638666234347
4.563194227383944,0.27996755638260984,0.33205310848503655
4.821419763022687,-1.0647304128460153,4.675686092505685
0.09064151046375092,1.3831286221867547,0.35401752290491856
-3.4305596539786656,43.40795302847229,1.6686229089553255
1.5889895607516031,47.88078592748218,4.473465371473627
1.046135184840997,30.01360154685372,2.8800944090054377
-4.953077354875341,-4.219084252247316,4.582342272935029
4.8514375659188955,43.961691111466344,0.1583823184926322
4.8923748731050685,14.134233713973876,0.07501002100731426
-3.094765334740091,17.94948852880113,4.209340500713274
4.953926081455444,13.690178596022564,0.02958781684021134
1.8216077785439302,11.814148417332836,3.249692204038614
1.0638764099933173,-3.0025664606412388,4.379579501763035
4.483579370451523,6.535058374334515,4.496781699966628
-1.828691618373251,21.995897632736487,0.7316862775570345
1.1186300149939663,45.236032982966535,1.4812687806868798
-2.777921825123881,27.076068280456997,0.3910779757840789
-4.421226082983553,8.85425665297759,1.1753082551324425
-1.0942299672704314,15.725921444174656,4.515002562109053
3.3334816988267795,44.667966758926504,0.6482782664294641
4.53576793595286,45.40833007232433,1.514673970606423
-0.28097283666671036,40.35340284003143,0.779125225169935
4.222174088333672,14.430293108187556,5.253212178186449
4.519968830516242,13.611927328705017,3.6491871094373836
-4.096115214307342,4.36503231528354,0.8425445813884748
3.3440101427370594,2.781493365683352,0.21615140708386416
4.98122082681355,15.325841157323328,4.383317573128703
-4.831100636239663,44.687363351244386,0.26651559074118236
4.713973407701055,-0.39998017003170905,1.5483526710095994
4.9956489040994985,25.354677630520893,0.08013683138166779
-0.6918319900277691,48.648094022963825,3.933822140048312
4.854323457289225,18.846773467465354,0.08599586308315836
-4.565235732135299,23.504249526048547,2.130897862652726
4.1060048432441425,2.471509236877562,4.208092953903209
4.6066136184602335,28.513544672161927,4.958313653437075
2.3922026911789804,5.191869748276398,0.9495508261671786
4.998577964650147,37.69144302307485,1.51481863256224
3.280641179734167,17.865046868643446,0.3987089870040086
2.1043842175210967,32.06935617260647,0.3221483185538072
4.992598809538249,1.3516654670240447,0.22535493282331404
1.1220787888150188,1.8632462616874106,0.8448461161685212
4.851453199454073,0.35763291654512136,0.530884594273136
2.9562328575071146,7.390989945516935,1.362963343010012
-0.9469855598023798,7.694542265295658,4.30215636894579
3.7671190954701923,14.028189107559264,4.340555238024525
-2.1043476596105624,29.38094691000787,4.188033060693071
4.402864762154964,2.777442150379496,3.9697820152983225
4.961013326603098,40.331026321169055,0.02779483158959342
0.39631352284861754,10.278104057111122,2.2028752818163193
2.288316024200751,0.5153561615580782,0.7152007128434675
4.890273890169731,2.5788681975856145,0.5755815450320568
-3.5384639053106186,2.7952729818934356,1.100211391059694
1.981601476300906,39.62585422983995,1.1240098355198258
4.9973832204370705,28.8898805272163,0.21387504467565588
0.3532813377170802,9.022104163414907,1.1318358591797273
4.335113386026879,33.07080701743714,0.33917276118185247
-3.3376702263413534,45.28108117505158,4.327005582919782
4.936329301121946,18.120053283906703,0.5420453297109342
-4.326624263872026,1.3613608964259039,1.6695598788963608
4.944279404671118,36.99235937932775,0.09992599900465948
4.93942874525051,5.803695914804944,0.14598492954582504
4.886473112249669,1.040322243171937,0.14717271009687521
-4.497910060516384,32.26392877117538,3.0209914679687984
0.06805865996520785,36.430199397325325,0.5211225492799871
4.9259123152501765,37.98124917222472,0.12809970876222382
2.906867920223905,11.35218837215602,2.1139914361826793
-2.03672282615286,23.198108274823063,2.9827649796365794
-4.4619842935335825,4.599215978987585,1.7718347861206758
-4.998595622874305,4.5183333245199915,4.040819570979798
4.963070269896134,7.358397227619488,4.26799015854699
-3.985270976381803,6.423513769918647,3.4240189583474865
4.8470057705802745,0.10616854779157053,0.10191205531579868
-0.2144434370718354,44.871622676397024,0.25723946191418534
0.7127420670199763,19.04701388758132,3.5065400316197373
4.851189036123104,34.04918190771549,0.09326551154191597
-2.0557994766796246,24.855024217031268,2.4869043311069716
4.9658441079337745,1.9031208728085642,0.12329659014927111
-4.997633930260583,4.7317399640054365,0.7658397931851981
4.2453111889879525,44.26460903043664,1.1104448699568203
-2.1685613622089326,39.495602562086034,4.551723779799647
4.877654918468713,22.810002765389914,2.817179080820271
-4.307902570626958,-0.8530000459825238,4.212753140697748
-2.423013208982874,16.047478932669694,4.572187904133615
-3.124857279827278,2.767367983135432,3.8478874280314574
3.1116740734485324,8.552961392026255,4.440904341205768
-4.772155440604642,17.097801191330095,1.8511062996628056
4.873951245463056,6.417669902478065,0.1315670989987875
-4.553022635851175,30.381203314100116,3.192949588559343
4.996220436164796,24.47999255499232,0.16396090851959522
-3.3221910435817255,32.38022264766161,0.3110199592707392
2.6183678796346803,4.532816061560572,4.157892104190055
-1.9576267772125049,2.4191588659324625,2.5138431664801164
-4.999731542898803,43.31286442979626,4.33471675898468
-4.084396589794547,4.6814926764755755,4.828430372560412
4.99892768791648,6.471420613411212,0.6170201417857062
1.9964964272589678,7.899485330973245,4.179009614319921
-2.5332130081197617,8.984173878121762,2.010626778705507
4.972671321444995,41.441136672977926,2.916596559316255
-0.9317019877192383,10.584214269334455,3.4752030416602353
4.342805657496106,6.081781167773275,0.13923672731527362
4.628877521418991,3.9361675897846418,1.9106441344993164
-1.42204031444298,1.454871562268677,1.1358137219888564
-4.051190907046899,1.0037720504829193,1.2720752430990314
3.106905277473012,43.82021087725934,4.526757794016975
4.981936787939979,0.007756536164736999,0.08177174784114952
2.6901555223914086,44.038582627419174,0.6657300772991912
-1.6768661965111207,1.2517994622902187,3.2017879896036283
2.4240011419040055,3.6051460463148124,3.1691605035335764
-1.8502447419166415,-1.2500390251415927,5.148495945520328
3.480532096282358,32.158845689782424,2.8101561257241645
4.998066238028281,0.4955403432353139,4.192303222701821
-4.537266412676565,4.157531431301022,3.933530040060374
2.1242996442474027,32.815494151030514,0.21603251302534004
-1.3788679422499608,36.26535636128034,1.5732289611153232
3.8563260523304472,8.24183334816113,4.006741749557262
4.864245071101264,30.70758834659134,0.09397176504105781
-4.9889186455040715,25.858285753473506,2.818311513531411
-4.9700262877756005,4.418527933527047,0.3454477068755115
3.1747757828736454,15.773490053374353,4.09274406964375
1.4238439312778508,2.559047932165205,2.6426516616815205
4.3472176733064325,29.414088181465374,2.392195847594111
4.998063181160487,11.408944423965366,4.697997115674762
4.720114460691022,0.009696672876393822,2.8358687323853884
4.958516333269528,21.842713833985435,0.1291253323861108
3.472043728024865,41.148064748605904,4.72014683086786
0.09073637467902249,0.13633303262128368,0.0393398709577614
4.9517938739154985,38.60082999589663,0.0899829400432689
-4.894002462698776,28.431563158043048,0.4912760523281511
4.88315670007959,40.920271706104344,0.5003994576357177
-0.9407697190170754,44.271363922555494,0.3624869028908334
-4.734596539078174,43.94093727243338,0.3330792075739858
2.252270963552879,4.034747333309292,0.20772190932646484
0.5508973540280814,40.248567837163506,2.5368969534249564
-2.7537725563493365,38.18312818591995,0.9341037475714452
4.849028250254476,3.2206454494534005,3.1755182561555175
-1.730656910170771,1.5768198944034502,2.8376075350415118
4.942847488873179,2.383286482577188,3.522123564881375
4.723702661334369,42.65414808667972,3.5883865677720825
-4.766536532713475,5.235707680304177,1.5816430939780919
4.766446265336773,18.462823630838404,1.0109893515611879
4.344676226026024,28.78443835825886,0.15641487791312772
2.026425392901889,41.078650093183704,1.3697664148086373
3.8737130366024486,27.912505713624036,0.3982528983600267
4.905038479244856,5.702818235938401,0.28065487761291286
0.3668444144881381,23.267126561651565,1.791936743502821
-4.13795185435176,5.853461339606739,2.800355385050042
-3.062857465643267,11.37371952609852,3.9824150310786175
-3.3918217572594385,0.06063400938917951,2.4227715096474562
-2.166993112929557,6.28182382571036,1.6355012101407675
-3.3543854868632543,12.068948305985629,0.9376782817982702
-1.3924736981194248,43.7884584258872,0.3417452202892438
-4.623048134132741,20.206263100390558,3.852860843622159
-3.923708073163737,45.06203020774903,2.489398145578345
-1.3191977725089588,19.276079888466946,1.3797732094346207
-4.615440169099326,2.9492506546184263,2.6787051336473393
0.4228797903627707,6.408957191866008,4.874412209163698
2.566056525736251,11.680195149702008,4.845861736142202
1.4587695929233624,1.3029173209181677,2.6766254567245973
-1.5923611998950813,47.33617409841316,4.08781283369012
-0.03625360054547806,45.62832478466286,3.8008023764520695
-3.113755214000873,7.912900738229963,5.046816356042966
-4.999999809823718,15.559311200917586,1.0386405473948401
4.1181580151798,28.851127804951812,0.2521667697163714
0.8139657483507701,28.439884317246918,4.6763501361067545
4.4479374042347795,41.600410250484764,3.194075476692866
0.7316279490288964,27.41932631514224,3.7091078215397064
2.209186007228454,43.85101247436678,4.196704974106789
3.4462443154396256,4.3127154538428325,3.9370272173767327
-4.951210522051206,0.058904278743487914,2.8338110002589794
0.4996586838568938,11.168783843051164,4.067322877527654
0.15925089504867165,-0.7828686233058175,2.05119349604145
-4.0411834895239975,3.252152050412391,5.307588471598482
3.7626270719667105,9.29504260900971,3.7507621815884824
2.7399838494969764,22.65906099553127,0.6562580178890958
-4.723713420627077,48.166408677944695,4.221451278238444
4.956876344762665,19.52784510876104,4.907638384501556
1.5230903896503984,17.578034368366144,2.2079471078487094
4.946769005630632,39.97390624529601,0.02705826796171057
3.3945814202842306,43.69527579805251,3.7995640314134755
4.933048467998825,-1.8115051884354394,3.730588148144495
4.983557202961265,9.978179862572746,0.04115740293886206
-3.7665819502479883,16.691066907889567,3.850041496483974
-4.511487232594705,27.93051939789327,1.4992238789852417
4.9633889675479415,42.775253724070716,0.024206991883886055
2.461973873409837,1.0973694429900935,1.0196539609103656
-4.959180772809252,0.5068039928512754,4.281127870383532
4.340433078218309,11.466819213609105,0.8255685872782278
-2.3972050122798336,-0.6999244533691551,1.8059023498240614
2.9044408230957197,21.156988504724534,1.4582574731450064
4.912629322469703,44.43540355006998,0.165552948685869
-4.977778411519267,2.5398219903252057,0.20170933319789822
2.773248283229563,20.69871859409892,3.9507867572620996
4.847286703329805,34.381567587201836,0.2624317601024552
4.320524401104652,6.704372376586083,1.0196702792211583
4.087909304124243,26.14905229214313,0.30305241940361194
2.462601159270914,8.936091268635213,0.22633411921999497
-4.856672085594941,12.151207218901638,4.4259236396266335
-0.8258376496792366,44.509379989805794,4.4629753071312885
-1.366446990369587,39.61766298780825,0.20205364961940653
-4.866376678517631,32.82405694143085,1.0426121538100346
-0.0020788498388109727,3.228772538442877,3.9613643962756724
2.3819941839507837,1.305583269582848,0.5867860416878259
1.721846126941577,-0.45807252206449256,5.118668423803523
-4.992636059707525,47.0899778444149,3.867516137384479
-4.947923432666769,3.918234047800084,3.9954648919301894
-4.810882283161282,2.8652509960125006,1.9070354497787243
-1.2239330492579112,20.57123376776268,4.136755663831361
-2.8794298199801167,0.5373697781764695,1.061820263268625
4.7312098045891515,0.15240371174690762,2.3532787816516167
4.8130737016678635,5.0201511743381735,1.334762105115888
4.956240547695696,43.275979744224294,0.4183161293692862
4.907869353593672,43.43852822603214,3.7051372884299827
4.593744729783417,32.124929148947885,0.37245228785525547
4.449687195799228,21.22855637471644,3.905579946735544
-3.6754455484613198,42.229571924937886,4.42372344430749
-2.9411907156024437,0.33467252432109484,0.3989992188148007
4.992574614422894,1.8831938177500633,0.4040647638195113
-4.586621087860481,37.89192720006148,4.668826510158524
2.1713888395307404,-0.08498733376169448,1.4041260803425277
-4.329482322848673,9.141382480270666,0.6354457705665081
-3.196828089309756,0.6889902971551451,0.31643703709047105
-4.884328708977187,2.3677209191033026,4.542269336503458
4.999998182307344,12.379201719087382,0.2928926415214822
4.904435302354714,0.038473621099605115,2.409873099520684
4.062541322283127,7.588989489248926,0.03287915344388317
2.0610927552839486,5.8303838527767535,2.198615541566528
4.697159429686811,5.187311300560494,0.6025130254177588
-4.913555784996436,10.001684207877284,1.1960063512011994
4.921526844766586,37.948741169818426,2.921508486974771
3.304756088219504,0.9694828812041851,0.1979150398176085
4.985619898758834,-0.6266027418997631,3.611259357671983
4.996369361202964,1.837988560621059,3.9008200327365974
-1.0815380658397817,35.78550842671133,0.3258478749991003
-3.444495130789461,20.6005810072412,0.34262898030628475
-4.675859822791543,3.1209364799289787,2.605963459082056
3.7756335303121302,3.617696360032936,1.9173850065882585
4.9190646125592865,29.329955938905684,2.1234906827494684
-3.0696850658618047,43.659754041827064,0.39681031547806694
3.986896519648843,8.369372015319131,1.1671378567789072
-2.728580446610045,2.959395765686919,3.052865437598529
4.875961838631221,44.505450417268136,0.04920313584272768
-4.756105554182265,2.8889042208094113,0.5913051937540506
4.52126198490795,10.470054622524431,0.05477793306898331
4.228948260556745,17.893964163007414,1.984027791795934
2.91142586130515,43.30270903939938,3.554631333228459
-3.8369912024043673,2.281665768454879,2.7420325227950175
-4.982668719801858,42.11387796938755,3.9672153066340514
1.2380373574452568,14.545575484283116,4.422075009638738
4.703120194984086,6.891002128260896,0.6487716827921453
-2.1845888324902365,42.72408470754982,0.20319357581503866
-4.6315627808269175,16.54378996868835,1.6848331525461848
4.865205874990012,0.5454284344074101,0.11654066745179556
3.6581676389490996,-2.365736810788997,4.833666144392117
-0.90277778631266,-2.7252653545154155,4.120637281587589
3.5582584624443703,0.3030550876046123,3.5350122241789137
4.916639793274532,11.513353663634915,0.0661979017674345
-0.25880868252552425,40.903518157238054,0.27814142231026906
1.7311066087175524,43.40359689626905,0.7645193944567105
1.1194089218809402,38.30474563133439,3.5337138624431756
4.992739531802675,0.01652563623089515,0.5811334486980368
-2.708743278823315,1.1731223662834491,1.531637366885827
0.008532594467606968,8.273525955484567,3.69219500554217
-4.4005185854671724,3.0284886507223163,3.495816236803657
-1.777132967157415,0.1779761251531128,0.2444583565920494
-3.6645937798762733,44.308822043737855,0.37243972431229466
-4.240922189158306,45.93066671674032,4.466564501556261
4.649497167885097,10.14698339399958,1.0932604152110947
-4.98101536373038,8.770029462953477,0.6524421674545866
-0.5288944519494492,16.869691213813947,4.552818877405549
-4.995372328285796,47.25354463356729,4.312915349211757
2.349622862581045,22.908207903088517,5.097391958667018
1.2151826306087512,3.7376028160674486,4.02783287433296
4.999959276805408,-1.7030724104109423,5.075446585443959
-3.2803961405494264,31.905024528367463,3.536763845647197
2.0618171733442177,19.271605224362528,4.870583050147499
4.918318753969517,41.762038300138244,0.09849855926157011
-4.983836250395904,5.919426365378881,0.3125189542408259
4.999963296100908,39.43234841161883,0.4191641802514609
4.319475810319372,4.039119275801207,3.945063825548048
4.865706833747746,9.951065576181604,2.0492405347658473
1.0271100981401091,-3.2185136104600875,5.0348746963305375
-4.964229215339692,21.326234120167612,1.4896677709825075
-4.110277420015083,24.959669667085656,0.7508092064049693
4.999949050623925,34.62692600165885,1.4065513101354772
3.3616009627851753,3.7761582550736166,0.7610444700364188
4.9985818198022445,45.6676581722229,1.8068238305521906
-1.6170347815138053,43.342233316508214,4.458567010744654
3.057528827947654,12.227774869010611,0.35989656447357016
4.858169787832181,1.0944430286117295,0.1792498294306711
4.994130186941825,45.18055503585438,0.5245659203353301
-4.527758478376757,39.702882892547855,0.5449074049409579
1.121423066240471,44.95856042771778,2.5657339626034976
-2.271058241035634,0.867252358144256,0.8689417203138919
-3.0990270665901303,43.90798193783788,2.227711344161815
3.3187486824750985,12.246738319854973,4.858726375811091
4.977693030626485,-3.4288412299983557,4.056437112545065
-3.3530597887869336,5.170973141063199,0.38239491105957607
-4.86906883472125,25.999327679858986,2.1127120488980693
-0.4373811350221104,33.027218635147285,0.0391254290568494
0.9006068581550606,37.797416481982246,4.256464175668469
3.7717786697935423,-0.3049009826392952,4.92486508877601
4.9843818823846044,11.924636695184265,1.1563924721531926
2.041337885789246,23.937441923561185,4.775628355935193
-0.012506332872489532,-0.9665462833290628,1.7266546599166595
3.552525889341129,0.2314834154598097,0.2725557753348836
-4.822238995692973,31.645146310397827,4.543028926629095
-3.300895078514317,35.66317916895849,0.522388208458677
-2.337417439945579,-0.9363895719687145,5.155660023720759
-4.118650383488421,7.875330761907662,0.5476239606242521
-4.6277345748220196,5.2156187211963685,5.306206437160142
1.4157018615284898,18.82513610695947,3.39110047985289
2.262909077288483,39.271645855451695,0.9178886110080198
4.920035959463689,46.107913397348845,1.9663963161926956
-1.184470537600113,43.48501035883626,1.9803554528326939
4.971829039570566,32.287827720568934,0.9210871325605143
-1.5647838046711944,11.695607798994693,0.9188296653479144
-4.535271849963403,47.68150615104631,4.138841278109827
4.753313661374076,37.710387636905594,0.1392256110946247
-2.56458985306401,4.5437084422541725,4.134413691282866
0.5859557146254202,0.6635967180309876,0.4989150638476651
4.9800174718297585,43.48072889722522,3.5750822059853777
4.452429124958905,-0.08771277654422871,4.400321690731436
-3.4632110239525637,18.412657931463656,3.1242260105782096
-1.3572588944804953,3.5722980946994913,5.258592532674548
4.847723220885668,0.22870629758484234,0.14710911832712265
-1.0870767096627452,44.5740132641391,0.6479079925835163
4.965123240948534,-0.7143440366997421,4.615362108564814
3.7473623570396972,4.770829329835851,1.6713845842838024
-0.644404824464696,47.96171665456207,4.288694609908007
4.878564545169607,2.426903978569441,0.2120734985421533
1.3144618623942195,3.7318179714243627,2.9101966995784867
4.020271827106929,-0.4997548567882574,1.1942861767392832
0.6432793641941714,44.345071216445504,2.0526036076364833
2.880060416133215,3.331799854163657,3.3016852572153454
2.9812972790364203,9.917015220216921,1.3591689687733435
-4.521249092338665,22.36839987905689,3.3975146690165734
-4.504235628155494,30.355652495186703,4.5583662957788915
2.1556406394564522,8.773675685868335,0.37880790277314386
0.844994592193936,1.1941198175429908,0.3947745629437731
3.9572419470102855,1.1933880079097656,1.0660630903972281
-3.128965802619976,6.680454302802401,4.077620033602084
-1.3784159177877382,4.956094635189747,3.8223606904435217
4.395695707591477,-0.08732728057790706,4.5308549892691286
-4.627224775834029,44.49441385098126,0.7450021504632994
2.3136503339298784,26.33021994017225,2.2955164109312136
1.5628108728925072,39.64129447275193,0.2958606528730077
-1.687784132878225,39.702704891081304,3.3848635772879536
-2.9871381540778423,2.5974140727933333,0.0414465008477119
4.891293637143282,1.0306273506719725,0.3267830094164199
3.6265555229344,11.065540703267805,0.9995989794578395
-4.0234430231030025,14.623798107715356,3.317562002555168
4.55518518398865,-4.546574688635309,4.889582568986189
-1.7036628143230226,47.42480527860638,3.404978823171712
4.399895824112284,11.669290044902224,0.30300336876455386
-4.365682309476281,12.8881510425689,4.555589126343119
4.712307054716567,0.6046030783340448,0.4653035418241617
2.7943829241048332,44.74923320226424,4.217880259357491
4.991188352593846,40.52050443707078,0.37262533899351236
4.846081638101719,42.81155809892609,0.4046897669975904
4.360837487402222,26.398836410023023,0.7885371632243938
-1.372259854598759,9.934636703873043,4.264551850191509
-4.41596991901427,7.64845413560913,3.4383576966493763
2.904348399387989,39.247600718580074,0.6539858283532767
-2.078678348059791,44.82197039054891,0.28001666002151654
1.9219567842996,39.106940201201645,0.17871023685758347
-4.9030892399864765,11.161322831163854,0.6466669472941143
-0.5599225793743422,26.9863693651715,3.8744627320179883
-3.620462979692331,28.852239753680603,2.6169447087581257
0.010874448382072851,42.273940357076214,4.500971657330055
-2.741393742989585,4.677380123317377,4.2577447235821095
4.3940301602373495,-0.7054462949366549,4.762872880197888
4.065381321588716,41.28872927620688,4.677003063420521
-3.7460150457038073,0.6821770931042094,1.4348223150618147
1.00022122538234,11.193379778359466,1.9355010475370964
4.1934918037557205,47.11403217605881,3.5157806010150887
-3.9181789316059,24.981838179156483,0.12355836906327317
-4.491177404708247,27.474915450399823,1.1309920548091068
-1.8775048917379338,1.0903313119215874,1.7798209211490195
-3.7299820195206683,2.3905789347479494,1.0181176313861855
3.4123339424194112,0.3105359438696823,0.3639918365674828
3.1815817460533187,17.882659178980184,0.5381349974675379
2.1438054696023183,39.17453615013995,3.2411320340805414
4.65697646465461,42.87699326444995,1.6604788254080107
-3.0274357941919314,48.05116157640326,3.730745312977174
-3.691403016365586,0.4759371115316617,0.5784944988301902
3.5130279851945643,40.83208102990704,0.48377413807269165
-1.4965811414355397,19.683553893356535,0.39676050500382837
1.9982993976257721,8.086368514057245,4.135959414415857
-0.15714927891949781,16.698210103119255,2.8393590627083136
-1.685831265611518,-4.175232315801891,4.8068323848895185
3.7792434439533196,48.564808121450845,3.9043062437904825
-0.9514653546689101,45.33882808254997,1.071116616239281
-1.9273979704675916,0.6144359664519887,0.4786293959307921
4.132424783449011,12.063948397963678,1.422442718208849
0.18135538060701306,9.828810339484535,1.361850489569263
-4.997621582911363,46.099446906900354,1.5178280255509653
4.176364654733443,39.946519942822725,0.5507659102495955
0.838074214091419,42.23383131662689,4.210435229583259
4.999462315499768,8.555345515781983,0.2801302999643579
3.713966081520427,13.402577848789136,4.479014186179486
-3.380821713429276,17.135794116711484,2.2926850192372292
-1.168559400282149,3.0112233370709824,4.366789973946679
4.881843547227013,3.7138386236026024,0.07107569555022127
3.139692332483341,4.325214139232066,0.5393739120894163
4.729749312383172,0.976878924991978,1.6478510364384735
4.7022721743575655,8.926588077039282,4.494784649569811
-4.944654037394674,8.490375006900855,3.0508042957215435
-4.589987391579516,37.0728294995138,0.9719503867323536
-4.987870509683161,35.37272275039315,0.3990535007888952
-1.2857736380476044,44.03710581109892,0.2085786264447565
-2.184061591486163,13.169320138628096,0.5280402327900854
4.379647752523175,44.50254559538819,4.347875009835346
4.999309992587836,17.532484598181274,0.04258219522193425
4.5044313927137765,33.755436333610824,0.18234199181887292
4.990631708671793,44.12009831742639,0.073979220096209
-2.6415603873361793,42.68116432952127,2.3651703386862764
-4.91646244914855,35.00040549565783,5.283096873722167
4.111044032170745,-2.729161412689022,4.024425694749061
1.2148364575618151,10.250189160277609,1.533979168080512
0.5361821982258176,21.338304660877828,3.663582439130541
-0.019151811869778303,2.697206295481895,4.562139133733935
-0.5296631800944814,44.72326495566071,4.027060186729926
0.011637306392127384,19.124233046189733,3.576988794851663
4.968680673107497,0.1194123756464726,0.17563819608520312
4.763475330881656,37.659322120572384,2.786027686864481
3.4814895286407346,14.986641177993668,2.900495170508343
-4.998900761027707,39.008361929957374,0.9537528565452658
-4.353618004833876,47.600884184643185,4.3696622142520845
-4.905951800432641,2.64896487475115,1.6105108465385918
4.996369242881327,0.3104865927551824,0.14276232355390933
0.6340289719457466,0.6092066846814609,1.2893064117100612
4.889844293500348,40.3196167858091,0.3608594481541859
2.4184604633309545,19.018582143600675,2.1863625552168275
1.81075577971018,1.0895915579437623,0.9753054652291941
-4.661615193343346,42.362327988581825,0.9503128447197565
0.8946774031584909,48.7648906256797,4.079395022599818
-4.431779123941399,6.9079583705665035,0.3325442426003284
4.551506681750687,9.090292776428976,4.195075366704708
4.951986784761634,0.02500232811367617,0.04465828498780837
2.363060568812226,15.86280968166357,2.56245269202744
1.2402139762042446,12.564157208382449,4.520705101611288
-1.4356317367579228,-0.7483129739642456,2.4179007444191507
-2.5071073096132586,13.653731388341704,0.83636459463655
4.267585423246551,41.59794398571779,1.8871038905503246
2.3234480103215716,5.788561293545878,2.21776711216159
1.756805869411839,34.336702870965276,0.9669592815027519
0.7172528032637954,42.00869754400075,1.018733353486126
4.979899436626101,25.808300013735412,5.092915276149828
-1.3317128933086253,34.2791684890952,5.2226608013851274
-3.6147467365021306,14.231670783206912,1.5215989344634595
-0.5315420010121007,0.716338307092096,0.06876376806654537
4.887475039071632,26.604622190984525,0.24267278403152082
1.261504396604639,44.76656801209129,0.22906434315486257
-3.4909460283933083,44.08202529019115,0.8744304381005394
-3.5105670626761705,1.0669605549276064,0.08301180644679917
-4.9912563329527435,9.217450538420788,3.663435369755089
-3.070149020528076,15.943942405111166,0.8355583284271847
2.8309347341079927,5.619322185981323,4.109734742544171
4.974105457261718,3.12692986634359,0.17827771641646176
-2.8954252992470355,4.394850678007649,3.402272365969346
-4.861674654485702,36.24898635999944,0.2288727772966347
-4.999800561816673,0.06174856405175684,0.6982896646076777
-3.0490051102061506,-0.07132306182458686,0.9772365284274773
-4.902452473687211,7.980180299404028,2.3527762240484233
-4.4021951326554385,16.58224081853466,3.26330449001249
-4.968782398915738,21.73135394489251,4.531248987097156
2.584476521734573,2.3413183496959835,2.2543759472427265
1.1190574281734706,13.100981620591991,0.8070168045372685
-2.266612984252398,-1.2627244430181859,3.621015293001962
-4.219713701296954,38.743116408921544,4.619025453146084
-4.759890914869922,43.207054632093225,0.24732952932015914
0.09414809413490056,31.15306691692803,4.603721349179085
4.998527928360293,41.85391690128748,1.3398395987265985
-1.7023203386288823,3.556767341664303,3.693407269586905
-4.991152225237351,4.167840743295846,4.339616041392692
4.996854758435286,4.5576495251615805,0.357152587556006
4.997736524694091,0.45246130129996026,0.25973657662500904
-4.267182296057349,-3.467987638645004,4.269969142807331
-4.416687712183885,-0.39214406328958157,1.6621574844466895
-4.675145535589841,40.264704003777965,0.35823222412601596
-4.994139391810045,42.33134734639723,4.429356316235058
1.7491036820521093,5.109148345662874,0.8847923991714814
-4.319192110338848,48.69743966137687,4.257972584904345
4.954179434911465,3.513394110803636,4.0059194012691846
4.86216429560677,4.614589334117177,1.231293328392597
4.996518899414899,25.429598124210262,0.0389069187542246
4.989043333381927,-0.03937065530623651,1.3047969023411494
4.903245645629369,2.053929120941376,0.14718652695725815
-3.2796252302697844,39.13173351211033,1.0126760507364567
3.3064356551792344,4.175315475649993,4.454957545782491
4.423148814174392,48.09618891038206,3.502693619296269
-3.7139472177279167,5.71337611271292,1.4569908740496902
-0.6723076984688556,9.038692615403697,4.796137971069446
4.776327090313447,7.400831016492469,0.5100316853450684
-4.981041362022202,9.966229959566492,2.721371984270135
-4.0225386723994285,-0.8701540695484982,1.4485274673344777
3.1508730081998353,13.45982170834063,0.7100072059321897
-4.689155556069828,42.913219120992494,3.7973151436713954
-4.180314899157262,4.358775321701222,1.8999749378283255
-4.909080740062882,1.2018179006487075,1.105342432629493
4.1020650164853025,41.77647629718265,1.5397470629369614
-2.4776571973676957,8.72488735800346,3.267583975447944
3.2183973729676874,25.048525448224527,4.326251617417186
0.9732531827967712,15.842981671228047,1.8344328722543315
4.758863594273641,-0.22350932102263077,0.8962249403958648
-4.452600767305874,1.3419131214201878,2.4225415080596964
2.0633994346946647,23.53403369140357,4.483795284840401
-2.1177613914550557,34.10790939114633,0.2858723776101034
-3.5106140283637233,21.547345156532277,4.465695868724379
0.29706662649826915,2.9861734161940974,0.7067224421039147
-0.6145346879999471,1.6746593408293244,4.180943575782198
-3.881509990317728,38.31723725455593,0.3680689233592474
-4.928079335300611,45.47817142258524,1.0376230871479333
4.270768519280287,40.38991146000404,0.15459208988879272
1.6739786981252125,13.763598161858601,1.2061238581108893
-4.944591452003262,21.395179981251278,0.261219638507262
3.914131935423109,0.2019000246318746,0.34338993198922
-4.073824487145519,7.468170144585359,4.6403124654070655
-3.8335082159829343,40.13328979766793,2.332183577397952
-4.900997030154757,15.662265307159997,0.8736835799347995
2.8610991764726714,42.01197124884671,0.4804652406546245
4.880452984259429,40.507377358984115,4.959016483087018
-2.4891259831070163,3.1478469192027547,1.404684235642711
4.980492264450637,10.9288580163272,1.112360296456778
4.331751217633781,45.143737510753276,0.509259776464609
-3.910296529251487,41.04266330929821,4.298385155766936
3.067318270831922,35.00675247032057,4.397773256619044
4.990843985688863,44.759886400194446,0.2176019809256517
3.765015738330434,1.6319339206831693,3.004750189885258
-4.946894566750599,21.412538122698457,1.9394281344181883
4.993858976511383,40.87404702680746,0.1458537180030347
-2.969959011659819,0.5589158053642262,1.1110993801599558
-0.4908857781442733,26.81706629706362,3.2870053414863984
-3.9134830122714925,16.197984266334934,0.5824455908642496
-3.615606928071773,41.86552579049896,0.3084920429207499
-0.7797835363572027,38.577334983755044,3.209501993815003
4.1034629721802,16.047317075674385,1.3419139500762527
4.999562786086417,34.070124339743465,0.3190953843205738
4.996584848169191,45.899459941784755,4.47572749959251
-2.34161674933506,1.406181327900618,4.082251160958424
0.8738896617306944,42.87167869568377,0.9243264209626746
3.9379035953104884,46.72236486736991,2.427110745541769
4.87345419462378,32.90331347909737,0.5438884688345744
-4.9993773017684635,0.3284540240269722,0.3151110659981369
-3.9846387126584255,3.015832152254885,4.296102128309357
4.977136968154151,16.593942241290048,5.058286294816327
-2.1652720898148976,6.75375568816628,1.6864056149849413
-2.701077953810108,-0.9736737977765197,1.5805187106874847
-3.036949229415398,8.081095329244793,2.9423145476422654
4.999611824955396,23.211560739116837,0.034498885905571444
-4.073725978594499,16.282704308614882,4.291686357426897
4.9988760251382915,11.461554261973356,0.11186814756879167
3.2376188348182517,1.7124489971457622,0.9805423422413135
0.1503862987771197,19.888007824546122,2.6000240230666827
-4.405845093624628,17.30810873336801,4.821329729300444
-3.5172846387326953,40.334025094462774,0.9349082682450188
-2.0969738549354826,34.44985538991644,2.822128207985631
-0.3778660116058348,5.170607765651351,0.39021282041929756
-4.291159236026386,32.701854898653174,0.808903922263321
-1.733984097863155,35.573825930277025,4.2257781802538545
3.6481194562307797,29.44543698692358,3.2843563039505046
3.716310220355357,45.40282628174381,3.5903121878049706
0.6055126178802349,31.084364543927713,3.2852077385388623
4.692192951700725,44.44824435647787,0.4285696622550624
1.2618609104508196,5.445320949491618,0.9862921940035436
-2.450054264242546,44.56657711541574,4.3021014854280635
4.935011573711642,-0.49273010798876893,1.2485606357204506
4.975722224503757,6.931362832118815,3.1083524296714127
-0.010276859085962904,48.72900642302139,4.406524635734761
-3.611815391957693,6.931596387562188,4.385295582048985
-2.083869787054545,7.8429223767955065,0.6194973313865569
4.874823404657377,28.027067256718112,0.3317400384759508
-2.9816637704070748,39.868670369432586,2.9540353585977273
4.906769689582899,18.298023461475957,3.615180143280445
3.531801332814777,46.23120126022241,3.7130828831893363
-3.14945191943764,43.9031601973798,0.5478559366620451
-1.092408399822937,45.67616281718534,2.1258731637724466
-1.4482340602519908,39.116248082091786,1.3585509011108576
4.805808287198753,18.16186655380392,0.06383591128187459
1.8965349804632936,39.239707464158386,1.4321683236545222
-4.552702192148072,6.726539243068727,4.093968424434875
2.7759025348073774,0.5554358659047345,0.13576746414156474
3.691585961004453,44.762318520700155,1.1127699109931184
-2.5320417424326784,40.499630340299326,4.595422643013594
1.3684387237955842,42.43876250367892,1.187329130452337
-4.985100692222737,40.566128312616925,0.3705394026045691
4.022977817676542,2.6737753498425,0.440897609567783
-2.3555725343136436,26.742015644671106,1.2079487010727072
0.983844985624962,32.71718897629965,0.5571442132403782
-4.902916923184316,3.203976706751834,2.4793431086060234
4.689194138351642,43.55806357959802,1.1988775989522775
4.852624715727434,35.32999747764986,0.1574084053399457
-4.688117170869074,0.9288758844314873,0.4259601184816574
4.7812401539855465,11.309496904427176,0.42388936247597264
4.998939902509968,37.24704649570481,0.029191479604675483
2.280381150383011,13.004423119075273,4.451212960473061
-2.2980986910784225,11.736869381695342,2.9150112846901584
4.507888154734224,1.5092037021649303,1.7815325284379373
1.2254586635993718,40.30465361312345,2.4200309397889206
-4.664418241661363,1.5633288464046355,1.3548944525232547
-2.6667013985270427,2.658440835300203,0.6483646719052872
0.10304307588712301,-1.6765252898550436,4.725609775495757
-4.917275987713781,4.362389417911923,2.0485195398119793
-1.0320797881966857,10.682790245857666,4.049337550661969
0.8359644949568732,45.66693433528637,4.239127660285299
4.664085945268631,11.756812181839894,1.3936076214001076
2.6548897783328176,32.060348189510414,3.474548884764993
-4.481260284849212,18.896903396853677,3.521321671099727
4.4579334489509135,0.9589759023364115,2.476532743363322
-0.1915463366910688,3.6037537624267353,3.1111440577671305
-4.122415545173899,15.827808205681212,1.396920213960385
-2.8427331963073406,-0.048592891741414124,0.5505770800937777
1.2573566370741764,38.17988606675216,0.37314189493923056
0.0017663421557220784,-1.085741228600551,4.72946838024773
3.1547782065802155,13.408021064741597,0.47643410757524307
4.84627743948328,12.92883622692997,0.08081838780518336
3.806286099378078,-2.9934319300358214,3.580588657096269
0.9356445464343511,14.798253634319229,2.0406420934994345
2.4925064938837442,44.032216160709424,1.1273411137824383
4.92422260920066,0.11348505423361399,0.13852291388225624
-4.999988669201901,11.465184069559164,0.4418713387634129
4.306233179828979,2.365873980072916,1.7117547003609126
4.759463654348396,28.071867457543362,0.2549187659653163
4.999866624689867,1.9439409046925953,0.03823442430795542
-4.21441902732842,0.040986402307337924,0.19791632898015526
0.04872649761007461,37.459405627661646,0.8025606817622655
-4.976962839380679,1.2964371053857326,0.8541447851328011
-0.14866042262261406,12.722572386881772,0.4444010080949215
-4.951615348616368,0.8228431425168312,0.6672321999894291
4.065842192437818,41.82116647595055,3.8555455758992836
-3.5366745794723498,1.7474191697354573,0.7220731368678742
2.452920340661494,23.866994039835692,3.8743759920834995
2.581530390127962,21.94964819324883,0.3031685329376466
-3.9459415264309965,27.391756768319357,4.3615927121187115
-1.6846273920135415,0.4303873671531604,0.8553051217607057
1.5056134313307743,46.62870688383494,3.075358957194336
0.2859452520214232,13.532855893107175,2.6378734826691823
-3.856694680183617,2.644120762033733,4.235179538631322
-4.192177427821509,0.6760534530493107,2.072314260039085
1.5414449035238384,47.4736960416871,2.8123900568317746
0.6896200201296043,10.13792271638036,2.8948573481167807
-3.8178428252396186,1.0375708058779853,2.2064899825404893
4.876775225244802,43.834277009770354,0.09561471761667856
4.989526652327689,5.01844725678002,4.350015699234909
4.987155502208462,8.435054886159872,3.850735118245949
-3.450625415356386,-1.2330711045333007,4.213256733751865
4.999668103358047,19.178324336724557,0.30335965892580097
-3.0688277023014363,3.6913188775066192,0.2942725416160943
-0.4787352035485145,10.750691927879782,1.564806979305329
4.995608047337623,0.0708414574277766,0.0802223472270094
-2.1546937076111456,43.05802707067434,1.0941971134685318
-1.2699208561942157,4.161347756393287,0.6367832431586339
-4.260530921913793,5.345600011305663,3.3937945098587377
4.879960131256025,30.45908712194364,3.433951422377045
-1.8594256607299235,17.817547301090958,0.6015721300139937
-4.947084730438217,7.160375173392892,0.1262789078201299
-3.839275663102409,0.24027461796814925,0.23961169298293256
3.0270442788277956,1.0175309318760914,4.08263520817667
-2.16830277513746,-1.0404819241130299,4.918385874177724
1.5320140476062452,0.5423228085334368,4.519678894365505
0.8452412422607343,41.62523096860749,1.9241164419585446
-2.8135432896535075,37.60538574036851,0.9673297715766161
1.4497546903840077,2.6690262248056826,0.8323960851336374
4.927161794329436,2.916316116520796,0.3501490212815302
4.9509094230334005,15.489539560015382,0.042582265804027714
1.25737081132122,5.663763495062879,0.2876683953654027
-4.922189674249787,44.60905939463543,0.2615094491608223
3.207127058816623,42.95883099512863,3.033089343286732
-4.612822216417491,5.7170714268907,1.718172209134669
4.985732602414036,14.126580825209448,1.5521978531672
4.0140136846797185,45.14870927776919,1.6408374865128403
-4.831081024633865,34.53985431525481,2.6997883063124517
-0.40766388564214023,-0.9443070312822941,1.7101075301723159
-4.942095270322609,18.97842946113565,4.094589008583592
4.814028081089955,43.22414543513097,4.443399017238064
4.992298569763285,2.7051115635663012,0.12290090815063781
-4.673375171464648,6.787223037639387,0.6201732386456813
0.22999406662922786,19.105025284832614,1.2127068062820792
4.438045962129401,41.31123258910305,4.753389955081072
-3.9257111255943293,3.1086787647797514,3.207138131510909
4.953349519900333,5.000346702186278,4.484690714041791
-4.909786053196948,43.109672124405996,1.0443051896150546
4.350997189783064,48.58506678416232,4.478389043422753
4.644955405951857,16.485751630267014,3.1383607070711936
4.998605485873515,31.13171029800117,0.017725402822841296
4.986708204025771,15.031012650779605,1.6781017145773764
-4.736500512775629,35.63979743088318,0.23333010954972083
4.0633709780698215,31.331038355071243,4.293005240781434
-0.6977542496338758,0.2766579536689301,0.28048029456026613
-4.852233801912331,40.61938848633556,1.116288387544816
3.5718381935925088,43.993967740323995,0.16966043500706163
-1.2955795069759959,0.9702055384643905,1.121389526881165
-3.803827000070252,42.69532237093288,2.130406377080067
-1.27127266714223,29.819335650761282,1.0495958047468148
4.987647684031894,17.320009172178768,0.2578167335392415
1.3700288779056113,44.23851302720152,0.3217318430779108
4.890769808447001,39.032469852957924,1.6885358249191202
2.0098433737764068,3.426026800157268,1.5273753574657165
3.4150826905491365,43.62127413879392,1.1421238177435518
-4.185882395261377,37.654819116692764,1.0393317425152215
-1.5331304059664626,1.7869517136127726,0.7322208318104796
-4.10910106581691,43.994733088133245,0.9819416452028391
3.5312102979158606,43.601520408163715,0.2039693224431097
-4.231438511754002,3.6240727103898003,1.5302219368547259
3.387888717761113,5.2885617958610736,0.19447844361164726
4.879538038177192,44.10859789881251,0.37402776687978734
-2.0234874150265583,0.6529301679178734,1.03596259213212
-4.104873279699389,-3.9551829545323285,4.7193149361598
4.224381187043247,43.87282958298757,4.5325676686973875
-2.2086015698652237,46.20092227116682,3.852748020036479
4.492179088822272,24.03477404420007,0.4960543222062045
3.6034583437137164,41.07660050122185,0.07062796938839942
4.441500544247648,4.708642343409775,1.9421924259764383
-4.904011507603053,46.01388085465472,3.465804885809087
-0.9109768043137247,48.0910144702024,4.0994018364347395
3.068610441041839,22.133410579129084,3.5557917062305875
0.5932309025177187,5.914370076119373,4.678661548665192
-4.540549673977651,4.899128422261268,1.300879311867769
2.1804770741471873,-0.4796692569782559,2.5817772348540564
2.632772571180124,10.92431742661894,0.4235477654726827
-0.653206279557911,10.766561117263436,4.3274337063097725
-4.9257757617644895,2.0378251336657884,2.5304594235676126
-4.294103197516713,6.876323464713991,2.3025342996798344
2.6815592352716684,44.84795483689213,0.16833742987699318
-1.6189870766726697,5.360661686429182,0.5733836631214462
4.920059896414453,11.667136300772365,1.5505596665943888
4.974931747077445,38.248072920328696,0.02000347384012211
3.0363066244235126,43.30750054515573,3.8506248803208254
2.199618373506021,13.069661922860998,0.3274077202157487
-4.2269527847876756,22.76559223073192,0.4907751545103691
-2.6806648805317463,7.356236114821463,2.5995804495663584
1.114135876817999,38.4548655843167,4.20162557695019
-3.542694039784589,3.3847694508051482,0.6159847429254857
0.794673137752111,29.16164902074436,4.118510967153464
4.642103655117115,14.194580371819345,5.17067507932461
0.40680489588604674,10.111434419045953,0.037203750393309976
-0.6234283600995688,43.07609692755097,2.6230912177718078
-4.756402441036897,38.65736341516456,4.475260834449477
1.3119784801482721,1.0248043552130581,0.6272160338044183
4.931166719427496,15.84199318212978,0.1995975824451228
4.473778364351005,45.935342643304445,4.399208165709788
1.6200478865435008,45.81621420913665,2.0477348443002383
-4.124217170943546,44.70400606656841,0.2321897897434449
-4.093814914965083,3.3633552893701095,0.6501202220579294
2.545564146013357,3.1179397162707976,3.9282728794763715
-0.11392836993934152,36.31775281796229,1.0186618510879888
-4.933839433691257,-3.890733568429207,4.591628430928262
4.999372369851785,43.23296684265617,4.274874488392766
-3.3436792132239326,25.863357323562084,4.275751829217219
-3.111293139234037,-3.43528542125025,4.725155182317717
2.566162431981959,43.60152300482662,0.5652212955193874
-3.8688803064110284,46.077747398331276,4.174824177918937
-3.161701932836616,19.71014121542905,4.879070388695031
-3.2263553583081332,31.761795254689396,5.267800989832329
4.818622958232424,45.042855708515326,1.6561686174166885
4.982714046405571,-0.09558664441376186,4.92317012956436
4.905102060490497,36.653062967504546,0.2426561595506187
1.6375962601848961,29.43506022530434,1.2499841450788987
-3.9522850358807067,16.142926197038758,1.5641624087669534
-4.968569693584415,44.03275480568954,2.915582341151151
-4.039626898795741,48.28453270070797,4.47720665425228
-3.482611467439953,-1.7919915074196517,2.1417700190509095
4.872218337120266,6.799764424493766,0.7358238282772973
-2.487791963591064,41.25078719488825,1.3799085598348888
-4.5293087488766135,5.229453705716138,0.526359609353163
4.863570162652528,2.761676076587126,0.12810289500730931
4.985784109128815,6.797072245781753,0.559353772972856
-1.6516289126919146,46.42773168955444,3.867124658106524
-0.17217104205490963,14.038479825836378,4.441087658798227
-4.932728213454261,36.41012685655213,1.9733172024226266
-0.9018577388615122,25.66349036833428,0.21458430815487117
-2.5542957800166506,43.724125188085345,2.742254478822862
-3.0923645809257843,45.085047704254166,3.9728050516790776
4.988866493024174,12.080750268956361,4.042957043474079
-2.4758848147499597,2.6363826383673503,4.250514999707737
-0.22387927110195255,33.78042018419862,4.237962723743179
-3.0332589545149395,34.28374836674583,5.045126059971185
4.7194679412144245,37.517535060410594,0.20516505991107378
4.914064325963843,6.004422241778956,0.0902966327802779
-3.512356655891722,2.7767731068140287,0.5298237547734657
-1.7884368101024735,20.919969899025098,2.0958853751661914
4.9067268653675455,7.3752663121463735,0.3559351021927571
4.5432342461512,2.031257943742626,0.2518255916753285
0.12021284704793281,3.853672700975815,1.9615842918411186
-4.9867631242936845,40.70286198973498,4.394425567865847
4.802722377546305,11.323464873465248,0.8652958548629675
4.525554786025742,0.14000123249759688,0.24714719514450292
-4.997604141662536,48.14471438562641,3.484140956735057
4.421701185563726,0.6915071834536416,0.853703126423759
-1.1115035504009616,40.10268123924563,0.1729344442474277
-2.8062055026532184,-0.02152568835832202,3.4898562763311527
0.43217428484800846,39.33008976194575,0.7648701749698864
3.9680713833565324,41.995946205662506,0.5233997184807461
-4.994643002556435,1.0795883344927515,0.5993838689066695
-0.3451125505042205,12.25327887034804,0.6972854534700134
-1.047728083422637,41.91171309812578,3.6365728176108436
-4.149619536493365,0.15016795969405666,0.40599208109383267
4.507708714705645,7.415114848094838,2.771910331638657
-1.8192782126616889,2.867898318666459,0.6428352203883894
3.453395985568691,40.10455310819177,5.209394926655746
1.070854094895667,33.56264451358173,2.310412697028627
-3.4918598654703823,36.65150364002512,4.589449840251241
-3.0089218896487746,24.81073525621113,4.181696664263926
4.730852716670347,8.932514924032981,0.6174334615262003
-2.475835685624545,18.84680260718851,0.8472257202616286
4.86851836446206,0.048654760072974125,0.0993976601625336
4.829039821240767,1.3472054867054912,2.4402793738036412
2.9277342770729975,38.24536289598248,0.1695346249397034
-2.505422860087749,39.78728062560717,0.7993932654241319
4.815265716788836,37.59094399239237,4.744993390757543
4.9969683830627885,44.73035318799965,0.04440178139529132
2.8528434042446427,32.63434376865349,4.771227397263431
2.3494619815122424,41.12979451354077,0.591986800612532
-1.31459678709015,43.70435916175658,0.1365628919014895
4.96498048643373,24.291800457145712,3.390166837016089
-3.217034176284849,2.2795494314582654,0.6512712182817252
3.4297649309632003,45.3539932120657,4.185073177937084
-4.382621903793233,3.78224170604318,3.8503082381805673
4.4643304482422765,37.426166824293226,0.20337198178717036
-4.797969886550408,36.90523773728296,1.7821120914299307
-4.84229355859561,6.715387336236863,4.529158713166906
4.814625741428419,8.71320838632398,1.9772394479952529
4.996644037284167,5.757981875656735,4.568247390329942
-3.618697833448511,43.67870713967919,4.74165203847852
-4.857117035492945,1.208682800289042,1.2082408757128207
4.772885575064004,19.223632075403877,1.4718838607572187
-0.3219347693088871,41.24632579029928,1.5519763134598108
-2.68766940621213,44.288028175321905,0.9240002362813203
1.8324904422046517,39.35260895238331,4.972358088953478
4.973882376162332,40.469889782951185,0.07937584597186492
4.977019971031609,2.633422370139681,0.04012442798695426
-4.8074029689714015,42.53627854752136,1.1972489769857606
4.489039712039506,35.06473045018451,4.135945317759293
2.170181434446162,4.871096677797295,3.9691289429562366
4.9657759212069195,22.230473911389005,0.37044408830620484
4.900034057452761,28.454245947556956,5.059382225123483
3.637861934202537,23.816115625238385,0.45329754187991
4.847450993679594,44.4315196328406,0.08823625890886727
3.991762251802568,4.4033962835834615,4.359416517352444
-4.611418093687136,4.768062320170678,1.0554079162653083
4.9532507691898875,43.8247613789502,0.5377368859876248
0.17907141199500748,20.175511738556494,1.9156048077779348
-2.1658600341033116,46.638150853087865,3.4998041907135464
4.947698684667864,45.93469511371692,1.986619278536815
-0.47550145128952753,-0.8075749824717682,4.819401860243721
0.0168157026081972,1.9348401124790662,4.637267207400488
0.2672240575444154,28.490182901875286,2.436074720536973
4.999993446615819,0.021592974756901924,0.03427063512809954
4.9647574100804395,14.75542116306871,1.0158044656787029
4.121816080890726,-0.37718792885911556,3.7637145343210383
-4.624273447771134,10.328780818011746,3.9331049182722793
3.5881162813537655,3.8513692585731496,1.2178982383828918
3.2457431804590087,5.641795726708633,1.7279524275053932
-4.999205777016032,30.665380878538663,1.8818221186200759
4.922987702786708,44.078442295922805,0.3593166140832041
-2.6044284898158736,2.1630995373039528,4.634490058216872
-2.7065258270001036,20.57339266288718,2.4833795524689277
-1.1853206569887789,16.319041433835686,0.29537208764345313
1.9016339666001656,26.781038621292275,3.82296740011178
-1.0760790760305723,17.65729785508298,4.4957251735963775
-2.5604274303537284,15.381000468782776,0.9729400406347303
3.5263051107080967,12.071198368894912,0.9396283837077144
4.858417383721702,5.504466684322272,0.07525765676912528
3.1954170122569914,6.782763889997433,0.03336278167438622
4.857072132055938,29.66075191857728,1.0118262293694285
3.4858681315969213,35.422487311258216,0.6666921669083594
3.9744910185586937,43.62760782763976,0.18070465512231348
4.98702882076628,43.166697319148795,0.10238353073528932
-2.880857434734444,10.899045334822679,0.6760979880962384
-0.6885624337755958,2.147564348122158,4.284336489768753
-4.741689553280289,46.132410847992396,2.323735483484145
2.7809517308638116,10.046060317469161,4.582124536149084
4.812727053560709,2.740804791377528,5.2446186772027295
3.431073248270925,3.96557753207458,4.0206307992288295
4.148601096697263,35.40631598442631,0.5035901124081545
-3.535410560221754,0.1553805038539893,0.1580761829106338
-0.5341933134478773,9.354093942050344,4.1869776503905936
-3.476149608592316,16.013992552687572,1.0111246490785284
3.203790451972632,31.33890356844394,1.9165673555861376
4.999964773476322,38.28082260920278,0.048886040126373397
4.999963286880601,0.69620567514658,0.08152418157376738
1.4507685058065705,3.8317631768117164,0.8178803387598589
4.818797166958521,0.9112742771530219,0.7688392617356806
1.4212440741360723,37.703407597405395,0.21687952090152857
4.8517841371066766,0.8508745782742997,0.10788279050047929
4.969388030808748,0.06384933941945985,0.4555595732702552
-4.8856473546608745,7.208648654742674,5.0498109860695655
-3.3857725736194846,-0.795894995288476,2.015180488661569
-2.020635164789198,-1.0481907321007897,5.284017319106581
0.3253145964539309,39.59851692334819,2.8914994744905402
1.7846029423362932,-1.1482563367580698,4.926043210474884
-4.815098160158401,21.462908173436386,4.791149858030504
-4.862615689161284,25.72690525991956,0.7628013919933245
-2.8500533460533783,-0.11751559860510294,2.698413681769718
-4.771526919397454,42.22167351087453,4.488690851592704
3.2208193887334495,30.075566399319943,4.312573125139069
2.853303687574403,1.6533796830090457,0.6401141202010917
-2.795400963276963,34.60398865416188,3.863720222918146
0.007655541632247765,8.883409912810809,4.4098037750641765
-3.6018807908694193,2.0411230228954276,4.284677187706659
-4.452379526214276,12.997657239615888,0.5561838746674462
-4.99256460777632,28.865198951559584,4.241663813497778
4.454581213115341,48.30322414662419,3.7953576527655875
1.0843230375470216,44.468075401515584,0.4539986358839678
4.328834046000361,12.897786046042294,0.6107870204114123
4.990116556299572,6.465620494544317,0.6367545374138118
3.596654766901576,0.005354504069052357,4.195198371161209
0.5356094420849433,0.5157693822763237,0.35293951094204407
4.891079948833827,0.3918260831603319,0.12461627373599739
3.389107530532601,7.024698524095296,3.8962775805959335
3.1760833739219367,-1.1769265368108919,4.754834190369689
1.1080105572686587,18.196564427402155,1.7400769047463618
4.937810522584524,0.43789455016872325,0.04130493600064525
-2.394831651172144,35.792029565600856,0.5487787377996066
4.886333644614982,15.623474832713317,4.540658537921581
-0.6311306670844298,41.044140785100666,3.892859948185221
4.920443888170051,-0.9593274722712368,4.717453734228851
-4.9765205410212445,40.14360698511092,2.867230660041444
-4.97904284151927,3.5158811410445603,1.2350833207129228
3.4911955383332227,6.760816066545004,5.00058604199008
2.534012889518155,8.051745603261447,0.6885579305998313
4.799077286143745,2.8069167022336954,4.094860844220164
4.1826064859575816,0.4049553288821585,0.0978956121317992
4.989188505827223,1.1013421407224437,0.14249406165665804
-4.872775305849108,-2.2255366205991702,3.135406755261429
4.670816199781634,9.730756790724925,0.591988101750907
-4.730868906586883,0.6249679852571962,0.6451793559488086
3.3201541164482906,3.8662255321577397,0.04029949055017884
4.338844577347903,14.826655814988712,0.24503204694507125
1.251402197696287,9.511517824656377,2.221782730400404
-3.059085508793501,-2.5321384231489,2.9141033312617948
0.4356563608041627,31.945864827830125,1.8382703058612346
-0.6666051094282035,34.30199444999121,0.9133235215888795
0.678054506389225,13.537655765842743,4.4382857365196235
-2.5395336043488554,41.74812521574564,2.5928777910347263
0.26377779799630874,4.489624846212259,0.7693725458865881
4.876432804371407,24.940589573012016,0.1257124902647173
4.322375933991882,42.23779393897454,3.0603449902181263
-3.5663698708450804,12.492331541467948,0.6450063522328777
4.922095139354082,35.76916474021116,0.04829261786717548
0.27911102570346724,41.91909265906266,4.5514972523152775
-3.659563166322253,1.8332250645718244,4.008690376178946
-2.789096486270738,33.44791224910767,3.9190637777592983
4.3203507306808016,-1.1256178847085598,4.8533736467551165
3.305961315001145,3.051884802875267,1.288751217725641
-4.796152165258151,1.3065063051588117,1.2510443342727442
-4.545831892828025,27.911855684716006,4.384387167723495
-3.168775825618986,7.9119173301495325,1.2241995997474948
0.842512180265551,45.02458441166658,0.5008889644004859
-1.5273265182700355,43.75882544396466,0.4979204912127042
1.505517351643641,15.437526630336079,0.2829540702351087
4.686657306863554,-2.2942351567939046,4.400083422478954
-4.141623699825574,-1.9044968929182042,5.247873058548446
4.453505413784321,10.005935762980316,0.9044028598195111
-0.11785153229786743,0.31750255796552784,1.7776288015708936
