x,y,q
0.1,0.1,0.1
1.668509807368544,9.18670637308349,0.2917977436042408
3.6400618588257174,19.35008956955156,0.3945127486409825
1.4819141240632117,13.882784220161929,0.9652230243637268
3.8330932834164098,19.198721562479296,1.8212229944613498
0.639540932513452,2.403143208477176,1.1590180539964356
3.9999999355454183,2.9975204178808523,0.15115447094567802
-0.2889462462829943,4.697432834715028,0.8821162185779563
-2.5839711721029524,3.5501949192248246,0.37512573995476484
3.387621486217652,0.7636081916101292,1.5501251734299537
3.052378988933249,3.9910782141903534,1.0312631066294293
0.44614539229399475,16.45732146539604,1.291437820085571
2.2005608802486365,19.396954169525905,1.9587259022866788
-3.619206116633965,11.302801660275426,1.54251439375886
3.8876173263352496,1.3504442472402152,0.468902024508216
0.4022446166565866,2.9377937975377515,2.070119615510363
-1.4166147845435255,17.873859569999546,1.1657654488684208
-3.7167611203130613,19.618310051013605,1.1339030511937978
2.3359708997976862,19.661238313785482,2.0822845702499304
-3.974541943219223,19.728370502680114,1.7741202526935638
-1.7678764290999363,1.394455482133684,2.16904823167911
3.8641377831336787,20.0407474523772,1.1789575758313757
3.681387001469921,20.125588227939357,1.0354060552967135
-1.0983240132382375,19.84197352517093,0.2014628819395208
1.8007679035349315,12.08241614401914,0.22753611050544112
3.942257487195179,-0.06996397060059115,0.3495401258668374
3.914499981931971,12.848099225145296,0.11172361360188056
3.889602774200722,0.14968473264358848,0.14012573157893915
3.9986551981278198,18.374043952366357,0.02786746418729044
-1.3511075351530082,19.26245216244605,2.102670044057298
3.999963449098993,19.67627635239305,0.0050700779665549135
3.889185934058758,1.1096503396000004,0.053110046457004415
-3.2087359297916667,1.999364555076922,1.9530343388449212
-3.3589965664553323,15.062495292985409,2.2441388837493847
-0.45328856573267606,10.506934996898645,0.9717658579012967
3.9833121972806467,19.713028855892986,0.9453596116387286
3.88982908751757,19.821811797274822,0.1670595298792856
-3.9141952321279887,18.439053101088838,2.2927768849425587
-0.8942400939640407,9.851226059935449,0.0867228503264878
3.9827228425557086,-0.005921199519577688,0.06852983134335142
0.6359166266994813,13.651654559132805,2.194470670177481
0.7477314402695991,18.26709605170101,1.908278091685839
-0.9359098231865558,21.130676670811567,1.930531213891621
1.8055692874950389,2.0357917614679755,1.3519532592141255
3.27540481543299,19.37609264293776,0.22262506378356778
3.99337178073503,19.534918037077677,0.1079565013485562
-3.8871701446234144,18.134345584450436,2.1783587163184417
-1.4042204014745945,2.132516700280095,1.1720160771997714
1.9684031601290726,1.9370761219258308,2.2877763307445393
0.6981076406191489,1.532463777806328,1.7806896196104103
3.0217317326568938,19.67485950590129,0.12002555127569747
-3.4088602078105934,20.90161463990317,1.6880777450501494
3.99847158629588,7.339005141954678,0.15946823136207686
3.9966951452155994,17.510987933725822,0.012718085827081015
3.1718585929908016,17.75770189564993,0.27922621113618773
-0.7583684424749615,4.718166643414523,1.6293291973639379
-3.973538406462188,0.27790985229085846,0.39806635189354145
-3.073254683465131,3.393241269509244,1.7991816542076404
1.2747928852571204,4.305670432181499,2.154813223032212
3.626266181773813,9.047914315323089,1.3904800106644133
-3.811502737438782,19.566362350466562,1.59074287005091
-2.5404861007532764,-0.5393287580290783,2.33621698287868
0.027704996850159983,16.108182471583998,0.3528843712494141
-2.6399270238090176,20.46687068938296,1.9324850494578287
0.8842956108680297,21.360480777726025,1.9752525451664844
3.589616279775006,4.250319608177896,1.9986836822675513
3.6649440085341145,18.83311680217164,0.737948271183378
3.489927220295307,5.222453221324948,0.27389687506173155
3.9101136405394996,19.576822622445334,1.5418960788198475
3.8111164319029753,16.39160020813505,1.5132316640959456
0.9233765526282014,16.55511838832577,2.359657158469587
3.754596576125531,14.549717159790882,0.3268698173181329
-3.2609195753105467,1.2768887029970606,1.2106683635038398
3.986937190672827,0.17689378204127612,0.3077215201829196
3.8802599869854815,1.6837411333085306,0.2654218991675281
1.0350219819388287,8.732008139076683,0.3721511099747367
-2.7893048036146926,17.636129928751696,1.1291437989424764
0.5357132740474879,0.1705274828542388,1.744769508480694
3.902050098391209,0.16980404670726312,0.0700337526511679
3.983853171641057,3.377708557959353,0.11156019922439846
-0.11038086152024508,0.2715368076026753,2.259276859536451
2.4532466372182067,10.083638535121274,0.8460172170624898
3.882647258440433,8.167726396059825,0.06945554521505592
-1.8917158181512823,13.213654242685827,1.7781042134536649
-0.030844583792118695,2.1328829833851186,2.04597349250975
3.473326503141782,2.021722329919603,2.0930543479858787
2.6251878537788995,3.260000186531725,1.5534247474084932
1.9872476600933486,10.17241919038566,2.186310186992787
3.99383744270871,-0.25668948222221377,2.251080098420807
3.948375441092817,8.837025553320151,0.14523560454575915
-3.634062246594991,20.186350527322777,1.8755965430510442
-0.5753464874143106,2.1643549067154524,0.7874182771058268
3.9364606022186184,18.70581850212669,0.02779549689121345
-2.1022739006609936,2.100180484764116,1.9860173130281047
1.4255518444526645,10.640487588246797,0.682812902260858
-2.1583046595348447,19.92332262442051,0.8630100048341535
1.4796234116062592,19.652053256607875,1.50211309257812
-3.872276024050385,19.354781062952117,2.0854634122769036
0.7706240781263382,11.202825963759384,0.7133959037960548
2.7205267036795333,14.570092362342269,1.404001295269282
3.9922651186899567,18.742389119047374,0.2691180132923318
-3.5749738910773017,19.521924261588993,0.5383751345976526
-3.3389398180571983,18.013211378727192,1.991564249268647
-1.1414254554911623,3.7983628810713297,0.35031861576429013
-0.6566302229342799,19.493572041058336,0.3580269943576754
2.4220673378383655,7.771313904789836,1.3356656358978656
-3.9234924399942694,2.009043535724255,0.44816560852230697
-2.2371280329796064,5.719815442386363,2.036106167425599
3.007941228786106,1.755412343559917,1.814848970842551
3.876489803241017,19.744683172651357,0.061162431730954876
3.7631807279770806,1.3546247158969755,0.325759950413866
3.9481818827721096,14.892716346108502,0.9739987247224609
-2.562767984152244,17.8864238774443,0.3858533818508393
0.49207908211272045,17.342236690293927,1.2511154282560983
1.641536045082944,0.03591160428803712,0.35474526211474244
-2.496303688644736,19.156436249212213,0.23646133486442497
-3.08916911697999,18.738380216283357,2.155629711171995
1.7893457087565436,18.944930894785887,1.9417984613649808
-1.9422855188728925,7.360646247657561,2.3369471099882886
0.6736251708255829,0.6410486311486072,0.37411711349526305
-3.916522786349558,0.2892661658789052,0.2794260929163414
2.5791143844555102,19.11661567816821,0.5095609544471948
2.739191792410971,18.121441276517242,0.1757132281509683
-3.1837607721641112,0.32337181182051017,0.6059178809849404
3.8885673648214274,5.81941341184462,0.26021247837696415
0.9078671872028647,7.0387112812277515,1.407747765921243
2.016615037369344,2.414641910740831,1.8268153804573632
3.457617665306161,15.296410550176022,0.15939532662863637
3.911212555124613,15.39679601782,0.13405658189025044
3.973500432556063,8.566741810545372,0.2227678049964471
-3.157853573027368,-0.10798411992746476,0.9216331523396133
-2.8820448672510346,15.07330792571287,1.8694432043944667
3.9443141937331108,14.64005803262973,1.9792340014198835
3.9384402079697916,0.05848557493531958,0.09855903244450347
-0.9590976229059661,1.9861797795817175,1.1636414940148379
3.3643692079830707,14.84166162524568,0.704342652507076
-3.99214658534872,-0.5549234213477041,1.4734573025446418
3.986322820357445,9.510430953005057,0.036065556941552696
2.886957335170047,21.076319906238062,1.9273864885218426
-2.6775140483547144,15.376516417504664,1.7603269641067811
2.3208968380203316,16.155700231508582,1.9354928057397764
-3.26134995357058,4.129640358171513,0.7226077613005302
-3.9668600219162955,10.520379982552205,1.4197318859070676
1.6206896500884802,0.7699962921356798,0.6929923593403144
3.8768356461448095,20.50068652314621,1.3287530231841873
3.6442666395848113,0.10460038906441545,0.1454658574587376
-0.3831077896683125,16.231634276535456,1.9633385748060823
-3.812884164353038,3.839903900108551,1.9573541962922005
-3.6003644262710983,15.518464453929738,1.6122018571933927
3.8808420159364365,0.628902834820064,0.0841311881090483
-3.569350561319192,17.677686910058437,0.2308483142945204
3.7824278565157536,18.86867987353294,1.9288249015832388
3.709551838643478,3.7559547863103235,0.9953588410005775
-3.3525278941939187,16.87940847492889,1.6443621902435517
3.91400750243695,14.981097687231971,0.11403954585103285
3.993064105065641,1.1191193332450269,0.19771296736415334
3.999241649439946,0.06452220705260384,0.08523514178789562
3.9213425108546542,0.2879469607340706,0.0574715080625262
-2.8611790448661543,14.660373197950104,1.9483444635278084
2.541959332996913,13.21788120561128,0.28073356248920683
3.992451313731396,9.84258975365441,0.05061489098422519
-2.006465824789396,1.7456817817178343,1.4361287399552813
-3.9110667811680395,1.2161509543042175,0.668004914807587
0.37639022369165714,18.554273045184534,0.9207434586469398
3.998836750801971,19.75844292373218,0.22650478947363822
3.576245441734839,2.4316093834388797,1.8962484468761958
0.5461036360504053,1.7691783468283646,1.7965508957317853
1.792167948381987,1.0005659259262414,0.6563786631472521
1.9490061396737592,7.800894959506136,0.6453613270738838
-1.216709748266145,1.7070315517030674,1.7747258512314876
-2.0964881175700287,21.072175456528125,1.366071184317071
3.3270364712588747,16.891847675820824,0.47262471033714415
-2.2694314413788903,1.4768179216976367,1.1170745177022336
3.5976587827381734,0.8304808321315069,0.9808652706326703
0.8282767504929817,3.58866658969587,0.3379844407579707
-2.407225414558063,1.8045108241212036,0.5606331086228975
3.6452794037905125,17.789312296723327,0.14634176218639203
-2.11259421573318,20.005065434714325,1.8324865667699843
3.9981179482382982,17.223092517630096,2.0456841136240245
3.155054176374124,11.389700125149457,0.3393323472295396
2.9987007862924036,4.353399219521297,2.055893210705884
-0.1484533125555191,0.2034134899305914,0.26663390910220447
-1.8332867173193974,13.943181124872268,1.35458465043489
3.575817154857783,1.9401770983239743,0.343213601966983
3.9206383521812467,18.821369282148478,0.858728978894134
3.195944648710488,-0.17737368290390143,1.8613673857286361
-1.4657904930863013,18.171930476946056,1.103198913728165
0.12452975479584232,3.677696603692572,1.94250667185105
3.87846118748879,15.449114404888824,2.2557120700760116
-3.4595494130347793,18.457715368938153,1.585313585035114
3.1946770629014423,1.0035326800451951,1.1219036241608404
2.699183015450287,20.51475859623531,1.9877687095784295
-2.9050023475899875,14.098615567530144,0.4475089177181282
3.9777271518227346,19.667329379562236,0.015956003420341234
3.884516880442962,15.947719503793802,0.2606616509664158
3.8807623459035474,0.18744411321203186,0.2806846117184844
3.972537923558689,15.666056588152752,0.32044054678617095
1.3668936165168937,19.2745794332327,0.8326337737841764
-3.993547261018726,1.710915754466327,0.5603978519034678
1.3853972562628523,21.09052584579069,1.8729997126007283
-0.10472439401179785,9.354686277370377,0.4404072091838246
1.7264074832863225,20.078644817696457,0.6036520617031805
3.9418685909274602,16.43808029623782,2.1456978467469847
-0.0052495318656545775,11.183187856458552,0.9323862077562974
3.826596939382451,11.465386857090351,1.8642987089424292
-2.691528069493308,20.408011874156305,1.1984741007864783
1.8868052449753103,19.340621844381637,1.7787512880835536
3.8596214587735345,17.518598479555255,0.3558069187150385
1.5812691780340562,13.488600986063496,0.4097960698147276
3.9386958551660567,-0.27311528379911737,0.9627739438148195
-3.203706433625523,1.2550207238028506,1.2545250890990518
-3.95678798387434,3.6479066294741376,0.964931897060914
3.944774269926245,19.752885929623414,0.24467410898351177
-3.2395404985943705,21.694611393691368,1.9612221350884178
1.9716890507827596,1.4572338912058336,1.0867628986039752
-1.2171726624632413,3.4050826802185505,1.7773310039178838
-3.9840316625208625,0.31277156654910726,0.4465561991342436
2.127339429430386,1.6356957027320609,1.8256529854271815
1.9509958449026212,10.68929457909304,0.45909854409887635
-2.0038745470446924,7.249280461860114,0.5897342218887713
0.6892850895847595,1.8551546728459904,1.9830054861843287
-3.843112710703948,19.63514304923966,0.4436594460593351
-3.7862051054815424,4.201755694885814,1.4742033954782974
3.5687919149670018,0.5155426193049509,1.927784086043287
1.167536701005184,10.513789663546625,0.32238876678262673
2.703792029400513,3.523942515868857,0.8714126528151498
-2.0748404483555998,21.233035238226886,1.758777085021446
1.8164820737503,0.03433984762179326,0.48020622553907855
3.9902904822401717,18.08961209004037,0.10346235752584626
-3.958283721558983,17.02217003771188,0.5407340217162537
-2.651586787773804,21.67734077342449,1.9729623961557006
2.9088347260772185,4.392343748465568,1.558606168125981
-3.3641174601915904,15.994014891469233,1.7488024027446778
-0.5577595933742887,19.978395671139268,0.28291478963300404
3.0807657005082643,2.562996980467699,2.297795110500961
-3.886184796522991,1.800781323307632,1.7556166286545203
-3.5371113489272257,21.519244966522454,1.9998292274121592
3.996852189807301,18.38256933338078,0.6748375946692031
0.2721639010812962,18.924062381973666,0.12464914038127894
-3.9525098057079453,7.032020531228721,1.6257908242048387
-0.3002790746158794,13.015332341204914,0.30703080765683183
3.9989655946250924,0.22900886667878304,0.16103412924060942
0.06225689863258439,2.9592466216860305,1.9544088537090167
3.906467365614925,3.2171914114815454,0.03122862475619304
3.881800845160928,11.54323873980264,0.28151128309169304
2.2234926274081106,2.0479979157261328,1.8616756374821926
3.5041287000416173,18.727466442877247,0.18897369090010335
-2.903235794489365,1.291282284484336,1.1005939884854998
-2.4755111562287526,21.26878413345502,1.8428287353964126
2.7521011394142985,20.883525861133688,2.002380030130682
-3.4110567871717743,14.269058147105731,1.4819643764431698
3.99987397084097,0.39596690382813304,0.22508815800434495
3.4942025563249146,0.4511098389495462,0.20436903574656107
-1.4257549608747178,19.231977991740106,2.2738980900544723
3.274836917466174,0.5535774865884633,0.39199734179441215
3.9994590357469977,14.869806280232632,0.6975945929948768
-3.5855137393989573,9.945254144570637,0.4384314221386311
-0.6598104071743814,21.564616290441474,1.9396860510846579
-3.1873484999833286,13.863572181411717,2.3412710197378725
1.5666264022530456,1.8148653840336033,1.9284897367132083
3.7968098711037044,1.5145968379394235,1.6297268048364038
3.9243763029328784,5.3594619711066676,1.2236656302546887
3.9612744449913637,2.4510555772854015,0.07507433092835616
2.027781793021772,1.7944857271743841,0.507329471909371
3.878121892424135,18.85170455402078,0.8489854265761156
-0.06392408448861996,5.240951405127448,1.5272132686825937
2.8900835151758035,3.927634857451105,0.6419783865371671
3.6165014472996693,20.524667283662424,1.9776187539074668
-3.7701019038330763,-0.017320398843987173,1.8115838186468505
-1.839052023331259,4.037658860731404,1.6099789702824676
-3.9340495933839206,18.999393429459513,0.7999432228842057
-1.347407104623983,5.141021703542968,2.1619438211474944
3.986891775294877,1.7497154550246732,1.9575197398807396
3.6736045150625847,4.49650871114304,2.1686162923061936
0.7575958705524506,-0.4054080727992198,1.33213941952949
0.9044745865435203,6.143235424225495,0.4569499190127422
3.2465840587014516,7.378137147742372,0.3555766639488778
1.2344515222434969,18.50201709595195,0.9201517456545536
2.193384315800018,2.665982846368659,0.7217675718599549
-1.3253663045027844,17.282279142372428,1.813167244549743
-3.7332973206240303,3.0651350949521317,1.9803289266498183
2.7336292817205794,-0.20236967155804597,1.8364732045833583
-1.1202182892504833,-0.018609569908582757,1.6471097881727084
-3.938400969336925,-0.1798195217424207,0.5680021052051851
-1.7459800339201201,12.441087039167938,1.8208697141301051
3.3970397973566593,18.10883564479984,1.7693322500877493
3.0261786014425693,14.629525796120133,1.7499019844671964
1.4126550321309386,9.288927785460059,1.3248016323348917
3.876923723027598,14.472852299273185,0.07725208087274883
3.982743794046969,18.858195176532586,0.02301869609393866
-2.9103978503186356,19.52338608847103,0.26250809613677717
0.8849610638786854,1.5366492530549314,2.0063329951900557
-3.2678007952175125,19.872363816255767,0.6038753048827141
3.729016401674106,17.856983250156105,1.9569749968799635
-3.862763993756014,19.260587994325416,1.8022963519355581
3.9345820148958266,18.244905841271983,0.03047815980289283
3.987683167162319,4.911603087989925,0.3333018121196877
-2.418608080109896,12.225691660013364,0.4561182183069903
-3.923121107821057,18.59623423715053,0.4656915751089301
-0.4647514245662661,19.189949249630676,0.6479939039940775
-2.698047512333425,17.46112469864713,1.4003211559916566
2.0410147361329884,9.05788789474025,0.38664610533316063
3.9894591587673838,19.301049269422855,0.022176595774549557
-0.8915856469989629,13.028883011105496,0.6281458009030501
3.9755196986158294,18.06049949518582,0.12089545635721659
-3.2735810184084664,15.718149682928194,1.9594381994488657
3.823360756097836,1.3674624530911421,0.7584273865755864
-3.985997014948363,-0.2788012403274096,1.934220913004466
2.387094731193727,8.651634252713501,0.3546555811939036
3.8827677615136693,17.604812382491634,0.1108469026262931
3.3189763772062615,19.33002227138765,0.18818481513505864
0.9341418567608956,14.267669104019285,2.3383994447833656
2.2279876663100775,-0.23099000672188036,0.9970203276350752
0.521884675293903,19.155145138798208,0.6053924941135307
3.8883242376337095,10.884616763218185,0.06835978769701466
0.9531276167127173,19.067605415319463,1.0154144332195507
2.813499617369566,19.655417617390484,0.16052711594607938
1.3753954835373337,18.29797006982662,0.36806836260818515
-0.5322898135466784,19.678033402200615,0.37042699098873355
3.978797108335325,13.306269376417195,0.3194366192498089
3.9982046030743534,12.881910865077124,0.12478636243955932
3.440637314533819,20.137120977136487,0.40830918699531205
3.8761564344389345,14.915305436727134,0.09255304135333091
3.927199998486885,0.2052205839107501,0.05365436483218346
-0.4108823711144131,1.3919975322413578,1.7241830293155538
-3.633779101665475,18.00356256412155,0.4538350771127308
-1.9489038578971691,10.575484130821478,2.263219665923494
-0.5966908062353072,6.614853284163935,0.3594560454167173
-0.8898823861731011,20.72295270591221,1.769209820569635
0.21241334415796315,9.718550478983717,1.758621138933303
3.696039673935236,7.092226532481742,1.091714056010676
3.8997592617699013,18.92491202417424,0.1282130085899965
-0.5207144196122847,3.152569590261532,2.0167735330807997
-0.7815538021366776,11.406738041251662,1.6153998903835076
3.996146168199724,5.827134399653648,0.21666104846434875
-3.213912304003631,2.5983219393414148,1.4515719211157136
-1.4382597085920539,12.8541794837759,0.2701602511678695
0.7203996656766749,1.2274230551694438,1.8659420622039882
0.8833529538985585,1.1901246147240767,2.105006145286604
1.8812407005760927,19.296847874386774,1.850108912950572
0.4357910699900146,1.3442354498761708,1.120540321976965
3.444546260548859,0.06276728846675589,2.114773687553207
-3.2129095218204298,18.324499382181575,0.5380960874063647
3.318520434183972,6.629389035823059,2.2127490070710514
3.9918329838825257,0.18058079778107566,0.13065998079018068
3.9878127997692885,21.533569192289423,1.7718793746710924
-0.8294124524149635,16.656171613075898,2.1590358149952236
-2.2167171828398122,2.2015905950920387,0.5920380644551274
-3.8562022866878647,2.1527329884598756,1.1054331176422703
3.9665105946981685,11.142406209859969,0.21326863660925433
3.999949229809419,19.086552522851306,0.027687641205345337
1.4337600327117208,0.14895042558710553,0.389476731302181
3.8837013941558594,18.836310901115212,1.2471677197446427
2.116112535658734,7.631463002629168,1.9945033576048208
3.437984891486635,0.6307760257706218,1.8705499800810335
-3.548625516447179,18.56896156621941,0.4920295541613502
2.3648509261734447,18.381817118035443,0.7095361718069921
-1.0500701106407977,8.699929318007062,1.665467668722013
3.878327072377595,0.7523479471012766,0.09340599986598697
3.8298183761047557,0.31046348085359443,0.3503807112913305
-2.1241989219038366,6.452568514968273,0.6347070501052972
3.3599760590668524,0.21014998094203857,0.33124533850982313
3.91348503337407,18.660691413878233,1.8211001017198885
3.9764677120716905,1.930075802720153,1.9972775406853844
0.7484196672632598,2.8674315940489428,2.1036948871248176
-3.999656131712583,12.06111295238939,0.5917860192489166
2.832778975070413,1.7212630928127615,1.1427367123715702
1.3355223539422225,0.8076510844750636,1.1725215297862865
0.11438191969063247,19.946511698844333,0.27750348754134224
3.989793368603724,1.38806239654266,2.0213083880447833
3.7858841234466465,-0.04785496494802011,0.6682918707889152
3.0403147406494995,1.7974296334992328,1.0456346681727235
-2.233209761770869,1.0355770351166047,1.295438530205949
3.9621721005341497,1.062923559799562,0.04123040854955387
3.6606957971100758,0.8430013992927529,0.7088776454455458
-1.2577308915878702,-0.1511425843338776,0.5616316369949067
3.801601304929933,1.2996060763854864,1.688005328624676
-0.5338572038889472,1.1628730102184086,1.1514512636258056
-3.5651234873728606,4.001177032370006,2.1686812976742327
1.648661340460289,15.541912481514462,1.7389734808848845
-1.0470780065142051,7.402193249558259,0.46140689684620917
0.09303342310153577,3.740756967356958,0.8863846165705124
-2.552014568437777,20.442714974405664,1.188013981473403
-0.2569789360915388,17.766443931341875,1.9244620648260637
3.5385590739712214,2.0019095582785784,2.0948404576410367
-3.993267134743986,7.551905942108716,1.6268513848878845
3.771239102593163,1.3161925911344787,0.3339915502965478
3.982696168281706,0.58311737564299,0.21259148909887501
2.263001444947132,2.1460090147386066,0.4257563557058774
-2.0287512807511656,8.580719745936767,1.225952586152903
-3.9723047884900513,1.494747088636299,1.9116884044275095
3.7894917164167587,19.682608723325654,1.0297098345395896
-2.8675423833964397,17.146551109647056,2.263696239191132
2.4475295317160484,12.575963351231001,1.3612084889396592
-3.0996718201966167,19.127384980200002,0.27482732252383124
3.105093922015512,3.7748461467512424,0.47141999770533133
3.3498999720778078,3.2047421951333623,2.0668173670736483
-1.232105914774101,3.0935053232584346,2.0168000491395808
-2.6893316518515857,12.730983800262422,0.2520762068442468
3.9828351392367107,0.3656597218817544,0.47350910705909344
-3.9269283874459098,0.0677501002374194,1.6136185515788313
-1.011439123843851,20.69403353959005,1.6666296004685772
0.5883031588778478,1.0018402340586126,0.36414390404339214
3.9342312934030113,19.768050650826094,0.2546980938444061
-3.0286346144910867,10.58308468856956,0.5492606729697171
-2.471729518232891,4.23617723890294,0.3808892402086664
3.7513188765040564,2.23850729453644,0.9964332335286817
2.463212025721253,14.016359510041163,2.0038681064276966
2.324625907135434,2.0121061739706008,0.3240234180021515
-3.3012980741870686,1.7573701772067603,0.4174460225615537
1.7272388179287947,0.9666500297263149,1.2878566566399086
-1.0829934022950585,20.453912111457722,1.980720153068181
2.8854601111057687,4.075528330759873,1.9089687991537034
-3.8812362592457585,13.96506822809464,2.0250645217409087
-3.6414416297459455,20.219327455465702,1.0628114943880627
3.874183606458305,17.098126474810595,0.20881515306993986
-3.5676867010389834,19.09812284289608,1.4231506217227343
3.796131597914385,17.839410629481776,0.2726232288115088
3.2207459151919475,0.6026151648539124,0.8643164245576611
3.516325130312068,14.947255073328309,0.21111977817946287
3.9952431175164684,0.11330135461325169,0.1721943253646817
2.114165362923144,21.499708046399984,1.7856190239614422
-2.7751365700490864,18.617625957629812,1.2429482563924994
-3.993507345077173,19.462925815961043,0.9885163747592379
-3.0034381256806144,18.30702600067406,0.7861933075414949
3.977788073714031,21.684179719428567,1.926786642143433
-3.783333661782188,5.809293132173115,2.0805414760767995
3.134679762606493,4.790595405118047,1.9789840084424273
-2.8185912553143315,7.30487696294975,1.8280707724854612
1.9947039990262154,20.25611329465207,1.9107666980459372
-1.6880411341910257,11.954064807223407,1.8076849202019587
3.44721794575467,15.113282532456326,0.3187927897107469
0.4149427908973831,19.48491243459746,0.38205497388436893
2.4733770614141024,0.016923182398710282,0.35252071410415675
3.961610038659931,3.2141551121231444,1.1210641989654895
1.1807598791747094,17.312437041940733,0.08359803015939234
3.0503206690376925,20.050904297638535,0.30493774339716256
2.5994267413175822,1.37846686954466,1.9723097272309371
-1.0031393776671658,17.91007677565426,0.45835401807961107
0.9040346185785216,19.262578854776716,2.124301021919053
-3.7582481384440265,18.810516224187683,1.2401945343723895
3.087461393424542,1.6515695041867138,1.7901124708272085
-3.6907699324522603,6.137121458803564,1.9364192017146988
3.804045745526874,21.5700008469324,1.979444943586597
2.741406061161923,6.5825236877863595,1.6307347684298057
0.8298535082054478,0.9490364241003002,0.5983591348974172
3.1615581691507155,1.4429013185715118,1.9636861941779389
-1.5086183723416502,17.35483345775565,1.0087639176928214
3.737930369658525,3.202767772562274,2.0087392991650597
-3.89856003367823,12.711542732654815,1.8829386979263034
-2.794451873501106,17.219884508237186,1.3568131588930692
3.9999982397438227,1.5877308776636307,0.16165192615678753
0.5973520883837662,8.013637693561597,0.6815510151625446
-3.952034672295945,15.844499768005818,1.0019748790146157
2.5653000410654925,21.28210151420051,1.6969901107978935
2.7512752336880806,17.69642420394197,1.792121237498422
3.878109486132082,19.276514508859808,0.22704617762817184
3.8803115951525537,19.68401621781808,0.06626587129848438
-0.9511532589577395,18.266962792414795,1.9478184684570492
2.9381612780041144,19.593997707723716,0.6765225240823224
3.5303844161948654,1.7179621689834723,1.8398900463635826
1.77947412930832,18.23117514549095,0.28477781411423764
1.4977506276610681,7.454730506976942,1.3717263989649768
-3.147589686908308,19.883797209099345,0.5832284729656522
3.0286735564563942,7.828897520449375,0.34589404822479564
3.9999881552782544,0.004400422587386459,0.03450113444709493
3.7383802099580454,2.4590171372179106,0.7583735693846559
-2.5081158216924986,7.139241531285185,1.039738102160245
-2.2382382543171406,15.87702190120201,0.3913125545869123
3.678929703923284,18.803332924671558,0.25378281759071314
3.0002700171356094,15.006335014171228,0.3386373337133952
-1.2844157404536325,2.17369360056356,1.8765518024232286
-2.5186562829720227,11.001929891116216,0.3546663398065335
3.9390283649020232,1.6382105708231958,0.29899055967085564
0.500548024701434,1.7398305592592218,1.6065288468243748
1.6689376617265568,1.6802882788757347,1.6162330529278468
0.3729244527207325,0.8062354623983015,0.18986534279374837
3.65266837794606,4.91103459130855,1.4658867565771638
-3.85693579700174,0.381272194761628,0.4060214899998414
-0.477650750614719,0.364587492612391,0.933714327867778
3.8839864114033182,1.4268069929707723,0.2212410379723661
-0.0882292434140543,16.156632348127737,2.001719352935754
-3.73689584650416,-0.22396270051122819,0.7401875579743171
3.902431808940646,3.057709510666224,0.1444262835091764
3.7730528565003953,8.376367026838924,0.07314108169988023
-2.596965072332382,18.40598765241791,0.9485693687002892
3.8245938513012385,1.0507956045368463,0.31522870034895345
2.1484052719312805,1.5160749766890178,1.1909911070814763
-2.0255829869920494,15.81215271671446,0.37950669803972514
3.9166473244945803,8.571057231906394,1.205114322886992
1.7486961297442163,3.00742794611064,2.2351089032697624
-3.247520518738839,19.199052360458307,0.7708995300176488
-3.1724538078793363,12.675774849948251,1.5546403992121018
3.6781022449760314,14.40490808785392,0.13515013144596522
3.9714294295139174,15.928216480305773,0.33913868482232756
3.662129577940827,19.19727871934178,0.1527540177502101
1.8819772860016117,19.558798258476802,1.2625849739474577
3.985913789489814,3.044785707562735,0.14832594547167588
1.5784873117325644,17.16416213765749,0.35170668133696764
3.451845217757379,4.599991124280007,1.1335001961168854
-3.7508424677494827,4.975075380522655,2.02143522366797
-3.9998431055509758,4.698026480883152,2.1863771740239635
3.999100847226359,-0.27170218807991703,0.9958255125899818
-3.9531426322778693,19.42210233452535,1.0184723901893922
0.39228712597209014,17.621055805925057,0.721189464114057
3.3560335288554013,5.800759013232684,0.1790997481942725
2.2864493161712214,17.066543403922292,0.3602003758617336
0.6780260025364685,18.05266949711969,0.6089949236424246
-2.0338302973126936,20.105644999491727,0.5853127727236026
0.5862924257860386,20.412655335638174,1.167669329986538
3.981710593604409,1.1347824627839398,1.0354165690845833
0.6895036311108513,15.025690919038677,0.5073112405521796
3.804012477753598,3.102462649805237,2.2881217026936707
-2.8446575979181845,10.303632319550147,1.8159790523181527
3.31653669849313,2.9299160500155756,0.7989083770608051
-1.6485666708633326,1.2715283906717965,2.038129986038666
2.2828771117038285,16.811883629997773,0.2692806756324051
-1.5546654899273593,4.7334529193590065,1.4416843207605534
3.347592135980119,1.1442708196653772,1.0006653326847834
3.7778608484676073,1.861438808978114,0.5476646648439991
-3.9961833761595775,20.47416471704973,2.0794531970999954
3.892458197111386,19.798982165072026,0.07417101497247541
-3.9057463909880554,8.388375498438515,1.961670429281529
-3.7927393047702154,5.7844317041477336,2.247776378552796
-0.010015133298271445,17.870872129008188,0.3847783857074036
-3.938272371680173,15.715773892470095,1.789015597135387
-1.5210834817461127,0.7415200272098577,1.083025992222041
1.2180547355401607,20.634724816794783,1.864329441602126
3.413193745947507,18.086233534418806,1.0537090695695221
-2.7374530974490514,3.396044443502896,0.47633626580962124
1.3554650659757836,5.2379671012946805,1.098749491340193
-3.561860213018933,0.5171220870966878,2.096339706244855
3.6967376185703817,4.28656785134962,1.059018981649261
-2.078018449504789,-0.8247922934024395,2.181526393633502
1.7619366085566508,17.737583227358737,0.2883994436003851
-3.834332403993154,0.20421447028868708,0.7641062211818129
3.511394540151707,9.862023664124012,0.6342483660219057
-3.994275148997423,14.258436834715782,0.32240297098719906
3.8986261085570324,5.910998708886959,0.28634250191165067
3.81712578796748,1.1997997894276637,1.3263334580205435
-3.9917810310264152,19.655480129678665,0.6007831806505809
1.2382712103328744,21.5342368311607,1.9743767300880766
-2.1882688471820853,8.219890617113911,1.5000026218663423
1.32932751400992,4.154394068399147,2.03226647536407
-2.2347712372558024,9.951817232038056,2.177075282132314
-3.265698620424847,0.33889219880518456,2.1073096709097108
-3.034498018556286,0.5453110183270431,0.30350764968447635
-0.7919799589168036,2.262526955819798,2.0675491447423937
3.850971041930239,0.6995461463053154,0.24821039316017876
0.31518265921419364,9.589779954629764,1.0556574296947345
2.2823139098857834,1.4419860502808022,0.2585124297367431
3.994957644121119,9.581485374837301,0.30086304495048116
3.880771115578569,18.659354596385125,2.1422456686139077
2.0027758354651564,10.820548975920644,1.3998190622349633
3.936470037558664,3.0190771449110363,0.09984868361343716
-3.5627658348877227,4.808355035906173,2.0484612424983095
2.9412119215012407,7.525653628961248,0.2052471610622653
-2.003604128770863,7.774396612574162,1.282676691899026
-2.480891430780511,2.4553427644958967,2.0167661031529636
2.993047563143284,20.909202338701835,1.9410167038431265
-1.434208327635653,-0.05106743127554947,1.1486765747775758
3.8864105895274945,3.298741686778791,2.3501910204919128
3.0419725134546165,9.624998332157562,1.7105966586162724
3.2757735287879295,11.974944066746062,0.9915743176519101
3.992495296821622,12.519182986664005,0.1642000793788475
3.9985315260157157,17.110467147232868,0.14200024611559106
-0.2323156511948686,20.782794768848248,1.9745599868451686
3.2069205201379782,9.33149984426916,1.9483832332177127
3.2985440144645377,19.453451449903117,1.821476146523377
-0.8204423607589412,14.95036997484252,1.2601231393079675
-3.0762059908233974,19.307799002276024,1.8545101463840452
0.5589909304371175,20.295760516496845,0.6265072968360705
3.917698046672575,12.284821799013177,0.037380065325160354
1.9296292428110267,15.619867274029067,2.1442136520814294
-3.611565161864477,0.9085799211344092,1.6664135488598724
2.829213336377599,-1.0477810806799608,1.8746291491519165
3.348599953709286,15.014845976470312,0.3421242751013813
-3.6260102193772883,19.788618439833137,0.5102461663498788
3.6762109859768293,9.174135082838713,0.5822064123722243
2.7810638172673263,19.346030981310033,0.1562521986440759
0.1301896484820303,-0.29270769998154456,2.1340847050034006
-3.454920287587928,-0.5080126917202329,2.3357770774968913
3.9991534599585163,19.32505491724517,1.0434179931791516
-3.9646506612815435,1.1508401610001904,0.27562622043293006
3.8216569635212134,15.831834776107332,1.41924468579527
-3.6155258705982583,19.589740918825626,1.7508701987775812
1.3580547325825718,0.20498444631934504,0.3551160502800688
-1.2246892968812435,0.2750469634361671,1.6858426682545458
0.8513797036781605,0.19148996349262615,2.177756381072634
-2.73772431014545,15.59397807007089,0.8773223120704572
0.7652547651596261,13.46757770324568,2.33392537848005
3.9412590526742384,6.266768559298134,2.1864368823396654
3.997815121491984,6.489211672198808,0.30916169736384336
0.8548720413290223,0.8819447458881552,0.9058067147837169
2.6156006702232584,10.841764633997574,0.6675527297745087
3.9715526306671345,19.368877303491356,0.10480995721151974
3.928438667216615,0.07577471906198738,0.036585788111622886
-3.3981010619242378,17.441246187810073,0.4281086393299623
-3.3589335209683746,19.665514866638365,1.3033675282951083
3.8873451678928728,9.105303871024706,2.0119759826623937
3.622494095284473,10.392187840685093,1.3853071651231017
1.2862662242479073,21.376790716604994,1.755953717867807
-1.012277353143039,12.60980905280513,0.848552541963068
3.990301800797747,8.35177622380914,0.5066279890349513
2.4862490895144282,7.8797466811308,1.6507323178662912
0.17248271274807392,3.6283465524770113,2.2004944012474996
3.990432876987046,0.045378793176280866,0.22803715776651604
3.9969718430004963,10.22067222653407,0.17475828787626882
0.8051998880096924,0.6077692614011715,1.0051850214201064
3.999798786316494,2.371644449935807,0.20390377086429812
3.9835522712316376,2.545395013397546,0.33485769068518306
-3.3206893649565203,14.509369458609411,1.3370118110343208
3.310079172944108,4.271185941563613,0.17277450569305838
3.936960408943101,13.491757720358962,0.10340726837328433
-2.455952947552898,1.8473979740594508,1.7960322213141922
1.4152475055148415,10.05129620140239,0.21575981247892193
3.394806028110609,18.689886629427402,0.5745793688286512
-3.2709872221558913,0.3231582185901449,1.6171524835886362
-3.960624933815392,2.2186016399756667,0.7790322938312663
-3.8449915902821226,19.728963184544934,1.9774398722845026
3.6137708607468566,-0.6729014742470952,2.0916489199067962
1.463666061650099,14.989867911448023,0.28666151320379946
-2.048405083983911,15.463494659843779,0.4844427451844518
3.820788733257608,1.3792282086478271,0.6933922399531627
-3.809261411173405,2.6309307183178174,1.0004297282607435
3.755290286394222,0.542728882289125,0.4355170886049001
0.03350732875087045,0.4295340831829719,2.0341482898590435
-1.8210172566304719,7.899192049408105,1.3017593233654285
3.000789988629292,2.469294273355758,1.8766081452880277
-1.811610246972432,4.07709301081707,0.35368714321287464
2.471844360765047,12.415909102727596,2.0530231055208987
-2.75804562830763,16.543570692613002,2.238098527667598
-3.355711060711726,9.585891148297202,2.191730906165089
3.9501042833224123,18.627064889588837,0.07645658592770006
0.46176996709602774,1.080734308748653,2.2414801788630156
-2.218215493407494,6.201009442597949,0.39167629214152855
3.9640616348416304,18.897240389071964,1.4632395116912336
0.7405135961327809,6.293471551854043,0.5812221104874035
-0.9563131959384396,15.465885073329144,1.1344047991711856
3.753892499419676,5.7699036382754105,2.3483911647349616
0.3296640464043812,2.9124765778884765,2.044435220373799
-3.639849649576854,19.120087494524768,1.5266976743533553
3.9088991302767897,3.1849087871310755,2.3236717470303185
-1.6172524579917693,0.6078373587367712,0.29593379137139203
-2.457417255712543,4.584798331366466,1.5961110330917514
3.1039073613001236,16.008602715045818,1.9968111978976213
2.741730327326097,1.2145246761439874,1.3151394667988257
3.9639481906670735,13.316316250354387,0.18268246434608673
3.884399900753345,12.813655610870677,0.0928265693061488
3.9999163232193533,9.264182653741017,0.22077174319248255
-0.4120158463639591,3.4324819036361545,1.257952404819573
3.997553394046563,8.284062870133651,0.1389800044502635
3.362516607001904,13.509295641845565,1.976171905793686
-3.9995370874616176,18.16230010833766,0.9742045916736677
-3.5271118348519477,19.46068300488396,1.981524797944619
-1.192807158700064,2.342477145028924,2.123204101270896
3.3060309495177242,7.291745463060212,0.4621183319652141
3.867024583366377,15.973621762672977,0.1818428572089053
3.9960502991273694,5.464719486912477,0.19520647189053775
3.9409609541987467,1.1839336279970532,0.25413319893438074
-0.30052446609271927,12.897237721635927,2.006545705101759
-3.594301246912796,10.583290261352488,0.6541614778713952
3.4261862410092796,0.5056050589461346,0.17668121217990687
3.972681707062382,6.325271798013865,0.14834315883254967
-2.0220512337331975,1.7827775800138832,1.9706721239323337
2.2199911600552094,-0.35919394940939814,1.3762680186413736
-3.202916676433131,13.528806487802786,1.4045443688537391
3.2746689331476104,17.813484494884893,0.16640452994795768
-3.822756485377442,0.046200420257795444,0.4214339858091897
2.6647388203263227,19.72253755270411,1.9670685410799567
3.2976036716917254,18.661654127434677,0.3040184867583291
3.8778056190703114,3.583765499937973,0.24686655920162473
3.8314317293668214,5.853870676397955,1.7832777209658497
-3.9672035256980274,0.7084375363267159,1.1196898026586442
3.9958443513864346,0.4766076523595357,0.20541096681678603
-2.232994431497125,4.761143413597775,2.2403932779203863
-2.3499715418951688,2.3778698238106424,1.9372418481105778
0.6116309943956266,-0.310598493195983,1.1187458509777364
3.906951813697731,18.441540262178382,0.21294013000776327
2.782257863173951,7.455122448607514,0.31165791777059093
3.8968116715469456,0.0411362819839729,0.2357296271946217
3.896164042949277,4.011208382741783,0.278296943575118
-0.7810686521678388,0.7952524627910763,0.8929832310902281
3.429918603708387,18.935329652762015,1.671429595128129
-3.55527431690858,19.395293946251968,0.7144326808400018
-0.3916060051867617,20.81112183893881,1.9193849562410832
3.3622286324113615,4.355808326338933,0.42334546485521896
0.42605568258562315,10.795884385887135,1.6985875804033208
0.8368471555119628,2.86845724582871,0.2992006172163908
0.29687617730203775,18.09912972638299,1.8475979989394764
2.882555699910614,3.7693594409078206,1.9414342639068618
-1.332625139424665,19.00737722311022,0.4579696065952124
1.7563087762095901,12.574716368550517,1.8785218954984921
3.8852460842578034,3.152444151726825,0.0949505809782698
3.9998776388919497,0.5102304926277814,0.524491871655703
3.6963207540813197,6.185414948911075,0.2655712793246768
3.1874871188144387,1.4524771745204808,0.47008505980089976
1.3525299045396317,14.526349928425091,2.0004739022165756
3.9600167948086433,9.247120041608325,0.09630294439684411
3.4001617711785763,21.52334024297033,1.8741335991332513
-1.007583846272105,0.9546881014405193,0.43093703382721255
2.1027743770712184,5.6224202208099125,0.28586000498691855
-1.594993372358728,16.197769565283224,1.9729218262791088
-3.1447353496975214,11.124306826379577,1.6645183541449882
-1.0994328058383358,2.2621936160563045,0.32927275718590393
3.6513175504980517,2.331805329658534,0.19840317366609858
-3.37020106343108,2.855343334843273,0.7633762821197758
2.3760878700416472,6.38777738596323,1.7471619483802683
-2.7469815853658828,17.068467595076346,0.3794751663007587
-1.9866580353493644,12.407799808725184,1.956929049193904
3.1107804851501633,2.263992038159472,0.9378241138517225
3.9782611540507884,4.764803625236566,0.2296107397763742
-1.5318883558425236,20.323316099388116,1.968909963706378
-3.9933175778528205,19.39374123133949,2.073468071870784
1.8871288981523555,-0.02558866794140585,1.0963778674998594
2.950292176971165,19.058357947942085,0.3098644269822344
-2.9844373748452235,21.42379401012722,1.9725095199484388
1.2254504266849575,7.251747657308181,1.8621318691695152
-1.9013983298488648,20.677362147466493,2.1777675851678837
2.9857432426151798,18.61643906804752,1.1289128442370389
-1.8445454516005266,19.479495165388617,1.5572813098214933
-3.5141146968805588,4.747805424733408,0.4813246699895948
-3.810143337781551,0.26775089025956655,1.3732529441708232
-3.9989558741389963,1.0479648955373075,0.9011133657573378
-3.9955255973891566,1.298903426567082,2.107304294841538
-1.6015859908643606,17.801396732469865,1.7370631520930306
-3.689711551587654,0.8573790506982834,1.6107930844025442
-3.628188520785591,2.052176863640338,1.725489324580386
-2.5852644344303872,19.675297670687076,1.8698348680919707
0.6140014055093191,2.2278169751961063,0.3735810080911447
-1.8297259315715275,7.824327036318697,0.2909624709480348
-2.7959998284523726,4.76324280500754,1.476458737231929
-2.0580198910107117,2.130337397380366,0.5168358212948264
-1.6346523548295757,9.098834552912471,1.5907805281188379
1.6264998511571918,3.291132221693948,1.3468970953947135
-3.9987078451869156,17.819242155670715,0.2464983005775634
3.879374470366668,0.3818129537417,0.17846475843402548
-3.968312746547968,2.421305742728515,0.39020288291135874
2.3574897788424076,5.1435685072322235,0.7634815120032838
-3.913739296413501,4.351226467050968,0.4731252425071759
3.697491392763222,17.812824909378918,0.30782497922479857
3.403351727771232,5.924510713823847,1.8421014550950234
-2.6541979312423702,2.9120861363958856,2.104224030132693
3.9671522707406734,1.4845854962515248,0.036613461297984706
0.6786865277668278,16.99807928861416,1.1886838342602586
-3.9688248083699795,1.6179630848840743,1.3141101534434785
3.952201430447052,19.59619253239312,0.03462032457939706
-3.8816347202921513,17.77570639789294,0.2495751838360969
-3.9799129758286416,6.166409380898873,0.6812491520585297
2.9141391800999266,17.083720749270167,1.0921501889064273
-2.0428702471583833,12.455728961403805,1.453346579187983
3.9999933329315205,-0.40406473432605233,1.054149649692154
-3.204247699956113,6.936110838538827,1.9973100179681142
0.19808019561289542,1.9703500340782345,1.2586451773014726
-3.997561977285777,18.55360996000752,0.4789279410855745
1.46723979498269,19.69359610287114,0.1727387074826451
-3.5009122144893503,-0.05621794225300136,2.196260895008043
3.8815839243281114,1.7807547167854076,0.1189944353355869
3.074257486525782,11.038143351971451,0.22542270077233156
-1.1111272361188984,14.217496929251526,1.894809133370469
1.8033526039897696,21.422569641919857,1.6635652465769555
-3.801917061916583,0.1841113426103848,0.2973289530289178
2.275229751589638,2.017753588398315,2.195501144710213
-3.9945234329125454,2.835589748836063,1.0619331461476433
-3.2126434074550563,0.1232886841519032,2.0500484812278534
2.585210946004289,1.415252645784703,2.1064581613632174
3.900691737613656,0.15848776563372022,0.0636698656055786
1.593744866881072,1.5700210900625033,0.7503848321392542
3.0970257661301988,14.571518050642695,2.0003157787163754
3.9999586865066403,18.08810878134488,0.025052258831402347
0.03455304363154353,0.8835431362397288,0.8895296830018156
-0.7368493305308375,18.280516620383086,2.240252588120997
-1.5251416299930307,4.218831682886355,1.3792078660716551
-3.973343481788722,8.551932895147278,2.2885477354336325
3.999830328724338,19.367198648810472,1.9839214952628597
-1.4216121443079734,4.327730886717501,0.38543454120193044
-3.7910297749038326,20.491276691496683,1.9869542658414503
0.9603562171065898,15.468643473333929,0.26932679532991666
2.539424310560571,13.464893591127845,1.5282945792195213
0.2282025560739962,14.51935772958389,1.9834983134992403
3.9992988955355933,9.179757214803034,0.33161264902927795
-3.7346494172529723,6.214210079692639,0.5558359469767258
3.5018612256326644,19.797400448350356,0.22363018004770802
2.368998621543496,10.65015158607185,0.6892595018087018
1.9656904944613738,19.914638734721322,1.9695435551727483
0.845401745672034,6.527741808486616,1.325691802251171
3.132414957689715,5.3182952692581775,0.9749889340381399
3.8769809730506437,0.04849370222449105,0.10772051467549662
1.6208800567604065,13.61359864778851,1.90654706761224
-3.885814936722053,15.7063785361842,1.6840068807657493
0.3381159126983646,16.508682329997832,1.900639932906729
-3.927110406119079,10.614183828611797,1.4533234863739506
-0.6078985136624411,4.344642700276659,1.1518590930607553
-2.2303377388523375,19.828020060880938,0.7797328423283112
-1.430705672337941,1.9690208937316016,0.10658356380744954
-3.423729956289488,-0.25695303926460444,0.790669066703326
1.5222596419346082,19.059755322980042,1.0696025138346537
-3.911261472177154,20.96921181606816,1.9112467443158905
3.877234018527277,2.773302149809806,0.10670190735129684
3.1563106619743584,20.033734716306622,0.42149505091282585
3.986824406625481,13.104354847811663,0.03457810596004461
0.6309656159694872,20.078733460354506,1.6355407608669463
2.24191436858288,20.742525900860542,1.965349329504039
1.8767842433976551,2.3855522040871158,1.7984623628358878
-1.5375302710785355,6.072332389796399,0.38607486727910834
-1.376894609544682,1.429554108914527,1.977017359628623
1.7038050763200656,1.9115434237175415,1.9993330804542637
0.005310583182185779,6.428713020035206,2.371299517251938
3.582619919742116,10.978009643085182,0.710650140399752
3.252434480137376,12.623962021773353,2.1875450456952223
-0.5990124377445157,0.20085874340771182,2.1721477219850778
-1.0070441357083082,17.764572654018735,0.6509185942658995
-2.834259847760749,19.846194271559277,1.9114787127781376
-3.861013336967924,1.0888570953244376,0.8045215175988416
-2.1543608578884905,19.434054727087858,1.9870707009274304
3.8832633526021167,6.46524950008671,0.2856211958986926
1.6359792590590296,3.61686460642486,1.665625788235977
-2.694575052981966,14.24141314927567,0.894362282381419
-1.041245278148784,19.405343888756807,1.3522477886520758
3.8915486249615716,3.241761994487332,0.24826678612032904
3.991009018996658,18.47536812081889,1.008802164192459
0.6208114508290224,-0.10821424596836973,2.2173606258680647
-2.591757154494943,5.721253515557368,1.680110264754435
-3.9915280347913513,8.8203385603764,0.4547461349110481
-3.915274090100572,19.19385977278568,1.2110913005567072
-0.7343829718411767,19.00880007527645,0.42079887680245476
2.825485682633318,0.6227052380542838,0.28404322002917914
3.9894661979918187,3.6410109093131027,0.18111569450214518
-2.9585616667511987,-1.2351325557735429,1.9578269030363806
-3.1285055521385368,0.045566285374101345,0.8895846421108314
-0.49766105400233723,6.359563987146549,0.9681651455546996
1.396393109971778,17.151687186877954,2.1446048466716063
-3.953298019551785,16.349960968042126,1.7949986591715148
3.9988793620037777,13.269285309507165,0.8458675634453794
-2.9301469144993146,19.33533695012866,1.0166208877471083
3.9253192463768927,19.61698900212463,0.28076818928448943
1.1569281786037213,0.19607580517166176,0.2204270362162107
-2.541617099163334,2.8394442125129915,0.9781944065342859
-0.2075126049403562,15.015203384598589,0.9772389514717438
-3.8697612759303075,2.232785102799452,0.42935657767058116
-2.5525451990522185,18.895859789538253,0.8511777725014325
3.791336783264597,18.0559088130272,2.35151098021659
-3.9775728203237137,2.3186611755915445,1.9266086134312794
1.942339201833031,19.64231098504545,2.1047505077796598
2.2701431767443547,9.254569110058473,0.8487447360278215
3.9784518399659237,9.5542544553416,0.030686616168722695
2.753819630623645,-0.5086005001455277,1.7857893456752103
-0.8624433061300576,13.639571080248249,0.3463707827440511
3.879241028513767,20.096265898699855,1.67884511779905
3.9606649868289474,6.851310819058267,2.0054657441303485
3.5764098659212924,18.605804216935223,1.574541926649494
-0.09570342996187385,18.832747364593676,2.362776674187685
-3.7875113897186043,-0.05833104869107289,1.215699249091943
3.8757532142562865,0.7023618761360122,0.11876980823739768
3.1827420398640625,2.3849515989901007,0.3584465098828533
0.5404754314404933,14.606899035545256,1.1842801404381933
-2.856274782354144,17.096695602460997,1.9815516324125624
3.9582394562319148,0.6106443793842399,0.313729560419138
3.999982145750105,0.07783975429441303,0.19062039595878505
3.973720493609167,2.531797476125228,2.043193750163168
3.296820538533759,0.9030814200084947,0.6000767991260273
-3.3790118107009723,2.032241960947903,2.004645108681804
-2.2769038734143883,7.88554808047245,0.48054350580098426
3.789406806795028,1.8268194611954487,2.07379706159621
-3.9271020897497215,0.8987376463670101,2.161171454216041
-3.0254523884485236,16.549382947616156,0.11375940721638246
-0.5221274999867688,-0.11994380107063621,0.49281301043399367
2.2052680943097474,18.25753617905275,0.16709128487545236
-2.8708465414121354,1.265550949776991,0.8451307028607863
3.8875107280084658,10.326415220442438,0.08989689294196573
2.8214522693296917,17.419516314486316,1.9594560783965582
3.981290745145451,8.139995673563583,0.03292230115037002
3.987009261616576,2.2551487328723803,1.759009548733193
3.8756651672883637,17.294140093346435,0.2291982283212632
2.4371300710451225,5.939638504310018,0.14781513869489815
2.3635742240160558,21.483528797396307,1.7560754962761627
3.970291046295782,5.541152954583228,0.23200834768181927
-3.9052125510688667,17.98167004507217,0.2359638273298055
3.767181984804632,19.19750999834882,0.7528809729911144
3.999934283744544,21.11410163706455,1.7527797019724198
2.844563619242768,4.921315490770689,1.515125643633443
1.5070473877335064,2.0742965753971143,1.8107349958709298
-2.3106122266000066,1.4180494877510066,0.42706061889470237
-0.637832918610779,-0.14184910010913399,0.6366944180525982
3.4928711817677938,18.05783919144245,0.1551752103155657
1.618083235498973,19.312743200417987,1.8460364598172179
-0.20817347947646217,19.222091780736886,1.5125016177332293
2.2915588764129717,1.781688403219742,0.7237531879085759
-3.6409332783111448,10.466031293656972,0.43191832052344054
3.995436561150805,19.727235624403455,0.11457754304675033
2.5679267718758667,-0.045203834600076015,0.7006535723335992
-1.4720045048738146,0.022388460065914675,0.354911111942436
-3.623978900894092,0.2407223824308743,0.4369380596543289
3.5367600031553836,18.462815365695395,0.5088118214957706
2.7441620280189474,-0.7818243773973429,2.1441628206542447
-3.7022350763447966,5.325835560609989,1.8382285365859146
3.9038257390131297,4.82189172660065,0.20706292935443352
-1.4114063785065933,18.832116063796132,2.004531284534121
3.9149192750812216,3.2966278947257015,0.9141444993444575
3.6193078098225073,11.936409094963443,1.5284673496002479
0.7751875573484958,15.243470741295548,1.3480148083828436
2.388801655876955,19.093110554893208,1.8312915440873645
2.1149018404386837,14.886926059954273,2.0765739585941443
3.8140353049167035,18.41637537071685,1.236159814356748
3.989152477381105,12.94584566498612,0.10549997770008684
3.3777278515172284,14.513300953228018,0.1735172082167146
-3.398962271279658,-0.36391576204234416,1.8075823336281234
0.3488105510905888,19.332709461178638,1.5778411378719404
3.867751844809501,18.589026634229782,0.17109791609556338
-1.0935978594613474,0.5035770764002705,0.5204071009736072
-0.48255994104826505,13.18193830682767,2.0054745943404217
-3.877217472489329,20.204906191532395,0.4752873526059538
1.9262159794569622,-0.3500958841572222,0.8803051219760188
-2.2512752368395335,3.1470192501743877,0.5739469861014073
3.916468477549689,20.795474636041927,1.890023394597191
1.7524490371667683,19.58873992832584,0.34728398461545584
3.961263874287299,8.42135692405389,0.8747982330582672
0.4453528634251117,20.212270937233193,1.9455529802541054
-0.027970890508207513,15.133855499969211,0.3836554594156806
-3.547995025339747,1.7613790565017193,1.716214993785269
0.11446601488885948,18.069021427589902,0.29852306964909137
3.823528073943197,8.945716375266212,0.14175046278352355
-3.9479998617250045,13.800387319655904,0.7990452112701263
3.881124979024354,21.127293636391837,1.7377096885256826
3.7393977943979038,19.413118555012797,0.3429955935913328
3.5352955057075084,8.839819176993226,1.7171653109894505
2.3532402780009996,-0.6087731518232837,2.2584031206567308
-3.995894049909878,4.821178832186975,1.3322189882820772
3.9630387838285865,18.572508808102718,0.31386800090338296
3.881605313658641,18.719863780624994,0.07578410932627172
3.935589249012489,0.1485236749995794,0.17095388599617667
3.999993252888287,6.641968746350897,0.8384968353391925
-0.33676620490713705,13.040387805842467,0.3904808268075134
3.4187687387880534,11.286315249621596,0.9433972864851838
3.992714526028974,16.509053992024366,0.19265843850247982
-2.370251108159615,19.72733818322404,1.4002507303120644
3.9873606133633497,1.5135751080509858,1.0126413167068529
3.9577416284896985,19.813215838822757,0.1506338809474409
2.4593520552538077,11.59839396833484,0.5972657346459179
1.5814994488060479,16.031825689741712,0.3754503616003404
2.1696934177565192,19.321566633008985,0.8288772049139277
3.970785565472433,16.879477358343973,0.573821054837401
3.895488513023459,16.011756082028896,0.055140970901075184
-3.851770294769514,3.203666816281447,2.2001100345747413
-3.9816708484993657,19.08203908919661,1.0184506779979163
2.2437055568584987,20.250675572412813,0.588729774731399
3.980260150523245,6.7812169973326135,0.03229078105969596
-3.9334925709852007,15.011658250662643,1.3917317521399934
-2.2724465157586597,2.812834986927517,1.7865632237672187
3.9084082469261823,0.07475116525269743,0.25617896841682614
0.09146692693873583,21.161471812317107,1.9602455286621867
1.810061317166424,2.7735797398487714,0.39499854500475656
3.999227941225606,5.567016231534534,2.1020234307065895
3.806137233665017,0.23592596468150082,0.5100396917008366
-3.7126966720991774,1.2097318062342877,2.0474612827200933
-0.14892230565434003,8.80261399305629,1.8895292059226239
-2.714135203909415,19.904581622254586,1.610021079520406
-3.965769017585914,3.3315170508733836,0.7375623037718758
3.957180850154004,17.489662923644946,0.024762342472011832
1.3529923368793053,10.183332044735929,0.5651280654497081
-3.928355683739279,18.387774311772176,0.9454624120088853
3.735344671762788,2.027132376445347,2.01364344172574
-3.0678894117186646,5.343321532407249,0.31145648545111665
1.7676065605007818,9.704503109828812,1.9916127711471263
-1.6636786422951506,-0.2895061845177667,2.179594043072311
1.3371000806354352,18.232171419900677,1.168579650294057
-3.9637546856249712,0.5156459008751606,2.193143515239587
3.6336026358486877,17.41066856111026,1.752282960344853
3.8781598698349975,19.711803257650324,0.07425431098354267
-3.4519463655765694,1.8443630024796327,1.47626757693611
2.880115016766019,2.556482094959564,2.282305222642954
2.9652122459811405,19.687187542390085,0.45654363927257674
3.9999901284091406,0.2866222425680999,0.22678987826988695
3.895764070154657,16.304736593333466,0.05938979694157202
3.9217327729263154,0.07100704500550856,0.10373637715373778
3.9529578008299007,0.236662045084372,0.03929028138569271
-2.2613152675790222,4.2103199715485,2.1655874624952873
2.9788052550699247,13.192657053134415,2.058614078942132
-1.7684668327388418,4.574790826218574,2.111240656509788
-3.907817075454986,8.986317314458798,1.8712210038129706
3.3018960934244093,11.001168290310417,0.1465242103624956
3.90625530180151,19.76937478820015,0.11139278792211751
3.8421918646004856,5.869002257633163,1.3201526039735652
-2.810063472047166,7.349039460281728,0.4109754167471916
-2.0230822428941524,5.662617502428169,1.9616815575842141
1.1475085654438981,21.533726375560825,1.7747934643011705
-0.20676438805760547,13.529314559109853,1.022041798715222
-3.9788723681499403,4.804191854627657,1.9513723891431134
3.7037889798237993,-0.3569465266195121,2.3083683944986886
2.8789717982579086,10.698212154191982,2.0576370176857655
1.1486637940177276,12.161570212279031,0.37469045777545407
3.9348206946361417,2.1666932393164626,0.0634157214398032
-3.0372767174633957,6.0828366041431075,1.1135444592883001
0.7823231982787952,11.79821322753618,2.093188099603373
3.8779384475608767,0.11494338598608753,1.101827173143009
-3.5746435110943295,12.479226555569646,1.4974443062609637
2.1706071501838338,4.499750188597234,1.2310841656065903
3.914247815496993,0.042426538596516225,0.16973806417104725
3.991407841554279,20.930782365068545,1.2826686121749777
2.7614568862318953,19.659356490082118,0.1694218931901161
3.9665041239559553,15.894287999030656,0.07708433818377279
3.879751534286518,19.366141290038726,0.08108846973931472
3.602472006811789,12.518502776526754,1.1505497196661563
3.9896857611871464,5.003364156162888,0.6919595065651011
3.8335073645231166,10.378686221706173,1.529529185457589
-3.932223060847607,9.21657395167441,1.1727482050096045
0.6545107927293136,8.730080368845295,1.9451041657096386
3.7626064584255032,8.022172799344464,2.0841986754152257
-3.9680982698308673,14.244272294033378,1.4763607461143546
3.9598891561048593,1.2234275693855443,0.588484173240214
0.4416362480543728,0.316109483638532,1.3617396921100522
0.3651895667056392,13.907911012946961,0.7680973590742743
3.894841038484502,1.7519710810502407,0.2758352775532558
3.9114425128139563,17.83309082312522,0.0532805611732646
-0.9040612784424675,21.51214344010773,2.020158601517735
3.9704975822867374,5.93174337151101,0.11003340583934218
1.3170075343257601,10.013708421246458,1.3076456721940932
0.9284108339703663,17.98159840978359,0.3395059572421431
-2.64504430752962,20.50456280037028,0.9532389957340696
-2.932267641597109,10.927634421296903,2.120680053433286
-3.7150096086837774,19.251580843283243,1.4883384180112822
3.6331648973259805,2.478581881043323,1.875660088412661
-2.9809698787604413,10.966889349688707,0.9690792202288392
3.3516307119410507,13.581089264957647,1.9712393498892864
3.9956183462868835,6.244377115139227,0.20426634999278637
-2.2798704748054472,0.6448874881939473,1.3383718463602792
3.790368099416824,1.334921081866108,2.0935306769119593
-3.2304378985371702,4.868371583878513,0.37826840942851614
0.4644241832839361,20.200663284957653,1.4803460898883416
3.768776365812821,21.491710373646182,1.7714690341057802
3.3610265818527374,19.42772551517928,1.6542299060662016
-1.1113816432501815,1.0389188875382902,0.7020420887527493
1.8141015570079835,16.155332111789125,1.3003475141866558
2.865670153320689,1.3886187073149023,1.1923148368923904
-2.562320568421412,1.4943236932877377,2.1015137613193517
-2.867661859447968,18.426758677526664,2.0852107686088153
1.6001138855811936,2.9420727267135023,2.061574430012411
1.8435251295409063,18.150836350161107,0.15568452538612065
-2.834901511266378,13.373617454277685,1.9360153433327347
2.6407552854630634,12.759486978205711,2.1057375779642786
-2.9057786231075795,19.448238685934598,0.4463719126340132
-1.3235107009962266,3.721425769010197,1.9653213728288146
2.4925355361661428,17.593051127496175,1.9899968616288404
-3.5554012376715916,6.085118545748301,0.28884790521228876
3.946414789187931,2.5184544119701897,0.21557358656564535
-2.2772124012486317,1.5569788597460712,1.8546576249702855
-1.410054999642697,-0.702224713448225,2.3660200386768113
3.690294560108187,-0.855743342522719,1.464766011467496
-3.417597989484333,3.649547836441847,0.9413631888611491
3.9914720723658395,1.6621718756166657,1.6396045316837413
-0.6274403998019489,13.525186124769137,0.3164372408689707
-0.30839562266847725,19.709628727055616,0.5848843505486258
1.2067370434799696,1.7908055408562984,0.3812584193367038
-1.8059374696565367,19.73166353845683,0.7735009171790542
-3.9999464253502697,19.546650795881614,1.6741447270680152
0.15280077209859155,20.489125110240348,1.4111789040109026
-3.6022054325586446,19.222129836331064,1.7645266167830376
3.620196294169355,9.821869376600935,1.1510103186360858
2.353378868576343,8.806305053257955,1.4930397846805996
3.875667469582316,19.07950322723788,0.10250946448818443
-2.2084364087497406,18.9467080879608,1.548457189987812
0.4355351418062893,0.48964716382432216,0.4829005643622317
-3.128833549399636,1.9074876859246452,0.5399105067024039
1.1174307291620817,0.16751715137664724,0.14196743315402727
-3.601508669718666,19.565641815773517,2.0842989042356876
1.149544630932691,-0.08205863331007712,2.1205945147269887
-3.7313628669219328,-0.027264269377406003,2.1085008660909423
3.99761467528481,19.808977533128438,0.10710230505355987
-3.9700156762789005,18.50693098601856,0.37756469644102175
3.989370260833464,1.3364228268011862,0.24950465244297718
0.42213897482760593,3.349419408557946,2.1495301454693485
-2.013579548444274,18.583101919284175,0.5225093920909482
-2.867497547507249,0.3271330817699256,1.8973300036135727
-0.01746732594197248,17.982986758845403,0.3422011520988164
0.26923615353918207,-0.2652410258071024,2.040780746475032
-3.5458989577561772,10.645411371134497,0.8943564846593254
3.8850598351191508,19.62371705093456,0.061511966367630705
0.26668894467589654,2.122842244203782,1.882148478899536
2.030835442668158,0.7566884853029836,1.032205188787355
1.7159108595546824,-0.5337751635135606,1.85537664502933
3.9250630789323986,0.4206995437544165,0.10845760050495615
-1.7264127890977123,20.04297033463361,1.2659187984914302
-3.8066123259185636,4.406156703411358,0.4406314060816563
3.994480710364117,19.596069324277504,0.4111487152934498
3.876976815486346,19.559124955358303,0.12805957044260924
-3.347710236301968,6.585233212427659,0.4767383936644594
3.3787721783768814,14.30589895858339,1.1129020552773428
-1.9208180612466652,16.33088909999034,2.2392537396477983
3.417822975053232,18.71378034260735,2.119812770205739
-0.03631039113528171,6.5146849747803,0.5028166183689278
3.9580765941707714,8.368735053418606,1.1733599466993327
-3.9940680369168526,0.2548985921048733,1.3279079182628781
-3.4980272254051776,1.4504362363316865,1.8599810185178811
2.0720985887609205,14.116408161597944,0.45552217687200325
-3.723133628689282,12.127562777600636,0.843547534708789
3.9556858983600414,9.287694547771746,0.0670950940850001
-3.523790350944571,17.286790713607903,1.0624621859572196
3.859290508154221,6.494672971624772,0.610821449142123
0.9958857951188314,2.2737829835340984,0.527380210263963
-2.816315819304902,14.492308320809215,2.0347807766758375
3.9593680167594703,19.667100533351213,2.0020446896124193
-1.1964311358522903,19.79993509450326,0.9267064121497252
0.555636956803284,5.799364350500648,0.3832885624816798
3.369464099327968,18.542442210679138,0.14824714706857298
3.8181923581998367,1.5032849259459722,1.440922690126632
-1.637798012750796,13.742096673671691,2.0236999961004876
3.972472907992139,4.569182971981697,0.19194418903079968
-3.072247124738727,21.70089513501327,1.9393532363777521
3.5205409702519916,21.16571327537766,1.9802403508759505
1.6603172988809365,1.1077510043764898,0.6805025157513215
2.692149111277519,2.410455416495237,2.026615539068724
-2.7272201514559233,1.8057735703497635,0.8920224631204553
0.8306613123215174,-0.9195118332307657,2.004075152710809
-3.001810456901359,1.7647624937091622,1.2190033406634624
-3.0463391673320817,9.387551395933016,1.7065191162840931
0.5908442563471191,8.824412283412606,2.3591572662799756
3.086908716780961,14.81375628179226,0.06130740408103766
3.304323613006157,14.72157157796446,1.5861059139572844
0.16238323390663062,3.431474363237622,0.8984649941452068
-2.2892712267505755,7.047550555732243,1.7066032398836264
3.999991587826701,6.5640085494416045,2.09207565793604
-0.48288716092443923,21.140421093461764,1.6056628222664435
-1.6704579986843862,0.5325718160202179,2.0522790887809297
0.8779279262957311,14.681125729694907,0.7189441205805179
-1.2495183921036888,2.1586165796749213,0.2334981838106462
2.7646601176171637,10.311248537255386,0.5815459865891326
3.964182439462949,15.092622737912725,0.15092590475508003
-2.6077715501197356,9.786777994290915,0.6644010571175003
3.9226255902887606,8.520764029271866,0.9229075941529404
1.0559145927874396,1.8956709666151652,1.9956506687080902
2.3069079716370204,8.094010015462029,1.350817577314357
-0.19006255061656074,1.631774355441556,1.7730982627737648
-3.442276854981256,9.985907356139942,0.32858796749729147
2.3600474358358547,18.475186389822444,0.40059618119252005
-3.9261988334517555,20.67991217424921,0.9948353232992204
-3.3903473541597555,13.516738149148633,1.8476975474310442
-1.2607599709634796,0.27166610572818983,0.410443712906413
2.4220086358846578,12.884912276717696,2.0711899724040705
3.9120449556847525,7.201564427337136,2.0253163798160756
3.975946581151701,19.716069665268517,0.030917604012334506
-1.735444029491296,18.641871121388082,1.072634139956419
3.1027436076629176,1.2654649784860679,0.4572753901790413
-2.3612498399055593,8.749083065094505,1.8018784025647898
0.1302535151756716,19.624627876404514,0.3923429948411909
3.994797734440916,19.854098796794656,0.15922008672363902
-2.853104244900512,5.769879411900318,0.5492469333457151
-2.1698295617252645,1.5245576877545879,1.3578796713104446
3.953537281282885,19.632195874679525,1.002681654335715
3.880250444843385,4.867723539207717,0.2868150746908615
1.1750509585823337,0.5825964492196815,0.25594644907450176
-1.8429235599229805,19.090016032744046,0.5470550143655979
-3.9704868946504557,12.211749525883516,1.8808428942608462
3.3903614050524533,10.042719761700697,0.6055424785465036
-3.570627579064433,0.9921859422759935,1.5617744761032852
-2.321857637681872,0.0582061049771083,0.7997316404101181
-2.521454763908715,19.358293553105884,1.9411051539754478
3.9802422342822315,-0.05108614373330406,0.31228586750135034
3.3382021334829446,4.173492654146121,0.5750282080671649
-3.999820347433012,7.176979282742479,1.8876483150422712
0.23493944908886832,10.317672894052992,0.6020158357741892
-0.9918183013587536,1.9784017983542919,2.150492939050514
3.979857285407025,18.007585309360707,0.033851624503167865
-3.796359240458822,11.74252809852959,1.7916469840496614
1.9079970609136443,5.245017448150083,1.9726977319887273
-3.8648030065907997,7.118136654347157,0.40895067970371657
3.3813444407194924,20.366419773185658,0.7560285845892387
2.33710792445317,-0.6929103617863042,1.5462619211138022
3.84596960363566,8.233427779070828,0.6237287192476809
2.4981900097290697,20.413117266429964,1.7895001589773287
-3.987247733712496,1.088260182120494,1.8826326479473878
-1.7524526899105417,4.973978553000106,1.1119310578896007
3.066258888245131,16.366149595222634,1.9390753621546148
-0.6992199060011799,18.698429305097513,1.9630504098908312
-2.814493844311496,20.5081456069547,1.8212996358237108
2.764277918252541,11.511350273146594,1.3568163905022574
-0.8381692946691606,2.212302405866186,2.0426317000584246
-0.15614709716694467,0.16103549290313782,0.5553665197913169
3.9702149707166563,4.635314300271263,0.20148637986848844
1.8609769355647303,1.0276302591115742,2.0686683676071347
3.9170519875684744,16.417092985479485,0.051227632221845495
3.9932129440178272,19.86508938613923,0.12713739822486173
3.9385326735747928,9.296093880506735,0.056556621122311815
1.6295827889471604,10.378563995703523,1.9804835831260355
3.9998995853126247,18.594770134607824,0.02929349228366772
-1.8371963728865432,2.6296181260990306,0.8180487401724631
2.4652847923085144,6.901969740321252,2.300217043425618
1.9841246456140524,7.6200342835230215,0.6970699886482055
-2.8990713276534166,4.7440705650557,1.0750410518943887
-1.0780210183204024,8.119352815136352,2.099886435939502
-2.6729119435329243,3.8149063218662387,2.198462689431757
-2.483646488045167,12.132711955277731,1.2922794986348944
-3.9461283367088535,7.867071360688058,0.3752291742966793
0.799348486113064,18.316827303857497,0.3995388629839955
2.2484911199913737,-0.6852162788186179,1.8240877973783853
-3.134618160385221,19.497354118757105,1.4344076110345763
3.7308021369343978,19.296161925030823,1.7584025265809546
0.42061893675892975,0.2024112834133913,0.24473319776974084
-3.868157418005178,3.294461302396561,1.7302723782161895
-3.998213294703658,-0.5204868049546996,2.3661349387538158
0.40709025317719766,6.557065109983602,0.19907948862060046
3.705081564077891,0.27554580098468917,0.06535937754737788
3.8881281694027456,18.255348485134594,0.6939866507662932
2.441010241003424,13.564278331130588,0.4982198796818442
-1.2062681977008138,10.186536942127221,2.0005282440943652
2.680284496089384,17.284818559926727,0.0767939113003839
3.92005854609738,19.412855190577496,0.5138373070918865
1.7964449301943604,12.090841128756551,1.8902614312968113
3.967079180492617,17.597182064223627,0.02140580217200682
3.7091151244719605,2.9094849946793286,0.05418038057562302
-3.378337538471115,8.179509517798392,0.4418218282324962
1.9892330070708801,7.215924777567828,1.7005656764133492
2.4132149021186318,1.0055614389039182,1.145776246018074
3.923978765512253,19.128438349904208,0.12816403185739006
-1.8128061673201121,4.74748767076781,1.5075182870711337
3.929002757530067,5.110588503247084,0.49390358596359396
-2.9622619934020187,0.1585328275976761,0.6450830636136732
-0.4833229321527627,9.74539182676359,1.5869078921769828
-1.7782979230276295,12.947145319938606,2.097568312653313
-3.521542997688285,3.317298753363603,0.3969260764058756
3.607641253264397,1.3907921541304011,1.347632544985588
3.184456114449965,0.14629109065119694,1.805031878235015
3.9733784558284273,19.790283708691913,0.5726729629901354
0.8393998558576591,14.226106534849993,2.215672635375865
0.21816696377231617,12.340382508908489,0.221439980941523
-3.977017902752248,19.707831564579873,1.355837451193216
3.378941740223644,5.9655737404995985,2.176121540011677
3.998861265379609,13.60099325742987,1.9363876165355833
3.995914085430254,9.933035784910514,0.22887372483637264
-3.9835767394386656,3.1427066520139517,1.8373552510572342
1.8199007971853842,14.968473924581117,1.521976945620017
2.210795020808231,10.094730682880126,1.588739988178463
-1.4780527719135161,21.212692891852722,1.8505093191658357
-0.776225786212439,19.565775097979067,1.3338580165880474
0.34640875019448225,-0.5603419025051098,1.7873159095927447
3.905828041656277,14.885226284470143,0.24731533122587218
3.9996329566402418,14.144215614227972,0.05094090741183051
-3.71282418826738,10.158873246956675,1.5304800127519946
-1.7005183345573067,0.18201143263882005,2.088879831307569
-3.9648405166713876,19.1566172249577,1.8790173704797795
3.91596395891641,17.775115109774937,0.038955153509141534
-3.3053791019280054,16.536972914227242,1.9121352945716434
-0.8910060025775709,18.830840907351117,0.658514173444484
1.504733562950023,20.01567834778783,1.5667391487378861
2.222470049338919,5.187379937866721,1.524528573866521
-2.1932595559385133,16.66154192776948,1.0921440589486553
-3.988384768915833,1.0127686965812468,2.1425931123796227
3.054440219158135,2.1229348064223172,1.1470795344548967
-2.6973792403012307,3.053317600999743,1.9326410316262814
-1.2818083875855166,-0.13324918491596807,0.5978814857658368
3.266865288372152,15.357877682696966,0.9076444601790122
-3.4602246604129956,20.588768913370934,1.8636267014807453
-3.974676153755448,2.181441786564607,0.9117114851719247
3.7887354321222135,0.03736927008483942,0.871695724455947
2.0835674363828076,19.260167248337588,1.7983399815633905
3.9844331331547003,1.4361512363635345,0.09860763253467698
3.4618206763541512,3.205681355505682,0.27252076981702045
2.88978343965746,13.85832486404234,2.028585358760728
2.3115710888924057,19.70814723445754,0.17006431257505183
3.4677600323310687,9.246557791725568,2.02075480601676
-0.3425687187773048,3.4066727575827143,1.0657535144239065
-3.0459113469496217,1.536402912391752,0.4166569407839542
1.8748376369878206,1.7899555222545702,0.5180486115511831
-1.4906173749365772,2.190625723602066,0.26825728961167383
3.8946396865520048,19.62156574336298,0.2728351552801147
-2.840917909373378,9.461284329041,1.9427782931566326
-3.997729259266392,10.261513829497396,0.44020489156154174
-3.5237979077279196,-0.07569836100479442,0.43536272319429115
-3.9431432394771457,18.755965855807588,0.5874906699098708
1.2183567324517308,21.711490886085315,1.9474347234002558
3.008506563094279,10.710532793857785,0.8483995830575952
3.708951421697881,0.6825178249905725,0.32618054623492015
-2.9967632381794873,10.322947838996386,1.43773609917177
3.740641268854676,11.133900233690877,0.2888744432442014
3.9910430776828787,18.652022416820536,0.05123660797907633
-3.321717768883219,10.768592889950643,0.3985670187870013
-3.7076152472661015,19.898691958891447,1.0165575812832817
3.556373270354967,1.505240163300951,1.7254000448997011
3.9638425155751342,1.8789416897918905,0.13688204713864685
3.999719741831186,3.7471830208149353,1.984064425759493
3.922907283002912,11.80797239639938,0.06774979964091862
-0.4159274781679015,18.49309923950969,1.3015610675609468
-3.639997275023805,16.81825655911691,1.9936287855811685
-3.6592962549778445,0.6394775233160775,2.282158450902474
3.9934592344961146,19.510240201688255,0.01811073160425292
-2.825603945318878,15.311295855598262,2.2624392972480885
3.9933018562610463,17.557303149700406,0.11274855437158408
-3.9567926964055666,2.410632454751511,1.1072236801024051
3.998801170299445,0.5534165237449296,0.13126850159360523
-2.0630542979286126,8.616784454780747,0.390746669572627
3.932538428393788,17.082012959988194,0.1267613575397785
-3.827349780801142,18.880816543934657,1.3020205266045293
-0.48535181812386596,1.9684452544001445,1.9081360041148645
-3.148750088796104,19.52459937794479,0.4994352737705617
2.4747024339299424,21.02712461275801,1.9619520171135987
3.933011325664191,17.715987541650374,0.03417122327097411
-3.9967872671632025,20.586435902058245,0.8953034963642387
-2.8589479347865154,13.316992642164458,0.4179082134491361
-2.474483430618042,15.666204471671493,1.9180046763246865
3.1561378527885586,0.13525682622671706,0.18557751585530383
-3.98899657409891,16.781437748347706,0.4220110649827309
-3.76484182068574,9.428394876924333,1.8938755514063474
-3.0527405300638346,4.067714894141165,0.47567166592522636
1.9008364737580385,6.809327011381335,1.9599633497397435
-3.6340499340113976,1.7872416980475845,2.0752321633461572
-3.8922201018792273,2.866012617407443,1.9541547184357795
3.9517425492464526,17.09734421913415,2.0100926701164554
3.578462391853841,20.879402360993534,1.9520618214737024
3.962591472832276,1.572565287180949,1.8007137458034705
-2.638300884948948,20.831602154801477,1.4525060584328817
-2.7765341145602322,16.635225285446037,1.4770928727238593
3.9461377042035077,8.477937771888383,1.7000061580066406
2.85472298434879,8.25158036202873,1.1172968644172014
-3.878733123888895,18.894744267262105,1.2545667645087746
2.6625238667793916,2.2440228721718176,1.7684886038853003
3.784279703631719,0.33738066124704724,0.07800486798458817
3.0375392000985184,0.6219158502552692,1.852702663234564
3.6306291486513307,16.130217126017897,0.34695291402401407
3.995927846072855,5.278565533549199,0.15704470716319377
2.43391815842665,10.311052304942791,1.7429202192124633
-2.4264938148042368,8.703706185056788,1.6196983969056638
3.847055182392152,20.090105995373786,1.929162868366796
-2.529387022022461,19.638088372704892,0.848316939858049
-3.6980424707197175,0.6068693347367223,0.6976556910395925
-0.14565122759884563,17.923034263635305,0.48019190223410124
3.696174426120871,-0.7822925932817512,2.1413288168771984
3.993159505932643,17.055201619932166,2.2648484444195716
-3.2775357824396054,3.001436049442275,1.1877016332264505
3.89768873119498,6.586837978797091,0.19500363539280255
2.103440445495162,10.381849067285595,0.7352546276664853
3.983844906300781,5.936620937760699,0.684253085609199
0.1317881651420789,8.337680208542519,1.3423795480283043
-2.807905738437119,4.303153485263196,0.5252975912186018
0.837329452531877,13.681880407618063,0.2080921246827525
-3.9977218636347613,2.4997138870970748,0.31327158976909003
3.761974759860104,19.362546317390944,1.77505665534752
0.020601312120570914,18.767543677749362,0.22910122108130582
3.74035036206126,0.7328436315492415,0.055314229042474294
-2.233675695969271,2.3444672604736003,1.1053411314547343
3.970602983555342,17.62057751971996,0.026694086276513034
-2.510802620196567,3.1300102209057847,2.369080337289489
3.8854649626922857,18.817076869528155,0.06726059769057
2.4603640951117836,8.021288620407349,0.592712251311525
2.84980357891969,6.01814179754942,1.7607832870911544
3.8787780213451875,0.7668615639015193,0.08390885202109058
-3.7238481289860017,5.490888235420063,0.9947399960687111
0.08428843010868164,16.054253020020784,0.5037656717803365
1.0255489620750777,-0.08420678983163964,0.521835060656465
2.3177633664443578,19.54991193626841,0.8438325600138135
0.8594028514054886,6.528100383834147,0.29153816648669734
-2.485933597884234,0.04236620882816433,1.6439231799546665
-3.9991036420417387,19.782286501668356,0.7151269952918491
-1.8965886895198074,0.06936399951685567,0.7954333012779666
3.972645883711747,12.67302214116327,1.1424440452401967
-3.3899595667245483,7.735490188366594,1.9077606920426367
3.995482979970987,20.73677182727501,1.8314367730389736
-2.7630665744311957,21.06916740464339,1.936348615219117
-0.21415951182331566,12.705617499222434,1.4525953048303657
3.946574856025869,3.1137161344479303,1.7307602530643629
-3.9723979370788345,2.0794952345289857,0.42968935746600895
-3.9993178292459333,9.461770714814016,1.2015706072187335
3.9880019481983293,9.112160827726074,0.06590999801272762
0.3669724895680102,18.8585710876647,1.9259128508591652
-0.2950210806951138,2.420661514649605,0.7621458851982663
3.99948934554634,17.644786300760572,0.017463203737936382
3.9992408762434932,4.999011077702091,0.03217656207621564
3.997476722033855,13.5875675851475,0.09926041387030934
2.8989997957553753,19.321094324944003,0.61826204576838
3.157370884949904,0.14343611911236137,2.103660573921426
3.1131471234104153,7.064477162779811,2.046187021067288
3.9371409033442744,17.980078846414052,0.03514876430093087
-3.990493952305882,0.3079932167120221,0.6659547923972922
2.73829084957315,11.369959068751383,0.3127339035562102
3.9339866383061475,2.4471097015248993,0.24629595527709863
2.375025768509211,17.729216419326047,2.1769864824080485
-0.7087458547592045,6.1078281073037815,0.3729437464785994
1.6638953936803742,15.968875021083672,1.8986983098924912
1.6171940755811522,3.0724119011824076,1.4508937850637866
-3.64200173916583,1.8592652589580168,2.0390739458043305
1.5319708538287993,3.5179379075688053,1.2705151376855348
-3.9247138407417324,17.4109776528023,1.0412571412719331
3.893370451638022,6.507601957404569,0.13420523196376083
1.5693545919500997,5.9445768318869305,0.16631681751002075
-3.976432625727605,19.14059475815071,1.4897531242977962
-3.216360656254281,0.7614284533546666,0.2954327950641055
0.7289401108226896,19.563317794728853,1.8350109773491399
3.997076632485839,19.449722073451017,0.028272263919075485
-3.8335758184063695,18.03552060393076,0.4450217928353822
-2.347380234674967,0.30211924432708454,0.39777880580455144
3.4827329046902866,2.134223012190671,0.9247556386748039
-2.8297981608193146,18.952290819921455,1.938511035943692
-1.6701138477583353,3.7947084303357683,1.5792558667479
3.997274694272765,7.143054592405135,0.1544646560244767
-1.2069315063873298,13.434774555155153,0.719903610322843
-2.3686952430548494,17.331018609697665,0.2646896301252401
-3.820584359021915,6.739696722205419,1.9772764457541065
-2.283825029166395,18.63411629069456,1.9318091707520506
3.6774122245741974,18.673526573559414,2.008353499206818
0.42014256043965137,18.429031849033276,1.0041010876383578
3.974966977064502,0.9736250792430439,2.1084336375960193
-3.890522301885585,2.6958838042505353,0.40720520703704555
-3.901990546074889,2.578962338167892,0.7027412208335136
-3.5312339187758273,1.2427345823863574,0.284032405620949
-3.771851210209783,19.788945707597225,1.6255657082710064
-3.576910112009031,8.015309168608,0.7747370423231899
3.7113915647408886,19.236923929248814,0.33879252726159553
3.9998330987767754,19.082019222378023,0.5408972568994123
-0.7291494092327176,20.438418394013116,2.008495589683143
0.45628553541813915,0.3691607015892394,0.371983858311141
3.9992114995698462,2.140818906033516,0.1792186713278185
-1.5176423433622512,0.32471244556788426,1.6190504258677112
-3.8526355984224274,7.228387889953193,2.025245091009701
3.8805339196149276,6.562617151119954,0.1819943192093729
1.0902727954262743,7.7871357074321965,1.1100746457738782
1.312982063558021,0.6758312150558099,0.5425083742434228
-2.2008431562005613,6.363929139181857,2.179922612852423
-3.712700539242732,0.53638300542133,0.26443044942018695
1.860432593465121,3.218056456502767,0.7240719320224603
-2.948070090930692,10.075714315365149,2.02974319522595
1.3646924966282412,16.89209257481238,2.0220010577805314
-1.1321577144674686,15.284356391078706,0.2933099444373712
3.3589245053855676,18.739528694067836,0.2778532714972991
-3.8432716934315185,16.052525123046273,0.9797054471286701
3.570024902106222,15.394390891320844,0.9249553842543473
-0.66937878522963,4.530362726592824,0.8985700151614588
3.943126876895495,8.174003931627567,0.10828213743732062
-0.3252384717785129,12.675002427939313,1.0405733130677706
3.160025498321587,8.518663940127858,1.7683622185730483
-3.999454102843985,3.7504235089996376,2.013926230305425
-0.05782633435987924,4.595005262707981,1.8277211994988425
3.999992179621451,5.132287204600094,0.20235464860728325
3.9910663337526864,9.620384125803913,0.1224935941641916
1.6405069898824045,20.936282852530024,1.9710781230126282
3.820988997889946,12.553047365987656,0.27513259658399464
0.48240853440383,1.2164571919800575,1.1472214175021336
1.7440731469676163,10.721000314120904,0.21365123842662104
1.1571435456070582,1.6992555938232927,0.24329451294192184
-3.2297032769254783,1.6436395432551294,0.41190590950685446
3.5371136999180264,0.11486676104934407,0.35155475342777115
-3.8788407656625217,16.0004340932402,1.8666062422705791
3.999534043538009,11.777767396249974,1.9206056681688077
-3.464624025544961,3.965546077679769,1.9951169162395137
2.9947008052801576,-0.588689617181895,2.0751188788102333
-3.5723920357841688,0.2740207727176928,0.2535176897800914
-2.1792286483484777,17.71977897534731,1.9657920050374909
3.712503048199217,19.03156947858754,2.258534284833925
-3.985102809349648,3.815526748845295,0.6583060755851072
0.3782812653448136,15.163151145218421,0.3920057568338277
3.94726906741576,3.640136760250713,1.4364170764221666
-3.3335622778845293,3.690122803728934,2.013083175074092
1.0232447591404483,-0.5894530536206654,1.5626109008856288
-3.491206001621488,19.14111109100494,2.1755409562733288
1.6942316693975545,16.04143977612045,2.02102703121889
2.38691812274664,10.36114831214376,1.1941361084301312
-1.5177488597832371,8.732980057853684,0.7354742674327743
-3.249937155919544,19.942815789574176,1.8175557986629032
-0.4468247823242723,10.547736625984255,0.7013002017717087
3.2091634621593297,12.337994366650177,0.8204374275293168
-1.873673616359123,0.2288645859928564,0.2838176478439435
-1.4440414835804256,17.519153571518505,2.100343948417746
3.886450257411829,12.194609932020233,0.24488148892087844
-3.613992948639904,17.48714704475674,2.177938118519135
3.930324218106829,1.193071197594317,0.3802478100370371
-3.6958945016192053,14.525062581900652,1.9222148643221038
3.2732294666999078,18.467038870596312,0.5677911246783021
3.910398273147249,19.20936622771189,0.05874369884579256
3.172336034676542,1.2946637702351025,0.9755315075709771
-3.20843264403633,3.5820202816641835,1.7989137072637977
-2.451825731634732,20.125268544147985,0.39201066583804206
1.3204772508841847,17.658341999757436,0.5970369187540088
-2.4961199490130253,14.673105127449558,0.5764844428773768
3.9078902153224466,0.3953240130969683,0.18942810898278334
2.5274044588435913,4.671254932053889,0.36155081937702355
3.3057358440230824,7.293978291729169,0.4821139365597944
-3.9769673750845387,-0.12164818541113254,1.6875040958593985
2.247428980393419,20.174317330043735,0.5043360904877622
-2.8230894350299995,2.4003086383962913,0.28895119901749067
-1.935208164669611,17.170869750782426,2.211508877821009
0.7827330833499508,15.743848190565114,1.8906215009042657
-2.003489382868547,18.794188261769385,1.196147822054399
1.4173724308430595,20.517936970240637,1.6161993647141644
-3.3862903415040377,19.676923600195284,1.9889754269484505
2.96089743305507,19.502724624461937,0.795043047540106
2.2786735487474763,9.241689150985284,0.1478921949321985
2.089477180977279,-0.4563412633790166,2.0962236782378003
-3.833533633256669,14.686661359602418,2.1505777031729556
2.579045850893387,16.54253805283608,1.7666852116193519
0.9227712098239254,4.405345732832415,2.1995379111277473
-3.727795427680252,4.08993732799879,1.5680459767861914
-2.8222376428089917,19.506879172927615,1.1166513116284675
-1.3586659088492399,15.884301541189139,0.6808597521613099
-3.918722639768167,19.186719247061067,1.3142110550826787
0.07294089470521684,1.081123598269998,2.147811220225339
-3.8256096172238334,-0.43216359455880216,2.283552903415078
-2.371777129274925,19.289606621822596,1.6959874719445287
0.6169456060092801,20.404079794146003,0.8467346871493685
3.976754153654541,6.336963294952403,0.5431147689518271
-3.9990736260703623,20.81837050688584,1.7824585763217369
3.5948335060684276,11.917401448824052,2.2634787057425343
-1.0196045487280383,2.1980403815309257,1.5099259876827398
-3.6527954446406814,1.477751838710526,2.2830598225773864
3.9047476042212397,18.530742316114576,1.142478380542641
-2.6622593679196442,3.990136797252105,2.070505177416646
-2.371177662849504,16.04019166004865,2.1049952788134196
2.7282761060892877,18.893945672125355,0.21687756847681416
-2.951828891303294,8.708061157114015,1.9819693284825495
3.0380783193984793,4.704919013433406,0.33580439731840217
-2.795536257681893,3.517555957007024,1.5857016767699852
-2.3271212821205216,19.08028394779095,1.3746145892361095
0.3486365671362125,15.316526414639108,2.1752749378763987
-1.7945337503060432,15.122656616678356,0.6272028180879312
3.909180040312438,13.133440790167084,0.10067797890070179
3.999912949455856,19.319429244538124,0.8950647359660547
3.876215131203729,17.775476610888884,0.05657795015305366
0.8432610591098382,14.057345698928435,0.1958275313676006
3.8559225201526814,11.439588656504307,1.8738979590390703
3.9999896593887008,18.45037457233365,0.21138259833899203
1.710184055586794,21.368345000236253,1.8050527402325895
-0.44852651737023735,-0.1621311041049448,1.8982622518213264
2.612642616459803,8.230578635519215,1.367170904282824
3.910965041176956,12.520154667540837,1.1822363586459401
3.9507803782075848,14.780546441015819,0.1493170627890695
3.942838072067227,17.080181751424593,0.05304144300718448
3.9148701336703855,19.247547203307402,0.13828264605608334
-3.3019822900828943,7.400476553962683,1.9698709248035706
2.065856182602835,21.450135262545988,1.6990759434826421
3.9991338798554166,5.756764049370956,0.8506142225826284
3.987600957408151,2.02336367547065,2.226946754853825
3.55822171736315,3.4731877011908483,2.1294701057320395
-3.5283440134670996,0.7362652137470218,0.4548115770740102
3.977076691131443,19.669895649299168,0.056689305044813905
-2.645559638601201,18.753126778711565,0.2754474042005173
-2.9095785250127735,2.4142476570341715,2.1507922309169247
0.3223643976995293,4.141307639822604,0.5074433731722894
-1.0152166783158998,3.927088386185798,0.4045429440853675
0.8691256105650651,3.979205972460595,2.027653360397326
-1.717801208438676,19.194963885639133,1.6206259510446437
-1.9409315242123624,0.4180828339707028,2.075825570948723
3.545432163743535,21.4425015704338,1.769518031228507
-3.521038029974103,1.9993854787780094,0.46596003545347175
-2.145192259166545,18.150290861740093,0.382050537082455
1.5595909250453297,8.466655405519267,0.3594606121798405
-3.6610092036382094,11.507982445201575,1.8138464483378673
-2.1674753428808873,-0.6435905151593324,2.259247663413902
3.9964794960708576,19.726042793024156,0.2520510605374471
3.1175726197625107,0.7432148516138437,2.114246256621944
-3.9255094661201073,20.45011828576808,2.000693650592807
3.999986767465287,0.10676090975988825,0.046901035026570635
-3.359732435860839,11.183155893007958,0.33676935174788253
-0.6885210037098437,15.016672465955512,1.3869808307433553
3.9862018297684982,2.706987320279383,0.12294120507343356
-1.5176295199400982,8.009518881023764,2.321182833678544
3.5267914999847476,3.37331571945477,2.1801328496772747
1.2648283423342932,1.621732351377797,1.5450315959162504
3.9249085088235374,13.045333306328514,2.070008827605762
-3.5162411791763986,6.162920446146133,0.2884176506675229
3.6791238562299142,-0.6083572020358694,2.06551200040012
3.537886909404531,15.861519689424487,0.44894580542097234
3.951439696502005,3.524946356787477,0.16817868286067217
-3.9195852657184207,19.914809812805682,0.4435468428044302
3.3404791630768833,17.978120823578884,0.15513134024410843
-0.8214498429755365,15.545093472343105,1.7080618062497877
-3.6948220662446314,8.830376097607994,2.2854918095011723
3.881927887150017,1.0976060370170297,0.1075223752828196
3.999840024246602,21.651486285451675,1.900792759136358
3.989808917487032,1.4374699803910471,0.40176208368090477
1.386659652763257,10.854298312389162,2.308304012494176
3.7913451469532715,19.447761625056028,1.9495252414491757
-0.071596902738458,5.195164088085299,0.6507556337752775
2.870839724249948,0.5248007954577733,0.17557198911517846
2.8615774977600976,0.630139341788329,0.8775350261333017
-2.7969640758114456,1.7957125764053803,1.8482515945379978
-3.8584257842510508,1.894778973571178,1.9883917066664674
-3.832190748032635,18.308483377359238,0.5664952224071585
3.917991419910963,2.6012491694458415,0.1102252265758738
3.867585172929108,19.677152436671175,0.3606912960993501
1.4347276912506355,4.433527312393048,2.2077867276819396
3.9991000732264093,19.87172529505408,2.0723673275208867
0.29483735284910007,14.430863678268231,2.085593800007152
-0.3105765040841415,3.4762952904316697,1.221498649867866
-1.622334995387116,17.98714686146215,1.3571311892244708
3.850287093981699,11.853090585607786,1.5741822059008348
3.9854174895166197,16.29555779993844,0.08562981031484608
-2.4927366484030817,4.617667998135,0.7445053199669446
0.7286820916176842,1.653481064074639,1.6730099657062365
3.9752302591799547,6.344355628213039,0.034743407001529114
-3.8550717989093717,-0.8172942317910296,1.5972261567814143
1.425888831758052,19.846579349807058,1.9777108154717211
0.5582300347413224,8.769667904668573,0.5881956706204994
3.068198498360367,2.0715165450962916,1.583735549179346
-0.6769924822293125,-0.011951156639365676,0.3794174146155378
2.924254802888284,6.968927578965233,0.16558489465280465
1.6370605321167468,21.6925508889123,1.930043474173454
-0.17711505997582067,19.47414687561974,0.42990189099943554
-0.5958800438863642,2.785439305397363,2.1035368345949994
3.8391197667719332,1.0729037941223667,1.1844727702451268
3.971296415798742,14.710724955863812,0.041821093747210755
3.9988784765420786,13.771416206676559,1.7439834942882473
-0.7707198992505937,1.20518448501007,0.3901072102993517
3.694010373258766,17.803324683543988,0.8237351751216055
-0.7482320947021334,12.659019028050547,2.3465363994011748
-0.4109567317520025,1.2711187338319472,1.9714827483921906
3.9991953569337544,0.4623598330104534,0.03397251664782637
3.922684019186779,19.466140882399277,1.9161972594015448
3.478741831248482,7.64296756750816,1.8564011113243424
3.789193299809186,18.554986086622204,1.6336802497270566
3.9918017822729412,3.6241800258507246,2.0097558340010706
3.9583569922803106,0.5804732215230608,2.132782921428034
0.3811819908330462,16.700473117619552,1.8206109103565338
3.8291933229776367,0.20021942690147937,0.18800019962901124
3.9975095468063464,19.470679090528662,0.024312487474627074
-2.8387426361984085,20.4336329343454,1.9298215522537314
3.9801716434689336,12.735879578838164,0.039774269758237876
1.2267358058551185,3.988776955181745,2.096943802847502
3.671203349262062,-0.232966628664789,1.4958313250025577
3.9952635775043457,19.522294216132128,0.03525403042877985
3.9212515642362744,0.032777843906265564,0.05410787453656482
-3.947312838001191,21.315361383156993,1.628758944256441
0.16689622645454832,0.17905659475600244,2.0504667057168935
2.342216339164033,1.7840654876252353,2.011310532685555
0.5335041436324381,11.468250354356343,2.135776652620218
3.3920562241601178,3.0061263681545816,0.9471712881094316
3.552006582676609,20.027976087748172,1.7925705332626498
0.18161026935829674,1.4348831423983506,0.6365778045000887
3.1142168093007023,13.303360760651813,0.47199094082073334
-1.2621080418636392,1.9162627712430684,0.9963928684363104
-0.42323143022912346,2.6260815656028833,0.4018584993043445
-1.9953123794035403,14.280792568494098,1.8157715452441627
-1.6918478904942453,0.29981643379690237,0.9017230843953334
1.6465132552727337,18.2854243214729,0.5834655309885599
-1.9210795783731713,6.6180403805425385,0.33573631120225517
2.915114259173873,19.873406847159625,0.1807567313411034
-3.7038030420618586,8.34624988285205,1.4436360990654644
3.64221224720562,6.892629867160279,0.5370829872780727
1.843879911514314,18.327905167766815,0.17645069492357385
3.152497971968322,18.51441532728633,0.06721963426297445
3.9896750572885877,17.857104939311572,0.09900154479408507
-1.2048007058117727,0.7626570040291428,2.02358910365131
3.9472970536542227,10.519069635119703,1.738467838012884
-0.8788956033931025,0.024713471451312752,2.3367136005455085
2.975326637980308,1.149641061917664,2.142166064262737
3.9998257159899957,1.6872938408786549,0.21090894149997863
1.057136172793781,20.874192158889983,1.856908548644698
1.914463396700172,18.770765060754055,1.247105810970213
-2.167509713085948,11.958001937493476,0.343911503376534
2.5960111200478524,15.789438699124306,1.9764847809163808
3.019568583492367,-1.2876477162597444,2.1295640254156676
3.5477290819134444,19.96203654678242,1.1941622344717042
1.7757467182875428,1.4256979816516664,1.5404619563394057
3.942603097268556,19.45823767319069,0.08072102387073676
0.3667488945220774,0.8406840732065294,0.9030941330645159
-1.5576280942133338,-0.1003913350431955,0.6643299987374242
3.9694738862941255,1.2049576775460384,1.3035057561492025
1.6584638655304118,18.43372134258037,1.9359718237259722
-0.7620731730810619,0.3351065097286865,2.306819610000498
-3.3616794587555483,1.934506555138783,0.25766935262871626
-1.9700252092218258,21.6298906823692,1.8819987063476842
2.0667148213407556,19.67134390845268,1.986105733369917
1.6594457466915247,0.15585292975606263,0.13167814998444977
-1.5874192364647128,2.9390269838316625,2.369462345547796
2.7658871540998473,-0.5326947988007498,1.8485659957952922
3.9062995645415675,7.23819874582897,0.1664309316809755
1.8317878603323696,21.383460866143782,1.768790829734227
2.9036797056835533,19.9081366872602,0.15480028156836778
3.9025486293810667,0.07670905183446529,0.08044582451314745
0.4353243889893832,21.433063598329678,1.9765752468573423
3.9911720306990683,-0.8422810361461724,2.2567444986234397
-2.7085840819643683,5.347870716559287,1.7527261008155497
3.9581218478328544,13.638656529327,0.2217974515118502
-0.5441864968077964,5.420985252100553,0.4535410679308878
0.27244039839767425,20.3561403346988,1.6024563887052874
-3.6439245400704965,17.93403873760867,0.6757253481107253
-2.7558933812379283,8.678054551211503,0.8418573788931405
0.15092637376807122,12.186344769664377,1.3819243414539306
3.945097634330436,19.184664160571167,2.220782787735246
3.740815450672602,20.64850735331569,1.9027658054263905
3.9700390933988143,12.246528169916857,0.19130472711752988
-2.892881288587599,6.402798052611999,1.5730935704814732
3.367587582575447,8.879158762243614,1.2813254927464923
3.9861718503494914,1.8991024648767363,0.0771512643791615
2.8816474404655064,21.458336082873142,1.9685652877667656
-1.972419734740899,6.219707847205819,1.5505572080650618
-3.644186008601146,17.776325560348404,2.370536234192037
3.9635870024993123,10.310016648748945,0.06352789083925588
-3.022430630116026,18.378632076473526,1.0373752450961962
0.6611091780878435,12.74944033725365,2.037562561454198
3.9348722759049912,11.422632819312021,0.07492737666171782
3.9780716583942817,17.58023420658721,0.12573257479134464
0.7788703886646261,17.180314975205057,2.363981766302552
-3.1023761925340603,3.6562537469963523,2.2561738409083816
2.980690281576576,12.934497268180717,0.17940773952454533
-0.17988824812095383,0.9709311176658111,2.0521645622040197
3.105418309860573,20.511543021092535,0.8138579275512796
3.924503338443629,3.8348956677842096,0.1638359479917607
2.504513444982034,20.824949678462566,1.1138062099012156
3.1687160209763445,13.628142169757087,1.9596247697160243
3.997701938417047,8.124988803080003,0.03835737439371037
1.9561528389601543,0.530059392432238,1.4345311416558046
-3.953012079205532,20.35135189299975,0.9073179239324576
-3.600263718425427,1.9817376305426908,1.1338519522596595
3.9517963938813607,14.766268881315163,0.11122926093030085
-2.376095587808466,18.36088840260336,0.7434343036093889
-0.30053225963037744,0.49425832576120077,2.328389042488965
2.0070127862144105,2.603393740038528,1.8890181058138213
3.9836204788058174,12.988644118166471,0.49454471145688594
-2.382262325644347,3.67086450132035,1.1123972404774558
0.5611206573947581,-0.287358411865003,0.9589927725721715
3.950021900295817,6.129275362890514,0.5045264364263731
3.74986871222742,1.1683308948909326,2.117750090192052
3.985283051746542,18.18132964210999,0.01702641286389332
-3.58921165490301,16.448272239998964,0.945990791113432
-1.332151064341829,6.826065759662403,1.9550019710199882
-3.9991057459584836,0.09967100602900175,0.6750126270582657
3.885960585551218,1.0932963469549386,0.8295894357193175
-1.2961937561970018,10.045818979750813,0.30757932930800935
-3.7656270650685206,0.5857139800220572,0.45909015015817917
-3.576213236269241,20.075535928454332,0.9732623995248181
-2.9780984575135707,1.6278907655198154,1.2753838364729269
-3.679647054650767,18.873214358951657,1.4583236397566532
3.1578114622741906,5.370491336160591,0.3027318955763285
3.9996451292175808,6.012392451026375,0.039260388112001526
-3.935588090476239,2.9693363518170703,2.0363346824797053
3.626461990966254,17.254950497849354,0.9601563800964239
3.2920170433100027,19.017625018365834,0.9346311378321158
-3.94714953651622,0.64508772251988,0.31858759758545613
3.1579505476405645,17.077413492736504,2.170129749496657
-3.1918050043593666,5.532370238309892,2.019172276325218
3.1631305945440675,13.125272166651564,0.16376688250358007
3.9151128498957415,0.20268276704056112,0.07594598959573565
-2.007372403696989,1.897698748217032,1.9769828852115623
-3.0356595292237216,20.286639274468552,0.5336238365822042
3.98766431111283,10.218203310428366,0.9600543387153492
1.7248710718356475,6.480912673142629,0.4725322719834527
-3.8712964644361367,7.486154611070444,1.4813418672403076
3.708445564343912,19.04767572428013,0.9204822878562131
-3.9065068899066464,3.807058634504593,0.25215005970041576
-3.997352057814005,19.444522934137677,0.8473261538956319
2.9130241339069785,0.9464298842888278,0.49104727285107375
-3.4383637014897133,18.982315867290275,0.8718735514060727
3.7410928692384555,2.994696741200329,2.0298352340710073
2.6218463835972408,10.04775296883251,1.935219990300648
3.9994930654078145,-0.4226713104797549,2.0497715415527096
3.7621273186630257,11.925095789052273,1.8013649998884471
-3.9790206000494246,19.517972645572392,0.9487758061341044
3.288415334533168,-0.20021527410208134,0.871487180857216
-3.6059247613594296,1.5236306901722765,0.7789340825105249
-3.933921463828278,16.36601528788779,2.0374348516124186
-3.388573879266843,19.011607978882132,1.3539227676492642
-1.4990295906749493,10.921703296532346,0.6009511309881026
2.941437744354736,19.82705957732937,0.4169375490453029
-2.5089772769179155,12.07238095344206,0.8112923699655409
2.386093198969918,1.3390473620835008,0.6978516657533902
-3.9988240751099644,19.62164489450189,1.5767255005317813
2.257305179334173,16.27134178947159,1.0442135959532286
-2.6114898358425576,16.093888214587242,1.088300758386167
-1.888072027309496,3.7897142211213106,0.4067514150035627
-3.912839025818207,2.085011725183681,0.43800255190761594
0.2231880967859132,19.340894050706616,0.3743619568639627
3.783881310877271,16.298258364085378,0.423781246437178
3.9189712697584094,9.580384088965488,0.08949696454406501
1.7914414687386955,10.30111198829749,0.3375565248930327
3.937730864128479,0.16244123011379064,0.09627324993252306
-2.567646019368952,5.163562154043262,0.7852436657715129
-1.1698137178740333,2.541098129117046,0.901270807644262
-3.9636805758901956,21.112312405851032,1.410731191183984
3.7047484270299607,4.445886071882981,2.0824724457714026
3.0475228309172206,20.131497950292232,1.6395604344940973
3.997783262769747,5.975385872914442,1.581982761347765
2.8440635022784195,18.139499266455104,0.23852546824709647
-0.7441045614445528,13.720237308331132,0.5410857100908549
-1.4266472962537633,5.124902478507394,1.9703494034018365
3.5482847638838355,13.704904219922609,0.1627036238716018
2.01527464096475,13.410815454506475,0.6982472395929857
-1.4512166157439392,1.5859434169760287,1.4714921679830744
3.4955104881184558,11.378403708365129,0.5717303651704168
3.964942384341982,8.667292317031603,1.747649258831482
2.3987621940417596,15.14420306715331,0.15561032184984236
-1.9061733117226345,7.856712618044152,1.9114104887540737
3.923350985220944,0.548362496263729,0.493359518554488
-1.214747501868486,1.7941588802286628,2.0122159708817042
1.5131451523603818,0.12543501230152895,1.1265201803900042
3.9970815212511415,0.9929453441160135,0.2263652944735262
-1.619438991710143,-0.4609155732584218,1.513455098853692
-1.7343205073632142,9.37778270651252,1.9376697124179776
3.9017509504372154,3.7072149068422533,2.100371156448126
2.3885120953757375,18.429760258556353,1.3617558648434427
-3.391390809151384,16.897714045917137,0.22577675934914695
0.7377717477740864,-0.3633843964406188,1.5278093790518343
-2.0873133904203036,20.312213282022096,1.0849336273597436
1.412246498101545,17.77166756603787,1.5134537217061692
-3.9882232410774003,3.1176157714383317,0.597447621055589
-2.2076309297679586,2.0001160339197535,2.1441813514174664
3.8763136210958473,5.304260443232917,0.06651321877206527
0.20479397462841248,-0.12727643088526108,2.1329593298924214
3.9880819725292382,6.348589632034158,0.9748616728457276
3.8827431819532494,18.340698916023836,0.051335558690279864
0.2990271381748591,3.4658965121599405,0.8357475454653172
-3.902165880890064,1.4301490216473796,1.4579131396837044
-0.0008796317760133297,0.8204870564681919,1.2025565083827645
2.7367270740294876,0.45147516491372747,0.1414898107405945
-1.8445575158397385,14.20619401347608,2.0193479531022605
2.750680417989141,17.856751585854827,0.9860449418128312
2.516073981742583,3.7856125533280642,0.16627511106904766
-3.2921591669342773,0.9527171783818909,2.0747999861345683
3.3094203261109087,3.2229772567903803,1.8388889406502806
3.889643598013786,3.675711622825359,0.49506816966385514
1.2959677786069743,3.7564418503734958,0.7377768537089244
3.94762726974231,2.0484839199503044,0.15793724722475092
-3.3785801011379246,17.81372793075877,0.39451437454629823
-3.4512851979726036,1.3788841665209781,0.8675247306757106
2.1237742826813446,0.5411805368643319,0.46655650056946807
3.9925360330550435,19.07994498072359,0.013896150197106504
3.9977016121157094,11.618228149494511,1.9930788435338864
-3.960653452343574,7.242551919937942,2.050532430631261
2.487719269847487,2.1875462592293644,1.872812877851275
3.966874386957054,1.1672061826614155,2.067435107871388
-3.3601832406555197,2.3549088827989744,1.7904756587950148
1.721458057372659,0.28072602477311914,0.12090496727560358
-3.9700350221810523,15.086951939410433,0.4306429603470711
-2.8931422929166852,2.0825024726357317,0.29145170820108346
-2.665861959958409,1.6375591368509332,1.8565695053938667
3.793631641501162,6.998376950947355,1.6067934834735276
1.043565159385994,9.72385399164986,0.6952138455317075
0.3733899583599234,0.23972250638470033,0.21445490482273621
3.8490048369470378,5.503737733341303,0.5918457947558116
-2.9462655393372135,14.117278642225934,2.223558950911708
3.5175605984383584,8.126210543026243,1.017801455713101
2.3285499702931522,9.369236423969662,0.23241147164159642
3.853280506804632,13.261250552129525,2.125718562670005
-3.9937350040700053,18.78972763375987,0.589577381727224
-3.7552833316848804,20.39600066777317,1.9634877618547122
3.9925139199532476,14.358156635970282,0.6304706609148525
3.9952552811047686,17.46781934134563,0.012702655421924208
-3.947114433155471,16.583467237387833,1.4816101080494075
0.5743569704283512,3.6804853977188503,1.054682343917854
-3.668817154944644,8.310503667182337,1.87779087350646
-3.8492600397713703,6.539320420208599,1.270065302148103
3.5745629019015404,19.487772161048024,0.8559842591588592
1.911891394312328,19.284558489819997,0.5105273004827431
-2.1857300233306804,19.8688715084416,1.2559236292112954
0.610361321025373,10.023161712698503,0.3806525945068937
2.0388797818763105,1.2861206742762077,1.156369386932495
-0.8020357728762044,5.0745457802152965,1.9877754356971653
-2.1787132449037245,17.912931820179814,0.3502332073541626
3.4375866008736966,10.24185453603981,0.35643957779065893
3.920568893915722,18.049330385298017,0.040692416716570985
3.6253692814054754,10.55161322289856,0.07495508104825199
-3.8007504971896267,0.1415108783225405,2.299186048128664
3.124077846182585,13.066018620121236,0.12817600765117057
0.6030805228534133,7.418908587559342,2.152736016235617
-3.7058230777936645,5.185240968814914,0.07382451385056464
2.8628503261069045,10.386179078398698,0.15115601919971708
3.994574691480703,0.08123187989863301,0.15135274493576853
3.6195835250405684,16.907158062739686,2.347038007832305
-3.3183342949940124,17.326142857593283,0.6472740407420746
3.981190309429089,12.677488167431923,0.24400552989411062
-3.091259359949626,6.950226308276995,1.9224868348096025
-3.168712873772087,19.47273806950514,0.485227708668011
-3.8058046412607762,9.151065647170663,1.7773512511846496
3.501386095549804,17.671419611477972,0.145913711254593
1.5049355620002192,0.5982519840434898,1.2377138303799922
-3.741489722557979,17.690856139384337,0.4318565683103687
-1.672472259892019,0.7467775588763483,0.37357784213495937
-0.06793098094119729,1.6491064728003044,2.0497706661356094
-0.7183030536443343,7.328042864246262,1.6054851864975697
-3.224513667977993,19.230570708559576,0.5581880947490547
2.002156645639743,13.792987187858042,0.25278269796149333
1.19917382262106,3.008980937397139,0.9256003014012345
-0.03642242461874897,0.5873185541145847,0.69610320168692
-0.14857728130342976,5.546939231803073,0.741276397527175
3.3232409990301273,3.0487817805057684,0.17542587670504428
3.505267392089619,2.6535466376840935,0.2785852229350162
-3.7017265235613825,-0.11167325380607973,2.2190592489562433
3.924605768098764,4.61328279833552,0.5030138759602406
0.6850420162307828,2.7085145499539744,1.5069902808834101
2.2979811286160894,3.6742100608915855,0.6954251334544568
-1.4950204231932858,5.154291064800821,0.5244542545534382
-3.999934433270336,12.885577785078064,1.5489806216916806
3.999999998449672,18.21930128334156,0.01854006502718258
-0.5836505435279604,3.823311369137918,1.8711093758086568
3.0226852155426305,0.15876495147166442,0.48356829525289474
-2.6224489230001025,20.807188182329675,1.1260753062557007
2.202975533778576,9.611846326285203,0.8508857705533652
0.35966209623305456,0.21702484592567378,2.0453274826086787
3.256245562907839,9.35792111607831,1.9592772880674698
-0.7545680231323779,3.091486509693497,1.5470905880122732
-3.9658680139838376,12.171817890446906,0.6483394898808605
-3.188780430396517,2.081591348048309,2.258327160962221
-3.978039186348544,5.638123895591324,0.29703200530182616
3.992428279161847,9.94443212887795,1.8271174151810958
-1.5462079726448288,3.420051698937991,1.8341024667292056
1.7251200240325162,2.3592664757084196,1.8602604903443605
2.909530543717934,0.7720601308104871,0.595028889751035
-2.8051745186501647,20.350789843677788,1.7669053932407224
0.4165381925167392,18.781999850584324,0.3988551624382912
3.9996321257678282,18.98650124136931,1.0776459878955034
-3.8340181690736443,4.920433488235264,0.4222850059147055
3.78347351156053,13.403542282632696,0.836913499053475
-3.5489360924264632,19.278499229333146,1.4374941130126342
3.9610822101972545,0.14261648597907445,0.20327312775006268
-3.919556282208841,19.234714291742137,1.0927648570115869
2.993377182088453,3.25622279826633,2.0366714770031815
-3.6657547805032804,2.4236629867116344,1.340183230941505
2.9154614121179656,19.095568823600033,0.6237949011656121
-2.856867770999903,-0.12822312859546436,0.44744746248049666
-2.98499176915915,18.166871868036214,0.36221569231610273
3.743982828476853,19.20922120496162,0.29819430401798735
1.6808176565366433,18.3472592233268,1.8753216524084526
-1.7287132556408904,4.946355797330759,1.3707795249545285
-1.1000627745324638,11.06515186930011,0.21050996645352493
2.943739403077626,11.555694244871237,1.9875300148057191
-2.2763444241731654,9.54930286715445,0.8572917148601147
-3.523520797610651,19.83285266815957,1.7632430084960762
-3.1960001367041273,7.776098583476164,2.1885250148524196
3.9565686443082413,11.021193401427206,0.30108912247006847
3.6984936521701566,11.944991745813464,1.9114683203649019
3.883703463603415,1.909066575800015,0.2264856470123619
3.414147569610122,19.423300327096076,0.11000168857062914
3.9986049320839108,12.340305282556088,1.9656473811148247
2.2551610615049693,19.735596182206816,0.17352182562067275
1.4303156490532702,2.671526339108666,0.13747028714415294
2.035796607270943,11.085300802576922,0.5970185532246499
0.11953091039424912,4.909392131426952,0.3782869068356725
-3.81147463253007,12.279582472739865,1.7795155078492497
3.8819735994801383,13.706997647916667,0.24580142380621794
-2.2827586589440836,20.086714772772602,0.5623383626386295
3.9989170835035934,0.026111950237863415,0.1987756002085631
3.96742786251397,11.673659633959502,0.07200334872899557
0.7628267846243654,0.6002730652343764,0.3980688798197953
2.0960386137013005,0.356913265140402,1.8696836340144753
3.934656560020192,5.392425676709054,0.8027436149239114
3.806569534755858,8.696808199509626,0.0859523656355648
-1.4505889322365175,0.6532950513370585,0.33069508940874714
-2.9331392527720395,20.072908657082305,0.49686557235526946
2.4956951857314316,0.8917077963595299,0.13437847833441227
0.6268442020874154,-0.13373832627607607,2.171024538766028
1.6794756084978353,17.75996629292718,0.48258014227680296
-2.3720166048854763,21.03037832513182,1.6712394873673795
3.748420061624792,-0.17091566675568415,1.4144795128969487
-3.9998100759301307,2.176025770369326,0.6180506086876346
3.7697719360433304,0.5599542949459745,0.7198336206995526
0.11568388629500782,20.477134140708646,1.303912712510161
-0.6612676375799175,-0.5892763521451795,1.535779044247393
-1.7901825617351075,18.93079913262797,2.1656916699307165
-3.655944103704416,14.025362491146465,1.8919572612345303
-2.3150659038699053,20.00847934013171,0.7775169722049733
-3.823209583833946,-0.07969048923087191,2.256243076488342
-2.454428977777135,20.819901313316148,1.4854700381180896
0.42671851331776284,15.537482151545875,1.7521467365239245
3.9517194649697918,1.6713734742631596,0.15174346028361058
3.413204021963661,5.690188107948333,2.3323583308873257
-2.929843643000544,18.332322637351098,0.21896757374693765
-2.0432503552301067,6.765964303659213,1.8694331488819602
3.174113298687478,19.88753519994523,1.6401967189495985
-3.2485767746198073,3.9155934163978285,0.4360649302255135
-0.6980916946406748,7.490015987872728,0.3995432952495035
-0.510039704225205,15.477876620528622,0.8152377898960356
3.9122233762214416,2.3317037753446637,0.04991417170319839
-3.9740420720889014,9.661040397411977,0.25745515912188854
-0.49016216736188695,6.868379051554978,1.857887156835383
-2.7861339962907063,12.584190261418168,0.9354029756842608
-3.848255574957173,11.534277953191507,0.8351172691448344
0.5201117816187614,3.186568879779512,0.3766199095620051
-0.2138241804289045,1.1350045336989107,2.043542707358688
3.8898937725769813,1.0837266730452724,0.18887819015212243
3.99829860811876,17.869586565723132,0.011723000357503984
-0.34578626886190683,18.62360713575914,0.722926817031019
-3.0602826121240314,19.219733538342272,0.7001320570110507
-3.3194070118604393,0.871541036274647,1.1795135651606312
3.512463497016781,20.357830814925006,1.8358528881747949
-2.3449024793267847,1.9636723531092135,2.0057338539345735
0.6120947074531279,12.41579134802491,0.3728090803685111
3.9523726191503474,0.10415696104953483,0.11090594445080153
-3.942076590566595,18.88380544222984,1.1215480260081696
3.033131195523723,6.8828449542918,1.7116400626288686
3.922360585472829,18.723701363428297,0.10251667466250082
3.7158132729888105,0.8704311574370086,1.2753077692149564
3.765995572926333,1.5982229041649685,0.6574591622279675
-0.9950984496969466,15.873584733551915,2.029551696700886
-2.1650850503254944,18.761544756458107,1.0869523909574925
-0.8082078464544833,-0.7056366228033077,2.186196533803212
3.7188654636515275,15.395612086423089,0.10612227973319253
-0.3048078014927209,0.2541435933697308,2.106620287150739
3.6927035365606176,18.923273377140838,0.33741313445211824
3.947840603688774,10.327226962217821,0.22839856126300848
-3.9969325555122794,7.4923291681399045,2.074395398851478
3.963856842172168,2.909178792049379,0.12661478165928747
1.2817851137901581,20.82699327305438,1.9666861132656206
-1.6841686685149617,6.6182806849716815,0.3592170427068623
-3.6060260073439414,19.912211224264908,1.238239806080927
-1.7537902858443297,11.65792851477047,2.1174208910522885
2.4930390421229722,1.1950757584886689,0.21311635268150458
2.140763116916069,17.59769763006617,1.3416592247773726
3.877591699536114,19.8144013413043,0.08525468767599913
3.2641698273544777,8.8662872331091,2.2091675892109377
3.973829045517812,17.487534586830716,0.024967387431170454
-0.43727170283735345,3.303882671265587,2.0322221382184797
3.8440335978142848,19.970818179054593,0.3382077769712373
3.769360749827177,15.996621690592095,0.5419710492413882
-1.9102176836783122,3.8408680757334666,1.739843853292623
-1.3951949627828055,4.363736157183588,1.2082842914010303
3.978750089991976,10.895265533551196,0.1259354666851727
1.7644386395877978,7.101861005177981,0.49919363722183285
-2.0117976035372505,4.5713790079638095,1.3500691951601274
-0.957920921274235,0.8332570963104565,1.6360316530068786
1.8541882394483822,12.690020886320097,1.3983194881546532
-0.7573046915833702,9.900244017897377,1.6790421395487969
-0.49662995180606145,18.44252075292457,2.2606226611120497
-3.8681106227394997,18.968591392812666,2.150945965047358
1.576966564762049,5.456262860585132,0.17561601303094557
3.8842596180864057,1.549176659965312,0.10484453466910287
-2.5127895707257575,18.342334441227923,0.8786432399654013
-3.0519788574785487,11.657067636916906,2.0664673492166807
3.978474304436972,2.0187769894387135,0.22882301539814953
-3.90018052673978,8.259230821484332,0.3838314689001649
-3.999206339532013,18.0908908025517,1.2446573157625098
-3.0023169054338656,3.907500853527041,1.4657225443409374
-2.2381230173535704,19.14592701173785,1.7745330495279987
3.4952883644819845,7.293440531848001,0.6391965147176252
3.8767860583774807,17.507805990280815,0.06533505053317301
2.353190908240971,2.4630426698331815,1.6767491653209976
-0.18325318159447554,10.39169341258918,0.7001046444753964
3.9573734624860992,19.834766054006494,0.08638216776456376
-3.9994080464655934,1.486444409527899,1.5024065367306312
3.9997483082555045,19.24379726777977,0.7596145708593746
3.9582316207794634,10.137037157674465,1.0639121308190438
3.92949679492434,20.177278981283852,1.6706938620366176
2.6524783304107498,6.77602642033375,0.46344935883988714
0.9838107767849352,0.9899183073037688,0.3072775478859968
3.9609694299363905,19.62770553989036,0.2797256528527045
-3.7914637560401014,9.505486832609314,0.9188843469305019
3.9653194222016475,15.504766314121385,2.1695188461686565
-2.241839779931004,13.2531338997648,0.8440654542551166
3.211272432347271,1.2164321074850928,0.2552065029732503
3.982973453724692,17.796285845786613,0.024605014976437585
2.268483948324058,-0.0036116743364279233,0.5530840316906283
-3.4667458298121367,19.44034471420255,1.8045777980861373
2.5920586812099624,18.83903325550721,2.2834458570196596
3.6119306362477457,2.1237103221333733,2.023447179564778
0.030685761724404917,1.484987437528643,2.0006869135840244
3.9696963092910638,1.2389474569723091,1.0757656364326633
0.6798174615305282,18.491419169906695,0.34682688611628965
3.8996958427237822,3.5613857467488397,0.22201083165213326
-2.846780136519984,1.2985136251497307,2.028219615600919
-0.03892569166425367,-0.006369699002683319,0.06429782613914134
3.8714825828604456,0.6014196327128808,2.131832682010688
3.618591512076566,18.97289380219024,0.16366102572671815
2.4826026781644903,0.26777967863089547,0.10948532101198966
-1.5635027699837147,15.267187630771273,0.9451613755380082
3.9901639820187174,2.52474312912245,0.021894452434134685
3.875654204787257,6.962355568797903,0.09063086234459272
-1.8977900984695888,5.403448320838659,2.0549092348072913
-3.516615776424549,7.707938405521186,1.9241576427988796
-3.501864275333596,16.28724812650324,1.9684895641885674
-3.9827923895053448,3.533180098303828,0.25390869958492823
-3.7099970171670114,0.5977434965778914,1.2635705271875195
0.35310382944185453,17.937728729949665,1.9074370470325313
3.9333908932845225,2.3663921516727777,0.19054672375512735
-3.80969888886163,8.726059318887268,2.0013163135776733
-1.2885997394439135,13.559175737228191,1.5742104450709609
3.998969132370635,2.610372031034819,2.222300409760373
3.963455436828694,18.595126940321617,0.9793088771997126
3.0416591928162,11.469939385210596,0.33282209202067886
3.0092886913370918,19.406801680661477,1.9591076290786873
-2.096795145898929,16.898724030195936,1.709519376632433
1.6226654012106285,4.41522216357825,2.2515350988172402
3.9933088704396957,19.278075339646243,0.11641953467454029
3.6611604766363475,6.071509086361032,0.8414007602554527
-0.017197452367444,3.2926914293069487,1.8478936220837079
3.331861685449025,4.006794828399766,0.7464756617924533
3.998773797197858,14.340120752605596,0.028786537635751362
-1.8001113477189006,4.144297014169008,2.0423335610025326
-3.7526418345997548,20.417429108762732,1.3937539958644307
3.63456922106331,1.3965370975764024,0.18222017257392517
2.7451817597254595,21.005166582440456,1.9815798981389032
-2.9274646703099942,20.37796582466639,1.7873229201818004
-2.016160124712348,0.9781340901063887,0.2627886091751709
-3.732554017931522,3.850328368669354,0.27902191568159146
-2.2877613562382813,4.6065352005429325,2.0819097979310337
-3.9627099578883485,8.308135842721072,1.3429865222529818
-1.5016951014817153,18.099951814781647,0.3549224944353514
3.855131953836166,14.890663247547293,1.860536252677404
-2.4467482475748055,-0.5298401141965936,2.067363476535402
-3.9946466209119507,13.68808105356051,1.9214931072118198
3.9578623172421366,1.2754714419388022,0.10509644502957809
-2.156977981787664,2.5568858061728,1.3601892906304125
-0.863233563002108,2.0853340066096977,1.4521471792070384
0.020385915236984107,12.755234077626564,1.1805144414826083
-3.9199659063597267,7.764454887785671,1.4178735103104796
-1.6743938513393453,10.80250417973053,0.6520475182291202
3.9957089976805538,14.024401001142127,2.076786815259643
3.8840605079907755,19.691957953528057,0.23377000352210936
3.908941745537636,17.83058105700805,0.12053476228280467
3.910689618235712,19.825449690082664,0.09124778343800918
0.6583578763871561,0.0008835199571510131,0.3398973172738141
2.793515920060562,15.752476803522674,0.15170391545812856
3.96402645539334,19.498808503534658,0.11305211517328101
-3.999967222857772,1.5848459396797374,0.38331545707691184
3.546643166684699,20.368817156788204,1.7902074164623374
-3.9998531380351983,8.377503774460703,1.0154409386217063
-3.801794336731897,6.377307317849563,1.24728358054837
-1.0469732661436546,16.13325545016444,0.7050550414705721
-2.9005145182933623,20.158376222173562,1.9961220477224795
0.8225123160115608,0.14663333999582195,0.8538902958422477
2.600223568601839,12.04603913434462,0.785936998071644
-2.2218497793517424,14.748924311808473,1.619461039495638
-3.3224561188592756,4.562519259490151,2.3082458010779363
3.9992855211069216,18.126085081197637,0.022935226240803658
1.1365282625675321,15.254296580655954,1.6473377314277007
3.2001965279331657,-0.42953842664070985,1.2502680348998525
-2.6244527234572854,21.73274504244375,1.9986186946457416
-2.1097760808383503,10.298728997538841,1.7456319096305308
-3.55215508458664,4.070235506790072,0.42047780695177495
-3.6501467784621284,1.0292596660008044,2.1722281953156157
3.9680949489107773,19.743187224013333,0.23516377373280556
3.894321079170033,14.998316493599784,0.20076050700893214
3.9794908290863247,18.626088746936674,0.05431068286277168
3.9706600451637564,7.879480561594637,1.9077252114943746
2.608126383124517,0.1721254412210996,0.19030613381705785
3.896061277164206,18.198957225698994,0.1132806980682863
-3.363838802840057,2.1563434390195866,1.5521058472798899
3.7877862144088175,0.012162606788578481,0.06848545252866055
3.999389249043942,14.60734509769359,0.6364047473449383
3.4783052022944627,19.033777162953875,0.7562189989052267
2.5057802201794526,18.730146476559092,2.089470133391523
-1.1123983437052132,3.9301214901714925,1.5180212843644747
-1.9958199645673926,9.715821953916404,2.1717543298701307
3.89640982790689,18.893258523100776,0.08571106879546952
3.0345073564036054,19.638597834162454,1.9505420990066513
3.984638242364527,19.631340363029416,1.33958185276863
-3.972250164924962,12.675831353196454,1.2327062140138965
3.66657321450657,11.49497860150258,1.5126764145377742
1.4698824842900429,3.2117967229797366,1.530202939032066
2.678318475592509,0.472161205608199,1.4413971113248225
3.542058456364028,0.509800687800555,0.09855220964207514
3.9921232544050755,2.873051438466752,0.019006769691409568
2.310228365947875,4.811231088378213,2.060166612048151
-2.6819136863895032,8.255309464481355,1.8997687950632887
3.8861445523569347,8.155186909950631,0.10180308679064189
1.1283429138775454,17.95139030295049,0.41121530347734486
-2.772754855135481,8.283151372808396,0.8933341235153965
-1.8532540839985763,19.502055379233468,0.4542109378137135
-3.3396811115422333,16.336944466811072,1.8956157656919996
3.875678088838436,9.039452440999469,0.07336636001799965
3.266358952690593,0.6897712586526628,0.6161603168412051
-3.81263295393436,13.2301668766772,1.9429631606117639
-3.8446951211739764,15.157060801167177,1.0564965619412363
3.802147172282307,8.251877549419131,0.30806194755918875
-3.9984483461488414,12.132947644275305,1.1714917445968986
2.088314413121981,17.653827782719596,0.17126866102097785
-2.578299046329135,18.892647315763746,2.1673652157348067
1.6328779357751815,14.966891994255205,1.9938587509913326
3.9179941006637824,3.991419335060277,0.3318442661264241
0.6251268077628863,18.989673270775395,1.8116636569364462
-1.2536474049251813,7.605853167896147,0.3986063583829559
-3.70249569334873,0.35449681814245265,0.3775717641569687
-0.13554015559139768,17.302905165042247,1.8066044363399028
-2.4819581179406573,20.206536488094237,0.47262069552687336
0.3331097757427786,10.480638246213793,1.4642629407521413
-3.8013831848120447,7.433125257024242,1.884790812919149
0.01838813006355681,13.023854130300814,1.0940685891915438
-2.823173060017752,0.5430264691891066,0.4399362527416612
2.5310952176161035,3.827039182801277,1.7893667167814953
-2.7071126824998064,19.370806778367847,1.0478423466698004
-3.294019603593807,1.8849039377153136,1.0315423157546355
0.04975456138927348,0.32856600491968413,0.4074519857987371
3.881753187712469,3.9842372748143284,0.1458693726397734
3.090470986634046,17.052660538553226,0.6031066854864441
3.8794680020812877,2.148622382324903,0.08528506849811182
-0.959147336530973,20.969446389237458,1.9748904420287892
2.2766471966641317,17.239471757741057,1.9967918130913986
3.9625454259690307,0.5348879304180516,2.279546929931496
-2.1165044673022004,1.5372224090513957,1.9872304536623233
-2.638373294215842,0.5614035626542152,0.707638553408959
2.0703504024051282,1.5433965564912293,1.864733773677444
3.6102262654442905,21.280782717379346,1.5938337526129132
3.3290007466168965,8.676048781566974,1.7047356158264837
0.26388410141919844,1.6680269698288566,0.4650898378636851
0.36192326124968316,19.071314849007223,2.023337759074532
2.9899826162793164,19.75313249454413,0.15228653388687807
3.9995828919647405,2.80030400213903,0.17614707835213636
3.688080144938335,-0.13394744723336915,2.2312210265301986
-3.6371732720844707,19.111486239152338,1.7499111535519816
3.8702691369778304,19.001799977538653,1.6376699855735621
3.874089982170776,14.959988289179028,0.3331458995566696
3.912273694042606,0.5841328689251981,0.1773026987588669
3.9637353628239342,5.9193680774315185,0.1798383585320693
-2.9358256663330162,1.7406055542325152,2.12918749486996
-3.0836758038792356,4.530162237538381,1.8786750159344763
3.5758135950038725,9.932200431121231,2.221802014293779
-2.9978670904350975,0.2350214402412527,0.29648731219637825
3.993261823569839,2.1768374869593075,0.039031247888744285
-3.4110718072638426,4.448151050380592,2.000342577323803
1.9681100334414645,0.12468439521503322,2.2819260789398905
3.8556284076977105,10.104229888433263,0.13674618978614173
2.6131082365138116,4.89442639701944,0.3368999716406065
-1.9748029712530084,-0.4654177741434302,2.032092602595466
-1.3022584211162738,13.22738598413019,0.10933781150570004
-3.811481356205743,18.13323658762975,2.072563940171081
3.325709054148798,7.1975854942718085,1.1255986117755454
3.9970423099504058,-0.38249104479643936,0.9839303841871764
2.0320645535950357,20.272399075841324,1.7955006314525348
3.8975679976278608,10.368453053279223,0.15666964647403997
1.0187460251722047,19.826153766499324,0.2788378251175392
0.567861266742157,19.564896871993323,1.1252492444630584
0.09520971741374235,18.31293866169025,1.8815771620202733
3.552598114165092,2.0357472607117773,1.5271997634187497
0.8237861554868773,11.182921739638129,0.65181795914634
3.9356630023098242,16.516065800300144,0.27341801076627886
1.259862658027074,7.588637652066472,2.1807140603709785
3.6301164462044206,20.165279864153085,0.5621594257350974
3.906284343179242,0.33247969115854625,0.531231569307492
3.279064431392685,20.025817842064505,0.30905431623366375
-0.20115008048353425,15.443450644507786,2.200473983765793
0.8641915991585778,20.304050857213163,1.8322218918175923
3.8766269756968916,4.979373247327634,0.1103145628447689
-1.4139388832398652,0.9017275463786927,1.5850327880790385
2.6563045920211206,8.566051592845566,0.8135879497146388
3.939593184018385,13.159337601783463,0.05191043750976984
0.9072425513931265,8.141884181452214,2.02666666943808
3.9504859233498393,3.99739616300829,0.11482594695880599
2.945990864322188,0.4170482788135368,0.16617958148004336
2.6566135778909428,3.4129576661696763,0.3432053522571381
3.876733798336114,0.033797650260799075,0.2209508853348579
3.897172975869033,6.6535299759347195,0.07819408780079312
-2.7916008505327485,16.166130425280386,0.9096621799019841
3.9434705803873165,19.67380751368205,0.09268844333320692
3.930159035521328,1.393979757924958,0.056209638473905824
-3.999616023860604,12.286138707432249,1.962336934624904
-2.575568856840819,20.039529903991635,0.48075024858507864
3.9703736636063187,19.480608656898877,0.08818157717025306
0.9240449394320973,0.2809256019508378,0.223999337788409
3.965849788273509,4.576551247194352,0.48119651749461445
-0.13832311663751484,18.23645926645324,1.0935873025889782
3.0368105578823648,0.6718811678884192,0.1354548289046522
3.995734590086247,4.393184009895845,0.10375181547546662
3.991680775288506,0.0907174949470732,1.0320500177411656
-2.673904511253062,11.144959717288707,1.076469584751174
3.9985677878724526,0.5409722341554346,0.17269275801926004
0.9988774140271554,19.341082653824934,2.0642110417130652
-3.771197482496767,18.78393436806042,1.7582848874006363
3.999938321658493,0.1481690032935845,0.29366370015059884
2.209012018649739,10.416869550447014,1.7999666187280596
0.4045002357525259,19.961848632397697,0.7532145876471608
3.1229213627102235,19.929751941543348,2.088843004834314
-3.039076483492883,0.6921354424223997,0.5118214624501474
2.9439807572211873,2.5698680982971966,0.8358631709136783
-3.2642260382309916,2.7390583372710426,1.2092481438235845
-1.9869722981440279,13.765596848977378,0.2920547750489181
3.7925694044010116,17.158367190956387,1.0743651044645979
-3.9812075518347605,7.082073509325861,1.4972491662624672
-0.44546688865987993,5.372238954705631,1.74494551372737
3.6873154657829517,4.588728878200523,0.36301294637380965
-0.7542970883281827,6.31525121198877,0.7080269062561516
1.43674929021365,15.747393799396757,1.1091034481754485
-1.695787958640685,2.3397199136551987,1.2505798974504343
3.982713343860545,9.694060147253783,0.13341385067225453
3.9098635084644595,18.22521384328251,0.10455534348874135
-1.4434256203277789,20.135340024195504,0.39624204399883567
-3.3270815460206142,6.237919397126546,2.337466043640552
-2.5584599059527755,19.405506614502553,0.39292237446912714
1.112490669904251,16.25745641748112,0.4523922581573533
-3.9943311464715214,14.129738038656258,1.7760690058373179
-3.7715137251069972,19.08027967247687,2.092655625765618
-1.007837672253255,20.348974841502425,1.1123965379616298
3.073379303195867,1.4685778848712003,0.15696887806168341
2.417296723354596,8.671707181400286,1.0012359594376439
-3.6279410853144256,1.236518220720241,1.5717908905323814
3.6862111508303657,14.495488342438032,0.9098811628376966
-3.999270182544183,6.380735168370689,1.3049331476964607
-0.6465610393622633,19.566953012583983,0.4549320237980054
-1.2343555784638063,19.883874629180323,0.21662196408167037
3.9315082838528546,18.651563328445647,2.0428090489781416
3.924125135064351,0.8502335951324113,1.7621633488428645
3.2175837375146457,0.8788664887549278,1.1713711438754195
-1.588340543691135,21.03156454393362,1.4727724251912142
2.135266393576895,3.7965670316719202,0.41075678631709184
1.5004842820554807,20.768540356349973,1.775975086961015
2.581898180277264,20.257792870014974,1.3131494871729081
-2.485803019469817,7.342642424224706,0.6187313450679935
1.8324083926596382,9.127859129364124,0.36976390945584425
3.8719565623358836,-0.3427934567244538,2.307840598272325
3.604438304795276,16.643300330224783,1.5099079863685037
2.085023983286714,19.571691303542906,0.4645820653430063
3.9561538468799706,11.230161584695065,0.18890123131637238
-3.4705689034252933,-0.7844653931263126,2.0510138994491554
1.8542604768514823,19.217211576198462,0.20874621916322658
-2.0996545185272226,1.8069512612494996,0.540766286823914
3.90310984964875,3.467626106983715,0.23570285557056403
1.2470649241207132,1.799901768626297,0.9973363158579521
3.6887204858342244,-0.8758580734513142,2.193876797104221
3.935812142988886,12.828608043916146,1.9339588127779879
3.967110057047725,19.220036664793774,1.7559381458866181
2.9362395941023753,5.791891365445332,1.5752964024441216
0.14373337238789732,2.3880685012522043,1.8686351948322553
-3.34449167660959,18.272618527334977,2.2532567839795345
3.476487634388496,18.762382752478523,1.314472010116456
3.6306217901260034,0.8575113201779744,2.1595386902508316
-0.07839692729792637,19.782721997597434,1.4259222503095828
-3.5071442022176624,20.1707924550898,1.7945687836153217
0.12289699244249798,11.446146370146543,0.3835691478671811
3.947588937706231,1.75832476086789,0.5089637353287968
3.882967417372032,6.1740681536628115,0.07759647783779891
-3.9887194858893413,15.592864594033749,0.5441617779279752
3.834866688228728,3.205161089827964,0.30619551448211185
-2.314121560835469,20.518610445299032,1.3609603123263874
1.1122702795214117,3.5348714701132278,0.9306525054228217
2.242141211491896,0.22578244336322076,0.3618577189086928
-3.9981532249911327,20.23369947508322,1.4071291089714966
2.4855355950461666,20.774237691531365,1.9495476821221926
3.9791899052856885,16.015091579541963,0.1973716660419434
0.04841906443593408,10.589297965532865,2.0321649001228286
-1.8083382276133284,20.715380421972295,1.7780373196947594
0.6394953357503147,0.43338653792551285,2.22007074362203
3.832423615528581,9.165717194015771,0.2428999087181501
-1.1507971509355472,20.831306234535276,1.2852186832925259
-3.6550800930382956,0.07600376514325824,2.3178884990120223
3.670095603285138,3.345681277794803,1.9691664889169778
-0.5725729117957684,15.133098404293257,0.7467149505285063
1.637165108577021,14.647631209383393,1.8543475246810233
2.998940605510219,2.011389833393572,2.0726594030785512
-3.0378021800844635,3.978226784483408,2.2004664091668817
-3.666091260324369,18.287864628216372,0.4275098660127937
-3.7584529969994875,1.9188410104770675,2.0409533377658
-1.6925775227184123,19.013275989794362,2.220501183077077
3.3952335153979134,0.20967893579575922,2.2345744008181025
0.8201871415619775,14.317633404966314,0.6350873262613752
-1.16688940598491,2.067811725615445,1.433479178873444
-3.442361314961126,17.682547260005382,1.5170058462549498
3.9976034883179,17.553294820728468,0.12252188987110578
2.682534970158291,20.5102723883027,1.4023481827714979
-1.4048541995020531,19.810663008061926,1.0785649780233466
3.8828670850486438,1.0604513543473717,0.21146372390208118
1.4213369899097776,18.954046489286092,1.513684593394181
0.6494178879083867,2.0387364946895956,0.5782322571740806
0.9717186871091766,19.24739421993137,2.2005303307230477
3.8761675604205643,10.149823180782715,0.11520191995552453
3.808553404892877,13.777688592548364,2.326075629209759
3.400120714119502,6.473462144011824,0.4329512669579842
-0.5196312501215014,12.18610321193763,0.4558704078044062
2.7411759589962155,20.249203909994087,0.5814958927923625
2.609949916706127,7.5706853160441225,0.0781001527595353
3.9385481696229263,0.48447142268658144,0.0884325281544959
-2.1594816827619776,11.09146635631289,1.2628145844448526
3.9877124899867287,13.723060480710425,0.21463070693042124
-3.442756632153297,17.10124056986027,0.45183262854245076
-0.861489551636163,1.4612278095452027,1.6746430132215617
-2.6304793677873937,3.1884443656698727,0.24955741266367235
3.3264605986875186,20.724179211567918,1.895094893191949
-3.2195098586821285,12.176520064024558,2.1482308896852444
-1.7469817270697894,21.457656966094724,1.8484006020905421
0.5476050285725617,-0.11881759799269964,2.2965222846432254
3.9533180376855106,12.738144735820999,0.03617909192165412
3.9909344441324737,9.201773081426243,2.3510466585024496
-1.8310728841134487,18.355455970845888,0.924800975503095
2.9212918757427273,0.6154824237973873,0.16147393681291763
-3.2030155679134493,18.641973535461037,0.5343901022683896
-3.9853541263476,15.90110609382797,0.47044401628506904
-3.933305654855923,19.320151652313157,1.7760889998560534
-3.926942848092302,8.912904823821666,1.282484541179022
-3.963962974559044,1.6710587994071573,1.799896918781339
-3.266574904729527,19.615338338807515,0.4389575413463403
2.5932605829340805,1.2480795312276136,1.0287902441841492
2.4861614853021834,6.866270494426965,0.17459582294568263
-3.9942702503829732,0.5929957549647232,2.1808653535803435
3.918338057966077,19.56090869047406,0.05908717085472459
-0.16667482117602328,6.85835608025167,0.41376813901606413
1.9931865249100684,-0.07586090057226355,0.501172148980635
3.278897697350042,0.5670323887317044,2.129140930582214
0.8162822411750131,6.590602301667025,1.797682091977411
3.479417908191779,11.607742442738608,0.39356761413459135
-3.8382559267987597,15.264494064392583,1.591108309857743
-1.8063120472469982,0.3047615047001889,0.5762552445106464
3.1771133000143226,-0.4613131804429408,1.9407065479960208
2.667834822322147,20.753250899545552,1.7664060346716333
-2.7185402926920665,7.84225572638019,1.978687377707804
3.9983135664117366,1.4524677717020624,1.9234008864931236
-0.3382491364772089,2.3066862153063905,1.1414040950575168
2.132696207176289,4.520695601072467,0.2404181265729517
3.911471387581032,0.8340757517997166,0.0766704690859119
1.3202532407293976,1.8851328349813263,2.1285486934271765
3.9983523350567403,19.295099846613063,1.1136333379497276
2.5433557450741966,3.226354559918671,1.9876481635198213
3.3093489481106015,0.3966175351225127,0.1718397544183617
3.8808411160097513,7.617845139975583,0.2238364523638011
1.4476249933738614,19.31715945536851,2.1729689995514736
-3.909525139932526,0.7430907682456712,0.5908080752716178
3.9873600868370147,19.74317650903595,0.012777833053050892
-1.3400289017807288,1.2352782582231614,0.8772737539539436
0.358576911456288,19.79723434924346,1.9854526769511127
1.8731673622358855,20.639004823175103,1.1047888955665484
1.2530684101681817,18.831232144552892,1.1558381677467693
-1.8047665984103483,10.391026687818144,2.292771984576242
3.9413545457418673,-0.1498950546455681,0.8007036092696596
-2.5579634403429763,11.072275639248648,0.496204568805951
3.4860792227174473,14.501207227723429,0.1823286043044218
1.9697580135065567,17.89657315960252,0.5014789934516016
-0.9016979497538645,-0.24194078520397788,2.0143159700225985
2.0390040027571565,0.677375120781283,0.3439895708150229
0.7603082391824068,13.577338194789801,1.7390981520588975
3.2537773879459757,19.727884562053898,1.754857280366845
1.6378306851037148,18.510214074369667,0.34897337095829933
3.6484314010058387,16.78891482278564,1.9082714732685162
1.4661958419061971,0.0728749680928925,2.2630341408681414
1.69341441968719,1.3265253471164573,1.9851979651351528
-2.850343288124538,9.387529976138758,1.6334914840207164
-2.472054960301262,19.62099147823723,0.4579646756049753
-3.9915078212971236,1.3019772575664221,1.0057849577769011
3.8758627205984246,1.0175751442855312,0.11342807456062157
-3.9776280147761445,1.4513155300031915,1.359042726520799
3.9872144968756467,0.16466574576613785,0.15015252883086128
-2.7667717391174547,1.9464581025465004,0.5798063577053988
3.997066861215062,13.163036656917875,0.3044644706638795
-1.3209068246052513,6.0392933817723256,0.91693685444295
-3.9211943639430094,19.882730698859017,1.8022813229897283
-0.9341199677784777,3.3689265779295723,0.9767311659811017
1.004210387695119,3.1217023147751437,1.3236114325274118
-3.498890340248952,-0.14004786251506968,2.0044588059431985
2.449959635351402,1.1148427623381432,2.0963075852250657
-3.9256133804206255,1.4856277731438887,2.0006783578801812
3.9989793416806205,3.2301119262769733,0.21338134819297883
-3.0922268459825366,0.3306658813563515,0.5112470829402085
3.6236749266965584,19.336041329770108,0.32738387541251107
-3.564698670836077,18.508781526943622,0.26905599459294977
3.8830406979914778,7.9052948769380915,0.11065525819523869
3.9751247482808334,6.817399831857785,2.018578637544415
-1.7081593536998974,15.329833784849585,0.7003488570748371
3.964350369130667,4.785771001996032,1.1340877921813086
1.434418958575408,0.6749847647007232,0.5976709517895311
-3.8176368870871715,-0.00728638205299649,1.068138481136387
-2.0369268878046842,0.6571699615214963,1.8516402289658342
3.934484153004664,-0.4394645247141634,1.1354413561082684
-3.5965750389606876,19.5361948052535,0.2344882788313182
1.328100759408826,7.024571797169797,2.237398598592052
-3.2113986165957358,6.679921564787582,0.7753429527709972
1.2063994839441206,4.035924227281067,0.6015417957104443
-2.440643012437228,16.764993912021943,0.6525081106396562
1.7499882238896478,-0.8388765600785155,2.0017438003898453
3.7980560233879226,10.87422648409373,2.3152392200853593
3.620434859353071,18.643430812813374,2.317980965399885
-3.9997765940604126,4.913797597685126,0.42062669425527544
-3.6557510136902662,1.1289423225054582,1.6009874081499058
-3.242288430915678,20.361285866724163,1.544554922377268
1.6305956622782598,20.06144864166947,0.6979240515044168
1.8517843100043356,17.949710489494453,0.1842110891275492
-1.5137485709998746,18.196795143762525,0.5593953967398828
-3.9005587066747336,18.78621781644215,0.3479377677219613
3.938576894519862,-0.2551487319346994,1.0578754822884424
-0.8797688328955461,17.443873773268603,1.5952479789720957
3.761250829782114,17.844592652126686,0.32673216334363153
-2.9113169213878507,20.487640453059104,2.08449551834965
-1.7526215877622373,12.343807213904972,0.4015007658539971
-3.870700660659314,19.321940839092477,1.8221149559971042
-1.3853816843839508,18.631013235184383,1.8837929496610575
3.9757552825576767,12.405440364482315,2.1956668327648727
-0.8120346532667166,0.4110643250676254,0.41468398389464234
-2.308262713347916,20.7547795459295,1.0865270154341953
-3.862038263571796,0.5289489393851283,2.239105351009165
1.1649514634261595,18.968462595009346,0.3453089570689922
1.0600684156495415,-0.2734138668892308,2.1097284102858644
-3.36806365532497,0.3498267616322863,0.2904626271320765
1.1299117504251015,10.424280883467336,1.526399023163792
3.7395279634402128,19.97174158744578,1.7919527499438057
3.972138880555926,18.837008168413767,0.035832657794882775
3.590708406269086,18.274855852055058,1.5625588591488282
2.687343043281134,9.433791875288888,0.26572494789544243
-1.9473490277388936,9.996242194831792,2.0151301828713035
2.8536184528709216,20.443128742277036,1.7067369520241897
3.954979839438157,20.571672156240748,1.9014913841349221
-2.6768959895542617,12.989207963034527,1.5774068218595236
3.7849620166080076,8.146195296631056,1.7360838054295173
3.6252813026775867,10.91023636678322,0.25391195724374405
3.073670337508741,19.483719037728445,0.47873581944520666
2.2759489126453625,8.499188370876707,1.7327126727647806
-1.8356505174830275,1.0415232872672744,0.9399342039795469
3.9236419943130874,5.397953485347438,1.9861533168169045
-0.21502556362375708,8.190095326889786,1.4858869806890889
-3.297511130778875,0.3395161801144875,0.3972880978233891
-3.9148413364418486,20.236019208487946,1.781377993994288
3.89794245134982,14.12589022399453,0.26615742227233397
3.9472369378892216,14.744884728195501,0.19655492366580113
1.7350229013126046,8.156905325611786,0.3757548235078983
-3.9908900415972264,10.218024958611439,1.7754168430273516
2.467824709078362,16.590300776673576,0.4584832720038682
3.9951995466671106,18.611483779298183,1.3580489497809523
-1.3831003369501123,20.218007763790247,0.5459757359152733
-3.367629783649412,21.300075082978164,1.889180428571218
3.990817500482929,20.28830219056511,1.8024861202219988
-1.364458539965067,14.298583824095735,1.6774498231904498
-1.197856393114803,2.0970381948388246,0.6157145563353119
-3.812073163389714,6.149905958889304,1.5117172644841281
1.073798128314613,20.365797406551515,1.9727391320851342
-3.6024829653843384,1.8565231743364143,1.6417421179024116
3.8794054307892076,13.818899597601732,0.8271346453137814
3.9892578529446157,13.172971132143918,0.09808505187587017
2.121611536076235,17.323587655021782,0.6918394789132221
-3.091665011381861,3.1907518955434084,2.2622138107221845
3.9999516232029717,3.349616556464105,0.03343900118128844
3.5235735479182413,2.56398149253466,0.8516051065428215
2.3832732947380793,20.039216585278737,0.3062382674106477
1.6671360544672167,0.6108345405533182,0.4153635072422702
0.38174610516168167,18.48687574251311,1.1565163434627852
3.4192034099037025,21.062645916306472,1.4602927002274553
-0.13585089461746916,0.78891269561371,0.4081915586335856
-3.932484725768941,1.7744720886408853,2.1759096019459694
-1.6807180846689638,1.49405932350003,0.39817294872799697
0.2573147127992534,0.3051605971458483,0.3930021028992808
-1.2664273001510518,14.24199845124563,1.7400459051327637
0.7007423381285907,9.966132969463523,1.4732389550844818
3.9918782527538177,16.528070200682542,0.3058075555028408
-3.3139434246810326,12.093268886304477,0.7256151145188636
-0.9356761179220946,9.58511890894592,2.207433356682315
3.9107005846240948,18.058668623293485,0.08282306609359963
2.0574867452017207,8.013919384807302,0.5272471490939771
3.8873430076930813,-0.010452553047759133,0.2589604106011691
-0.07037782521040134,2.8590207261538114,1.3349042953719943
3.881422121451788,0.36590751701934493,0.15863210903378655
-1.770396018376735,-0.7036203242636585,1.885806007935725
2.5552337578343467,14.529000479189689,0.42805293982553994
3.2980178290130127,11.086301592263023,0.27735152553399284
-3.632580195194815,0.8874308441886063,2.079636487320057
1.8374211675035348,21.63248184678303,1.8904021617278695
2.7613268935879716,9.540814256072322,0.6786538144882613
-2.303309648204249,1.691749182263125,1.5235565467520011
-3.9741538483172056,6.753354359310455,0.2615401878794234
-2.2218247969790568,3.451238881766398,0.4021892382901976
-0.12901495991304582,2.926865247130423,1.9281859055899901
-2.6040883056749795,14.239811547163226,0.7262309762310335
3.2167932049251275,3.2067726401435865,0.620660152109433
2.329587653978278,21.318722885684885,1.9587836194676291
3.2791226081175977,-0.05835646966043953,1.541050275423458
2.1049746599389487,0.3007035062929023,1.8162080432155552
2.9390265333187613,19.099197463209748,1.1805748540387075
3.9852124565474725,19.531486998506967,0.06999502963974974
-2.808099135453425,6.143631182823168,0.5950418501711008
0.04987241909288956,-0.5499819454467856,1.6798923317459609
0.4172599552789159,16.111869475523818,2.1226584848190493
-1.172494671881174,16.40435092402995,0.2360661632562817
-2.0520225479612098,1.200149382256297,2.15291395669505
3.9992316145764772,0.6424221229905066,0.20795895554341864
-2.5932072558533976,0.07408745364182268,0.4008135571476815
3.9885855283601344,3.5925205512022775,0.11450591699707574
3.889028232204349,1.2090182785104746,0.07637880953950887
3.2397314756776403,2.6896496437143544,0.5970948781225217
-1.6963074672095384,10.918931070167448,2.0954463816658886
3.9995804413621214,9.761599664970394,0.30534824073672745
2.1228939982613757,6.470334828350168,0.5476267475603753
1.5304833447905308,7.0045972542962085,1.009073474747255
-3.9186924622193438,18.727278434673085,1.9073487080512215
2.441974423663799,18.49475295750756,2.1571183576356194
3.9358020178685607,19.124701690756183,0.3501696676092515
3.9218980410428466,6.661736429256978,0.24712551415725778
1.6667119239128858,17.618704445917054,1.130498149347072
-3.7872703112467,6.780634327025599,1.9116006693359184
3.5694555724151984,18.448856210115515,0.7702344779089701
3.9955200999781653,14.083815715008315,0.055840066672627475
-0.0288582796206329,18.640345682996074,2.110909235014466
3.136475344708974,17.846775694082762,0.18434272987368489
-3.623046727375434,19.13824866471573,2.1159660225657904
-2.731290806420347,16.17075801830673,2.045348204400742
-2.217047326950061,20.157352797977357,0.44517325744214215
-3.5955106912092605,2.9843403315849133,1.8224747427790806
3.5632505741519944,2.0188874670129686,1.5009213066746636
3.9978414200157677,17.64750952528875,2.0643751664639405
3.950362290252872,8.11180371190273,0.1674274505947591
3.6030768768527266,11.141036143127534,0.14055031934931386
1.5069454841878458,6.298544668639987,0.31623787396494185
3.7501127954856197,5.34305320532444,2.0593420744352597
0.32138094837764264,15.056139928764217,2.0038620047382114
3.964039495468134,0.6024035812646383,0.19859567989732713
-3.261051408848026,0.7063508693772396,0.36800898057704373
-3.7435658333259303,8.080148174929116,1.9383891253782255
-2.4017436391849225,14.203790883901961,1.2233415569193546
0.766128379849858,16.642302809394284,0.22842099148839157
3.9698574807010116,11.771152179079873,0.19343609947515597
-0.9917024844154624,19.80194933807928,0.37015076625446125
-1.1657680213113917,3.1855068099207795,0.5753228077956202
-2.8637455367471376,0.8575813069966829,1.2650836773634224
-3.160786244974214,19.3848090295872,1.8793235342678993
3.1897948761823405,17.14688079833218,1.984400873813597
1.2468999860744008,19.236633648484037,0.3328551391636191
-2.2625589070388035,20.700794480231238,1.973510911875481
3.9238949334503173,5.386058572767954,0.28027094261151925
3.9090429451931654,0.9057764498440836,0.07785363092741578
0.8367121923044936,18.42612197401638,0.49890082962319493
3.9091887925089814,18.908325493641918,0.06683416741127947
-3.944784089250477,8.167091338465383,0.31128645639265196
3.823148157710901,0.48810408378101827,0.1639725813195215
3.690285965093366,19.467658513636735,0.2398685213541767
1.0154948582797019,0.7927778756414724,1.006944495534168
3.992339487980359,11.978025530961531,0.19150192175543257
0.625898575694414,-0.24136379068133623,1.6610838312503542
-2.3971185723860984,0.23370757446577425,0.45769834353549754
-2.0718090905413056,12.618794626491583,2.312671945686311
3.8884431217973523,18.442450939028117,0.07147418729814635
3.981748804278749,14.577127733746238,0.2259526545505256
3.8641919352547007,1.5115246363352823,1.7376537537758685
3.9953159117762707,0.20825711617182088,0.040073628462355834
3.0493381037745033,0.5281478108690969,2.107738060116073
-3.0638365069647833,2.6076837960423416,1.6732967406989068
1.5067924699248738,1.5363753058218892,0.46535145737619915
3.8034234153611255,20.537405776626557,0.8100305108581783
-3.994643558364799,9.37092733827198,1.6017324042309522
-3.967573845608603,10.984046100882445,1.583035058563746
-2.108700916758452,9.439411962350787,2.1027162730950217
3.3358270175054456,0.8025692754928315,1.1299748556951656
3.989256309938711,0.007203991873360419,0.06237436950443462
3.885098735680502,2.219388043665598,0.2737461173130701
3.971338100910618,19.663113931221407,0.1298514045755309
1.584204480102321,10.380489133754805,1.4487451583404294
3.3506714214855795,20.092351528741368,1.5274468613274983
3.1880104282735573,15.974078342907694,0.2848728491254025
3.975405585681901,0.17638323868062547,0.09424287731616635
-1.8637401003965361,9.386021454538268,1.6887894581009195
-3.9957923688601222,1.5036249633433378,0.6816747048479489
3.7150880840807936,17.786607830268444,0.3124084819374379
-3.997013061658214,19.613388693313645,0.530611406337884
3.5058477756296647,19.460516001716897,0.953261861183647
3.947359032913478,1.943983016164385,0.8112089162206719
-2.891438839561052,4.36193104354094,0.6224834702716322
2.833008327568832,-0.22738978673915422,1.7136781407691575
2.4421368053233716,0.15618166847428872,2.126961113325475
-2.007785387293747,0.27146483320964376,0.3615505693451764
2.4501424443592272,1.4985230799030915,1.8479611692135804
-0.0877071610204981,19.464987823883064,0.21460939669922574
3.6260780520069873,11.9956812460811,0.13985379688780059
-3.9993471475893516,0.13132405613829437,2.3061107841410875
1.0277121868273724,17.257999485201996,2.0997349461390935
3.299057759689162,9.870966057684175,1.9798921581238509
-2.8498242386676482,-0.0326199085919503,2.169483276192612
-3.261569373967774,1.6596173332724193,2.1148543763255008
-1.5024065350551217,17.62476777056435,2.0807220828067243
3.9966175604310505,3.0680137585086285,0.021367146740611426
-2.613785394415919,14.09166043443951,0.24086694560013636
-3.0121747436625332,10.66416451942433,0.7034894071853124
2.3917957271387804,1.9471406291179503,1.9499863016210173
-3.991066496028849,18.37398077299234,0.8186980648270622
-1.5114838372982675,2.7076930036379894,1.6005887673553167
3.997435151108101,10.377688018638096,0.2013100827135406
-3.979862359238266,4.75818381566381,0.45469512794326994
3.0786065570880696,15.633059042352501,0.31542588421018536
0.4482549161286015,0.6786076196545948,0.1099656426944164
-3.5844645618760325,2.4424598021900557,0.48066638626186037
3.663467394043013,17.613566996814704,1.2625625615956069
1.6871940114965043,2.3532115042711093,1.6536615814004236
3.6902199007277856,20.001213163388236,0.3225442588096508
0.5580651026501502,2.465382123146179,2.068222248946256
2.1084833581156506,19.389871489515055,1.8953683254999045
3.995909918140242,3.33637581978324,0.03422615700459795
3.8892993022543587,2.8527699213125706,0.12308877631807552
-0.8708681040717198,20.474568751881673,2.0032092048069248
2.2409193557766063,11.763463339179538,2.2213325274401505
3.8064234027352226,18.353565617564968,0.62212913510856
0.5115982175426824,-1.0274756787575292,1.6987320741529648
-3.6735749982760275,0.5035558101103736,0.8619222821501271
2.0148959696216346,13.736077439976631,0.9181804292234251
3.9264472886701025,1.0462633128726013,1.4861033975133155
-2.4452329167995845,20.250302855807423,1.1276400225061656
2.653834607379669,2.14785646972879,2.107311898116196
0.35277178967614053,18.132534207767904,0.6330733703121376
2.9216376861850546,1.3362027816867426,1.2005176573492522
-3.5063109100864374,1.039709634930087,1.0933908717846652
-3.5164549143821833,16.75254840225648,0.8733144840294083
3.9621678852959823,19.106773883519857,1.5398288252824166
-3.981763837082287,16.98240297139304,1.971490267838886
3.981694070838081,6.546165280712843,1.7645647483976776
2.538058903356432,5.346866028510425,2.0454023078800696
-3.9570715598467108,4.258809342097231,0.8636810012902473
-3.7348479694898393,18.30752663932399,1.0573196158282763
3.9323334068939997,18.275146479683166,0.5787859656070922
-1.6969196351302356,0.6733625546965343,0.35573197529984585
3.6534073860047256,1.236764282601364,1.1256025470600786
-3.8013019823866774,1.9343151983212947,1.9604388722514094
3.5950652411070516,1.4326173743450716,0.4125323916132207
-1.5111860111581084,17.105135227175744,0.3726435368653741
-1.3251457618847284,5.36375141434715,0.5482219953519202
-3.017785813496876,7.708351431404221,2.1657595424284364
2.6648592701119314,0.03349207085359219,0.16738282330097534
1.8530403641454767,13.440481171066722,1.6670704487252386
2.086201806669757,15.523810960106768,2.253414845977273
-3.933275205520582,19.809975498462506,1.9047999045845625
3.8812683307968623,0.4201068387482947,0.22915009358740573
-1.5253792707044713,17.547510612631864,1.8327826923606074
3.9738903655634883,18.92585883155492,0.026997260983637795
-3.2307734706149964,8.844976401667859,2.3569780984687143
3.927478404642756,11.771876925627412,1.2756288689892887
3.948520251251952,5.119949497529053,0.2002506165239864
-0.9370525880228177,0.4408515906781302,2.0409079851838783
-0.012936210839979676,20.721968865674004,1.3053831726062848
3.576510903746878,10.215307809583727,0.5377965468202646
-3.9594732621096704,20.02297157880761,0.9184172121417401
3.99996958172816,11.9198073129642,0.20560514994478485
3.1303237055285993,4.73826580589648,2.184659270202703
-2.4951415299637043,19.655247935460636,0.581569054859272
2.4286731135817137,10.52924395881115,0.718899072756487
-0.7650340358847149,0.9401653230433378,1.9708291971293985
1.588995569520195,14.390461863952245,0.21977620769181466
0.6272446523261538,0.21147069528695528,0.48993270290017094
3.954064484751773,0.6307843861571762,0.16374982599620283
3.9313141630161432,18.751508182427834,0.03411510167901338
3.1655381332973946,14.759251779175628,1.3709655604703432
2.1733365415655,17.782048242385343,1.1622463027794077
2.5565294661787243,18.238136544175834,0.3932840498895931
0.3029311883277625,19.014081755620616,1.2176657329205112
3.9588055094292156,17.605828754382518,1.8788978736904474
-1.0506909083636864,0.059235363002290715,0.42703020797048424
1.1363078553406563,6.069807113372018,0.6578432882610336
3.8929625371423384,17.73422008944369,0.04409425897870599
0.19217788936627855,9.02685617252933,2.0948664016439515
-2.272657662549041,6.1724309121868774,1.4021068418841498
3.2344651464224503,0.9481805417425118,1.8715963068071628
2.823695554633087,21.048405225452413,1.8178394038462875
2.3361112690215897,15.305210150773792,1.129153936250694
3.9078169561910934,19.48550156209964,1.9492612232826492
-0.12236598660358843,0.7879645106224091,0.6147913145509608
-3.785930541720951,4.327039876155544,0.9274700337831002
-1.4252268339936114,0.8421950923820741,1.4812454091551406
3.9124759773815447,10.4101838726594,1.1423278046122027
0.8349575420980258,16.57762126042212,1.849345934260859
3.7565182101277212,0.661328584606426,2.064898150952177
3.9151805120388614,0.5268549345854425,0.09207558423623563
-0.25103957649519915,0.9610038027010152,0.3838352578281567
3.9187823324905753,2.2222964355258075,0.24435113533246422
1.6681661753798516,1.8105311380394715,2.1021472530495973
2.7103074210977622,16.27184193146684,1.2599186248588663
3.880702856690645,16.0491745781243,0.05895776728213918
2.1144333828501716,16.892719993312106,0.21275854476362688
-3.9179309534998876,7.806064252499344,0.8082944240546188
-1.2337282710344735,20.218434644489143,0.568517296499746
2.928122317377953,1.004854099156199,0.47786062185508427
-3.2075993171207684,2.556004588248846,1.891055847601294
3.8297579074266697,10.664905054402636,0.12934292371248263
3.9216088613455233,1.961194799734174,0.21472094996697016
3.9999804793815796,18.395646316830042,0.7471641474099991
-2.3879814710185583,4.186376557762255,1.4720268773355176
-1.8745764533586697,16.46814836415873,1.7050905477681073
3.9171022210297446,9.055993893502936,0.24873310543261973
-1.312034929917066,3.27148063197237,1.697856151548462
1.5282359248658375,0.22024669981858416,0.3387315277676047
3.824611858510533,3.2255648072124354,0.531903299493253
1.7028209300603039,8.740094933603375,0.2816255226512155
3.9436172078282925,9.238108798245385,1.8966721606075403
-2.2441672731195084,12.039504262096544,1.1419718333289952
-1.941456521560199,1.0623398285716195,0.545093444879293
3.4753971536326613,-0.7485379324996667,1.8666905135127314
3.8992416321234593,19.68877000399257,0.282555911275323
3.8757972858687406,11.88953904409862,0.10694663314873487
-3.940867315259445,20.922744400211187,1.5900287469731793
2.060128237545129,2.9955845622107327,0.15158589614705145
-0.26220271086596036,19.49135925567887,1.9265793604760066
2.369082641938724,18.658955989205506,1.2767557268143495
2.6837211547964346,20.08043177717443,0.7255950129322518
3.8211828573747475,7.0044101518365025,1.9535655492282853
-1.1336811693410556,1.9266861789869334,0.9369305111633364
3.3048082244915316,8.02282245150648,0.16866333135157785
3.8846115346289487,2.733302193427408,0.07245399491352972
3.939241613610137,3.9837512875788192,1.9828834915841405
3.0012138496143006,18.216242632232944,1.7673705895531742
-2.6339283766318724,2.5656979737768166,0.5699443804521035
3.923640726985002,1.0269424372644422,0.2335450513680565
3.2384467266573824,5.846619375062113,0.09476092114618395
3.9087286921611186,15.691590127524842,1.503801281381929
-1.1907370453030082,0.39978638706504765,0.8036457972397403
1.222669821300388,16.805010847311483,0.8902511086383548
2.7863043502054468,19.06401146012487,1.0214184546761136
3.951931145874786,0.43177764229081567,0.04564298411413311
-3.6131878927890173,17.019663873688746,0.42973744531263564
3.965919916951339,2.861883222445836,1.998255884535732
0.4887368353849975,21.443925117918127,1.777893797218133
-0.8561758611059613,4.701998704602302,1.8829703431959517
3.402443471080404,1.961031532750852,0.7341077754451713
1.944978624094675,3.9368011584323312,2.0306218458476573
2.499596921068422,3.2659581598772394,0.48268154744638886
0.6275069306455205,3.622007507329567,1.9802717937949332
0.06579605509863622,16.95166785906754,0.3539943883987662
-3.7631609600065437,0.8360849390830155,0.5836375121163895
1.9573913714737579,2.703490729754461,1.6127151162437228
-1.2886246263458216,1.3691661470153682,1.5091658372102494
3.8762461420516208,17.980959313403318,0.25864914764238756
-3.6937531121857177,20.17894393098167,1.1520259648694684
-0.11897286155807368,9.528263542790388,1.6886307521031196
-1.5042971178254623,20.490499897605808,1.9900161752813992
0.8049042304020243,17.054405580060287,0.3626821555491143
-0.9711685229789595,12.170063208602784,2.215776823353285
3.5369080309869254,14.157589953778547,2.2798908585688396
0.07492716922781806,4.514968848239791,0.22245597199012737
-2.29752159910152,17.74831335421285,1.0098989073659843
3.968199353827357,4.815496055808189,0.09787949294943465
3.3558404499654326,19.927602070377773,1.3246274867570946
3.309880166191487,2.959700707184586,2.1664862200332067
-3.241151810197844,7.694136660927726,0.42307704463204115
3.864889210680265,0.13314210949511457,1.1564569051934932
-3.8431187077473443,13.352296194757924,2.0333846403999067
3.8823654613299565,17.69959700605067,0.057178862144914105
3.2591183996597533,20.38779931564059,1.8491671754062236
-3.5715886397693217,16.06161168094207,2.100710003529752
0.20511182587571367,0.8975788954428514,0.20669397566317926
-3.0871940141679435,21.27445705474311,1.8924234085359657
3.8892661445566783,4.937390705460552,0.06128325587750291
1.4084093651407836,21.508126109830794,1.7622432663712524
3.8796793571075305,0.3839640378109159,0.13930466062493987
2.854345340223799,6.335467101871,0.774491625312379
2.241009600163612,12.201879267810803,2.3219561297933646
-3.335389993211836,1.6369887531435579,1.8394673146500125
-2.259195074129888,-5.813824769283771e-05,0.8726718755471977
2.991669716791408,1.6463495047004788,1.4982468902250639
-3.229697820148955,20.66043339391375,1.1118386579813968
2.3791300104589697,1.815646486354575,0.9830336607977045
2.681075507171852,5.427096341243951,0.32156293871027886
0.6027121659123055,1.9876389407165778,2.115750733880703
-3.4530297616800945,4.195524439439557,1.5135312184193745
3.260324445715893,0.022450394752337434,0.2882481133290844
3.0759602023904296,11.382719245754215,1.5353246867532984
1.5401211071656487,5.551091239820935,0.3075120197519164
-2.857159473140237,3.063655071258776,0.8904571470779912
-3.835862171403855,17.2042420763089,0.2655411026061474
2.9564277536033483,14.623018861638165,1.8272619392144847
-3.998630860914474,7.405603979409845,1.786502394467203
3.999929321331528,17.740284513396656,0.004991010031648341
3.990857092943639,19.52690928075702,0.15368930922044532
3.9992417125818465,14.90437597606685,0.04169739729746025
3.965950168876904,0.8361879156491743,0.5997397579511509
3.8845110331974495,16.994055648256392,0.11157372572941937
0.8291218616354168,20.47918941546361,1.798788253587916
-3.8357212780037453,19.20814436260031,1.6135684262456313
2.867787608405217,17.426657207384125,1.160512963968152
-1.0638512610319109,18.59860298944604,0.10198965384583554
3.876692601707041,6.23110377150388,1.5488062224633774
2.5967498073331514,6.380409995493531,2.189588818532177
3.9827151431665806,19.714334267016824,0.04402902108801677
0.4880198646640284,14.59872802819814,2.222218835087921
-2.706107181556511,21.084783562979908,1.5093540547874407
-3.6847779414760993,-0.09925945924861702,0.6253243887396048
-2.6777789275174126,2.0225442959366813,0.4096728658625508
3.043347263205647,1.5479963564756851,2.032685001608122
2.6244114789062305,3.2555989146647635,1.0776365883705772
-2.3590575380271015,19.01401104251345,0.23064724644900997
3.9746742019204553,15.522965943623207,0.19033193581728577
-1.6520811883110544,17.221009976903126,0.9591981690565865
3.7665337811531536,19.586927945745487,1.9193617396697384
-1.0374477354260727,1.5211376911138281,1.9649635524577445
3.9343075370225318,18.65735002966321,0.03399632296879025
-2.1373229671010177,0.9508275934047683,1.276924736725223
0.11615956623384112,10.897021137221833,2.0644487588683096
2.323503826824901,1.5432358874966927,1.520021519848723
-1.426482011698246,19.707106808393974,1.8744313044253926
2.6119071915038132,20.324570187579727,0.6247893243605099
2.7766159126537513,6.945506354681833,1.3610184013685447
-0.47752412572370795,6.8124195256188145,1.2656121857465192
3.4552408664040857,18.739804020495434,0.1454580656573862
3.8858495667561286,0.08455532985790148,0.07023174181839287
2.716398441174668,13.450738355506697,0.48509091930333254
-0.6807467791078953,3.5986371144883873,1.4857947541438905
-1.1182174844758856,0.7345238027889993,0.10037312838071678
1.953639274775753,0.22758369511415644,0.9380760486927856
-3.9740002543500332,19.561475320429498,1.9460858915760921
3.925924253625287,17.891956327167744,0.1300735360003065
3.7931053197862696,20.074172626550215,0.9027729662196307
2.744324178357193,11.766708282763588,0.36202348909087456
-3.1934649440828142,0.08576696409190272,0.396671813809091
3.938349087866921,0.6858319495227668,0.15786696851609616
3.9592269280326193,15.898252601657859,0.02317390962554166
-1.3718891301005338,20.75658852611476,1.8793054179360456
0.7242371837835239,18.55958051868079,0.37751992971560133
-3.2262628252882966,10.004917892012354,0.3991178120814085
-3.8080422909348415,0.9982153153511333,0.9794861317160398
1.0658954169434696,9.653022582299776,2.2844438729745074
3.9739676362792435,0.5747153799605836,0.21967647346704272
3.852696862813758,12.142148562298686,0.34825060740551306
-3.9893426878102405,9.939364973152694,0.2449432439062673
-3.9987018241800603,10.772381903574182,0.44304768230999914
3.9855495470388855,7.6013257064254,0.13013851721092212
-3.168339322249317,17.985882096418315,1.222797312696097
-3.988122422986023,18.677077540431537,0.9126465674577833
3.9576833916317034,3.1655144385621425,0.045880349114079205
1.6857710516016364,21.45398981418678,1.772059873913622
2.6799996782435285,1.3730551596684557,1.9795592139039253
3.909224743734841,7.503337052175474,0.23899198167390584
-1.6691584249438,-0.003386684812444085,2.1640293397941623
-2.1347368904880746,20.444017209008877,1.7780405325590045
3.9229034999805776,0.43206169553807683,0.06505702958136292
1.5072249046644786,5.615279108297776,1.585659599619974
-3.8470549917735837,1.2326174475118628,0.2797471223485408
1.2981544847468747,20.3686704083226,2.1967901253803657
2.1416613126654545,16.503667142742433,1.6071566303783207
-3.983336256319912,18.93717433817989,1.3729181763654479
-3.466773261931949,2.9723874415585105,0.3047870402867318
3.334366871817358,19.46107120038442,2.175035275373057
3.9613367909276627,1.855696662489357,0.398159993621793
2.347020358907453,19.430230951350588,1.682018417584118
0.6273207018767313,1.694556056499776,0.8684159488450885
3.9950716679963167,3.9984355039828148,0.24636004087641072
3.9810263616469963,10.395897699561141,0.5926898615104162
3.9984163443876777,2.964749920799934,0.0864213059222853
-0.7232992949881525,1.7286072238630115,0.2587864351319853
-0.6384654550789471,1.1574513199919467,1.0851797150703382
-3.9765389506610256,7.22368086225137,0.9402893290118352
-3.6437753383187306,18.83203871941069,1.0941987568446616
-2.6665951275986903,4.672620496400396,1.808084301333223
3.36279617805853,13.141478327625212,2.158594128307851
3.9142713826467768,0.19957972382914968,0.1225385512536128
3.9793608969993137,17.552121924934838,0.10062809937405058
3.9902481891332573,19.757710587866555,0.07446735690671792
-1.7941355741333989,17.859333911162228,1.6314242179087164
3.1781610022693005,21.40875263134093,1.8249468824219206
-0.5913853391403197,4.506695851210233,0.7410295924906695
2.3944856750992325,12.416224477722992,0.3677015225186141
1.8704808989285315,1.4235118358324002,2.092251624359149
3.011677299691321,14.564218703946107,0.1680873749390248
1.0712618935112732,15.79531468690601,1.7185270391431415
3.998718497706936,3.8591879556841393,0.9490649886554816
-2.574944948948698,14.813225776048576,1.270994706688797
-3.9899473205119356,21.44047928605973,1.974302260715425
3.8160374271556092,0.05458213482795587,0.0806633475813122
-2.6446500687467243,0.3700785443177396,1.0062986864964307
3.890408536825054,19.331392552117602,0.09010672884699825
-3.9999323322609457,4.835450378836353,0.7635824754279562
-0.5300157519691084,3.3865980120960604,0.9605714252356778
3.975264422545037,19.62552194364176,0.20283377114865908
2.193682352906588,10.32644849200474,0.7370060150071424
3.988564909447077,16.51651702013409,0.7977854795880819
-3.547527582526739,18.13718916666302,1.7281774304644775
1.6390093082640607,14.487118236661894,0.629197826259766
1.6584392736916096,19.55934673558336,0.6732263711238514
2.2277993576774113,18.54638430969295,0.2970022596894657
-2.8990250165436082,5.444612573541352,1.8591888233080356
1.477704891701376,3.6913212971298295,0.47211227106109865
-0.5381391323832118,20.607902673837714,0.8611902284169238
3.9985204663972658,21.11651667271094,2.031429828708
-3.776765673897644,2.5060590415125255,1.7870223290326446
0.8799448581060654,15.61698372359297,0.3623404514590334
0.03922536418234274,5.606600717923693,2.068658302980661
-2.0240811587248655,7.62273149987702,1.8527172982658873
2.3431257290181677,19.156082922049055,0.3769728562570648
3.884798565794419,0.6756078109481096,0.21093868558042994
0.9787934572230546,6.545650954197771,1.5557920379715302
-3.867436063099476,10.492033595352822,1.1999887354785876
-3.8957235150383145,18.432384267238533,0.9053924384565627
-1.146065167654254,3.3293192998303427,0.5115989216756653
3.495370509152147,10.724739230231929,1.8045542792781
3.9715217259524476,2.942291598080704,2.052792004306601
0.7072775550112811,19.68438324039011,0.8630093578079833
-0.9527672107922314,12.984229898271675,1.5073200600935674
-2.854228999429734,21.007304036595844,1.9792555928073148
2.788728320883849,4.762742434577609,0.19590627017456064
-2.412547332067745,14.44103333153289,0.4635218416871456
-3.0365096311374056,18.53684340421224,2.075137064029687
0.5923232264110004,2.103844569574115,1.6364342291953573
3.711630312233664,0.7024005405301839,2.148920490634359
2.0467982318322813,19.551437346460496,0.6247910385434188
3.9053951017115467,17.867876055898076,0.040528331435198434
3.999834990507259,5.002441751034003,0.07349264364193929
2.992864946813531,-0.10657639508818255,0.5109015502965945
3.3469138423005904,18.02916881932959,2.000850635335451
3.7172866216395803,0.3983624861604729,2.2417932409058183
-2.5005060282454874,19.39518287019995,1.80554828600369
3.3753441476294404,12.898995860541527,0.6932686093374592
-1.5511138600547065,0.0666460760641226,0.11081112923514949
3.9928368592781935,1.9182779002038082,0.22685459899418964
3.114527267827167,2.802346031114123,1.088808046825045
3.8802710823057405,0.8420183394329325,0.09375894345403446
2.8143993961315865,16.467473172585965,2.0958481294408315
-3.7685020181764513,17.342993178804473,0.3515820316189567
-1.69133958134915,20.9514904388316,1.3248924329132212
1.3979407410739573,12.821493861363274,2.165440165788614
2.969558043428843,20.63635358780573,1.0302281613309257
-3.3799170577172655,0.9971393448428006,2.0017430019988356
-3.3820013151245214,16.25407140053468,0.8455057524287998
3.999581055926732,2.467211152981348,0.1423179509884033
3.901518311062567,1.5165330076265486,0.11597722198877924
-2.8489581008192624,19.504174678800393,1.9278080690327326
-3.6063624490528254,0.3232922895896882,0.41798441891688376
1.4506395684005338,19.837526802898182,0.4588167422964715
-3.4052475667104525,1.4425653958804012,1.53437942421491
3.9997021502651444,20.40211871304047,1.0501446544897866
3.876011271042673,4.04843058103535,0.22653227211927088
-2.263613476776536,2.2024872788357928,0.3694176296244553
-3.982356956393634,1.902726453952757,2.23585800682075
-1.1049627613191142,20.203993090226827,0.7600579744451489
0.9170172027159679,4.4998664450018575,0.2102043703240692
3.219706117626778,-0.058879082656974516,0.37687522850403976
1.811568913028509,3.9251085084980115,1.007196040034524
0.4452580960521082,7.328004320568702,1.8341692071687488
3.9861983306257476,-0.01639976902822915,2.155285933122315
-0.49574391454117084,0.8272130457371664,2.2549791308757126
3.932282374327894,17.85343479667422,0.19876675299024957
0.757131145497233,7.173889673693495,1.4347043888239734
-3.9846376636727143,8.706252636405274,0.2587098097446068
-1.8257872822454921,5.752241480186134,2.2945095806530396
3.4941794515441273,19.708195360955195,1.9696726920158854
3.2393543798839275,6.748351323143834,1.945735267690444
3.4059888965246548,18.735720788495787,0.10507999362517034
0.24502936195520034,0.9019307850747691,0.5436520592515602
2.4615795634977484,7.653663806953938,1.2403031105685427
3.7999301081995354,17.40861800489443,2.071006279284156
1.1101913011394613,1.0470613712462917,0.22072064816822534
3.9845518521105503,1.8343303412261454,0.04958524195661941
-3.9526095314424254,18.428976787244647,2.057064674923356
3.9378208160420924,-0.5683245842513072,2.2715856962514884
0.11922944325897435,15.688093940456707,2.082813967730628
-3.7755193848778976,17.768147564164003,0.254530696471228
-2.483933831401391,7.330904865242477,0.24783776318181058
-2.10574708168689,15.977044567027994,0.7755762327982184
3.959998274383875,0.06940361149212734,0.0389211918899304
3.8989096866663226,17.835299081583926,0.053006627754615926
-0.6049198916094043,0.4634869093206735,0.5901956240573547
2.524616044518246,1.636085369077623,1.572275914744677
-2.9069524646999785,2.241613908304707,1.0490545351529201
3.0133327049502068,0.2797510397487604,0.3735700196903888
-2.862299282842305,0.8172650474761437,0.9472231063101704
3.9989974671547834,20.85451380768872,1.443881346452364
1.6642782948087003,2.675555219228068,1.4500322021542624
2.539750387709798,18.337066544154563,1.9540087834889144
-1.2725629403771845,18.29686243323503,0.2741951425390619
3.150298362242071,1.6806751156049824,1.695071147757475
0.48427706160716016,11.451401919192618,2.1085049085888703
0.6866070245910477,17.43783733233421,0.6945204650793483
3.553938719653819,21.408477111738303,1.9952237776539754
-3.9347510263394287,20.783823152843105,1.0437398216841962
3.949817887578063,17.647133973210945,0.02777990785912931
3.721340549077021,2.821949880494939,0.27957616771218613
3.7991618753412566,20.247586994475828,2.2298458729940442
-2.5101604793020473,2.447063143825903,1.0801676931745652
3.9970756857488308,20.9233207498102,1.2722363407170099
3.955606145510821,11.017607902241524,0.7659956004516353
-3.9350947751258034,5.750413833596685,1.3622381967109365
-3.020228509229463,12.339606079223532,0.5413596613381723
3.9972953120853374,0.1343863517407599,0.2579192277504814
-2.2455923147180346,4.120178241438158,1.7066290001516606
-2.557133600547909,10.155752953294733,0.8460080640673224
3.1948397554076506,10.77643442105016,2.190872010592719
-1.2038320520136527,9.63105874235611,2.030108980431293
3.974165115400991,4.887747589638867,1.2866464820777486
3.9543307558770433,17.307030866646638,0.034790718353227695
1.7861458118604137,2.3627614386451943,0.3502278846680812
3.995536181792351,18.87249581197845,0.010530428355721762
-3.9025003422580475,9.631197102759682,1.7896372812239971
2.617160175503196,0.3658408453600129,0.5710302766088241
-0.02390852601973944,20.741861875849875,1.8486036081690576
-3.622622262510792,0.3223814918924146,0.8517889728127207
3.3902384140872455,18.5219227044218,2.2273599586695
3.560354466186952,19.339217171389457,1.8798906567681362
1.3373025946730066,20.295790825616795,1.5533449691049792
3.8948927806094056,8.7896907071434,1.2309337267543792
-3.323595438002453,21.540643835050805,1.951257098034016
3.864298013067258,19.71247363331603,0.24034463201785505
2.766911213769163,12.2766958458036,0.12294612548747855
3.6675378116709396,10.45208850062347,0.20519678446568584
1.7765414768624355,19.94834405884042,0.5332809981287641
-1.9612570328615746,17.986737659293862,0.3762587026613732
3.5144942188129513,7.258008582116085,0.18288620477599832
3.9827238179448203,5.8721493014610155,0.2404066383505915
-2.891921498544334,9.263024776645727,0.280023176096817
3.5175431760529694,9.082251538663098,0.3429024138889866
-2.2423441304490055,13.342484974910985,2.2380960653756206
-3.9286892782300815,16.86600261319161,0.27312121748638635
-0.3810516892011376,20.125225338142656,0.7463232778502281
2.9985951864072096,1.5202621503508018,0.7948049196407991
-3.7466249048193125,13.39552589620266,1.1178115610429702
3.7872444973506956,12.868290848336768,2.0166988891098803
3.9819710067094745,5.823358901361379,1.4832064850120026
1.5246130956343147,18.878685775119934,2.0338508424552852
3.8838117164550154,14.939084740171458,1.632274212919258
3.587176271859042,14.950579785929213,2.213012715827684
3.5030121586618774,11.341513801260515,1.4940922690088678
3.8414257797203577,8.073029122701627,1.8400315109001721
-3.4693306135569535,6.094376787955573,1.573425996885237
-0.18001574100477352,19.155418854575238,2.3148972841177753
3.989241393677685,20.894059886486104,1.5605720755212455
3.9898044067856966,14.206463036783687,0.3653232114052311
2.3601335065278257,7.129271906352792,0.3993167051051936
1.4285755790983297,-0.2181768288370548,1.6400717813116272
-2.9081971360492767,15.485254387232409,0.8221820274491957
-2.3787244295537078,1.9591391689040065,0.6567511191856513
3.061885677623762,18.07895594034641,1.6952996027158937
3.6176242816066617,16.200871726396507,0.3388155335457954
-0.9508885843531567,-0.20792139628111794,2.3176970543973288
0.5843490686760244,12.76842951473349,1.9024965965980343
3.9968900859915157,8.061233474746631,0.03120474170990474
3.972871630848152,14.31054828987634,0.19968777649878114
1.4346373571354418,19.52606483107089,0.3341005934963676
2.673595994804474,16.18508418584147,0.23756078715561035
3.907956383218559,0.19378365627114752,0.16037628947349652
3.5069016999934113,12.568858262398045,2.0429130291176745
-2.243863261962288,19.10708137037048,0.30081416173322734
-2.341313115934732,18.193277390919683,0.8399934757259347
2.320088369304523,7.662856375334294,1.421072803991158
0.31278008889213005,18.87113605569283,1.0705371009640683
3.87909480418191,1.2254986928525542,0.9216790767249631
2.986683865549945,6.221687678133636,1.166148846061471
3.6782116548459816,7.48385373379903,1.7202591888307686
0.10740713687760808,-0.5381405658377595,1.3969536004430902
0.0019701872446827953,0.8307869017216395,0.820879657872368
3.299659281924767,0.2113511721000535,0.3627867338532147
3.925984310944313,6.149933735659696,0.24248720158578493
2.5868750554458004,14.956054275956909,1.8380621678878402
-3.934883675124307,-0.25910138878085065,2.2531033098027424
-1.6128798246416867,4.938384073732083,0.37098519141520897
-3.8752509346050426,2.401346591122547,0.4448163705220949
3.8768203253545552,1.4557858733150517,0.2334402498659388
-3.1106948705321327,10.437141848826776,0.7872818210321381
3.8936155146490776,13.2282595303999,0.044162102967015754
3.0185184190591303,9.369980465539374,2.0381973278316967
-3.1987690174330616,12.416835788068235,2.0352746163128983
3.8763365256839926,17.671536035303266,0.07976059371594818
-0.5139444023112958,6.685144612250379,0.20710978844253897
-3.5065050984395945,18.40909406391697,1.24287452138229
-0.3038745479407293,5.0994266801817885,1.7106207904614932
-3.9986067786746684,1.4005385561815062,1.339049854336423
3.7855527371011926,4.879573705978057,1.9383514172349774
2.9596079682538767,21.54040508935096,1.8424265233387185
-1.072600366514892,2.9566669701201223,1.8594150636940743
-3.220739364588729,19.261765239848522,0.4384387168648689
-2.9731169185834925,1.4339619279230569,0.2563109395732071
1.4457758566021837,19.551856807214733,1.0719202246433412
3.8941939003971515,19.087758081762882,0.05677718387776581
0.61303413989226,18.584206833670418,2.1344767235831235
3.7180723772232165,19.98928448133678,1.82651419919287
-3.9279319446941443,9.69781822862643,1.2994877654621273
3.8566903655068727,3.7265540820435326,0.6116084186284516
1.3556881700962957,0.12403799132853799,0.3254369029826025
3.9768233084744327,18.536347805337954,0.026923114461378666
2.492330257651439,19.74483501017032,1.9850815315794414
0.3469873570437891,14.026149588560738,1.9859991415961125
3.987020609786458,0.8209923487335435,0.1501347689876599
3.0864969924855856,14.553369786514963,2.1549257928009635
-3.758548486590917,19.701725756743464,0.38433528630592106
-3.4133415066592305,18.633573499016777,1.2096302788410707
-3.0059917555556774,0.11866586051524534,0.920766042656413
1.0839253821205461,0.6660618352711338,0.291363538702257
-3.2204380572622617,2.329517285417152,0.42015228494244905
-2.6186452997052116,2.8334774424624802,0.8547443500345957
0.961200662700484,0.7320678084861495,0.6873983139144522
-0.3899468950736425,20.778420678257856,1.4150377792503848
1.4391234208028159,0.6043106746676054,0.32193400383417503
0.6538484430728276,5.81501337963633,1.4934762667836023
0.30476924326901617,1.0654941301532055,1.3184957457801432
2.6730552366543017,0.2626562048235923,1.0155291561304145
-3.9692508623958256,6.568386473652282,2.1864764183948706
3.3067149616186793,1.0470153774762982,0.21766878661309694
-3.4806154267609415,0.5500388948103379,0.8616316758298737
-3.6079335601187514,6.727432879558682,0.9460589186723424
3.9441435402103973,19.662720350160672,0.02840159884572652
-2.652066854912864,0.03825360760673742,0.40213362290763704
-3.827252673016035,18.330209997229815,2.2912471453188172
0.5290041554408647,1.824227306057708,1.8558420708996095
3.7455901558967044,9.658890415989388,0.19294835104668542
0.34753694795858736,15.448292204888237,2.15819880463798
2.7037688529552466,10.89528338532942,0.6985100531711408
1.4752174320778857,20.041124646798814,2.223974358217898
3.9758449303614283,3.959466024750491,0.6157305891695707
3.6469456380665894,19.39534197362815,1.7471565291445028
-2.9170297071465385,3.556521128798729,1.8838269324327395
3.923094046129952,17.064363687326814,0.2452001784194621
-3.874593042194983,0.3362178968799523,0.26374679037485393
-3.298562747548234,7.475047967669086,0.4701541070805312
0.545793946461133,18.628392728375957,0.6517099107692179
-0.6551477745819894,10.459650582363848,2.31954219166803
-3.954227632199186,0.3391461393347296,0.47136643903676734
3.966437106235973,6.9443747615299385,0.13412073680883083
3.9998885315185406,19.54285260754833,0.4996565205194416
-2.5506976537753467,2.5411275717993864,2.269506661516119
-3.355851518122617,-0.3919481519633114,2.2844119210540796
3.9386700300389403,2.522487506275564,0.14826751168228347
1.8397057412347906,15.53751243886936,0.32236753055552103
3.5135743337455283,14.500402328324796,1.8380775892886723
2.3671092992322142,13.587914263796835,0.3506176001324867
3.9513263616236913,13.7410603478675,0.16289985296388235
-0.09076223391965421,12.320025038313723,2.014340943375729
3.910688604674339,5.5442493100315975,2.1865955992437014
3.9715963826904237,10.902931659075604,1.2561649178991678
3.9347858233197215,16.262361511618284,0.16579144972693563
2.9755976301560674,1.9146668097745285,2.0034044415609644
-0.6069908176643841,4.729931843998759,1.7295158867721994
-3.239443871465932,18.571302143992337,1.1826234191947989
-3.9219845455621996,9.980837278834317,1.3220601406447963
3.5953764843766955,19.008037941128855,1.16140971288401
-1.4383118888749982,15.782092690941878,0.5234487331177676
0.4693403109409421,5.70792099297633,1.6199080678748226
-3.4629184909745576,19.823910611255897,2.072350404817595
3.9995114363279325,0.26056509443694065,1.0116442364949818
3.8759190280908924,0.15442271702467653,0.12616152870638847
-0.4829125575952173,3.551166459948884,1.4228634366143413
0.6936473888550837,10.53577723175325,1.5326824757756472
-0.6814909932863898,20.571177935647366,1.9969798607091158
-2.5626357861311067,17.34464704241435,0.40655050696140577
3.3655743652492687,0.5771814707644541,0.262413172933133
-3.733536977578922,6.55190536873859,1.3599133818113902
-3.630695749999033,13.377921755205437,1.7228188584201825
1.2094010898257515,3.4972332418628307,0.26290987290355
3.950754666051865,19.767332000132175,0.04153501608695384
3.9872215620383638,19.646261924727085,0.08015328703878993
2.186286168433906,15.695590172746458,0.4638570396769953
-2.6114967647494716,13.489342069229696,2.0228894319158477
-3.35794521349664,8.390233297295032,1.3396115829563142
3.585126716328858,3.2000243330376357,2.161098425767091
1.396636067353641,0.006554366709236152,0.33048021982329356
-3.2742467673715074,3.5152726919515858,0.4419746149546979
3.555346610367227,15.737366978408991,0.32258591951363685
-3.882912534364297,18.337361229800983,0.23738833123061392
-0.05233220348658375,5.54198404061692,2.0512850971162817
1.8729093949592825,-0.2896132759295591,1.3978298131651088
3.714889084684522,4.434787195731958,0.8806246761610688
-1.6992127260520944,0.6858414793580547,2.1559990717294912
3.953291360890349,7.816393453597814,0.03858438674581982
-3.9793718474053636,-0.09888501652594536,0.5517500025578632
-0.8707191211593615,-0.15528074956276527,2.0084660555859815
3.920995504699625,19.138682408101715,1.6853464198146508
3.9485712659261383,6.279838997991703,0.33147333344060503
-2.339747217114653,1.5418806910230942,1.3194578875212901
2.6639549953720603,3.177408257431879,2.2905909432891907
-3.930923116815393,8.203343850488233,0.7935995468161374
3.979871659481798,19.73417037932851,0.03337390449557878
-0.48895993896212137,1.0829277307888927,2.1807991257386314
2.9741924418363666,3.201050073085397,0.5467019119670263
3.575358304043723,15.74899279890328,0.2642398283484595
3.71636328201181,20.902121988158967,1.1987608890813957
3.392523204387759,11.662381685271361,0.12997332905358244
-3.5845490231477024,20.301908959071447,0.618153947250874
1.1256356694010334,8.638992461678258,0.8736951463186119
0.7011779652952803,18.94746495401743,0.4445125708629367
2.9086628418443623,18.801290259544118,0.1611101635394686
-3.366261536312416,-0.3439923108779453,1.000594556013321
2.572433337321623,3.5800616961983076,1.2891934082765997
-2.4489463807474876,10.942287524340603,0.4788238917395533
-2.922779412326479,21.263372817666998,1.987438165990277
2.047433034328228,2.3497097057705765,0.3419317264178779
-1.1943789250976469,4.385307811191565,1.7480977185268625
3.922707523137275,0.139220686604947,0.05830451899999922
-0.6515867982593831,20.107557974499322,0.9142517683918101
2.7890806136486344,4.12503540366877,2.170040803595067
3.9968173196851344,16.232761259766434,0.025241417090634384
-3.67125443739745,11.144518129140065,0.770904597653093
-0.37061046622302524,2.563769951076397,1.356721572934482
0.5774070732956155,-0.2847816095925606,2.331734543443011
-3.99761139085206,19.732298653445486,1.1862593423374053
1.6104706779906857,1.2702793893209654,1.9957493749504365
3.677819175388604,14.828468566898103,0.3006852120343355
2.796140358055032,0.3266973200203902,0.2421394881577832
-2.8029914660847837,20.05739074573333,1.503552758368818
-3.455864054571736,6.351790570256249,0.8175868273963781
3.749280627676408,0.4119264405597916,0.6632431558584078
1.6037922443662884,8.607831166139375,0.5693743928245159
3.9998502109852345,6.893678092435696,0.1310820473864028
3.876142416870787,0.036331228695406434,0.19415551950117518
3.5799272320476807,11.700015647651037,0.26238136248333715
-3.9995881121041266,20.686911186047666,1.1040868248937155
0.01974340515242236,20.985431221079132,1.636448757700728
3.9906488787583343,18.792649880172497,1.7535119753845283
3.9960462251430724,10.629243551029193,2.1532202325395193
-1.5658014414391441,3.6554396365627717,0.6924594612661464
3.7235870458159477,0.30559393444685923,0.5140705525459935
-0.7546331112355492,19.13146504830454,0.21393237012327665
3.9999732205980156,10.185256989654413,1.6208095173891748
1.750728965380631,4.351660965441335,2.154016195510442
-3.997656156207566,6.6177115233621,1.361043447032286
-3.8479563505585483,9.71167074440264,0.30235287932437993
0.0067602618622315345,2.0376070867881895,1.6029158934564975
3.99985277619272,18.818744204079405,0.20871314120156442
2.2779712132002756,19.447987509075233,0.5164293808160784
-3.812033845283951,-0.3767530068629016,2.242823236065944
-3.5008804962165496,5.680139090726307,1.93755862235999
1.3899057309067329,20.16258778320339,1.9722078687369107
1.5322531426991501,19.99986857703741,0.28685541182847907
-3.5166780792785084,15.826217815757955,2.131173550463479
-1.0842779388307144,12.152034285755924,1.8608565253204772
3.650205029590726,10.56014273628703,0.5714782901096164
3.9832997907007637,19.79482359081576,0.09333646816647957
1.9370590339525333,-0.1460493087482342,0.5363227494560983
-3.937918668940765,0.3478687615970797,1.9177698293603158
-3.7201670810783813,21.48889340779643,1.9422896812346453
3.0378051331792726,18.56695985390233,1.1127997352406376
-1.0709017694938088,19.47915612897242,1.1442923470541213
1.8801958194334487,18.08730227135739,0.28757948038087916
3.987951369665829,0.1314524317682749,0.3051226331397385
-1.566874785750096,0.11988075907746598,1.5360605769353977
0.31755730709962005,1.7819472605577855,1.9636330834578102
3.8616002071343103,2.308418925471132,0.31136206243113757
3.909692926065062,13.423653627687418,2.2403100025045863
3.8756499358805665,0.04087570845331171,0.2561676855413544
3.999264449167245,17.830917037008795,2.151346274301174
-3.390651124958165,8.766116325767314,2.0982878209457527
2.3184569027908077,5.542724554857798,1.0225023555509036
3.925188327924422,16.97313386436285,0.04621491727264705
-3.910362765208499,18.695430345167324,1.649757871348963
-0.5990367064942768,1.4738311361780454,0.28576484772205296
3.987258674457477,0.27316658389267473,0.03255825143308416
-3.4243066276554255,18.99534564976448,0.5267861842470274
-2.850613711461292,0.016098098614392306,0.536791329436138
3.9380775981333773,7.521657633572404,0.28652307365551444
2.849746773122002,8.81639632660062,0.3863814467852399
-3.9113880624457815,19.223245402466667,1.5013825770572073
3.062179303594052,19.18509223238417,1.7370067607537187
-3.365918834159104,1.7975575330073632,1.8179761968078036
2.8424165242174553,19.10098763336221,0.3948648132017862
3.3568226384981417,11.851063200584159,2.1166039113856394
-0.07168027802694271,0.3931410317080699,0.5733812502668423
-2.8178421006815513,11.374689256913701,0.45633509545878853
-2.525279476195763,18.230332195580807,2.317733976730381
3.0249481621936214,0.6736876227554441,0.1839423847836482
1.5618091307523592,21.491312933384915,1.7497613351362529
-3.3733399423476245,17.957174904913206,0.3781868494284527
1.9566594137567035,5.029927009215413,0.9257295761373564
-2.587673792362451,12.834370552320115,2.210101358504219
-3.3975073598579084,10.739819867155967,2.124693056962514
-2.1332738445114177,1.6963390999843346,0.6276772894556164
2.409391521201054,16.738279559290156,0.17673940317243408
-3.5571499103828357,19.969353411013348,0.37524563262644556
2.0871557638614258,0.7434417786078962,0.2284855053606989
2.7980970205368636,11.343976431346702,0.3051055854742439
-3.946879770018639,18.68554966983979,0.6008631419174196
1.0100904437414124,11.346488514426287,2.2665521897874976
1.7963799051075797,19.776565301839337,0.10794698194011162
-3.5060450593364476,0.6261419214515755,2.1407278430586003
-1.687855395313396,5.593946096022469,0.809701837833177
-3.0572300753500983,9.057502875118933,1.39804121528535
1.4443371496720183,17.32833883079998,0.45401321166924374
-3.4582738443429184,10.067098417853511,1.3221006477781714
-1.6871986070264882,16.378093774839535,1.62563777571576
2.9516665685427728,19.483148356576244,1.5151162222500882
3.8919463485899644,19.7158177932228,0.05859781206510148
-0.9626930005457356,18.422520287584426,2.2188230633734887
3.999765599963888,19.32090038897542,1.7745532925463907
3.2480927655374483,15.133324263363289,1.4565082613758127
-3.709824716329478,3.1282267692884624,0.08669121789491371
0.9768907117168247,19.572975228850982,0.29052796824915206
2.08370422946706,7.394153590191797,1.2534830697815618
3.8879609781231133,0.1904770127238576,0.15822413896853554
-1.9798884620890902,20.150833890438538,0.44840758495059946
-3.3832155788869662,17.96183114866816,2.243407341143327
0.20241075531087666,2.187022848696685,2.238575879201692
-3.9899409620269286,5.318075224161879,0.6376030201788494
3.8756537759176233,0.16615023373322496,0.13324718269969751
3.0666102946172016,13.044743021688449,1.9162514354010747
3.992444680798737,1.3839808402178704,0.11664883807794851
3.2925446308895587,-0.16821955571528485,2.304857185208719
-3.9925870650492095,9.426436895067184,1.420259984458594
-3.1443538575956795,0.6606388784080822,2.098720787009814
-0.0388390518571595,18.066152235455032,1.2096171268039528
0.35868503190251,9.488611661526448,0.31166486529735177
-2.555920059195081,0.4295933670918539,1.293486008717966
3.968042096690366,14.390311902193535,0.3147945766086173
-2.666499332882685,19.236119711444594,1.3729234411793996
-2.966018083803236,8.932696660694624,0.7624879324585951
-3.113892745265742,20.516681248396363,1.706211416777414
3.9179967276396397,0.7385753602983937,0.3011243001871864
-0.5332801592309395,12.13176962439749,2.1549700875346858
-3.521687522126255,20.593242558794266,1.3061777535709995
3.9641661624063826,16.327083116966858,0.073578546218221
0.3536540878683088,0.16109926390250812,0.26952581273866355
3.998870059614536,21.62868588307815,1.8952720481762368
1.4241536971088042,11.313867497167543,1.679828154314333
-3.413151606296831,5.340748422956849,1.6603487159777133
-0.7941453671340395,2.3663971790162446,0.9885713860233709
-3.996350274288319,1.0246429432639208,0.6396977741110248
-1.0294072079291543,0.09628147022833015,0.35927793906363203
1.866081499722388,20.437447825747494,1.5216501063490435
-2.392757188206015,16.938141266169996,0.8344350219750932
0.6915222013466671,1.2226390602866881,0.3172898553782063
-3.6183116232322226,4.41323752819137,0.4261123521149131
3.488405453222317,18.982461387737253,0.32200422766078995
3.8762040834454683,18.67016701140748,0.10822795482705279
3.97610974676065,19.761096179170327,0.020612161283315555
3.998113707208813,18.900988452310962,0.08522943699977209
-1.7909514031312137,17.20632060483705,2.3313398823623994
0.8859810689990059,16.614514300133248,1.333757415114776
-1.5835281839938544,14.014580106264777,0.37278426844309437
-3.997564152627929,18.129165596286427,0.7799951679329432
3.3721660887665417,-0.07104020413173717,1.6319555339601455
1.9028231572371723,14.123210243731934,0.31281340607440866
-3.9883499145657244,18.44867314965935,0.2812585487228365
-0.003748529600163079,19.651623726117194,0.2287569023362181
3.2720621543322865,0.20741700814871286,0.18015352559000364
-3.6063902288750707,17.116293255835203,2.3690900673526385
3.88746904497493,16.78556155871971,0.06797588756981694
1.7597551461377254,19.80005935960064,0.15128502670893212
3.9930387600734827,0.19693245769867596,0.2136511757654007
1.3363551687609465,11.305004123956758,0.7104288964577541
1.9657443205030165,0.10222861420860442,0.2951194226035916
-2.8188800880441645,15.203914378794675,2.3676758345590594
3.882743685101201,18.065488569065188,0.12516993129916937
0.4108623836791241,10.834078329786813,1.9635056532603727
2.8973554894103493,14.370135031771799,2.1386348743381607
3.76253482827741,19.45186020995294,0.9216745139922613
-0.19346523070068367,-0.102352181066212,1.0934279848411286
2.546853716843119,1.3608797869052283,1.9593716502774823
3.7306609692844934,5.65765898689693,1.1811639299589294
0.819445352865525,13.757807127349043,1.8013270956970155
3.881972094813716,2.457723535142027,0.16136156550922987
1.870447432983001,2.324445019065227,1.7881119482500523
2.807621819526781,0.32328606999551424,1.5839557830351465
1.8491773792213835,3.9979593680278294,0.3322804465608584
3.956577263310908,11.771103844779525,0.4800731657252053
-0.5167411997069576,17.987834224465434,1.8656879296687794
-1.081802050080288,4.695165994373362,1.909462873147288
-1.4921443194278554,20.87725546346154,1.9432834408412094
-1.5962522141986122,20.595286480606738,2.1264743802734274
-3.2596278516624593,2.637108293812688,1.1048669140722414
-3.9968887597944236,3.5001679737790026,1.9642943200299368
2.1536704325822402,19.83586647083648,0.16616002007926528
2.1088857014133042,9.193965686182654,0.07807628485561785
-0.9129885023548263,19.64678874205718,0.3820511157588906
2.8575774981375064,13.299944049624361,0.4118445217282698
-2.806937999400599,20.881447213410297,2.0426868233583177
1.2088962711415445,7.593094967646329,2.08670878317844
-1.5582671868550229,15.35139619887082,2.2187987379195047
1.628918875547484,2.3198589589754803,0.21969373035641976
-2.1204242660312183,1.3828907735179237,1.289098040794199
-0.03877643052229883,19.808098081944742,1.1212980647963424
0.7962337269860126,10.785724630923813,1.9213683688309406
-2.320836862869554,-0.01815914753962375,2.0708301743103674
-0.9154376509899197,19.27188324662091,0.6343104493150604
3.9553485670536284,5.962137854270829,0.20161846603283423
3.97596330969789,0.14784479623033145,0.03989277402596667
-3.9783141277353606,4.573089057955179,0.6496094025906041
3.101437918345135,20.72124007871984,1.1877826465422576
-2.462832784111767,21.2218634810256,1.695403848835184
3.999174919173644,9.124321074173684,0.9507899238593931
-2.914807018954252,4.820839044961207,0.2349481524025482
-3.844425092513169,17.929264514994102,1.86787369349018
2.6650111353537604,19.158034396527388,2.1112353131010533
-2.9338263703271283,1.0131767377987015,0.8869725927844776
3.8028691868069475,0.2297762024978942,0.1883387232520878
-3.5975317935515543,-0.5277106784503316,1.9561730752759663
3.06274669207077,1.2025188840760173,0.3117145422575107
2.709525564446064,21.14063062083739,1.6613537033548649
-1.423671250674188,0.5616749891719499,0.4135113231379094
-0.8307404531069167,21.584493389409197,1.9178162016888822
-2.8446412403279235,1.4203640474617805,1.2734742317793368
-3.0707511256279116,0.6202938752545705,0.6282293079598255
-3.7839299491651652,5.355616197314848,0.7111048292285493
-1.7383451968143524,4.0394444728656325,2.030719244582676
3.974581959643427,7.664681370459628,0.7047238246787444
1.0343933160906627,4.42596481935565,2.010245952509101
0.5975220266381742,0.2764515793074528,0.38144159931885346
-2.9799432919106983,10.01496407526635,2.152015134719197
-3.549031485102164,3.4485420905888367,1.0629071078724208
3.999356569569146,4.29609132481318,0.3599961615509854
-0.5103445767870862,3.814795200347364,0.9829976428247822
3.9896710610725017,12.81869200339618,0.05246824943812586
-0.6194600120105151,10.286261240272923,2.00341079911661
-3.8920259695511676,1.2610446316200017,2.2329184972123364
-3.1667344734379004,19.43371107110728,1.9795017940821298
-3.2483267626350725,20.93281294621078,1.5745490182417505
3.8952632449997435,3.522771732438388,0.07804792310088271
3.5284161063365844,20.58102683652419,1.4002975556717747
3.999990980677049,0.4376368058355871,0.1897700101086972
-3.915892408077898,4.2227099754823385,0.47664095724201455
-2.5572397288746953,14.764436947212523,1.687322645549525
-2.082057676961859,0.282047910044247,1.2373663148549463
-0.8635192943060119,3.386791077178884,0.39841308131137565
3.981915784490475,1.8279935233856701,0.1604001851101519
1.3288069173190313,2.0670682608470203,1.6928275860014426
-3.4250340924710394,1.5462549910271406,2.2897170785552015
-2.6050882974616894,10.973991369394312,1.8924845938516646
-2.2304255913186166,19.663354958251574,1.8933205495647465
-0.6260205639235266,15.095721572120524,1.9779272605096532
1.5094001442653138,2.0175491823780347,0.1105614792998617
3.8765137263247116,16.471130309661135,0.21866764870347313
-0.7519520106213261,4.622552815142815,2.223567494333816
-0.29057688299677126,18.563414609021667,2.2222887695286433
-1.5071533362728988,0.21980472995849376,1.0677453844807605
-3.902321069242457,3.3686022865159493,0.36656041751047186
-2.4728583384313816,10.856331921319912,2.222699440347963
3.3135436220086047,17.865536433221592,2.0726362722485705
3.941817879510312,3.6694736533083088,0.12385865735079901
3.7813421174349324,1.4138872651156265,1.4939645935294663
3.538996848303618,20.149217518660116,1.9594134823703588
3.3510075941691366,14.955051606728587,0.9852450714049636
-2.5530073948021994,9.40012705121397,2.186823200637618
-3.869634847744099,0.13515956548035432,0.5524450025603141
-1.766075323718962,12.610464843023808,1.2070424871197132
3.878643717606184,2.2147430105115484,0.08564052289631915
-0.27698674376495,7.327070341474971,1.0130794987417022
3.0217070980723424,18.978982001168156,1.4046506566915165
1.823830862211081,17.498026475981938,0.6435362195082409
2.6080651949496714,15.465268269935116,2.1627341091046506
-2.343946047896563,3.1051422131530577,0.33782441729011414
2.611072924856696,17.83264267202177,0.32303633434305423
3.7559443989275128,0.37184275486544216,2.0570571710522456
3.6458625700486076,4.137489774851105,0.23687237099712588
-3.9999750135202334,2.19361040817525,1.7283776751751028
0.14018954447254106,1.963390282998818,2.07101026293026
3.5648291980535016,6.746209368962258,0.3193041332197776
2.219278294749136,2.383297257217802,0.7472105358679296
3.992778234185069,17.499931948948735,0.03325255025449448
-3.9732235114724457,10.595664386334994,2.096255586436217
2.4968504092543844,9.10154877235266,0.1648427681588789
-0.4829244525071091,9.690537321651215,2.140050808406606
0.03938495753971932,20.45022021835189,1.941363910082658
-2.435201490999813,15.905476050392418,0.5767422426638157
0.6131780420010312,7.366487117684666,1.3086972918875945
1.014604106485368,18.525819254497293,0.3721493737407505
3.349680195001446,-0.6709386068158187,2.107185393038491
2.259414009146067,7.478012566321135,2.1587316014134306
-2.811452676413587,17.00369903283224,1.741177510142816
3.9672613692651453,20.09041563219929,0.94538826688055
3.374295692371923,13.093857071636794,0.6401975552859339
-3.905098046601347,15.890089097953021,1.1722582743695393
3.9901134444294417,20.671358595261278,2.050908110855067
-3.9984974499083066,17.31523072225865,0.3844431635634894
1.441233470013318,0.2637691055915865,0.3224250989875457
-2.366040062496239,15.502283456258194,2.191263832030491
3.9854284766810233,0.158088833359942,0.13386329560848167
0.050412523954866076,19.509056728761593,1.9685042531436072
0.5610908738659844,19.401679652067678,2.0284055567357204
-1.168414072093111,19.074375086291198,1.64112961646035
3.501784844683461,1.2550094451152753,0.7580423302964941
0.02010768643530525,16.221013985369005,2.0058797337929617
2.654079718301893,18.22100984820476,0.29635019038091626
3.5260657756202414,10.501654635913512,0.9270851052361817
-0.016679803625051212,20.139413403631035,2.0086218570538144
-1.0556943293405363,8.202108014077323,1.9724962575215648
2.0063618452121483,14.681993930140017,1.6512722820715626
3.290635856684706,6.062620345693714,1.7395453467044069
3.5908795679878,13.42990837312589,1.963160458576227
0.8219064358061032,19.48284702513718,0.41014202651871634
3.8897754647523914,18.006117244577798,0.2673349600390619
-3.7692327628359394,10.746193070044582,1.9500061581016728
3.845001163660212,21.619548284077222,1.8617530343325057
-1.517358934522689,4.691714480221938,1.1583765463273763
2.9178450897292705,8.681181200323364,1.7595152285037319
-0.15569013878016055,0.6989509013171907,0.48721284246534313
-3.711301226180982,2.3589220817992684,1.1014423945686103
0.6861961754534256,14.308067974520744,0.8307418473660115
2.536592200018543,17.721804432680525,0.18948751251644996
2.9978299566878595,1.081002802798085,0.42046621409913276
-1.033071052022181,18.88079792044061,2.258261661501252
3.878217528338169,1.7121019479943074,0.06564990340549065
-1.7182279156725564,8.721853524022887,2.0056466069552954
-0.802541840925862,19.936225663846418,0.21662855869438974
0.5054809880298493,1.819431774806985,1.9460302326381298
0.8496194628846498,0.1403792963405946,0.6863571552257355
-1.3434123751776235,8.022409021132642,1.8022018001240148
2.6372295704759283,18.806441717460345,0.15758252019340988
-1.4654042505706955,19.646672880714547,1.8751093710784295
0.7281903242743489,18.404129968167954,1.8206592080697515
-2.823831765971152,14.41636592706558,1.9127825837129646
3.9358945730036283,15.608282601152855,1.2832419082540234
-3.870310494345467,13.430806450387406,1.9828369726277641
-3.671204258316287,19.247218094118747,0.9295241261630024
0.7197908679537139,12.636154885113081,1.5709009086348162
-1.8859277670421253,8.15785616348011,0.7787147191743417
2.2558227758091536,8.895334469078415,2.2912725868562966
3.930899746019873,3.5222735973504267,1.6298993833327022
3.999974044542767,19.631704952011802,0.02855497378157889
3.9605545349351305,0.03074674504770568,0.1598232453393579
3.966919016776358,3.137457499883003,0.2833720894079069
2.9939236573468304,1.3902290475727148,1.527392448887657
3.6780115526015114,9.322416161540684,0.9174200445332306
-1.6969078067410763,0.9172913476252053,0.855487416422964
-3.548092094062116,10.57540963921082,0.29698561716419614
-2.133390211858123,0.2506710492615577,1.731506576785395
-3.5135685984970024,12.79339510222267,1.825398632169212
0.4731877185326814,3.897054818909885,0.1431125223404813
-2.297846093946227,19.644557663652503,0.443533179352113
-3.999843484437931,1.9172022801743838,1.942098400831739
1.8378211395775526,19.868349564225138,0.42336685288497933
3.9999760459655618,4.812154393579918,1.9261526605225057
-1.4565377999686602,5.096330315835692,2.039483172111935
-3.6291294332475843,1.7830109571123776,0.6402601607964581
-1.7369791902863863,0.27663878625930916,0.5739571429273944
-3.8751635035352994,13.295868639183169,0.44024205644537107
-1.6981861281878268,0.29872623610240623,1.5051681446684995
-3.6546150894128697,19.918705215669924,1.7114559705556949
3.8423601704279227,1.666438747566673,1.8481616732080786
2.1815373583738493,5.983102358539826,0.1729955344036798
-2.175700976548834,-0.4880733444636782,1.5921164508235799
0.9721245279416072,19.11152940462133,2.3465390003514006
3.5811753656897243,1.0890013837771906,0.0933463634500672
3.126224905787006,1.346123975845252,0.17164902423996253
3.9091766273681836,0.7242800354410524,0.07818674326412807
3.957297966555582,19.67874205165012,0.032374640122739905
3.925526125058876,0.35957100688322974,0.194464951673303
-3.520242506075674,0.6181062354794414,0.6078464143039394
1.399213047458913,14.549160611714033,1.908309546364076
-3.531421476779214,19.98251613856375,0.25529324110251755
3.9640525609767563,11.886625512341547,0.03778031462901092
1.7103746341209787,5.5166009570593895,2.139875044183616
3.954656829527469,3.5675573553310023,0.14086571345955184
0.5846187758003687,19.10509350473205,0.12800255698183066
3.8764855080801506,17.52655732717894,0.16642137243082894
0.11342370526936214,2.6932215372172656,1.4672245259385106
-1.7583764490314762,9.386980736865699,2.139321575659113
1.9095719737578967,4.31597976772188,0.1469609954881705
3.0835675087700505,2.9830078718257944,1.8714220637910135
1.9151104874131362,2.5791907475650024,0.39408106319721903
2.922920251240087,13.407429286303385,0.6814060724067464
-1.3853286059546221,13.308974041494352,2.0350890588994086
0.40242649058993096,13.892291253339103,1.2841601061614125
3.9713537611367706,6.130634059087579,0.048958403328772285
3.9321371130621494,0.49052074423674996,0.3761073465684486
3.489233337466108,2.4621638826586514,0.47136835370522623
3.605591912954977,18.481778013125297,1.4202749707856952
3.9893423750529746,3.588059308288569,0.23996884900537843
3.895626010988602,-0.0026353323775230204,0.0695201418719099
-0.9557268124928205,20.754999626945374,1.8047237356647783
-3.6377471100498555,1.7211982321976778,1.680103497265111
-0.3858845291838883,1.6832353449388264,2.120150419254937
3.9455709273072976,0.7120978575626637,0.29905485111620506
3.996397678504256,5.349272125795153,0.1107089973253995
-2.5973772919387184,6.322769377392532,0.9122605253790038
1.0181110721035083,0.33641742165965954,2.0835557386874273
-2.475829544230502,19.798891383131178,1.794126628771184
-2.8355909498490357,8.454195504218331,1.4860873309222324
-3.1123475363217805,1.1284011231850588,1.904776410179891
3.1745275480776307,20.634818651185245,1.8144063177105116
-3.259732689064513,12.919969564459821,1.9752633616527298
-2.866408685405517,2.294294496795248,2.1805415893224396
-3.731447047839937,18.783291530133067,1.3738459391846476
-1.4898180301686437,4.923695354198579,0.501076406469919
3.967216905669857,1.7328198408247524,0.3415828173203628
-2.410119156521492,17.965980886691817,0.35879893530621965
-3.656746267851316,0.26163699169256593,0.24532454993504627
-0.5760872900279874,8.346754865981904,2.1812670235286014
1.3212912060394069,4.104852437957298,1.9712362783887671
0.6991957164050027,0.7010833950029103,0.8688384258951013
3.9668084864278303,3.9238594945003555,0.17082512889223928
3.0458653630343138,1.9340959788026308,1.6767259606109008
3.885518152124374,4.429433625848916,0.17952838648893077
-1.2439562301326976,10.146158492050809,1.9818002426197265
-0.2464173088269011,1.5913385963927211,0.6161305048546527
3.5969396256590285,1.772478115802575,0.7616013271056382
1.831249845972514,1.751794284834102,2.1374558641112955
-3.9345011538861714,11.189148645687554,2.0066806150307714
3.2861274386688333,8.399320398721507,2.169987629625948
3.8875938696095855,4.954185530588933,0.24257973745811315
-1.1006809393596115,18.32713977120563,0.2948948959221003
-0.23517002396781772,17.999348488936583,1.871477998316162
3.0303430905331057,5.130710245819491,1.3839442697303153
-3.926027729534789,0.9039969495739284,0.6687198024387228
2.648900576250009,0.5414372762152317,1.8332548764134835
3.8756496872989445,10.06501234872867,0.11491130218460004
3.3865401173256946,0.16715307610947872,0.8115007290479205
-0.692497472408695,18.635462975706094,0.3515519479912393
3.790571798863431,18.85666970134607,0.18045732916555313
-3.310951680881364,12.38299064548679,0.47455785984995147
-2.3393509190887207,6.530634045729121,1.2389836029090844
1.1140743818523517,1.6685902778118185,0.44438567373532045
0.5188710391059524,-0.024177696545144983,0.41438703400818455
2.4432647523641564,15.224789935772911,0.2956842732926699
-3.2285038659153407,1.638062143618181,1.636588547888298
-2.3304562974399605,18.63074506588012,0.765437356361024
3.941095935419696,0.0374509316543908,0.044244083624918315
2.07255541275407,16.482010017563706,0.12336546723837621
-2.1957346821135566,1.4648998788829817,0.8972469193462943
1.4347714431589869,5.680316225437803,0.40558345260824447
2.7300402638586183,3.0399190800610296,2.3662967727016535
0.8839379902632523,0.3112467627681522,0.13245497007758528
3.9798543843051,6.39172470065064,2.286667314773711
-1.8718685692053867,11.758543793458333,2.21877247959024
3.596953644636346,0.7499630054366874,1.1034570579891247
3.9202889821776914,4.712906363573929,0.17325729566042053
-3.931181846485571,13.081822593208674,1.5637096049062211
3.958566757999402,1.0899584523433907,0.1904151758177154
1.6147368245394427,9.137100531970066,0.21692816998330897
3.61555880068056,18.59465638827148,1.9182396375174784
2.8626767287317536,19.39714887586086,1.9421136877961112
-3.9946392062362834,8.767298383988711,0.8818903544009801
3.9825802680436446,15.752506626290854,0.13273339338439422
-3.118455655712183,21.391811919965974,1.6720876529717097
3.7671200749281852,18.789883533060898,0.7579121762195239
-2.238260551362027,5.465668226892019,0.3929059959865424
3.876386554652862,11.037614839261424,0.17177859236246545
0.7451070895911894,19.123742945652946,1.340784115618865
2.855278839674085,2.085773412941651,1.5783058958650265
-3.9951762016681878,4.537574678859114,1.668728466897492
-3.5568695233202616,3.4237770604876427,2.083398982377493
1.4191852243348109,9.181033322985767,0.4940766979318963
3.912995484267995,3.8962424360472196,0.11578316935371527
3.998458620210063,19.76029939241635,0.00906067358328968
-3.911252103285744,9.536115578973211,1.549403577281011
-3.574366730655933,19.555916886740473,2.3033756329215835
-1.1255118456853912,7.735048929308589,2.111607345144667
1.2734775972062984,0.7607010100456097,1.1149663016483138
-1.9164607664446458,1.0881572953834593,0.606350491668854
-1.8526647501789522,2.6909113296153357,2.032983538866304
-1.8194626157229956,18.006937970293396,0.4754221253014309
3.8933928310011923,11.298974866903496,0.24104727438765594
-2.762097517283741,14.92997414982535,1.3652112625629653
2.4218128233960647,19.92230939440234,1.8853022022975274
3.903518186003908,19.778858769185074,0.06606379190996843
-3.705528037986299,21.073059375299014,1.6879149429398879
2.3214871951606826,0.2569223854601805,0.8000056742477037
3.4292724138306276,0.3365167174511601,1.4813953499451875
-2.311708641352667,20.59037213867519,1.1568513462842613
-2.021745787342124,20.905596606023423,1.8409977915082623
1.3528677223248637,21.71060837833987,1.975451699725814
3.522191060624355,21.13102190374143,1.8286378608025275
-3.073706436866909,8.397590854804967,0.6407793934022679
3.910019784827571,18.75347720951399,0.08857580730022788
0.25813396738197425,20.43988326220631,1.6982196444115494
-2.1434497549944402,2.547914197191829,1.9346361537470387
-2.2868935943415525,19.486650394492123,1.7637234832625772
0.3467693097341487,15.392679058206275,1.3653292310937148
0.393754815201436,12.661190852842042,0.9281246863893707
1.703803236814953,0.8246555280809986,2.323381817925762
3.9999941848107694,11.359817396357778,0.21359963613776906
3.889350323175239,15.972672815074338,0.2701185771920527
-2.1147354627192687,1.7903909249036107,1.36444061278722
-2.7215816891837394,-0.24731513745602401,1.1169834610845184
-3.0210011495178497,-0.13775654840077367,2.304959629776385
-3.9827165831772886,-0.45944862744919235,1.7313222288193435
-1.6153407391437693,21.114628113932984,1.9138640377291254
-3.392613125025333,4.642398022205228,0.7230547273003078
-1.3134921681812468,1.7770853925139607,0.13728988090849573
1.9944612374001238,0.29128961075747634,1.8693123869993677
-2.482817746334094,21.534668267978592,1.8835483908658204
-3.6750019747078113,2.186450547246819,0.4322598545266661
3.855665838256774,2.7716433314297864,0.8499085683510361
3.9957565923177225,17.631945069930847,0.012603936643652147
-3.901381895776183,18.92238635148192,0.31292579357305983
3.6784736313612614,5.725664668745726,0.06150918946810752
-0.3325634100187534,1.9061849023557569,0.12495711733979084
2.3355794702492982,19.128130039308584,0.23256301567520188
-2.8242961488700966,1.5214395917046697,1.9631632893660185
-3.993812709142412,1.6875705145515356,1.4936899894156561
-3.996407098665704,21.305926691312283,1.6575604715069363
2.6334912339793553,7.203423513013166,1.6296332842080223
-0.8629153412680668,3.8943951164600614,1.191577081366424
3.8761175761983955,0.791498508922091,0.2540710279591123
3.9249140039871824,12.76182830043427,2.080467480346606
0.32905487585243764,8.328321770153387,0.8386205678865375
3.158157816427235,3.8843455554338173,1.2974829079407195
3.8906963995548756,0.1873336214484983,0.12512858499088655
0.8831880209048966,1.6485777448062773,1.144726130622766
0.31204510722299805,21.580679976364816,1.8991134995510022
1.6080199024720339,7.7371107696577575,0.9712424491143009
-0.35538818704937125,1.0378152488602115,1.9067690303630551
-3.3043000489027774,7.321195312278851,1.461354134968158
3.401570331699655,2.4718844719748465,1.2501032875463165
3.9630521903451457,19.781355541557254,0.02326294048703863
-0.9524335740232439,0.4834773669350192,0.39284127105463507
0.5651327755006724,2.07635553625546,0.8787804922574842
3.724213296230389,13.525834226719587,0.32571219821852765
-3.7310316121332727,13.311958299758379,2.134753867914635
-0.408025250713875,0.6558152588171084,0.44351064480680674
1.2570485497988846,1.9348771619772536,2.021868730904969
3.92572807347013,19.69768452791298,0.5739323017787551
3.1502259134543857,-0.3151918788266026,1.9101789922002774
3.7808741026790154,2.670699091800639,0.2885108185880304
3.899921453729603,12.447379122876393,0.12965129432303588
-3.6810040523068164,2.7744078045087264,1.971057860330495
2.7741577531405808,6.863864693262167,2.221548768554413
3.792663182021796,18.414927344451833,0.32179737374247763
-3.992738702060205,0.26372273439450045,0.2427111338978225
-3.5927952780400676,1.3248501194020648,0.8581512826576376
0.64204608401543,18.72038716253376,2.0356837775029124
-3.1110665626747225,-0.35768762594892356,1.1549374855809933
1.247929009142877,0.31629075511922217,0.3572564013841497
-3.235065659289241,3.2692828037895474,0.2862300423473585
1.5809538630395146,1.087053787114693,0.6136145903618597
0.49236428590283,17.954754677227857,0.3644361084602997
1.8482389313517107,18.253032723435272,0.27606541075893687
3.977750461605463,19.619685684905104,0.09431282484449752
3.895921855047065,18.930728760167312,0.04952135521413375
3.905396058194284,2.9134111638149887,0.06941262257637455
3.4672264821840657,-0.9583200369336696,2.260304550637612
-1.1462679761455106,8.11869476805784,1.3695695522902764
-3.694847918296061,11.706579190542383,0.30045933338825265
3.999802159063243,0.6580269329259556,0.14537848851717766
3.0026405069797435,8.470546597007564,0.34420553835507284
-3.449250285923568,0.4257602742492988,0.5761161580684243
3.5233746190097968,7.891613806837601,0.4872480415387256
3.698527014367076,1.8006061348232296,1.8801116129797248
1.6949878911571548,1.3975084124681256,1.7063679542700891
1.295529881633504,1.6295564634058017,0.7302600351103338
1.5505217242222402,19.391570792614765,1.7600686127686778
-1.3648370639115581,10.653697182846399,2.182793978341162
3.9165584011584653,17.768853221814513,0.08584357499191309
-1.310089555879653,20.19014340699755,1.9842884756213168
3.9660315307052243,15.875373836252995,0.7287592236922537
3.331723125222961,0.9920223398341702,0.8982857379585888
-2.8860557312519486,1.3499473756482265,0.5200090002471801
-2.2358438362345128,19.215639471000376,1.4056944691242308
3.998119955484246,2.9584804996856278,0.9059338876432498
-0.6571067623809961,16.9238208073596,2.013539322821798
3.039796797453969,0.27545686860082463,0.294174887972129
3.9803043312141035,3.695625442484396,0.15193126539213098
3.997760836071665,13.15724187985208,0.04884466878722106
-0.8784540330447049,14.648935930173757,0.47214422441982984
3.3057482272003127,16.388852997835354,0.7702035027478986
1.4896904860930071,18.159564246700185,0.6852607959963415
-0.14372405026690713,3.08412318018461,1.9746301111648972
-0.09623798021127002,5.081852447988543,0.15084168921602367
-1.8158753557184018,9.35519987971295,2.0478404088550306
3.82759923852531,20.471036827328998,1.802808450982117
3.8758257834146748,0.05373488665865454,0.08565870178293791
-1.8293174489397404,19.519899540594235,0.4565652265059221
3.8814749915768387,1.2162040752748016,0.20394358505304372
2.335840016788338,19.49533217167471,1.8822806483113934
3.3135017130638924,20.221568085378358,1.3268666810031802
2.499057242978516,3.8125454940663124,1.173884757456152
3.9534091678979584,0.2251602390400405,0.12198286519892332
0.701387179545003,7.147468173330423,2.3459108278615948
2.8008757796159003,21.51075466393244,1.7689469541006069
0.9669594888040004,0.004197020625267389,1.0602455111902718
3.998179255881424,17.553880311866656,0.5921766935130816
3.647420396601788,19.44883094135681,1.9929848083041322
3.750973546063011,0.4248461794807844,2.1453282579213657
3.5761279233767027,12.56102740833064,1.7021165625361578
3.1074871930768015,18.763011493342667,0.8992093370600645
-1.4390914788880043,0.7697609845632716,0.878795987375202
3.3804159654073564,-0.15890582131908343,0.5409020274927993
-2.910154797857004,0.23755816395614318,2.061434997125617
-1.315802858657273,6.10362154473114,0.7010433789178657
1.9008575922253597,1.3739100415415688,2.2880275000017476
-0.8897721554402072,2.023055473822522,0.5554760923184235
3.2440131921686466,2.054889955904617,0.6184660535202062
3.8912569521512608,6.3334766614479525,2.0854049069148513
3.2801179413927835,19.005241591313847,1.5114237554839938
2.0707400957502182,0.008206731252695054,1.8003400646684635
-0.29242058392518966,4.440719051349452,2.2065742618316375
-2.1449072793113655,16.055330287352906,2.089057976132205
3.90810707473641,0.04577738447346584,0.16569730762904017
1.3007109040992766,16.992944957674126,0.8450203696892844
1.4271295111448017,11.292603225843669,0.8849055161642371
3.5932033575574054,4.959033279909991,0.16725976174482585
-3.991548179228901,19.99561086483761,0.23967300860632967
3.2332259791099434,16.92477638882812,1.2655794628581924
-0.37356613101330477,13.414397577323214,0.1465110187154583
0.46600302629749674,10.149293674019495,0.4813606211661259
-2.950677141305072,10.775550156485378,1.5936209303223592
-2.3207420058290893,0.24790130944318362,2.0253982628636287
3.79436225739574,4.849602510217095,2.0271166272997574
1.9232709986651726,18.81655247666781,0.9325699175964582
1.6591433348514517,8.144292453245958,1.8932959571268577
0.8056142574064769,1.6726345126551638,1.3802929425407198
3.989388159685795,1.356231039570943,0.19630709688722076
-3.483118699606332,18.845396454937006,1.1840963528273918
-3.786527987400159,3.136936975577944,2.0673225493812315
-2.8010560996031404,17.475379437953507,2.0844596226357353
3.988797504833584,17.505936962193132,0.01607791585623769
-0.7595940882849616,8.915026508174464,2.01383496174524
3.758264062922959,0.06087502914819816,1.8170167261760795
3.993095377737191,9.933627385157935,0.011515444173388269
-1.04573340684417,8.705584755760132,0.9375757734492252
0.7486097443305025,18.673948429849613,0.19868708850106942
3.6855843106684585,4.0091319287842335,1.747631666758391
-1.9795031066595816,4.951825638579273,2.155327374724367
3.769331834287814,5.906440343093103,1.9921959951268606
1.0165585547494531,6.46717877501273,1.9981597174027035
2.895724767080214,19.513214331428795,1.7773326163554015
0.42180147794091366,0.6800755588233416,0.9069951245746568
3.7622519945356454,14.033415718331595,1.065170058095884
3.9284793025858034,19.76211221200446,0.12111429063101642
3.981224436035906,0.356370712234986,0.323861142712615
3.8058115936468937,11.861951862931688,1.617390625718606
3.0468709452202685,2.234190050513395,1.9593725376572386
3.9743660025607874,14.523030018134142,0.11767526107240307
0.046667103391810315,10.845084251551782,0.28855108514637695
3.905247291074562,3.635270147046764,0.26010694515165683
3.9240900326574977,19.72969499981687,0.03995178450825482
3.805507514590739,5.4774650895895975,2.292173337134325
0.7255669018987293,1.305456761670582,0.7826811528425175
-1.4499682053652907,2.749297527172612,0.8759872336131359
-3.9987951928284904,2.401872897865328,1.6736978128782936
2.760890108949053,0.20869885919955306,0.973853958376614
3.9968964478880475,0.7021010544084278,1.0557608838246013
3.876384370299716,0.9486385877987643,0.08302152969800866
-2.573211032041249e-06,5.085654057782604,2.003539924660008
-3.507239418854135,0.5489313671196417,0.625900773542102
3.908133543042287,19.845782433416666,0.14522235642277978
-1.7511130403092692,13.522732165794993,0.4020180596033778
-3.8881089966509292,0.15550586258414933,0.5751691697063092
-3.083280429801934,20.169446974637683,0.4698000484665732
-3.75383207991152,16.91631468991992,1.8662559263111649
3.428057447839811,2.409620591119104,0.10232839263957325
3.9056364203270366,19.42413069335154,0.13477048713025097
1.8627664926570857,15.921160790182538,0.47218791234241164
-3.2825854227460285,18.23330857837425,0.7103181971086618
3.9374743342625784,0.3969879943813785,0.15536976398469682
2.2418164023518816,17.753613247520637,0.17053913114275923
3.888865941041842,21.60482462986807,1.9312331870904984
2.2737019382416435,10.104581418078116,0.37583829491986964
3.729834843603003,0.1028740875240438,0.19423237967384865
-3.8169020012344337,15.93687017443698,0.779033705279627
3.9175019407680804,14.646752183109788,1.8372313535757423
-1.392373377984471,8.027316988556388,2.08793132628715
-1.1666984351251382,2.556160405580499,2.0433678842209924
2.309195744614284,19.269027321557502,1.8561766597801892
-0.008070976678647736,9.987067976116139,0.1235544954403019
1.0473604336158853,19.62355219493284,0.5380464495107646
2.5027886066272513,1.1070062020568654,2.193474897937136
2.4251081385387905,19.52118378383455,0.5671189191003986
-3.210484721276616,0.08878141657515513,0.4551663023679974
2.0222457014305446,0.8049115392895566,0.3630443232141049
3.9597588942738278,7.841112193655106,0.14603671230158763
3.91137027863587,13.327381114725204,0.06058821325543848
-3.1996040749935566,14.696085517198531,1.6657895668286857
-1.4465438259281478,21.051495404518974,1.9182514811542144
1.6179090623337198,13.333301903786701,1.6345403359683894
3.9558356922707683,10.093649377638895,2.1176525669168256
-3.1260519618352367,6.759893158303398,1.4555104830829095
1.721098897568436,2.0652425030681183,0.5512425632083697
-2.8277201753977077,11.655266592205617,0.4887905828121826
-1.313113209230843,2.6477081727800607,1.827082392722637
-1.522301018708397,0.5773750610534872,0.8442143484028763
-1.8716560762639014,9.986817846200978,0.7018310119380251
-3.5247490484875144,0.9310731397227612,2.0506028259689715
3.9423883874217394,2.436644199051676,1.9058618693200766
3.7602834530029825,7.039619415968033,0.06791862823611981
3.7133858263155006,2.078353223105199,0.335530887528581
-2.3433542675538486,5.213173245834451,1.4646664978147679
1.2617378471942668,2.5060328911368943,1.4327922645066593
-3.9890402291728417,0.7149809909914879,0.4117381771518408
-2.7717499927728992,17.934216480219593,2.2408970728294895
2.23574257601719,-0.6502157545536271,1.2180503514302303
2.332330201216942,14.264486511579069,1.3609996883115225
-2.1438263116475813,19.352081103444018,2.0393998672266167
0.23348145663241512,2.7602159100988417,0.5645422395184301
2.5443137040249035,19.582698696580962,0.1867285688885946
3.310676860795014,3.6264532003319205,2.352518775860294
-0.7148656621215564,19.178651040443672,1.9728938032253365
3.203788654576186,4.212424775879752,2.080331351391221
3.441540298630349,6.158039511925722,2.0738122897434783
-1.7208218870190901,18.960797897370114,0.7057568061741865
3.904508666841228,19.073798858771976,0.09794954368227528
3.5923681245106334,14.144010984715035,0.41565771431363624
3.987724046510339,7.560962696135045,0.037320529774334255
-2.6173733833923243,2.148504459198876,0.861033865487711
3.9831935266566303,7.8255893205367775,0.3592032671427089
3.9713137319678267,15.870627368196423,0.15456086493455148
-3.2742078114297186,0.5710604528751034,0.4285511263956727
3.6817303178351133,0.14155639006788495,2.215690132021253
3.969485766333521,19.292814206269153,0.045295638615366854
-3.3320033402490274,2.7756903991913986,0.38337005552990877
-3.3049121080814907,3.978012018157069,1.3012733579533224
3.992961048335692,1.345447710227513,0.327770627394042
-0.7298308549890322,3.9639551426736928,2.177955726015707
-2.8248208557836136,20.701831584461484,1.211651292410387
1.4345377346568315,0.39682267784148706,0.3805854257646143
3.6547469605222456,7.082748955356509,1.073053279330344
0.4298756596551832,10.702785639493769,2.1869482833938045
2.6210033729223694,4.077612665629005,0.7687143177151353
2.4976744123205457,19.372841766378844,0.3436588108799038
-0.3539633563479793,3.659769413648651,2.1025463688001405
-1.3937271894262964,4.287622864542796,1.9242266447609389
-3.9974558842501224,1.8295039729147005,1.8367980933436667
0.208044826436276,15.82641903360551,1.786790323036256
2.089820698667257,-0.3727618534519517,2.284118251483876
3.7610450290185735,19.909614276455322,1.8115873758476977
2.8097721303515324,2.8246023741719286,1.6064965202618267
-3.8760529134478325,1.1993148590278748,0.6650307545908671
-0.9430869898438065,3.6979956287406757,1.6784282956848893
2.7808242009259025,0.28273205985605837,1.2628064957914176
-2.2458859903593735,1.4694099313786695,1.738858164541126
0.8571510307059558,20.087519840357874,0.4789945741297266
-0.4672488154551203,0.449219997992544,0.6877977309068292
-3.982640472917262,21.230082524059682,1.990035448852876
3.9995384660951023,18.481535542066673,0.02301469853639166
3.9929863575772693,3.2049178736301878,1.9144721196776187
2.9818225968970395,16.613426665376654,0.20759540982759703
-3.288091931338417,18.53111249532623,1.8076761182805725
3.8163993251681294,6.713468155187226,0.4272795538174241
0.8169976286001638,4.694765275733444,0.9904602207174422
-2.7143463058751838,0.03841434409135333,1.4425331782131146
0.5275830583925565,0.3708551451047116,1.9145725630284802
-3.3738742716559047,19.454441312759986,0.77100000610434
3.950666859328041,14.95538358893273,0.031168984827025265
0.02765443696322971,1.3812493384449729,2.3316017635645125
3.9420887325114724,7.661823103409832,0.2778312746401739
1.7686620718613983,21.39838069522765,1.8276662931060699
0.26789975328183785,3.645137073289313,0.3668025556866773
-2.765496605558419,12.852767064665315,1.5385433289697468
1.0971936626382661,-0.15352518898019563,1.4016773021057243
0.07061979260651866,12.952006132459774,1.8823727247316069
3.896791591152776,18.92367822905857,0.24998100824464387
2.766616486915968,6.669964555715673,0.0788541477908214
-0.5342225808332312,15.928913076856421,0.46007792339256104
1.2351717251105359,2.9480174809869957,1.9950243351690335
3.14824680047568,15.515657175435786,0.6463919543738005
3.9867915051501206,18.484248801897962,0.01505664101879131
-1.0753104095279862,1.0107125999720155,0.20631383337058956
1.6475128299731996,14.430623154514837,2.1217162557065974
3.707708489223371,17.713968164477393,2.0381198637666262
0.12355108864197438,20.458865340217226,1.786456202620944
3.975714495177547,18.43476337244191,0.04295920493244996
-2.1958330860523154,3.3332234612054767,1.127228977270289
3.999913505614173,2.8636545545827765,1.7727995178945692
-3.693004112091379,0.15327368021660348,0.42521620383266034
2.7225195136923057,0.23458949323826012,0.9885101571834438
3.997881030983271,17.435635142057247,0.9474358600709041
-3.3930319185481315,17.477221188258728,1.8295128761356738
3.9057499547758985,6.305437535609975,0.097460458443724
-3.27719455935014,15.551368558463226,0.2235047845755437
3.9875668256981265,19.014760695992777,0.13664847671236974
3.9971503576775804,17.53215727747956,0.8778951523636139
1.0772142058484544,3.571654068502827,2.09091863827017
3.7079829197594623,19.807522009886412,0.13630163294832937
3.902957785375128,2.189741886387357,0.14216701520913672
-0.8490524371261787,3.2965227675092525,0.6240367323657985
-2.4007597585784484,11.07304899803901,0.684198023170779
2.6279431562058377,5.03390251276124,0.6971443543376536
1.8507449097878292,8.43053231573917,1.7480758498871627
-1.0934260068973345,5.898322308933896,1.6743907742514297
-3.9965689559165654,18.95466029223246,1.1759477652221135
-3.832477479483342,19.887507657895494,1.117408716698956
-0.4253853553527331,1.4516150070925562,0.8370477838585567
3.7191575917780466,0.40434628197268885,0.4801732116998209
3.7405505329381734,18.975042655550887,0.3530129540518763
-3.9587807702596685,14.115270726673259,1.8766195981444342
2.010662185723783,18.634807182967002,0.17014719786674978
-2.78998977014603,20.100358339836372,1.6687612821717586
-0.5350390942862892,2.2996586013853255,0.7356043176558682
-2.429106924802988,0.4099965932427782,0.08670018892332176
-3.6349399816081363,3.31636076650679,0.38784518072006136
-2.316206507218828,17.78672106727004,0.22223454161220096
-2.702988934042111,0.2534150897767016,0.2931108923845814
1.735744814510086,9.399422898002616,1.1816140018326093
-3.5625115773468674,17.704757301389552,1.0459719489167019
-3.9453872622868316,1.0734879846337444,1.3163095980236288
-0.5235698435946957,5.153185460088537,1.245765044930032
-1.6574546452247074,6.2110477526866275,0.8074962853449174
-0.5940760272653347,19.564421107793212,1.9768390951069932
-3.9067074327006157,4.9723583920821985,1.9256020748955418
-2.040582908091735,0.37337504486022743,0.4948357077511963
-3.9933527783991196,0.7568638740557642,1.905304172967568
-0.22330125572030415,0.9631696458530427,0.24302041055631607
1.9113675090417563,2.123264252704051,1.937212162072293
3.9121167591121617,14.513083220863239,1.2002120707180413
1.973467977682484,4.9553119881187815,2.04418021436483
-2.6201118462734767,10.322459650207882,1.3464367529570107
-2.0168234586386253,14.111293696180228,1.2403043380176244
1.5680847295013178,2.4717446715799207,1.6668510831716772
2.709708611792093,8.316756299893642,0.1513278337378507
3.291594494557077,8.645573737133876,1.656201361350036
-3.8649215617971335,8.119652570877458,1.4003210891247841
-2.068556461972401,13.385405020145534,1.5427237227189559
3.8447098238067117,21.68526289308648,1.976352786145066
3.993443803308283,19.35974983648143,0.023878590492508265
-3.9620084701333047,2.2872057795693737,1.1385040055725013
-2.4755288801326625,4.29945877612691,1.888270832580828
0.7284704734283581,11.295279375634548,1.913523510268423
-1.649665275504686,12.281882806662658,2.2180829204151316
1.5192217001768904,11.844290769512778,2.094189782267865
3.99985160380596,19.764954734969535,1.678773566985458
2.303325136068291,15.719986045203994,1.0889786787554925
-3.9541223287291953,16.828907366916894,0.4203572813999471
-1.0700739985302317,5.42181068222985,0.41555361971029225
-2.6478001362004195,16.1441202565689,1.2170276985521657
3.154317136740765,20.682123274313042,1.4745744309292412
-3.997966611818878,20.176262574275878,0.7491420887792489
0.8506023989353816,21.43090181367102,1.9374149057504781
-1.6879770553166844,20.085662316789122,0.5136127681927127
-3.997700774345872,14.428659341773564,0.9770905062333456
3.605287477379565,3.4775333804046484,0.16647440957907444
3.9890054044026866,0.3093325503681649,0.14494860677199428
2.5539708332493154,21.534050527359025,1.947971626601892
3.9346243455591234,3.793393222182642,0.27116889026027924
0.6744326341675672,19.924561181411026,0.17976985513930294
-3.9885599660098703,2.635007847157178,1.8184026173771692
-2.7992524905294407,20.623938083638727,2.0597251833210173
3.998445380924689,18.144185207114184,0.00967056033838876
2.5565851837557974,18.587950810742644,2.0997131499869273
-0.6960438113815164,19.759834659616125,1.8074123110940372
0.6075076936865357,0.666091500009738,0.6994018482888713
2.6008873396557157,10.368424251882667,1.8283531669512674
1.3732379891279423,18.886255127021965,0.6975554159941986
2.0099090225613265,20.147042957655778,1.0068347295531817
-2.1524673346773033,9.769569613957781,1.8482728181239165
3.999025318546167,13.25986695154208,1.9052346641297093
2.7187516494314123,17.174860394284398,0.3577205647423595
-3.8399219829255387,19.17257072855542,1.4046468704381376
3.9855930871862513,16.980318054969402,0.2244145529151422
-3.9955568187440087,18.364547782170877,2.352997528080944
3.968116601850194,19.66574865456582,0.10696732951871415
3.9342939696136234,18.540005572978476,0.06988245525983994
1.6519884673130958,10.420764955286707,0.3497532578399335
3.9961511426047083,14.99968521641552,2.286536901422168
0.04461530382224093,21.505404645572476,1.7483932017921517
3.3478079173948387,18.584807881607652,1.7947746791340005
1.7360071917394817,5.4366925971284275,0.6103648609222799
3.75753531786901,0.07615798118103395,0.208409061732624
2.940368970285173,2.6509125443413692,1.67276706299902
0.8016730178295813,5.469835258292068,1.329500975710486
3.889472940178309,1.3811703853297224,0.16412104641570968
-3.869613992343033,0.6262110890137604,2.2307602041002514
0.39890236778813193,7.5403737178535435,0.517928775755382
2.44065676719692,12.662911480060663,2.1073613228392434
1.1063273980193513,19.64689817495889,0.8314127028898057
3.608693191674501,21.64071032200931,1.969134941360897
-3.451665174390976,18.998973506711373,1.2058065468079606
0.08588414309605799,8.504145291088733,1.8875126044321786
-3.9895055765261085,18.43233754536554,0.7422232588862685
-2.8521089803600943,19.99758066305619,2.0194919889386136
2.355990721419261,1.9299882924667915,1.2955527161187843
-3.9860153142451997,13.451963306859646,0.8589008967847095
2.8871224259736317,16.338193651343797,1.9241380116584723
3.9065870063356063,7.456122486719054,0.05112304705207718
3.9540725095936766,2.604896940194026,1.9868535204160853
3.920564238425716,17.961693227722762,0.10979743415722974
3.963317683076296,1.516440073078298,0.10796239454489816
3.5673109068220956,0.16048514965799154,1.8996963307695283
-2.044481380712793,9.734961679813702,1.4575979675614068
0.2023105823391392,18.891080353050604,0.3575906759628885
0.11259015475245067,21.54005159024382,1.8302773239131351
-2.469233886352255,2.8855260590487077,1.6660210053425568
2.6480370480975526,21.59104387399561,1.8499654942398982
3.9968541378668174,0.1646115550103017,0.18128837717448104
3.476742055864659,9.513741941918168,0.1933107139182357
3.592240991129286,18.902998008053356,0.08888630154218717
0.02274090421321432,19.768919793259116,0.1506349067571777
3.6037624892265736,21.395941661528067,1.6985672760612973
3.8813054243041245,15.978373588191282,1.7952085670503686
-3.9423176409638865,15.933977492359793,1.535284248296533
-0.3404016877145511,1.3346312001245804,0.46746494474381084
3.922433556615557,0.04566321749027487,0.2352381289046564
-3.9482763624408026,12.351143973159342,0.8947872992522903
3.362548035634,19.257484349342498,1.504526776469444
-3.954723606020955,16.005352583949367,1.460032071760749
-2.3107158903746763,18.880091835756232,0.7104349989110378
3.662464646917192,14.913326502512028,0.8141237080868606
-3.751256117766343,7.604324292320244,2.347377915366201
1.7971104609576676,19.645549892327004,0.3782081131185404
-2.1236286682700953,9.20962242624061,1.7497774311904795
0.4414168209444066,19.76856549875596,1.1543332964280568
3.999039656265631,17.610362952614274,0.11180624594700639
3.800597417734714,14.215475460608204,1.5106804714027695
-2.8503563521260635,1.5207231093077094,0.465828583277024
3.986117003102206,9.408246402174422,0.6554189280545256
-2.4322920587751593,0.5207065674824856,0.9357462433562075
-3.6770150111207953,4.578845464795103,0.5908161431074015
-3.833549963376547,2.1891709208185577,1.692540362990584
3.1813390812094853,12.797420538307115,2.0047019618217905
3.241388895525822,12.218594401235078,2.0849831387777287
2.244346194208523,16.733363160237214,0.658465982982964
-1.5192035953845462,0.9497004685442789,1.124373151496164
-1.0634985198990559,0.8355894588213078,0.47402904646835975
3.701796812929514,9.85433081000433,2.101440654923882
3.4684928455173076,19.382895581767855,1.5172895866712424
3.9872982112102324,19.176194766178828,0.12787285908914797
-1.8386813930225114,13.869363246549769,1.9473631158910987
3.6089815970733503,13.716099268710732,0.11727982898756056
2.539830726004936,14.506500741201345,2.2483188683612743
3.889153506594329,18.155509988525026,0.2481805299404507
-2.735272841750261,3.575809249982514,0.4142372187023857
1.9531974127324054,20.387471199256893,1.97126401105109
-0.2210066681109043,6.861787744527297,2.0658563628268984
3.6395631389552583,10.618793599641169,1.3110108875637987
1.0250685518646245,14.021138611846045,2.2693120893335648
3.9938712191765267,0.18595396522509566,0.04220397982372204
3.5248078250282964,5.773636540801268,0.19007067900147553
-3.9597713961101877,19.986606604854238,0.23493901643125797
-2.0366549536560377,4.718567961682093,0.47312031515323044
-3.997476376263815,20.282130816822765,2.063838577969357
-0.7788666540588282,17.163359124049972,0.839563395610895
1.4410234406276752,19.693756456640823,1.9583967405170324
3.7390073504180803,14.350153747361842,2.3063553099278287
1.9407697216173958,19.98240049069061,0.3495711203160636
-1.767574904485278,0.9205038642602984,0.9233041150236431
-3.9292681062988613,5.575306062451528,2.0165106204854295
3.999612990795525,19.64531861024223,0.025722996494283553
1.5106562841354003,4.15503122478164,2.274248569851159
0.35521000710300815,13.859225670321976,0.40190340465170316
-3.726056787240515,0.82290071316774,0.5458826836968074
2.7518034799032733,18.42108054159224,0.8450859455195432
3.585751081473399,20.85723391985599,1.990827499528198
-3.9978637790488865,9.809946024266342,1.6207601405350105
0.9581125350772332,21.56241173651143,1.840975464306968
3.895512607022789,8.951159909148592,0.10365954819264339
3.8793774480382757,2.8981713025107005,1.5192730235285221
-3.3823770377079176,1.785855245499096,2.084851385197405
3.879735869749382,2.965927415308993,0.1481459098311773
3.998564929284985,17.343485030134577,0.040415708007538194
-3.7819855408979595,15.437452100679861,2.3240087192633503
-1.1130291716733742,20.10967935117877,1.8147662789602172
-0.7779557340545998,15.350464121235964,1.8532808276814685
0.5158189926699603,2.11059836620247,0.15620515899471998
0.8294119991161965,1.9206761285468423,0.42061812618793903
3.52305098045488,3.0958194934495107,2.205703231926357
3.894423266840044,19.448821242944682,1.846300081926643
2.6034849582845125,14.946430888536426,1.5918685505678576
0.6912814999721474,-0.02812043469962114,0.6249757321043841
1.756702773309382,0.0700017128605182,0.09781193518537634
3.931389390049111,19.581281157964607,0.08140042648196807
-2.4633151780979885,4.485852926135218,2.01071442067621
-3.887211665658496,0.7739901650766193,0.7179371632191296
-3.9985584923332036,12.1446596459081,1.1122728838483056
3.9470757754106987,2.2774006214222733,0.18799009454483084
-3.566716592107601,16.14651088013543,1.9569266154636207
-0.28209916337205954,13.30030732525545,2.141627058399341
3.985325025178329,1.2208981958378424,0.1527879208034787
1.1069549779409678,2.758732586280384,0.15295385765357372
3.3215813368894285,0.2938687872375857,0.3469849081400809
3.9610578578151436,18.40122047068345,0.857128511727833
-3.9869499884122725,14.53414852883952,0.8516245382665619
-1.8838577265976266,0.1113284234321961,1.937935003284077
2.5144213766962693,1.258595675962359,1.033807375927468
-3.9988450728637126,9.069085763832277,1.2125194891707487
-0.470375059938477,18.9921380248679,1.9164446926961134
-1.2226559250515856,7.481544505352756,1.9340949979965945
-2.7727545831623366,2.0881312581177376,0.8371394450693495
3.999612113354823,1.0801304287068032,0.2623683166474417
3.4912274493642013,12.12240208569054,1.3432951665315138
3.061248257161049,20.456393721340575,1.6973629885369117
-2.957474135100619,20.616915513374305,1.4431045994703193
-3.995933761669774,1.9690658203240257,1.8561265196626218
-1.3705808331363785,6.19413461445536,1.2262602349583975
3.9530505308600197,0.7149345145186874,0.32934265677232294
0.4933029091039441,0.5753323774081655,0.49569157743857784
-3.3723108036588285,5.122467017857355,0.31148613895806765
-2.2816426090612403,3.7032907582543886,0.5283928463023964
3.871650682547123,1.8505976256405168,0.27356282408261046
-1.1362104381529758,9.963904083962252,0.4022179348525875
-3.92085163990723,8.105293607374545,0.4193435066372476
-0.20419462046217784,18.38487084857929,1.3622089157019992
-2.787544385436387,21.444503773149886,1.6833051155268022
3.6672152546574943,20.796893880127932,1.1186324202099434
2.8832760595075166,5.6785046453008725,2.026395571644411
3.897055502554035,13.227918051616003,0.2869022354026338
0.5292359014203392,1.89092801451958,1.9326183803500163
-2.4800989621369554,-0.15839626524441697,0.5522904846707843
-3.9991569515822194,16.01317660684953,1.5955083804761103
-1.3631915493083024,5.270144720603538,1.756857034906313
-0.09180515526445762,13.921979800234913,1.1643797766053725
1.7246247608349141,1.13061373625741,1.2302203077282536
-1.1445383057259744,2.4284074618138387,2.263695172360338
-3.9910828153536415,19.795341727645514,0.36786628673194155
-3.5921582469901927,1.51555758141056,1.6183976174657577
-3.5230528875001705,20.0375742842154,1.9574732458827888
0.5726508134869186,21.289373164852243,1.9651936516400377
3.8452402237515053,5.878702049297344,0.18321694338215486
3.9458223981491076,5.5234916903391,1.2580768518548562
3.6369245944946216,7.759044469542514,0.9567091501837237
-3.8848720461767416,0.709819483965189,0.47986952340020367
-2.587448340404155,13.472404907326698,0.4044240150537526
3.793608732154788,19.81729830001988,0.1271394142396972
-3.66839209831313,0.2929553028300519,1.2064008358408858
-3.998207539526904,12.374770753532733,1.9624358092455516
3.8959356314893703,15.82470728540118,0.19718857734039077
-0.5316482511642343,1.0947615805488622,0.9266718190995118
3.6624467149748816,19.96558959613768,1.0926678748692857
-2.9096029814894004,17.812123054771885,2.0179914378129356
-1.8183116836534952,7.741518704635293,2.0272235048473286
3.8808934670222124,5.421053553742754,0.21529198098373317
3.8989407184786318,11.219089009921456,0.09256798760850493
-3.9350951703415555,19.33982842701007,1.093819034047421
3.983704705289078,18.018205943418575,0.01780063819447044
-3.9804991187136394,3.2369585910616214,1.2150272820286336
1.6183391362590251,18.306369669380445,0.3510671075868516
3.6301138449705315,2.4350558233007766,0.2806442889783839
3.9614205996834895,19.52169610110096,0.061309272264625236
3.999603307618442,5.437937438792796,2.012687695325959
-3.755917995813563,18.93596843942804,0.5972379666626046
0.6068015891355166,13.025348129789274,0.4226361882831711
-3.9986973170507163,1.3727260979834004,2.319366420089245
2.2174412539437167,10.69453876668398,1.4420501655819993
-3.909850799522083,0.8542887290004717,0.7549208229435789
-3.5433652635194006,1.1538504833146506,1.122646104041444
-1.61098081490932,12.23220061370583,0.550387213025662
3.0215673921320843,12.350057451628537,2.071014335404789
3.984655563185094,17.557686786593596,0.022424358152126712
-0.48586556341096526,12.387940647614236,0.6323045044863423
0.8232100355707336,18.581418759751894,1.3628177133779256
3.501145295769266,19.526430948379215,1.300368593037462
3.922586600558134,19.52856460790215,0.11020279786696624
-2.7369320595978146,18.99079995443919,1.114385933402095
3.3269416124231763,20.036466134428345,0.46215048196316877
1.9687845671595499,18.05209011595102,1.0571297989761086
-2.1070165464037927,1.2925015344994286,0.2711015563306446
3.759535324805516,7.771572632021692,1.1625505875158735
3.176751755314068,1.765527726067502,0.08102798299010042
3.5772858373834406,21.283068424734246,1.9805824835287937
3.881761969745576,1.0353654884633958,0.06529087916639442
1.0756331002986772,17.388611245513875,0.29989148344061434
3.951084673732767,1.8263119829794552,1.8766110713243753
3.9044613863886144,18.234311231056097,0.07349337780962584
2.987506029870821,3.7882948137083883,1.7813673040134466
2.5697940270208317,15.948873744795245,0.33141449188028815
0.12592567620045944,0.001129039758603639,0.07113185924005136
2.915392598022769,16.314887544048435,1.4280048137059795
-3.9721492093529465,2.2732846100648487,0.7151462750488043
3.8905256940257615,20.039028396347,0.681975773620498
0.2214932909431206,1.7088219649540093,2.0064673772191868
3.9550098303251935,1.1404529534582322,0.04468744922986172
-1.3048364156827257,21.10291469059216,2.076277319171261
-2.3972387845418206,11.899578643714792,0.9443228657613356
0.7710965037407235,18.55017090087298,0.3721087543320605
2.9292545856431498,0.09978483637429464,0.3140114676635666
-0.46692648521117724,10.2414420329571,1.4321656462025505
3.730900036536047,1.0465874251559493,2.142944600976728
-1.7635448886802332,15.504661288008489,2.0430342273260087
3.892869391666628,8.626476983224164,1.9993191715068552
0.6548429020618212,2.2550984011938677,0.41965718330070934
-0.6582506170751673,2.8161528274346366,1.8652043245440515
3.7244047815893726,21.377547880244098,1.8035245729552722
-3.1461557704405783,19.005827020038414,2.0544223738881886
2.5206630710177174,0.14000564677899183,0.16302489698765918
-3.964219328817215,19.011821379166587,0.40150705452089097
2.3381401043599634,19.982204047003034,0.5637138534892066
3.5819893429516148,-0.3694104888453945,2.249597370463403
3.987056601810196,7.779894598785045,0.5167808230195565
-3.5344272958698055,18.556220409463698,1.1137199690183783
-3.9121106975590156,19.98995449492688,0.23354570624807772
2.876147482124412,0.17703996374263428,0.31993759703849256
-0.5901119600232775,4.219194548271643,0.3608983414338226
1.027628083720502,2.1319859675186152,0.14287570436723057
0.46359746565374327,19.23598505322685,1.909549374891136
3.976047766124545,-0.17964119767526043,1.2311615343201958
3.661115538326603,15.315950266191527,2.3257609508194292
2.9012446070406073,19.694425175502623,0.15494458291347163
3.8136247099021725,1.2091068177725819,0.16150561279632228
0.4465206675226173,18.108417616931057,0.5955499755855485
1.973575195278469,9.091864498526693,0.13748625028578038
3.994246746627499,5.450120587820162,0.10560919327204045
3.6037216017784677,0.5197811362336928,2.355828836615754
3.9675974163784473,7.121180314296598,0.18167895196066408
3.9453098975724274,19.061450790911174,2.1865582419804994
3.898607821417951,-0.13114463494277198,0.6273482302127369
3.9990659924999914,20.467429676668043,0.7930950624103063
3.5379756396742317,0.7972785290391688,1.7697353072537183
3.999633352673494,2.1333836183733372,0.1871259089782061
3.981837365579435,0.5608950286825443,0.3149676661956966
3.9880425363146026,4.792480050497291,0.9845283227688691
-1.8850386154105478,4.067797346446937,0.7642371024714271
3.457462067024662,2.39330753061404,0.3593629874364008
3.9862479859471063,21.101605442330744,1.879265303498485
-2.2879332585936125,12.378960438879476,1.298375577880897
-3.6707605688015725,19.93850211553768,0.3699327314760274
2.998979801147765,4.666479437007322,2.1726447758982186
-2.679698334729947,17.728065504909562,1.9824960577777957
-3.8746221706620396,20.422966055833776,1.1891942781951526
3.7765908814184503,0.8559867527479196,0.32999719515857073
-0.565519725829928,9.408475140326019,1.8061528099575335
3.350278797342269,1.4426350487550734,0.3693948979783751
-3.9994403897842394,1.0163401301896686,0.6628933859482489
-3.9374747934761527,-0.20862100798982908,1.8832278292485678
-2.6912140700760476,18.392427670292836,1.9952413410995797
3.2670727127615002,20.586703709292646,1.85597737252414
-3.7781311618625195,6.438225315923574,0.4435715090664329
3.516106457343267,13.781945858250323,0.17459187799199324
3.9698632742882416,20.036429663986496,0.48858076474113593
2.7095450151456966,13.835992361143383,0.94576128768373
-2.9631936281692712,11.09841164995884,2.1170836136187074
-3.998644052503133,1.5394538892626894,0.9631557433280886
2.9160811958848742,2.299890689102728,0.8066982845868572
-2.6559697368722173,19.451788571699016,0.5376551758258737
-0.0354941637017331,21.281779017566745,1.696578363441006
3.3112642750249175,11.631035017729797,0.3395772887357189
-3.26666301864695,21.453360319407544,1.769998998327364
0.1014896560075376,14.43754113041636,1.5197891779722075
3.9991268738531045,4.288272935288751,1.8037763405986962
-3.950754765745023,10.921143299434402,1.8714430077300659
-3.400434856275405,2.2359927719625974,0.35774184898122124
3.999981840466738,19.01309733023605,0.1304400978052843
3.875669538162867,1.069765164811046,0.10234425821246501
3.668084876987959,14.526296068851362,0.7629618668123236
0.8172895575971801,19.571723343420047,1.9442410513836663
3.1162114005783916,0.11490487973014227,0.16207887630741694
-0.06660363575348477,16.363911088365377,1.7785773612681786
-3.5360623080574367,21.159068042347467,1.5753985993860617
3.999981802438104,15.882860435902826,2.046696333269028
1.1848100493080307,0.8050265459914158,0.9726411705130732
3.5776918361785874,14.185651586830176,0.9943574114138402
-2.2592974535773456,0.04857608346799053,0.47707488672434056
-2.7392083722309937,19.263589824893856,1.7313967838539759
3.5713987763895396,3.258165291306778,0.07713831272924701
3.9479160175592356,0.006730273493171118,0.20508342794359302
-3.5826323628173866,3.1693379668124204,1.9531709767944991
3.8555658370179655,5.9822262869378235,0.2521450209482884
3.9023470519912724,1.2604887356516117,0.2791431841243329
-3.8555204641236718,17.868377100385807,2.16510404127724
3.877589857609935,1.546882711459561,0.26363309710208516
0.939270482352303,19.050872085741176,0.3935463372611004
3.217907278905387,15.837276415855092,0.7076576457126822
1.6041417124532023,1.9585661195741952,1.370506699957496
3.1640863030731703,15.064756088941301,0.66894097051782
-1.9465036513486091,9.510564732345108,2.319552286165912
3.875673180195321,9.588839949924573,0.06784664431472644
0.34459960556696223,0.8196287130233986,0.25076176509394754
2.613465383456284,13.310105948200269,2.0635067618395837
-2.681650595778102,4.196936134441714,2.139498351039183
0.49895244431150026,13.842798918485975,0.3339721625099473
3.1442425870570574,-0.2858705410661112,1.0329721642211254
-3.961397944416678,21.00504685207553,1.501040786391226
1.5364313142022028,1.3033654020383258,2.0543849090839204
-2.9669678746642654,19.311445616422926,1.5045241472160575
-2.018160694387205,6.758030623497719,0.9957320220339886
-0.3920837189346511,20.7824683740841,1.758536781656724
3.5220091487864025,3.0573546126840943,1.4275355754482497
3.999906878974081,1.1705727088304023,1.8386128788383729
-2.704718886235523,12.151054627673687,0.3549918315862147
3.272895236023713,2.3441229584894856,0.18884906899876042
2.270094674356918,16.890848673282846,2.213252819833902
3.9952660864889955,18.33697303761076,0.1517066995218018
3.780077873833638,18.38492163136084,0.13584705952787987
-3.998727688133042,-0.34356609073755773,2.2151484070805183
-3.9957436296591,0.19070439347163837,0.475526060650159
-3.703650551455746,15.343607452144218,2.2108418754483083
3.957334962456357,16.257797141743584,1.0463948264553053
-3.9991892292936777,0.0018010936681760112,1.6821902786518759
-1.5639717934111332,-0.1053136737884367,1.6314155640971413
0.15787160607771075,1.3873007948849938,1.1680039609906077
-1.5433265247207915,19.90667366434194,0.21442301449310022
3.9586173868880694,11.378189076325086,2.2645222319988827
-0.5128267967987065,18.61051148787092,0.41536699284486933
3.849947339046891,7.093126185894876,0.07790925791017989
2.4702692405748956,19.722944110340208,1.8422072051521718
3.9997845092843747,13.617970363504437,0.3902998186665048
3.1415107555062334,21.012582438591792,1.4267625142913818
-0.8479969685857157,21.477547459841055,1.9581280572604733
-0.39777736164741356,11.806390592259932,0.29845111067032354
-2.2543864375691314,-0.10299068422022341,2.143956671646017
-3.6892864275939874,7.271434340724767,1.9779231455593853
3.803424238443705,9.256217992451125,2.1350148422955018
-3.9997799779789114,20.675298924694975,1.8737560547470768
-0.5463831886259224,19.736462871384056,0.19484146008293549
-3.5018615728953177,2.668320110571968,0.5173701384505579
-0.028043273373684393,1.1795257977553917,1.2697976855387105
3.9961937770442426,5.090973682302616,0.6388324950848964
2.4714376721497535,17.611034367550708,0.8987119167328907
-3.9981654400933273,17.005833683315377,0.5529469870053536
-3.5008002888571728,13.76178075448856,2.1222951226549593
-3.559337333725379,1.7134933132803243,0.2426235954727648
-0.8318941791854488,5.136508441956146,0.11863919820532685
-0.6791600601194858,9.200624372827635,2.2271574918581023
-2.260494952892797,2.8096837096613414,0.4282485824231546
0.9405726345537451,15.916661979829229,0.13608374767248949
2.4205820601678836,1.0511365980557583,0.8560506811946321
-1.4151781571468263,0.8815774815711713,0.6309218126059114
2.1538317812713546,2.147205952958802,1.9082788844502883
3.637134643597244,1.0242784372216707,1.5387847395863734
-3.3382371080907105,0.5056275954397413,0.423468217364046
0.24684019188849615,12.774351674552232,0.14061537543229854
-2.0809966866867504,-0.6727054549497227,2.3526315016984687
-3.5468995727047936,7.9746457919386415,1.8875693872484733
3.6701534602076573,0.0692767468577149,1.058564222439756
-0.1284744320181651,0.488072999028807,0.4637006709157823
3.2736896469028,13.779349925402595,1.8477849485541338
3.997671356729561,0.6210655204062315,2.142097280819681
3.995926653016309,19.104307854946654,0.28360871684548955
3.8731569519245155,-0.9675367027046063,2.035757162383091
-2.3553958812483717,20.495195521422833,0.7820329747234817
-1.0596811803921722,6.90389293602179,0.7376812203620904
2.1912613882133027,9.268968113219895,2.3443789859327717
-0.8822816328885128,0.14424319273306915,0.39464111373286076
-2.6831243605074273,17.08544097387291,1.1147039898625641
1.2599879263409743,5.798125677348375,0.594475345810759
-3.6240188126718516,21.309938940156457,1.7799866652029455
-2.0923313744839804,1.6258554826305214,2.3331574721239505
1.3476545797304378,3.7426876926941928,0.3229810390028097
-3.9428524927988535,2.8929652724687833,1.2903792873164177
3.9358322730471196,0.8283223298226821,0.07642910339004484
2.1611780746737885,10.349760709801128,1.6477052715411296
0.4277288691027096,3.499661285772268,0.8597326625404229
3.953338733010159,3.0789673378496074,0.12583902226597568
3.464833436722097,3.9855448053630775,0.5362913452511548
1.5660682522803488,19.114296341508574,0.19384663586113876
3.409797410941845,6.450801450481444,1.154053579815368
-0.021591549880227868,21.332266068076585,1.90169053519882
3.980762311680509,19.73600208910794,0.07334534999176387
3.715853403624374,5.970130997776294,2.180151302110857
-2.9254735588537244,1.2228037494563098,2.318569475071855
3.90988019487989,16.44876488235385,0.7472687694867515
-2.825607310041445,19.46011553173685,0.6614553628709303
3.953654445031348,19.021974750200258,0.25057795816299666
3.8757424887260297,19.739012734777333,0.07120339578892661
-0.8365374510225653,-0.1976883850866975,2.2467318847747086
-1.2263884740226063,0.5062138885498993,0.11300579773784605
3.980993564973708,19.13172876120296,0.03605237389753806
0.8874627698024822,12.627217480248557,1.3404005297134802
-1.08980282727406,-0.08127380255958971,2.0794407732666187
-2.9286374080722246,1.3864951869197752,0.755646768713298
1.4564156316207635,1.3182332530172358,2.043892356809277
3.8879718670723378,5.257907204502015,0.08781422654624135
3.685680041215912,15.082940597002027,0.5128194544693419
3.737746261296665,2.7535910412008486,1.5944194064534387
-3.4448195933932086,3.881631910405437,1.9380019532368336
0.8122207779980578,4.0914655042262895,0.3589651047480795
3.9373020192451365,11.3986632866916,0.9452187411305253
3.2758520774820057,18.828751022104747,1.3129982167097984
3.5608886561786894,0.9910302840855993,2.224374605914522
3.959027736737254,17.98418859800747,2.288063719694027
2.513901279732976,0.6747045209433977,0.4281177718254675
3.975655948722091,2.2266125578481435,2.016358925397522
1.0702664525741732,18.07853040293786,0.10163693597841257
2.5156078200041927,21.15718347698262,1.9436483015641421
1.7213313083198096,6.459638350172841,0.1691478988429756
-2.798446729556947,7.195847423517574,0.7016293894197227
-0.05676782036692309,11.947398728376479,2.117217111374327
1.70153010589692,9.675120515566812,1.9903095366678505
3.958675655697265,0.8745511731587742,0.06304213285014207
-1.8591526568910153,-0.42923713224542165,2.166060569415413
-0.5254097434479313,18.5259096879598,0.7988474799002834
-2.3855581552224545,1.015497047185546,0.3086369203816995
2.970466665990994,18.88811764000602,1.9963029066453288
1.09747843446191,1.8002778604987382,1.5648668737733442
-0.6167523590477243,-0.5476414618726138,1.2069231434678904
3.9961010818415716,7.0857404696770425,2.144718257613475
3.9953274227774953,0.5986814793455559,0.03606245910285934
0.4584580610659824,9.877440351129001,0.42796691806825005
3.8444661208348743,10.176256176839837,0.25454193794067914
1.7597945708344367,20.555701372677014,0.8081501820937218
-1.6973186770758066,13.569179644864017,0.7079056380792689
3.7964623200203724,19.072146037808345,2.2599361941099168
-1.036064601847187,1.1669368778769575,1.675348195872869
2.8560258088299473,5.323313029517318,0.27256961592420614
-1.658880434487051,14.768951181704868,2.1414259681450782
1.8034954520560764,18.576713310953558,0.18900058907262327
3.874920822356433,7.586884475279658,0.4967019509018088
-2.9405571585046872,20.135666029100978,1.5077214583854814
-2.4299547925449314,19.216830664159755,1.6644107140235231
3.9978663340082474,19.33287262630128,1.2081832435333413
2.109301988033152,4.74803017734472,2.0323768082376956
-3.0373374790636682,3.7908601155173964,0.7277485649339975
-3.481643998005205,18.13702450380607,1.9507242040009034
-1.6260318070571531,6.824041193275234,0.3952770050871328
-3.9420456036449294,19.64625252652047,1.5912155203167255
3.988991831630366,6.544817282387357,0.7930814472337664
1.9475028038161744,19.63118455498866,1.2767047558494735
0.5400670013354868,20.390306672427837,1.9882367260381957
-1.8199418428038943,1.906462260439686,0.6509298060591294
3.9457026117239575,16.381665187780403,0.8013369300099705
3.8528316104746305,2.5484421504672072,0.08687128389601621
2.2848264270636904,1.5424586925082804,1.3078468518049249
3.9846014501646,-0.053530175887545446,0.31656333698080447
-0.19834503449514948,20.447164524301908,0.9200037598486898
2.9651140802276985,8.302235941071652,1.702924903881463
-2.6719153738356494,20.29692651241059,0.6545903379802902
0.5045402262249379,15.991598636250338,2.2401696082104783
-3.6237004687676677,18.643371329408495,1.0241931931995374
1.8267096756276677,0.07318441503465453,0.4857426494697894
3.5581016860577925,1.3106494752554547,1.1235867704733267
-3.0536092657526748,10.194891143539214,1.831180533631099
-3.915615583794658,17.170231794938626,2.329146425941745
3.9993770197673553,7.55791081444944,0.036765105567196324
2.664688523055861,19.710593755126478,1.9863377280611305
3.9981569461087867,0.554083658419559,0.2332987370225621
-2.2299507480035894,1.8508971235854237,2.0076334101349733
3.255265858651945,19.066907565459186,0.18957891266278518
-0.6338005809823846,1.0055099657430278,2.2728339599549243
-0.9003909847820145,20.87742472125359,1.1513440661171594
-0.2614966193760659,0.8042673886604069,1.6314502784376497
3.9508759436039407,1.7020919653531328,0.06873589389919962
3.99999739137205,18.664422544947975,0.003870318369599549
-3.807140728968979,19.500373871496965,0.5669672204371158
-3.669863791752684,14.566890105158732,1.9490234055395343
3.8789231427366486,6.727634351273721,0.2618350513086313
3.9533824866504506,7.64540200371442,0.09794552039194535
3.1324300867911856,10.413102898340941,0.570080814901502
-1.113504289345373,21.633651516142844,1.907962347680792
3.255308607297077,17.61129983099775,0.17093308765818893
3.8105217158036004,4.700556633133984,2.2054868593480212
-2.9038781036169747,20.032751000461577,0.4003080751163967
-2.7671541353087665,9.128865313825171,1.2732929286741288
-3.588271488887486,19.53589616438157,1.8728350067458504
0.8038005665772069,0.08181917978402067,0.5270089563731233
-2.289028907853391,6.2798088378765975,2.064535977986717
3.702309248457189,12.803246906624462,0.8400264311596031
0.4311464679676381,4.638741483606522,2.01372853450196
3.9847241167849314,2.895181253219039,0.15985107440181434
1.8959728398368116,-0.6519622365847031,2.1791802958299726
2.2311366003369537,13.28136963518443,0.4375462926618713
0.1875586458863815,17.244206542116366,0.39331306181036624
-2.410089288236678,6.9839845382072845,1.55399494611486
-3.978188222178153,5.037905721624251,1.9328435422816803
3.876653263731,2.5006729339889526,0.23353812251132774
3.419116747033856,9.948194926045856,0.1800941336484433
-3.469162372596872,5.365965919555196,2.0351754887631004
3.8821979080498834,0.8409903155746896,0.09749853120267724
-1.6333561433774333,-0.6208427918163747,1.7493021928516677
-2.500068702197127,20.46096168587008,1.7840623005143947
-3.9311284742006745,7.153177586189327,2.2194906177411498
3.478735438949513,21.144157850913356,1.5114197666985032
0.4622342611449494,6.500181576071214,2.121385878453227
3.256375289251206,18.136695363648684,2.000705077282442
3.3712016641055587,14.649464289925314,0.1563563175764096
-0.07864564842359466,18.93900663311203,1.4975887247449
3.9868808663881676,19.64407920352291,1.772859013136331
-3.87609534524702,2.764740599027925,1.0600855430583838
1.6036754790028374,1.7026851590519938,1.6028250151461614
0.5983342494853965,8.3534467644097,1.725398864279399
-2.5666192907341117,6.569438459947825,2.083500822469917
1.0535674014030576,15.606323548895727,2.0015918772429497
0.09794411433511307,18.830579848636045,2.2865291728764356
3.9927923322556627,18.007322602252316,0.01802910235978348
-0.9775070035510633,16.876852254405204,2.222902257664038
3.98999084133244,-0.4347477494892791,2.3109010247297146
-2.2605295703266033,5.115638486374447,0.6622568108451441
-2.6632159491575202,0.7223240047495145,2.095106343698379
2.169875189210109,15.422360594290842,2.060217701486283
1.8058002175733274,19.940024411193505,0.32592385386252226
-3.9296798883434167,19.3092166266227,1.1480315669072056
-1.9214323463175433,4.445208529639129,1.1109545992259355
-3.5983087790011443,2.7594933087812463,0.623835941219848
-3.9995915382842453,15.115326265587932,0.332822155857068
3.8770171805793954,0.5324045248813857,0.2665081781805046
2.9178002504754037,5.734009538095917,0.784101569208948
-3.498575782211367,8.690908410235997,0.7457916713246587
3.9679392229765442,14.23292483198022,0.040617831754375416
3.458407482919194,18.38995570183224,0.5073760647212893
3.5739410479131273,20.126574059229487,1.9776736036363678
1.6829698726808942,20.65794974669267,1.9768911622598275
3.9963027444238426,0.007229223364239005,0.053798959333313696
3.8538401051087723,4.28362044844287,1.9920266286252728
-2.0833388135676376,16.000654241753292,2.172122763058609
-2.813138330757991,19.224034833889473,2.077944057084463
1.706597539613588,0.6060931054778602,1.4263270870065943
3.5241215913721597,9.232090301625137,1.0260908248568277
-3.8691156393302655,16.766489484951155,0.25036227609927236
-2.5567189423567624,1.247998744556757,0.3913955384746023
1.4580190738097327,0.2002340993473723,0.26163328019643034
-3.006484769264244,0.47534229710841935,2.366730491137206
3.7292641025212254,8.4193413880648,1.8887572748788397
-3.7663600976040383,7.479504281168499,2.1867356376329123
-3.9980511457408374,1.5532966471436613,0.5279381936342299
3.9019411745100427,19.602165287858124,0.09242825731485035
-3.3955529850420043,16.460590606263573,0.7922556936561373
-0.6572776350466177,19.787371288580083,1.9561784890457876
1.6110127995707888,19.421447547276195,0.35616132089420327
-0.35721835654019096,2.961782802478008,1.111855099634215
-2.572704612515382,2.3884956494867424,0.7256944803922724
1.416547023263292,16.026606131862827,0.2661544706507399
0.8984636241731832,0.31771690045955703,0.21383405040907116
0.18606678038716543,1.5419056578746482,0.15031634831302643
-1.8372569237990954,9.487258870956936,1.9433415354435215
0.2411899858705999,20.962111026608095,1.594026331150618
1.790121156489196,6.0847518145322645,1.628996856451828
-1.6597053005880333,1.6938631569269254,2.0986506526372013
-0.8096205549225944,17.955486599547605,2.0989264476214804
3.347767440246391,7.050280671722822,0.4875666817282201
-3.9602312343470247,18.354471098816003,0.4423486331828673
2.9268741010444126,19.496261177178912,0.16732879939682346
-3.9291509411203878,17.857000558308744,2.008813742900528
2.776812103331721,5.273881169356039,2.242512400085494
-2.8367319463863696,19.67899633502944,0.5484174143510777
3.359800973016333,10.994882554132138,2.1525508018679305
3.417840568962538,15.85224027922143,2.0384944999917134
-3.7198763379940227,11.415028095738041,1.8183375320852668
0.8621987007526744,19.046355012439776,0.3960617605484029
3.478041975960225,19.29689544416885,0.5333262500492529
-3.8829002754135824,0.9972232990623447,0.6004870355253366
-3.961751415442732,5.055680787315779,0.48502682262163854
-1.5010835607967592,9.988895676694689,1.054235735425968
3.28263776685563,18.444578568778926,0.1517065216484549
3.2621911760225353,17.315876141615178,0.3821811996029711
1.8415216466078854,1.0612230441022426,1.2320914220213917
2.8882054134738535,2.1486542569838956,0.303364945081789
3.951701161262961,10.217789268797686,0.1799074945626909
-3.871736497840509,20.26709243029454,1.5841392548288784
-3.8240656467308467,0.8221665581327792,2.031976843629945
-0.7121108706586166,18.866136325474827,1.3604273079541036
0.22835081960105894,5.054384627957219,0.5846210321160062
-2.3982992478851415,4.332691146967534,0.7809241527517239
3.783680698541641,18.729885230415103,0.1690809121096918
-3.9131620481673703,16.20734197187189,0.30129042738785594
1.203072042661462,20.55291777236809,1.3268761137282485
-3.5176289201027724,-0.5978086411003174,2.276659755434706
-3.994082927092493,3.1398366503922093,0.78854908484686
3.975891587463495,20.726298948509417,1.4526349633201041
-0.07148387941439913,19.659176445932907,0.3862453949249214
3.8402351572673368,3.748237178733616,1.9856658806744147
3.884684274757377,3.6276052392909164,0.06510621348636667
-3.59130968025342,17.726937388835385,1.8820933991696338
0.2760071647439888,5.522176970413066,1.7600909516324268
-3.091822421279661,19.01865117012899,1.1461680819678
0.23196689785594166,18.636160753417833,0.619526691935248
-3.895273688066559,6.9980042590977645,2.0036010710932657
0.7662119051231843,1.45237495637852,0.3867273113287733
-2.639801674811745,6.986129420498689,1.6204569686258843
1.860544000078621,4.096580394206781,1.6672217988475095
3.997957979285935,19.7661472054889,0.024731932933567964
2.881116443624564,18.708210260125455,1.7223769447289055
1.8026336324957308,12.522317429334413,1.9407187068421632
1.5057053125499449,19.400268831306537,0.9052959365267633
-3.9920405207836294,15.357687797730168,0.37559637828501563
1.265221376000325,7.859113109014373,1.3786375853705486
-3.5394953160476534,5.288297454071305,1.5617380894200066
3.9226411696462615,18.275083702006462,1.1497207848969944
-3.380964085738619,16.723128613462684,2.0254537725591857
1.6316990858870515,5.458176413655657,1.9786987587739229
-3.941538807138763,21.651680614986674,1.9798666136623608
-3.676118025908699,14.335193072161907,1.998391341974065
-3.098365582353888,16.94234337492651,0.8455803070270536
-3.0690938028978465,4.492064283230323,2.0474280489958225
1.0040676055021358,2.828653531458279,1.5573233108187434
-3.845012737801881,2.9991972639344255,0.4562182937300588
3.7960555530670277,13.006554414279766,1.9200777778917117
-3.997886332066724,2.062552750454753,1.6348136460616316
-2.9130400798403397,18.560069091669835,0.9740887122265256
-2.3782051408343863,3.40731889539543,1.6012332213156526
2.819544446052013,-0.5014041995543765,2.298554602478141
3.9744230366861926,5.383218850230249,2.0353543940331007
3.993840357052863,4.827489786428329,0.20047425537976565
1.1318541602163608,8.899486178715993,1.962325745442834
-3.9956680990263425,9.578219524537861,2.3368367804502608
3.9217407452008834,19.915059350199726,1.5095004112120318
3.968820482666965,4.469153365157634,0.15746843974959668
2.397053405729107,12.06222978121696,0.45237301757424
1.6948847188369687,19.55586815916188,0.6196921350633534
2.3746335684346684,11.18552695385145,2.266492312723873
3.9718857247616786,18.243893833717593,0.019509470174728843
3.6678646971261495,0.7683666256586937,1.4737486452959276
-2.6038962369134975,20.076620556522226,0.41824885396585215
3.9315274777931695,7.441435246086211,0.0657835140427235
3.627305528384762,5.596830885969528,2.007486925028953
3.585967364253812,7.958025324841591,0.45697220315563036
0.2837110314606142,4.67127675410858,1.233954058551646
-3.6322352482333176,7.519775242011058,1.9186678638456958
3.768355139113378,17.311724556391564,0.7370660164816691
2.6618369009935408,1.7449301984347962,0.7346007829697886
2.729832100218349,20.255172838549154,1.9619276129189875
3.7556810222215553,1.979269798916455,0.3400675629223141
0.6805212607880068,4.342442063339829,0.7249499956908344
3.950255015220383,18.06166606518253,0.0387046598342294
-3.3335931561002554,19.218846398582603,1.3323594524719908
3.1475895438814807,13.201091386920856,1.1816008719662778
3.882039117848861,-0.3766981142171302,1.4202204087110744
-2.054984832778495,14.487697338376252,2.3390763125416454
-2.3500604396219473,1.0725578988990356,2.1477211439109896
0.272489760638215,20.351647952473012,1.4470138172495906
3.978087164383937,12.05002134739378,0.1623409100885202
-2.4056929522928616,7.8842247935351075,0.3374319471035838
2.708098575887494,16.28648018522438,2.0749648526738316
-1.6976412173125788,2.912418044725925,0.5884971033936603
1.020667239278064,6.030152706702333,0.4828083195184078
2.2099956189819263,5.666438032599632,0.2537785881618213
3.877311926746175,0.38613784797108175,0.09528744346415503
2.4108690585176435,18.7132962395627,0.7411821894655753
-1.9776978907331877,0.7044751133912762,1.640022760585468
1.466475782507292,1.395153697504194,1.4344701514015747
3.9328053741825797,12.459594120970749,0.0412988985079935
3.2188367117677195,11.13782579772174,1.3764400956208758
-3.9652094917204077,15.704996585278025,0.438230944956209
-1.5235653674243697,16.759840138417015,1.209197820696711
-3.2558766119432336,4.986337629830495,2.1644678969937825
1.0544521373807667,20.968774611128605,1.4007651429272086
1.3615281180995953,0.47667859996860307,1.723567730194813
3.889506491599454,0.6820634522999445,0.14042012064224674
1.839001890881567,5.593200773122705,0.86213638058531
-1.4794311652131409,19.70369391173824,0.301322544046872
3.9975957012574237,18.775498892788953,0.05949724804613071
-2.653660876502989,14.034931305002129,2.23031708078677
0.7536886730427348,10.15926972884987,0.6196618197070746
-2.7003751101639963,5.867720092267877,2.3421566624491357
3.1722334036266924,7.693154496077003,2.0611156165224647
-3.9903654894067393,-0.09768566739821466,0.7748409035510982
3.9987531565309893,18.102308494709785,1.3968908826644733
-0.19590051922913676,6.721119014781515,1.7657297735743405
0.852194881275867,10.75114157177547,0.32610641454781825
3.7586926238828853,6.96096838941491,0.09792976730848599
2.498171250939348,11.921227265842539,1.9797193066034275
-3.9676880313698937,1.7489361922469155,0.34322576452561604
3.1572850231020917,19.275398133435157,0.9947454491895276
1.2658545626892874,18.064273255642885,0.36325224527937566
-0.33382688894559165,12.643036598061075,0.2890696287402532
1.1872562114120024,0.12791270970575158,0.38590653888557325
3.9589649776689684,12.00112086626062,2.2357920810734706
2.5049365038674822,19.70584999746652,1.643176840633967
2.2666747116140575,2.520833837574401,0.6946527612566135
-1.9747004909085486,8.545989815487417,0.9712898332031847
-0.808997783775303,5.731150876340906,2.0611667134467977
0.8430517031456158,18.5780764014675,0.9583757981399117
1.1348719678424337,14.785857880857932,0.7680819577358154
3.7868793689237283,0.04256492617318726,0.17250715397814165
-3.5089750401962205,4.311270921036284,1.9415463278144942
-1.967429528117299,3.7322728941920307,0.8251106873352092
1.4409338813788588,0.3559665218330804,1.2348770049906377
3.977793775635418,9.25702333553828,1.184494080089008
3.480226885688132,21.099226661563414,1.3564129463071306
3.917848769927777,1.6185956457043138,0.09477674919723504
3.331201807645882,16.53846847402973,2.0397141990666974
-3.351587499681211,3.7093419989878313,0.8138365222698629
-3.3329314961577095,2.4053680629885466,0.28097349183254255
1.1249924488727492,2.901766853239851,0.6152780691709174
2.2144456428920445,0.5183521070849552,0.61841539685541
-2.695936808776615,12.378703003734355,0.38565689865475755
3.8859452951054125,19.140964233056135,0.08663549766295367
2.9190225270022494,20.078045757961366,2.0518796831835564
2.168864918575772,10.525451935556122,1.7675403318529646
2.602941474985514,14.910028393277367,1.7914600865807682
-3.9705775319235213,19.647104513017826,1.997620155412121
3.9487027700422295,19.60556449324524,0.28963632226935654
3.0060628876634956,21.43331626290603,1.7498632846800555
0.7539522222832847,14.357802667456575,1.447389977550559
3.668946212731858,20.330827773858225,1.830067821228822
3.8074754649983262,1.6588591974726308,1.9537613054926735
3.1486136095142645,9.184456215689812,2.2083152411332083
3.9723789299508767,18.386426545088455,0.3224370890538151
0.015964427564039048,18.02581973265192,2.260474814065333
3.749962930015946,19.61600008528282,1.9914439532063835
-1.0612678415145222,0.758220120377135,2.2324819472271864
2.1744444478943707,18.56164004318735,0.8512702107586617
-1.4999490408831333,0.41567106978126217,2.1073099124931667
-3.9430296713539157,19.465823636715704,0.7308645110231109
2.395691015116156,3.460416343666715,2.002291891908646
3.809488514621564,4.024568107460564,1.9289903935410857
3.7689007274946174,0.7908065840715923,0.6575193557648975
3.8857950474128122,19.397165325734807,0.12644129253503553
-2.6647533121567295,7.489926574043383,1.7844439015389575
3.999823807226527,19.56744948273437,0.007102709147470798
-0.3558165726085272,1.239432044659123,2.0182662565122227
3.947585628152107,0.07244597533465441,0.23167419001897943
0.16671889636243156,3.3895067914888104,0.6078299618657144
3.5010128948489627,17.06282275672024,2.236210363572155
-2.384100536630317,20.20838230802007,1.2610350856942485
-3.0565121246290046,-0.30344174210924296,0.9773854411640851
-2.7075461001307852,19.27380806391918,1.788111644426566
3.9997706877771178,0.47577325057480857,0.21841146452849527
-0.2438559342491141,19.101761498966777,0.3819919658627169
3.8318289091544884,5.978092729541208,1.2173232753442598
-0.61875819727489,16.320526692672992,0.39139807896384904
-2.6807559589390952,18.52963574899585,0.7298880682669996
3.9346165674648015,15.078005643678521,0.3079022833103433
0.9313388563577395,20.08763872603317,1.041812491302654
3.9916659885250545,9.582978129554844,0.1230200711445798
-2.991708657245456,9.145636482992984,0.40091446710356404
-2.690908795677479,9.432809678672257,1.8452992174821092
-3.0148988532919136,7.722347885177957,2.135770245925534
-0.21169082875952608,0.9534310688836813,2.1096978237908566
0.5791769707258025,2.638479771902316,2.0125254931522853
3.9779381582718485,0.7526593664250375,0.2548669801834968
-2.0878302262441206,1.774460559163397,1.8903649849643827
-0.8848398267097759,14.54788248461176,2.358580270076018
1.8755419906195299,3.3342217604292004,1.7526725609371148
3.7416863344973548,1.0276351207596868,0.5009021037089698
2.5193661582900284,19.78371152509713,0.16990550080908137
2.6459496086605014,0.22929755819861655,0.2140450300604191
-2.6917500019730567,3.3861200456061273,0.24614585294165864
3.879800521224638,1.7819776864389492,0.13433528293771782
2.91855142020561,1.0676520878275813,0.5177652984907171
-2.811975624027709,17.76797496533848,0.49345997578749506
3.9450642442052812,14.101975192483692,0.09752121200565737
-3.5309873807494596,8.358012690296238,0.45654264064161687
3.9762720429191494,0.9336277105867103,0.24720567812834143
-0.9333220737966974,11.172993461273425,0.5526488380301913
1.6805332453571236,0.9656265152630984,2.1867317296228004
-3.796349439636286,0.621555545444336,2.156136166994575
2.1221170204267517,14.659466864858143,1.3452812960248575
-1.9132282564668208,17.509762548624273,2.1603290518180263
-3.8284966063817736,18.699032955042586,1.838236308408186
-1.2136935227620922,20.361516046931225,0.6483406103882688
3.8927101788891094,8.304766491513455,0.09972589498395959
-3.5238425810277327,3.993386372689778,0.6447989242888086
-3.9810881886875267,6.9126276623967495,0.7800512436645338
-3.8844208273464353,19.348586824317778,1.4533772015888218
3.9605207931938384,-0.005701229837460117,0.4769034352248268
3.8863956560275548,1.3202735341593566,0.27495389717946034
-3.6821234438645307,13.30036429886294,0.48471212912377715
-3.999107328746616,20.174899676515913,1.277244797544044
-3.5821502690929443,-0.07709010769513645,0.6970890511250657
2.483935049136184,19.849907102923478,0.18688213482785365
-3.1330986199215856,0.7414984437214652,0.7043639513763047
-3.6400615348008145,16.119017601679985,0.3176318877765979
2.248340666211964,4.232157212394625,2.0014641222833602
3.979646338532998,19.185106845752465,0.047002135950142375
3.9040578790442217,5.332420448148023,0.24939362436595416
0.5653689616499328,5.683299314551089,0.9834194376869325
2.9632025803829913,5.58763682101704,1.118814766716643
3.673136755067493,8.655916007985622,1.951486709976906
-2.9268532828093536,19.573364627148255,0.6431828062087889
0.5915790230483978,2.1990252259998844,2.0231070530389714
2.891918984138051,0.05438616696475904,0.09694512572325681
3.9990432630542703,0.7474028088736054,1.3926088884980394
-3.995094855972237,9.358119961559703,2.1611134228605287
3.186092205740029,3.5827863596180998,2.1326834011939324
2.9823383330888373,3.393463269316563,0.6902148809789344
3.681141191136096,17.96414769191426,0.7015319989197216
3.8779952574486627,15.794055553985475,0.09836318708135064
-1.6015357465538753,13.581943473254112,1.949243351027043
-3.970904789178089,18.94846375159001,0.37120401340817233
3.9772556310057112,0.026554666612528758,0.054872422825065825
3.9928095963138346,20.05954856246339,1.7371091918066186
-3.919756347128145,0.5687714459808422,1.1371177384286364
3.5167798939443267,0.09074779148363099,2.1551317358742845
3.0858574415877107,6.70794635448418,0.19581933229062592
-2.969161212778857,19.482382186051268,1.396858843255766
3.181725308991481,13.655270741655292,2.3485440805465263
-0.2012611792107882,19.31598378100347,2.0960206195252225
2.4951045835364143,21.185387803942024,1.6728003528262132
3.9288875698798633,17.542526197641948,0.03056671046585419
3.716114427186794,18.28428635914838,1.1817156356507499
2.301915485158541,15.39024021576755,2.2408047151971537
3.7343946120122045,2.6769444473150354,0.15590863076085634
-3.6379401649919725,1.5479229365740843,0.9426631764832357
3.5002126544680285,20.811567171204135,1.7424505381051447
3.9897837450238476,1.8473231999947894,1.765132675552216
3.9929718746946676,19.555204438570414,0.010958080046697485
-0.6049820377309875,3.2219567610260085,1.8601159768674194
2.9691438145952147,3.361322706336179,1.8247033781029933
-0.4500953964161466,1.0967038333759467,0.698130565556559
0.3225710867437022,1.1501404175849805,1.4054713842432793
-2.859017790248314,4.15002806710868,2.242847748209201
-2.0456896431732527,6.166350624551942,2.174595337883506
2.399264160162857,0.9654551794273105,0.5297249025705391
3.804291216272795,5.867214064424113,1.9712089254135579
2.1786878768567157,8.10922866554811,0.6312356465800238
3.8149662432573854,12.392704125700268,1.9992260328063534
-2.3789223329215865,3.6885201680263964,0.29860077741456614
-1.7722063846575538,17.21432527423079,0.40175116431602975
-1.534362516332363,19.1847054051236,1.715006390469837
3.985085874513979,8.563707206455597,1.928718956037691
2.0683882803754594,6.399377521102998,2.348326224822327
-0.5125212397890716,18.56002916733724,0.9196561760806222
-0.5406056558960344,8.362361470525725,0.390295317931371
-2.2321738140440996,5.286861998385686,0.33125531475975784
1.291564021632937,10.211147903482429,0.38813918198549174
3.8802227295782306,0.22166648666084,0.23445891787573261
-2.1092042373157946,1.2751716861752442,1.3443183110709436
-3.1498711255500353,1.8169527269935124,2.0217809572538585
2.057257941973563,17.708360553090067,0.18940682932139458
3.8146138030120156,18.07049354200012,0.2510390018619012
3.7733385853619046,4.545104168427253,0.16757992543149733
-0.7507057761466849,19.918579194048796,0.9940138722386739
3.977883665601543,17.371543797175967,0.23064202551310337
2.099146214903088,6.5791080022590025,0.5073372907079023
3.1711029358682485,11.145939590806499,2.1401938375985727
-2.7406225733337344,0.3825948459698675,0.6692166850981397
0.4345941160823422,3.2989400224799894,1.3015044993343492
3.9406916982495224,4.498230988380748,0.10861082861178667
3.912790784448089,16.103598878530473,0.06501200310650497
2.5710464283804333,13.746809900114409,2.3422076720675076
3.9886029537575833,6.336665219729398,0.08336181134736695
3.1161681851236556,21.660438349673772,1.9289311331786276
3.961224055725304,19.73227827066152,0.15621395364551277
2.5027754429223847,3.269146188153434,2.3350558279705433
2.8651235294558335,15.242024597722645,0.41335925019404185
-1.002500490722881,1.3490387254041327,0.7920012675731211
3.9048816157862833,8.980760479362454,0.2165482719586001
-2.704668168179296,20.55088921536964,1.9540753061811114
3.9500026570610154,19.65035117660589,0.4850710621008795
2.1758576102612395,2.6036407386332323,1.1457949145035449
3.450795203695314,6.3984183715531175,0.060285341247540376
3.2255912828321636,4.047013993029065,1.5450656329612766
-3.370433274876173,2.585189980965411,2.1871799070990763
-3.829163840416302,12.671709696176139,1.5680861493501075
-1.310087840495793,21.553742183960388,1.9038069812282084
3.992365870018927,0.21680703526544845,0.17810896149555566
3.8985055719801265,1.093949598716578,0.2814658907733881
3.5504060454286726,2.7915660845823016,0.2811168341612035
-2.9406840652751116,12.599974057972348,0.4409625178107353
0.9215841495306851,-0.5379089618993945,2.3371874268394137
-2.8063234742919327,17.12758923386758,1.945867707031295
3.9875265701166747,18.290975934795735,2.020722188982338
-3.056240230273953,0.7332247015233175,0.6393508624071382
3.425457228337244,19.710333625177523,1.2672004044655678
-2.616500758422873,5.884702506732753,1.1085262010938892
1.2933695439358397,5.366891660305599,0.2026054799545982
3.989687574464754,3.5318510976426305,1.3976688054911828
0.10626983366743871,20.96265974599567,1.8280153617921069
-3.0812458901508943,5.162059446671366,1.5767072371427704
0.36186675319236494,19.873695385453967,1.9839602247932784
1.801900608671173,2.774415595502984,0.4951129590021677
-2.7943979507713443,0.25107548947428804,0.4348557118820786
-0.8293536854185038,19.830895418398864,1.0809211197671322
-3.9185806670362275,0.03607971099173124,1.7602396171673995
3.9982865125968594,18.835559039208196,2.1117603328037773
-0.05582028359222996,3.126889100170274,0.45352376845190984
3.8781632389669376,0.05137776155648559,0.12426987293695359
-0.32836474914883024,19.867053213170706,0.4803094478980659
-3.8505365874258337,6.518609241355588,0.2751284856985795
-0.36450480901734894,16.245270194873786,2.2511785724954114
3.1144865561684476,6.446690964237974,1.0569053789505891
3.782129152631971,17.244284634877513,1.3798360908940772
3.9084212852693967,1.7091716757225237,0.21380359218204065
-3.957549107440661,19.94654811064611,1.4834900729613019
3.950132080057148,11.29792225705545,0.24151180522377563
1.0519139241135997,0.012399722009819467,0.37631651070503247
2.6047270510088523,6.37789138005464,0.07132035030669759
2.4502101245223518,10.873766055588838,2.349188753971615
-3.7977935990103275,10.407241366821896,1.1105526374521701
1.0024173326408772,14.128914103555463,1.7652529621105775
2.3392635203923344,1.0120031383423889,0.6687332618893558
0.8499681102660784,-0.5697449791063889,1.2448401822030033
3.960966972884687,2.8140182605806685,0.035893030507091944
-1.7027361643813745,-0.12959527651509692,0.8353352163139017
1.309066799587212,10.861589665321219,1.5778655954155911
3.5875631514051953,4.309495670112674,2.0115113328510197
3.9996833955382085,0.08577106384853068,0.06921646491468683
3.8860557262335216,5.332076503054544,0.27882404066944144
3.733497872376977,2.692851603905263,2.110417546342901
2.3200173471515977,0.260588448425644,0.6712331111235895
3.311910663105993,19.704807588126496,0.797074192818888
-3.8545349569277225,-0.6338982757874725,2.330426470155115
-3.9799185406616067,17.72575684350385,0.7940676276295837
0.45369056686954673,-0.5932460454107226,2.314859379812808
3.9381452477912124,18.455343785166896,0.039664750846946394
0.41042212922756016,13.501644601610598,0.6710624233012956
3.4722234218474664,1.007657974153945,1.8816375770812233
1.0369643028957312,-0.39363580698355793,2.084422359647412
3.9861071133576713,18.472184016567613,1.7542041630366425
2.72859248571417,16.15267049647494,0.3402223314509973
1.1534774152889167,18.920072351710193,0.4213571157712545
3.9334064835907485,17.893957486959444,0.1441443829364505
3.726985675198824,13.296593040736225,2.2449865919041
-3.9813206274871837,9.499766747889485,1.1964494971571826
-1.4644760010664448,11.042037427803676,2.094704020605402
2.6714917372666234,3.5726605434483805,0.755085083543984
0.4123477125371701,6.055899074261889,2.0184036284101188
0.7168375942628376,4.166041436322911,0.6708731880808276
3.914852008628017,0.3971845586457655,0.26494686913892695
2.8953334211415727,5.17137178386632,2.2834751999100713
-3.5212242125054245,0.2218094631677775,0.7960153142837509
3.9957127530681995,19.764364669100935,0.03433789923396718
-3.382797147348325,17.772142986882198,0.27425399538964534
3.3326307730198805,0.10021547179935396,0.22377950809010824
-3.514947008331984,5.287604345509457,2.136031683447005
2.250125554742765,12.25694010138427,0.146819820682911
3.9650560076259556,14.234241994607105,1.7041957788214175
2.244511729501274,16.280799238919126,0.41731758242042477
